timestamp,event_code,parameter
1785610801.6,82,46
1785610802.4,82,17
1785610802.4,82,36
1785610802.6,81,46
1785610802.8,81,36
1785610803.5,82,2
1785610803.9,81,2
1785610804.1,81,17
1785610804.3,82,35
1785610804.8,81,35
1785610806.4,82,34
1785610806.8,81,34
1785610809.9,82,26
1785610810.4,82,33
1785610810.6,81,33
1785610811.5,81,26
1785610817.0,82,30
1785610818.5,81,39
1785610818.6,82,3
1785610819.0,81,30
1785610819.4,81,4
1785610819.6,81,22
1785610820.4,82,43
1785610820.6,81,3
1785610821.2,82,8
1785610821.4,82,29
1785610821.6,81,7
1785610821.9,82,7
1785610822.0,82,40
1785610822.1,81,7
1785610822.6,81,40
1785610823.3,82,7
1785610824.8,81,8
1785610825.0,81,38
1785610825.0,82,40
1785610825.3,81,43
1785610825.6,81,29
1785610825.7,81,40
1785610826.3,81,7
1785610826.4,81,24
1785610829.4,82,28
1785610830.2,81,28
1785610830.5,82,48
1785610831.2,81,48
1785610832.5,82,47
1785610832.5,82,48
1785610833.1,82,39
1785610833.2,81,47
1785610833.2,81,48
1785610833.3,82,47
1785610834.1,81,47
1785610835.8,82,47
1785610835.9,82,48
1785610836.5,81,48
1785610836.7,81,47
1785610837.7,82,43
1785610837.8,82,30
1785610839.1,81,43
1785610839.3,82,46
1785610839.6,82,17
1785610839.6,82,47
1785610840.4,82,2
1785610840.8,81,47
1785610840.9,82,48
1785610841.5,82,47
1785610841.7,81,48
1785610843.1,81,47
1785610844.9,81,2
1785610844.9,81,46
1785610845.0,82,46
1785610845.8,82,2
1785610846.8,82,47
1785610847.0,81,46
1785610848.2,81,2
1785610848.2,81,17
1785610848.3,82,46
1785610848.6,82,17
1785610849.2,81,47
1785610849.2,82,2
1785610849.9,81,46
1785610850.1,82,46
1785610851.5,81,46
1785610851.6,82,22
1785610852.6,82,4
1785610852.9,81,2
1785610852.9,81,17
1785610855.2,82,41
1785610855.3,82,3
1785610856.3,82,46
1785610856.6,82,17
1785610857.4,82,2
1785610858.4,81,46
1785610859.4,81,30
1785610859.6,81,17
1785610859.8,81,2
1785610865.4,82,30
1785610868.3,81,39
1785610869.2,81,4
1785610869.5,81,22
1785610870.6,82,48
1785610870.9,81,48
1785610871.1,82,43
1785610872.1,82,8
1785610872.3,82,39
1785610872.7,82,47
1785610873.0,82,29
1785610873.3,81,43
1785610873.3,81,47
1785610873.6,82,48
1785610874.2,81,48
1785610874.4,82,43
1785610875.4,82,19
1785610875.8,81,19
1785610876.4,82,47
1785610877.1,81,47
1785610877.6,82,46
1785610877.8,82,48
1785610877.9,82,17
1785610878.0,81,43
1785610878.1,82,38
1785610878.2,82,24
1785610878.4,81,48
1785610878.5,82,47
1785610878.8,82,2
1785610879.1,81,8
1785610879.4,81,47
1785610879.5,82,43
1785610879.8,82,7
1785610879.8,82,48
1785610880.1,81,48
1785610880.6,81,29
1785610880.9,82,47
1785610881.3,81,38
1785610881.3,81,43
1785610881.3,82,40
1785610881.3,82,48
1785610881.9,81,47
1785610882.0,81,40
1785610882.0,81,48
1785610882.3,82,47
1785610882.6,81,7
1785610882.6,81,24
1785610883.5,81,47
1785610885.0,82,47
1785610886.7,82,36
1785610887.0,81,47
1785610887.3,81,36
1785610887.6,82,19
1785610887.7,81,41
1785610888.0,82,41
1785610888.6,81,19
1785610888.6,82,48
1785610888.9,82,42
1785610889.3,81,48
1785610889.4,82,35
1785610890.0,81,35
1785610890.6,82,31
1785610891.9,82,8
1785610892.0,82,36
1785610892.1,81,3
1785610892.3,82,34
1785610892.5,81,36
1785610892.9,82,47
1785610893.0,82,3
1785610893.0,82,22
1785610893.1,81,34
1785610893.8,82,4
1785610894.3,82,35
1785610894.4,82,36
1785610894.5,81,47
1785610894.9,81,35
1785610895.0,81,30
1785610895.0,81,36
1785610895.2,82,48
1785610895.4,81,41
1785610895.7,82,30
1785610895.9,81,48
1785610896.2,82,41
1785610896.4,81,3
1785610896.9,82,35
1785610897.1,82,34
1785610897.5,81,35
1785610897.5,82,3
1785610897.8,81,34
1785610898.2,82,29
1785610898.5,82,36
1785610898.6,81,30
1785610899.0,81,41
1785610899.2,82,26
1785610899.3,82,35
1785610899.4,81,29
1785610899.5,81,35
1785610899.5,82,33
1785610899.6,82,47
1785610899.7,81,36
1785610899.9,81,3
1785610900.0,82,34
1785610900.8,81,34
1785610901.1,82,48
1785610901.5,82,35
1785610901.7,81,48
1785610902.2,82,29
1785610902.3,82,34
1785610902.6,81,29
1785610902.9,81,35
1785610903.4,81,34
1785610903.4,81,47
1785610904.0,82,48
1785610905.4,81,48
1785610905.6,82,34
1785610905.6,82,36
1785610906.1,81,36
1785610907.6,81,42
1785610907.8,81,34
1785610908.2,82,28
1785610908.2,82,47
1785610908.3,81,47
1785610908.6,81,28
1785610908.6,81,31
1785610908.6,82,35
1785610908.8,81,8
1785610909.2,82,34
1785610909.6,81,35
1785610911.6,81,34
1785610913.0,82,36
1785610913.8,81,36
1785610917.2,82,35
1785610917.3,82,34
1785610918.2,82,30
1785610918.6,81,35
1785610920.0,82,3
1785610921.2,82,48
1785610923.5,81,33
1785610923.6,81,46
1785610924.1,82,33
1785610924.2,82,46
1785610925.3,81,48
1785610925.8,82,48
1785610926.1,81,48
1785610926.3,82,48
1785610926.7,81,34
1785610926.7,81,46
1785610927.4,82,46
1785610928.2,81,2
1785610928.4,82,2
1785610928.5,82,34
1785610928.9,81,33
1785610929.3,81,48
1785610929.5,81,46
1785610929.5,82,47
1785610929.8,82,33
1785610930.3,82,46
1785610930.5,82,36
1785610930.7,81,34
1785610930.9,81,36
1785610931.1,81,47
1785610931.9,81,33
1785610932.1,82,33
1785610932.2,81,46
1785610932.6,82,35
1785610932.8,82,36
1785610933.1,81,35
1785610933.3,81,36
1785610933.5,82,46
1785610933.6,81,2
1785610933.6,81,17
1785610933.8,81,33
1785610933.9,82,47
1785610934.0,82,17
1785610934.0,82,48
1785610934.6,82,2
1785610934.8,82,33
1785610934.9,82,34
1785610935.0,82,35
1785610935.3,81,46
1785610935.5,81,35
1785610935.7,81,34
1785610936.1,81,47
1785610936.1,82,46
1785610936.6,81,2
1785610936.6,81,48
1785610936.9,82,47
1785610937.1,81,33
1785610937.1,82,2
1785610937.5,82,34
1785610937.6,81,46
1785610938.0,81,26
1785610938.2,81,34
1785610938.2,81,47
1785610938.5,82,38
1785610938.5,82,46
1785610938.6,82,24
1785610938.6,82,26
1785610938.6,82,33
1785610938.9,81,2
1785610939.2,82,47
1785610939.3,82,19
1785610939.4,82,2
1785610939.6,81,19
1785610939.7,81,47
1785610939.8,82,47
1785610939.9,81,46
1785610940.2,82,7
1785610940.9,81,47
1785610941.2,82,47
1785610941.3,81,17
1785610941.4,81,2
1785610941.7,82,46
1785610942.1,81,33
1785610942.2,81,47
1785610942.4,82,17
1785610942.7,82,2
1785610942.8,82,33
1785610943.1,81,46
1785610943.6,82,46
1785610944.5,81,2
1785610944.5,81,33
1785610944.8,82,2
1785610944.9,82,47
1785610945.0,81,46
1785610945.8,81,26
1785610945.8,82,46
1785610946.1,81,47
1785610946.2,81,2
1785610946.9,82,2
1785610947.7,82,47
1785610948.0,81,46
1785610948.2,81,2
1785610948.4,81,17
1785610948.7,81,47
1785610948.7,82,19
1785610949.1,81,19
1785610949.7,82,47
1785610950.2,82,48
1785610950.6,81,47
1785610950.9,82,46
1785610951.1,82,19
1785610951.2,81,48
1785610951.4,82,17
1785610951.7,81,19
1785610952.0,82,2
1785610952.3,81,46
1785610952.4,82,47
1785610953.1,82,19
1785610953.2,81,47
1785610953.4,81,2
1785610953.5,81,17
1785610953.5,81,19
1785610953.7,82,46
1785610954.2,82,17
1785610954.3,82,47
1785610954.8,82,2
1785610955.1,82,48
1785610955.3,81,47
1785610955.4,81,46
1785610955.6,82,46
1785610955.7,82,19
1785610956.0,81,19
1785610956.2,81,48
1785610956.8,82,47
1785610957.5,81,46
1785610957.7,81,47
1785610957.9,82,46
1785610958.1,82,48
1785610958.7,81,2
1785610958.9,81,48
1785610958.9,82,2
1785610959.1,82,47
1785610959.5,81,46
1785610959.9,81,47
1785610959.9,82,46
1785610960.8,81,2
1785610961.1,82,2
1785610961.6,82,47
1785610961.7,81,46
1785610962.2,82,46
1785610962.4,81,47
1785610963.8,81,46
1785610964.3,82,46
1785610965.1,81,2
1785610965.5,82,2
1785610965.9,81,46
1785610967.1,81,2
1785610967.1,82,46
1785610967.2,81,17
1785610967.6,82,17
1785610968.1,82,2
1785610968.2,81,46
1785610968.3,82,46
1785610968.4,81,46
1785610969.6,81,17
1785610969.8,81,2
1785610978.5,82,48
1785610979.0,81,48
1785610980.8,82,47
1785610981.5,81,47
1785610983.7,81,39
1785610983.8,82,19
1785610983.9,82,40
1785610984.2,81,19
1785610984.9,81,40
1785610985.0,81,22
1785610985.1,81,4
1785610986.2,82,46
1785610986.3,81,38
1785610986.3,82,40
1785610986.4,82,17
1785610986.5,82,43
1785610986.9,81,40
1785610987.3,82,2
1785610987.3,82,8
1785610987.6,81,7
1785610987.6,81,24
1785610988.0,82,29
1785610988.7,81,43
1785610989.6,82,47
1785610989.8,82,43
1785610990.3,81,47
1785610990.7,81,43
1785610992.6,82,19
1785610992.8,81,8
1785610993.0,82,43
1785610993.1,81,19
1785610993.4,81,43
1785610993.8,81,29
1785610994.4,82,36
1785610995.0,81,36
1785610996.7,82,35
1785610997.2,81,35
1785610999.2,82,34
1785610999.8,81,34
1785611001.0,82,41
1785611001.2,82,39
1785611001.4,82,48
1785611002.2,81,48
1785611002.4,82,22
1785611002.7,82,42
1785611003.5,82,47
1785611004.0,81,42
1785611004.0,82,31
1785611004.1,82,33
1785611004.4,82,26
1785611004.5,81,47
1785611005.3,82,4
1785611005.3,82,8
1785611005.3,82,42
1785611005.3,82,47
1785611006.5,81,47
1785611006.6,81,30
1785611006.7,81,41
1785611007.2,82,19
1785611007.8,81,3
1785611008.0,81,19
1785611008.7,82,3
1785611008.9,82,41
1785611009.8,82,30
1785611010.2,82,19
1785611010.8,81,19
1785611011.1,82,36
1785611012.2,81,36
1785611013.4,81,30
1785611013.8,82,35
1785611014.0,81,3
1785611014.1,82,36
1785611014.6,82,24
1785611014.6,82,38
1785611014.7,81,36
1785611014.8,81,35
1785611015.3,81,41
1785611016.2,81,39
1785611016.4,82,7
1785611017.1,82,34
1785611017.3,82,39
1785611017.6,82,41
1785611017.7,82,35
1785611018.1,81,41
1785611018.2,81,4
1785611018.6,82,30
1785611018.9,81,34
1785611018.9,82,41
1785611019.1,82,4
1785611019.2,82,29
1785611019.6,81,35
1785611020.2,81,30
1785611020.2,82,3
1785611020.9,81,29
1785611021.2,82,36
1785611021.4,81,41
1785611021.4,82,35
1785611021.5,81,3
1785611022.1,82,34
1785611022.2,81,36
1785611022.2,82,29
1785611022.5,81,29
1785611022.8,81,35
1785611023.2,82,29
1785611023.3,81,22
1785611024.3,81,29
1785611024.7,82,35
1785611025.2,81,4
1785611026.3,82,29
1785611026.6,81,35
1785611026.7,81,29
1785611027.3,82,35
1785611027.6,81,34
1785611029.0,81,35
1785611029.7,82,34
1785611030.8,82,47
1785611031.8,81,42
1785611031.8,81,47
1785611031.9,82,36
1785611032.6,81,36
1785611033.1,81,31
1785611033.3,81,8
1785611033.5,82,48
1785611033.7,82,47
1785611033.8,81,48
1785611033.8,82,40
1785611034.4,81,40
1785611034.5,81,34
1785611034.9,81,7
1785611035.0,81,47
1785611035.0,82,7
1785611035.3,82,19
1785611035.7,81,19
1785611036.0,82,47
1785611036.1,82,35
1785611036.9,81,38
1785611036.9,82,40
1785611037.4,81,35
1785611037.4,81,40
1785611037.6,82,48
1785611037.9,81,47
1785611038.2,81,24
1785611038.4,81,7
1785611038.4,82,36
1785611038.5,81,48
1785611039.4,82,48
1785611039.5,81,36
1785611039.5,82,19
1785611039.6,82,36
1785611040.7,81,48
1785611040.9,82,48
1785611041.0,81,36
1785611041.5,81,48
1785611042.7,82,47
1785611043.0,82,3
1785611044.6,81,47
1785611044.9,81,33
1785611045.7,81,3
1785611045.9,82,33
1785611047.8,82,34
1785611048.8,81,19
1785611048.8,81,34
1785611049.2,82,35
1785611050.0,81,33
1785611050.4,82,33
1785611050.8,81,26
1785611050.9,81,33
1785611051.2,81,35
1785611051.3,82,34
1785611052.1,82,33
1785611052.2,82,26
1785611052.7,81,34
1785611053.8,82,19
1785611054.3,82,36
1785611054.4,82,47
1785611054.6,81,19
1785611054.7,81,46
1785611054.8,81,33
1785611054.8,82,46
1785611055.8,81,26
1785611056.0,82,35
1785611056.2,81,2
1785611056.2,82,33
1785611056.3,81,47
1785611056.4,82,26
1785611056.5,81,36
1785611056.6,82,34
1785611056.7,82,2
1785611056.8,82,19
1785611056.8,82,47
1785611057.4,81,19
1785611057.6,81,34
1785611057.9,81,33
1785611058.4,82,33
1785611058.7,81,35
1785611058.7,81,47
1785611059.6,82,34
1785611059.9,81,46
1785611060.2,81,33
1785611060.2,82,35
1785611060.2,82,46
1785611060.2,82,47
1785611060.6,81,34
1785611061.0,82,3
1785611061.5,81,26
1785611061.6,81,35
1785611061.6,82,34
1785611061.8,81,47
1785611061.9,82,26
1785611061.9,82,33
1785611062.1,82,36
1785611062.4,81,46
1785611062.9,81,33
1785611063.4,81,3
1785611063.5,81,34
1785611063.6,82,46
1785611063.8,82,35
1785611064.2,81,26
1785611064.8,82,34
1785611064.9,81,35
1785611064.9,82,26
1785611064.9,82,33
1785611065.3,81,36
1785611065.4,82,36
1785611065.5,81,34
1785611065.5,81,36
1785611065.9,81,2
1785611065.9,81,33
1785611066.5,82,19
1785611066.7,82,2
1785611067.0,82,33
1785611067.3,81,19
1785611067.9,82,34
1785611068.0,81,33
1785611068.5,82,35
1785611068.7,81,46
1785611068.8,81,34
1785611069.2,82,33
1785611069.5,82,46
1785611070.0,82,36
1785611070.1,81,33
1785611070.3,81,35
1785611070.5,81,2
1785611070.7,82,2
1785611071.4,81,26
1785611071.4,81,36
1785611072.5,82,34
1785611072.5,82,35
1785611072.6,82,26
1785611072.8,81,35
1785611073.6,81,46
1785611074.0,82,35
1785611074.1,81,34
1785611074.6,81,26
1785611074.9,81,2
1785611075.0,81,17
1785611075.5,81,35
1785611075.6,82,34
1785611076.5,81,34
1785611076.5,82,35
1785611076.9,82,2
1785611077.1,81,2
1785611077.4,81,35
1785611077.6,82,34
1785611078.0,82,26
1785611078.3,82,43
1785611078.4,82,33
1785611079.1,81,34
1785611079.1,82,8
1785611079.4,82,35
1785611079.4,82,45
1785611079.5,81,45
1785611079.8,81,35
1785611079.8,82,29
1785611080.0,81,43
1785611080.1,82,34
1785611080.8,81,34
1785611081.1,82,35
1785611081.2,82,43
1785611081.8,81,35
1785611082.3,82,36
1785611082.7,82,34
1785611083.4,81,33
1785611083.5,81,36
1785611083.6,81,34
1785611083.8,82,33
1785611084.3,82,34
1785611084.9,81,43
1785611084.9,82,36
1785611085.1,81,33
1785611085.1,81,34
1785611085.4,81,8
1785611085.5,82,33
1785611085.9,81,36
1785611085.9,82,43
1785611086.4,82,35
1785611086.8,81,43
1785611086.8,82,7
1785611087.0,81,29
1785611087.1,81,33
1785611087.2,81,7
1785611087.2,81,35
1785611087.7,82,33
1785611088.8,82,35
1785611089.4,81,35
1785611089.6,82,34
1785611089.6,82,36
1785611090.3,81,34
1785611090.7,81,36
1785611090.8,81,33
1785611090.9,82,35
1785611091.6,81,35
1785611091.7,82,34
1785611091.7,82,36
1785611092.1,81,26
1785611092.5,81,34
1785611092.9,81,36
1785611093.3,82,35
1785611093.9,82,33
1785611094.1,81,35
1785611094.1,82,26
1785611094.1,82,34
1785611094.7,81,34
1785611094.8,81,33
1785611095.7,82,35
1785611095.9,81,26
1785611096.1,82,33
1785611096.1,82,34
1785611096.2,82,26
1785611096.5,81,35
1785611096.7,81,34
1785611097.2,81,33
1785611098.2,82,35
1785611098.4,82,33
1785611098.8,82,34
1785611099.0,81,35
1785611099.3,81,33
1785611099.3,82,36
1785611099.4,81,34
1785611099.9,81,36
1785611100.2,82,33
1785611101.2,81,33
1785611101.4,82,34
1785611101.8,82,35
1785611102.1,81,34
1785611102.4,81,35
1785611102.6,81,26
1785611102.8,82,33
1785611102.9,82,26
1785611103.7,81,33
1785611104.4,82,34
1785611104.9,81,26
1785611105.2,81,34
1785611106.2,82,3
1785611106.3,82,33
1785611106.7,82,26
1785611107.2,81,3
1785611113.0,81,39
1785611113.9,82,3
1785611117.8,81,3
1785611119.1,82,39
1785611119.4,82,22
1785611120.3,82,4
1785611123.9,82,48
1785611124.7,81,48
1785611126.1,82,48
1785611126.3,82,47
1785611126.5,81,48
1785611126.9,81,47
1785611127.0,82,47
1785611127.4,82,48
1785611127.5,81,47
1785611127.8,81,33
1785611128.0,81,48
1785611128.6,82,47
1785611128.9,81,26
1785611129.2,81,47
1785611129.6,82,46
1785611130.0,82,48
1785611130.1,82,47
1785611130.3,82,17
1785611130.5,81,48
1785611130.8,81,47
1785611130.9,82,2
1785611131.1,81,46
1785611131.4,82,24
1785611131.4,82,38
1785611131.7,81,2
1785611131.9,81,17
1785611132.0,82,46
1785611132.4,82,47
1785611132.7,82,17
1785611132.7,82,19
1785611133.0,81,46
1785611133.0,81,47
1785611133.0,82,2
1785611133.0,82,7
1785611133.5,81,19
1785611133.7,82,48
1785611134.3,81,2
1785611134.3,81,17
1785611134.3,81,48
1785611134.6,82,46
1785611135.1,82,17
1785611135.1,82,19
1785611135.4,81,19
1785611135.9,82,2
1785611136.2,82,47
1785611136.4,81,46
1785611136.8,81,47
1785611136.8,82,46
1785611138.4,81,46
1785611139.9,82,46
1785611140.1,81,2
1785611140.1,81,17
1785611140.4,82,17
1785611140.9,81,46
1785611140.9,82,2
1785611142.1,81,17
1785611142.2,81,2
1785611142.8,82,41
1785611144.1,82,30
1785611144.7,82,3
1785611147.9,82,48
1785611148.4,81,48
1785611148.6,82,48
1785611148.8,81,22
1785611148.9,81,48
1785611149.5,81,39
1785611149.9,81,4
1785611150.4,82,47
1785611151.8,81,47
1785611152.0,82,48
1785611152.6,81,48
1785611153.8,82,48
1785611154.4,81,48
1785611154.7,82,40
1785611155.1,82,47
1785611155.6,82,48
1785611155.8,81,40
1785611156.0,81,47
1785611156.3,81,48
1785611156.8,82,46
1785611157.0,82,40
1785611157.2,82,17
1785611157.2,82,47
1785611157.6,82,48
1785611157.8,81,40
1785611158.2,81,47
1785611158.3,82,2
1785611158.4,81,48
1785611158.6,81,2
1785611159.4,82,2
1785611159.6,82,40
1785611159.7,82,47
1785611160.3,81,40
1785611161.1,81,47
1785611161.5,82,19
1785611162.2,81,19
1785611162.2,81,38
1785611162.2,82,40
1785611162.3,82,47
1785611162.8,81,40
1785611163.7,81,7
1785611163.7,81,24
1785611163.7,81,47
1785611165.2,82,47
1785611166.1,82,19
1785611168.5,81,30
1785611169.2,81,41
1785611169.7,82,30
1785611170.1,81,3
1785611170.6,82,42
1785611170.8,81,47
1785611171.2,82,41
1785611171.5,82,3
1785611171.9,82,47
1785611172.5,81,30
1785611172.5,81,42
1785611173.0,81,47
1785611173.1,81,41
1785611173.2,82,29
1785611173.2,82,31
1785611173.8,81,3
1785611173.8,81,29
1785611174.2,82,8
1785611174.2,82,29
1785611174.4,82,42
1785611174.5,81,29
1785611177.1,82,48
1785611182.6,81,48
1785611182.9,82,47
1785611184.5,82,48
1785611185.6,81,31
1785611185.8,81,48
1785611185.9,81,8
1785611186.2,81,47
1785611186.7,82,47
1785611187.9,82,36
1785611188.2,82,30
1785611188.4,81,36
1785611189.5,81,47
1785611189.7,82,3
1785611190.0,81,42
1785611190.2,82,41
1785611190.4,82,35
1785611190.4,82,36
1785611190.9,81,36
1785611191.0,81,35
1785611192.8,82,35
1785611193.4,81,35
1785611193.5,82,34
1785611194.3,81,34
1785611195.6,82,38
1785611195.8,82,24
1785611196.1,82,34
1785611197.0,81,34
1785611197.2,82,7
1785611199.8,82,26
1785611200.0,82,33
1785611201.5,81,19
1785611201.7,81,38
1785611201.7,82,40
1785611201.8,81,33
1785611203.0,82,33
1785611203.8,81,2
1785611204.0,82,2
1785611205.0,81,33
1785611205.1,81,24
1785611205.2,81,40
1785611205.9,81,46
1785611206.1,81,26
1785611206.2,82,19
1785611206.4,81,19
1785611206.5,82,46
1785611207.0,82,47
1785611207.1,82,40
1785611208.2,82,48
1785611208.8,81,46
1785611209.3,82,19
1785611209.8,82,46
1785611210.0,81,2
1785611210.1,81,19
1785611210.2,81,40
1785611210.7,81,47
1785611210.9,82,2
1785611210.9,82,40
1785611211.3,82,19
1785611211.9,81,46
1785611211.9,82,47
1785611212.1,81,19
1785611212.1,82,46
1785611212.3,81,48
1785611212.9,82,48
1785611213.7,81,47
1785611214.4,81,46
1785611214.5,82,46
1785611214.9,82,47
1785611215.4,81,48
1785611216.5,82,48
1785611216.6,81,47
1785611218.1,81,48
1785611218.3,81,46
1785611218.4,82,47
1785611218.5,82,46
1785611219.1,82,48
1785611219.6,81,47
1785611219.9,82,19
1785611220.3,81,19
1785611220.3,81,46
1785611220.3,82,36
1785611220.4,81,48
1785611220.5,82,47
1785611220.9,82,46
1785611221.2,81,36
1785611221.4,81,2
1785611221.6,81,47
1785611221.9,82,48
1785611222.0,82,2
1785611222.4,82,47
1785611222.5,82,35
1785611222.8,81,46
1785611223.0,81,48
1785611223.2,82,46
1785611223.5,81,35
1785611223.5,81,47
1785611224.2,82,47
1785611224.3,82,48
1785611224.7,82,19
1785611224.8,82,34
1785611225.4,81,34
1785611225.4,81,47
1785611225.4,81,48
1785611225.6,81,19
1785611225.6,82,36
1785611226.2,81,36
1785611227.0,82,19
1785611227.0,82,47
1785611227.2,81,46
1785611227.4,81,19
1785611227.4,82,48
1785611227.7,82,46
1785611228.1,81,47
1785611228.2,82,35
1785611228.3,81,48
1785611228.3,82,33
1785611228.4,81,2
1785611228.5,82,2
1785611228.7,82,36
1785611228.8,81,35
1785611228.9,82,26
1785611229.0,82,35
1785611229.1,81,46
1785611229.2,81,36
1785611229.2,82,47
1785611229.4,81,35
1785611229.6,81,33
1785611229.9,81,47
1785611229.9,82,35
1785611229.9,82,46
1785611230.0,82,47
1785611230.0,82,48
1785611230.3,81,2
1785611230.4,81,47
1785611230.5,81,35
1785611230.7,81,26
1785611230.8,82,34
1785611230.9,82,2
1785611231.0,81,48
1785611231.0,82,19
1785611231.3,81,19
1785611231.3,81,46
1785611231.4,82,35
1785611231.8,82,47
1785611232.0,81,34
1785611232.0,81,35
1785611232.1,82,46
1785611232.6,82,34
1785611232.7,81,2
1785611232.9,81,47
1785611233.2,81,34
1785611233.2,82,2
1785611233.4,82,35
1785611233.5,81,46
1785611233.7,82,48
1785611233.9,81,35
1785611233.9,82,36
1785611234.2,82,34
1785611234.3,82,47
1785611234.5,82,46
1785611234.6,81,36
1785611234.8,81,2
1785611234.8,81,34
1785611234.9,81,48
1785611234.9,82,33
1785611235.0,82,26
1785611235.3,81,47
1785611235.5,82,2
1785611235.7,82,36
1785611235.9,81,33
1785611236.1,82,34
1785611236.5,81,36
1785611236.8,81,34
1785611237.0,82,35
1785611237.2,82,33
1785611237.7,81,35
1785611237.8,82,38
1785611237.9,82,47
1785611238.0,82,24
1785611238.7,82,48
1785611238.8,81,47
1785611238.8,81,48
1785611239.0,81,33
1785611239.1,82,33
1785611239.1,82,35
1785611239.8,81,33
1785611239.8,81,35
1785611239.9,82,34
1785611239.9,82,48
1785611240.3,82,33
1785611240.6,81,34
1785611240.7,82,47
1785611240.9,81,48
1785611241.0,82,35
1785611241.6,81,47
1785611241.8,81,35
1785611242.3,81,33
1785611242.3,81,46
1785611242.3,82,34
1785611243.0,81,34
1785611243.2,82,46
1785611243.5,82,48
1785611243.8,81,26
1785611243.9,82,47
1785611244.1,81,2
1785611244.2,81,48
1785611244.2,82,34
1785611244.3,82,2
1785611244.4,82,19
1785611244.4,82,26
1785611244.4,82,33
1785611244.6,81,46
1785611244.7,81,47
1785611244.8,81,19
1785611244.8,82,35
1785611245.0,81,34
1785611245.7,81,35
1785611245.8,82,46
1785611245.9,81,17
1785611246.1,81,2
1785611246.2,81,33
1785611246.4,82,17
1785611246.4,82,48
1785611246.7,82,36
1785611246.9,82,2
1785611247.1,81,46
1785611247.3,82,47
1785611247.4,82,33
1785611247.5,81,48
1785611247.7,81,36
1785611248.1,81,47
1785611248.3,81,17
1785611248.5,81,2
1785611248.5,82,34
1785611248.8,82,46
1785611249.1,82,48
1785611249.2,81,33
1785611249.3,82,35
1785611249.4,81,34
1785611249.5,82,17
1785611249.8,82,2
1785611249.9,81,48
1785611250.1,81,46
1785611250.4,81,35
1785611250.4,82,33
1785611250.4,82,34
1785611250.5,82,19
1785611250.8,81,19
1785611251.0,81,34
1785611251.1,82,47
1785611251.3,81,2
1785611251.4,81,33
1785611251.5,81,17
1785611251.7,82,35
1785611252.1,81,47
1785611252.5,81,26
1785611252.6,81,35
1785611252.7,82,46
1785611252.8,82,47
1785611253.1,82,17
1785611253.3,82,34
1785611253.7,81,47
1785611253.7,82,2
1785611253.8,82,26
1785611253.8,82,48
1785611254.0,81,34
1785611254.0,82,33
1785611254.4,82,35
1785611254.5,82,19
1785611254.7,81,46
1785611254.7,81,48
1785611254.9,81,19
1785611255.1,82,47
1785611255.4,81,35
1785611255.4,82,34
1785611255.4,82,36
1785611255.7,81,36
1785611256.0,81,47
1785611256.2,81,34
1785611256.3,81,2
1785611256.3,81,17
1785611256.6,82,35
1785611256.7,81,35
1785611256.9,82,46
1785611257.0,81,33
1785611257.3,82,17
1785611257.3,82,48
1785611257.4,82,47
1785611258.0,82,2
1785611258.2,81,47
1785611258.2,82,33
1785611258.3,82,34
1785611258.4,81,48
1785611258.7,82,35
1785611259.1,81,34
1785611259.5,81,35
1785611259.6,81,33
1785611259.6,82,34
1785611260.3,81,46
1785611260.3,82,33
1785611260.5,81,34
1785611260.9,82,48
1785611261.1,82,46
1785611261.3,81,48
1785611261.3,82,35
1785611261.5,82,47
1785611261.6,82,48
1785611261.7,81,33
1785611261.8,81,2
1785611261.9,81,48
1785611262.1,81,35
1785611262.1,82,2
1785611262.2,82,34
1785611262.5,81,47
1785611262.9,81,34
1785611263.0,81,26
1785611263.8,82,26
1785611263.9,82,33
1785611264.9,82,34
1785611265.4,82,19
1785611265.6,82,47
1785611265.9,81,34
1785611266.1,81,19
1785611266.8,81,47
1785611269.8,81,40
1785611270.3,82,47
1785611271.5,82,40
1785611271.7,81,47
1785611272.3,81,30
1785611273.6,82,48
1785611273.7,81,3
1785611273.7,81,38
1785611274.4,81,40
1785611274.7,81,7
1785611274.7,81,24
1785611274.7,82,42
1785611274.8,81,41
1785611275.0,81,48
1785611275.0,82,47
1785611275.4,82,48
1785611276.3,81,48
1785611276.7,82,29
1785611276.7,82,31
1785611277.1,81,29
1785611277.1,81,42
1785611277.1,82,19
1785611277.5,81,19
1785611277.7,81,47
1785611278.1,82,8
1785611278.4,82,42
1785611280.2,81,42
1785611280.3,82,48
1785611280.7,82,47
1785611280.9,82,29
1785611281.0,82,42
1785611281.3,82,38
1785611281.7,82,24
1785611282.0,81,42
1785611282.7,81,47
1785611282.8,82,47
1785611282.9,81,29
1785611283.1,82,7
1785611283.9,81,48
1785611285.6,81,47
1785611285.9,82,48
1785611286.7,82,42
1785611287.0,81,42
1785611287.3,81,8
1785611287.3,81,31
1785611289.2,82,40
1785611289.8,81,40
1785611291.2,82,39
1785611291.9,81,38
1785611291.9,82,40
1785611292.3,81,40
1785611292.9,81,24
1785611293.1,81,7
1785611293.1,81,48
1785611294.7,82,30
1785611295.5,82,41
1785611296.3,82,3
1785611303.0,81,46
1785611304.1,82,46
1785611306.5,82,47
1785611306.6,81,33
1785611307.6,81,26
1785611307.9,81,46
1785611307.9,82,26
1785611308.3,82,33
1785611309.3,81,17
1785611309.4,82,46
1785611309.5,81,2
1785611309.6,82,17
1785611310.3,82,2
1785611310.7,81,33
1785611311.1,81,46
1785611311.2,81,47
1785611311.9,81,26
1785611312.2,82,46
1785611312.3,81,17
1785611312.4,81,2
1785611312.6,82,17
1785611313.3,82,2
1785611314.3,82,19
1785611314.4,81,46
1785611314.7,81,19
1785611315.2,82,46
1785611316.1,81,2
1785611316.2,82,2
1785611316.5,82,47
1785611316.6,81,47
1785611317.3,81,46
1785611317.8,82,46
1785611318.3,81,2
1785611318.6,82,47
1785611318.9,82,2
1785611319.2,82,48
1785611320.3,81,46
1785611321.4,81,2
1785611321.5,81,48
1785611322.1,81,47
1785611322.4,81,17
1785611323.0,82,47
1785611323.7,82,48
1785611324.6,82,46
1785611325.0,82,17
1785611325.4,81,47
1785611325.6,82,2
1785611325.7,82,47
1785611326.0,81,46
1785611326.1,81,48
1785611326.5,82,48
1785611327.1,81,47
1785611327.3,81,17
1785611327.4,81,2
1785611327.4,82,47
1785611328.0,82,17
1785611328.1,82,46
1785611328.2,81,48
1785611328.9,81,47
1785611328.9,82,2
1785611329.6,81,46
1785611330.5,81,2
1785611330.5,82,47
1785611330.7,82,36
1785611331.1,81,17
1785611331.1,81,36
1785611331.1,82,46
1785611331.1,82,48
1785611331.8,81,47
1785611331.8,82,17
1785611332.1,82,2
1785611332.5,82,47
1785611332.6,82,35
1785611332.8,82,36
1785611333.1,81,35
1785611333.2,81,36
1785611333.2,81,46
1785611333.7,82,46
1785611333.8,81,47
1785611333.8,81,48
1785611334.5,82,47
1785611334.6,82,34
1785611334.6,82,35
1785611335.1,81,34
1785611335.1,81,35
1785611335.1,82,48
1785611335.5,81,47
1785611335.6,81,48
1785611335.7,82,48
1785611336.2,81,48
1785611336.2,82,47
1785611336.6,82,19
1785611336.6,82,34
1785611337.1,81,34
1785611337.3,81,19
1785611338.0,82,48
1785611338.1,81,47
1785611338.1,82,26
1785611338.4,82,33
1785611338.6,81,33
1785611339.4,81,48
1785611340.1,82,47
1785611340.3,82,33
1785611340.7,81,33
1785611341.1,81,47
1785611342.1,81,26
1785611343.3,82,47
1785611344.4,81,47
1785611345.1,81,46
1785611345.2,82,43
1785611345.4,81,2
1785611345.6,82,46
1785611346.2,82,8
1785611346.4,82,2
1785611346.6,82,45
1785611346.7,82,29
1785611347.1,81,43
1785611347.5,81,45
1785611348.3,82,43
1785611351.5,82,31
1785611351.6,81,43
1785611351.9,81,31
1785611352.4,81,8
1785611352.7,82,31
1785611352.7,82,43
1785611353.1,81,31
1785611353.2,81,46
1785611353.4,81,29
1785611353.5,81,43
1785611353.5,82,24
1785611354.1,81,24
1785611354.3,81,2
1785611354.5,81,17
1785611361.5,82,36
1785611362.0,81,36
1785611363.6,82,35
1785611363.8,82,48
1785611364.1,81,35
1785611364.5,81,48
1785611365.8,82,34
1785611366.3,81,34
1785611366.8,82,47
1785611367.6,81,47
1785611369.8,81,39
1785611370.0,82,33
1785611370.2,82,26
1785611371.4,82,46
1785611372.0,82,17
1785611372.6,82,2
1785611373.1,81,46
1785611374.6,81,2
1785611374.8,81,17
1785611378.8,82,48
1785611379.3,81,48
1785611380.5,82,48
1785611381.0,81,48
1785611381.2,82,47
1785611381.8,81,47
1785611382.1,82,48
1785611382.7,81,48
1785611383.1,82,47
1785611383.8,81,30
1785611383.8,81,47
1785611383.8,82,48
1785611384.4,81,48
1785611384.6,81,41
1785611384.8,82,47
1785611385.2,81,3
1785611385.3,82,48
1785611385.5,81,47
1785611386.0,81,48
1785611386.2,82,42
1785611386.7,82,41
1785611386.7,82,46
1785611386.7,82,47
1785611386.9,82,17
1785611387.4,82,30
1785611387.6,81,47
1785611387.9,82,2
1785611388.2,81,30
1785611388.2,82,31
1785611388.5,82,47
1785611388.6,81,41
1785611388.8,82,48
1785611389.1,82,3
1785611389.2,82,29
1785611389.4,81,3
1785611389.4,81,48
1785611389.5,81,47
1785611389.7,82,8
1785611389.8,81,29
1785611391.8,82,47
1785611392.9,81,47
1785611393.4,82,48
1785611394.0,81,48
1785611395.0,82,48
1785611395.6,82,29
1785611395.7,81,48
1785611395.9,81,29
1785611397.5,82,47
1785611397.5,82,48
1785611398.1,81,42
1785611398.2,81,48
1785611398.9,81,31
1785611399.1,81,8
1785611399.2,81,47
1785611399.3,82,47
1785611399.6,82,48
1785611400.6,81,48
1785611402.2,82,48
1785611403.6,81,48
1785611404.4,81,47
1785611404.8,82,48
1785611405.2,82,47
1785611405.8,81,47
1785611406.2,81,48
1785611408.2,82,48
1785611410.7,82,30
1785611411.4,81,33
1785611411.7,81,26
1785611412.1,82,41
1785611412.6,82,3
1785611413.3,81,46
1785611413.6,81,48
1785611413.8,82,46
1785611416.3,81,46
1785611416.4,82,46
1785611418.5,81,46
1785611418.6,82,46
1785611420.3,82,36
1785611420.4,81,46
1785611420.7,81,36
1785611421.5,81,17
1785611421.5,82,46
1785611421.6,81,2
1785611421.7,82,47
1785611421.8,82,17
1785611422.1,82,35
1785611422.5,81,35
1785611422.6,82,2
1785611423.0,81,46
1785611423.3,82,48
1785611423.9,82,34
1785611424.0,81,47
1785611424.2,81,2
1785611424.2,81,17
1785611424.2,82,46
1785611424.3,81,34
1785611424.5,82,17
1785611425.1,82,2
1785611425.8,81,46
1785611426.0,82,47
1785611426.2,81,48
1785611426.6,81,47
1785611426.6,82,46
1785611427.0,81,2
1785611427.2,82,33
1785611427.4,82,26
1785611427.5,81,33
1785611427.5,82,2
1785611428.2,82,47
1785611428.5,81,26
1785611428.8,81,46
1785611429.1,82,46
1785611429.7,81,47
1785611429.8,82,19
1785611430.1,81,19
1785611430.4,82,47
1785611431.9,81,47
1785611432.0,82,47
1785611432.6,82,19
1785611433.2,81,47
1785611433.3,81,19
1785611433.4,82,24
1785611434.1,82,7
1785611434.6,81,7
1785611434.8,81,46
1785611435.0,82,19
1785611435.4,81,19
1785611435.4,81,24
1785611435.6,82,46
1785611435.9,81,2
1785611436.6,82,2
1785611437.2,81,46
1785611437.3,82,46
1785611439.5,81,46
1785611440.3,81,2
1785611440.5,82,47
1785611440.7,82,42
1785611440.9,81,17
1785611441.0,82,48
1785611441.1,82,46
1785611441.2,81,47
1785611441.3,82,17
1785611441.5,81,42
1785611441.6,81,48
1785611442.3,81,46
1785611442.5,82,48
1785611443.2,81,48
1785611443.3,82,2
1785611443.7,81,17
1785611443.8,82,47
1785611444.1,81,2
1785611444.4,81,47
1785611444.5,82,46
1785611445.3,82,17
1785611445.4,82,42
1785611445.4,82,47
1785611445.6,82,2
1785611445.6,82,35
1785611445.7,81,35
1785611445.7,81,46
1785611446.0,81,42
1785611446.0,81,47
1785611446.0,82,43
1785611446.5,82,19
1785611446.7,82,29
1785611446.7,82,31
1785611446.8,81,43
1785611446.9,81,2
1785611446.9,81,17
1785611446.9,81,19
1785611447.2,82,8
1785611447.5,81,31
1785611447.5,82,46
1785611448.1,82,17
1785611448.5,81,46
1785611448.6,82,43
1785611448.7,82,2
1785611449.3,81,29
1785611449.5,82,46
1785611449.8,81,2
1785611449.8,81,8
1785611449.8,81,43
1785611450.5,81,46
1785611450.6,82,2
1785611451.9,81,2
1785611452.1,81,17
1785611453.2,82,43
1785611453.4,81,43
1785611463.0,82,48
1785611463.5,81,48
1785611465.4,82,47
1785611466.0,81,47
1785611466.2,82,38
1785611466.3,82,24
1785611467.5,82,47
1785611468.1,81,47
1785611469.4,82,7
1785611469.6,81,7
1785611469.9,82,7
1785611470.0,81,41
1785611470.0,82,48
1785611470.1,82,41
1785611470.6,81,48
1785611470.6,82,46
1785611470.8,82,42
1785611471.0,82,17
1785611471.1,82,39
1785611471.4,81,38
1785611471.4,82,40
1785611471.5,81,42
1785611471.7,82,2
1785611472.0,82,22
1785611472.2,82,31
1785611472.5,81,7
1785611472.7,82,47
1785611472.8,81,40
1785611473.0,81,24
1785611473.0,81,30
1785611473.1,82,4
1785611473.2,82,7
1785611473.4,81,47
1785611473.7,82,24
1785611473.8,81,41
1785611473.8,82,8
1785611473.8,82,38
1785611473.9,81,3
1785611474.0,82,42
1785611474.5,81,7
1785611475.2,81,22
1785611475.5,82,7
1785611475.8,81,4
1785611476.5,81,38
1785611476.5,82,40
1785611476.9,81,40
1785611477.5,81,24
1785611478.0,81,7
1785611478.0,82,24
1785611478.3,82,38
1785611479.0,82,47
1785611479.4,82,7
1785611479.6,81,2
1785611479.8,81,38
1785611479.8,82,40
1785611480.0,82,2
1785611480.0,82,29
1785611480.2,81,47
1785611480.3,81,40
1785611480.5,82,38
1785611480.6,81,29
1785611481.4,81,7
1785611482.0,82,7
1785611482.4,81,38
1785611482.4,82,40
1785611482.7,81,40
1785611483.5,81,24
1785611483.7,81,7
1785611484.5,81,42
1785611485.2,82,42
1785611485.2,82,48
1785611485.9,81,48
1785611487.9,82,48
1785611488.0,81,42
1785611488.1,81,31
1785611488.2,81,8
1785611488.2,81,48
1785611488.8,82,47
1785611489.6,82,36
1785611490.2,81,36
1785611490.2,81,47
1785611492.1,82,47
1785611492.4,82,35
1785611493.1,81,35
1785611493.8,81,47
1785611494.1,82,36
1785611494.5,82,19
1785611494.6,81,36
1785611495.8,82,34
1785611495.9,81,19
1785611496.5,82,35
1785611496.8,81,34
1785611497.1,81,35
1785611498.9,82,36
1785611499.3,82,35
1785611499.4,81,36
1785611499.7,82,34
1785611499.9,81,35
1785611499.9,82,47
1785611500.6,81,34
1785611501.1,82,48
1785611501.4,82,35
1785611501.5,81,48
1785611502.1,81,35
1785611502.4,82,26
1785611502.6,82,33
1785611502.6,82,34
1785611503.4,81,47
1785611503.5,82,36
1785611503.6,81,34
1785611504.0,81,36
1785611504.3,82,35
1785611504.6,82,47
1785611504.8,81,47
1785611504.9,82,47
1785611505.0,81,35
1785611505.2,81,47
1785611505.3,82,34
1785611505.9,82,35
1785611506.1,82,36
1785611506.6,81,36
1785611506.7,81,35
1785611506.8,81,34
1785611507.4,82,47
1785611508.3,82,34
1785611508.9,82,35
1785611509.2,82,48
1785611509.7,81,34
1785611509.8,82,36
1785611510.2,81,35
1785611510.2,81,47
1785611510.3,81,48
1785611510.5,81,36
1785611511.1,82,48
1785611511.3,81,33
1785611511.4,82,34
1785611512.1,82,33
1785611513.3,81,34
1785611513.3,81,48
1785611514.7,82,34
1785611514.7,82,48
1785611514.8,82,35
1785611515.2,81,33
1785611515.8,82,33
1785611516.2,81,46
1785611516.4,82,46
1785611516.5,81,34
1785611516.6,81,48
1785611516.6,82,19
1785611516.7,81,35
1785611517.3,81,19
1785611517.3,82,47
1785611517.4,82,34
1785611517.5,81,47
1785611517.6,82,47
1785611518.4,81,46
1785611518.7,82,46
1785611518.8,81,47
1785611518.8,82,36
1785611519.2,81,36
1785611520.2,81,33
1785611520.4,81,46
1785611520.6,82,33
1785611520.7,82,47
1785611520.9,82,46
1785611521.4,82,35
1785611521.5,81,34
1785611522.2,81,35
1785611522.2,81,47
1785611522.2,82,19
1785611522.4,81,33
1785611522.6,81,19
1785611522.7,81,46
1785611522.8,82,46
1785611522.9,82,33
1785611523.4,82,47
1785611524.6,82,34
1785611524.7,81,33
1785611524.7,81,47
1785611525.0,81,46
1785611525.2,82,46
1785611525.6,82,47
1785611525.9,82,33
1785611526.5,81,34
1785611526.7,82,34
1785611526.8,81,47
1785611527.0,81,33
1785611527.0,81,46
1785611527.4,82,46
1785611527.5,82,19
1785611527.6,82,33
1785611528.2,81,19
1785611528.4,81,2
1785611528.4,81,34
1785611528.6,82,2
1785611529.0,81,33
1785611529.3,81,46
1785611529.5,82,19
1785611529.8,81,19
1785611530.1,82,46
1785611530.2,81,26
1785611530.3,82,47
1785611530.7,81,2
1785611531.3,82,2
1785611531.4,81,47
1785611531.5,81,46
1785611532.0,82,46
1785611532.5,82,26
1785611532.8,82,33
1785611533.0,82,47
1785611533.4,81,46
1785611534.0,81,47
1785611534.8,81,2
1785611534.8,81,17
1785611536.7,81,33
1785611536.9,82,47
1785611537.3,82,46
1785611537.8,81,26
1785611537.8,81,47
1785611537.8,82,17
1785611538.3,82,2
1785611539.6,81,46
1785611540.1,82,40
1785611540.2,82,22
1785611540.2,82,46
1785611540.5,81,22
1785611540.6,81,40
1785611541.1,82,7
1785611541.2,82,24
1785611541.5,81,24
1785611541.6,81,7
1785611542.0,82,47
1785611542.1,81,46
1785611542.6,82,48
1785611542.7,81,47
1785611543.2,81,48
1785611543.4,81,2
1785611543.5,81,17
1785611543.6,82,46
1785611544.2,82,17
1785611544.2,82,43
1785611544.3,81,43
1785611544.3,82,42
1785611544.4,82,47
1785611544.6,82,43
1785611544.6,82,48
1785611544.7,82,2
1785611544.8,81,42
1785611545.1,81,47
1785611545.1,81,48
1785611545.1,82,8
1785611545.3,81,46
1785611545.6,82,47
1785611545.9,82,45
1785611546.0,81,45
1785611546.2,82,29
1785611546.4,81,47
1785611546.4,82,46
1785611546.5,81,17
1785611546.7,81,2
1785611546.9,82,17
1785611547.3,81,43
1785611547.4,82,2
1785611547.6,82,47
1785611547.8,81,46
1785611548.3,81,47
1785611548.5,82,43
1785611549.0,81,17
1785611549.0,82,46
1785611549.1,81,2
1785611549.5,82,30
1785611549.7,82,17
1785611550.0,82,2
1785611550.1,82,41
1785611550.2,81,46
1785611550.4,82,46
1785611551.2,82,31
1785611551.3,82,3
1785611551.5,81,46
1785611551.9,81,31
1785611552.1,81,43
1785611552.1,82,46
1785611552.5,81,8
1785611552.6,82,31
1785611552.8,81,2
1785611552.9,81,31
1785611553.1,82,43
1785611553.2,81,46
1785611553.2,82,2
1785611553.5,81,43
1785611553.9,81,29
1785611554.6,81,17
1785611554.9,81,2
1785611563.3,82,38
1785611563.8,82,24
1785611564.9,82,7
1785611567.2,81,38
1785611567.3,82,40
1785611567.9,81,40
1785611568.5,81,7
1785611568.7,81,24
1785611569.9,81,39
1785611580.0,82,36
1785611580.6,81,36
1785611582.2,82,36
1785611582.7,81,36
1785611582.7,82,35
1785611583.4,81,35
1785611583.6,81,30
1785611584.0,81,41
1785611584.7,81,3
1785611584.7,82,35
1785611585.1,82,42
1785611585.3,81,35
1785611585.9,82,34
1785611586.8,81,34
1785611586.8,82,36
1785611587.2,82,31
1785611587.3,81,36
1785611587.5,82,36
1785611588.0,81,36
1785611588.0,82,34
1785611588.3,82,8
1785611589.1,81,34
1785611589.2,82,35
1785611590.6,81,35
1785611592.2,82,26
1785611592.4,82,33
1785611592.6,82,34
1785611594.4,81,34
1785611595.5,81,42
1785611596.0,81,31
1785611596.2,81,8
1785611597.4,82,36
1785611597.9,81,36
1785611599.8,82,35
1785611600.4,81,35
1785611602.6,82,34
1785611603.4,81,34
1785611611.0,82,24
1785611611.3,82,38
1785611612.9,82,7
1785611614.3,81,33
1785611614.7,82,39
1785611615.7,82,22
1785611615.7,82,33
1785611616.4,82,4
1785611617.1,81,39
1785611618.5,81,22
1785611618.9,81,33
1785611619.6,82,33
1785611620.6,81,4
1785611621.6,81,33
1785611622.9,81,26
1785611633.6,82,48
1785611634.3,81,48
1785611636.8,82,47
1785611637.0,82,40
1785611637.4,81,40
1785611637.6,81,47
1785611639.7,81,38
1785611639.7,82,40
1785611640.3,81,40
1785611640.8,81,7
1785611640.9,81,24
1785611642.1,82,38
1785611642.5,82,24
1785611643.7,82,7
1785611643.9,81,38
1785611643.9,82,40
1785611644.0,82,46
1785611644.2,82,17
1785611644.3,81,40
1785611645.1,82,38
1785611645.2,81,7
1785611645.2,82,2
1785611645.3,82,48
1785611646.3,81,48
1785611646.5,81,38
1785611646.5,82,7
1785611646.5,82,40
1785611646.8,81,40
1785611647.9,81,24
1785611647.9,82,48
1785611648.0,81,7
1785611648.8,81,48
1785611649.5,82,47
1785611650.4,82,48
1785611650.7,81,47
1785611651.3,81,48
1785611651.6,82,39
1785611652.2,82,47
1785611652.5,82,22
1785611652.9,82,4
1785611653.6,81,47
1785611655.3,82,47
1785611656.2,82,48
1785611656.9,81,47
1785611657.1,81,48
1785611657.3,82,19
1785611657.6,82,38
1785611657.9,81,19
1785611657.9,82,24
1785611658.6,82,48
1785611659.3,82,7
1785611659.5,81,48
1785611661.6,82,47
1785611661.9,81,46
1785611662.4,82,48
1785611663.1,81,2
1785611663.2,82,2
1785611663.6,81,48
1785611663.6,82,46
1785611664.8,81,47
1785611665.1,82,47
1785611665.6,82,19
1785611666.8,81,19
1785611666.9,81,46
1785611666.9,82,48
1785611667.3,82,8
1785611667.9,82,43
1785611668.0,81,2
1785611668.3,81,17
1785611668.6,82,29
1785611669.2,82,36
1785611669.2,82,46
1785611669.3,82,17
1785611669.4,82,31
1785611669.6,81,31
1785611669.6,81,36
1785611670.1,81,48
1785611670.2,81,43
1785611670.2,82,2
1785611670.3,82,19
1785611670.9,81,47
1785611671.0,81,19
1785611671.0,82,35
1785611671.3,81,46
1785611671.4,81,35
1785611671.5,82,46
1785611672.0,82,47
1785611672.0,82,48
1785611672.3,82,43
1785611672.8,82,34
1785611673.2,81,34
1785611673.2,82,31
1785611673.9,81,31
1785611673.9,81,43
1785611674.2,81,46
1785611674.4,82,19
1785611674.5,81,8
1785611674.7,81,47
1785611674.7,82,8
1785611674.9,82,47
1785611675.0,81,19
1785611675.0,81,48
1785611675.1,82,46
1785611675.6,81,2
1785611675.8,82,2
1785611676.0,82,26
1785611676.0,82,31
1785611676.3,81,31
1785611676.4,81,47
1785611676.7,82,31
1785611676.8,82,43
1785611677.1,81,46
1785611677.1,82,48
1785611677.4,81,8
1785611677.4,81,26
1785611677.4,81,48
1785611677.9,82,46
1785611678.0,81,29
1785611678.0,81,31
1785611678.4,81,2
1785611678.5,82,48
1785611678.6,82,47
1785611678.8,82,2
1785611679.6,81,47
1785611680.0,81,43
1785611680.1,81,46
1785611681.0,82,46
1785611681.0,82,47
1785611681.3,81,48
1785611681.7,81,2
1785611681.9,82,2
1785611682.1,81,47
1785611682.8,82,47
1785611683.3,81,46
1785611683.9,81,47
1785611684.4,81,2
1785611684.4,82,19
1785611684.4,82,36
1785611684.4,82,46
1785611684.4,82,48
1785611684.9,81,36
1785611685.0,82,36
1785611685.2,81,19
1785611685.4,82,2
1785611685.5,81,36
1785611685.9,81,46
1785611686.2,82,36
1785611686.2,82,47
1785611686.4,81,36
1785611686.5,81,48
1785611686.5,82,46
1785611686.6,82,35
1785611686.7,82,48
1785611687.2,81,2
1785611687.2,81,47
1785611687.5,81,35
1785611687.6,82,2
1785611687.8,81,46
1785611688.4,82,46
1785611688.5,81,48
1785611688.7,82,34
1785611689.1,81,2
1785611689.5,82,2
1785611689.6,81,34
1785611689.6,81,46
1785611690.1,82,47
1785611690.7,82,34
1785611690.9,81,47
1785611691.0,81,17
1785611691.1,81,2
1785611691.3,81,34
1785611691.3,82,36
1785611691.9,81,36
1785611692.0,82,33
1785611692.0,82,46
1785611692.2,82,26
1785611692.5,82,47
1785611692.6,82,17
1785611692.8,81,33
1785611693.1,82,2
1785611693.5,81,47
1785611693.8,81,46
1785611693.8,82,35
1785611694.3,81,35
1785611694.7,82,30
1785611694.7,82,33
1785611695.1,81,33
1785611695.4,81,17
1785611695.4,82,46
1785611695.5,81,2
1785611695.8,82,17
1785611695.9,82,41
1785611696.3,82,3
1785611696.4,82,34
1785611696.5,82,2
1785611696.6,81,26
1785611697.0,81,34
1785611697.4,81,46
1785611698.1,82,46
1785611698.1,82,48
1785611698.9,81,48
1785611699.2,82,36
1785611699.6,81,46
1785611699.8,81,36
1785611700.2,82,47
1785611700.5,82,36
1785611700.6,82,26
1785611700.6,82,33
1785611701.0,81,2
1785611701.0,81,17
1785611701.1,81,36
1785611701.3,81,33
1785611701.6,81,47
1785611701.9,82,35
1785611702.3,82,47
1785611702.6,81,26
1785611702.6,81,35
1785611702.9,81,47
1785611703.3,82,35
1785611703.9,81,35
1785611704.0,81,39
1785611704.2,82,46
1785611704.7,82,34
1785611704.9,82,17
1785611704.9,82,19
1785611705.0,82,47
1785611705.4,81,19
1785611705.4,81,34
1785611705.5,81,47
1785611705.5,82,2
1785611705.6,82,47
1785611706.0,81,46
1785611706.1,81,47
1785611706.1,82,34
1785611706.2,82,46
1785611706.7,81,34
1785611706.9,81,2
1785611707.3,81,46
1785611707.5,82,2
1785611708.2,82,47
1785611708.3,81,47
1785611708.6,81,2
1785611708.6,81,17
1785611708.6,82,46
1785611708.8,82,39
1785611709.0,82,33
1785611709.4,82,17
1785611709.4,82,26
1785611709.6,82,2
1785611709.8,81,46
1785611710.2,81,33
1785611710.7,82,33
1785611710.8,81,2
1785611711.1,82,46
1785611711.4,81,17
1785611711.6,81,33
1785611711.8,82,17
1785611712.0,81,46
1785611712.4,82,2
1785611713.0,81,26
1785611713.4,81,17
1785611713.5,81,2
1785611715.8,81,4
1785611715.9,82,48
1785611716.0,82,4
1785611716.6,81,48
1785611717.2,82,48
1785611717.9,81,48
1785611719.0,82,47
1785611719.1,81,39
1785611719.8,81,47
1785611720.3,82,47
1785611720.6,81,22
1785611721.1,81,4
1785611721.2,81,47
1785611723.2,82,19
1785611723.8,81,19
1785611724.3,82,46
1785611724.9,82,17
1785611725.3,82,2
1785611728.4,82,40
1785611728.8,81,40
1785611730.7,82,40
1785611731.0,81,40
1785611733.0,82,40
1785611733.4,81,40
1785611735.3,81,46
1785611735.6,81,38
1785611735.6,82,40
1785611735.9,82,38
1785611736.0,81,40
1785611736.8,81,17
1785611737.1,81,2
1785611737.1,81,7
1785611737.3,82,7
1785611738.3,82,40
1785611738.8,81,40
1785611739.4,81,7
1785611739.6,81,30
1785611739.6,82,7
1785611740.0,81,41
1785611740.7,81,38
1785611740.7,82,40
1785611740.8,81,3
1785611741.0,82,42
1785611741.3,81,40
1785611741.8,81,24
1785611742.1,81,7
1785611742.6,82,31
1785611744.1,82,8
1785611746.1,81,42
1785611747.6,82,42
1785611751.1,81,42
1785611752.5,81,31
1785611752.7,81,8
1785611762.3,82,36
1785611763.2,81,36
1785611765.5,82,35
1785611766.6,81,35
1785611768.7,82,34
1785611769.8,81,34
1785611773.2,82,33
1785611773.3,82,26
1785611773.9,82,48
1785611774.4,81,48
1785611774.8,81,33
1785611776.0,81,26
1785611776.0,82,47
1785611776.5,81,47
1785611777.2,82,48
1785611777.7,81,48
1785611778.4,82,38
1785611778.7,82,24
1785611778.7,82,30
1785611779.0,82,46
1785611779.0,82,48
1785611779.3,82,47
1785611779.4,82,3
1785611779.5,81,48
1785611779.5,82,17
1785611779.7,81,47
1785611779.8,81,46
1785611780.0,82,2
1785611780.2,82,7
1785611780.4,81,3
1785611780.6,82,36
1785611780.9,82,3
1785611781.0,82,47
1785611781.1,81,2
1785611781.1,81,17
1785611781.4,81,36
1785611781.7,81,47
1785611782.3,82,46
1785611782.5,82,8
1785611782.5,82,41
1785611782.6,81,41
1785611782.6,82,35
1785611782.7,82,17
1785611782.9,82,41
1785611783.1,81,46
1785611783.3,81,35
1785611783.4,82,2
1785611784.0,82,48
1785611784.2,81,17
1785611784.3,81,2
1785611784.3,82,46
1785611784.5,81,48
1785611784.6,82,34
1785611784.9,82,17
1785611785.2,81,46
1785611785.3,82,2
1785611785.4,81,34
1785611786.4,81,2
1785611786.4,81,17
1785611786.5,82,47
1785611787.1,81,47
1785611787.5,82,33
1785611788.0,82,26
1785611788.4,81,33
1785611788.7,82,48
1785611789.2,81,48
1785611789.6,81,26
1785611790.2,82,39
1785611790.4,82,48
1785611790.6,82,22
1785611790.6,82,47
1785611791.0,81,48
1785611791.0,82,46
1785611791.4,82,17
1785611791.6,82,4
1785611791.7,81,47
1785611791.7,82,42
1785611792.4,82,2
1785611792.8,82,47
1785611793.1,81,39
1785611793.1,81,46
1785611793.4,82,40
1785611793.5,81,47
1785611794.2,81,22
1785611794.6,81,17
1785611794.8,81,2
1785611794.8,81,4
1785611795.7,81,8
1785611795.8,81,42
1785611795.9,82,17
1785611795.9,82,19
1785611795.9,82,29
1785611795.9,82,31
1785611796.1,81,19
1785611796.6,82,2
1785611796.6,82,8
1785611797.0,81,29
1785611797.0,81,31
1785611797.3,82,47
1785611797.9,81,47
1785611797.9,82,46
1785611798.1,82,39
1785611798.5,82,22
1785611798.9,81,2
1785611799.0,82,2
1785611799.3,82,29
1785611799.3,82,31
1785611799.6,81,8
1785611799.6,81,46
1785611799.6,82,36
1785611799.8,82,48
1785611799.9,82,4
1785611799.9,82,8
1785611800.0,82,47
1785611800.1,81,47
1785611800.2,81,36
1785611800.3,81,29
1785611800.3,81,48
1785611800.9,81,2
1785611801.0,81,17
1785611801.0,81,31
1785611801.5,82,46
1785611801.9,82,35
1785611802.1,82,47
1785611802.2,82,36
1785611802.3,82,17
1785611802.3,82,48
1785611802.5,81,35
1785611802.5,81,39
1785611802.5,82,2
1785611802.7,81,8
1785611802.7,81,36
1785611802.7,81,47
1785611802.8,82,39
1785611803.0,81,46
1785611803.0,81,48
1785611803.6,82,42
1785611803.8,82,46
1785611804.4,81,42
1785611804.5,82,34
1785611804.6,81,2
1785611804.6,82,35
1785611805.0,81,35
1785611805.1,81,34
1785611805.1,82,47
1785611805.2,81,46
1785611805.7,81,47
1785611806.3,82,2
1785611806.3,82,46
1785611806.4,81,17
1785611806.4,82,48
1785611806.5,81,2
1785611806.9,82,17
1785611807.1,82,34
1785611807.2,82,43
1785611807.7,81,34
1785611807.7,81,48
1785611807.7,82,2
1785611807.7,82,19
1785611808.1,81,19
1785611808.2,81,46
1785611808.5,82,8
1785611808.8,82,47
1785611809.0,82,29
1785611809.4,82,33
1785611809.6,82,26
1785611809.6,82,46
1785611809.8,82,31
1785611809.9,81,2
1785611810.0,81,17
1785611810.0,81,47
1785611810.3,81,31
1785611810.5,82,17
1785611810.6,81,43
1785611810.8,82,2
1785611811.1,82,47
1785611811.5,81,46
1785611811.5,82,43
1785611811.8,81,47
1785611813.1,82,31
1785611813.1,82,46
1785611813.2,81,2
1785611813.3,81,17
1785611813.3,81,33
1785611813.6,82,17
1785611813.7,82,45
1785611813.8,81,43
1785611813.8,82,36
1785611814.3,81,36
1785611814.3,82,2
1785611814.5,81,26
1785611815.0,82,43
1785611815.5,82,48
1785611815.9,81,2
1785611815.9,82,35
1785611816.0,81,48
1785611816.3,81,31
1785611816.4,81,35
1785611817.0,82,2
1785611817.7,81,46
1785611818.1,82,34
1785611819.1,81,34
1785611819.4,81,2
1785611819.7,81,17
1785611819.7,82,47
1785611820.3,81,47
1785611821.6,82,46
1785611821.7,82,26
1785611821.8,82,33
1785611822.0,81,39
1785611822.1,82,17
1785611822.3,81,33
1785611822.7,81,46
1785611822.7,82,2
1785611823.4,81,4
1785611823.4,82,46
1785611824.0,81,26
1785611824.1,81,8
1785611824.1,82,4
1785611824.1,82,39
1785611824.3,81,2
1785611824.7,81,4
1785611824.7,81,46
1785611824.7,82,2
1785611825.3,81,29
1785611825.8,81,43
1785611825.8,82,4
1785611825.9,82,36
1785611826.2,81,2
1785611826.4,81,36
1785611826.5,81,17
1785611828.0,82,35
1785611828.5,81,35
1785611828.7,82,36
1785611829.2,81,36
1785611830.2,82,34
1785611830.6,81,34
1785611831.0,82,35
1785611831.0,82,36
1785611831.5,81,35
1785611831.6,81,36
1785611832.4,82,36
1785611833.0,81,36
1785611833.4,81,39
1785611833.4,82,34
1785611833.4,82,35
1785611833.7,82,26
1785611833.7,82,39
1785611833.8,81,4
1785611833.9,81,34
1785611834.0,81,35
1785611834.8,82,4
1785611835.0,82,35
1785611835.2,81,26
1785611835.5,81,35
1785611835.8,82,34
1785611836.4,81,34
1785611836.5,82,48
1785611837.0,81,48
1785611837.2,82,26
1785611837.2,82,35
1785611837.4,82,34
1785611837.8,81,35
1785611837.9,81,39
1785611838.0,81,34
1785611838.6,82,39
1785611838.6,82,48
1785611838.7,82,47
1785611838.8,81,26
1785611839.2,81,47
1785611839.2,81,48
1785611839.5,82,26
1785611839.9,82,33
1785611839.9,82,34
1785611840.1,81,33
1785611840.5,81,34
1785611840.7,82,48
1785611840.9,82,47
1785611841.0,82,33
1785611841.2,81,48
1785611841.5,81,47
1785611841.9,81,33
1785611841.9,82,46
1785611842.3,82,35
1785611842.5,82,17
1785611842.7,81,46
1785611842.8,81,35
1785611843.0,82,2
1785611843.0,82,47
1785611843.2,81,26
1785611843.5,81,47
1785611843.9,81,2
1785611843.9,81,17
1785611844.4,82,34
1785611844.9,81,34
1785611845.2,82,26
1785611845.3,82,33
1785611845.6,82,19
1785611845.7,82,46
1785611846.2,81,19
1785611846.2,81,22
1785611846.2,82,17
1785611846.8,82,2
1785611846.9,81,39
1785611847.1,81,4
1785611849.4,81,40
1785611851.6,82,40
1785611851.9,82,47
1785611852.2,81,40
1785611852.6,81,47
1785611853.6,82,40
1785611853.6,82,47
1785611854.1,81,40
1785611854.4,81,47
1785611855.5,82,40
1785611856.0,81,40
1785611856.0,82,48
1785611856.5,81,46
1785611856.6,81,48
1785611857.7,82,40
1785611857.8,82,46
1785611857.9,82,48
1785611858.1,81,2
1785611858.1,81,17
1785611858.1,81,40
1785611858.5,82,17
1785611858.7,81,48
1785611858.9,82,2
1785611859.0,82,47
1785611860.0,81,47
1785611860.5,81,38
1785611860.5,82,40
1785611860.9,81,40
1785611860.9,82,38
1785611861.3,82,48
1785611861.8,82,47
1785611861.9,81,7
1785611862.1,81,48
1785611862.7,82,7
1785611862.9,81,47
1785611863.1,82,39
1785611863.2,81,30
1785611863.7,81,41
1785611863.8,82,22
1785611863.8,82,48
1785611863.9,81,38
1785611863.9,82,40
1785611864.3,81,40
1785611864.4,81,3
1785611864.7,82,4
1785611864.8,81,48
1785611864.8,82,42
1785611865.2,82,38
1785611865.4,81,7
1785611865.8,82,47
1785611866.5,82,48
1785611867.0,82,31
1785611867.1,82,7
1785611867.2,81,38
1785611867.2,82,40
1785611867.5,81,48
1785611867.6,81,47
1785611867.7,81,40
1785611868.2,82,8
1785611868.5,81,24
1785611868.8,81,7
1785611869.0,82,29
1785611869.4,81,29
1785611869.8,82,29
1785611870.2,81,29
1785611870.4,81,39
1785611871.2,82,47
1785611871.8,81,22
1785611872.6,81,4
1785611874.9,81,47
1785611878.8,82,47
1785611880.6,81,42
1785611881.5,82,36
1785611881.6,81,31
1785611881.7,81,8
1785611881.9,81,36
1785611883.8,81,47
1785611884.1,82,35
1785611884.7,81,35
1785611887.4,82,34
1785611888.2,81,34
1785611888.8,82,36
1785611889.2,81,36
1785611890.8,82,35
1785611891.3,81,35
1785611892.0,82,36
1785611892.5,81,36
1785611893.4,82,34
1785611894.1,81,34
1785611894.1,82,35
1785611894.3,82,36
1785611894.7,81,35
1785611894.9,81,36
1785611896.8,82,35
1785611896.9,82,34
1785611897.4,81,35
1785611897.7,81,34
1785611898.6,81,33
1785611898.8,81,46
1785611899.2,82,46
1785611899.5,82,48
1785611899.9,82,34
1785611900.3,81,48
1785611900.8,81,34
1785611901.9,81,46
1785611902.0,82,33
1785611903.2,81,17
1785611903.2,82,36
1785611903.4,81,2
1785611903.4,82,46
1785611903.5,82,47
1785611903.6,82,17
1785611903.7,81,36
1785611904.1,82,2
1785611904.3,81,33
1785611904.3,81,47
1785611905.2,82,33
1785611905.4,81,46
1785611905.4,82,35
1785611905.6,82,47
1785611906.0,81,35
1785611906.5,81,2
1785611906.6,81,17
1785611907.1,82,46
1785611907.2,81,33
1785611907.4,82,17
1785611907.5,81,47
1785611907.9,82,33
1785611908.1,82,2
1785611908.1,82,34
1785611908.5,82,19
1785611909.0,81,46
1785611909.2,81,34
1785611909.4,81,19
1785611909.5,81,33
1785611909.5,82,46
1785611909.7,82,47
1785611910.0,81,47
1785611910.1,82,33
1785611910.2,81,2
1785611910.6,82,2
1785611910.9,82,19
1785611911.3,81,19
1785611911.7,81,46
1785611911.8,82,36
1785611911.9,81,33
1785611912.3,81,36
1785611912.9,81,26
1785611913.1,82,46
1785611913.3,82,26
1785611913.4,81,2
1785611913.5,82,19
1785611913.8,82,33
1785611914.0,82,2
1785611914.2,82,35
1785611914.4,81,19
1785611914.4,82,36
1785611914.7,81,35
1785611914.9,81,33
1785611914.9,81,36
1785611916.1,81,46
1785611916.3,81,26
1785611916.7,82,34
1785611916.7,82,46
1785611916.8,82,35
1785611917.2,81,2
1785611917.3,81,34
1785611917.4,81,35
1785611917.9,82,2
1785611918.1,82,38
1785611918.2,81,46
1785611918.5,82,24
1785611919.2,82,34
1785611919.7,81,2
1785611919.8,81,17
1785611919.8,81,34
1785611919.9,82,7
1785611920.2,82,35
1785611920.7,81,35
1785611920.8,82,33
1785611920.9,82,26
1785611921.5,81,33
1785611922.5,82,34
1785611922.9,81,26
1785611923.1,81,34
1785611923.2,82,33
1785611923.3,82,26
1785611923.8,81,33
1785611925.4,81,26
1785611926.5,82,26
1785611926.5,82,33
1785611926.9,81,33
1785611928.2,81,26
1785611930.7,82,39
1785611931.2,82,36
1785611931.3,82,22
1785611931.7,81,36
1785611932.1,82,4
1785611932.8,82,36
1785611933.1,81,39
1785611933.4,81,36
1785611933.5,82,35
1785611934.1,81,35
1785611934.8,81,22
1785611934.8,82,48
1785611935.3,82,35
1785611935.8,81,48
1785611935.9,81,35
1785611936.0,82,34
1785611936.5,81,4
1785611936.7,81,34
1785611937.5,82,47
1785611938.2,82,34
1785611938.5,82,48
1785611938.8,81,47
1785611939.0,81,34
1785611939.5,81,48
1785611941.1,82,47
1785611941.5,82,26
1785611941.6,82,33
1785611942.8,82,40
1785611943.0,81,47
1785611943.2,82,46
1785611943.4,81,46
1785611943.7,82,46
1785611943.8,82,17
1785611944.4,81,40
1785611944.7,82,2
1785611946.1,82,40
1785611946.8,81,40
1785611947.1,81,7
1785611947.6,82,7
1785611948.9,82,48
1785611949.1,81,38
1785611949.1,82,40
1785611949.2,81,2
1785611949.5,81,48
1785611949.8,81,40
1785611949.8,82,39
1785611950.4,82,2
1785611950.5,81,24
1785611950.6,81,7
1785611951.3,81,2
1785611951.5,82,2
1785611951.9,82,47
1785611952.8,81,47
1785611955.7,82,19
1785611956.5,81,19
1785611957.7,82,47
1785611958.9,81,47
1785611962.8,81,33
1785611963.9,82,33
1785611964.8,82,47
1785611965.8,81,47
1785611966.0,81,2
1785611966.1,81,46
1785611966.2,82,42
1785611966.4,82,46
1785611966.5,81,33
1785611967.3,82,2
1785611967.3,82,48
1785611967.6,81,26
1785611968.3,81,48
1785611968.8,81,46
1785611969.0,81,42
1785611969.1,82,46
1785611970.5,82,47
1785611971.0,81,46
1785611971.5,81,47
1785611971.7,82,47
1785611971.8,82,46
1785611972.4,81,2
1785611972.7,82,2
1785611972.8,81,47
1785611973.2,81,46
1785611974.0,82,46
1785611974.7,81,2
1785611975.0,82,2
1785611975.5,81,46
1785611976.1,82,42
1785611976.7,81,17
1785611976.8,81,2
1785611977.1,82,46
1785611977.4,82,17
1785611978.2,82,2
1785611978.6,81,46
1785611979.9,81,2
1785611980.0,81,17
1785611981.7,82,36
1785611982.1,81,36
1785611983.3,82,35
1785611984.2,81,35
1785611985.4,82,34
1785611986.2,81,34
1785611988.8,82,33
1785611989.1,82,26
1785611989.3,81,33
1785611991.1,81,26
1785611999.5,81,39
1785612012.1,82,36
1785612012.5,81,36
1785612012.7,82,36
1785612012.8,81,36
1785612013.2,82,36
1785612013.6,81,36
1785612014.2,82,35
1785612014.6,81,35
1785612015.3,82,35
1785612015.8,81,35
1785612015.9,82,38
1785612016.0,82,24
1785612016.3,82,34
1785612016.4,82,30
1785612016.8,81,34
1785612017.5,82,7
1785612017.5,82,34
1785612018.0,81,30
1785612018.0,82,3
1785612018.1,81,34
1785612019.6,82,33
1785612019.7,81,3
1785612020.2,81,33
1785612020.2,82,26
1785612021.2,82,33
1785612021.7,81,33
1785612023.1,81,26
1785612032.0,81,7
1785612032.2,82,7
1785612033.2,82,40
1785612033.4,81,24
1785612033.6,81,7
1785612033.7,82,24
1785612033.8,81,40
1785612033.8,82,7
1785612033.9,81,24
1785612035.8,81,38
1785612035.8,82,40
1785612036.2,81,40
1785612036.5,82,24
1785612036.8,81,7
1785612036.8,82,38
1785612037.0,82,2
1785612037.6,81,2
1785612038.3,82,7
1785612039.1,82,2
1785612039.3,81,2
1785612039.4,81,38
1785612039.4,82,40
1785612039.9,81,40
1785612040.6,82,38
1785612040.8,81,7
1785612041.6,82,48
1785612042.0,81,48
1785612042.1,82,7
1785612042.5,81,38
1785612042.5,82,40
1785612042.9,81,40
1785612043.4,82,38
1785612043.4,82,48
1785612043.9,81,7
1785612044.0,81,48
1785612044.3,82,47
1785612044.9,81,47
1785612044.9,82,7
1785612045.7,81,38
1785612045.7,82,40
1785612046.2,81,40
1785612046.2,82,47
1785612046.4,82,48
1785612046.6,81,48
1785612046.7,81,47
1785612046.7,82,19
1785612047.1,81,24
1785612047.2,81,7
1785612047.5,81,19
1785612049.8,82,46
1785612049.8,82,47
1785612050.1,81,47
1785612050.1,82,17
1785612050.8,82,2
1785612050.9,82,36
1785612051.4,81,36
1785612052.3,82,47
1785612053.0,82,35
1785612053.3,81,47
1785612053.5,81,35
1785612054.3,82,47
1785612055.4,81,47
1785612055.4,82,34
1785612056.1,81,34
1785612056.2,82,19
1785612056.4,81,19
1785612057.1,82,47
1785612058.1,82,48
1785612058.8,81,47
1785612059.1,81,48
1785612059.4,82,19
1785612059.8,81,19
1785612059.9,82,33
1785612060.2,81,46
1785612060.2,82,26
1785612060.3,82,47
1785612060.4,81,47
1785612061.3,81,33
1785612061.3,82,46
1785612061.3,82,47
1785612062.3,82,48
1785612062.5,81,26
1785612063.5,81,48
1785612064.4,82,48
1785612065.6,81,46
1785612065.8,82,36
1785612065.8,82,46
1785612066.0,81,48
1785612066.4,81,36
1785612066.7,81,47
1785612067.7,82,36
1785612067.9,81,46
1785612068.1,82,35
1785612068.2,81,36
1785612068.4,82,46
1785612068.4,82,47
1785612068.6,81,35
1785612069.3,81,2
1785612069.5,82,2
1785612069.6,82,48
1785612069.9,82,19
1785612070.0,82,35
1785612070.4,81,19
1785612070.4,81,46
1785612070.4,82,34
1785612070.5,81,35
1785612070.8,82,46
1785612070.9,81,34
1785612072.4,82,34
1785612072.5,81,47
1785612072.6,82,19
1785612072.9,81,19
1785612072.9,81,34
1785612073.0,81,46
1785612073.3,81,48
1785612073.4,82,46
1785612073.9,82,47
1785612074.2,82,33
1785612074.3,82,26
1785612074.3,82,48
1785612075.1,81,33
1785612075.4,81,46
1785612075.5,81,47
1785612075.7,82,46
1785612076.2,81,26
1785612076.4,82,33
1785612076.6,82,26
1785612076.6,82,47
1785612076.7,81,48
1785612076.8,82,48
1785612077.2,81,33
1785612077.4,81,48
1785612077.6,82,36
1785612077.7,81,46
1785612078.1,81,36
1785612078.3,81,47
1785612078.6,81,26
1785612078.6,82,19
1785612078.9,81,19
1785612079.1,82,46
1785612079.2,82,47
1785612079.2,82,48
1785612079.3,81,17
1785612079.4,81,2
1785612079.6,82,17
1785612079.9,82,35
1785612080.0,82,2
1785612080.2,82,36
1785612080.4,81,48
1785612080.5,81,35
1785612080.5,81,47
1785612080.7,81,36
1785612080.7,81,46
1785612081.4,82,46
1785612081.9,81,2
1785612082.2,82,47
1785612082.2,82,48
1785612082.3,82,35
1785612082.5,82,2
1785612082.5,82,34
1785612082.7,81,35
1785612082.8,81,46
1785612083.0,81,34
1785612083.1,81,48
1785612083.3,81,47
1785612084.0,81,2
1785612084.0,81,17
1785612084.1,82,46
1785612084.4,82,47
1785612084.5,82,34
1785612084.6,81,47
1785612084.6,82,17
1785612085.1,81,34
1785612085.1,82,2
1785612085.3,82,48
1785612085.9,81,46
1785612086.6,81,48
1785612086.8,82,46
1785612086.9,82,38
1785612087.1,82,26
1785612087.1,82,33
1785612087.2,82,47
1785612087.4,81,2
1785612087.4,82,24
1785612087.7,82,2
1785612087.8,82,19
1785612088.1,81,47
1785612088.3,81,33
1785612088.4,81,46
1785612088.5,81,19
1785612088.9,82,7
1785612089.1,82,46
1785612089.2,82,33
1785612089.6,82,48
1785612089.9,81,2
1785612089.9,82,47
1785612090.0,82,2
1785612090.3,81,33
1785612090.6,81,46
1785612090.7,82,46
1785612090.8,81,47
1785612090.8,81,48
1785612090.9,82,39
1785612091.5,81,38
1785612091.5,82,40
1785612091.6,81,26
1785612091.9,82,22
1785612092.1,82,48
1785612092.5,81,46
1785612092.7,82,4
1785612093.2,81,40
1785612093.2,81,48
1785612093.2,82,38
1785612093.3,82,46
1785612093.8,82,48
1785612094.1,81,2
1785612094.4,82,2
1785612094.5,82,47
1785612095.0,81,46
1785612095.1,81,48
1785612095.6,81,47
1785612095.9,82,46
1785612096.7,81,2
1785612096.9,82,2
1785612097.1,82,47
1785612097.2,81,46
1785612098.2,81,47
1785612098.4,81,2
1785612098.6,82,47
1785612098.8,81,17
1785612098.8,82,43
1785612099.5,82,8
1785612099.7,81,47
1785612099.9,82,29
1785612100.5,81,39
1785612101.6,81,4
1785612101.6,81,22
1785612101.7,81,42
1785612101.9,82,31
1785612102.0,82,46
1785612102.3,81,31
1785612102.3,82,17
1785612102.3,82,19
1785612102.9,81,19
1785612103.0,82,2
1785612104.2,81,46
1785612104.5,82,46
1785612105.1,81,8
1785612106.5,81,46
1785612106.6,81,29
1785612106.6,82,46
1785612106.9,81,43
1785612108.3,81,46
1785612108.4,82,36
1785612109.2,81,36
1785612109.5,81,2
1785612109.6,81,17
1785612110.8,82,35
1785612111.3,82,48
1785612111.9,81,35
1785612112.0,81,48
1785612112.3,82,47
1785612112.9,81,47
1785612113.3,82,48
1785612114.0,81,48
1785612114.3,81,45
1785612114.6,82,34
1785612114.6,82,47
1785612114.7,81,38
1785612114.8,82,40
1785612115.5,81,34
1785612115.5,81,47
1785612116.1,81,40
1785612116.5,82,47
1785612117.3,81,47
1785612117.5,82,46
1785612117.9,82,17
1785612117.9,82,19
1785612118.0,82,34
1785612118.0,82,36
1785612118.4,82,2
1785612118.5,81,36
1785612118.7,81,19
1785612119.3,81,34
1785612119.3,82,48
1785612119.9,81,24
1785612120.0,81,7
1785612120.0,81,48
1785612120.4,82,35
1785612120.6,82,48
1785612120.8,82,36
1785612121.1,81,35
1785612121.3,81,48
1785612121.6,82,26
1785612121.6,82,34
1785612121.7,81,36
1785612122.2,82,33
1785612122.8,81,34
1785612123.5,82,35
1785612124.2,82,34
1785612124.4,82,47
1785612125.2,81,35
1785612125.6,81,47
1785612125.9,81,34
1785612126.3,82,47
1785612127.7,81,47
1785612128.6,82,34
1785612129.3,82,19
1785612129.6,81,19
1785612130.5,82,47
1785612131.3,82,24
1785612131.3,82,38
1785612131.9,81,34
1785612132.2,81,47
1785612132.6,82,48
1785612133.0,82,7
1785612133.4,81,48
1785612133.6,82,19
1785612134.3,82,43
1785612134.7,81,33
1785612135.1,82,33
1785612135.1,82,48
1785612135.5,81,19
1785612135.5,81,43
1785612135.8,81,48
1785612136.0,82,34
1785612136.1,82,29
1785612136.2,82,8
1785612136.4,82,31
1785612136.6,82,43
1785612136.7,82,48
1785612136.9,81,31
1785612137.4,81,48
1785612137.5,82,47
1785612137.7,82,31
1785612137.8,81,33
1785612137.9,81,46
1785612137.9,82,33
1785612138.0,82,46
1785612138.5,81,29
1785612138.5,81,31
1785612138.5,81,34
1785612138.5,81,43
1785612139.2,81,8
1785612139.3,82,34
1785612139.4,81,47
1785612139.7,82,19
1785612140.0,81,33
1785612140.0,82,48
1785612140.2,81,34
1785612140.3,81,19
1785612140.3,82,47
1785612141.1,81,26
1785612141.3,82,33
1785612141.4,82,26
1785612141.5,81,48
1785612141.7,81,2
1785612142.1,82,2
1785612142.9,81,47
1785612143.0,82,47
1785612143.8,81,33
1785612143.8,81,46
1785612144.1,82,46
1785612145.1,81,47
1785612145.3,81,26
1785612145.7,81,46
1785612145.9,82,26
1785612146.1,82,33
1785612147.0,81,2
1785612147.1,81,17
1785612147.1,82,19
1785612147.1,82,46
1785612147.5,81,19
1785612147.5,82,17
1785612148.0,82,2
1785612148.4,82,47
1785612148.8,81,46
1785612149.5,82,19
1785612149.6,82,46
1785612149.7,81,47
1785612149.9,81,19
1785612150.1,81,2
1785612150.6,82,2
1785612150.9,81,46
1785612152.1,81,2
1785612152.1,81,17
1785612152.4,82,46
1785612152.9,82,17
1785612152.9,82,19
1785612153.3,82,2
1785612153.7,81,19
1785612153.8,81,46
1785612154.0,82,46
1785612155.1,81,2
1785612156.2,82,2
1785612157.5,81,46
1785612158.8,81,17
1785612159.0,81,2
1785612159.7,81,33
1785612160.5,81,26
1785612175.4,82,40
1785612175.9,81,40
1785612178.1,82,40
1785612178.3,82,26
1785612178.5,81,40
1785612179.8,82,2
1785612179.9,82,33
1785612180.0,81,2
1785612180.3,81,38
1785612180.3,82,40
1785612180.6,82,38
1785612180.9,81,40
1785612181.9,81,7
1785612182.2,82,7
1785612182.9,82,40
1785612183.4,81,40
1785612184.2,81,7
1785612184.4,82,7
1785612185.1,81,38
1785612185.1,82,40
1785612185.5,81,40
1785612185.8,82,38
1785612186.5,81,7
1785612187.1,82,7
1785612187.9,81,38
1785612187.9,82,40
1785612188.1,82,38
1785612188.3,81,40
1785612189.2,81,7
1785612189.8,82,7
1785612190.1,82,39
1785612190.3,81,38
1785612190.3,82,40
1785612190.8,81,40
1785612190.8,82,22
1785612191.5,81,24
1785612191.5,82,4
1785612191.9,81,7
1785612193.1,82,36
1785612193.6,81,36
1785612195.5,82,35
1785612196.0,81,4
1785612196.1,81,35
1785612196.1,82,36
1785612196.4,82,43
1785612196.5,82,4
1785612196.7,81,36
1785612197.1,81,39
1785612197.5,82,8
1785612197.9,82,29
1785612198.2,81,22
1785612198.2,82,34
1785612198.9,81,4
1785612198.9,81,34
1785612198.9,82,35
1785612199.6,81,35
1785612200.6,82,31
1785612200.9,81,31
1785612201.6,81,8
1785612202.1,82,34
1785612202.2,81,43
1785612202.4,82,31
1785612202.8,81,34
1785612202.9,81,29
1785612202.9,81,31
1785612211.4,82,45
1785612211.8,82,48
1785612212.4,81,45
1785612212.6,82,43
1785612212.7,81,48
1785612213.8,82,8
1785612214.3,82,29
1785612214.8,82,45
1785612214.9,81,33
1785612215.8,81,45
1785612216.1,82,47
1785612216.2,81,26
1785612216.6,82,31
1785612217.0,81,31
1785612217.1,81,47
1785612217.1,82,3
1785612217.5,82,41
1785612219.2,82,30
1785612221.2,81,43
1785612222.7,81,8
1785612223.4,82,31
1785612223.8,81,29
1785612223.8,81,31
1785612224.9,82,46
1785612225.0,82,17
1785612225.4,82,2
1785612231.1,81,46
1785612232.7,81,2
1785612232.7,81,17
1785612232.9,82,47
1785612233.2,81,30
1785612233.4,81,47
1785612234.1,81,41
1785612234.6,81,3
1785612235.2,82,42
1785612235.5,82,19
1785612235.9,81,19
1785612236.1,81,42
1785612236.9,82,29
1785612236.9,82,31
1785612237.2,82,42
1785612237.3,81,42
1785612237.5,82,46
1785612237.9,82,17
1785612238.3,82,8
1785612238.4,82,48
1785612238.5,82,2
1785612238.7,82,47
1785612238.8,82,42
1785612239.1,81,48
1785612239.5,81,47
1785612240.2,81,42
1785612240.5,81,29
1785612240.7,82,42
1785612241.2,82,30
1785612241.4,82,47
1785612242.0,82,19
1785612242.1,81,47
1785612242.3,82,48
1785612242.5,81,19
1785612242.6,82,41
1785612242.7,82,3
1785612242.8,81,42
1785612242.9,81,48
1785612243.6,81,30
1785612243.6,81,41
1785612244.1,81,31
1785612244.2,81,8
1785612244.3,82,42
1785612244.9,81,3
1785612245.1,82,47
1785612245.9,81,47
1785612246.0,82,48
1785612246.5,81,48
1785612246.9,82,29
1785612246.9,82,31
1785612247.7,81,29
1785612247.7,81,31
1785612247.8,81,42
1785612248.0,82,8
1785612248.5,82,36
1785612248.9,81,8
1785612249.2,82,47
1785612249.7,81,36
1785612249.8,82,24
1785612250.1,81,24
1785612250.4,81,47
1785612251.1,82,48
1785612251.8,81,48
1785612251.8,82,35
1785612253.5,81,35
1785612254.0,82,36
1785612254.6,82,47
1785612254.8,81,36
1785612254.9,82,36
1785612255.1,82,39
1785612255.2,81,36
1785612255.7,81,47
1785612255.7,82,34
1785612255.8,82,22
1785612256.8,81,34
1785612257.0,82,4
1785612257.0,82,35
1785612257.2,82,48
1785612257.5,82,47
1785612257.8,81,35
1785612258.1,81,48
1785612258.7,82,34
1785612259.9,81,34
1785612259.9,81,47
1785612259.9,82,36
1785612260.1,81,36
1785612261.4,82,34
1785612261.6,82,33
1785612261.8,82,26
1785612261.8,82,36
1785612262.2,82,47
1785612262.6,81,36
1785612263.0,81,34
1785612263.1,81,33
1785612263.9,82,33
1785612263.9,82,35
1785612264.6,81,46
1785612264.7,81,35
1785612265.0,81,33
1785612265.3,82,3
1785612265.6,82,35
1785612265.9,82,34
1785612266.2,82,36
1785612266.5,81,26
1785612266.6,81,35
1785612266.9,81,34
1785612267.0,81,36
1785612267.0,81,47
1785612267.2,82,33
1785612267.3,82,26
1785612268.1,82,34
1785612268.2,82,38
1785612268.5,82,24
1785612269.0,81,33
1785612269.1,81,34
1785612269.2,82,36
1785612269.5,81,36
1785612269.9,82,34
1785612269.9,82,48
1785612270.0,81,3
1785612270.0,82,7
1785612270.2,81,48
1785612270.4,82,35
1785612270.4,82,36
1785612270.8,81,34
1785612270.8,82,46
1785612271.3,81,36
1785612271.5,81,35
1785612271.6,82,33
1785612271.6,82,34
1785612272.7,82,35
1785612273.0,81,46
1785612273.7,81,35
1785612274.0,81,34
1785612274.2,82,47
1785612274.3,81,2
1785612274.4,81,17
1785612274.6,82,35
1785612274.6,82,48
1785612274.7,82,17
1785612274.7,82,46
1785612275.3,82,2
1785612275.6,81,35
1785612275.7,82,34
1785612276.2,82,36
1785612276.6,81,47
1785612276.8,82,35
1785612277.0,81,36
1785612277.4,81,34
1785612278.0,81,35
1785612278.1,82,19
1785612278.2,82,34
1785612278.8,81,19
1785612280.9,81,34
1785612281.5,81,48
1785612281.6,82,34
1785612282.3,82,19
1785612282.7,82,35
1785612282.7,82,47
1785612283.1,81,19
1785612283.9,82,48
1785612284.1,81,35
1785612284.4,82,35
1785612284.8,81,33
1785612285.2,82,33
1785612285.8,81,47
1785612286.3,81,34
1785612286.4,82,19
1785612287.0,81,19
1785612287.0,81,35
1785612287.5,81,48
1785612287.8,81,33
1785612287.8,82,47
1785612288.1,82,34
1785612288.2,82,33
1785612288.2,82,36
1785612289.2,81,36
1785612289.4,81,33
1785612289.8,81,34
1785612290.5,81,47
1785612291.3,82,33
1785612291.5,82,34
1785612291.7,81,46
1785612291.9,81,33
1785612291.9,82,46
1785612292.3,82,47
1785612293.0,81,34
1785612293.1,82,33
1785612294.1,82,48
1785612294.5,81,33
1785612294.9,81,47
1785612295.0,82,35
1785612295.1,82,33
1785612295.1,82,34
1785612295.5,81,48
1785612295.5,82,19
1785612295.6,82,47
1785612295.9,81,19
1785612296.5,81,33
1785612296.6,81,35
1785612296.6,81,46
1785612296.8,82,46
1785612297.1,81,34
1785612297.8,82,34
1785612297.9,81,26
1785612297.9,81,47
1785612298.3,82,26
1785612298.3,82,33
1785612298.7,82,48
1785612298.8,82,47
1785612298.9,81,34
1785612299.0,82,35
1785612299.2,82,19
1785612299.3,81,48
1785612299.5,81,19
1785612299.5,81,33
1785612300.3,82,34
1785612300.4,82,30
1785612300.6,81,35
1785612300.6,81,47
1785612300.7,81,26
1785612301.0,82,33
1785612301.1,81,34
1785612301.1,82,26
1785612301.5,81,46
1785612301.6,82,19
1785612301.9,81,19
1785612301.9,82,41
1785612302.3,82,35
1785612302.4,82,46
1785612302.5,82,3
1785612303.0,81,33
1785612303.2,82,33
1785612303.2,82,48
1785612303.3,81,2
1785612303.5,82,2
1785612303.7,82,19
1785612303.8,81,35
1785612304.2,81,46
1785612304.2,81,48
1785612304.4,82,34
1785612304.4,82,36
1785612304.5,81,19
1785612304.5,82,46
1785612304.6,81,33
1785612305.1,82,47
1785612305.3,81,34
1785612305.3,82,33
1785612305.5,81,36
1785612305.5,82,35
1785612306.4,81,33
1785612306.4,81,46
1785612306.6,81,35
1785612306.6,81,47
1785612306.8,82,46
1785612306.9,82,34
1785612307.7,81,2
1785612307.7,81,26
1785612307.9,81,34
1785612307.9,82,2
1785612308.4,81,46
1785612309.0,82,35
1785612309.1,82,47
1785612309.2,82,34
1785612309.2,82,46
1785612309.4,82,36
1785612309.7,82,33
1785612309.8,81,35
1785612309.8,82,26
1785612309.9,81,2
1785612309.9,81,34
1785612310.0,81,36
1785612310.2,81,47
1785612310.2,82,2
1785612311.0,81,46
1785612311.8,81,33
1785612312.2,82,35
1785612312.3,82,33
1785612312.5,82,34
1785612312.8,81,2
1785612312.8,81,35
1785612312.9,82,46
1785612313.2,82,2
1785612313.3,81,34
1785612313.5,81,2
1785612313.9,82,2
1785612314.1,82,43
1785612314.3,81,33
1785612314.4,82,35
1785612314.6,81,46
1785612314.6,82,33
1785612315.0,81,35
1785612315.2,82,34
1785612315.4,82,8
1785612315.8,81,17
1785612315.9,81,34
1785612316.0,81,2
1785612316.0,82,29
1785612316.1,82,17
1785612316.1,82,46
1785612317.1,82,2
1785612317.2,81,33
1785612317.4,82,34
1785612317.6,81,43
1785612317.7,81,46
1785612318.0,82,33
1785612318.1,81,34
1785612318.7,82,43
1785612319.0,81,2
1785612319.5,81,17
1785612321.2,82,31
1785612321.5,81,31
1785612322.2,82,31
1785612322.4,81,8
1785612322.5,81,31
1785612323.5,81,29
1785612323.8,81,43
1785612325.6,81,38
1785612325.6,82,40
1785612326.7,81,40
1785612326.8,81,24
1785612326.9,81,7
1785612327.0,82,47
1785612327.6,81,47
1785612329.0,82,43
1785612329.5,81,4
1785612329.5,81,22
1785612329.9,82,19
1785612330.0,82,8
1785612330.3,81,19
1785612330.8,82,29
1785612332.3,82,46
1785612332.7,82,17
1785612333.6,82,2
1785612336.9,81,39
1785612337.2,81,43
1785612338.4,81,8
1785612338.4,82,43
1785612338.6,82,48
1785612338.9,81,46
1785612339.2,81,48
1785612339.4,81,29
1785612339.5,81,43
1785612341.0,82,48
1785612341.1,81,17
1785612341.3,81,2
1785612341.5,82,47
1785612341.8,81,48
1785612342.1,81,47
1785612343.4,82,48
1785612344.0,82,47
1785612344.1,81,48
1785612344.8,81,47
1785612346.4,82,46
1785612346.5,82,47
1785612346.8,82,17
1785612347.3,81,47
1785612347.6,82,2
1785612347.9,82,38
1785612348.6,82,24
1785612349.6,82,48
1785612349.7,82,7
1785612349.8,82,40
1785612350.2,81,40
1785612350.3,81,48
1785612351.8,81,38
1785612351.8,82,40
1785612351.9,82,42
1785612352.1,82,48
1785612352.3,81,40
1785612352.8,81,48
1785612352.9,81,24
1785612353.1,81,42
1785612353.2,81,7
1785612353.2,81,30
1785612353.2,82,47
1785612353.5,81,41
1785612353.5,82,31
1785612353.5,82,48
1785612353.7,82,39
1785612354.3,81,3
1785612354.3,81,48
1785612354.3,82,42
1785612354.4,81,47
1785612354.6,82,22
1785612355.0,82,48
1785612355.3,82,8
1785612355.4,82,4
1785612355.9,81,48
1785612356.3,82,47
1785612356.9,82,48
1785612357.8,81,48
1785612358.0,81,47
1785612358.6,82,47
1785612360.3,82,38
1785612360.8,81,47
1785612360.8,82,24
1785612361.2,82,48
1785612362.2,81,48
1785612362.2,82,7
1785612362.5,81,4
1785612363.2,82,4
1785612363.8,82,48
1785612365.2,81,48
1785612365.9,81,42
1785612366.7,82,40
1785612366.9,81,31
1785612367.1,81,8
1785612367.1,82,47
1785612367.4,81,40
1785612368.5,81,39
1785612368.8,82,40
1785612368.8,82,48
1785612369.3,81,40
1785612369.9,81,22
1785612370.5,81,4
1785612370.5,82,39
1785612371.5,81,38
1785612371.5,82,22
1785612371.5,82,40
1785612371.7,82,38
1785612371.9,81,47
1785612372.0,81,40
1785612372.3,82,4
1785612372.8,81,7
1785612373.3,82,7
1785612373.5,82,19
1785612373.8,81,38
1785612373.8,82,40
1785612373.9,82,38
1785612374.4,81,48
1785612375.1,81,40
1785612377.8,82,40
1785612377.9,82,36
1785612378.5,81,36
1785612378.8,82,28
1785612380.4,81,28
1785612380.5,82,35
1785612381.3,81,33
1785612381.6,82,28
1785612381.6,82,33
1785612381.7,81,35
1785612382.8,81,28
1785612382.9,81,19
1785612383.1,82,34
1785612384.0,81,33
1785612384.3,81,34
1785612384.4,81,46
1785612384.4,82,47
1785612384.8,82,46
1785612384.9,81,26
1785612387.2,81,47
1785612387.2,82,26
1785612387.2,82,33
1785612387.3,81,46
1785612387.6,82,46
1785612387.7,81,33
1785612388.8,82,47
1785612388.9,82,19
1785612389.0,81,47
1785612389.1,82,47
1785612389.2,81,19
1785612389.2,81,26
1785612391.2,81,47
1785612391.3,81,46
1785612392.0,82,19
1785612392.3,81,19
1785612392.3,82,47
1785612392.6,81,17
1785612392.8,81,2
1785612393.0,82,46
1785612393.2,82,17
1785612393.7,82,36
1785612394.0,81,47
1785612394.0,82,2
1785612394.1,81,36
1785612395.3,82,47
1785612395.6,82,36
1785612395.7,82,35
1785612396.0,81,36
1785612396.2,81,35
1785612396.4,81,47
1785612397.6,82,35
1785612397.8,82,34
1785612397.9,82,36
1785612398.1,81,36
1785612398.2,81,35
1785612398.3,81,34
1785612399.7,82,34
1785612399.7,82,35
1785612399.7,82,47
1785612400.2,81,35
1785612400.3,81,34
1785612400.4,81,47
1785612401.1,82,48
1785612401.5,81,48
1785612401.6,82,26
1785612401.6,82,33
1785612401.7,82,47
1785612401.9,81,33
1785612401.9,82,34
1785612402.1,81,46
1785612402.2,82,19
1785612402.4,81,34
1785612402.4,81,47
1785612402.6,81,19
1785612402.6,82,46
1785612403.2,81,26
1785612403.6,82,33
1785612403.7,82,26
1785612403.8,82,47
1785612404.1,81,33
1785612404.7,81,47
1785612404.7,82,19
1785612405.1,81,19
1785612405.5,82,33
1785612405.5,82,36
1785612405.5,82,48
1785612406.0,81,48
1785612406.1,81,33
1785612406.1,81,36
1785612407.1,82,19
1785612407.5,81,19
1785612407.5,81,26
1785612407.7,82,35
1785612408.1,81,35
1785612408.1,82,47
1785612408.3,82,36
1785612408.8,81,36
1785612408.8,81,47
1785612409.1,82,35
1785612409.6,81,35
1785612409.8,82,34
1785612410.3,81,34
1785612410.3,82,36
1785612410.3,82,47
1785612410.5,82,35
1785612410.6,81,36
1785612411.1,81,35
1785612411.1,81,47
1785612411.4,82,34
1785612411.4,82,43
1785612411.7,82,36
1785612411.9,81,34
1785612412.1,82,8
1785612412.2,81,36
1785612412.4,82,35
1785612412.5,82,47
1785612412.8,82,29
1785612413.0,81,35
1785612413.0,81,46
1785612413.0,82,34
1785612413.2,81,47
1785612413.2,82,46
1785612413.4,82,33
1785612413.5,81,34
1785612413.5,82,26
1785612413.7,82,36
1785612413.9,81,33
1785612414.1,82,35
1785612414.2,81,36
1785612414.4,81,43
1785612414.7,81,35
1785612414.8,82,34
1785612415.1,82,33
1785612415.3,81,46
1785612415.4,81,34
1785612415.4,82,43
1785612415.6,81,33
1785612415.6,82,46
1785612415.9,82,35
1785612416.4,81,35
1785612416.6,82,34
1785612416.9,82,33
1785612416.9,82,36
1785612417.2,81,34
1785612417.3,81,33
1785612417.3,81,46
1785612417.4,81,36
1785612417.7,82,46
1785612418.3,82,34
1785612418.5,81,2
1785612418.6,81,43
1785612418.7,82,2
1785612418.8,81,34
1785612419.0,81,8
1785612419.0,82,35
1785612419.1,82,33
1785612419.3,81,33
1785612419.5,81,35
1785612419.5,81,46
1785612419.7,82,43
1785612419.8,82,36
1785612420.3,81,36
1785612420.5,81,29
1785612421.0,82,33
1785612421.1,81,17
1785612421.3,81,2
1785612421.3,82,34
1785612421.4,81,43
1785612421.5,81,33
1785612421.7,81,34
1785612421.8,82,35
1785612421.8,82,36
1785612422.2,82,33
1785612422.3,81,35
1785612422.3,81,36
1785612423.1,81,33
1785612424.0,82,34
1785612424.1,82,35
1785612424.3,81,26
1785612424.6,81,34
1785612424.7,81,35
1785612425.0,82,26
1785612425.3,82,33
1785612425.6,81,33
1785612426.5,82,34
1785612426.7,81,26
1785612426.9,81,34
1785612427.4,82,26
1785612427.6,82,33
1785612428.0,81,33
1785612429.0,81,26
1785612429.9,82,33
1785612430.0,82,26
1785612430.7,81,33
1785612431.7,81,26
1785612439.5,82,47
1785612440.1,81,47
1785612442.1,82,19
1785612442.5,81,19
1785612445.3,82,46
1785612445.6,81,40
1785612445.7,82,17
1785612446.4,82,40
1785612446.6,82,2
1785612447.1,81,40
1785612447.9,81,7
1785612448.0,82,7
1785612448.5,81,39
1785612449.7,82,40
1785612449.8,81,22
1785612450.1,82,43
1785612450.3,81,40
1785612450.5,81,4
1785612451.1,82,8
1785612451.5,82,29
1785612451.9,81,38
1785612451.9,82,40
1785612452.4,81,40
1785612453.1,81,24
1785612453.2,81,7
1785612455.7,82,36
1785612456.1,81,36
1785612456.3,82,38
1785612456.9,81,8
1785612457.0,82,24
1785612457.6,81,29
1785612457.6,81,43
1785612457.8,81,38
1785612457.8,82,40
1785612457.9,82,7
1785612457.9,82,35
1785612458.3,81,40
1785612458.4,81,35
1785612459.2,81,24
1785612459.6,81,7
1785612460.4,82,30
1785612460.6,82,34
1785612461.2,81,30
1785612461.3,81,34
1785612463.0,82,36
1785612463.8,82,3
1785612463.9,81,36
1785612464.5,81,3
1785612465.4,82,35
1785612465.7,82,33
1785612465.7,82,48
1785612466.1,81,35
1785612466.2,82,26
1785612466.3,81,48
1785612466.9,81,46
1785612467.0,81,33
1785612468.1,81,2
1785612468.1,82,34
1785612468.4,81,17
1785612468.4,81,26
1785612468.4,82,47
1785612468.6,81,34
1785612468.8,82,34
1785612469.1,81,47
1785612469.7,81,34
1785612472.2,82,33
1785612472.4,82,26
1785612472.6,82,47
1785612473.1,82,46
1785612473.3,81,47
1785612473.6,82,17
1785612473.9,81,33
1785612474.0,82,48
1785612474.3,82,2
1785612474.6,81,48
1785612474.8,82,33
1785612475.1,81,46
1785612475.1,82,47
1785612475.6,81,33
1785612475.8,81,47
1785612476.6,81,2
1785612476.6,82,47
1785612476.8,81,17
1785612477.2,81,26
1785612477.3,81,47
1785612477.8,82,46
1785612478.4,82,17
1785612478.9,82,2
1785612480.1,81,46
1785612480.3,82,46
1785612484.4,82,47
1785612484.7,81,46
1785612485.0,81,47
1785612486.0,81,17
1785612486.1,81,2
1785612486.4,82,47
1785612486.8,82,19
1785612487.1,81,47
1785612487.2,81,19
1785612488.3,82,46
1785612488.9,82,17
1785612488.9,82,19
1785612489.3,82,2
1785612489.4,81,19
1785612489.4,81,46
1785612490.4,82,46
1785612490.7,82,39
1785612490.8,81,2
1785612491.5,81,46
1785612491.5,82,2
1785612492.9,81,17
1785612493.0,81,2
1785612495.0,82,48
1785612495.6,81,48
1785612496.0,82,30
1785612497.4,82,47
1785612497.9,82,3
1785612498.0,81,47
1785612498.2,82,48
1785612498.4,81,30
1785612498.7,81,48
1785612499.8,81,3
1785612499.9,82,19
1785612500.3,81,19
1785612500.4,82,47
1785612500.9,81,47
1785612501.6,82,46
1785612502.3,82,17
1785612502.8,82,2
1785612502.8,82,19
1785612503.1,81,19
1785612503.4,81,46
1785612503.6,82,46
1785612504.7,81,46
1785612506.0,81,2
1785612506.0,81,17
1785612521.3,81,39
1785612529.1,82,48
1785612529.7,81,48
1785612531.3,82,48
1785612531.6,82,47
1785612531.9,81,48
1785612532.1,81,47
1785612533.5,82,48
1785612533.9,82,47
1785612534.0,81,48
1785612534.5,81,47
1785612535.1,82,46
1785612535.3,82,48
1785612535.7,82,17
1785612536.1,81,46
1785612536.1,82,47
1785612536.2,82,2
1785612536.4,81,48
1785612536.8,81,47
1785612537.0,82,48
1785612537.3,82,36
1785612537.4,81,2
1785612537.5,81,17
1785612537.6,81,48
1785612537.8,82,47
1785612537.9,81,36
1785612538.2,82,46
1785612539.0,82,17
1785612539.1,81,47
1785612539.3,82,36
1785612539.5,82,48
1785612539.6,82,2
1785612539.6,82,47
1785612539.8,81,36
1785612539.9,81,46
1785612539.9,82,35
1785612540.0,81,48
1785612540.3,81,47
1785612540.5,81,35
1785612540.6,82,19
1785612540.8,82,46
1785612541.0,81,19
1785612541.1,82,48
1785612541.4,81,2
1785612541.7,81,48
1785612541.8,82,35
1785612542.1,82,2
1785612542.3,82,47
1785612542.4,81,35
1785612542.7,82,34
1785612543.0,81,47
1785612543.4,81,34
1785612543.5,82,36
1785612543.6,82,42
1785612544.0,81,36
1785612544.0,82,48
1785612544.2,82,45
1785612544.3,82,8
1785612544.4,81,42
1785612544.4,82,34
1785612544.4,82,43
1785612544.6,81,45
1785612544.7,81,48
1785612544.9,82,29
1785612545.1,81,34
1785612545.3,82,48
1785612545.7,82,35
1785612545.7,82,36
1785612546.0,81,43
1785612546.0,81,48
1785612546.2,81,36
1785612546.3,81,35
1785612546.7,82,48
1785612547.0,82,19
1785612547.0,82,33
1785612547.0,82,43
1785612547.1,82,47
1785612547.3,81,19
1785612547.3,82,26
1785612547.4,81,46
1785612547.4,81,48
1785612547.6,82,46
1785612547.9,81,47
1785612547.9,82,35
1785612548.2,81,33
1785612548.2,82,34
1785612548.5,81,35
1785612548.5,82,33
1785612548.5,82,47
1785612548.7,82,48
1785612548.8,81,34
1785612549.2,81,48
1785612549.3,81,47
1785612549.8,81,33
1785612549.9,82,47
1785612550.2,82,19
1785612550.2,82,48
1785612550.3,82,34
1785612550.4,81,19
1785612550.7,81,47
1785612550.8,81,34
1785612550.9,81,46
1785612550.9,81,48
1785612551.0,81,26
1785612551.2,81,43
1785612551.5,81,8
1785612551.5,82,19
1785612551.7,82,47
1785612552.2,81,17
1785612552.2,81,19
1785612552.2,82,26
1785612552.2,82,43
1785612552.3,81,2
1785612552.3,82,33
1785612552.4,82,46
1785612552.5,81,47
1785612552.6,81,33
1785612552.9,81,29
1785612552.9,82,17
1785612553.0,81,43
1785612553.0,82,48
1785612553.4,82,47
1785612553.5,82,2
1785612553.7,81,48
1785612554.3,81,47
1785612555.7,81,26
1785612556.2,82,47
1785612556.7,81,46
1785612556.7,82,19
1785612557.0,81,47
1785612557.1,82,46
1785612557.2,81,19
1785612558.5,81,46
1785612559.1,82,46
1785612560.0,81,2
1785612560.2,82,2
1785612561.0,81,46
1785612561.5,82,46
1785612563.2,81,46
1785612564.6,81,2
1785612564.8,81,17
1785612566.9,82,48
1785612567.4,81,48
1785612569.2,82,47
1785612569.8,81,47
1785612571.5,82,48
1785612571.6,82,19
1785612571.8,81,48
1785612572.1,81,19
1785612573.1,82,46
1785612573.2,82,47
1785612573.8,81,47
1785612573.8,82,17
1785612574.4,82,2
1785612574.8,81,46
1785612576.4,81,2
1785612576.5,81,17
1785612576.7,82,46
1785612577.2,82,17
1785612577.6,81,46
1785612577.9,82,2
1785612578.9,81,2
1785612578.9,81,17
1785612589.9,82,36
1785612590.4,81,36
1785612591.4,82,36
1785612591.9,81,36
1785612591.9,82,35
1785612592.3,81,35
1785612593.3,82,35
1785612593.8,81,35
1785612593.9,82,34
1785612594.2,82,48
1785612594.4,81,34
1785612594.7,81,48
1785612595.4,82,34
1785612595.9,81,34
1785612596.3,82,47
1785612596.8,81,47
1785612596.8,82,36
1785612597.2,82,33
1785612597.3,81,36
1785612597.4,82,26
1785612597.5,81,33
1785612598.6,82,36
1785612598.8,82,33
1785612598.9,82,35
1785612599.1,81,36
1785612599.2,81,33
1785612599.3,81,35
1785612599.3,82,46
1785612599.9,82,17
1785612600.1,81,46
1785612600.3,82,35
1785612600.4,81,26
1785612600.6,82,2
1785612600.9,82,34
1785612601.1,81,35
1785612601.3,81,17
1785612601.3,81,34
1785612601.4,81,2
1785612602.4,82,34
1785612603.3,81,34
1785612603.9,82,26
1785612604.2,82,33
1785612604.5,81,33
1785612605.7,82,33
1785612606.2,81,33
1785612607.6,81,26
1785612608.5,82,39
1785612609.0,82,22
1785612610.0,82,4
1785612611.0,81,39
1785612611.6,82,38
1785612611.7,82,24
1785612612.7,81,22
1785612613.8,82,7
1785612617.1,81,4
1785612620.0,82,48
1785612620.5,81,48
1785612622.4,82,47
1785612622.6,82,48
1785612623.0,81,47
1785612623.1,81,48
1785612623.2,82,40
1785612623.9,81,40
1785612625.0,82,47
1785612625.6,81,47
1785612625.7,82,40
1785612626.3,81,40
1785612627.3,82,46
1785612627.5,82,17
1785612627.8,82,19
1785612628.1,81,19
1785612628.3,82,2
1785612628.6,82,40
1785612629.2,81,40
1785612630.8,82,40
1785612631.4,81,40
1785612633.2,81,38
1785612633.2,82,40
1785612633.6,81,40
1785612634.2,81,24
1785612634.4,81,7
1785612637.5,82,48
1785612639.0,81,48
1785612641.3,82,47
1785612643.0,81,47
1785612646.7,81,46
1785612647.2,82,46
1785612650.5,82,47
1785612651.2,81,47
1785612651.5,81,46
1785612653.3,82,19
1785612653.4,81,2
1785612653.8,81,17
1785612653.8,81,19
1785612655.3,82,46
1785612656.0,82,17
1785612656.5,81,46
1785612656.7,82,2
1785612657.8,81,17
1785612658.0,81,2
1785612660.2,82,48
1785612660.7,81,48
1785612662.3,82,47
1785612662.8,81,47
1785612665.4,82,46
1785612665.9,82,17
1785612665.9,82,48
1785612666.2,81,46
1785612666.2,81,48
1785612666.5,82,2
1785612667.4,81,17
1785612667.6,81,2
1785612667.9,82,47
1785612668.4,81,47
1785612670.4,82,36
1785612671.0,81,36
1785612671.0,82,46
1785612671.8,81,46
1785612671.9,82,17
1785612672.2,82,2
1785612673.0,81,2
1785612673.0,82,35
1785612673.2,81,17
1785612673.6,81,35
1785612675.5,82,34
1785612676.2,81,34
1785612678.8,82,48
1785612679.2,81,48
1785612679.3,82,33
1785612679.6,82,48
1785612679.8,82,26
1785612680.1,81,48
1785612680.3,81,33
1785612681.0,82,47
1785612681.0,82,48
1785612681.5,81,48
1785612681.6,81,47
1785612681.7,81,26
1785612681.8,82,47
1785612682.4,81,47
1785612683.3,82,47
1785612683.8,82,19
1785612683.9,81,47
1785612684.2,81,19
1785612685.6,82,46
1785612686.2,82,17
1785612686.2,82,19
1785612686.6,81,19
1785612687.0,82,2
1785612689.0,81,46
1785612689.2,82,46
1785612690.4,82,42
1785612690.9,81,42
1785612690.9,82,43
1785612691.3,82,8
1785612691.4,81,46
1785612691.6,82,29
1785612692.1,81,43
1785612692.7,81,17
1785612692.9,81,2
1785612693.2,82,43
1785612694.6,81,43
1785612696.7,81,8
1785612697.1,82,43
1785612697.3,82,48
1785612697.6,81,29
1785612697.7,81,43
1785612698.3,81,48
1785612699.3,82,36
1785612699.5,82,47
1785612699.7,81,36
1785612699.9,82,48
1785612700.4,81,48
1785612700.6,81,47
1785612701.5,82,35
1785612702.0,81,35
1785612702.2,82,47
1785612702.2,82,48
1785612702.3,81,48
1785612702.8,81,47
1785612703.1,82,36
1785612703.1,82,46
1785612703.2,82,48
1785612703.4,82,17
1785612703.5,81,36
1785612703.7,81,48
1785612703.7,82,34
1785612704.0,81,46
1785612704.1,82,2
1785612704.1,82,47
1785612704.3,81,34
1785612704.7,81,47
1785612705.0,82,35
1785612705.2,81,2
1785612705.3,81,17
1785612705.5,81,35
1785612705.5,82,47
1785612705.6,82,46
1785612705.9,82,36
1785612706.1,81,47
1785612706.3,82,17
1785612706.4,81,36
1785612706.5,81,46
1785612706.8,82,2
1785612707.2,82,34
1785612707.4,82,46
1785612707.7,81,17
1785612707.8,81,2
1785612707.8,81,34
1785612707.9,82,35
1785612708.1,82,17
1785612708.1,82,19
1785612708.3,81,46
1785612708.4,81,35
1785612708.6,81,19
1785612708.6,82,2
1785612708.6,82,26
1785612708.8,82,33
1785612709.4,81,17
1785612709.7,81,2
1785612709.7,82,46
1785612710.2,82,17
1785612710.2,82,34
1785612710.8,82,2
1785612710.9,81,34
1785612711.4,81,46
1785612711.5,81,33
1785612712.8,81,17
1785612712.8,81,26
1785612713.0,81,2
1785612713.2,82,33
1785612713.3,82,26
1785612716.8,82,40
1785612716.9,81,40
1785612717.2,82,35
1785612717.7,81,33
1785612717.7,81,35
1785612717.9,82,7
1785612718.1,81,7
1785612719.0,81,26
1785612719.7,82,34
1785612720.4,81,34
1785612723.1,82,36
1785612723.5,81,36
1785612723.6,82,26
1785612723.9,82,33
1785612724.1,82,36
1785612724.5,81,33
1785612724.6,81,36
1785612725.1,82,35
1785612725.6,81,35
1785612725.7,81,26
1785612726.2,82,35
1785612726.7,81,35
1785612727.2,82,34
1785612727.4,82,35
1785612727.4,82,36
1785612727.7,81,34
1785612727.8,81,36
1785612727.9,81,35
1785612728.3,82,34
1785612728.8,81,34
1785612729.3,82,35
1785612729.5,82,34
1785612729.8,81,35
1785612730.0,81,34
1785612730.3,82,26
1785612730.3,82,36
1785612730.4,82,33
1785612730.7,81,36
1785612730.8,81,33
1785612731.3,82,34
1785612731.6,82,33
1785612731.8,81,34
1785612732.1,81,33
1785612732.2,82,35
1785612732.7,81,35
1785612732.7,82,47
1785612732.8,82,36
1785612733.2,81,47
1785612733.2,82,33
1785612733.3,81,36
1785612733.5,81,33
1785612734.3,82,34
1785612734.5,82,33
1785612734.5,82,36
1785612734.8,81,34
1785612734.8,82,19
1785612734.8,82,35
1785612734.9,81,33
1785612734.9,81,36
1785612735.1,81,19
1785612735.2,81,35
1785612735.8,82,46
1785612736.1,81,26
1785612736.3,82,35
1785612736.5,82,17
1785612736.7,81,46
1785612736.8,81,35
1785612736.8,82,34
1785612736.9,82,2
1785612737.3,81,34
1785612737.8,81,17
1785612738.0,82,30
1785612738.1,81,2
1785612738.1,82,26
1785612738.2,82,33
1785612738.3,82,41
1785612738.5,82,34
1785612738.7,82,36
1785612739.1,81,34
1785612739.2,81,36
1785612739.3,81,33
1785612740.4,82,3
1785612740.7,82,35
1785612740.8,82,33
1785612741.1,81,35
1785612741.2,81,33
1785612742.1,82,35
1785612742.4,81,35
1785612742.6,82,34
1785612742.7,82,33
1785612743.0,81,33
1785612743.1,81,34
1785612743.2,82,7
1785612743.3,81,7
1785612744.0,82,34
1785612744.4,81,26
1785612744.5,81,34
1785612744.8,82,47
1785612745.4,81,47
1785612745.5,82,48
1785612745.6,81,48
1785612745.8,82,33
1785612745.9,82,26
1785612745.9,82,48
1785612746.1,81,48
1785612746.2,82,36
1785612746.3,81,33
1785612746.7,81,36
1785612747.3,81,26
1785612747.3,82,19
1785612747.6,81,19
1785612747.6,82,26
1785612747.7,82,33
1785612747.9,81,33
1785612747.9,82,47
1785612748.4,82,35
1785612748.4,82,46
1785612748.5,81,47
1785612748.9,81,35
1785612749.0,81,26
1785612749.0,82,17
1785612749.4,81,46
1785612749.6,82,2
1785612750.6,82,34
1785612750.8,81,17
1785612750.9,81,2
1785612751.0,82,47
1785612751.1,81,34
1785612751.7,81,47
1785612751.9,82,46
1785612752.8,82,17
1785612753.1,82,2
1785612753.1,82,47
1785612753.5,81,46
1785612753.5,81,47
1785612754.3,82,33
1785612754.4,82,26
1785612754.6,81,33
1785612755.0,81,2
1785612755.2,81,17
1785612755.2,82,46
1785612755.6,82,19
1785612755.9,81,19
1785612755.9,81,26
1785612755.9,82,17
1785612756.3,81,46
1785612756.4,82,2
1785612757.1,82,46
1785612757.4,82,38
1785612757.5,81,17
1785612757.7,81,2
1785612757.8,82,17
1785612757.8,82,24
1785612758.2,81,46
1785612758.4,82,2
1785612759.2,82,7
1785612759.7,81,17
1785612759.7,82,48
1785612759.9,81,2
1785612760.1,81,48
1785612761.6,82,47
1785612762.0,81,47
1785612762.6,82,48
1785612763.0,81,48
1785612764.4,82,46
1785612764.5,82,47
1785612764.9,81,47
1785612765.0,82,17
1785612765.1,81,46
1785612765.5,82,2
1785612766.4,81,2
1785612766.4,81,17
1785612767.3,82,46
1785612767.9,82,17
1785612768.1,81,46
1785612768.6,82,2
1785612769.3,81,17
1785612769.5,81,2
1785612771.7,82,47
1785612772.0,82,48
1785612772.3,81,47
1785612772.4,81,48
1785612774.0,82,47
1785612774.6,81,47
1785612775.2,82,48
1785612775.6,81,48
1785612775.7,82,46
1785612776.2,82,17
1785612776.9,82,2
1785612777.1,82,47
1785612777.3,81,46
1785612777.5,81,47
1785612778.0,82,46
1785612779.0,81,2
1785612779.2,81,46
1785612779.2,82,2
1785612780.1,82,46
1785612780.6,81,2
1785612780.7,81,17
1785612781.0,82,17
1785612781.1,81,46
1785612781.4,82,2
1785612782.3,81,17
1785612782.6,81,2
1785612785.2,82,48
1785612785.9,81,48
1785612787.5,82,47
1785612788.3,81,47
1785612790.6,82,48
1785612790.7,81,48
1785612790.9,82,48
1785612791.0,81,48
1785612791.7,82,46
1785612792.2,82,17
1785612792.2,82,48
1785612792.8,81,48
1785612792.9,82,2
1785612793.0,82,47
1785612793.4,81,46
1785612793.7,81,47
1785612794.9,81,2
1785612795.0,81,17
1785612795.7,82,46
1785612795.9,82,48
1785612796.2,82,17
1785612796.5,81,48
1785612798.4,82,48
1785612798.6,82,47
1785612799.0,81,48
1785612799.4,81,47
1785612799.8,82,2
1785612800.0,82,40
1785612800.7,81,40
1785612801.2,82,47
1785612802.2,81,47
1785612802.7,82,40
1785612803.4,81,40
1785612804.0,81,30
1785612804.7,81,41
1785612804.8,82,30
1785612805.5,81,3
1785612805.5,81,38
1785612805.5,82,40
1785612805.8,82,42
1785612805.9,82,41
1785612806.0,81,40
1785612806.5,81,7
1785612806.6,82,3
1785612806.7,81,24
1785612807.4,81,42
1785612807.8,82,48
1785612807.9,82,31
1785612808.6,82,42
1785612808.8,81,30
1785612809.0,82,8
1785612809.1,81,41
1785612809.2,81,48
1785612809.2,82,30
1785612809.4,82,41
1785612810.0,81,3
1785612811.0,82,3
1785612811.6,81,30
1785612811.7,81,41
1785612812.0,82,48
1785612812.8,81,3
1785612813.1,82,47
1785612813.2,81,48
1785612814.9,81,47
1785612817.3,82,47
1785612817.9,82,48
1785612818.9,81,47
1785612819.2,81,48
1785612820.4,82,47
1785612820.6,82,48
1785612821.8,81,48
1785612824.3,81,47
1785612824.8,82,47
1785612825.1,81,42
1785612826.0,81,47
1785612826.2,82,47
1785612826.8,81,31
1785612827.0,81,8
1785612834.0,81,47
1785612838.2,82,36
1785612838.7,81,36
1785612840.3,82,35
1785612840.8,81,35
1785612840.9,81,46
1785612841.1,82,46
1785612842.2,82,36
1785612842.4,82,34
1785612842.7,81,36
1785612842.8,82,35
1785612842.9,81,34
1785612843.7,81,35
1785612843.9,81,46
1785612844.2,82,42
1785612844.3,82,35
1785612844.3,82,47
1785612844.6,82,36
1785612844.7,81,35
1785612844.8,82,8
1785612844.8,82,34
1785612844.9,81,42
1785612844.9,82,43
1785612845.0,81,17
1785612845.1,81,36
1785612845.2,81,2
1785612845.4,81,43
1785612845.5,82,29
1785612845.7,81,34
1785612845.7,82,46
1785612845.8,82,33
1785612846.0,82,17
1785612846.0,82,26
1785612846.0,82,30
1785612846.3,82,34
1785612846.5,81,33
1785612846.5,82,41
1785612846.8,81,34
1785612846.8,81,47
1785612846.8,82,35
1785612846.8,82,43
1785612847.0,82,2
1785612847.1,82,47
1785612847.3,81,35
1785612847.6,82,36
1785612847.8,81,26
1785612847.8,82,19
1785612848.0,82,3
1785612848.3,82,33
1785612848.4,81,30
1785612848.5,81,36
1785612848.6,81,19
1785612848.6,81,33
1785612848.6,82,26
1785612848.8,81,43
1785612848.8,81,47
1785612849.0,82,34
1785612849.5,81,34
1785612849.6,82,35
1785612849.8,81,3
1785612849.8,82,47
1785612849.9,82,33
1785612850.1,81,8
1785612850.3,81,33
1785612850.4,81,35
1785612850.6,81,17
1785612850.6,82,19
1785612850.7,82,43
1785612851.2,81,43
1785612851.3,81,2
1785612851.3,81,29
1785612851.6,81,19
1785612851.6,81,26
1785612851.6,81,47
1785612851.6,82,17
1785612851.7,82,34
1785612851.8,81,46
1785612852.5,81,34
1785612852.5,82,2
1785612852.7,82,33
1785612852.8,82,35
1785612852.9,81,35
1785612852.9,82,36
1785612853.0,82,26
1785612853.4,81,36
1785612853.8,81,33
1785612854.4,82,34
1785612854.7,82,46
1785612854.9,81,34
1785612855.0,81,26
1785612855.0,82,19
1785612855.1,82,35
1785612855.5,82,33
1785612855.6,81,35
1785612855.6,82,26
1785612855.7,82,36
1785612855.9,81,19
1785612856.2,81,33
1785612856.2,81,36
1785612857.4,82,34
1785612857.6,81,26
1785612857.9,81,34
1785612857.9,82,33
1785612858.0,82,26
1785612858.0,82,35
1785612858.3,81,46
1785612858.4,81,33
1785612858.4,82,46
1785612858.6,81,35
1785612858.6,82,34
1785612859.2,81,34
1785612859.4,82,47
1785612859.8,81,26
1785612860.2,81,47
1785612860.5,82,34
1785612860.9,82,36
1785612861.1,81,34
1785612861.1,82,26
1785612861.2,82,33
1785612861.4,81,33
1785612861.4,81,36
1785612861.6,81,46
1785612862.4,82,36
1785612862.5,82,46
1785612862.8,81,2
1785612863.1,82,35
1785612863.2,81,36
1785612863.3,82,2
1785612863.4,82,47
1785612863.7,81,35
1785612863.9,81,47
1785612864.4,81,46
1785612864.4,82,33
1785612864.6,82,35
1785612864.8,81,33
1785612865.1,82,46
1785612865.3,82,36
1785612865.4,82,34
1785612865.5,81,35
1785612865.6,82,38
1785612865.8,81,2
1785612865.8,81,36
1785612865.9,81,26
1785612865.9,82,24
1785612866.0,81,34
1785612866.2,82,2
1785612866.5,81,46
1785612867.0,82,34
1785612867.4,82,35
1785612867.5,82,7
1785612867.8,82,46
1785612867.9,81,34
1785612867.9,81,35
1785612868.0,81,2
1785612868.2,82,42
1785612868.3,81,17
1785612868.5,82,17
1785612869.0,81,46
1785612869.0,82,2
1785612869.0,82,47
1785612869.1,82,33
1785612869.3,82,26
1785612869.5,81,47
1785612869.6,82,34
1785612869.7,81,33
1785612870.0,82,30
1785612870.2,81,34
1785612870.2,82,33
1785612870.4,81,17
1785612870.5,81,2
1785612870.9,81,33
1785612871.2,82,39
1785612871.5,81,42
1785612871.6,82,3
1785612871.9,82,22
1785612872.3,82,46
1785612872.7,81,26
1785612872.9,82,4
1785612873.0,82,17
1785612873.1,82,33
1785612873.1,82,36
1785612873.5,82,26
1785612873.6,81,36
1785612873.7,81,46
1785612873.7,82,2
1785612873.9,81,33
1785612874.7,81,2
1785612874.9,81,17
1785612874.9,81,26
1785612875.3,82,35
1785612875.8,81,35
1785612877.6,82,34
1785612877.9,82,8
1785612878.1,81,34
1785612879.0,81,8
1785612881.1,82,33
1785612881.5,82,26
1785612882.1,81,33
1785612883.1,82,42
1785612883.2,81,26
1785612883.5,82,36
1785612884.0,81,36
1785612885.8,82,35
1785612886.2,81,42
1785612886.3,81,35
1785612886.3,82,36
1785612886.7,81,36
1785612888.3,82,35
1785612888.4,82,34
1785612888.7,81,35
1785612889.0,81,34
1785612889.1,82,47
1785612889.3,81,47
1785612889.5,82,8
1785612889.7,81,38
1785612889.7,82,40
1785612890.4,81,40
1785612890.6,82,34
1785612890.8,81,24
1785612890.8,81,39
1785612890.9,81,7
1785612890.9,81,8
1785612891.3,81,34
1785612891.3,82,19
1785612891.7,81,19
1785612891.7,81,22
1785612891.7,82,38
1785612891.9,81,4
1785612892.0,82,24
1785612892.4,82,42
1785612893.0,82,43
1785612893.0,82,47
1785612893.1,82,36
1785612893.3,82,7
1785612893.4,81,38
1785612893.4,82,33
1785612893.4,82,40
1785612893.5,82,46
1785612893.7,81,36
1785612893.7,81,47
1785612893.7,82,26
1785612893.8,81,40
1785612894.0,82,17
1785612894.0,82,48
1785612894.3,82,8
1785612894.6,81,48
1785612894.7,82,2
1785612894.8,81,7
1785612894.8,81,24
1785612894.8,82,29
1785612894.8,82,31
1785612895.0,81,8
1785612895.5,82,36
1785612895.5,82,38
1785612895.7,81,31
1785612895.7,82,35
1785612896.0,82,8
1785612896.0,82,19
1785612896.0,82,24
1785612896.0,82,31
1785612896.1,81,36
1785612896.2,81,19
1785612896.4,81,35
1785612896.5,81,42
1785612896.6,81,29
1785612896.6,81,31
1785612896.7,82,47
1785612896.8,81,38
1785612896.8,82,40
1785612897.0,82,29
1785612897.0,82,31
1785612897.2,81,40
1785612897.2,82,7
1785612897.4,81,43
1785612897.5,81,47
1785612897.9,82,35
1785612898.0,81,29
1785612898.0,81,31
1785612898.1,81,8
1785612898.6,81,7
1785612898.6,81,35
1785612899.1,82,34
1785612899.3,81,24
1785612899.9,82,19
1785612900.0,81,34
1785612900.0,82,43
1785612900.0,82,47
1785612900.2,82,36
1785612900.3,81,19
1785612900.5,81,43
1785612900.7,81,36
1785612901.0,81,47
1785612901.2,82,34
1785612902.3,81,34
1785612902.4,82,35
1785612902.8,82,38
1785612903.0,81,35
1785612903.4,82,24
1785612904.4,81,38
1785612904.4,82,40
1785612904.5,82,7
1785612904.6,81,40
1785612905.3,81,41
1785612905.4,82,34
1785612905.5,82,39
1785612905.6,81,7
1785612905.8,81,24
1785612906.3,81,34
1785612913.6,82,41
1785612916.0,81,30
1785612917.5,81,3
1785612918.4,82,42
1785612920.0,82,31
1785612920.4,82,38
1785612920.7,82,8
1785612920.8,82,24
1785612922.0,82,7
1785612922.1,81,38
1785612922.1,82,40
1785612922.3,81,41
1785612922.6,81,40
1785612923.6,81,24
1785612923.6,81,42
1785612923.7,81,7
1785612924.4,81,31
1785612924.7,81,8
1785612926.5,82,36
1785612927.2,81,36
1785612928.0,82,3
1785612928.0,82,30
1785612929.7,82,35
1785612930.6,81,35
1785612934.9,82,34
1785612935.7,82,43
1785612936.4,81,43
1785612936.4,82,42
1785612937.3,81,34
1785612937.3,81,42
1785612937.6,82,31
1785612938.4,82,42
1785612938.9,82,8
1785612939.6,81,30
1785612939.7,82,48
1785612940.3,81,48
1785612940.6,82,36
1785612941.1,81,3
1785612942.0,81,36
1785612942.0,81,46
1785612942.1,82,36
1785612942.1,82,46
1785612942.4,82,47
1785612942.7,81,36
1785612943.0,82,48
1785612943.1,81,47
1785612943.4,82,35
1785612943.6,81,48
1785612944.2,81,35
1785612944.3,82,35
1785612944.4,81,46
1785612944.7,81,33
1785612944.7,82,46
1785612945.0,81,35
1785612945.5,82,33
1785612945.5,82,35
1785612945.6,82,47
1785612946.4,81,47
1785612946.6,81,26
1785612946.9,81,46
1785612947.1,81,35
1785612947.1,82,34
1785612947.1,82,46
1785612947.3,82,26
1785612947.6,82,35
1785612947.9,82,47
1785612948.4,81,33
1785612948.4,81,35
1785612948.6,81,47
1785612948.7,82,48
1785612948.9,81,48
1785612949.3,81,34
1785612949.5,82,34
1785612950.5,82,33
1785612950.7,81,33
1785612950.9,81,46
1785612951.0,82,33
1785612951.1,81,33
1785612951.2,82,19
1785612951.2,82,33
1785612951.3,81,33
1785612951.4,82,47
1785612951.6,81,19
1785612951.6,81,34
1785612951.6,82,46
1785612951.8,81,26
1785612951.8,82,33
1785612951.9,82,34
1785612952.0,82,48
1785612952.2,81,47
1785612952.3,81,2
1785612952.4,81,48
1785612952.8,82,2
1785612953.1,81,34
1785612953.8,82,26
1785612954.1,81,46
1785612954.2,82,47
1785612954.6,82,46
1785612954.7,82,19
1785612954.9,81,47
1785612955.1,81,19
1785612957.3,82,36
1785612957.8,81,36
1785612958.7,81,33
1785612958.7,81,39
1785612959.5,82,35
1785612959.6,82,22
1785612960.0,82,4
1785612960.1,81,22
1785612960.1,81,35
1785612960.1,82,24
1785612960.2,81,4
1785612960.5,81,26
1785612960.6,82,7
1785612961.1,81,24
1785612961.3,81,7
1785612962.0,82,34
1785612962.6,81,34
1785612962.9,82,36
1785612963.4,81,36
1785612963.4,82,43
1785612963.5,82,45
1785612963.9,82,22
1785612963.9,82,40
1785612964.0,81,40
1785612964.1,82,4
1785612964.4,81,22
1785612964.4,81,31
1785612964.6,81,46
1785612964.6,82,24
1785612964.7,81,42
1785612964.8,81,4
1785612964.8,81,45
1785612964.9,82,7
1785612964.9,82,29
1785612965.3,81,24
1785612965.3,82,35
1785612965.5,81,7
1785612965.8,81,2
1785612965.8,81,35
1785612966.0,82,26
1785612966.0,82,46
1785612966.2,82,33
1785612966.6,81,33
1785612966.7,82,2
1785612967.7,81,26
1785612967.8,82,34
1785612968.1,82,36
1785612968.3,81,34
1785612968.6,81,36
1785612968.6,81,46
1785612969.9,81,17
1785612970.1,81,2
1785612970.3,81,8
1785612970.3,82,35
1785612970.8,81,35
1785612970.9,81,43
1785612971.1,81,29
1785612971.7,82,33
1785612972.0,82,26
1785612972.6,81,33
1785612972.6,82,34
1785612973.1,81,34
1785612973.7,81,26
1785612975.7,82,33
1785612976.0,82,26
1785612976.6,81,33
1785612977.7,81,26
1785612978.4,82,3
1785612978.6,81,3
1785612997.5,82,48
1785612998.0,81,48
1785612999.8,82,47
1785613000.3,81,47
1785613000.8,82,48
1785613001.5,81,48
1785613003.4,82,48
1785613003.5,82,47
1785613004.0,81,48
1785613004.3,81,47
1785613005.1,82,46
1785613005.5,82,17
1785613005.7,81,17
1785613005.9,82,47
1785613006.1,82,17
1785613006.3,82,2
1785613006.6,81,47
1785613007.3,81,46
1785613009.1,81,2
1785613009.2,82,46
1785613009.3,82,2
1785613013.2,81,46
1785613015.8,81,17
1785613015.9,81,2
1785613017.9,82,43
1785613018.6,82,8
1785613019.0,82,29
1785613019.6,81,43
1785613020.7,82,43
1785613022.6,82,31
1785613023.0,81,31
1785613024.9,81,43
1785613025.7,81,8
1785613026.4,82,43
1785613027.2,81,29
1785613027.6,81,43
1785613032.6,82,38
1785613032.7,82,24
1785613035.2,82,7
1785613035.7,81,38
1785613035.7,82,40
1785613036.5,81,40
1785613036.7,82,38
1785613036.8,82,40
1785613036.8,82,48
1785613037.0,82,31
1785613037.1,81,48
1785613037.2,81,40
1785613037.5,81,7
1785613038.1,82,8
1785613038.1,82,48
1785613038.3,82,7
1785613038.8,81,48
1785613039.4,82,47
1785613039.5,81,38
1785613040.1,82,38
1785613040.2,81,47
1785613041.2,82,30
1785613041.3,82,47
1785613042.2,81,47
1785613042.8,81,30
1785613043.0,82,3
1785613044.3,81,3
1785613044.5,82,40
1785613044.9,82,46
1785613045.2,82,17
1785613046.1,82,2
1785613046.8,82,41
1785613047.1,82,48
1785613047.5,81,40
1785613047.8,81,48
1785613048.0,81,41
1785613048.6,81,38
1785613048.6,82,40
1785613049.1,81,46
1785613049.1,82,38
1785613049.1,82,42
1785613049.2,82,46
1785613049.3,81,40
1785613050.0,81,7
1785613050.7,82,7
1785613051.3,82,40
1785613051.4,82,47
1785613051.8,81,40
1785613052.5,81,47
1785613052.8,81,38
1785613052.8,82,40
1785613053.3,81,40
1785613054.1,81,24
1785613054.4,81,7
1785613055.1,82,19
1785613055.5,82,48
1785613055.8,81,19
1785613055.9,81,48
1785613056.2,82,48
1785613056.3,81,48
1785613057.0,82,29
1785613057.7,81,29
1785613059.1,82,47
1785613060.1,81,47
1785613062.4,82,19
1785613063.1,81,19
1785613063.9,82,29
1785613067.0,81,29
1785613067.6,82,36
1785613068.2,81,36
1785613069.7,82,36
1785613069.8,81,42
1785613070.4,82,35
1785613070.7,81,31
1785613070.8,81,36
1785613071.1,81,35
1785613071.2,81,8
1785613072.4,82,48
1785613072.8,82,35
1785613072.9,81,48
1785613073.4,82,48
1785613073.6,81,35
1785613074.0,81,48
1785613074.0,82,34
1785613074.7,82,47
1785613074.9,81,34
1785613075.4,81,47
1785613075.9,82,48
1785613076.2,82,47
1785613076.5,81,48
1785613076.6,82,36
1785613076.7,82,34
1785613076.9,81,47
1785613077.3,81,36
1785613077.5,82,19
1785613077.7,81,34
1785613077.9,81,19
1785613078.9,82,47
1785613079.6,81,47
1785613080.0,82,35
1785613080.0,82,48
1785613080.3,82,34
1785613080.6,81,48
1785613080.6,82,33
1785613080.7,82,26
1785613080.9,81,35
1785613081.5,81,34
1785613081.8,82,48
1785613082.6,81,48
1785613082.9,81,33
1785613083.1,82,47
1785613084.0,81,26
1785613084.0,81,47
1785613084.2,82,33
1785613084.3,82,26
1785613084.4,82,34
1785613085.5,81,34
1785613085.5,82,47
1785613086.4,81,33
1785613086.6,81,47
1785613086.9,82,48
1785613087.2,81,26
1785613087.3,82,19
1785613087.6,81,48
1785613087.8,82,48
1785613087.9,81,19
1785613088.3,82,33
1785613088.4,81,48
1785613088.7,82,26
1785613089.3,81,46
1785613089.5,82,46
1785613089.6,81,33
1785613090.3,82,47
1785613090.4,82,19
1785613090.5,82,36
1785613090.7,81,26
1785613091.0,82,26
1785613091.1,81,19
1785613091.1,81,36
1785613091.1,82,33
1785613091.9,81,46
1785613092.4,81,33
1785613092.6,82,46
1785613092.8,81,47
1785613092.8,82,48
1785613093.1,82,35
1785613093.7,81,26
1785613093.7,81,35
1785613093.9,81,48
1785613095.0,81,46
1785613095.2,82,46
1785613095.8,82,34
1785613096.3,82,48
1785613096.4,81,34
1785613096.8,81,48
1785613097.1,81,46
1785613098.3,81,17
1785613098.3,82,47
1785613098.5,81,2
1785613098.6,82,17
1785613098.8,82,46
1785613099.5,82,2
1785613099.6,81,47
1785613099.7,81,2
1785613099.8,82,26
1785613099.9,82,2
1785613099.9,82,33
1785613100.4,81,33
1785613101.6,81,26
1785613101.7,81,46
1785613102.5,82,46
1785613102.6,81,2
1785613103.4,82,2
1785613105.5,81,46
1785613106.2,82,46
1785613107.0,81,2
1785613107.2,82,2
1785613108.1,81,46
1785613109.2,81,17
1785613109.4,82,38
1785613109.6,81,2
1785613109.8,82,24
1785613111.5,82,7
1785613112.9,82,36
1785613113.4,81,36
1785613115.2,82,35
1785613115.7,82,36
1785613115.8,81,35
1785613116.3,81,36
1785613117.8,82,34
1785613118.2,82,35
1785613118.5,81,34
1785613118.8,81,35
1785613119.3,82,34
1785613120.0,81,34
1785613121.1,82,34
1785613121.8,81,34
1785613123.1,82,26
1785613123.3,82,33
1785613123.3,82,40
1785613123.8,81,40
1785613126.0,81,38
1785613126.0,82,40
1785613126.3,81,40
1785613126.9,81,7
1785613126.9,82,2
1785613127.2,81,2
1785613127.2,81,24
1785613134.5,82,36
1785613135.2,81,36
1785613137.6,82,35
1785613138.3,81,35
1785613140.7,82,34
1785613141.4,81,34
1785613141.9,82,48
1785613143.3,81,33
1785613144.1,81,48
1785613144.5,81,26
1785613144.6,82,48
1785613145.4,82,26
1785613145.4,82,47
1785613145.5,81,48
1785613145.6,82,33
1785613146.4,81,33
1785613146.9,81,47
1785613147.0,82,47
1785613147.5,81,26
1785613147.9,81,47
1785613148.6,82,47
1785613149.4,82,36
1785613149.7,81,47
1785613149.8,81,36
1785613150.7,82,47
1785613151.2,82,35
1785613151.5,81,35
1785613151.5,82,36
1785613151.9,81,36
1785613151.9,82,48
1785613152.0,81,47
1785613152.7,81,48
1785613152.8,82,17
1785613152.9,82,46
1785613153.0,82,34
1785613153.3,82,35
1785613153.5,81,34
1785613153.5,82,47
1785613153.6,81,35
1785613153.7,82,2
1785613154.3,82,36
1785613154.6,81,47
1785613154.6,82,35
1785613154.7,81,35
1785613154.7,81,36
1785613154.7,82,48
1785613154.9,82,19
1785613155.0,82,34
1785613155.4,81,34
1785613155.6,81,19
1785613155.6,81,48
1785613155.9,82,47
1785613156.1,81,46
1785613156.2,82,34
1785613156.2,82,35
1785613156.4,82,26
1785613156.5,82,33
1785613156.7,81,33
1785613156.7,81,34
1785613156.7,81,35
1785613157.1,81,2
1785613157.2,81,47
1785613157.4,82,19
1785613157.6,82,2
1785613157.7,82,46
1785613158.0,81,26
1785613158.1,81,19
1785613158.1,82,34
1785613158.2,81,2
1785613158.2,82,33
1785613158.3,82,26
1785613158.4,82,2
1785613158.5,81,33
1785613158.5,81,34
1785613158.8,82,47
1785613159.2,81,46
1785613159.5,82,33
1785613160.0,81,33
1785613160.0,81,47
1785613160.6,82,46
1785613161.1,81,26
1785613161.4,82,33
1785613161.7,82,26
1785613162.0,81,33
1785613163.4,81,46
1785613163.5,81,26
1785613163.6,82,46
1785613163.8,82,38
1785613164.1,82,24
1785613165.8,81,46
1785613166.1,82,46
1785613166.2,82,7
1785613166.6,82,48
1785613166.7,81,48
1785613168.7,82,47
1785613169.4,81,2
1785613169.4,81,47
1785613170.1,82,2
1785613171.5,81,46
1785613172.7,82,48
1785613173.1,81,17
1785613173.2,81,2
1785613173.3,81,48
1785613173.3,82,46
1785613173.8,82,17
1785613174.5,81,46
1785613174.5,82,2
1785613175.2,82,47
1785613175.3,82,48
1785613175.7,81,17
1785613175.8,81,47
1785613175.9,81,2
1785613175.9,81,48
1785613176.6,82,47
1785613176.6,82,48
1785613177.2,81,48
1785613177.3,81,47
1785613177.6,82,19
1785613178.0,82,47
1785613178.3,81,19
1785613178.6,81,47
1785613178.9,82,48
1785613179.3,82,19
1785613179.4,81,48
1785613179.5,82,46
1785613179.7,81,19
1785613179.9,82,17
1785613180.6,82,2
1785613180.6,82,19
1785613181.0,81,19
1785613181.4,82,47
1785613181.9,82,19
1785613182.0,81,47
1785613182.4,82,48
1785613182.9,81,19
1785613182.9,81,48
1785613183.5,82,47
1785613184.1,81,47
1785613184.8,82,47
1785613185.3,81,47
1785613185.9,82,19
1785613186.6,81,19
1785613187.3,81,46
1785613187.4,82,19
1785613187.5,81,19
1785613187.7,82,46
1785613190.8,81,46
1785613192.4,81,17
1785613192.7,81,2
1785613207.7,82,40
1785613208.3,81,40
1785613210.2,82,40
1785613210.7,81,40
1785613212.4,81,38
1785613212.4,82,40
1785613212.9,81,40
1785613213.3,81,7
1785613213.6,81,24
1785613215.5,82,17
1785613216.0,82,2
1785613216.5,81,2
1785613216.6,81,17
1785613219.4,82,36
1785613219.9,81,36
1785613220.9,82,36
1785613221.4,81,36
1785613221.8,82,35
1785613222.3,81,35
1785613223.3,82,35
1785613223.8,81,35
1785613224.4,82,34
1785613225.0,81,34
1785613225.9,82,34
1785613226.5,81,34
1785613227.8,82,33
1785613228.1,82,26
1785613229.1,81,33
1785613229.7,81,26
1785613230.0,82,26
1785613230.1,82,33
1785613230.3,81,33
1785613231.5,81,26
1785613245.8,82,36
1785613246.2,81,36
1785613247.8,82,35
1785613248.0,82,36
1785613248.2,81,35
1785613248.4,81,36
1785613249.7,82,34
1785613249.9,82,35
1785613250.2,81,34
1785613250.3,81,35
1785613250.4,82,48
1785613251.4,81,48
1785613251.7,82,36
1785613251.9,82,34
1785613252.2,81,36
1785613252.4,81,34
1785613253.0,82,33
1785613253.0,82,34
1785613253.2,82,26
1785613253.3,82,36
1785613253.4,81,33
1785613253.4,81,34
1785613253.5,82,47
1785613253.6,82,48
1785613253.7,81,36
1785613253.7,82,35
1785613254.1,81,35
1785613254.4,81,48
1785613254.6,81,26
1785613255.0,82,35
1785613255.2,82,26
1785613255.3,82,33
1785613255.5,81,35
1785613255.7,81,33
1785613255.9,82,34
1785613255.9,82,48
1785613256.1,81,47
1785613256.3,82,33
1785613256.4,81,34
1785613256.7,81,48
1785613256.8,81,33
1785613257.0,82,34
1785613257.4,82,47
1785613257.8,81,34
1785613257.8,82,48
1785613258.1,81,26
1785613258.5,81,47
1785613258.5,81,48
1785613259.5,82,26
1785613259.7,82,33
1785613259.9,81,33
1785613260.2,82,33
1785613260.5,82,46
1785613260.5,82,47
1785613260.7,82,48
1785613261.1,81,33
1785613261.2,82,17
1785613261.2,82,19
1785613261.7,81,48
1785613262.0,81,19
1785613262.0,81,47
1785613262.1,82,2
1785613262.7,81,26
1785613263.2,82,47
1785613264.9,81,47
1785613265.1,82,19
1785613265.6,81,19
1785613265.9,81,46
1785613266.9,82,46
1785613267.6,82,47
1785613267.8,81,46
1785613268.8,82,43
1785613269.3,81,47
1785613269.4,82,46
1785613270.0,81,2
1785613270.2,82,8
1785613270.5,82,47
1785613270.7,82,2
1785613270.8,82,29
1785613270.8,82,31
1785613271.1,81,31
1785613272.1,81,46
1785613272.4,81,47
1785613272.8,81,43
1785613272.9,82,46
1785613273.6,81,2
1785613273.7,82,42
1785613273.9,82,43
1785613274.0,82,2
1785613274.0,82,31
1785613274.3,81,31
1785613274.9,81,42
1785613275.0,82,31
1785613275.2,81,46
1785613276.1,81,31
1785613276.8,81,17
1785613276.9,81,2
1785613277.5,82,46
1785613277.7,82,17
1785613277.7,82,31
1785613278.1,81,31
1785613278.5,82,2
1785613278.8,82,31
1785613278.9,82,42
1785613279.0,81,42
1785613279.4,81,46
1785613279.5,81,31
1785613279.6,82,46
1785613280.7,81,2
1785613280.8,82,2
1785613280.8,82,31
1785613281.2,81,31
1785613281.5,81,46
1785613281.5,82,36
1785613282.4,81,36
1785613282.9,81,17
1785613283.0,81,2
1785613283.8,82,35
1785613284.6,81,35
1785613286.0,82,34
1785613286.9,81,8
1785613287.1,81,34
1785613287.3,82,35
1785613287.8,81,35
1785613288.1,82,34
1785613288.6,81,29
1785613288.6,81,43
1785613288.7,81,34
1785613288.8,82,36
1785613289.4,81,36
1785613289.5,82,33
1785613289.6,82,34
1785613289.7,82,26
1785613290.2,81,34
1785613290.6,81,33
1785613291.3,82,35
1785613291.7,82,36
1785613291.8,81,35
1785613292.1,81,36
1785613292.1,82,33
1785613292.3,81,33
1785613292.5,82,35
1785613293.1,81,35
1785613293.3,82,33
1785613293.9,81,33
1785613293.9,82,34
1785613294.0,82,35
1785613294.5,81,34
1785613294.6,81,35
1785613295.0,82,34
1785613295.1,81,26
1785613295.6,81,34
1785613296.3,82,36
1785613296.4,82,34
1785613296.8,81,36
1785613297.1,81,34
1785613297.8,82,33
1785613297.9,82,26
1785613298.4,81,33
1785613298.9,82,33
1785613298.9,82,35
1785613299.4,81,35
1785613299.8,81,33
1785613300.0,82,33
1785613301.1,81,33
1785613301.3,82,34
1785613301.9,81,34
1785613302.4,81,26
1785613305.3,82,33
1785613305.4,82,26
1785613307.1,81,33
1785613308.6,82,45
1785613308.7,81,26
1785613309.3,81,45
1785613309.9,82,43
1785613310.1,82,31
1785613310.4,81,31
1785613311.2,82,8
1785613311.8,82,29
1785613316.9,81,8
1785613317.9,81,29
1785613318.0,81,43
1785613339.6,82,36
1785613340.0,81,36
1785613341.3,82,36
1785613341.6,82,35
1785613341.7,81,36
1785613341.7,82,24
1785613342.0,82,38
1785613342.1,81,35
1785613343.4,82,35
1785613343.6,82,39
1785613343.9,81,35
1785613343.9,82,7
1785613343.9,82,34
1785613344.5,81,34
1785613344.8,82,35
1785613344.9,82,22
1785613345.3,81,35
1785613345.3,82,36
1785613345.5,82,4
1785613345.7,82,34
1785613345.8,81,36
1785613346.2,81,34
1785613347.0,81,39
1785613347.0,82,34
1785613347.2,82,33
1785613347.3,82,30
1785613347.3,82,36
1785613347.5,81,22
1785613347.5,82,26
1785613347.6,81,34
1785613347.6,82,35
1785613347.8,82,41
1785613347.9,81,36
1785613348.1,81,35
1785613348.2,81,33
1785613348.6,82,3
1785613349.1,81,4
1785613349.3,81,26
1785613349.5,82,33
1785613349.6,82,26
1785613349.8,82,35
1785613349.9,82,34
1785613350.2,81,33
1785613350.4,81,35
1785613350.5,81,34
1785613350.6,82,8
1785613350.7,82,33
1785613351.1,82,36
1785613351.5,81,33
1785613351.7,81,36
1785613352.1,82,35
1785613352.3,82,34
1785613352.6,81,35
1785613352.9,81,26
1785613352.9,81,34
1785613352.9,82,42
1785613353.1,82,36
1785613353.3,81,42
1785613353.4,82,35
1785613353.6,81,36
1785613353.9,82,26
1785613354.0,81,35
1785613354.4,82,33
1785613354.5,81,33
1785613354.5,82,34
1785613355.1,81,34
1785613355.3,81,8
1785613355.4,82,35
1785613355.6,81,26
1785613355.9,81,35
1785613355.9,82,34
1785613356.1,82,26
1785613356.1,82,33
1785613356.2,82,8
1785613356.4,81,34
1785613356.7,81,33
1785613357.8,81,26
1785613357.8,82,34
1785613357.9,81,8
1785613358.2,82,33
1785613358.3,81,34
1785613358.3,82,26
1785613358.8,82,8
1785613359.0,81,8
1785613359.0,81,33
1785613359.8,82,36
1785613359.9,82,33
1785613360.3,81,36
1785613360.3,82,39
1785613360.3,82,43
1785613360.6,81,33
1785613361.6,82,33
1785613361.9,82,35
1785613362.4,81,33
1785613362.4,81,35
1785613362.7,82,8
1785613363.2,82,36
1785613363.5,81,26
1785613363.7,81,36
1785613364.1,82,34
1785613364.6,81,34
1785613365.0,82,35
1785613365.4,81,35
1785613366.8,82,34
1785613367.3,81,34
1785613368.0,82,33
1785613368.2,82,26
1785613369.6,81,33
1785613370.5,82,33
1785613371.8,81,33
1785613372.5,82,48
1785613372.9,81,26
1785613373.4,81,48
1785613373.9,81,43
1785613374.1,82,43
1785613375.6,81,8
1785613375.8,82,47
1785613376.1,82,8
1785613376.6,81,47
1785613377.7,81,8
1785613378.5,82,48
1785613379.5,81,48
1785613380.1,82,8
1785613381.2,82,48
1785613381.7,82,47
1785613382.0,81,48
1785613382.1,82,46
1785613382.7,82,17
1785613383.0,81,43
1785613383.1,81,47
1785613383.2,81,8
1785613383.2,82,43
1785613383.6,81,43
1785613384.0,82,43
1785613384.1,82,48
1785613384.7,82,2
1785613385.0,81,48
1785613385.1,81,43
1785613385.2,82,47
1785613385.5,82,48
1785613385.7,81,47
1785613386.4,81,24
1785613386.4,82,43
1785613386.5,81,48
1785613386.7,82,24
1785613387.4,81,17
1785613387.4,81,38
1785613387.4,82,40
1785613387.5,81,43
1785613387.5,82,48
1785613387.7,81,24
1785613387.9,82,43
1785613388.0,82,17
1785613388.2,81,40
1785613388.7,81,39
1785613388.8,81,7
1785613389.0,81,48
1785613389.7,82,38
1785613389.8,81,43
1785613389.9,82,43
1785613390.0,81,43
1785613390.1,82,43
1785613390.3,81,43
1785613390.4,82,24
1785613390.4,82,47
1785613391.4,82,43
1785613391.5,81,38
1785613391.5,82,40
1785613391.8,81,43
1785613391.8,82,7
1785613392.0,81,40
1785613392.4,81,17
1785613393.4,81,24
1785613393.4,82,17
1785613393.6,82,48
1785613393.7,82,38
1785613393.8,81,17
1785613393.8,82,24
1785613393.9,81,7
1785613394.2,82,17
1785613394.3,82,7
1785613394.9,81,7
1785613395.2,81,48
1785613395.4,82,7
1785613396.0,81,17
1785613396.0,81,38
1785613396.1,82,40
1785613396.4,81,40
1785613396.4,82,48
1785613397.2,82,17
1785613397.2,82,36
1785613397.3,81,47
1785613397.6,81,7
1785613397.6,81,24
1785613397.7,81,36
1785613397.8,81,17
1785613398.0,81,48
1785613398.2,82,47
1785613398.3,81,47
1785613398.4,82,17
1785613398.4,82,47
1785613399.1,81,47
1785613399.9,82,35
1785613400.7,81,35
1785613401.2,81,17
1785613401.6,82,17
1785613403.0,81,17
1785613403.2,82,34
1785613403.8,82,36
1785613404.1,81,34
1785613404.5,81,36
1785613404.6,82,36
1785613404.9,82,17
1785613405.2,81,17
1785613405.2,81,36
1785613405.9,82,42
1785613407.0,82,35
1785613407.1,82,17
1785613407.3,81,30
1785613407.9,81,35
1785613407.9,81,41
1785613407.9,82,31
1785613408.2,82,35
1785613408.5,81,3
1785613408.5,81,35
1785613408.6,82,35
1785613408.7,81,35
1785613409.2,82,8
1785613409.5,82,26
1785613409.7,82,33
1785613410.6,82,34
1785613410.7,82,35
1785613411.2,81,35
1785613412.4,81,34
1785613413.4,82,35
1785613413.9,82,36
1785613414.5,81,35
1785613414.8,82,34
1785613415.0,81,36
1785613415.1,82,35
1785613416.1,81,35
1785613416.3,81,34
1785613418.9,82,34
1785613419.3,82,35
1785613420.7,81,17
1785613420.7,81,35
1785613420.8,81,34
1785613421.3,82,17
1785613421.6,81,42
1785613421.8,82,34
1785613422.3,82,36
1785613422.8,81,8
1785613422.8,81,17
1785613422.9,81,31
1785613423.1,81,36
1785613423.8,81,34
1785613423.8,82,17
1785613425.9,81,17
1785613426.8,82,17
1785613426.9,82,35
1785613428.2,82,34
1785613428.8,81,35
1785613433.6,82,38
1785613433.7,82,24
1785613434.0,81,34
1785613434.5,82,34
1785613435.6,82,7
1785613438.0,82,36
1785613438.6,81,34
1785613438.7,81,36
1785613439.7,81,17
1785613440.4,82,17
1785613440.7,81,33
1785613440.8,82,36
1785613441.1,81,26
1785613441.5,81,36
1785613441.5,82,35
1785613442.0,81,17
1785613442.0,82,26
1785613442.1,82,33
1785613442.4,82,17
1785613442.9,81,35
1785613443.3,82,34
1785613444.3,81,33
1785613444.7,82,33
1785613445.1,82,35
1785613445.5,82,36
1785613446.2,81,36
1785613446.5,81,34
1785613446.6,81,33
1785613446.9,82,33
1785613447.7,81,35
1785613448.2,82,34
1785613448.3,82,41
1785613448.7,81,33
1785613448.8,82,30
1785613449.1,82,3
1785613449.3,81,30
1785613449.5,82,33
1785613449.6,81,41
1785613449.9,81,34
1785613450.1,82,30
1785613451.3,81,33
1785613452.3,82,31
1785613452.5,81,26
1785613452.7,81,31
1785613453.0,82,33
1785613453.0,82,34
1785613453.2,82,26
1785613454.1,81,34
1785613454.2,81,46
1785613454.6,81,33
1785613455.4,82,33
1785613456.2,82,34
1785613456.3,82,47
1785613457.1,81,33
1785613457.8,81,34
1785613458.3,81,26
1785613458.5,82,34
1785613459.1,82,33
1785613459.3,82,26
1785613460.2,81,34
1785613460.6,81,33
1785613460.9,81,47
1785613461.8,81,26
1785613462.5,82,33
1785613462.9,82,26
1785613463.9,81,33
1785613465.8,82,33
1785613466.4,81,33
1785613467.7,81,26
1785613471.6,82,46
1785613473.7,81,2
1785613474.7,82,2
1785613475.0,82,19
1785613475.7,81,19
1785613477.7,82,43
1785613477.8,81,46
1785613477.9,82,45
1785613477.9,82,47
1785613478.4,82,19
1785613479.0,81,2
1785613479.0,81,45
1785613479.1,82,46
1785613479.2,82,48
1785613479.3,81,19
1785613479.3,81,48
1785613479.5,82,8
1785613479.8,82,42
1785613480.2,82,2
1785613480.7,81,42
1785613480.8,82,19
1785613480.8,82,42
1785613480.9,81,47
1785613480.9,82,29
1785613481.0,81,42
1785613481.3,82,48
1785613481.6,82,47
1785613481.8,81,19
1785613482.8,82,31
1785613483.4,81,47
1785613483.7,81,29
1785613483.7,81,31
1785613484.3,81,48
1785613484.9,82,19
1785613485.1,82,47
1785613485.2,82,48
1785613485.3,81,19
1785613486.0,81,47
1785613486.1,81,48
1785613486.3,82,48
1785613486.6,81,48
1785613486.7,82,19
1785613486.9,82,48
1785613487.6,81,19
1785613487.6,82,47
1785613487.8,81,8
1785613487.9,82,8
1785613488.1,81,48
1785613488.4,81,8
1785613488.6,81,46
1785613488.9,81,47
1785613488.9,82,8
1785613489.7,82,19
1785613489.9,81,2
1785613489.9,82,46
1785613490.0,82,47
1785613490.1,81,17
1785613490.1,81,19
1785613490.6,82,17
1785613490.6,82,29
1785613490.6,82,31
1785613491.2,82,2
1785613491.4,81,47
1785613491.5,81,8
1785613492.0,82,19
1785613492.6,81,19
1785613492.9,81,29
1785613492.9,81,31
1785613493.1,82,48
1785613493.3,81,48
1785613494.7,82,47
1785613494.8,82,19
1785613495.3,81,19
1785613496.1,81,47
1785613496.3,81,43
1785613496.3,81,46
1785613496.5,82,46
1785613496.9,82,48
1785613498.2,81,46
1785613498.6,81,48
1785613499.0,82,46
1785613499.5,81,2
1785613499.6,82,47
1785613499.7,82,48
1785613500.1,82,2
1785613500.9,81,47
1785613501.3,81,48
1785613502.7,82,48
1785613503.9,81,48
1785613503.9,82,47
1785613505.7,82,40
1785613505.8,81,47
1785613505.8,82,48
1785613506.2,81,40
1785613506.9,82,47
1785613507.4,81,48
1785613507.8,82,40
1785613508.4,81,40
1785613508.5,81,47
1785613509.2,81,7
1785613509.3,81,3
1785613509.3,82,7
1785613509.5,82,41
1785613509.7,82,47
1785613509.9,82,19
1785613509.9,82,48
1785613510.4,81,38
1785613510.4,82,40
1785613510.5,82,38
1785613510.8,81,19
1785613510.8,82,42
1785613510.9,81,48
1785613510.9,82,3
1785613511.0,81,40
1785613511.8,81,7
1785613512.0,82,7
1785613512.3,82,31
1785613512.7,81,47
1785613513.0,82,40
1785613513.5,81,40
1785613514.1,82,8
1785613514.1,82,47
1785613514.6,82,19
1785613514.9,81,38
1785613514.9,82,48
1785613515.0,82,40
1785613515.2,81,41
1785613515.4,81,40
1785613515.7,81,30
1785613515.9,81,19
1785613516.2,81,24
1785613516.3,82,29
1785613516.4,81,7
1785613516.8,81,48
1785613516.9,81,3
1785613517.7,81,29
1785613519.3,81,47
1785613519.5,82,29
1785613520.1,81,29
1785613520.5,82,29
1785613521.5,81,29
1785613522.3,82,48
1785613522.4,82,29
1785613523.1,81,29
1785613523.5,82,29
1785613524.2,82,38
1785613524.5,82,24
1785613524.9,81,48
1785613525.3,81,29
1785613525.8,82,7
1785613525.8,82,48
1785613526.0,82,29
1785613526.2,81,38
1785613526.2,82,40
1785613526.7,81,29
1785613526.7,81,40
1785613527.3,81,24
1785613527.9,81,7
1785613528.1,82,29
1785613528.8,81,48
1785613528.9,81,29
1785613529.1,82,29
1785613530.7,81,29
1785613537.7,81,42
1785613538.9,81,31
1785613539.1,81,8
1785613539.3,82,30
1785613539.8,82,41
1785613540.7,82,3
1785613549.9,82,36
1785613550.3,81,36
1785613551.1,81,46
1785613551.7,82,35
1785613551.8,82,46
1785613552.1,81,35
1785613553.5,82,34
1785613553.9,81,34
1785613554.9,81,46
1785613555.2,82,46
1785613556.5,82,26
1785613556.6,82,33
1785613556.7,81,33
1785613558.0,81,26
1785613558.2,81,46
1785613558.3,82,46
1785613559.0,82,36
1785613559.0,82,47
1785613559.6,81,36
1785613560.9,81,47
1785613561.4,81,46
1785613561.4,82,35
1785613561.4,82,43
1785613561.7,82,19
1785613561.9,81,35
1785613561.9,82,46
1785613562.0,82,8
1785613562.1,82,47
1785613562.4,81,19
1785613562.8,82,29
1785613563.4,81,43
1785613563.9,82,34
1785613564.1,81,47
1785613564.3,82,36
1785613564.5,81,34
1785613564.5,82,43
1785613564.8,81,36
1785613565.7,81,46
1785613565.9,82,46
1785613565.9,82,47
1785613566.0,81,46
1785613566.6,82,35
1785613566.6,82,46
1785613566.8,81,43
1785613566.9,82,36
1785613567.1,81,35
1785613567.4,81,36
1785613567.6,81,47
1785613567.9,82,26
1785613568.1,82,33
1785613568.2,82,47
1785613568.5,81,33
1785613569.0,81,8
1785613569.0,82,34
1785613569.0,82,35
1785613569.5,81,35
1785613569.6,81,34
1785613569.8,81,47
1785613569.8,82,43
1785613569.9,81,26
1785613569.9,82,48
1785613570.5,81,29
1785613570.5,81,43
1785613570.6,81,46
1785613571.1,81,48
1785613571.4,82,34
1785613571.9,81,34
1785613571.9,82,46
1785613572.0,82,35
1785613572.1,81,2
1785613572.5,81,35
1785613572.5,82,48
1785613572.6,81,48
1785613572.9,82,47
1785613573.0,82,2
1785613573.5,82,33
1785613573.5,82,48
1785613573.6,82,26
1785613573.9,81,46
1785613574.0,81,48
1785613574.2,82,34
1785613574.3,81,47
1785613574.7,81,34
1785613575.1,82,48
1785613575.2,81,33
1785613575.5,82,46
1785613575.6,81,17
1785613575.7,81,2
1785613575.7,82,33
1785613575.8,82,47
1785613575.9,82,17
1785613576.4,81,48
1785613576.5,82,2
1785613576.9,82,45
1785613577.1,81,47
1785613577.3,81,46
1785613577.3,82,19
1785613577.4,81,33
1785613577.4,81,45
1785613577.4,82,46
1785613577.6,81,19
1785613577.9,82,48
1785613578.0,82,47
1785613578.2,82,43
1785613578.5,82,31
1785613578.5,82,33
1785613578.9,81,31
1785613579.0,81,46
1785613579.1,81,47
1785613579.1,81,48
1785613579.3,82,8
1785613579.6,82,19
1785613579.9,81,33
1785613579.9,82,29
1785613580.2,81,2
1785613580.3,81,17
1785613580.3,81,19
1785613580.3,82,46
1785613580.5,82,47
1785613580.8,82,17
1785613581.1,81,26
1785613581.5,82,2
1785613581.6,82,48
1785613581.9,81,46
1785613582.0,81,47
1785613582.6,81,48
1785613582.7,82,46
1785613582.7,82,47
1785613583.4,81,2
1785613583.8,82,2
1785613584.2,81,46
1785613584.3,81,47
1785613584.3,82,48
1785613584.4,81,8
1785613584.6,82,46
1785613584.8,81,43
1785613585.2,82,19
1785613585.4,81,29
1785613585.5,81,48
1785613585.9,81,19
1785613585.9,82,48
1785613586.0,81,46
1785613586.7,82,47
1785613586.9,81,48
1785613587.5,81,2
1785613587.5,81,17
1785613588.0,81,47
1785613588.0,82,46
1785613588.6,82,17
1785613589.1,82,2
1785613589.3,82,47
1785613589.5,82,48
1785613589.9,81,46
1785613590.4,81,47
1785613590.4,82,46
1785613590.5,81,48
1785613590.5,82,47
1785613591.4,81,47
1785613592.0,81,46
1785613592.0,82,48
1785613592.3,82,47
1785613593.0,81,48
1785613593.1,82,38
1785613593.3,81,47
1785613593.3,82,46
1785613593.4,81,17
1785613593.4,82,24
1785613593.5,81,2
1785613593.7,82,17
1785613594.0,82,47
1785613594.2,82,43
1785613594.4,82,2
1785613594.4,82,48
1785613594.8,82,7
1785613594.9,81,46
1785613594.9,82,8
1785613595.1,81,47
1785613595.4,81,41
1785613595.5,81,48
1785613595.7,82,29
1785613596.2,81,17
1785613596.3,81,2
1785613596.3,81,43
1785613596.4,82,46
1785613596.6,82,17
1785613596.6,82,47
1785613597.0,82,2
1785613597.0,82,48
1785613597.5,82,43
1785613597.6,81,47
1785613597.7,82,19
1785613598.0,81,46
1785613598.2,81,19
1785613598.5,81,48
1785613598.7,82,47
1785613598.9,82,46
1785613599.0,81,2
1785613599.1,81,43
1785613599.7,81,47
1785613599.9,81,46
1785613599.9,82,2
1785613600.2,82,19
1785613600.2,82,46
1785613600.4,82,48
1785613600.6,81,19
1785613601.4,81,8
1785613601.7,81,48
1785613601.9,82,47
1785613602.1,81,46
1785613602.2,82,19
1785613602.3,82,43
1785613602.5,82,46
1785613602.8,81,47
1785613603.0,81,19
1785613603.1,81,29
1785613603.5,81,43
1785613604.0,81,46
1785613604.6,82,46
1785613604.8,82,48
1785613605.1,82,47
1785613605.4,81,2
1785613606.0,81,48
1785613606.0,82,2
1785613606.1,81,46
1785613606.1,81,47
1785613606.4,82,48
1785613606.5,81,48
1785613606.6,82,48
1785613606.7,81,48
1785613607.4,81,17
1785613607.4,82,46
1785613607.5,81,2
1785613607.9,82,48
1785613608.0,82,17
1785613608.5,82,2
1785613608.7,81,46
1785613609.0,81,48
1785613609.4,82,47
1785613609.9,81,17
1785613610.2,81,2
1785613611.1,82,48
1785613611.5,81,47
1785613611.7,82,46
1785613612.0,82,17
1785613612.1,81,48
1785613612.7,82,47
1785613613.0,82,2
1785613613.3,82,48
1785613614.1,81,47
1785613614.6,81,48
1785613615.9,82,47
1785613617.3,81,47
1785613617.6,82,40
1785613618.0,82,19
1785613618.1,81,40
1785613618.3,81,19
1785613618.7,82,47
1785613620.0,81,38
1785613620.0,81,47
1785613620.0,82,40
1785613620.0,82,41
1785613620.3,81,40
1785613621.3,81,7
1785613621.3,81,24
1785613621.6,81,41
1785613622.6,82,42
1785613622.9,82,19
1785613623.0,82,48
1785613623.1,82,41
1785613623.2,82,47
1785613623.3,81,46
1785613623.6,81,19
1785613624.0,81,2
1785613624.0,81,17
1785613624.2,81,42
1785613624.3,82,31
1785613624.5,81,48
1785613625.5,81,41
1785613625.6,81,47
1785613625.7,82,42
1785613625.8,82,8
1785613625.9,82,41
1785613626.1,82,48
1785613626.2,82,38
1785613626.7,82,24
1785613627.4,81,48
1785613627.7,81,42
1785613627.8,82,7
1785613627.9,81,38
1785613627.9,82,40
1785613628.0,82,17
1785613628.4,81,40
1785613628.4,82,47
1785613628.7,82,42
1785613629.1,81,24
1785613629.1,82,2
1785613629.5,82,38
1785613629.6,81,7
1785613630.0,82,24
1785613630.2,81,41
1785613630.2,82,48
1785613630.7,82,41
1785613631.1,81,3
1785613631.1,82,7
1785613631.5,81,47
1785613631.5,82,3
1785613632.1,81,48
1785613633.4,82,48
1785613634.6,82,47
1785613635.0,81,47
1785613635.2,81,3
1785613635.3,81,30
1785613635.5,81,48
1785613635.7,82,40
1785613635.9,81,41
1785613636.1,81,42
1785613636.5,82,42
1785613637.0,82,19
1785613637.5,81,19
1785613637.5,81,40
1785613638.6,82,48
1785613639.3,81,42
1785613639.4,81,48
1785613639.9,82,29
1785613639.9,82,42
1785613640.5,81,42
1785613640.6,81,29
1785613640.8,82,48
1785613641.0,82,29
1785613641.6,81,48
1785613641.8,81,29
1785613642.1,82,29
1785613642.5,81,38
1785613642.5,82,40
1785613642.6,81,24
1785613642.8,81,29
1785613643.7,81,7
1785613643.8,81,40
1785613644.1,82,29
1785613644.9,81,29
1785613645.3,82,48
1785613645.6,81,48
1785613646.3,82,29
1785613646.7,81,29
1785613647.8,81,8
1785613648.2,81,31
1785613651.6,82,36
1785613652.1,81,36
1785613653.5,81,2
1785613654.1,82,35
1785613654.2,82,2
1785613654.7,81,35
1785613656.9,82,34
1785613657.7,81,34
1785613658.9,82,36
1785613659.5,81,36
1785613661.0,82,46
1785613661.0,82,47
1785613661.3,82,33
1785613661.4,81,2
1785613661.4,81,46
1785613661.4,82,35
1785613661.4,82,36
1785613661.8,82,26
1785613661.9,81,36
1785613662.0,81,35
1785613662.0,82,46
1785613662.6,81,33
1785613662.6,82,2
1785613663.3,82,36
1785613663.7,82,35
1785613663.8,81,26
1785613663.8,81,36
1785613664.1,82,34
1785613664.2,81,35
1785613664.3,81,46
1785613664.9,81,34
1785613665.6,81,2
1785613665.6,82,46
1785613665.7,82,35
1785613666.2,81,35
1785613666.3,82,34
1785613666.5,82,2
1785613666.9,81,34
1785613667.1,82,48
1785613668.0,81,47
1785613668.2,82,34
1785613668.5,82,36
1785613668.6,82,33
1785613668.8,82,26
1785613668.9,81,34
1785613668.9,82,47
1785613669.0,81,36
1785613669.4,81,33
1785613670.1,82,19
1785613670.4,81,26
1785613670.6,82,35
1785613670.7,82,33
1785613670.9,81,19
1785613670.9,81,47
1785613670.9,82,26
1785613671.1,81,35
1785613671.8,82,19
1785613672.0,81,33
1785613672.1,81,2
1785613672.3,82,33
1785613672.6,82,2
1785613672.8,81,19
1785613672.8,82,34
1785613673.3,81,34
1785613673.4,81,33
1785613673.8,82,47
1785613673.9,81,48
1785613674.4,81,2
1785613674.4,81,26
1785613674.4,82,19
1785613674.6,82,2
1785613675.0,81,2
1785613675.1,82,2
1785613675.2,81,19
1785613675.3,82,48
1785613676.1,81,47
1785613676.3,82,33
1785613676.4,82,19
1785613676.4,82,26
1785613677.0,81,33
1785613677.1,81,48
1785613677.2,81,19
1785613677.2,82,36
1785613677.2,82,47
1785613677.6,81,36
1785613678.1,81,26
1785613678.8,81,46
1785613679.0,81,47
1785613679.0,82,46
1785613679.2,82,35
1785613679.4,82,19
1785613679.7,81,19
1785613679.7,81,35
1785613679.7,82,47
1785613679.7,82,48
1785613680.0,82,36
1785613680.5,81,36
1785613680.6,81,47
1785613680.9,81,48
1785613681.2,82,34
1785613681.2,82,38
1785613681.4,82,24
1785613681.7,81,34
1785613682.0,82,35
1785613682.0,82,47
1785613682.3,82,48
1785613682.5,81,35
1785613682.7,81,46
1785613683.0,82,46
1785613683.3,81,47
1785613683.3,81,48
1785613683.3,82,7
1785613683.4,82,47
1785613684.0,82,34
1785613684.5,81,34
1785613684.5,82,26
1785613684.7,81,46
1785613684.7,81,47
1785613684.8,82,33
1785613685.0,81,33
1785613685.4,82,46
1785613685.4,82,47
1785613686.2,81,2
1785613686.3,81,26
1785613686.5,81,47
1785613686.5,82,2
1785613686.6,82,36
1785613687.0,81,46
1785613687.2,82,46
1785613687.4,82,33
1785613687.5,82,47
1785613687.6,81,36
1785613687.6,82,26
1785613687.8,81,33
1785613688.8,81,46
1785613688.8,81,47
1785613688.8,82,35
1785613689.0,81,26
1785613689.5,82,46
1785613689.6,82,19
1785613689.7,81,35
1785613689.9,81,19
1785613690.2,81,2
1785613690.5,82,2
1785613690.6,82,36
1785613690.8,82,34
1785613691.1,81,36
1785613691.8,81,34
1785613691.8,81,46
1785613691.9,82,46
1785613692.3,81,2
1785613692.5,82,35
1785613692.9,81,35
1785613693.1,82,2
1785613693.4,81,46
1785613694.3,82,46
1785613694.4,82,33
1785613694.4,82,34
1785613694.5,82,26
1785613694.6,81,2
1785613694.6,81,33
1785613694.8,81,34
1785613695.2,82,2
1785613695.7,81,46
1785613696.2,81,26
1785613697.0,81,17
1785613697.1,81,2
1785613697.6,82,26
1785613698.5,82,39
1785613698.9,81,26
1785613705.8,82,47
1785613706.4,81,47
1785613707.5,82,48
1785613708.0,81,48
1785613710.0,82,47
1785613710.0,82,48
1785613710.5,81,48
1785613710.6,81,47
1785613710.8,82,46
1785613711.5,82,17
1785613712.0,82,2
1785613712.3,82,41
1785613712.7,82,47
1785613713.6,81,47
1785613713.6,82,40
1785613714.2,81,39
1785613714.2,81,40
1785613714.8,82,48
1785613716.1,81,48
1785613716.4,81,38
1785613716.4,82,40
1785613716.6,82,38
1785613716.7,82,19
1785613716.8,81,40
1785613717.0,81,19
1785613717.4,82,48
1785613718.1,81,48
1785613718.2,82,47
1785613718.7,81,38
1785613718.7,82,40
1785613719.1,82,38
1785613719.2,81,40
1785613719.9,81,47
1785613720.1,81,7
1785613720.2,82,48
1785613720.7,82,7
1785613720.9,82,47
1785613721.0,81,48
1785613721.5,82,40
1785613721.9,81,40
1785613722.2,81,47
1785613722.5,82,19
1785613722.8,81,19
1785613723.0,81,7
1785613723.1,82,7
1785613723.5,82,48
1785613724.0,81,38
1785613724.0,82,40
1785613724.2,81,48
1785613724.5,81,40
1785613724.6,82,47
1785613725.3,81,24
1785613725.4,81,7
1785613727.1,81,47
1785613727.8,82,19
1785613728.2,82,47
1785613729.6,82,3
1785613729.8,81,47
1785613729.9,82,47
1785613730.3,81,41
1785613730.5,81,3
1785613731.9,82,36
1785613732.1,82,42
1785613732.4,81,36
1785613732.4,82,48
1785613732.8,81,47
1785613732.9,81,48
1785613733.0,81,42
1785613734.0,82,48
1785613734.1,82,35
1785613734.2,82,42
1785613734.3,82,24
1785613734.5,82,38
1785613734.7,81,35
1785613735.1,82,29
1785613735.1,82,31
1785613735.9,81,29
1785613736.1,82,7
1785613736.4,81,48
1785613736.6,82,8
1785613736.6,82,34
1785613737.1,82,29
1785613737.2,81,34
1785613737.7,81,29
1785613737.8,82,48
1785613740.6,82,29
1785613740.9,81,29
1785613741.7,81,48
1785613742.5,82,26
1785613742.6,82,33
1785613743.0,81,31
1785613743.4,81,8
1785613744.2,81,42
1785613747.7,81,2
1785613747.9,82,2
1785613750.9,81,19
1785613756.1,81,33
1785613756.1,81,46
1785613757.1,81,26
1785613757.4,82,46
1785613758.8,81,46
1785613759.4,82,46
1785613759.9,82,36
1785613760.4,81,36
1785613761.8,81,46
1785613762.3,82,35
1785613762.8,81,35
1785613763.1,81,2
1785613763.5,81,17
1785613763.8,82,17
1785613763.8,82,46
1785613764.6,82,2
1785613764.7,82,34
1785613765.0,82,19
1785613765.3,81,34
1785613765.7,82,47
1785613765.9,81,47
1785613766.0,81,19
1785613766.1,81,46
1785613766.9,82,47
1785613767.0,82,46
1785613768.5,82,33
1785613768.7,82,26
1785613769.2,81,33
1785613769.4,81,47
1785613770.4,81,46
1785613770.5,82,46
1785613770.6,81,26
1785613770.9,82,47
1785613770.9,82,48
1785613772.1,81,47
1785613772.1,81,48
1785613773.0,82,47
1785613774.4,81,46
1785613774.4,82,43
1785613774.5,82,8
1785613774.8,82,46
1785613774.9,82,29
1785613775.5,81,47
1785613775.7,81,43
1785613776.0,82,19
1785613776.2,82,47
1785613776.3,82,31
1785613776.5,82,43
1785613777.0,81,19
1785613777.2,82,48
1785613777.3,81,31
1785613777.4,81,46
1785613777.5,81,48
1785613777.6,82,31
1785613778.1,81,31
1785613778.1,81,43
1785613778.4,82,31
1785613778.5,81,47
1785613778.7,81,17
1785613778.8,81,2
1785613778.9,82,46
1785613779.0,81,31
1785613779.1,82,19
1785613779.2,82,43
1785613779.5,81,19
1785613779.5,82,17
1785613779.5,82,47
1785613779.9,82,48
1785613780.0,82,2
1785613780.4,82,31
1785613781.2,81,47
1785613781.5,81,31
1785613782.7,81,48
1785613782.9,82,47
1785613783.7,81,8
1785613783.7,81,46
1785613784.2,81,47
1785613784.4,82,46
1785613784.9,81,29
1785613785.0,81,2
1785613785.0,81,43
1785613785.5,82,2
1785613785.5,82,48
1785613785.8,81,46
1785613785.9,82,47
1785613786.6,81,48
1785613786.9,82,46
1785613787.1,81,2
1785613787.8,81,47
1785613788.1,82,2
1785613788.1,82,47
1785613788.3,81,46
1785613788.6,82,36
1785613788.6,82,48
1785613789.1,81,47
1785613789.2,81,36
1785613789.6,81,2
1785613789.6,81,17
1785613789.6,82,19
1785613789.9,81,48
1785613790.2,82,47
1785613790.3,82,46
1785613790.5,81,19
1785613790.8,82,17
1785613790.8,82,35
1785613791.2,81,47
1785613791.3,81,35
1785613791.4,82,2
1785613792.4,81,46
1785613793.1,82,34
1785613793.1,82,46
1785613793.6,81,34
1785613793.7,82,47
1785613793.9,81,2
1785613794.2,82,19
1785613794.4,81,19
1785613794.7,81,47
1785613794.7,82,2
1785613795.1,82,48
1785613795.8,82,47
1785613795.9,81,46
1785613796.4,81,48
1785613796.8,82,26
1785613796.8,82,33
1785613797.0,81,47
1785613797.2,82,46
1785613797.3,81,2
1785613797.5,81,33
1785613797.5,82,48
1785613798.0,82,2
1785613798.7,81,48
1785613798.9,81,26
1785613799.5,82,19
1785613799.7,82,48
1785613799.9,81,19
1785613800.2,82,47
1785613800.9,81,48
1785613801.0,81,47
1785613802.6,82,47
1785613803.3,82,19
1785613803.5,81,47
1785613803.7,81,19
1785613803.7,81,46
1785613804.7,82,47
1785613805.0,81,17
1785613805.3,81,2
1785613805.4,82,46
1785613805.8,81,47
1785613805.9,82,17
1785613805.9,82,19
1785613806.3,81,19
1785613806.6,82,2
1785613806.9,81,46
1785613807.9,82,46
1785613808.1,81,17
1785613808.1,82,19
1785613808.3,82,48
1785613808.4,81,2
1785613808.6,82,17
1785613808.9,81,19
1785613809.1,82,2
1785613809.3,81,46
1785613809.4,81,48
1785613810.3,82,46
1785613810.6,81,17
1785613810.8,81,2
1785613810.8,82,48
1785613811.0,82,17
1785613811.5,82,2
1785613811.8,81,46
1785613812.0,81,48
1785613812.1,82,48
1785613812.4,82,47
1785613813.1,81,2
1785613813.3,81,48
1785613813.6,81,17
1785613814.4,81,47
1785613815.4,82,47
1785613815.9,82,48
1785613817.1,81,48
1785613817.4,82,46
1785613817.5,81,47
1785613817.7,82,17
1785613818.3,81,46
1785613818.3,82,2
1785613818.4,82,48
1785613819.3,81,17
1785613819.4,81,2
1785613819.5,81,48
1785613820.4,82,47
1785613820.9,82,48
1785613821.3,82,46
1785613821.7,81,47
1785613822.0,81,48
1785613822.1,82,17
1785613822.1,82,22
1785613822.5,82,4
1785613822.8,82,47
1785613823.1,82,2
1785613823.7,81,46
1785613824.0,81,47
1785613824.0,82,48
1785613824.9,81,48
1785613825.2,82,47
1785613825.4,81,2
1785613825.7,82,2
1785613826.0,81,2
1785613826.1,82,39
1785613826.4,81,47
1785613826.6,82,2
1785613826.6,82,48
1785613827.0,81,2
1785613827.1,81,17
1785613827.2,82,46
1785613827.6,82,17
1785613827.8,81,48
1785613828.2,82,2
1785613828.7,82,47
1785613829.5,82,19
1785613829.8,81,47
1785613829.9,81,19
1785613830.0,82,36
1785613830.8,82,48
1785613831.3,81,36
1785613831.9,82,47
1785613832.1,81,48
1785613832.9,82,35
1785613833.0,81,39
1785613833.2,81,47
1785613833.4,82,48
1785613833.7,81,22
1785613834.1,81,35
1785613834.3,82,40
1785613834.6,81,48
1785613834.8,81,40
1785613834.9,81,4
1785613835.5,81,7
1785613836.2,82,34
1785613837.0,82,7
1785613837.0,82,48
1785613837.3,82,19
1785613837.5,82,47
1785613837.6,81,19
1785613837.9,81,34
1785613838.7,81,48
1785613838.8,81,47
1785613839.0,81,38
1785613839.0,82,40
1785613839.6,81,24
1785613839.6,81,40
1785613840.2,82,38
1785613840.3,82,24
1785613840.3,82,47
1785613841.0,81,7
1785613841.1,82,48
1785613841.8,82,7
1785613842.6,81,47
1785613842.7,81,38
1785613842.7,82,40
1785613842.9,81,48
1785613842.9,82,38
1785613843.2,81,40
1785613843.5,82,26
1785613843.6,82,33
1785613844.1,81,7
1785613844.6,82,7
1785613845.0,82,47
1785613845.4,81,47
1785613845.8,81,38
1785613845.8,82,40
1785613846.5,81,40
1785613847.2,81,24
1785613847.3,81,7
1785613848.8,82,48
1785613851.5,81,48
1785613861.6,81,26
1785613862.1,81,33
1785613862.2,81,46
1785613862.6,82,46
1785613864.4,81,46
1785613865.3,82,46
1785613865.7,81,2
1785613866.2,82,2
1785613866.9,81,46
1785613867.2,82,46
1785613867.3,82,47
1785613867.6,81,47
1785613868.1,81,2
1785613868.2,82,2
1785613868.4,82,19
1785613868.9,81,46
1785613869.0,82,47
1785613869.1,81,19
1785613869.4,81,47
1785613869.6,82,46
1785613870.7,82,48
1785613871.1,81,46
1785613871.1,82,19
1785613871.5,81,19
1785613872.1,81,17
1785613872.4,81,2
1785613872.4,82,46
1785613872.6,82,47
1785613872.9,82,17
1785613873.3,82,2
1785613873.4,81,48
1785613873.8,81,47
1785613874.0,81,46
1785613874.2,82,46
1785613874.7,82,47
1785613875.2,82,48
1785613875.7,81,46
1785613876.0,81,47
1785613876.9,81,2
1785613876.9,81,48
1785613877.0,81,17
1785613877.0,82,19
1785613877.5,81,19
1785613877.6,82,46
1785613877.9,82,17
1785613878.4,82,47
1785613878.6,82,2
1785613879.0,82,48
1785613879.7,81,46
1785613880.1,82,36
1785613880.4,81,47
1785613880.6,81,36
1785613880.6,81,48
1785613880.6,82,46
1785613881.1,82,48
1785613881.2,82,47
1785613881.3,81,2
1785613881.6,82,2
1785613881.6,82,19
1785613882.0,81,19
1785613882.1,82,35
1785613882.2,81,47
1785613882.5,81,35
1785613882.6,81,48
1785613884.1,82,34
1785613884.3,81,46
1785613884.3,82,48
1785613884.5,81,34
1785613884.8,82,47
1785613885.1,82,46
1785613885.5,81,48
1785613885.8,81,47
1785613887.2,81,46
1785613887.2,82,36
1785613887.4,82,33
1785613887.5,82,26
1785613887.5,82,47
1785613887.6,81,33
1785613887.6,81,36
1785613887.8,81,47
1785613888.1,82,48
1785613888.2,82,19
1785613888.3,81,2
1785613888.5,81,19
1785613888.6,82,2
1785613888.7,81,26
1785613889.1,82,35
1785613889.4,82,47
1785613889.6,81,35
1785613890.0,82,19
1785613890.1,81,48
1785613890.5,81,19
1785613890.6,81,47
1785613891.1,82,34
1785613891.2,82,46
1785613891.5,81,34
1785613892.2,81,2
1785613892.3,82,2
1785613892.9,82,47
1785613892.9,82,48
1785613894.2,81,47
1785613894.2,81,48
1785613894.3,82,26
1785613894.3,82,47
1785613894.4,82,33
1785613894.7,81,33
1785613895.5,81,47
1785613895.9,81,26
1785613896.2,82,48
1785613897.4,81,48
1785613897.6,82,19
1785613897.9,81,19
1785613898.4,82,47
1785613899.9,81,47
1785613900.1,81,17
1785613900.1,82,43
1785613900.2,82,36
1785613900.9,81,46
1785613900.9,82,17
1785613901.0,81,36
1785613901.1,82,8
1785613901.2,82,29
1785613901.6,82,47
1785613902.1,81,2
1785613902.1,82,35
1785613902.2,82,48
1785613902.8,81,47
1785613902.9,81,35
1785613902.9,81,48
1785613903.3,82,19
1785613903.3,82,46
1785613903.5,82,2
1785613903.7,81,19
1785613904.0,82,34
1785613904.1,82,36
1785613904.1,82,47
1785613904.2,81,47
1785613904.4,82,35
1785613904.7,81,36
1785613904.8,81,35
1785613904.9,81,2
1785613904.9,81,34
1785613905.1,82,2
1785613905.7,81,46
1785613905.7,82,48
1785613906.1,82,19
1785613906.3,82,35
1785613906.5,82,34
1785613906.7,81,19
1785613906.8,81,35
1785613906.9,81,8
1785613906.9,81,48
1785613907.0,81,34
1785613907.4,82,26
1785613907.5,82,33
1785613907.6,81,33
1785613907.6,82,48
1785613907.7,81,2
1785613907.7,81,17
1785613907.7,82,47
1785613908.0,82,46
1785613908.1,81,29
1785613908.1,81,43
1785613908.1,82,17
1785613908.4,82,19
1785613908.4,82,34
1785613908.6,81,47
1785613908.6,82,40
1785613908.9,81,34
1785613908.9,81,40
1785613908.9,82,2
1785613909.0,81,48
1785613909.1,81,19
1785613909.2,81,26
1785613909.6,82,48
1785613909.9,82,26
1785613910.2,82,24
1785613910.3,82,33
1785613910.4,81,33
1785613910.4,82,36
1785613910.5,82,47
1785613910.9,81,24
1785613910.9,81,36
1785613910.9,81,48
1785613911.5,82,48
1785613911.6,81,26
1785613911.9,81,47
1785613911.9,82,19
1785613911.9,82,33
1785613912.0,82,26
1785613912.1,81,19
1785613912.1,82,30
1785613912.3,81,33
1785613912.3,82,36
1785613912.4,81,30
1785613912.8,81,36
1785613912.8,82,35
1785613912.9,81,48
1785613913.0,82,47
1785613913.2,81,35
1785613913.7,81,26
1785613914.1,82,36
1785613914.3,81,47
1785613914.5,82,35
1785613914.6,81,36
1785613915.0,81,35
1785613915.0,82,34
1785613915.2,82,47
1785613915.5,82,48
1785613915.6,81,34
1785613915.9,82,19
1785613916.4,81,19
1785613916.4,82,35
1785613916.6,81,47
1785613916.7,82,34
1785613916.9,81,35
1785613917.0,81,48
1785613917.2,81,34
1785613917.3,82,47
1785613917.7,82,48
1785613918.2,82,19
1785613918.2,82,36
1785613918.6,81,19
1785613918.6,82,33
1785613918.8,81,36
1785613918.8,82,34
1785613918.9,82,26
1785613919.1,81,48
1785613919.3,81,34
1785613919.7,81,33
1785613920.4,82,34
1785613920.5,81,47
1785613920.5,82,48
1785613920.6,82,33
1785613920.6,82,35
1785613920.7,81,2
1785613920.7,82,19
1785613920.9,81,19
1785613920.9,81,34
1785613921.1,81,35
1785613921.2,82,47
1785613921.3,82,2
1785613921.4,81,33
1785613921.5,82,36
1785613922.1,81,48
1785613922.2,81,36
1785613922.3,82,33
1785613922.7,81,47
1785613922.7,82,19
1785613923.1,82,34
1785613923.2,81,33
1785613923.3,81,19
1785613923.7,81,34
1785613923.7,82,19
1785613923.7,82,47
1785613923.8,82,35
1785613923.8,82,48
1785613924.2,82,33
1785613924.3,81,19
1785613924.3,81,35
1785613924.5,81,48
1785613924.6,81,33
1785613925.1,81,47
1785613925.7,81,26
1785613925.7,82,36
1785613925.9,82,48
1785613926.1,82,34
1785613926.2,81,36
1785613926.6,81,34
1785613926.8,82,47
1785613927.3,82,33
1785613927.5,81,48
1785613927.8,82,26
1785613927.9,82,35
1785613928.4,81,35
1785613928.4,81,47
1785613928.8,82,19
1785613929.0,82,47
1785613929.4,81,33
1785613929.4,82,35
1785613929.4,82,48
1785613929.5,81,19
1785613930.0,81,35
1785613930.3,82,33
1785613930.4,82,34
1785613930.5,81,47
1785613930.6,82,36
1785613931.0,81,34
1785613931.0,81,36
1785613931.0,82,45
1785613931.1,81,46
1785613931.3,82,46
1785613931.5,81,48
1785613931.5,82,19
1785613931.7,81,2
1785613931.8,81,45
1785613931.8,82,43
1785613931.9,82,34
1785613931.9,82,47
1785613932.0,81,19
1785613932.2,82,2
1785613932.4,81,33
1785613932.6,81,34
1785613932.7,82,36
1785613932.8,82,35
1785613933.1,81,47
1785613933.2,81,36
1785613933.2,81,46
1785613933.4,81,35
1785613933.5,82,46
1785613933.6,82,29
1785613933.6,82,48
1785613933.8,82,8
1785613933.9,82,45
1785613934.0,81,26
1785613934.4,81,48
1785613934.5,81,45
1785613934.5,82,33
1785613934.6,82,26
1785613935.1,82,35
1785613935.2,81,46
1785613935.2,82,34
1785613935.2,82,48
1785613935.3,82,31
1785613935.4,81,33
1785613935.4,82,46
1785613935.6,81,31
1785613935.6,81,35
1785613935.7,81,34
1785613936.0,82,47
1785613936.6,82,33
1785613936.9,82,36
1785613937.0,81,47
1785613937.2,81,33
1785613937.3,81,46
1785613937.4,81,36
1785613937.4,81,48
1785613937.5,82,34
1785613937.5,82,46
1785613938.1,81,34
1785613938.4,81,26
1785613938.4,82,48
1785613938.5,82,36
1785613938.7,82,47
1785613938.9,82,35
1785613939.0,81,36
1785613939.0,82,26
1785613939.0,82,33
1785613939.3,81,35
1785613939.4,81,46
1785613939.6,81,47
1785613939.7,82,46
1785613939.9,81,48
1785613940.0,81,33
1785613940.2,81,43
1785613940.7,82,35
1785613940.9,82,34
1785613941.0,81,26
1785613941.2,81,35
1785613941.2,82,26
1785613941.2,82,47
1785613941.3,81,46
1785613941.4,81,34
1785613941.4,82,33
1785613941.5,82,43
1785613941.7,81,8
1785613941.8,82,19
1785613942.0,81,33
1785613942.1,81,47
1785613942.1,82,31
1785613942.4,82,46
1785613942.6,81,17
1785613942.6,81,19
1785613942.6,81,29
1785613942.6,81,31
1785613942.6,81,43
1785613942.8,81,2
1785613942.9,82,17
1785613942.9,82,34
1785613943.0,81,26
1785613943.3,82,2
1785613943.3,82,47
1785613943.3,82,48
1785613943.4,81,34
1785613943.4,81,48
1785613943.9,81,46
1785613944.1,81,47
1785613944.3,82,19
1785613944.4,82,33
1785613944.5,82,26
1785613944.5,82,46
1785613944.6,81,19
1785613944.7,81,33
1785613945.1,82,36
1785613945.4,81,2
1785613945.6,81,36
1785613945.6,82,2
1785613945.7,82,30
1785613945.8,81,26
1785613946.0,81,46
1785613946.1,81,30
1785613946.1,82,3
1785613946.5,82,33
1785613946.6,82,26
1785613946.7,82,46
1785613946.8,82,47
1785613947.0,81,33
1785613947.1,81,3
1785613947.2,81,2
1785613947.2,82,35
1785613947.6,81,47
1785613947.7,81,35
1785613947.7,82,2
1785613948.0,81,46
1785613948.1,81,26
1785613948.3,82,46
1785613949.4,82,34
1785613949.6,81,46
1785613949.8,82,19
1785613949.8,82,47
1785613950.0,81,19
1785613950.0,81,34
1785613950.3,82,3
1785613950.3,82,36
1785613950.3,82,48
1785613950.7,81,47
1785613950.9,81,2
1785613950.9,81,36
1785613951.1,81,17
1785613951.1,81,48
1785613951.1,82,46
1785613951.4,81,3
1785613951.8,82,17
1785613951.8,82,47
1785613952.2,81,46
1785613952.2,82,2
1785613952.6,81,47
1785613952.8,82,19
1785613952.9,82,35
1785613953.0,82,26
1785613953.1,81,19
1785613953.4,81,17
1785613953.4,81,35
1785613953.4,82,33
1785613953.5,81,33
1785613953.6,81,2
1785613953.8,82,47
1785613953.9,82,36
1785613954.4,81,36
1785613954.5,81,47
1785613954.5,82,19
1785613954.8,81,26
1785613954.9,82,46
1785613955.2,81,19
1785613955.2,82,17
1785613955.6,82,34
1785613955.8,82,2
1785613956.2,81,34
1785613956.2,82,35
1785613956.6,81,46
1785613956.6,82,19
1785613956.7,81,35
1785613956.8,82,46
1785613956.9,81,19
1785613957.4,82,36
1785613958.0,81,36
1785613958.5,82,34
1785613959.1,81,34
1785613959.6,82,33
1785613959.7,82,35
1785613960.1,82,26
1785613960.5,82,34
1785613960.6,81,46
1785613960.8,81,33
1785613960.8,81,35
1785613961.1,81,34
1785613961.8,81,26
1785613962.2,82,34
1785613962.3,81,2
1785613962.4,81,17
1785613962.5,82,26
1785613962.5,82,33
1785613963.0,82,35
1785613963.2,81,33
1785613963.3,81,34
1785613963.7,81,35
1785613964.4,82,33
1785613965.1,81,33
1785613965.6,82,36
1785613965.8,82,34
1785613965.9,82,33
1785613966.0,81,36
1785613966.3,81,34
1785613966.5,81,33
1785613967.6,82,35
1785613968.0,82,48
1785613968.1,81,35
1785613968.2,81,26
1785613968.4,81,48
1785613969.0,82,36
1785613969.2,82,35
1785613969.4,81,35
1785613969.4,82,33
1785613969.5,81,36
1785613969.8,82,26
1785613969.8,82,34
1785613970.1,82,47
1785613970.2,81,33
1785613970.3,81,34
1785613970.4,82,30
1785613970.6,81,47
1785613971.1,82,35
1785613971.2,82,34
1785613971.3,81,26
1785613971.3,82,3
1785613971.6,81,34
1785613971.6,81,35
1785613971.8,82,47
1785613972.1,81,47
1785613972.1,82,41
1785613973.2,82,33
1785613973.3,82,34
1785613973.4,82,26
1785613973.6,81,33
1785613973.9,81,34
1785613974.3,82,33
1785613974.3,82,46
1785613974.9,82,17
1785613975.1,81,33
1785613975.5,82,2
1785613976.0,81,46
1785613976.4,81,26
1785613977.0,82,33
1785613977.2,82,26
1785613977.6,81,17
1785613977.8,81,2
1785613977.8,81,33
1785613979.0,81,26
1785613983.7,82,36
1785613984.5,81,36
1785613985.8,82,35
1785613986.0,82,36
1785613986.3,81,36
1785613986.7,81,35
1785613988.1,82,36
1785613988.2,82,34
1785613988.6,81,36
1785613988.6,82,35
1785613988.7,81,35
1785613989.3,81,34
1785613990.4,82,35
1785613990.6,82,36
1785613991.1,81,35
1785613991.1,81,36
1785613991.2,82,34
1785613992.0,81,34
1785613992.5,82,36
1785613993.1,81,36
1785613993.1,82,35
1785613993.3,82,33
1785613993.5,82,26
1785613993.9,81,35
1785613993.9,82,34
1785613995.0,81,34
1785613995.0,82,36
1785613995.3,82,35
1785613995.6,81,36
1785613996.2,81,35
1785613997.2,82,36
1785613997.5,82,34
1785613997.7,81,33
1785613997.8,81,36
1785613998.2,82,35
1785613998.9,81,30
1785613999.1,81,35
1785613999.2,81,34
1785613999.6,81,41
1785613999.7,82,33
1785614000.5,81,3
1785614000.9,82,34
1785614001.0,82,35
1785614001.1,82,42
1785614002.5,81,35
1785614002.7,81,42
1785614002.8,82,31
1785614004.1,82,8
1785614004.4,82,42
1785614004.6,82,35
1785614005.2,81,34
1785614006.6,82,34
1785614007.0,81,35
1785614009.0,82,48
1785614009.2,81,42
1785614009.6,81,48
1785614010.3,81,31
1785614010.4,81,8
1785614010.6,82,48
1785614011.1,81,48
1785614011.8,82,47
1785614012.3,81,34
1785614012.5,81,47
1785614013.2,82,47
1785614013.3,82,35
1785614014.1,81,47
1785614014.7,82,48
1785614015.3,81,48
1785614016.3,82,19
1785614016.8,81,35
1785614017.0,81,19
1785614017.5,82,47
1785614018.0,82,46
1785614018.0,82,48
1785614018.3,81,47
1785614018.3,82,17
1785614018.6,81,48
1785614019.2,82,2
1785614020.6,82,19
1785614020.7,82,47
1785614020.9,81,19
1785614021.5,81,47
1785614024.2,81,33
1785614024.6,82,33
1785614024.7,81,46
1785614024.9,82,46
1785614025.9,82,48
1785614027.1,81,48
1785614027.2,81,33
1785614027.7,82,33
1785614028.9,82,47
1785614029.5,81,33
1785614029.7,81,46
1785614030.3,81,47
1785614030.3,82,48
1785614030.8,81,26
1785614030.9,81,48
1785614031.2,81,17
1785614031.3,81,2
1785614031.7,82,48
1785614032.3,81,48
1785614033.2,82,47
1785614033.9,81,47
1785614034.0,82,17
1785614034.0,82,33
1785614034.0,82,46
1785614034.1,82,26
1785614034.1,82,34
1785614034.5,81,34
1785614034.6,82,47
1785614034.7,82,2
1785614035.2,81,46
1785614035.3,81,47
1785614035.9,81,33
1785614036.0,81,2
1785614036.4,81,17
1785614036.7,82,33
1785614037.4,82,19
1785614037.4,82,34
1785614037.5,82,47
1785614037.8,81,19
1785614037.8,82,46
1785614038.1,82,48
1785614038.2,81,47
1785614038.3,81,33
1785614038.4,82,17
1785614038.7,81,48
1785614038.8,81,34
1785614038.8,82,2
1785614038.9,81,46
1785614039.3,82,46
1785614039.4,81,26
1785614040.2,81,2
1785614040.3,82,33
1785614040.3,82,34
1785614040.4,82,26
1785614040.5,82,2
1785614040.7,82,47
1785614040.8,81,46
1785614041.3,81,47
1785614041.5,81,33
1785614041.7,81,34
1785614042.0,82,46
1785614042.7,81,2
1785614042.8,81,26
1785614042.9,82,33
1785614043.2,82,2
1785614043.2,82,19
1785614043.2,82,26
1785614043.2,82,34
1785614043.3,81,46
1785614043.6,81,19
1785614044.1,81,34
1785614044.2,81,33
1785614044.6,81,17
1785614044.8,81,2
1785614044.9,82,46
1785614045.2,81,26
1785614045.2,82,17
1785614046.2,82,2
1785614046.2,82,26
1785614046.3,82,33
1785614046.6,81,46
1785614047.2,81,33
1785614048.1,81,17
1785614048.1,82,36
1785614048.2,81,2
1785614048.6,81,36
1785614048.7,82,33
1785614049.5,81,33
1785614050.4,82,35
1785614050.5,82,36
1785614050.6,81,26
1785614050.9,81,35
1785614050.9,81,36
1785614052.5,82,35
1785614052.6,82,34
1785614053.0,81,35
1785614053.1,81,34
1785614054.8,82,34
1785614055.3,81,34
1785614055.5,82,36
1785614055.9,81,36
1785614056.1,82,33
1785614056.4,82,26
1785614056.8,81,33
1785614057.2,82,35
1785614057.5,81,35
1785614058.0,81,26
1785614058.2,82,33
1785614058.3,82,26
1785614058.7,81,33
1785614058.8,82,34
1785614059.2,81,34
1785614060.0,81,26
1785614060.1,82,36
1785614060.5,81,36
1785614061.6,82,33
1785614061.8,82,26
1785614061.8,82,35
1785614062.0,81,33
1785614062.2,81,35
1785614063.0,82,48
1785614063.2,82,47
1785614063.4,81,26
1785614063.4,81,48
1785614063.6,82,34
1785614063.7,81,47
1785614064.2,82,36
1785614064.3,81,34
1785614064.7,81,36
1785614065.4,82,47
1785614065.5,82,19
1785614065.6,81,47
1785614065.9,81,19
1785614066.1,82,47
1785614066.2,82,35
1785614066.6,81,35
1785614066.6,81,47
1785614066.6,82,26
1785614066.6,82,33
1785614066.8,82,30
1785614067.1,81,33
1785614067.1,82,41
1785614067.1,82,46
1785614067.5,82,17
1785614067.5,82,19
1785614067.6,81,30
1785614067.9,81,19
1785614068.0,82,30
1785614068.1,82,34
1785614068.2,82,3
1785614068.4,81,26
1785614068.4,82,2
1785614068.5,81,34
1785614068.5,82,19
1785614068.6,81,46
1785614068.8,81,19
1785614068.8,82,47
1785614069.1,82,46
1785614069.5,81,47
1785614070.1,82,36
1785614070.6,81,36
1785614070.7,81,46
1785614070.8,82,46
1785614070.8,82,47
1785614071.2,82,26
1785614071.3,82,33
1785614071.4,81,33
1785614071.4,81,47
1785614071.6,82,39
1785614072.1,82,35
1785614072.4,81,46
1785614072.6,81,35
1785614072.8,81,26
1785614073.0,82,36
1785614073.0,82,46
1785614073.4,81,36
1785614073.4,82,47
1785614073.7,82,38
1785614073.9,81,2
1785614074.0,81,47
1785614074.0,82,24
1785614074.0,82,35
1785614074.2,82,34
1785614074.3,82,2
1785614074.5,81,35
1785614074.6,81,46
1785614074.7,81,34
1785614075.1,82,35
1785614075.2,82,46
1785614075.6,82,7
1785614075.7,81,35
1785614075.9,82,19
1785614076.2,81,19
1785614076.2,82,34
1785614076.7,81,34
1785614076.9,81,46
1785614077.3,82,33
1785614077.5,82,34
1785614077.5,82,47
1785614077.7,82,26
1785614077.9,81,33
1785614078.0,81,47
1785614078.0,82,46
1785614078.1,81,34
1785614078.6,81,2
1785614079.1,81,26
1785614079.3,82,2
1785614079.7,81,46
1785614079.9,82,26
1785614080.6,82,46
1785614080.9,81,17
1785614081.1,81,2
1785614081.3,82,17
1785614081.4,82,47
1785614081.5,81,46
1785614081.8,82,48
1785614081.9,81,47
1785614082.2,82,2
1785614082.3,81,48
1785614082.7,81,17
1785614082.9,81,26
1785614083.0,81,2
1785614083.5,82,19
1785614083.9,81,19
1785614084.0,82,47
1785614084.4,82,46
1785614084.6,81,47
1785614085.2,81,46
1785614085.2,82,17
1785614085.7,82,2
1785614086.3,81,17
1785614086.8,81,2
1785614087.4,82,47
1785614088.1,82,46
1785614088.2,81,47
1785614088.3,82,17
1785614089.2,82,48
1785614089.3,82,2
1785614089.7,81,48
1785614089.9,81,46
1785614091.2,82,48
1785614091.4,81,17
1785614091.4,81,48
1785614091.5,82,48
1785614091.6,81,48
1785614091.8,81,2
1785614091.8,82,47
1785614091.9,82,46
1785614092.3,82,17
1785614092.4,81,47
1785614093.1,82,2
1785614093.4,82,36
1785614093.4,82,47
1785614093.9,81,36
1785614093.9,81,46
1785614094.0,81,47
1785614095.4,81,17
1785614095.5,82,35
1785614095.9,81,2
1785614095.9,82,46
1785614096.0,81,35
1785614096.0,82,36
1785614096.4,81,36
1785614096.4,82,17
1785614096.9,82,2
1785614097.5,81,46
1785614097.6,82,36
1785614097.6,82,46
1785614097.7,82,34
1785614098.0,81,36
1785614098.0,82,35
1785614098.2,81,34
1785614098.5,81,35
1785614099.4,81,46
1785614099.7,82,35
1785614100.1,81,35
1785614100.2,82,34
1785614100.7,81,34
1785614100.9,81,2
1785614101.1,81,17
1785614101.1,82,33
1785614101.5,82,26
1785614101.7,82,34
1785614102.0,82,36
1785614102.1,81,33
1785614102.2,81,34
1785614102.2,82,48
1785614102.5,81,36
1785614103.2,81,48
1785614103.6,82,33
1785614104.0,82,35
1785614104.2,81,33
1785614104.5,81,35
1785614104.5,82,48
1785614104.7,82,47
1785614105.1,81,48
1785614105.2,82,33
1785614105.7,81,33
1785614105.8,81,47
1785614105.8,82,48
1785614105.9,82,36
1785614106.0,82,34
1785614106.4,81,48
1785614106.5,81,34
1785614106.7,81,36
1785614107.1,81,26
1785614107.1,82,47
1785614107.5,82,19
1785614107.9,81,47
1785614107.9,82,35
1785614108.0,81,19
1785614108.6,82,48
1785614108.7,81,35
1785614108.7,82,47
1785614109.2,81,48
1785614109.4,81,47
1785614109.4,82,26
1785614109.5,82,33
1785614109.8,81,33
1785614109.8,82,46
1785614109.9,82,17
1785614109.9,82,34
1785614110.3,82,19
1785614110.5,81,34
1785614110.6,81,19
1785614110.9,81,26
1785614110.9,82,2
1785614111.1,82,47
1785614111.3,81,47
1785614111.7,81,46
1785614112.0,82,47
1785614112.8,82,46
1785614112.9,81,47
1785614113.0,82,33
1785614113.2,82,26
1785614113.7,82,48
1785614113.8,81,33
1785614113.8,81,48
1785614113.9,82,19
1785614114.3,81,19
1785614115.0,81,26
1785614115.2,81,46
1785614115.6,82,19
1785614116.0,82,46
1785614116.2,81,19
1785614120.9,81,46
1785614122.4,81,2
1785614122.4,82,46
1785614123.3,82,2
1785614124.2,81,46
1785614125.4,81,17
1785614125.6,81,2
1785614139.9,82,40
1785614140.7,81,39
1785614140.7,81,40
1785614143.0,82,40
1785614143.5,81,40
1785614143.7,81,7
1785614143.9,82,2
1785614144.3,81,2
1785614144.8,82,7
1785614145.7,81,38
1785614145.7,82,40
1785614145.9,82,38
1785614146.1,81,40
1785614147.1,81,7
1785614147.2,82,7
1785614147.7,81,38
1785614147.7,82,40
1785614148.0,82,38
1785614148.4,81,40
1785614149.0,81,7
1785614149.7,82,7
1785614149.8,81,38
1785614149.8,82,40
1785614150.1,81,40
1785614151.1,81,7
1785614151.1,81,24
1785614151.6,82,38
1785614152.0,82,24
1785614153.2,82,7
1785614153.5,81,38
1785614154.1,82,48
1785614154.3,81,7
1785614154.7,81,48
1785614155.0,81,30
1785614155.1,82,38
1785614155.6,81,41
1785614155.7,82,7
1785614155.7,82,36
1785614156.1,81,36
1785614156.4,81,3
1785614156.5,81,38
1785614156.5,82,40
1785614156.7,82,42
1785614156.8,81,40
1785614156.8,82,47
1785614157.4,81,7
1785614157.5,81,47
1785614157.6,81,42
1785614158.0,82,35
1785614158.4,81,24
1785614158.4,81,35
1785614158.4,82,31
1785614158.5,82,3
1785614158.9,82,30
1785614159.1,82,35
1785614159.2,82,47
1785614159.6,81,30
1785614159.6,81,35
1785614159.6,82,39
1785614159.8,81,47
1785614159.9,82,19
1785614160.1,82,8
1785614160.4,81,19
1785614160.5,82,30
1785614160.6,82,22
1785614160.6,82,34
1785614160.6,82,42
1785614160.7,82,38
1785614161.0,82,24
1785614161.3,81,34
1785614161.4,81,30
1785614161.5,82,4
1785614161.7,81,3
1785614161.9,82,46
1785614162.0,82,34
1785614162.3,82,7
1785614162.5,82,40
1785614162.8,81,34
1785614162.8,82,17
1785614162.8,82,19
1785614162.9,81,40
1785614163.2,82,2
1785614163.2,82,36
1785614163.5,81,19
1785614163.7,81,36
1785614164.2,82,47
1785614164.3,82,40
1785614164.5,81,46
1785614164.8,81,40
1785614165.2,81,47
1785614165.7,82,35
1785614166.0,82,36
1785614166.1,82,26
1785614166.1,82,33
1785614166.1,82,47
1785614166.3,81,35
1785614166.4,81,38
1785614166.4,82,40
1785614166.6,81,36
1785614166.6,82,48
1785614166.9,82,46
1785614167.2,81,40
1785614167.5,81,48
1785614167.7,81,24
1785614167.7,81,47
1785614167.9,81,7
1785614168.0,81,42
1785614168.5,82,19
1785614168.6,82,35
1785614168.7,82,34
1785614168.8,81,19
1785614169.3,81,35
1785614169.4,82,47
1785614169.6,81,34
1785614169.8,82,48
1785614170.2,81,48
1785614171.1,81,47
1785614171.9,82,34
1785614172.2,82,19
1785614172.4,82,48
1785614172.5,81,19
1785614173.0,81,34
1785614173.3,82,47
1785614173.8,81,48
1785614175.3,81,47
1785614177.3,82,47
1785614177.4,81,47
1785614177.5,82,47
1785614178.8,81,47
1785614179.5,82,19
1785614180.4,82,42
1785614180.6,81,31
1785614181.3,81,8
1785614184.4,82,8
1785614184.6,82,48
1785614185.6,81,42
1785614185.9,81,48
1785614186.1,81,8
1785614188.0,82,48
1785614190.1,81,48
1785614190.2,82,8
1785614190.5,81,8
1785614190.6,82,43
1785614190.7,82,3
1785614192.6,82,48
1785614193.9,81,3
1785614198.7,82,8
1785614199.0,81,2
1785614199.4,82,24
1785614199.4,82,38
1785614199.5,82,2
1785614199.7,81,46
1785614200.1,81,48
1785614200.8,81,8
1785614201.0,81,33
1785614201.3,82,33
1785614201.5,82,7
1785614203.3,81,19
1785614203.4,82,46
1785614203.7,81,2
1785614204.0,81,33
1785614204.2,81,43
1785614204.4,82,2
1785614204.5,82,33
1785614205.6,81,46
1785614206.1,82,48
1785614206.3,82,46
1785614206.6,81,33
1785614207.0,81,2
1785614207.4,82,47
1785614207.6,82,2
1785614207.7,81,26
1785614207.9,81,47
1785614208.0,81,48
1785614208.1,82,19
1785614208.1,82,48
1785614208.2,82,47
1785614208.3,81,48
1785614208.4,81,19
1785614208.4,82,48
1785614210.3,81,47
1785614211.4,82,47
1785614211.6,82,19
1785614211.9,81,19
1785614212.3,81,46
1785614212.6,82,46
1785614213.0,81,47
1785614213.1,81,48
1785614213.2,82,48
1785614213.3,81,48
1785614213.7,82,19
1785614213.8,82,42
1785614214.1,82,47
1785614214.2,81,42
1785614214.2,82,43
1785614214.5,81,19
1785614214.6,82,30
1785614214.7,81,46
1785614214.7,82,8
1785614215.2,81,43
1785614215.3,82,29
1785614215.3,82,46
1785614215.4,81,47
1785614215.8,82,19
1785614215.8,82,41
1785614215.9,81,2
1785614216.4,82,2
1785614216.4,82,43
1785614216.6,81,19
1785614216.7,82,47
1785614216.8,81,41
1785614217.1,81,46
1785614217.3,82,46
1785614218.1,81,47
1785614218.3,82,47
1785614218.5,82,19
1785614218.8,81,19
1785614219.4,81,47
1785614219.5,82,31
1785614220.2,81,31
1785614220.6,81,8
1785614220.7,82,47
1785614221.4,81,46
1785614221.7,81,43
1785614221.9,81,29
1785614222.0,81,47
1785614222.0,82,46
1785614222.1,82,47
1785614222.2,82,3
1785614223.2,81,47
1785614225.2,81,3
1785614226.7,81,46
1785614227.2,81,2
1785614227.8,82,46
1785614228.8,82,2
1785614230.3,81,46
1785614231.0,81,2
1785614231.2,81,17
1785614242.2,82,40
1785614243.0,81,40
1785614245.4,82,40
1785614245.8,81,40
1785614247.4,81,39
1785614247.5,81,38
1785614247.6,82,40
1785614248.0,81,22
1785614248.1,81,4
1785614248.1,81,40
1785614248.8,81,7
1785614250.0,82,43
1785614250.7,82,38
1785614250.9,82,8
1785614251.2,82,2
1785614251.2,82,29
1785614251.8,81,2
1785614251.9,82,48
1785614252.4,81,48
1785614252.7,82,7
1785614253.2,82,3
1785614254.1,82,48
1785614254.3,82,47
1785614254.6,81,48
1785614254.7,81,38
1785614254.7,82,40
1785614254.9,81,47
1785614255.3,81,40
1785614255.7,81,24
1785614256.0,81,7
1785614256.3,82,47
1785614256.6,81,8
1785614256.6,81,43
1785614256.8,82,19
1785614257.0,81,47
1785614257.1,81,19
1785614257.9,82,43
1785614258.1,81,29
1785614258.6,82,38
1785614258.9,81,43
1785614259.0,82,19
1785614259.2,81,19
1785614259.2,82,24
1785614259.6,81,3
1785614259.7,82,46
1785614260.0,82,17
1785614260.2,82,7
1785614260.3,81,38
1785614260.3,82,40
1785614260.7,81,40
1785614260.9,82,2
1785614261.5,81,24
1785614261.6,81,7
1785614261.6,82,3
1785614265.5,82,41
1785614266.9,81,30
1785614268.5,81,41
1785614268.7,81,3
1785614269.9,82,42
1785614270.5,82,30
1785614270.9,82,41
1785614271.5,81,42
1785614271.6,82,31
1785614272.6,82,3
1785614272.7,81,41
1785614273.1,82,8
1785614273.5,81,3
1785614273.5,82,42
1785614274.4,82,3
1785614274.4,82,41
1785614276.5,81,30
1785614276.7,81,41
1785614277.9,81,3
1785614279.1,81,42
1785614279.3,82,42
1785614280.7,81,42
1785614281.3,82,42
1785614282.0,81,42
1785614282.6,82,42
1785614284.8,81,42
1785614285.5,81,31
1785614285.6,81,8
1785614292.2,82,3
1785614292.5,82,30
1785614293.3,81,30
1785614297.6,81,3
1785614299.1,82,36
1785614299.4,81,46
1785614300.1,81,36
1785614300.1,82,48
1785614300.3,81,48
1785614300.8,81,17
1785614301.0,81,2
1785614301.5,82,35
1785614302.2,82,47
1785614302.4,81,35
1785614302.8,81,47
1785614303.7,82,34
1785614304.7,81,34
1785614306.0,82,48
1785614306.6,81,48
1785614306.7,82,46
1785614307.0,82,33
1785614307.4,82,17
1785614307.4,82,26
1785614307.8,82,2
1785614307.9,81,33
1785614308.7,82,47
1785614308.9,81,46
1785614309.4,81,26
1785614309.4,81,47
1785614310.2,82,38
1785614310.5,81,17
1785614310.5,82,24
1785614310.6,81,2
1785614312.2,82,7
1785614313.7,82,46
1785614314.2,82,17
1785614314.9,82,2
1785614315.5,81,46
1785614315.8,82,36
1785614316.4,81,36
1785614316.8,81,17
1785614316.9,81,2
1785614318.2,82,35
1785614318.5,82,42
1785614318.7,81,35
1785614319.0,81,42
1785614319.0,82,43
1785614319.1,82,31
1785614319.3,82,8
1785614319.6,81,31
1785614319.6,82,29
1785614319.8,81,43
1785614320.8,82,34
1785614320.9,82,36
1785614321.3,82,43
1785614321.4,81,34
1785614321.6,81,36
1785614324.0,82,35
1785614324.5,81,8
1785614324.6,81,38
1785614324.6,82,40
1785614324.7,81,35
1785614325.1,81,40
1785614325.1,81,43
1785614325.2,81,24
1785614325.2,81,29
1785614325.6,81,7
1785614326.5,82,26
1785614326.6,82,33
1785614327.3,82,34
1785614328.2,81,34
1785614328.4,82,48
1785614329.1,81,48
1785614330.5,82,48
1785614330.9,82,30
1785614331.1,81,48
1785614331.3,82,3
1785614331.6,82,47
1785614331.7,81,30
1785614332.4,81,47
1785614332.5,82,48
1785614332.7,81,3
1785614333.2,81,48
1785614333.4,82,38
1785614333.4,82,47
1785614333.7,82,24
1785614334.4,81,47
1785614334.9,82,19
1785614335.5,82,7
1785614335.6,81,19
1785614335.8,82,47
1785614336.7,81,47
1785614337.0,82,47
1785614338.0,81,47
1785614338.6,82,46
1785614339.0,82,17
1785614339.4,82,2
1785614339.4,82,19
1785614340.2,81,19
1785614340.2,81,33
1785614341.0,82,19
1785614341.1,81,26
1785614341.3,82,36
1785614341.8,81,19
1785614341.8,81,36
1785614343.2,82,35
1785614343.7,81,35
1785614345.2,82,34
1785614345.7,81,34
1785614347.4,81,46
1785614348.5,82,26
1785614348.9,81,2
1785614349.0,81,17
1785614349.0,82,33
1785614349.3,81,33
1785614350.2,82,36
1785614350.6,81,26
1785614350.7,81,36
1785614350.8,82,48
1785614351.2,81,48
1785614352.0,82,48
1785614352.3,82,35
1785614352.5,81,48
1785614352.8,81,35
1785614352.9,82,47
1785614353.4,81,47
1785614354.1,82,47
1785614354.4,82,34
1785614354.7,81,47
1785614355.0,81,34
1785614355.9,82,46
1785614356.6,82,17
1785614356.6,82,35
1785614356.7,81,46
1785614356.8,81,35
1785614357.0,82,2
1785614357.2,82,34
1785614357.7,81,34
1785614357.8,81,2
1785614357.8,81,17
1785614357.9,82,36
1785614358.0,82,26
1785614358.2,82,46
1785614358.4,81,36
1785614358.8,82,34
1785614359.0,82,17
1785614359.3,82,2
1785614359.4,81,34
1785614359.7,81,26
1785614360.0,81,46
1785614360.1,82,35
1785614360.6,81,35
1785614361.7,81,17
1785614361.7,82,26
1785614361.8,81,2
1785614361.8,82,33
1785614362.5,82,34
1785614363.1,81,34
1785614363.2,82,39
1785614363.8,82,22
1785614364.8,82,4
1785614366.9,81,39
1785614367.1,82,40
1785614367.6,81,22
1785614368.0,81,40
1785614368.1,81,4
1785614368.9,82,43
1785614369.9,82,8
1785614370.1,82,29
1785614370.6,81,43
1785614371.1,82,40
1785614371.8,81,40
1785614371.8,82,43
1785614372.4,81,7
1785614372.9,82,7
1785614373.9,81,43
1785614374.1,82,36
1785614374.5,81,8
1785614374.5,81,36
1785614374.5,82,31
1785614374.9,82,40
1785614374.9,82,43
1785614375.2,81,43
1785614375.3,81,29
1785614375.3,81,31
1785614375.6,81,40
1785614376.3,82,35
1785614376.8,81,35
1785614377.3,82,36
1785614377.7,81,36
1785614377.8,81,38
1785614377.8,82,40
1785614378.4,81,40
1785614378.7,81,24
1785614378.7,82,36
1785614379.0,82,34
1785614379.2,81,7
1785614379.4,81,36
1785614379.6,82,35
1785614379.9,81,34
1785614380.2,81,35
1785614381.4,82,35
1785614382.2,81,35
1785614382.2,82,38
1785614382.8,82,24
1785614382.9,82,34
1785614384.0,81,34
1785614384.0,82,7
1785614384.1,81,38
1785614384.1,82,40
1785614384.5,81,40
1785614385.5,81,7
1785614385.6,81,24
1785614385.7,82,34
1785614387.4,81,34
1785614389.9,82,36
1785614390.4,81,36
1785614392.4,82,36
1785614392.6,82,35
1785614393.0,81,36
1785614393.3,81,35
1785614393.4,81,33
1785614394.1,82,36
1785614394.6,82,33
1785614394.8,81,36
1785614395.3,82,35
1785614396.0,81,35
1785614396.5,82,34
1785614396.9,81,33
1785614396.9,82,36
1785614397.0,82,35
1785614397.6,81,36
1785614397.8,81,35
1785614398.2,81,26
1785614398.3,81,34
1785614398.6,82,26
1785614398.6,82,33
1785614399.0,82,36
1785614399.7,81,36
1785614399.7,82,34
1785614399.9,82,47
1785614400.0,82,35
1785614400.6,81,47
1785614400.7,81,33
1785614400.9,81,35
1785614401.1,82,33
1785614401.9,81,34
1785614402.4,82,19
1785614402.4,82,47
1785614402.4,82,48
1785614402.5,82,34
1785614402.5,82,35
1785614402.9,81,19
1785614402.9,81,47
1785614402.9,81,48
1785614403.7,81,35
1785614403.7,82,46
1785614404.1,82,36
1785614404.2,82,17
1785614404.4,82,19
1785614404.5,82,47
1785614404.7,81,46
1785614404.9,81,34
1785614404.9,82,2
1785614405.0,81,33
1785614405.0,81,36
1785614405.1,81,47
1785614405.3,81,19
1785614405.7,82,46
1785614405.8,82,33
1785614406.1,81,2
1785614406.6,82,34
1785614406.7,81,46
1785614406.7,82,48
1785614406.9,82,19
1785614407.1,82,47
1785614407.2,81,48
1785614407.3,81,19
1785614407.3,82,2
1785614407.3,82,36
1785614407.4,81,36
1785614407.5,81,33
1785614407.7,81,47
1785614407.8,81,17
1785614407.9,82,46
1785614408.1,82,35
1785614408.2,81,2
1785614408.3,81,34
1785614408.3,82,33
1785614408.6,82,17
1785614408.7,82,48
1785614408.9,81,46
1785614408.9,82,47
1785614409.1,82,2
1785614409.2,81,48
1785614409.5,81,47
1785614409.5,82,19
1785614409.6,81,35
1785614409.7,82,38
1785614409.8,81,33
1785614409.9,82,24
1785614410.0,81,19
1785614410.0,82,34
1785614410.2,81,2
1785614410.2,81,17
1785614410.3,82,36
1785614410.9,82,47
1785614411.1,81,34
1785614411.1,82,33
1785614411.2,81,36
1785614411.2,82,46
1785614411.4,81,47
1785614411.7,82,7
1785614411.7,82,17
1785614411.8,81,33
1785614412.2,82,2
1785614412.2,82,34
1785614412.7,82,48
1785614412.8,81,26
1785614412.8,81,46
1785614412.9,81,34
1785614412.9,81,48
1785614413.3,82,33
1785614413.3,82,46
1785614413.5,82,26
1785614414.4,81,33
1785614414.7,81,46
1785614414.7,82,34
1785614414.7,82,48
1785614414.8,82,46
1785614415.0,82,35
1785614415.0,82,47
1785614415.3,81,48
1785614415.5,81,26
1785614415.7,81,34
1785614415.7,81,47
1785614415.8,82,26
1785614415.8,82,33
1785614416.1,81,46
1785614416.6,81,35
1785614416.7,82,36
1785614417.0,81,33
1785614417.4,82,33
1785614417.4,82,47
1785614417.6,81,2
1785614417.6,81,36
1785614417.7,82,34
1785614417.8,81,17
1785614417.8,82,19
1785614418.2,81,19
1785614418.2,81,47
1785614418.3,82,35
1785614418.6,81,33
1785614418.8,81,34
1785614419.5,81,35
1785614419.6,82,46
1785614419.6,82,47
1785614419.8,81,26
1785614420.0,82,17
1785614420.1,82,33
1785614420.2,82,26
1785614420.3,81,47
1785614420.8,82,2
1785614420.9,81,46
1785614420.9,82,34
1785614421.1,82,35
1785614421.2,81,33
1785614421.8,82,47
1785614421.9,82,46
1785614422.2,81,2
1785614422.2,81,26
1785614422.2,81,34
1785614422.3,81,35
1785614422.4,81,47
1785614423.1,81,46
1785614423.1,82,2
1785614423.5,82,33
1785614423.5,82,47
1785614423.6,82,26
1785614423.6,82,34
1785614424.0,81,47
1785614424.1,82,46
1785614424.4,81,2
1785614424.4,81,17
1785614424.4,82,19
1785614424.8,81,19
1785614424.8,81,33
1785614424.8,82,17
1785614424.9,81,34
1785614425.3,81,46
1785614425.3,82,2
1785614425.7,82,47
1785614425.9,81,26
1785614425.9,82,46
1785614426.0,82,19
1785614426.1,82,34
1785614426.4,81,19
1785614426.4,81,47
1785614426.7,81,2
1785614427.0,81,46
1785614427.0,82,2
1785614427.1,81,34
1785614427.9,82,46
1785614428.2,82,19
1785614428.2,82,26
1785614428.3,81,2
1785614428.3,82,33
1785614428.9,81,19
1785614429.1,82,2
1785614429.5,82,48
1785614429.8,81,46
1785614430.0,81,48
1785614430.4,82,46
1785614430.8,82,19
1785614431.4,81,19
1785614431.4,82,47
1785614431.6,81,2
1785614431.7,82,2
1785614432.1,81,46
1785614432.5,82,45
1785614432.8,81,47
1785614433.1,82,46
1785614433.4,81,33
1785614433.6,81,2
1785614433.7,81,45
1785614433.7,82,43
1785614434.1,82,2
1785614434.3,82,31
1785614434.4,82,33
1785614434.6,82,47
1785614434.7,81,46
1785614434.8,81,31
1785614434.8,82,8
1785614434.8,82,29
1785614434.9,81,8
1785614435.1,82,8
1785614435.2,81,29
1785614435.3,81,47
1785614435.8,82,46
1785614435.9,82,29
1785614436.3,81,2
1785614436.4,81,33
1785614436.8,82,31
1785614437.0,82,2
1785614437.2,81,31
1785614437.4,82,47
1785614437.6,81,26
1785614437.8,81,46
1785614438.1,81,47
1785614438.7,81,29
1785614438.8,81,17
1785614438.9,82,46
1785614439.0,81,2
1785614439.2,82,29
1785614439.2,82,31
1785614439.5,81,29
1785614439.5,81,31
1785614439.5,82,17
1785614439.9,82,29
1785614439.9,82,31
1785614440.0,82,2
1785614440.4,81,46
1785614441.0,81,8
1785614441.2,81,29
1785614441.2,81,31
1785614441.3,82,46
1785614442.2,81,2
1785614442.2,81,43
1785614442.4,82,2
1785614442.5,81,46
1785614443.9,81,17
1785614444.0,81,2
1785614444.0,82,42
1785614444.5,81,42
1785614444.9,82,30
1785614446.5,82,3
1785614447.3,81,30
1785614448.8,81,3
1785614450.2,82,46
1785614450.6,82,17
1785614450.9,81,46
1785614451.9,82,2
1785614452.1,81,17
1785614452.2,81,2
1785614453.0,82,48
1785614453.4,81,48
1785614454.0,82,36
1785614454.8,82,48
1785614454.9,81,36
1785614455.2,81,48
1785614455.3,82,47
1785614455.9,81,47
1785614456.4,82,35
1785614456.5,82,48
1785614457.0,81,35
1785614457.1,81,48
1785614457.5,82,47
1785614458.2,81,47
1785614458.8,81,38
1785614458.8,82,40
1785614458.8,82,48
1785614459.2,82,47
1785614459.3,81,48
1785614459.3,82,34
1785614459.5,81,40
1785614459.6,81,24
1785614460.0,81,34
1785614460.0,81,47
1785614460.0,82,46
1785614460.1,81,7
1785614460.4,82,17
1785614461.2,82,2
1785614461.8,82,47
1785614462.5,82,19
1785614462.9,81,47
1785614462.9,82,48
1785614463.3,81,19
1785614463.6,81,48
1785614464.8,82,47
1785614465.2,82,48
1785614466.0,81,48
1785614466.0,82,26
1785614466.3,81,47
1785614466.3,82,33
1785614467.2,82,47
1785614469.1,81,47
1785614469.8,82,48
1785614470.3,82,47
1785614470.8,81,48
1785614472.5,81,47
1785614473.6,81,33
1785614474.0,81,26
1785614475.1,82,47
1785614475.8,81,46
1785614476.3,82,46
1785614476.6,81,47
1785614477.2,82,19
1785614477.8,81,46
1785614478.0,81,19
1785614478.1,82,38
1785614478.5,82,24
1785614479.2,81,17
1785614479.2,82,46
1785614479.4,81,2
1785614479.6,82,17
1785614479.9,82,7
1785614480.0,82,19
1785614480.2,82,2
1785614480.3,82,48
1785614480.8,81,19
1785614480.8,81,46
1785614481.5,81,48
1785614481.6,82,46
1785614481.7,82,30
1785614482.1,81,2
1785614482.4,82,41
1785614482.4,82,48
1785614482.7,82,2
1785614483.1,81,46
1785614483.1,82,3
1785614483.2,81,48
1785614484.0,82,46
1785614484.4,81,2
1785614484.6,82,47
1785614485.0,82,2
1785614485.4,81,47
1785614486.1,81,46
1785614486.3,82,47
1785614487.1,81,47
1785614487.5,81,17
1785614487.7,82,47
1785614487.8,81,2
1785614488.4,81,47
1785614488.5,82,48
1785614489.0,81,48
1785614489.4,82,46
1785614489.6,82,19
1785614489.9,81,19
1785614489.9,82,17
1785614490.5,82,2
1785614490.6,81,46
1785614490.6,82,19
1785614490.9,82,47
1785614491.1,82,46
1785614491.4,81,19
1785614491.5,81,47
1785614491.9,81,2
1785614492.2,82,2
1785614492.3,81,46
1785614492.6,82,46
1785614493.7,81,2
1785614493.8,81,46
1785614493.8,82,2
1785614494.6,82,48
1785614494.7,82,46
1785614495.1,81,2
1785614495.2,81,48
1785614495.7,81,46
1785614496.0,82,2
1785614496.9,82,47
1785614497.1,81,2
1785614497.2,81,17
1785614497.5,81,47
1785614498.2,82,36
1785614498.7,81,36
1785614500.2,82,46
1785614500.4,82,35
1785614500.8,82,17
1785614500.9,81,35
1785614501.0,81,46
1785614501.6,82,2
1785614502.2,81,17
1785614502.4,81,2
1785614502.7,82,34
1785614503.2,81,34
1785614506.4,82,33
1785614506.5,82,26
1785614507.6,81,33
1785614508.7,81,26
1785614510.1,82,40
1785614510.4,81,40
1785614511.1,82,47
1785614511.8,81,47
1785614514.3,82,47
1785614515.1,81,47
1785614516.5,82,46
1785614516.6,82,40
1785614517.0,82,17
1785614517.4,81,40
1785614517.7,82,2
1785614517.9,81,7
1785614518.4,81,2
1785614518.6,82,2
1785614518.6,82,7
1785614519.3,81,30
1785614519.4,82,48
1785614520.0,81,41
1785614520.0,81,48
1785614520.4,82,40
1785614520.8,81,3
1785614520.9,82,42
1785614521.3,81,40
1785614522.3,82,31
1785614522.4,82,48
1785614522.5,81,42
1785614522.6,82,40
1785614522.6,82,47
1785614523.1,81,48
1785614523.4,81,40
1785614523.6,81,47
1785614523.8,82,40
1785614523.8,82,42
1785614524.1,82,48
1785614524.2,82,8
1785614524.5,81,40
1785614525.0,81,48
1785614525.7,81,38
1785614525.8,82,40
1785614526.6,81,40
1785614526.6,82,19
1785614526.9,82,47
1785614527.0,81,19
1785614527.0,81,24
1785614527.1,81,7
1785614528.5,81,47
1785614529.5,82,47
1785614529.7,82,38
1785614529.7,82,48
1785614530.2,82,24
1785614530.8,81,48
1785614531.2,81,38
1785614531.2,82,40
1785614531.4,81,40
1785614531.4,82,7
1785614531.6,81,47
1785614531.6,82,48
1785614532.2,81,24
1785614532.3,81,7
1785614532.6,82,19
1785614532.7,81,48
1785614533.0,81,19
1785614533.5,82,38
1785614534.2,82,24
1785614534.9,82,7
1785614535.0,81,38
1785614535.0,82,40
1785614535.4,81,40
1785614536.5,82,47
1785614536.7,81,7
1785614536.7,81,24
1785614537.9,82,19
1785614539.8,82,48
1785614540.0,81,47
1785614540.2,81,19
1785614540.6,82,19
1785614540.7,81,48
1785614540.8,82,47
1785614541.9,81,47
1785614542.1,82,38
1785614542.6,82,24
1785614543.5,81,38
1785614543.5,82,40
1785614543.6,82,38
1785614543.7,82,7
1785614543.8,81,40
1785614544.7,81,7
1785614545.5,82,7
1785614549.3,81,42
1785614549.6,81,31
1785614549.9,81,8
1785614552.5,81,38
1785614552.5,82,40
1785614552.7,81,24
1785614552.9,81,40
1785614553.1,81,7
1785614565.8,81,46
1785614565.9,82,46
1785614567.1,81,19
1785614568.4,81,46
1785614569.7,81,2
1785614569.8,81,17
1785614570.1,82,47
1785614570.4,82,46
1785614570.5,82,17
1785614571.4,82,2
1785614572.5,82,19
1785614573.1,81,47
1785614573.2,81,19
1785614574.9,82,19
1785614575.8,81,19
1785614576.2,81,46
1785614576.9,82,46
1785614577.1,82,19
1785614577.7,81,2
1785614577.8,82,2
1785614577.9,81,19
1785614578.9,82,30
1785614579.9,81,46
1785614580.1,82,41
1785614580.3,82,46
1785614580.8,81,41
1785614581.0,82,3
1785614581.1,81,2
1785614581.3,82,2
1785614582.0,81,46
1785614582.6,82,36
1785614583.4,81,17
1785614583.6,81,36
1785614583.8,81,2
1785614584.9,82,35
1785614585.7,81,35
1785614585.8,82,43
1785614586.7,82,8
1785614587.1,82,34
1785614587.2,82,29
1785614587.6,82,36
1785614587.9,81,34
1785614587.9,81,43
1785614588.0,81,36
1785614588.9,82,43
1785614589.4,82,35
1785614589.9,81,35
1785614590.0,81,43
1785614590.4,82,33
1785614591.0,82,26
1785614591.1,81,33
1785614591.4,82,34
1785614591.8,81,34
1785614592.2,81,8
1785614592.5,82,43
1785614592.7,81,26
1785614593.2,81,43
1785614593.4,81,29
1785614594.5,82,33
1785614594.8,82,26
1785614595.0,81,33
1785614595.1,82,36
1785614595.5,81,36
1785614596.0,81,26
1785614597.0,82,35
1785614597.3,82,36
1785614597.5,81,35
1785614598.3,81,36
1785614599.0,82,34
1785614599.4,81,34
1785614599.5,82,35
1785614600.2,81,35
1785614601.6,82,34
1785614602.3,82,26
1785614602.3,82,33
1785614602.5,81,33
1785614602.6,81,34
1785614603.8,81,26
1785614605.1,82,33
1785614605.3,82,26
1785614605.5,81,33
1785614606.8,81,26
1785614624.0,82,41
1785614625.8,81,30
1785614626.9,81,41
1785614627.0,81,3
1785614627.6,82,41
1785614627.8,82,30
1785614628.2,82,42
1785614628.4,82,3
1785614628.5,81,3
1785614628.6,81,30
1785614628.7,81,41
1785614629.0,82,3
1785614629.7,81,42
1785614629.7,82,31
1785614629.9,81,3
1785614630.1,82,42
1785614631.9,82,8
1785614635.5,82,29
1785614635.8,81,29
1785614639.3,81,42
1785614640.4,81,31
1785614641.1,81,8
1785614641.4,82,30
1785614641.7,82,41
1785614642.1,82,3
1785614656.2,81,30
1785614657.2,81,41
1785614657.4,81,3
1785614657.6,82,38
1785614657.8,82,24
1785614658.1,82,42
1785614658.1,82,48
1785614658.8,81,48
1785614659.2,81,42
1785614659.6,82,7
1785614659.8,82,29
1785614659.8,82,31
1785614660.7,81,29
1785614660.7,81,31
1785614660.9,82,47
1785614661.1,82,8
1785614661.1,82,29
1785614661.1,82,31
1785614661.5,82,42
1785614661.6,81,47
1785614661.7,81,38
1785614661.7,82,40
1785614662.3,81,29
1785614662.4,81,40
1785614662.9,81,7
1785614662.9,82,48
1785614663.0,81,24
1785614663.5,81,48
1785614663.5,82,29
1785614663.8,81,29
1785614664.3,82,29
1785614664.8,81,29
1785614665.0,82,29
1785614665.7,82,47
1785614665.9,81,29
1785614665.9,81,31
1785614666.2,82,29
1785614666.2,82,31
1785614666.4,82,46
1785614666.5,81,47
1785614666.5,82,48
1785614666.8,82,17
1785614667.5,81,29
1785614668.0,82,2
1785614668.2,81,48
1785614668.8,82,19
1785614669.5,81,19
1785614670.9,82,47
1785614673.4,81,47
1785614673.4,82,30
1785614673.7,82,41
1785614674.8,82,47
1785614675.0,82,3
1785614675.5,81,31
1785614675.6,81,41
1785614675.8,81,30
1785614676.2,81,42
1785614676.4,81,8
1785614676.4,82,42
1785614676.6,81,47
1785614677.0,81,42
1785614677.1,81,3
1785614677.9,82,31
1785614678.1,82,42
1785614678.7,81,46
1785614678.7,82,8
1785614681.0,81,42
1785614681.0,82,36
1785614681.4,82,46
1785614682.1,81,36
1785614682.2,81,8
1785614682.2,81,31
1785614683.0,82,40
1785614683.2,81,40
1785614683.4,82,19
1785614683.5,82,35
1785614683.7,81,19
1785614685.1,81,35
1785614686.4,82,34
1785614687.7,81,34
1785614692.4,82,26
1785614693.0,82,33
1785614696.4,81,33
1785614696.4,82,36
1785614696.8,81,26
1785614696.8,81,36
1785614697.2,82,26
1785614697.6,81,26
1785614698.6,82,35
1785614699.1,81,35
1785614699.3,82,36
1785614699.7,82,48
1785614699.8,81,36
1785614700.0,81,48
1785614700.9,82,34
1785614701.2,81,2
1785614701.5,81,34
1785614701.6,82,35
1785614702.1,81,35
1785614702.5,82,47
1785614702.9,82,2
1785614703.2,81,2
1785614704.0,81,47
1785614704.0,82,34
1785614704.0,82,43
1785614704.4,81,34
1785614704.6,82,2
1785614704.6,82,8
1785614704.6,82,33
1785614704.8,82,26
1785614704.9,81,46
1785614705.2,81,33
1785614705.5,82,29
1785614706.3,81,43
1785614706.9,81,26
1785614707.4,81,17
1785614707.5,81,2
1785614707.5,82,43
1785614707.7,82,33
1785614707.9,82,26
1785614708.1,82,46
1785614708.2,81,33
1785614708.7,82,17
1785614709.2,82,2
1785614709.4,81,26
1785614709.4,81,43
1785614709.9,81,46
1785614710.0,82,3
1785614711.5,81,2
1785614711.6,81,17
1785614711.7,81,8
1785614712.2,81,3
1785614713.3,81,29
1785614713.3,82,43
1785614713.4,82,47
1785614714.1,81,47
1785614714.2,81,43
1785614716.4,82,35
1785614716.7,81,35
1785614717.8,82,46
1785614718.5,82,17
1785614719.1,82,2
1785614719.5,81,46
1785614719.7,82,36
1785614720.2,81,36
1785614720.4,82,47
1785614721.0,81,2
1785614721.0,81,47
1785614721.3,81,17
1785614722.0,82,35
1785614722.6,82,48
1785614722.8,82,47
1785614723.1,81,35
1785614723.3,82,42
1785614723.4,81,47
1785614723.5,81,48
1785614724.0,81,42
1785614724.0,82,8
1785614724.0,82,43
1785614724.2,82,36
1785614724.2,82,46
1785614724.4,82,34
1785614724.6,82,29
1785614724.7,81,36
1785614724.9,82,17
1785614724.9,82,47
1785614725.2,81,43
1785614725.2,82,2
1785614725.3,81,34
1785614725.3,82,19
1785614725.4,81,47
1785614725.6,81,19
1785614725.8,81,46
1785614726.6,82,35
1785614726.6,82,43
1785614726.6,82,46
1785614727.1,81,35
1785614727.3,82,34
1785614727.5,81,2
1785614727.7,82,33
1785614727.8,81,46
1785614727.9,81,34
1785614728.0,82,26
1785614728.1,82,2
1785614728.5,82,36
1785614728.5,82,42
1785614728.7,81,33
1785614728.9,81,36
1785614728.9,82,46
1785614729.2,81,42
1785614729.2,82,34
1785614729.3,81,2
1785614729.9,81,34
1785614730.1,81,46
1785614730.1,82,2
1785614730.2,82,33
1785614730.4,81,43
1785614730.4,82,36
1785614730.5,82,35
1785614730.8,81,33
1785614730.9,81,36
1785614731.0,81,35
1785614731.4,82,43
1785614731.6,82,33
1785614731.7,81,2
1785614731.8,81,17
1785614732.2,81,33
1785614732.4,82,35
1785614732.5,82,34
1785614732.6,82,46
1785614732.9,81,35
1785614733.0,81,34
1785614733.3,82,17
1785614733.4,82,33
1785614733.6,81,46
1785614733.7,82,2
1785614734.2,81,33
1785614734.4,81,43
1785614734.5,82,36
1785614734.6,82,34
1785614734.9,81,17
1785614734.9,81,36
1785614735.0,81,34
1785614735.1,81,2
1785614735.7,81,26
1785614735.9,82,33
1785614736.0,82,26
1785614736.1,82,46
1785614736.4,81,33
1785614736.5,82,35
1785614736.6,82,17
1785614737.0,81,35
1785614737.0,81,46
1785614737.4,81,26
1785614737.4,82,2
1785614738.0,81,8
1785614738.0,82,33
1785614738.0,82,36
1785614738.2,82,26
1785614738.3,81,17
1785614738.5,81,2
1785614738.5,81,36
1785614738.6,81,33
1785614738.7,82,34
1785614738.9,82,43
1785614739.1,81,43
1785614739.2,81,34
1785614739.7,82,46
1785614739.8,81,26
1785614740.0,82,35
1785614740.2,82,17
1785614740.3,82,43
1785614740.5,81,35
1785614740.7,81,29
1785614740.7,81,46
1785614741.3,82,35
1785614741.3,82,47
1785614741.6,81,43
1785614741.7,81,35
1785614741.7,82,2
1785614741.9,81,47
1785614742.1,81,2
1785614742.1,82,34
1785614742.2,81,17
1785614742.2,82,26
1785614742.5,82,33
1785614742.6,81,34
1785614742.7,81,33
1785614743.3,82,34
1785614743.6,82,36
1785614743.8,81,34
1785614743.9,82,47
1785614744.0,81,26
1785614744.2,81,36
1785614744.2,81,47
1785614744.9,82,36
1785614745.0,82,47
1785614745.4,81,36
1785614745.5,82,26
1785614745.7,81,47
1785614745.7,82,46
1785614745.8,82,33
1785614746.0,81,33
1785614746.1,82,35
1785614746.3,82,17
1785614746.6,82,19
1785614746.7,81,35
1785614746.7,82,33
1785614746.8,82,36
1785614746.9,81,19
1785614746.9,82,2
1785614747.0,81,2
1785614747.2,81,33
1785614747.3,81,36
1785614747.4,81,46
1785614747.4,82,2
1785614747.7,82,24
1785614747.7,82,38
1785614747.9,82,35
1785614748.1,81,35
1785614748.3,81,26
1785614748.6,82,34
1785614748.7,82,46
1785614748.8,81,17
1785614748.8,82,36
1785614749.1,82,17
1785614749.2,81,34
1785614749.2,82,35
1785614749.3,81,36
1785614749.4,81,2
1785614749.7,82,7
1785614749.8,81,35
1785614750.0,82,2
1785614750.0,82,34
1785614750.4,82,19
1785614750.6,81,34
1785614751.2,81,19
1785614751.2,82,35
1785614751.7,82,34
1785614751.8,81,35
1785614752.0,81,46
1785614752.0,82,47
1785614752.3,81,34
1785614752.6,82,46
1785614752.8,81,47
1785614752.8,82,36
1785614752.9,82,19
1785614752.9,82,26
1785614752.9,82,33
1785614753.2,81,19
1785614753.3,81,36
1785614753.5,81,2
1785614753.8,82,2
1785614753.8,82,34
1785614754.0,81,33
1785614754.0,81,46
1785614754.2,82,36
1785614754.4,81,34
1785614754.6,82,33
1785614754.6,82,41
1785614754.6,82,48
1785614754.9,82,19
1785614755.0,82,30
1785614755.1,82,46
1785614755.2,81,48
1785614755.2,82,34
1785614755.2,82,35
1785614755.3,81,17
1785614755.3,81,19
1785614755.4,81,2
1785614755.4,81,36
1785614755.6,81,33
1785614755.7,81,35
1785614755.8,81,30
1785614755.8,82,17
1785614755.8,82,33
1785614755.9,81,34
1785614756.0,81,41
1785614756.1,82,3
1785614756.3,82,2
1785614756.4,81,46
1785614756.6,82,47
1785614756.8,82,35
1785614756.9,82,42
1785614757.0,81,33
1785614757.0,82,46
1785614757.2,81,3
1785614757.6,82,34
1785614757.6,82,36
1785614757.9,81,2
1785614757.9,81,35
1785614757.9,81,47
1785614758.0,82,33
1785614758.1,81,34
1785614758.2,81,36
1785614758.2,82,2
1785614758.4,81,46
1785614758.5,82,31
1785614758.5,82,47
1785614758.8,81,33
1785614759.2,82,48
1785614759.3,81,47
1785614759.6,82,34
1785614759.7,82,36
1785614759.8,81,2
1785614759.8,81,48
1785614759.8,82,8
1785614759.9,82,33
1785614760.0,81,17
1785614760.2,81,33
1785614760.2,81,36
1785614760.2,82,35
1785614760.2,82,47
1785614760.8,81,34
1785614760.8,81,35
1785614760.9,81,47
1785614761.2,82,46
1785614761.3,81,26
1785614761.3,82,39
1785614761.7,82,17
1785614761.7,82,26
1785614762.0,82,22
1785614762.0,82,47
1785614762.2,82,33
1785614762.2,82,35
1785614762.5,81,33
1785614762.7,81,47
1785614762.7,82,2
1785614762.8,82,34
1785614762.9,81,35
1785614763.0,81,46
1785614763.1,82,4
1785614763.1,82,36
1785614763.2,82,19
1785614763.4,81,34
1785614763.6,81,36
1785614763.7,81,19
1785614763.8,81,26
1785614763.9,82,46
1785614764.0,82,47
1785614764.2,82,26
1785614764.2,82,33
1785614764.8,81,47
1785614764.9,82,34
1785614765.0,81,33
1785614765.6,81,34
1785614765.7,82,35
1785614765.9,82,34
1785614766.3,81,35
1785614766.5,81,26
1785614766.6,81,34
1785614766.8,82,47
1785614767.0,82,26
1785614767.1,82,33
1785614767.4,81,47
1785614767.5,81,33
1785614768.0,82,35
1785614768.5,81,26
1785614768.6,81,35
1785614768.6,82,34
1785614768.7,82,47
1785614768.8,82,33
1785614769.0,82,26
1785614769.0,82,36
1785614769.2,81,34
1785614769.3,81,47
1785614769.5,82,19
1785614769.7,81,36
1785614769.9,81,33
1785614770.1,81,19
1785614770.3,82,33
1785614770.9,82,34
1785614771.0,82,47
1785614771.1,81,33
1785614771.7,81,34
1785614771.8,81,47
1785614771.8,82,35
1785614772.1,81,26
1785614772.5,81,35
1785614772.8,82,33
1785614773.2,82,26
1785614773.6,82,36
1785614773.8,81,46
1785614773.9,82,46
1785614774.0,81,33
1785614774.1,82,35
1785614774.2,81,36
1785614774.6,82,19
1785614774.6,82,34
1785614774.8,81,19
1785614774.8,81,35
1785614775.3,81,26
1785614775.3,81,34
1785614775.5,82,26
1785614775.5,82,36
1785614775.7,82,47
1785614775.8,82,33
1785614776.1,81,47
1785614776.3,82,35
1785614776.5,81,33
1785614776.5,81,36
1785614776.7,82,19
1785614777.0,81,35
1785614777.1,81,19
1785614777.2,82,34
1785614777.5,81,46
1785614777.8,81,26
1785614777.9,81,34
1785614778.1,82,35
1785614778.3,82,46
1785614778.6,82,19
1785614778.6,82,47
1785614778.8,81,2
1785614778.9,81,35
1785614779.0,82,26
1785614779.1,82,33
1785614779.2,81,19
1785614779.3,81,47
1785614779.3,82,2
1785614779.5,82,34
1785614780.4,81,33
1785614780.4,81,34
1785614781.1,81,26
1785614781.2,82,34
1785614781.5,82,19
1785614781.6,82,33
1785614782.0,82,26
1785614782.1,81,46
1785614782.2,81,19
1785614782.2,82,46
1785614782.4,81,34
1785614782.5,81,33
1785614783.6,82,47
1785614783.7,81,26
1785614784.2,81,47
1785614784.5,82,33
1785614784.8,82,26
1785614785.8,81,33
1785614785.8,81,46
1785614786.2,82,33
1785614787.2,81,2
1785614787.2,81,17
1785614787.8,82,46
1785614788.1,81,33
1785614788.5,82,17
1785614788.7,81,26
1785614788.9,81,46
1785614789.0,82,2
1785614790.2,81,17
1785614790.4,81,2
1785614792.0,81,39
1785614793.3,81,22
1785614793.7,81,4
1785614799.8,82,36
1785614800.3,81,36
1785614802.1,82,35
1785614802.6,81,35
1785614803.8,82,36
1785614804.3,81,36
1785614804.6,82,34
1785614805.1,81,38
1785614805.1,82,40
1785614805.2,81,34
1785614805.5,81,24
1785614805.7,81,40
1785614805.8,81,7
1785614806.3,82,35
1785614806.4,82,34
1785614806.8,82,36
1785614806.9,81,35
1785614807.1,81,34
1785614807.5,81,36
1785614808.9,82,47
1785614809.4,82,34
1785614809.5,81,47
1785614809.8,82,35
1785614810.0,82,33
1785614810.1,82,26
1785614810.4,81,34
1785614810.6,82,36
1785614810.7,81,35
1785614810.9,82,47
1785614811.3,81,36
1785614811.5,82,19
1785614811.6,81,47
1785614811.7,81,19
1785614812.4,82,48
1785614812.5,81,48
1785614812.5,82,47
1785614813.1,82,36
1785614813.2,81,36
1785614813.4,81,47
1785614813.4,82,48
1785614813.6,82,46
1785614813.8,82,34
1785614814.1,81,48
1785614814.1,82,35
1785614814.2,82,17
1785614814.2,82,19
1785614814.5,81,19
1785614814.7,81,34
1785614814.8,82,2
1785614815.0,82,47
1785614815.2,81,35
1785614815.3,82,48
1785614815.9,81,48
1785614816.0,81,47
1785614816.1,81,46
1785614816.4,82,34
1785614816.5,82,19
1785614816.5,82,36
1785614816.7,81,19
1785614816.8,82,47
1785614817.3,81,36
1785614817.4,82,35
1785614817.5,81,34
1785614817.8,81,47
1785614818.2,81,2
1785614818.2,81,31
1785614818.2,82,46
1785614818.3,81,8
1785614818.6,81,35
1785614818.6,82,47
1785614819.1,81,42
1785614819.2,82,2
1785614819.2,82,34
1785614819.4,82,19
1785614819.7,81,47
1785614819.9,81,19
1785614820.1,82,40
1785614820.3,81,40
1785614820.6,82,35
1785614820.8,81,34
1785614821.6,82,19
1785614821.7,81,35
1785614821.9,81,19
1785614824.2,82,34
1785614824.7,82,19
1785614825.4,81,19
1785614825.4,82,36
1785614826.7,81,36
1785614831.6,81,34
1785614836.4,82,35
1785614836.8,81,46
1785614836.9,82,46
1785614837.3,81,35
1785614838.2,82,34
1785614838.6,81,46
1785614839.9,81,2
1785614839.9,81,17
1785614842.1,81,34
1785614842.8,82,34
1785614844.8,81,33
1785614845.2,82,33
1785614845.7,82,39
1785614846.2,82,35
1785614846.4,82,22
1785614846.5,81,35
1785614847.2,82,4
1785614851.4,81,33
1785614851.8,82,35
1785614852.7,82,33
1785614852.9,81,35
1785614854.0,81,33
1785614854.8,81,34
1785614855.3,81,26
1785614855.9,82,33
1785614856.0,82,26
1785614856.7,82,34
1785614858.2,81,34
1785614859.3,82,35
1785614859.4,82,34
1785614860.2,81,35
1785614860.6,81,34
1785614861.8,81,33
1785614861.9,82,34
1785614861.9,82,35
1785614863.0,81,26
1785614863.0,81,34
1785614863.1,82,33
1785614863.3,82,26
1785614863.6,81,35
1785614864.3,82,34
1785614864.6,81,33
1785614865.1,82,33
1785614865.3,81,34
1785614866.4,81,33
1785614866.5,82,35
1785614867.1,82,33
1785614867.8,82,34
1785614867.9,81,35
1785614868.5,81,33
1785614868.8,81,34
1785614869.6,82,33
1785614870.7,81,33
1785614871.5,82,34
1785614872.1,81,26
1785614872.4,81,34
1785614872.6,82,33
1785614872.8,82,26
1785614873.8,81,33
1785614874.9,81,26
1785614875.1,82,36
1785614875.4,82,30
1785614875.7,81,36
1785614876.2,81,30
1785614876.2,82,33
1785614876.5,82,41
1785614876.6,82,26
1785614877.0,82,3
1785614877.3,81,33
1785614877.3,82,35
1785614877.9,81,35
1785614878.1,82,30
1785614878.7,81,26
1785614879.7,82,34
1785614880.3,81,34
1785614883.1,82,33
1785614883.4,82,26
1785614883.9,81,33
1785614885.2,81,26
1785614891.1,82,38
1785614891.5,82,24
1785614892.9,82,7
1785614894.5,81,38
1785614894.5,82,40
1785614895.0,81,40
1785614895.7,81,39
1785614895.9,82,43
1785614896.0,81,24
1785614896.1,81,7
1785614896.4,82,39
1785614896.7,81,4
1785614896.9,81,22
1785614896.9,82,8
1785614897.4,82,29
1785614898.6,82,48
1785614899.2,81,48
1785614900.4,82,31
1785614900.9,81,31
1785614901.5,81,39
1785614901.5,82,47
1785614902.4,81,47
1785614903.2,81,43
1785614904.5,82,43
1785614904.7,81,8
1785614905.3,82,38
1785614905.7,82,24
1785614905.9,81,43
1785614906.1,81,29
1785614907.0,82,7
1785614907.1,81,38
1785614907.1,82,40
1785614907.5,81,40
1785614907.5,82,48
1785614907.7,82,46
1785614908.1,81,48
1785614908.1,82,17
1785614908.3,81,24
1785614908.6,81,7
1785614908.8,82,2
1785614909.5,82,48
1785614909.8,81,48
1785614910.3,82,47
1785614910.5,82,38
1785614910.9,81,47
1785614911.2,82,48
1785614911.3,82,24
1785614911.9,81,48
1785614912.0,81,38
1785614912.0,82,40
1785614912.0,82,47
1785614912.1,81,40
1785614912.4,82,7
1785614912.8,81,47
1785614913.4,81,7
1785614913.7,81,24
1785614914.4,82,47
1785614915.3,82,19
1785614915.4,81,47
1785614916.0,81,19
1785614916.0,82,36
1785614916.3,81,41
1785614916.4,81,36
1785614916.7,82,41
1785614917.6,82,42
1785614918.2,82,35
1785614918.2,82,47
1785614918.6,81,35
1785614918.7,81,47
1785614919.0,81,30
1785614919.2,81,41
1785614919.5,82,31
1785614919.7,82,47
1785614920.2,81,3
1785614920.6,82,34
1785614921.1,81,47
1785614921.2,82,8
1785614921.3,81,34
1785614922.3,82,19
1785614923.1,81,19
1785614923.4,82,47
1785614925.3,82,48
1785614925.6,81,47
1785614925.7,81,48
1785614925.8,82,19
1785614925.8,82,26
1785614925.9,82,33
1785614926.5,82,47
1785614926.6,82,29
1785614927.2,81,29
1785614927.4,81,19
1785614928.0,81,47
1785614928.2,82,38
1785614928.5,81,42
1785614928.5,82,24
1785614929.3,81,31
1785614929.5,81,8
1785614930.2,82,7
1785614930.3,81,38
1785614930.4,82,40
1785614930.8,82,38
1785614930.9,81,40
1785614932.0,81,7
1785614932.5,82,7
1785614933.2,81,38
1785614933.2,82,40
1785614933.7,81,40
1785614934.6,81,7
1785614934.6,81,24
1785614937.3,82,47
1785614937.6,82,36
1785614938.1,81,36
1785614938.3,81,47
1785614939.7,82,35
1785614940.3,81,35
1785614941.7,82,36
1785614942.2,82,34
1785614942.3,81,36
1785614942.5,81,33
1785614942.8,81,34
1785614943.7,81,26
1785614944.2,82,35
1785614944.7,81,35
1785614946.1,82,33
1785614946.5,82,26
1785614946.7,82,34
1785614947.2,81,34
1785614947.2,82,47
1785614947.3,81,33
1785614948.2,81,26
1785614950.3,82,33
1785614950.6,82,26
1785614951.1,81,33
1785614951.6,81,46
1785614952.2,82,46
1785614952.3,81,26
1785614954.1,81,47
1785614956.7,82,43
1785614956.8,82,47
1785614956.9,81,43
1785614956.9,82,19
1785614957.3,81,19
1785614957.4,81,46
1785614957.6,82,8
1785614957.7,82,46
1785614957.9,82,43
1785614958.1,82,29
1785614958.4,81,47
1785614959.3,82,19
1785614959.6,82,47
1785614959.7,81,19
1785614959.7,81,46
1785614960.1,82,30
1785614961.0,81,47
1785614961.0,82,41
1785614961.2,82,46
1785614961.3,81,2
1785614961.3,81,17
1785614961.3,82,42
1785614961.5,81,42
1785614961.7,82,17
1785614962.0,82,3
1785614962.1,82,2
1785614963.1,81,8
1785614963.1,81,43
1785614963.3,82,8
1785614964.3,82,43
1785614964.5,82,19
1785614965.0,81,19
1785614966.9,81,43
1785614967.1,81,46
1785614967.9,82,46
1785614968.0,81,8
1785614968.2,82,43
1785614968.9,81,2
1785614969.0,81,43
1785614969.1,81,29
1785614969.1,82,2
1785614969.4,82,47
1785614969.9,81,46
1785614969.9,81,47
1785614970.7,82,48
1785614971.3,81,48
1785614971.6,81,2
1785614971.7,81,17
1785614971.7,82,47
1785614972.2,81,47
1785614972.9,82,46
1785614973.4,82,47
1785614973.7,82,17
1785614974.0,81,46
1785614974.0,81,47
1785614974.1,82,19
1785614974.3,82,2
1785614974.4,81,19
1785614975.1,81,17
1785614975.3,81,2
1785614975.4,82,46
1785614975.8,82,19
1785614976.3,81,19
1785614976.3,82,17
1785614976.7,82,2
1785614976.9,81,46
1785614977.4,82,47
1785614977.5,82,46
1785614977.9,81,47
1785614979.1,81,46
1785614980.7,81,2
1785614980.7,81,17
1785614981.4,82,46
1785614982.0,82,17
1785614982.6,82,2
1785614983.0,81,46
1785614984.5,81,17
1785614984.8,81,2
1785615004.8,82,42
1785615005.1,81,42
1785615005.7,81,41
1785615005.7,82,31
1785615006.3,82,41
1785615006.6,82,42
1785615006.9,81,3
1785615007.2,82,8
1785615007.7,82,3
1785615008.4,81,41
1785615008.6,82,41
1785615009.0,82,29
1785615009.5,81,29
1785615013.1,81,41
1785615013.2,82,41
1785615013.3,81,41
1785615013.4,81,30
1785615014.7,81,3
1785615018.5,82,3
1785615019.4,82,41
1785615020.5,81,3
1785615020.8,81,41
1785615023.7,81,31
1785615023.8,81,42
1785615024.3,81,8
1785615025.4,82,42
1785615026.7,82,8
1785615027.9,82,29
1785615027.9,82,31
1785615029.1,81,29
1785615029.7,81,42
1785615030.3,82,36
1785615030.8,81,36
1785615030.9,82,42
1785615031.1,82,29
1785615032.2,81,29
1785615032.2,81,31
1785615032.5,82,35
1785615033.0,81,35
1785615033.2,82,31
1785615033.4,81,31
1785615034.5,81,8
1785615034.8,82,34
1785615035.5,81,34
1785615035.7,81,42
1785615037.0,82,30
1785615037.8,82,41
1785615038.9,82,3
1785615039.2,82,38
1785615039.8,82,24
1785615040.1,82,26
1785615040.1,82,33
1785615040.9,82,7
1785615041.6,81,38
1785615041.6,82,40
1785615042.5,81,40
1785615043.1,81,24
1785615043.2,81,7
1785615045.1,82,36
1785615045.6,82,2
1785615045.7,81,36
1785615046.3,81,2
1785615046.9,81,33
1785615047.8,82,35
1785615047.9,81,26
1785615048.4,81,35
1785615049.7,82,35
1785615050.2,81,35
1785615050.2,82,36
1785615050.6,82,34
1785615050.9,81,36
1785615051.2,81,34
1785615051.7,82,35
1785615052.2,81,35
1785615052.2,82,34
1785615052.9,81,34
1785615053.1,82,35
1785615053.7,81,35
1785615053.9,82,36
1785615054.3,82,34
1785615054.4,81,36
1785615054.5,82,33
1785615054.7,82,35
1785615054.8,82,26
1785615054.9,81,34
1785615055.4,81,35
1785615055.9,82,34
1785615056.2,81,33
1785615056.3,82,33
1785615056.6,81,34
1785615056.7,82,35
1785615057.4,81,35
1785615057.7,82,34
1785615058.2,82,45
1785615058.3,81,33
1785615058.4,81,34
1785615058.5,81,45
1785615058.5,82,35
1785615058.8,82,43
1785615058.9,82,36
1785615059.2,81,35
1785615059.5,81,36
1785615059.6,82,33
1785615059.9,82,34
1785615060.2,81,33
1785615060.2,82,8
1785615060.5,82,33
1785615060.6,81,34
1785615060.6,82,36
1785615060.7,82,29
1785615061.2,81,36
1785615061.5,82,34
1785615061.7,82,35
1785615062.0,81,33
1785615062.2,81,34
1785615062.3,81,35
1785615062.6,82,33
1785615062.8,82,36
1785615063.4,82,35
1785615063.8,81,36
1785615063.9,81,33
1785615064.1,81,35
1785615064.6,82,34
1785615064.8,82,33
1785615065.2,82,36
1785615065.3,81,34
1785615065.4,82,35
1785615065.9,81,36
1785615066.3,81,8
1785615066.4,82,34
1785615066.5,81,35
1785615066.8,81,29
1785615067.0,81,34
1785615067.4,81,43
1785615067.9,82,35
1785615068.2,81,33
1785615068.3,82,34
1785615068.6,81,35
1785615068.8,82,38
1785615069.2,82,24
1785615069.3,81,26
1785615069.4,81,34
1785615069.5,82,33
1785615069.8,82,26
1785615070.0,82,36
1785615070.5,81,36
1785615070.7,82,7
1785615070.7,82,34
1785615071.3,81,34
1785615071.8,82,34
1785615072.3,82,35
1785615072.4,81,33
1785615072.5,81,34
1785615072.9,81,35
1785615073.1,82,33
1785615074.4,81,33
1785615074.9,82,34
1785615075.0,82,33
1785615075.6,81,34
1785615077.4,81,33
1785615078.3,82,36
1785615078.6,81,26
1785615078.8,81,36
1785615079.2,82,26
1785615079.2,82,33
1785615080.0,81,33
1785615080.5,82,35
1785615080.6,82,36
1785615081.0,81,35
1785615081.0,81,36
1785615081.4,81,26
1785615082.1,82,36
1785615082.5,81,36
1785615082.6,82,35
1785615082.7,82,34
1785615083.1,81,35
1785615083.2,81,34
1785615084.1,82,35
1785615084.6,81,35
1785615084.7,82,34
1785615085.2,81,34
1785615085.8,82,35
1785615086.2,82,26
1785615086.3,81,35
1785615086.3,82,33
1785615086.3,82,34
1785615086.8,81,33
1785615086.8,81,34
1785615087.9,81,26
1785615087.9,82,36
1785615088.0,82,34
1785615088.2,82,33
1785615088.3,82,26
1785615088.4,81,36
1785615088.5,81,33
1785615088.5,81,34
1785615089.9,82,33
1785615089.9,82,35
1785615090.2,81,33
1785615090.3,81,35
1785615091.3,82,33
1785615091.3,82,36
1785615091.8,81,36
1785615091.9,82,34
1785615092.0,81,33
1785615092.3,81,34
1785615093.2,81,26
1785615093.5,82,35
1785615093.7,82,36
1785615094.0,81,35
1785615094.2,81,36
1785615095.2,82,26
1785615095.2,82,33
1785615095.2,82,36
1785615095.5,81,33
1785615095.6,82,34
1785615095.7,81,36
1785615095.8,82,35
1785615096.2,81,34
1785615096.3,81,35
1785615096.6,81,26
1785615097.2,82,35
1785615097.7,81,35
1785615097.7,82,36
1785615097.9,82,34
1785615098.2,81,36
1785615098.5,81,34
1785615099.3,82,33
1785615099.4,82,26
1785615099.4,82,34
1785615099.5,81,33
1785615099.8,81,34
1785615099.8,82,35
1785615100.2,81,35
1785615100.6,82,36
1785615101.0,81,26
1785615101.0,82,35
1785615101.2,81,36
1785615101.4,82,26
1785615101.4,82,33
1785615101.6,81,35
1785615101.8,81,33
1785615101.8,82,34
1785615102.4,81,34
1785615102.4,82,33
1785615102.9,82,19
1785615103.0,82,36
1785615103.1,81,33
1785615103.1,82,35
1785615103.2,81,19
1785615103.2,82,34
1785615103.4,81,36
1785615103.5,82,47
1785615103.6,81,35
1785615103.7,81,34
1785615103.7,82,46
1785615103.8,81,47
1785615104.2,82,17
1785615104.5,81,46
1785615104.6,81,26
1785615104.8,82,2
1785615105.1,82,47
1785615105.2,82,19
1785615105.2,82,33
1785615105.2,82,35
1785615105.4,82,26
1785615105.4,82,34
1785615105.6,81,17
1785615105.6,81,19
1785615105.6,81,33
1785615105.6,81,47
1785615105.8,81,2
1785615105.8,81,35
1785615106.0,81,34
1785615106.1,82,46
1785615106.6,82,17
1785615106.6,82,33
1785615106.7,81,46
1785615107.1,81,33
1785615107.3,82,36
1785615107.6,82,2
1785615107.8,82,34
1785615107.9,81,36
1785615108.0,81,17
1785615108.2,81,2
1785615108.4,81,34
1785615108.5,81,26
1785615108.9,82,46
1785615109.5,82,17
1785615109.8,82,35
1785615109.9,82,26
1785615110.0,82,33
1785615110.3,82,2
1785615110.4,81,35
1785615111.9,82,19
1785615112.4,82,34
1785615112.5,81,19
1785615113.2,81,34
1785615114.4,82,40
1785615115.1,81,40
1785615117.2,81,38
1785615117.2,82,40
1785615117.6,82,38
1785615117.7,81,40
1785615118.3,81,7
1785615119.5,82,7
1785615119.7,81,38
1785615119.7,82,40
1785615120.1,82,42
1785615120.3,81,40
1785615121.2,81,24
1785615121.3,81,7
1785615121.8,81,30
1785615122.1,82,31
1785615122.2,82,30
1785615123.3,81,3
1785615123.3,82,8
1785615123.9,82,3
1785615124.9,81,41
1785615125.2,81,3
1785615125.5,82,48
1785615125.6,82,3
1785615126.1,81,48
1785615126.4,82,41
1785615128.0,82,47
1785615128.6,81,47
1785615128.9,81,3
1785615130.1,82,3
1785615131.8,82,47
1785615132.2,81,30
1785615132.6,81,47
1785615133.2,81,41
1785615133.6,81,3
1785615137.2,82,29
1785615137.4,82,47
1785615137.5,81,29
1785615138.6,81,47
1785615139.2,82,19
1785615139.7,81,19
1785615143.1,81,42
1785615144.5,81,31
1785615144.8,81,8
1785615144.8,82,48
1785615145.2,82,47
1785615146.0,81,48
1785615150.6,81,47
1785615154.5,82,48
1785615156.0,81,48
1785615156.3,81,46
1785615156.4,82,46
1785615158.4,81,46
1785615159.3,82,48
1785615159.7,81,2
1785615159.9,82,46
1785615160.2,82,36
1785615160.6,81,36
1785615160.7,82,2
1785615161.7,81,48
1785615162.2,82,35
1785615162.7,81,35
1785615162.8,81,46
1785615163.0,82,46
1785615163.9,82,48
1785615164.4,82,47
1785615164.5,82,34
1785615165.1,81,47
1785615165.2,81,34
1785615165.3,81,46
1785615165.8,82,46
1785615167.5,82,19
1785615167.8,81,19
1785615167.8,81,46
1785615168.4,82,47
1785615168.5,82,46
1785615169.3,82,19
1785615170.1,81,19
1785615170.1,81,47
1785615171.2,81,46
1785615171.8,82,46
1785615172.1,82,47
1785615172.4,81,48
1785615172.6,81,2
1785615172.8,82,36
1785615172.9,82,2
1785615173.2,81,36
1785615173.5,81,47
1785615174.5,82,48
1785615175.0,82,35
1785615175.5,82,47
1785615175.6,81,35
1785615175.8,81,46
1785615176.5,82,36
1785615176.9,81,47
1785615177.0,81,36
1785615177.2,81,17
1785615177.4,81,2
1785615177.7,81,48
1785615177.7,82,47
1785615177.8,82,46
1785615177.9,82,34
1785615178.2,82,17
1785615178.5,81,34
1785615178.6,82,2
1785615178.8,82,35
1785615178.9,81,47
1785615179.4,81,35
1785615179.4,82,48
1785615179.5,81,46
1785615180.0,82,19
1785615180.2,82,46
1785615180.3,81,19
1785615180.7,81,2
1785615180.8,81,48
1785615181.1,82,47
1785615181.2,82,2
1785615181.7,82,34
1785615182.0,81,46
1785615182.4,82,48
1785615182.5,81,34
1785615183.1,81,47
1785615183.2,82,46
1785615183.4,81,48
1785615183.5,81,2
1785615184.3,82,48
1785615184.4,82,2
1785615184.6,82,47
1785615184.8,81,46
1785615185.1,82,46
1785615185.4,81,48
1785615185.7,81,47
1785615186.6,82,48
1785615187.0,81,46
1785615187.1,82,47
1785615187.7,81,48
1785615188.0,82,46
1785615188.2,81,47
1785615188.9,81,2
1785615189.0,82,2
1785615189.2,82,47
1785615189.8,82,48
1785615190.3,81,46
1785615190.4,81,47
1785615190.5,82,45
1785615191.0,81,48
1785615191.2,82,46
1785615191.2,82,47
1785615191.6,81,45
1785615191.7,82,31
1785615191.8,81,2
1785615191.8,82,43
1785615192.0,81,31
1785615192.3,82,2
1785615192.4,81,47
1785615193.0,82,8
1785615193.1,82,48
1785615193.2,81,43
1785615193.8,82,29
1785615194.1,81,48
1785615194.2,82,43
1785615194.3,82,47
1785615195.2,81,47
1785615195.6,81,46
1785615195.6,82,48
1785615196.0,82,31
1785615196.0,82,46
1785615196.6,81,31
1785615196.6,81,48
1785615197.4,82,48
1785615197.6,81,46
1785615197.6,82,47
1785615198.1,81,8
1785615198.2,82,46
1785615198.4,81,48
1785615198.7,81,47
1785615199.0,81,2
1785615199.0,81,29
1785615199.2,81,43
1785615199.3,82,2
1785615199.8,82,47
1785615199.9,81,46
1785615200.5,82,48
1785615200.6,81,33
1785615200.6,81,47
1785615200.8,82,46
1785615201.0,81,2
1785615201.2,82,19
1785615201.4,81,48
1785615201.6,82,47
1785615201.6,82,48
1785615201.7,82,2
1785615201.8,81,19
1785615202.3,81,46
1785615202.5,81,47
1785615202.6,81,48
1785615202.9,82,19
1785615203.3,82,48
1785615203.6,81,17
1785615203.6,81,19
1785615203.7,81,2
1785615204.3,81,48
1785615204.7,82,46
1785615204.7,82,47
1785615205.0,82,17
1785615205.0,82,19
1785615205.3,81,19
1785615205.7,81,47
1785615205.7,82,48
1785615205.8,82,2
1785615206.0,82,47
1785615206.8,81,47
1785615206.8,81,48
1785615207.6,82,47
1785615208.1,81,47
1785615210.5,82,47
1785615211.0,81,46
1785615211.7,81,47
1785615211.7,82,48
1785615211.9,82,46
1785615212.3,81,2
1785615212.9,81,48
1785615213.1,82,2
1785615213.1,82,48
1785615214.3,81,48
1785615214.6,81,46
1785615214.6,82,36
1785615214.6,82,47
1785615214.7,82,46
1785615215.0,82,42
1785615215.4,81,36
1785615215.7,81,47
1785615216.5,81,46
1785615216.9,82,47
1785615217.1,81,42
1785615217.3,82,46
1785615217.8,82,35
1785615218.2,81,47
1785615218.5,81,2
1785615218.5,82,47
1785615218.6,81,35
1785615218.6,82,2
1785615218.9,81,46
1785615219.6,81,47
1785615220.2,81,2
1785615220.3,81,17
1785615220.8,82,48
1785615221.1,82,46
1785615221.3,82,17
1785615221.4,81,48
1785615221.8,82,34
1785615222.7,82,2
1785615223.0,81,34
1785615223.3,81,46
1785615223.6,82,46
1785615223.7,82,47
1785615224.5,81,47
1785615225.0,82,42
1785615226.3,81,46
1785615226.5,82,29
1785615226.5,82,31
1785615227.1,81,2
1785615227.3,81,29
1785615227.3,81,31
1785615227.4,82,8
1785615227.7,81,17
1785615228.3,81,8
1785615228.9,82,24
1785615229.0,82,46
1785615229.1,82,38
1785615229.7,82,17
1785615230.4,82,2
1785615230.7,81,42
1785615231.1,82,7
1785615232.3,81,46
1785615234.3,81,17
1785615234.7,81,2
1785615236.3,82,33
1785615238.2,81,33
1785615239.3,82,36
1785615239.4,81,26
1785615239.8,81,36
1785615241.4,82,35
1785615241.9,81,35
1785615243.6,82,34
1785615244.1,81,34
1785615244.7,82,43
1785615245.4,82,8
1785615245.6,82,47
1785615246.0,82,29
1785615246.3,81,43
1785615246.3,81,47
1785615247.3,82,26
1785615247.3,82,33
1785615247.4,82,43
1785615247.5,82,47
1785615247.8,81,33
1785615247.8,82,4
1785615248.2,81,47
1785615249.0,81,26
1785615249.5,81,43
1785615250.1,82,48
1785615250.6,81,48
1785615250.7,82,43
1785615250.8,82,46
1785615250.9,81,4
1785615251.0,82,17
1785615251.4,81,8
1785615251.6,81,43
1785615251.6,82,48
1785615252.1,82,2
1785615252.2,81,48
1785615252.3,82,31
1785615252.7,81,29
1785615252.7,81,31
1785615252.8,82,47
1785615253.0,82,43
1785615253.1,81,43
1785615253.5,82,48
1785615253.6,81,47
1785615254.1,81,48
1785615254.4,81,46
1785615254.7,82,47
1785615255.6,81,47
1785615255.7,81,24
1785615255.9,81,38
1785615255.9,82,40
1785615256.0,82,19
1785615256.3,81,7
1785615256.4,81,40
1785615256.6,81,19
1785615256.6,82,47
1785615257.7,81,47
1785615258.4,82,46
1785615258.6,82,19
1785615258.6,82,48
1785615259.2,81,19
1785615259.4,81,48
1785615259.5,81,46
1785615259.5,82,48
1785615260.3,81,48
1785615262.4,82,47
1785615263.6,82,36
1785615263.7,81,47
1785615263.8,82,47
1785615264.1,81,36
1785615265.4,81,47
1785615265.8,82,36
1785615266.0,81,36
1785615266.0,82,48
1785615266.1,82,35
1785615266.6,81,35
1785615266.6,81,48
1785615268.0,82,48
1785615268.5,82,35
1785615268.8,82,34
1785615269.0,81,35
1785615269.0,81,48
1785615269.2,82,46
1785615269.5,81,34
1785615270.3,82,47
1785615270.6,81,47
1785615271.4,82,34
1785615272.2,81,34
1785615272.5,81,46
1785615272.9,82,43
1785615272.9,82,46
1785615273.8,82,8
1785615274.1,82,26
1785615274.4,82,29
1785615274.4,82,33
1785615274.4,82,45
1785615274.5,82,19
1785615275.0,81,45
1785615275.3,81,19
1785615275.9,82,31
1785615276.0,81,43
1785615276.3,81,31
1785615276.6,82,31
1785615277.1,82,19
1785615277.5,81,19
1785615277.8,81,31
1785615278.3,82,31
1785615278.4,81,46
1785615278.8,82,47
1785615279.1,81,31
1785615279.3,82,43
1785615279.4,81,29
1785615279.7,82,46
1785615280.1,81,2
1785615280.5,82,2
1785615280.7,81,8
1785615280.7,81,47
1785615280.9,81,43
1785615281.1,81,2
1785615281.4,82,38
1785615281.5,82,2
1785615281.8,82,24
1785615282.0,81,46
1785615282.5,82,36
1785615282.6,81,2
1785615283.0,81,17
1785615283.0,81,36
1785615283.2,82,46
1785615283.3,81,33
1785615283.8,82,17
1785615284.3,82,2
1785615284.4,82,7
1785615284.8,82,35
1785615285.1,81,46
1785615285.4,81,35
1785615286.0,82,46
1785615286.5,81,2
1785615287.2,82,2
1785615287.4,81,46
1785615287.4,82,48
1785615287.5,82,34
1785615287.8,81,48
1785615288.2,81,34
1785615288.7,81,2
1785615288.7,81,17
1785615288.7,82,33
1785615289.6,82,47
1785615289.9,82,48
1785615290.2,81,47
1785615290.5,81,48
1785615292.2,81,33
1785615292.4,82,47
1785615292.8,82,33
1785615293.0,81,47
1785615293.0,82,46
1785615293.6,82,17
1785615294.1,81,46
1785615294.3,81,33
1785615294.3,82,2
1785615295.4,81,17
1785615295.4,81,26
1785615295.5,81,2
1785615296.1,82,46
1785615296.7,82,17
1785615297.1,81,46
1785615297.3,82,2
1785615298.4,81,17
1785615298.6,81,2
1785615298.7,82,36
1785615299.2,81,36
1785615300.4,82,36
1785615300.9,81,36
1785615300.9,82,35
1785615301.4,81,35
1785615302.2,82,36
1785615302.6,82,35
1785615302.8,81,36
1785615303.2,81,35
1785615303.2,82,34
1785615303.7,81,34
1785615304.4,82,35
1785615304.9,81,35
1785615305.0,82,34
1785615305.6,81,34
1785615306.3,82,36
1785615306.8,82,34
1785615306.9,81,36
1785615307.0,82,33
1785615307.3,82,26
1785615307.4,81,34
1785615307.8,81,33
1785615308.9,82,35
1785615309.2,82,33
1785615309.5,81,35
1785615309.6,81,33
1785615310.3,82,35
1785615310.8,82,33
1785615310.9,81,35
1785615311.4,81,33
1785615311.6,82,34
1785615312.2,81,34
1785615312.2,82,47
1785615312.7,81,26
1785615312.8,81,47
1785615313.0,82,34
1785615313.6,81,34
1785615314.6,82,19
1785615314.9,81,19
1785615315.3,82,19
1785615315.3,82,33
1785615315.6,82,26
1785615315.8,81,19
1785615316.2,81,33
1785615316.8,82,46
1785615317.1,82,33
1785615317.4,82,17
1785615318.0,82,2
1785615318.1,81,33
1785615319.1,81,46
1785615319.4,81,26
1785615322.0,82,46
1785615322.2,81,17
1785615322.3,81,2
1785615322.5,82,17
1785615323.0,82,47
1785615323.3,82,2
1785615323.5,81,46
1785615323.8,81,47
1785615324.4,82,43
1785615324.6,82,8
1785615324.9,81,2
1785615325.2,81,17
1785615325.2,82,29
1785615325.6,81,43
1785615325.7,82,43
1785615326.2,81,43
1785615326.5,82,48
1785615326.6,82,43
1785615327.2,81,48
1785615327.7,82,46
1785615327.9,81,43
1785615328.4,82,17
1785615328.8,82,2
1785615329.0,82,43
1785615329.1,82,31
1785615329.3,82,47
1785615329.4,81,46
1785615329.5,81,31
1785615330.0,81,47
1785615330.4,82,31
1785615330.8,81,8
1785615330.8,82,48
1785615331.1,81,2
1785615331.2,81,17
1785615331.4,81,48
1785615331.7,81,43
1785615331.9,81,29
1785615331.9,81,31
1785615332.9,82,48
1785615333.6,81,48
1785615333.6,82,47
1785615334.0,82,46
1785615334.2,81,47
1785615334.3,82,17
1785615335.1,82,34
1785615335.2,82,2
1785615335.7,82,47
1785615335.9,81,46
1785615336.3,81,47
1785615336.4,81,34
1785615337.4,81,17
1785615337.6,82,46
1785615337.7,81,2
1785615338.2,82,17
1785615338.2,82,19
1785615338.5,81,19
1785615338.7,81,46
1785615338.9,82,2
1785615339.5,82,46
1785615340.2,81,2
1785615340.6,81,46
1785615341.0,82,2
1785615341.4,82,48
1785615341.6,81,48
1785615342.0,81,2
1785615342.0,81,17
1785615343.3,82,48
1785615343.8,82,47
1785615344.0,81,48
1785615344.5,81,47
1785615344.9,82,48
1785615345.6,81,48
1785615346.0,82,47
1785615346.8,81,47
1785615347.0,82,48
1785615347.6,81,48
1785615347.9,82,47
1785615348.7,81,47
1785615349.0,82,46
1785615349.6,82,17
1785615350.2,82,2
1785615350.2,82,47
1785615351.1,81,47
1785615351.2,82,19
1785615351.6,81,19
1785615354.0,81,38
1785615354.0,82,40
1785615354.0,82,47
1785615354.1,81,7
1785615354.1,81,24
1785615354.1,82,19
1785615354.2,81,40
1785615354.7,81,19
1785615354.7,82,7
1785615355.1,82,48
1785615355.2,81,47
1785615355.6,82,24
1785615355.8,81,48
1785615355.9,81,7
1785615356.2,82,38
1785615357.4,82,7
1785615357.5,82,47
1785615357.7,82,48
1785615358.4,82,40
1785615358.7,81,48
1785615358.8,82,19
1785615358.9,81,40
1785615359.1,81,47
1785615359.4,82,47
1785615359.8,81,47
1785615359.9,81,19
1785615360.6,81,38
1785615360.6,82,40
1785615360.8,82,38
1785615361.1,81,40
1785615362.0,81,7
1785615362.2,82,7
1785615362.9,81,38
1785615362.9,82,40
1785615363.3,81,40
1785615364.2,81,24
1785615364.4,81,7
1785615364.7,82,24
1785615365.3,82,38
1785615366.6,82,48
1785615366.9,81,48
1785615367.1,82,7
1785615367.5,82,47
1785615368.0,82,40
1785615368.2,82,26
1785615368.4,82,33
1785615368.6,81,40
1785615369.1,81,7
1785615369.6,82,40
1785615369.7,81,40
1785615370.3,81,47
1785615371.1,81,38
1785615371.3,82,7
1785615371.8,82,38
1785615373.0,82,40
1785615373.3,81,7
1785615373.5,81,40
1785615374.3,82,7
1785615374.9,81,38
1785615374.9,82,40
1785615375.1,81,2
1785615375.5,82,38
1785615375.7,81,40
1785615375.8,82,2
1785615376.6,81,7
1785615377.3,82,7
1785615377.9,82,40
1785615378.4,81,40
1785615379.4,81,7
1785615379.6,82,7
1785615380.4,82,40
1785615381.0,81,40
1785615382.8,82,40
1785615383.3,82,36
1785615383.4,81,40
1785615383.8,81,36
1785615384.2,81,7
1785615384.5,82,7
1785615385.4,82,40
1785615385.9,82,35
1785615386.0,81,40
1785615386.6,81,35
1785615387.4,81,38
1785615387.4,82,40
1785615387.8,81,40
1785615388.7,81,7
1785615388.8,81,24
1785615389.3,82,34
1785615389.7,82,39
1785615390.2,81,34
1785615390.4,82,22
1785615390.6,82,38
1785615390.7,82,24
1785615391.4,82,4
1785615392.3,82,7
1785615396.0,81,33
1785615396.8,82,33
1785615399.2,81,33
1785615400.2,81,26
1785615403.8,82,19
1785615404.0,82,47
1785615404.6,81,19
1785615405.3,82,43
1785615406.1,82,8
1785615406.4,82,29
1785615406.6,81,43
1785615406.9,81,47
1785615407.2,81,46
1785615407.6,82,19
1785615407.6,82,43
1785615407.7,81,43
1785615408.1,82,46
1785615408.3,82,48
1785615408.4,81,19
1785615408.5,82,47
1785615408.7,81,2
1785615408.9,82,43
1785615409.1,82,2
1785615410.3,81,47
1785615412.2,81,8
1785615412.2,81,46
1785615412.3,82,46
1785615412.7,81,48
1785615413.0,82,47
1785615413.4,81,29
1785615413.9,81,43
1785615414.3,81,47
1785615414.3,82,48
1785615415.4,82,47
1785615415.6,82,42
1785615415.9,82,43
1785615416.0,81,43
1785615416.0,81,46
1785615416.3,81,48
1785615416.4,82,46
1785615416.5,81,47
1785615416.6,82,8
1785615416.7,81,42
1785615416.7,82,43
1785615417.1,82,29
1785615417.5,81,2
1785615417.7,82,2
1785615418.2,81,46
1785615418.2,82,47
1785615418.7,81,47
1785615418.7,82,30
1785615419.3,82,46
1785615419.4,81,17
1785615419.4,82,19
1785615419.5,81,30
1785615419.5,82,3
1785615419.9,81,19
1785615419.9,82,17
1785615420.0,81,2
1785615420.1,81,3
1785615420.3,82,47
1785615420.5,82,2
1785615420.7,81,46
1785615421.4,81,47
1785615421.7,82,46
1785615422.0,81,8
1785615422.2,81,2
1785615422.8,82,2
1785615422.9,81,43
1785615423.0,81,46
1785615423.1,81,29
1785615424.0,82,46
1785615424.5,81,2
1785615425.2,82,2
1785615425.6,81,46
1785615426.5,82,46
1785615427.3,81,2
1785615427.6,82,2
1785615427.9,81,46
1785615429.4,81,2
1785615429.4,81,17
1785615433.4,82,36
1785615433.8,81,36
1785615435.3,82,35
1785615435.7,81,35
1785615437.4,82,34
1785615438.0,81,34
1785615442.4,82,26
1785615442.5,82,33
1785615444.5,81,39
1785615444.9,82,36
1785615444.9,82,40
1785615445.3,81,4
1785615445.4,81,22
1785615445.4,81,36
1785615445.8,81,40
1785615446.2,82,39
1785615446.4,81,38
1785615446.4,82,40
1785615446.6,82,38
1785615446.9,81,40
1785615447.0,82,36
1785615447.0,82,43
1785615447.2,82,35
1785615447.6,81,36
1785615447.7,81,7
1785615447.7,81,35
1785615447.9,82,8
1785615448.3,82,29
1785615448.4,82,7
1785615448.8,82,22
1785615449.0,81,43
1785615449.3,81,38
1785615449.3,82,40
1785615449.5,82,4
1785615449.5,82,35
1785615449.6,82,38
1785615449.8,81,40
1785615449.9,82,34
1785615450.0,82,43
1785615450.2,81,35
1785615450.5,82,2
1785615450.7,81,34
1785615450.8,81,2
1785615451.0,81,7
1785615451.2,81,39
1785615451.4,82,7
1785615452.1,81,38
1785615452.1,82,40
1785615452.2,81,40
1785615452.3,82,38
1785615452.5,81,22
1785615452.9,82,34
1785615453.1,81,4
1785615453.1,81,7
1785615453.1,81,8
1785615453.7,82,7
1785615453.8,82,36
1785615454.1,81,34
1785615454.1,81,38
1785615454.1,82,40
1785615454.3,81,36
1785615454.5,81,40
1785615454.7,81,29
1785615454.8,81,43
1785615455.4,81,24
1785615455.5,81,7
1785615456.4,82,35
1785615457.1,81,35
1785615457.5,82,36
1785615458.1,81,36
1785615460.0,82,34
1785615460.5,82,35
1785615461.1,81,34
1785615461.2,81,35
1785615462.5,82,36
1785615463.7,81,36
1785615464.4,82,34
1785615465.2,82,36
1785615465.3,82,47
1785615465.6,81,34
1785615465.9,81,47
1785615466.0,81,36
1785615466.2,82,35
1785615466.7,82,47
1785615466.9,82,34
1785615467.3,81,47
1785615467.4,82,48
1785615467.5,81,48
1785615468.4,81,35
1785615468.5,81,34
1785615468.6,82,46
1785615469.1,82,19
1785615469.2,82,47
1785615469.4,81,19
1785615469.4,82,17
1785615469.4,82,38
1785615469.6,81,46
1785615469.7,81,47
1785615469.8,82,2
1785615469.9,82,24
1785615470.0,82,35
1785615470.2,81,33
1785615470.4,82,46
1785615470.7,81,17
1785615470.9,82,33
1785615471.1,82,17
1785615471.3,81,2
1785615471.3,81,46
1785615471.5,82,47
1785615471.6,82,7
1785615471.7,81,35
1785615471.8,81,47
1785615471.8,82,2
1785615472.3,82,34
1785615472.6,81,17
1785615472.9,81,2
1785615473.1,82,39
1785615473.2,81,33
1785615473.2,82,46
1785615473.8,82,17
1785615473.8,82,19
1785615473.9,82,22
1785615474.1,81,19
1785615474.2,82,33
1785615474.4,82,2
1785615474.8,82,4
1785615474.9,81,46
1785615475.4,82,46
1785615475.7,81,34
1785615476.3,81,33
1785615477.4,81,46
1785615477.5,82,34
1785615477.6,82,33
1785615478.7,81,34
1785615479.2,81,17
1785615479.3,81,2
1785615480.1,81,39
1785615481.0,81,22
1785615481.2,81,33
1785615481.8,82,33
1785615482.1,81,4
1785615483.5,81,33
1785615484.9,82,33
1785615485.2,82,48
1785615485.7,81,48
1785615485.8,81,33
1785615486.1,82,36
1785615486.8,81,36
1785615487.0,81,26
1785615487.2,82,47
1785615487.9,82,35
1785615488.0,81,47
1785615488.6,81,35
1785615488.9,82,36
1785615489.3,81,36
1785615489.6,82,34
1785615490.3,81,34
1785615490.7,82,35
1785615490.8,82,46
1785615491.2,81,35
1785615491.2,82,17
1785615491.7,81,46
1785615492.0,82,2
1785615492.6,82,33
1785615492.6,82,34
1785615492.9,82,26
1785615493.0,81,34
1785615493.1,81,17
1785615493.1,81,33
1785615493.2,81,2
1785615494.2,81,26
1785615495.7,82,33
1785615495.8,82,26
1785615496.0,81,33
1785615497.2,81,26
1785615501.4,82,36
1785615502.0,81,36
1785615503.9,82,35
1785615504.5,81,35
1785615506.5,82,34
1785615507.1,81,34
1785615510.2,82,48
1785615510.8,81,48
1785615511.1,82,33
1785615511.4,82,26
1785615511.7,82,40
1785615512.2,81,40
1785615512.4,82,48
1785615512.8,82,47
1785615512.9,81,7
1785615513.0,81,48
1785615513.0,82,7
1785615513.5,81,47
1785615513.5,82,30
1785615514.5,81,38
1785615514.5,82,40
1785615514.7,82,41
1785615515.1,82,3
1785615515.1,82,47
1785615515.8,81,47
1785615516.0,81,24
1785615516.2,81,7
1785615516.2,81,40
1785615516.4,82,24
1785615517.9,82,39
1785615518.0,82,4
1785615518.2,82,22
1785615518.3,81,4
1785615518.3,81,30
1785615518.3,82,46
1785615518.4,82,19
1785615518.5,82,38
1785615518.7,81,19
1785615518.7,81,41
1785615518.7,82,17
1785615518.9,82,7
1785615519.2,82,4
1785615519.4,81,3
1785615519.6,82,42
1785615520.3,82,2
1785615520.7,81,39
1785615520.9,81,2
1785615520.9,82,40
1785615521.2,82,31
1785615521.4,81,40
1785615521.5,81,42
1785615521.6,81,7
1785615521.9,82,2
1785615521.9,82,7
1785615522.2,81,22
1785615522.3,82,8
1785615522.7,82,42
1785615523.2,81,38
1785615523.2,82,40
1785615523.7,81,40
1785615523.8,81,42
1785615523.9,81,4
1785615524.2,81,24
1785615524.6,81,7
1785615524.8,82,42
1785615524.9,81,42
1785615525.0,82,42
1785615527.1,82,30
1785615528.2,82,41
1785615528.3,81,41
1785615528.4,82,41
1785615528.7,82,3
1785615529.9,81,30
1785615531.7,81,3
1785615531.7,81,41
1785615537.7,81,42
1785615539.6,82,42
1785615539.9,81,42
1785615541.1,81,31
1785615541.4,81,8
1785615541.7,82,36
1785615542.2,81,36
1785615544.0,82,35
1785615544.7,81,35
1785615545.3,82,36
1785615545.3,82,48
1785615546.0,81,36
1785615546.0,81,48
1785615546.1,82,48
1785615546.8,82,34
1785615547.0,81,48
1785615547.6,82,48
1785615547.7,81,34
1785615548.3,82,35
1785615548.5,81,48
1785615549.0,81,35
1785615549.3,82,47
1785615550.2,82,48
1785615550.5,81,47
1785615550.6,81,48
1785615550.6,82,47
1785615551.1,82,48
1785615551.9,82,34
1785615552.0,81,47
1785615552.4,82,47
1785615552.6,81,48
1785615553.1,81,34
1785615553.8,81,33
1785615554.2,81,47
1785615554.2,82,33
1785615555.4,82,47
1785615556.2,82,48
1785615556.6,81,33
1785615557.4,81,48
1785615557.8,81,26
1785615557.8,81,47
1785615557.9,82,40
1785615558.0,81,40
1785615558.6,82,24
1785615558.6,82,47
1785615558.6,82,48
1785615559.0,82,7
1785615559.2,82,19
1785615559.2,82,26
1785615559.3,81,19
1785615559.3,81,24
1785615559.4,81,7
1785615559.5,82,33
1785615559.9,81,48
1785615560.0,81,46
1785615560.1,81,33
1785615560.8,82,46
1785615561.3,81,47
1785615561.4,81,26
1785615562.2,82,48
1785615563.4,82,19
1785615563.6,82,47
1785615564.0,81,47
1785615564.2,81,46
1785615564.2,81,48
1785615565.2,82,46
1785615565.3,81,19
1785615565.5,81,2
1785615565.8,82,48
1785615566.0,82,2
1785615566.7,82,47
1785615566.8,82,8
1785615567.0,82,43
1785615567.3,82,29
1785615568.6,81,46
1785615568.6,81,48
1785615568.6,82,19
1785615569.1,81,43
1785615569.2,82,46
1785615570.0,81,2
1785615570.2,82,31
1785615570.3,81,19
1785615570.3,82,2
1785615570.6,81,31
1785615570.7,82,3
1785615570.9,81,47
1785615571.0,82,43
1785615571.3,82,31
1785615571.8,82,40
1785615572.0,81,46
1785615572.3,82,46
1785615572.4,82,48
1785615572.6,81,40
1785615572.7,81,31
1785615572.7,82,24
1785615573.0,82,31
1785615573.2,82,7
1785615573.6,81,8
1785615573.6,82,47
1785615573.7,81,24
1785615573.7,81,43
1785615573.7,81,47
1785615573.7,82,8
1785615573.9,81,7
1785615573.9,81,8
1785615573.9,82,47
1785615574.0,82,19
1785615574.5,81,19
1785615574.5,81,29
1785615574.5,81,31
1785615574.5,82,7
1785615574.5,82,24
1785615574.7,81,48
1785615575.8,82,36
1785615575.9,81,7
1785615576.0,81,3
1785615576.3,81,36
1785615576.6,81,46
1785615576.8,81,24
1785615576.9,82,19
1785615577.2,81,47
1785615577.3,81,19
1785615577.3,82,46
1785615577.7,82,36
1785615577.9,81,2
1785615577.9,82,35
1785615578.1,81,36
1785615578.3,82,47
1785615578.4,81,35
1785615578.5,82,2
1785615578.8,81,46
1785615579.7,82,35
1785615579.8,82,36
1785615580.0,81,17
1785615580.0,82,46
1785615580.1,82,34
1785615580.1,82,48
1785615580.2,81,35
1785615580.2,81,36
1785615580.3,81,2
1785615580.3,82,17
1785615580.5,81,47
1785615580.7,81,34
1785615580.7,82,47
1785615581.0,82,2
1785615581.3,81,46
1785615581.6,81,48
1785615581.8,82,34
1785615581.8,82,35
1785615582.3,81,34
1785615582.3,81,35
1785615582.5,81,17
1785615582.6,81,47
1785615582.8,81,2
1785615583.2,82,46
1785615583.2,82,48
1785615583.8,82,17
1785615583.8,82,19
1785615584.0,82,26
1785615584.1,81,19
1785615584.1,82,34
1785615584.3,82,2
1785615584.3,82,33
1785615584.3,82,47
1785615584.4,81,33
1785615584.4,81,48
1785615584.5,81,46
1785615584.7,81,34
1785615585.7,82,33
1785615585.8,81,2
1785615585.8,81,17
1785615585.8,81,47
1785615586.0,81,33
1785615586.1,82,46
1785615586.1,82,48
1785615586.8,82,17
1785615587.1,81,48
1785615587.2,82,2
1785615587.3,81,26
1785615587.3,82,47
1785615587.4,81,46
1785615588.0,81,47
1785615588.3,82,19
1785615588.3,82,26
1785615588.3,82,48
1785615588.4,82,47
1785615588.6,82,46
1785615588.8,81,2
1785615588.8,81,17
1785615588.8,82,33
1785615589.0,81,19
1785615589.0,82,17
1785615589.3,81,48
1785615589.6,82,2
1785615589.9,81,47
1785615590.2,81,33
1785615590.9,81,46
1785615591.0,82,19
1785615591.1,82,47
1785615591.4,81,26
1785615591.5,81,19
1785615591.5,82,46
1785615592.5,81,47
1785615592.5,82,45
1785615592.9,82,19
1785615593.0,82,43
1785615593.2,81,19
1785615593.3,82,47
1785615593.5,81,46
1785615593.5,82,31
1785615593.7,82,46
1785615593.8,81,31
1785615594.4,82,8
1785615594.6,81,47
1785615595.3,82,29
1785615597.3,81,46
1785615597.6,82,19
1785615598.0,81,19
1785615598.5,82,46
1785615598.6,81,17
1785615598.7,81,2
1785615598.9,82,17
1785615599.4,82,2
1785615599.9,81,8
1785615600.5,81,43
1785615600.6,81,29
1785615601.8,81,46
1785615603.4,81,17
1785615603.5,81,2
1785615616.4,82,48
1785615616.8,81,48
1785615617.5,82,48
1785615617.8,81,48
1785615618.4,82,47
1785615618.5,82,48
1785615618.9,81,47
1785615618.9,81,48
1785615619.5,82,47
1785615620.1,81,47
1785615620.6,82,47
1785615620.7,82,19
1785615620.9,81,19
1785615621.1,81,47
1785615621.3,82,46
1785615622.1,81,46
1785615622.2,82,17
1785615622.2,82,19
1785615622.4,81,19
1785615622.7,82,2
1785615623.1,82,19
1785615623.2,82,36
1785615623.3,82,46
1785615623.5,81,2
1785615623.5,81,17
1785615623.5,81,19
1785615623.7,81,36
1785615623.8,82,17
1785615625.1,82,2
1785615625.4,82,35
1785615625.6,82,36
1785615625.9,81,35
1785615626.3,81,46
1785615626.6,81,36
1785615627.1,82,48
1785615627.6,81,17
1785615627.6,81,48
1785615627.7,81,2
1785615627.7,82,34
1785615627.7,82,35
1785615628.0,81,35
1785615628.1,82,35
1785615628.2,81,34
1785615628.5,81,35
1785615629.2,82,47
1785615629.6,82,34
1785615629.7,81,47
1785615629.9,82,48
1785615630.0,81,48
1785615630.5,81,34
1785615631.3,82,19
1785615631.3,82,33
1785615631.5,82,26
1785615631.5,82,47
1785615631.6,81,19
1785615631.7,81,33
1785615632.0,81,47
1785615632.3,82,46
1785615632.9,82,33
1785615633.0,82,17
1785615633.1,81,46
1785615633.3,81,33
1785615633.8,82,2
1785615634.3,81,17
1785615634.5,81,2
1785615634.5,82,46
1785615634.5,82,47
1785615635.0,81,47
1785615635.0,82,17
1785615635.2,81,26
1785615635.2,81,46
1785615635.7,82,2
1785615636.4,81,2
1785615636.4,81,17
1785615637.5,82,38
1785615637.5,82,46
1785615637.6,82,48
1785615637.8,82,24
1785615638.0,81,48
1785615638.1,82,17
1785615638.2,81,46
1785615638.7,82,2
1785615639.4,81,17
1785615639.5,81,2
1785615639.5,82,7
1785615639.5,82,47
1785615639.8,82,48
1785615639.9,81,47
1785615640.3,81,48
1785615642.3,82,46
1785615643.0,81,46
1785615643.0,82,17
1785615643.4,82,2
1785615643.9,82,19
1785615644.3,81,17
1785615644.3,81,19
1785615644.5,81,2
1785615644.8,82,46
1785615644.8,82,47
1785615645.2,82,17
1785615645.4,81,47
1785615645.7,81,46
1785615646.0,82,2
1785615646.5,82,48
1785615646.9,81,17
1785615647.0,81,48
1785615647.0,82,36
1785615647.1,81,2
1785615647.5,81,36
1785615648.6,82,47
1785615649.0,81,47
1785615649.2,82,46
1785615649.3,82,35
1785615649.4,82,48
1785615649.8,81,35
1785615649.8,81,48
1785615649.9,82,17
1785615650.3,82,2
1785615650.8,81,46
1785615651.0,82,19
1785615651.4,82,47
1785615651.5,81,19
1785615651.6,82,34
1785615652.0,81,47
1785615652.1,81,34
1785615652.1,82,46
1785615652.2,81,2
1785615652.2,81,17
1785615652.6,82,17
1785615653.1,81,46
1785615653.1,82,2
1785615653.9,82,19
1785615653.9,82,48
1785615654.2,81,19
1785615654.4,81,48
1785615654.6,81,2
1785615654.6,81,17
1785615655.0,82,46
1785615655.1,82,26
1785615655.3,82,36
1785615655.5,82,33
1785615655.6,82,17
1785615655.7,81,36
1785615655.8,81,33
1785615656.2,82,47
1785615656.3,82,2
1785615656.4,82,48
1785615656.5,81,46
1785615656.8,81,47
1785615656.9,81,26
1785615657.0,81,48
1785615657.2,82,35
1785615657.7,81,35
1785615658.2,81,2
1785615658.2,82,36
1785615658.4,81,17
1785615658.6,81,36
1785615659.0,82,47
1785615659.4,82,34
1785615659.7,81,47
1785615659.8,81,34
1785615659.9,82,36
1785615660.2,82,35
1785615660.4,82,46
1785615660.5,81,36
1785615660.6,81,35
1785615661.0,82,17
1785615661.4,82,48
1785615661.7,82,2
1785615661.9,81,48
1785615662.1,82,35
1785615662.2,82,34
1785615662.5,81,35
1785615662.5,81,46
1785615662.6,81,34
1785615662.8,82,26
1785615663.0,82,33
1785615663.2,81,33
1785615663.8,82,47
1785615664.0,81,2
1785615664.0,81,17
1785615664.1,82,34
1785615664.2,82,46
1785615664.3,81,47
1785615664.4,81,26
1785615664.6,81,34
1785615664.9,82,17
1785615665.2,82,48
1785615665.5,82,2
1785615665.5,82,26
1785615665.5,82,33
1785615665.7,81,48
1785615665.9,81,33
1785615666.9,81,46
1785615667.1,82,48
1785615667.3,81,26
1785615667.7,81,48
1785615667.7,82,26
1785615667.7,82,33
1785615667.7,82,47
1785615668.0,81,33
1785615668.2,82,46
1785615668.3,81,47
1785615668.7,81,2
1785615669.2,81,26
1785615669.5,82,2
1785615669.5,82,47
1785615670.2,81,47
1785615670.8,82,47
1785615671.5,81,46
1785615671.6,81,47
1785615672.4,82,19
1785615672.4,82,43
1785615672.7,82,46
1785615672.8,81,2
1785615672.9,81,19
1785615673.6,82,8
1785615673.6,82,19
1785615673.9,82,2
1785615673.9,82,29
1785615674.2,81,19
1785615674.4,81,43
1785615674.7,81,46
1785615674.9,82,46
1785615675.1,82,47
1785615675.2,82,36
1785615675.5,82,43
1785615675.6,81,36
1785615676.3,81,47
1785615677.0,82,35
1785615677.1,82,48
1785615677.4,81,35
1785615677.6,81,48
1785615677.6,82,31
1785615678.0,81,46
1785615678.2,81,31
1785615678.8,82,34
1785615678.8,82,48
1785615679.0,81,8
1785615679.2,81,17
1785615679.3,81,2
1785615679.3,81,34
1785615679.3,81,48
1785615679.3,82,46
1785615679.3,82,47
1785615679.7,81,43
1785615679.9,81,29
1785615679.9,81,47
1785615680.0,82,17
1785615680.8,82,2
1785615681.0,81,46
1785615681.1,82,47
1785615681.7,81,47
1785615682.0,81,2
1785615682.0,82,33
1785615682.2,81,17
1785615682.2,82,26
1785615682.4,81,33
1785615683.0,82,46
1785615683.6,81,26
1785615683.6,82,17
1785615683.8,82,2
1785615684.0,81,46
1785615684.6,82,39
1785615684.8,82,46
1785615685.2,82,22
1785615685.3,81,2
1785615685.9,81,46
1785615686.0,82,2
1785615686.7,82,4
1785615686.9,81,17
1785615687.2,81,2
1785615690.0,82,36
1785615690.5,81,36
1785615692.2,82,35
1785615692.7,81,35
1785615694.7,82,34
1785615695.4,81,34
1785615700.2,82,26
1785615700.2,82,33
1785615700.5,81,38
1785615700.5,82,40
1785615701.2,81,40
1785615701.4,81,7
1785615701.5,81,24
1785615703.4,81,39
1785615704.1,81,22
1785615704.5,81,4
1785615706.1,82,48
1785615706.5,82,43
1785615706.8,81,48
1785615707.5,82,8
1785615708.2,82,29
1785615708.6,82,48
1785615708.8,82,47
1785615709.1,81,48
1785615709.5,81,47
1785615711.2,82,47
1785615711.2,82,48
1785615711.9,81,47
1785615712.1,81,48
1785615713.3,81,33
1785615713.4,82,31
1785615713.6,82,48
1785615714.2,82,46
1785615714.4,81,48
1785615714.6,81,8
1785615714.6,82,17
1785615715.1,82,47
1785615715.2,82,2
1785615715.8,81,29
1785615715.8,81,31
1785615715.8,81,46
1785615715.9,81,47
1785615716.0,82,33
1785615716.1,81,33
1785615716.2,82,29
1785615716.2,82,31
1785615716.5,82,46
1785615716.6,81,29
1785615716.6,81,31
1785615717.1,81,2
1785615717.2,81,26
1785615717.6,82,2
1785615717.6,82,47
1785615718.4,81,43
1785615718.5,81,46
1785615718.6,81,47
1785615720.1,81,2
1785615720.1,81,17
1785615720.7,82,46
1785615721.2,82,17
1785615721.7,82,2
1785615722.2,81,46
1785615723.2,82,43
1785615723.4,81,17
1785615723.5,81,2
1785615723.5,82,46
1785615723.8,82,17
1785615724.1,82,8
1785615724.4,82,29
1785615724.5,81,43
1785615724.5,82,2
1785615724.7,81,46
1785615724.8,82,38
1785615725.0,82,24
1785615725.6,82,43
1785615725.9,81,17
1785615726.1,81,2
1785615726.6,82,7
1785615726.8,82,31
1785615727.4,81,31
1785615727.5,81,43
1785615728.6,82,31
1785615729.4,81,8
1785615730.0,82,43
1785615730.6,81,29
1785615730.6,81,31
1785615730.7,81,43
1785615741.9,82,40
1785615742.4,81,40
1785615742.7,82,39
1785615744.3,81,38
1785615744.3,82,40
1785615744.6,82,38
1785615744.8,81,40
1785615745.8,81,7
1785615746.4,82,7
1785615747.6,82,40
1785615748.0,81,39
1785615748.1,81,40
1785615749.8,81,38
1785615749.8,82,40
1785615750.0,82,38
1785615750.3,81,40
1785615751.2,81,7
1785615751.5,82,7
1785615752.1,82,36
1785615752.4,81,38
1785615752.4,82,40
1785615752.6,81,36
1785615752.9,81,40
1785615753.8,81,7
1785615754.0,81,24
1785615754.0,82,36
1785615754.5,82,35
1785615754.6,81,36
1785615755.1,81,35
1785615756.3,82,2
1785615756.5,81,2
1785615756.6,82,35
1785615757.2,81,35
1785615757.2,82,36
1785615757.4,82,34
1785615757.7,81,36
1785615758.3,81,34
1785615759.6,82,34
1785615759.6,82,35
1785615760.2,81,35
1785615760.5,81,34
1785615761.5,82,35
1785615762.2,81,35
1785615762.5,82,34
1785615762.6,82,36
1785615763.2,81,36
1785615763.2,82,39
1785615763.4,81,34
1785615764.2,82,22
1785615764.2,82,26
1785615764.4,82,33
1785615764.7,82,36
1785615764.8,82,4
1785615765.0,82,34
1785615765.1,81,36
1785615765.2,82,35
1785615765.9,81,35
1785615765.9,82,38
1785615766.1,81,38
1785615766.5,81,34
1785615766.7,81,33
1785615766.7,82,38
1785615767.1,82,24
1785615767.2,82,33
1785615767.5,82,36
1785615767.6,82,47
1785615768.1,81,36
1785615768.1,81,47
1785615768.7,82,7
1785615768.9,81,33
1785615769.0,82,34
1785615770.2,81,34
1785615770.3,81,26
1785615770.4,82,35
1785615770.7,82,33
1785615770.7,82,36
1785615770.9,82,46
1785615771.0,81,35
1785615771.1,81,36
1785615771.1,82,26
1785615771.1,82,34
1785615771.3,81,38
1785615771.7,82,17
1785615771.8,81,46
1785615772.0,81,7
1785615772.1,82,2
1785615772.5,81,33
1785615772.5,81,34
1785615773.2,81,17
1785615773.3,82,35
1785615773.4,82,33
1785615773.5,81,2
1785615774.0,81,35
1785615774.6,81,33
1785615774.7,82,34
1785615775.7,81,34
1785615776.3,82,33
1785615777.1,82,34
1785615777.4,81,33
1785615778.3,81,34
1785615778.5,82,33
1785615779.6,81,33
1785615780.7,81,26
1785615781.1,82,26
1785615781.2,82,33
1785615781.6,82,34
1785615782.1,81,33
1785615782.3,81,34
1785615783.2,81,26
1785615783.6,82,33
1785615783.9,82,26
1785615785.2,81,33
1785615786.2,81,26
1785615786.3,82,33
1785615786.5,82,26
1785615787.4,81,33
1785615788.4,81,26
1785615789.3,82,38
1785615790.2,82,7
1785615802.4,82,40
1785615802.9,81,40
1785615803.8,81,39
1785615804.1,81,22
1785615804.2,81,4
1785615804.6,81,38
1785615804.6,82,39
1785615804.6,82,40
1785615805.0,81,40
1785615805.5,81,24
1785615805.8,81,7
1785615805.9,82,43
1785615806.9,82,8
1785615807.1,82,29
1785615807.5,81,43
1785615808.5,82,43
1785615809.6,81,39
1785615810.4,81,43
1785615812.2,82,31
1785615812.7,81,8
1785615813.2,81,29
1785615813.2,81,31
1785615813.2,82,43
1785615813.8,82,29
1785615813.8,82,31
1785615814.2,81,29
1785615814.2,81,31
1785615815.1,81,43
1785615816.8,82,38
1785615817.0,82,24
1785615818.9,82,7
1785615821.7,82,30
1785615822.8,82,41
1785615823.0,81,41
1785615823.4,82,3
1785615823.7,82,41
1785615833.5,81,38
1785615833.5,82,40
1785615834.2,81,40
1785615834.5,81,24
1785615834.7,81,7
1785615836.4,81,30
1785615837.2,81,41
1785615837.9,81,3
1785615838.3,82,42
1785615838.5,82,2
1785615839.0,81,2
1785615839.8,82,31
1785615841.6,82,8
1785615846.4,82,30
1785615846.9,82,41
1785615847.8,82,36
1785615848.0,81,42
1785615848.1,81,30
1785615848.3,81,36
1785615848.3,82,3
1785615848.4,81,41
1785615849.1,81,31
1785615849.4,81,3
1785615849.5,81,8
1785615849.5,82,42
1785615850.2,82,35
1785615850.8,81,35
1785615850.8,81,42
1785615851.1,82,31
1785615851.9,82,42
1785615853.1,82,8
1785615853.2,82,34
1785615853.5,82,29
1785615853.9,81,29
1785615853.9,81,31
1785615854.0,81,34
1785615854.3,82,29
1785615854.3,82,31
1785615855.0,81,29
1785615855.6,82,38
1785615856.1,82,24
1785615856.3,82,3
1785615857.1,81,42
1785615857.4,82,7
1785615857.8,81,38
1785615857.9,82,40
1785615858.2,81,31
1785615858.5,81,8
1785615859.0,81,40
1785615859.1,82,48
1785615859.2,81,3
1785615859.4,81,24
1785615859.8,81,7
1785615860.3,81,48
1785615860.5,82,26
1785615861.1,82,36
1785615861.3,82,33
1785615861.8,81,36
1785615861.8,82,47
1785615863.0,81,47
1785615864.4,82,30
1785615864.4,82,35
1785615864.8,82,41
1785615865.1,81,35
1785615866.2,82,3
1785615866.8,82,46
1785615867.0,81,33
1785615867.4,82,17
1785615867.5,82,36
1785615867.7,81,30
1785615868.1,81,36
1785615868.2,82,2
1785615868.2,82,34
1785615869.1,81,3
1785615869.1,81,34
1785615869.2,82,33
1785615869.3,81,46
1785615870.1,81,33
1785615870.1,82,35
1785615870.4,82,38
1785615870.6,81,35
1785615870.9,81,2
1785615871.0,81,26
1785615871.0,82,24
1785615871.4,81,17
1785615872.4,82,7
1785615872.8,82,34
1785615873.5,81,34
1785615873.8,82,26
1785615873.8,82,33
1785615875.0,81,33
1785615876.2,81,26
1785615877.1,82,33
1785615877.4,82,26
1785615877.9,81,33
1785615878.8,82,48
1785615879.0,81,26
1785615880.2,81,48
1785615880.8,82,48
1785615881.6,81,48
1785615882.0,82,47
1785615883.4,81,47
1785615884.2,82,47
1785615884.3,82,48
1785615885.0,81,48
1785615885.1,81,47
1785615886.2,82,47
1785615887.2,81,47
1785615887.7,82,46
1785615887.8,82,47
1785615888.2,82,17
1785615888.9,81,47
1785615889.1,82,2
1785615889.7,82,48
1785615889.9,81,46
1785615890.1,82,19
1785615890.4,81,19
1785615890.4,81,48
1785615891.3,82,46
1785615891.5,82,48
1785615891.8,82,19
1785615892.1,81,19
1785615892.2,81,2
1785615892.2,81,48
1785615892.4,82,2
1785615892.8,82,47
1785615893.3,82,48
1785615893.6,81,47
1785615893.7,81,45
1785615893.8,81,48
1785615894.8,82,47
1785615895.7,81,47
1785615896.9,82,47
1785615897.5,81,47
1785615898.1,82,19
1785615898.4,81,19
1785615899.7,82,36
1785615900.0,82,19
1785615900.1,81,36
1785615900.4,81,19
1785615901.7,82,35
1785615901.8,82,36
1785615902.2,81,35
1785615902.2,81,36
1785615903.3,82,47
1785615903.8,81,47
1785615903.8,82,34
1785615903.8,82,35
1785615904.3,81,34
1785615904.3,81,35
1785615905.7,81,46
1785615906.0,82,34
1785615906.0,82,42
1785615906.2,81,42
1785615906.2,82,43
1785615906.6,81,34
1785615906.9,82,8
1785615907.1,82,29
1785615907.5,81,17
1785615907.5,81,43
1785615907.5,82,46
1785615907.6,82,26
1785615907.7,81,2
1785615907.7,82,33
1785615908.0,81,33
1785615908.2,82,17
1785615908.5,82,43
1785615908.9,82,2
1785615909.3,81,26
1785615910.4,81,46
1785615911.2,81,43
1785615911.4,82,26
1785615911.5,82,33
1785615912.0,81,8
1785615912.3,81,17
1785615912.5,81,2
1785615912.5,82,43
1785615913.0,81,29
1785615913.4,82,8
1785615913.7,82,29
1785615914.1,81,43
1785615914.3,81,33
1785615915.1,82,43
1785615915.6,81,26
1785615917.1,81,43
1785615917.7,82,30
1785615918.6,82,43
1785615918.7,81,8
1785615919.3,81,43
1785615919.4,81,29
1785615919.9,82,3
1785615929.7,82,40
1785615930.4,81,40
1785615932.4,81,38
1785615932.4,82,40
1785615932.9,81,40
1785615933.4,81,24
1785615933.6,82,38
1785615933.7,81,7
1785615933.7,82,39
1785615934.1,82,42
1785615934.2,82,24
1785615934.3,82,2
1785615934.5,82,22
1785615934.6,81,2
1785615934.9,81,30
1785615935.3,82,4
1785615935.3,82,7
1785615935.5,81,38
1785615935.5,82,40
1785615935.7,82,30
1785615935.9,81,40
1785615936.5,81,24
1785615936.5,82,31
1785615936.6,81,3
1785615936.9,81,7
1785615937.6,82,3
1785615938.3,82,8
1785615938.5,81,30
1785615939.1,81,41
1785615939.3,81,39
1785615939.8,81,3
1785615940.3,81,22
1785615941.6,81,4
1785615949.9,81,42
1785615951.2,82,42
1785615951.4,82,38
1785615951.7,82,24
1785615953.3,82,7
1785615954.4,81,42
1785615954.7,81,38
1785615954.7,82,40
1785615955.6,81,31
1785615955.9,81,8
1785615956.5,81,40
1785615956.7,81,24
1785615957.0,81,7
1785615974.3,82,36
1785615974.8,81,36
1785615974.8,82,47
1785615975.2,81,47
1785615976.0,82,48
1785615976.3,82,35
1785615976.5,81,48
1785615976.8,81,35
1785615977.7,82,46
1785615978.2,82,47
1785615978.4,81,46
1785615978.4,82,17
1785615978.5,82,30
1785615978.5,82,34
1785615978.9,81,47
1785615978.9,82,2
1785615979.0,81,34
1785615979.8,81,17
1785615979.8,82,48
1785615980.0,81,2
1785615980.3,81,48
1785615980.9,82,3
1785615981.3,82,36
1785615981.8,81,36
1785615982.0,82,47
1785615982.1,82,26
1785615982.2,82,33
1785615982.3,82,46
1785615982.6,81,47
1785615982.7,82,17
1785615982.7,82,48
1785615983.0,81,33
1785615983.0,81,48
1785615983.3,82,35
1785615983.5,82,2
1785615983.8,81,26
1785615983.8,81,35
1785615984.0,81,46
1785615984.1,82,36
1785615984.6,81,36
1785615984.7,82,47
1785615985.3,81,47
1785615985.3,82,34
1785615985.5,81,17
1785615985.7,81,2
1785615985.8,81,34
1785615986.1,82,46
1785615986.2,82,35
1785615986.4,82,36
1785615986.5,82,48
1785615986.6,82,17
1785615986.7,81,35
1785615986.8,81,36
1785615987.3,82,2
1785615987.5,81,48
1785615987.7,81,46
1785615987.7,82,43
1785615988.4,82,35
1785615988.5,82,8
1785615988.5,82,34
1785615988.8,82,26
1785615988.8,82,29
1785615988.8,82,33
1785615988.9,81,35
1785615988.9,82,47
1785615989.0,81,33
1785615989.0,81,43
1785615989.1,81,34
1785615989.1,82,46
1785615989.4,81,2
1785615989.4,81,17
1785615989.7,82,17
1785615990.0,82,43
1785615990.1,81,26
1785615990.2,81,47
1785615990.3,82,2
1785615990.6,82,34
1785615991.0,81,46
1785615991.2,81,34
1785615991.7,81,43
1785615992.6,81,17
1785615992.8,81,2
1785615992.9,82,26
1785615993.1,82,33
1785615993.4,82,31
1785615993.6,82,43
1785615993.7,81,8
1785615994.4,81,43
1785615994.4,82,17
1785615994.5,81,29
1785615994.5,81,31
1785615994.7,82,46
1785615995.6,82,2
1785615997.0,81,46
1785615998.0,81,2
1785615999.2,81,17
1785615999.8,82,48
1785615999.9,81,48
1785616000.0,82,48
1785616000.5,81,48
1785616001.4,81,33
1785616001.6,82,47
1785616002.2,81,47
1785616002.2,82,36
1785616002.3,82,47
1785616002.4,81,26
1785616002.5,82,38
1785616002.8,81,36
1785616002.8,81,47
1785616002.8,82,24
1785616004.4,82,7
1785616004.6,82,35
1785616005.0,82,46
1785616005.2,81,35
1785616005.7,82,17
1785616006.5,81,46
1785616007.1,82,34
1785616007.3,81,17
1785616007.7,81,34
1785616011.0,82,33
1785616011.3,82,26
1785616011.6,81,33
1785616012.8,82,36
1785616013.0,81,26
1785616013.3,81,36
1785616014.8,82,35
1785616015.4,81,35
1785616017.1,82,34
1785616017.6,81,34
1785616021.6,82,26
1785616021.7,82,33
1785616021.7,82,40
1785616022.1,81,40
1785616023.0,82,41
1785616023.8,81,38
1785616023.9,82,40
1785616024.5,81,40
1785616024.8,82,38
1785616025.0,81,41
1785616025.3,81,7
1785616025.9,82,42
1785616026.4,82,7
1785616026.6,81,38
1785616026.6,82,40
1785616027.0,81,40
1785616027.2,82,31
1785616027.6,82,41
1785616027.9,81,24
1785616028.0,82,39
1785616028.2,81,7
1785616028.5,82,22
1785616028.7,82,29
1785616028.8,82,8
1785616029.3,81,30
1785616029.5,81,29
1785616029.5,81,41
1785616029.5,82,4
1785616030.6,81,3
1785616031.9,82,38
1785616032.1,82,30
1785616032.3,82,41
1785616032.4,82,24
1785616033.3,81,30
1785616033.5,82,7
1785616033.7,81,38
1785616033.7,82,40
1785616033.8,81,41
1785616034.0,82,3
1785616034.1,81,40
1785616034.7,81,3
1785616034.9,81,24
1785616035.1,81,7
1785616036.2,82,48
1785616036.3,82,47
1785616036.8,81,48
1785616037.0,81,47
1785616037.5,82,48
1785616038.1,81,48
1785616038.9,82,47
1785616039.6,81,47
1785616039.7,82,38
1785616039.8,82,36
1785616040.1,82,24
1785616040.3,81,36
1785616040.4,82,47
1785616041.2,81,47
1785616041.4,82,7
1785616041.8,82,19
1785616042.1,82,35
1785616042.1,82,46
1785616042.3,81,19
1785616042.3,82,17
1785616042.7,81,35
1785616042.8,81,38
1785616042.8,82,40
1785616043.2,82,2
1785616043.7,81,31
1785616043.9,81,42
1785616044.1,81,8
1785616044.1,81,40
1785616044.4,81,24
1785616044.6,81,7
1785616044.9,82,34
1785616045.7,81,34
1785616048.7,82,36
1785616049.3,81,36
1785616049.5,82,36
1785616049.7,81,36
1785616051.6,82,35
1785616052.5,81,35
1785616054.3,82,35
1785616055.3,81,35
1785616055.4,82,34
1785616056.4,81,34
1785616057.2,82,48
1785616058.1,81,33
1785616058.1,81,48
1785616058.4,81,46
1785616058.5,82,46
1785616058.7,82,34
1785616059.2,81,26
1785616059.7,81,34
1785616059.7,82,47
1785616060.6,81,46
1785616061.0,82,26
1785616061.1,81,47
1785616061.4,82,33
1785616061.8,81,17
1785616061.9,81,2
1785616062.0,82,36
1785616062.1,81,33
1785616062.5,81,36
1785616063.7,81,26
1785616064.1,82,35
1785616064.2,82,26
1785616064.3,82,33
1785616064.5,82,48
1785616064.6,81,35
1785616065.0,82,46
1785616065.2,81,33
1785616065.2,82,17
1785616065.8,81,48
1785616066.1,82,2
1785616066.4,81,26
1785616066.4,82,34
1785616067.0,81,34
1785616067.0,82,41
1785616067.4,81,46
1785616067.4,82,30
1785616067.5,82,47
1785616068.5,81,30
1785616068.9,81,2
1785616068.9,81,47
1785616069.1,82,3
1785616069.2,81,41
1785616069.8,81,17
1785616069.9,81,3
1785616070.1,82,33
1785616070.3,82,26
1785616070.5,82,42
1785616070.5,82,46
1785616070.9,81,33
1785616071.2,81,46
1785616071.5,81,42
1785616072.3,81,26
1785616072.3,82,31
1785616072.6,82,42
1785616072.8,82,46
1785616073.5,82,17
1785616073.8,82,47
1785616073.9,82,8
1785616074.5,82,2
1785616074.6,81,47
1785616074.9,82,47
1785616075.0,81,46
1785616075.5,81,47
1785616076.4,82,47
1785616077.1,81,2
1785616077.3,81,47
1785616077.9,81,17
1785616078.8,82,46
1785616078.9,82,47
1785616079.4,81,42
1785616079.4,82,17
1785616079.4,82,36
1785616079.8,81,47
1785616079.9,81,36
1785616079.9,82,2
1785616080.0,82,36
1785616080.1,82,48
1785616080.3,81,31
1785616080.8,81,48
1785616080.9,81,36
1785616081.0,82,47
1785616081.4,81,46
1785616081.5,81,8
1785616081.5,82,48
1785616081.7,82,35
1785616081.8,81,47
1785616082.0,82,46
1785616082.2,81,48
1785616082.7,81,2
1785616082.8,82,36
1785616083.0,81,35
1785616083.0,81,36
1785616083.2,82,47
1785616083.3,82,2
1785616083.9,81,47
1785616083.9,82,34
1785616084.3,81,46
1785616084.8,82,47
1785616084.8,82,48
1785616084.9,81,34
1785616085.0,82,46
1785616085.2,82,35
1785616085.4,82,30
1785616085.5,81,48
1785616085.7,81,35
1785616085.7,82,36
1785616085.7,82,41
1785616085.8,81,47
1785616086.1,81,36
1785616086.2,82,19
1785616086.2,82,47
1785616086.6,81,19
1785616087.1,81,47
1785616087.6,82,26
1785616087.6,82,33
1785616087.7,82,34
1785616087.8,81,30
1785616087.8,82,35
1785616087.9,82,47
1785616087.9,82,48
1785616088.0,82,3
1785616088.1,81,33
1785616088.1,81,34
1785616088.2,82,19
1785616088.4,81,35
1785616088.5,81,48
1785616088.8,81,47
1785616088.9,81,19
1785616089.3,81,3
1785616089.4,81,26
1785616089.8,82,19
1785616090.2,82,34
1785616090.3,81,19
1785616090.8,81,34
1785616091.0,82,47
1785616091.4,82,19
1785616091.4,82,26
1785616091.5,82,33
1785616091.7,81,47
1785616091.9,81,19
1785616092.1,81,33
1785616093.3,81,26
1785616093.8,82,33
1785616094.1,82,26
1785616094.5,81,33
1785616095.7,81,26
1785616097.2,81,46
1785616097.5,82,46
1785616099.5,81,46
1785616099.7,82,47
1785616100.2,81,47
1785616100.9,81,17
1785616101.2,81,2
1785616101.9,82,47
1785616102.3,81,47
1785616103.2,82,46
1785616103.7,82,17
1785616104.1,81,46
1785616104.1,82,19
1785616104.2,82,2
1785616104.3,82,47
1785616104.4,81,19
1785616104.4,82,48
1785616104.8,81,47
1785616105.0,81,48
1785616105.4,82,46
1785616105.5,81,17
1785616105.6,81,2
1785616105.9,82,17
1785616106.4,82,47
1785616106.5,82,19
1785616106.6,82,2
1785616106.8,81,46
1785616107.0,81,19
1785616107.2,81,47
1785616108.0,82,46
1785616108.4,81,2
1785616109.0,82,2
1785616109.3,81,46
1785616110.1,82,48
1785616110.2,82,46
1785616110.6,81,48
1785616110.9,81,2
1785616111.2,81,46
1785616111.3,82,2
1785616112.2,82,47
1785616112.4,81,2
1785616112.6,81,17
1785616112.7,81,47
1785616113.0,82,24
1785616113.1,82,38
1785616113.5,82,48
1785616113.6,81,48
1785616114.2,82,48
1785616114.8,81,48
1785616115.2,82,7
1785616115.3,82,46
1785616115.4,82,47
1785616116.0,81,47
1785616116.1,81,46
1785616116.1,82,17
1785616116.5,82,2
1785616117.0,82,47
1785616117.3,81,2
1785616117.4,81,17
1785616117.8,81,47
1785616120.1,82,19
1785616120.5,82,46
1785616120.8,81,19
1785616120.8,82,17
1785616121.9,82,2
1785616124.1,81,38
1785616124.1,82,40
1785616124.6,81,40
1785616124.9,81,39
1785616125.1,81,24
1785616125.1,82,39
1785616125.2,81,7
1785616125.7,82,43
1785616125.9,81,22
1785616126.3,82,22
1785616126.7,82,31
1785616127.0,82,8
1785616127.4,81,31
1785616127.4,82,29
1785616128.5,81,39
1785616129.7,81,22
1785616129.9,81,4
1785616130.8,82,48
1785616131.4,81,48
1785616132.0,82,36
1785616132.6,81,36
1785616133.9,82,47
1785616134.7,81,47
1785616134.7,82,36
1785616134.9,82,35
1785616134.9,82,47
1785616135.0,82,48
1785616135.4,81,36
1785616135.6,81,48
1785616135.6,82,39
1785616135.7,81,43
1785616135.9,81,47
1785616136.3,81,35
1785616136.6,82,22
1785616136.8,81,39
1785616137.2,82,4
1785616137.6,82,48
1785616137.7,82,35
1785616138.1,81,8
1785616138.3,81,4
1785616138.3,81,48
1785616138.3,82,47
1785616138.4,82,34
1785616138.4,82,43
1785616138.5,81,35
1785616138.7,81,22
1785616139.2,81,29
1785616139.2,82,19
1785616139.3,81,47
1785616139.4,81,34
1785616139.6,81,19
1785616139.6,82,8
1785616139.6,82,29
1785616139.9,81,8
1785616139.9,81,43
1785616140.2,82,31
1785616140.5,82,8
1785616140.6,81,31
1785616140.8,81,8
1785616141.0,82,43
1785616141.4,82,8
1785616141.5,82,47
1785616141.6,82,31
1785616141.7,82,34
1785616141.8,82,48
1785616142.0,81,31
1785616142.9,81,34
1785616143.1,81,47
1785616143.1,81,48
1785616143.2,82,31
1785616143.4,81,29
1785616143.4,81,31
1785616143.8,82,29
1785616143.8,82,31
1785616144.5,81,29
1785616144.5,81,31
1785616144.5,82,19
1785616145.0,81,8
1785616145.0,81,19
1785616145.1,81,43
1785616146.5,81,41
1785616147.4,82,26
1785616148.2,82,33
1785616149.6,82,47
1785616149.9,82,41
1785616150.1,81,41
1785616151.6,82,42
1785616153.3,82,48
1785616153.5,82,31
1785616154.2,81,48
1785616154.4,81,47
1785616154.9,82,8
1785616155.4,82,47
1785616156.0,81,33
1785616156.0,81,47
1785616158.7,82,47
1785616159.5,81,42
1785616160.7,81,31
1785616160.8,82,48
1785616161.0,81,8
1785616161.7,82,30
1785616162.2,81,47
1785616162.5,82,3
1785616163.8,81,30
1785616163.9,81,48
1785616165.0,81,3
1785616166.2,82,33
1785616171.4,82,30
1785616171.5,82,41
1785616173.4,81,30
1785616173.7,82,3
1785616174.9,81,3
1785616176.3,81,46
1785616176.9,82,46
1785616177.5,81,33
1785616178.3,82,33
1785616181.1,81,46
1785616181.3,81,33
1785616181.5,82,46
1785616181.7,81,2
1785616182.2,82,2
1785616182.5,81,26
1785616182.8,82,19
1785616183.2,81,19
1785616183.7,82,47
1785616184.4,81,47
1785616184.8,82,47
1785616185.0,81,46
1785616186.1,82,46
1785616186.5,81,2
1785616186.6,81,47
1785616187.2,82,2
1785616187.9,81,46
1785616189.1,81,17
1785616189.2,81,2
1785616190.8,82,47
1785616191.3,82,46
1785616191.8,82,17
1785616191.8,82,19
1785616192.1,81,47
1785616192.4,82,2
1785616192.5,81,19
1785616193.6,81,46
1785616193.7,82,47
1785616194.1,81,2
1785616194.3,82,46
1785616194.5,82,2
1785616194.6,82,30
1785616194.7,81,47
1785616194.8,81,2
1785616195.3,82,47
1785616195.4,82,2
1785616195.7,81,46
1785616196.3,81,47
1785616196.8,82,46
1785616197.0,81,2
1785616197.0,82,3
1785616197.7,82,2
1785616198.0,82,48
1785616198.1,81,46
1785616198.1,81,48
1785616199.2,82,46
1785616199.3,81,2
1785616199.3,82,47
1785616200.3,81,46
1785616200.3,82,2
1785616200.4,81,47
1785616200.7,82,46
1785616202.2,81,46
1785616202.2,82,48
1785616202.3,82,47
1785616203.4,81,47
1785616203.4,81,48
1785616203.8,81,17
1785616204.1,81,2
1785616204.5,82,47
1785616204.7,82,48
1785616205.0,82,46
1785616205.6,81,47
1785616205.6,82,17
1785616205.6,82,19
1785616205.7,81,48
1785616206.0,81,19
1785616206.2,82,2
1785616206.4,81,46
1785616206.5,82,48
1785616206.6,82,47
1785616207.4,81,17
1785616207.4,81,48
1785616207.6,81,2
1785616207.7,82,46
1785616207.8,81,47
1785616208.1,82,17
1785616208.9,82,2
1785616208.9,82,47
1785616209.2,81,46
1785616209.8,81,47
1785616209.8,82,48
1785616210.3,82,47
1785616210.4,82,46
1785616210.5,81,2
1785616210.6,81,17
1785616210.7,81,48
1785616211.0,82,17
1785616211.2,81,47
1785616211.5,82,2
1785616211.7,82,48
1785616212.0,81,46
1785616212.5,81,48
1785616212.5,82,46
1785616213.7,82,47
1785616214.1,81,46
1785616214.5,81,47
1785616214.6,82,46
1785616215.3,82,47
1785616215.5,81,2
1785616215.8,82,2
1785616215.9,82,48
1785616216.0,81,48
1785616216.2,81,47
1785616216.6,82,19
1785616217.0,81,19
1785616218.1,81,46
1785616218.6,82,47
1785616219.0,82,46
1785616219.4,81,47
1785616219.8,81,2
1785616220.1,82,2
1785616220.9,81,46
1785616221.0,82,46
1785616221.3,82,19
1785616222.0,81,19
1785616222.9,81,46
1785616224.1,82,46
1785616224.6,81,2
1785616224.8,82,48
1785616225.1,82,2
1785616225.4,81,48
1785616225.9,81,46
1785616226.7,82,36
1785616227.2,81,36
1785616227.4,81,17
1785616227.4,82,47
1785616227.6,81,2
1785616228.0,81,47
1785616228.8,82,35
1785616229.2,81,35
1785616230.4,82,36
1785616230.8,82,34
1785616231.2,81,34
1785616231.2,81,36
1785616231.8,82,46
1785616232.2,82,47
1785616232.3,82,35
1785616232.6,82,17
1785616232.8,81,47
1785616233.0,82,2
1785616233.0,82,36
1785616233.1,81,35
1785616233.4,81,36
1785616233.6,81,46
1785616234.0,82,26
1785616234.2,82,33
1785616234.3,82,34
1785616234.4,81,33
1785616235.0,81,17
1785616235.0,82,35
1785616235.2,81,34
1785616235.3,81,2
1785616235.5,81,35
1785616235.7,81,26
1785616236.2,82,36
1785616236.5,82,46
1785616236.7,81,36
1785616237.0,82,17
1785616237.3,82,34
1785616237.9,81,34
1785616237.9,82,2
1785616238.3,82,36
1785616238.7,82,35
1785616238.8,81,36
1785616238.8,82,33
1785616239.2,82,26
1785616239.3,81,35
1785616239.9,82,24
1785616240.9,82,36
1785616241.0,82,35
1785616241.5,81,36
1785616241.7,81,35
1785616241.8,82,38
1785616242.1,82,34
1785616242.7,82,36
1785616243.1,82,7
1785616243.2,81,34
1785616243.3,82,35
1785616243.4,81,36
1785616243.5,81,35
1785616243.8,81,41
1785616243.9,82,35
1785616244.8,81,35
1785616244.8,82,41
1785616245.0,82,34
1785616245.1,82,42
1785616245.2,81,38
1785616245.2,82,40
1785616245.7,81,40
1785616245.7,82,36
1785616246.1,81,34
1785616246.2,82,35
1785616246.3,81,36
1785616246.7,82,31
1785616246.8,82,34
1785616246.9,81,24
1785616246.9,81,30
1785616247.1,81,35
1785616247.4,81,7
1785616247.6,81,41
1785616247.8,82,30
1785616248.1,82,8
1785616248.1,82,38
1785616248.2,82,41
1785616248.4,81,3
1785616248.4,82,24
1785616248.7,81,34
1785616249.0,82,35
1785616249.4,82,34
1785616249.6,81,38
1785616249.6,82,3
1785616249.6,82,7
1785616249.6,82,40
1785616249.7,81,46
1785616250.0,82,36
1785616250.1,81,40
1785616250.1,82,38
1785616250.2,81,35
1785616250.6,81,36
1785616250.9,81,2
1785616250.9,81,17
1785616251.4,81,7
1785616251.4,81,30
1785616251.8,81,34
1785616251.8,82,7
1785616251.9,81,38
1785616251.9,81,41
1785616251.9,82,40
1785616252.3,81,40
1785616252.4,82,38
1785616252.9,81,3
1785616253.4,81,7
1785616253.5,82,36
1785616253.9,82,7
1785616254.0,82,35
1785616254.1,81,38
1785616254.2,82,40
1785616254.5,81,36
1785616254.5,81,40
1785616255.4,81,7
1785616255.4,82,34
1785616255.6,81,24
1785616256.1,81,35
1785616256.5,82,38
1785616257.0,82,24
1785616257.0,82,36
1785616258.1,81,36
1785616258.1,81,38
1785616258.1,82,7
1785616258.1,82,40
1785616258.4,81,40
1785616258.5,81,34
1785616259.5,81,24
1785616259.8,81,7
1785616260.2,82,35
1785616260.9,82,34
1785616261.3,82,36
1785616261.7,81,34
1785616262.7,82,34
1785616262.8,81,35
1785616262.9,81,36
1785616264.7,82,39
1785616265.4,82,22
1785616265.5,81,34
1785616266.3,82,4
1785616272.6,81,42
1785616273.6,82,42
1785616274.6,81,42
1785616276.0,81,31
1785616276.2,81,8
1785616281.4,82,38
1785616281.6,82,24
1785616283.3,82,7
1785616288.1,81,33
1785616288.5,82,33
1785616291.7,81,33
1785616292.6,82,33
1785616293.7,82,30
1785616293.8,82,41
1785616294.2,81,30
1785616294.5,81,33
1785616294.8,82,33
1785616295.0,81,41
1785616296.0,82,42
1785616296.5,81,33
1785616297.2,82,33
1785616297.4,82,30
1785616297.6,82,31
1785616297.7,82,41
1785616298.6,82,34
1785616298.9,81,33
1785616299.1,82,8
1785616299.4,82,3
1785616299.5,81,34
1785616299.8,81,30
1785616300.0,81,26
1785616300.4,82,26
1785616300.4,82,33
1785616300.7,81,41
1785616300.9,81,42
1785616301.0,81,3
1785616301.3,82,42
1785616301.9,82,34
1785616302.0,81,33
1785616302.3,82,33
1785616302.9,82,35
1785616303.1,81,34
1785616303.9,81,33
1785616304.5,82,34
1785616304.6,81,42
1785616304.9,82,33
1785616305.3,81,35
1785616305.5,81,34
1785616305.7,82,42
1785616306.6,81,33
1785616307.0,82,34
1785616307.7,82,35
1785616307.8,81,34
1785616307.8,82,33
1785616307.9,82,36
1785616308.5,81,36
1785616309.2,81,33
1785616309.5,82,34
1785616309.7,81,35
1785616309.9,82,33
1785616310.4,81,34
1785616310.8,81,33
1785616311.7,82,35
1785616312.0,82,33
1785616312.8,81,33
1785616312.8,81,35
1785616313.6,82,34
1785616313.8,81,26
1785616314.1,82,26
1785616314.4,81,34
1785616314.4,82,33
1785616315.0,81,33
1785616315.8,82,34
1785616316.1,81,26
1785616316.7,81,34
1785616318.3,82,33
1785616318.4,82,26
1785616319.3,81,33
1785616320.5,82,33
1785616321.5,81,33
1785616321.7,82,36
1785616322.2,81,36
1785616322.6,81,26
1785616323.9,82,35
1785616324.5,81,35
1785616326.2,82,34
1785616326.7,81,34
1785616328.6,82,19
1785616328.7,81,19
1785616329.6,82,46
1785616329.7,82,33
1785616329.8,82,26
1785616330.2,82,17
1785616330.3,81,33
1785616330.5,81,46
1785616330.7,82,2
1785616331.6,81,26
1785616331.7,81,17
1785616332.0,81,2
1785616332.4,82,47
1785616333.0,81,47
1785616333.7,82,30
1785616334.0,82,48
1785616334.3,81,48
1785616334.3,82,41
1785616334.6,82,48
1785616334.7,81,48
1785616334.9,82,19
1785616335.6,81,19
1785616335.6,82,3
1785616337.2,82,46
1785616337.4,82,47
1785616337.5,82,36
1785616337.6,82,17
1785616338.1,82,2
1785616338.4,81,47
1785616338.9,81,36
1785616339.6,81,46
1785616339.8,82,47
1785616340.0,82,35
1785616340.3,82,40
1785616340.7,82,48
1785616340.8,81,47
1785616341.0,81,40
1785616341.2,81,2
1785616341.4,81,17
1785616341.4,81,48
1785616341.8,81,35
1785616343.2,82,19
1785616343.2,82,34
1785616343.9,81,19
1785616344.2,81,34
1785616344.3,82,34
1785616344.3,82,40
1785616344.3,82,47
1785616345.0,81,34
1785616345.2,81,40
1785616345.3,82,36
1785616345.3,82,46
1785616345.4,81,47
1785616345.6,82,17
1785616345.9,81,36
1785616346.4,82,2
1785616347.4,81,38
1785616347.4,82,40
1785616347.6,82,47
1785616347.7,82,38
1785616347.8,82,35
1785616348.1,82,19
1785616348.2,81,40
1785616348.4,81,19
1785616348.5,81,35
1785616348.7,81,47
1785616349.1,81,7
1785616349.5,82,7
1785616350.3,81,39
1785616350.6,82,40
1785616350.9,82,34
1785616351.1,81,40
1785616351.3,82,26
1785616351.6,82,33
1785616351.8,81,34
1785616353.4,82,39
1785616354.0,81,38
1785616354.0,82,40
1785616354.1,82,38
1785616354.6,81,40
1785616354.7,82,47
1785616354.8,81,7
1785616354.9,81,31
1785616354.9,81,39
1785616355.8,81,8
1785616355.8,81,47
1785616356.0,82,7
1785616357.1,82,40
1785616357.7,82,48
1785616357.8,81,40
1785616358.6,81,48
1785616358.8,82,40
1785616359.3,81,40
1785616359.6,82,43
1785616359.7,82,19
1785616360.0,81,42
1785616360.5,81,38
1785616360.5,82,40
1785616360.6,82,8
1785616360.6,82,29
1785616360.7,81,19
1785616360.7,81,43
1785616361.0,81,40
1785616361.4,81,22
1785616361.7,81,24
1785616361.8,82,43
1785616361.9,81,7
1785616361.9,82,47
1785616362.8,81,43
1785616362.9,81,4
1785616364.2,81,8
1785616364.3,81,47
1785616364.5,82,43
1785616364.6,82,47
1785616364.7,81,43
1785616365.0,81,29
1785616367.0,81,47
1785616367.9,82,48
1785616368.0,82,47
1785616368.4,81,47
1785616368.5,81,48
1785616371.0,81,30
1785616371.9,81,41
1785616372.3,81,3
1785616373.3,82,42
1785616375.6,82,31
1785616377.2,82,8
1785616378.6,82,48
1785616383.7,81,48
1785616384.5,81,42
1785616385.7,81,31
1785616385.9,81,8
1785616399.3,81,46
1785616400.6,82,46
1785616400.8,81,26
1785616401.2,81,33
1785616401.7,82,26
1785616402.6,82,33
1785616402.7,81,33
1785616402.7,81,46
1785616403.0,82,46
1785616403.2,82,33
1785616404.3,81,33
1785616404.6,82,33
1785616404.7,81,33
1785616405.4,81,46
1785616405.6,82,46
1785616405.7,82,19
1785616405.9,82,33
1785616406.0,82,47
1785616406.4,81,19
1785616407.5,81,33
1785616407.8,81,46
1785616408.3,81,47
1785616408.9,82,46
1785616409.5,81,2
1785616409.9,82,2
1785616410.0,81,26
1785616410.1,82,47
1785616410.9,82,19
1785616411.1,81,46
1785616411.2,81,19
1785616411.3,82,46
1785616412.3,81,47
1785616412.9,82,19
1785616413.0,82,40
1785616413.3,81,19
1785616413.3,81,40
1785616413.3,82,47
1785616413.8,82,24
1785616414.1,82,7
1785616414.3,81,7
1785616414.3,81,46
1785616414.4,81,24
1785616415.2,81,47
1785616415.5,82,46
1785616416.0,81,2
1785616416.5,82,2
1785616417.2,82,43
1785616418.0,82,8
1785616418.7,82,29
1785616419.2,81,46
1785616419.6,82,46
1785616420.4,82,38
1785616420.7,82,48
1785616420.8,82,24
1785616420.8,82,47
1785616421.8,81,46
1785616421.8,81,47
1785616422.1,82,36
1785616422.2,82,46
1785616422.4,82,39
1785616422.6,81,36
1785616422.6,82,7
1785616422.8,81,43
1785616423.4,82,22
1785616423.4,82,43
1785616423.5,81,48
1785616424.2,82,4
1785616424.3,82,36
1785616424.4,81,46
1785616424.4,82,35
1785616424.4,82,48
1785616424.5,82,46
1785616424.7,81,36
1785616424.8,81,35
1785616424.9,82,47
1785616425.4,81,47
1785616426.5,82,34
1785616426.6,81,46
1785616426.6,82,35
1785616427.0,81,34
1785616427.1,81,48
1785616427.2,81,35
1785616427.3,82,46
1785616427.7,82,47
1785616428.1,81,2
1785616428.4,82,2
1785616428.7,81,47
1785616429.0,82,34
1785616429.4,81,46
1785616429.6,81,34
1785616430.0,82,33
1785616430.1,82,26
1785616430.1,82,47
1785616430.2,82,46
1785616430.2,82,48
1785616430.3,82,36
1785616430.4,81,43
1785616430.7,81,33
1785616430.8,81,36
1785616431.0,81,2
1785616431.3,82,19
1785616431.4,82,2
1785616431.5,81,19
1785616431.6,81,48
1785616431.9,81,26
1785616431.9,81,47
1785616432.2,81,46
1785616432.6,82,26
1785616432.6,82,35
1785616432.7,81,8
1785616432.9,82,48
1785616433.1,81,35
1785616433.1,82,33
1785616433.1,82,47
1785616433.2,81,33
1785616433.4,82,43
1785616433.7,81,29
1785616433.8,82,46
1785616433.9,82,35
1785616434.0,81,2
1785616434.0,81,43
1785616434.1,81,48
1785616434.2,81,47
1785616434.4,81,35
1785616434.6,81,26
1785616434.9,82,34
1785616435.0,82,2
1785616435.3,82,47
1785616435.3,82,48
1785616435.4,81,34
1785616435.8,81,46
1785616436.2,81,48
1785616436.4,81,47
1785616436.4,82,34
1785616436.5,82,46
1785616437.0,81,34
1785616437.3,81,2
1785616437.4,82,47
1785616437.6,82,2
1785616438.0,82,34
1785616438.5,81,47
1785616438.7,81,34
1785616438.7,82,26
1785616439.0,81,46
1785616439.0,82,42
1785616439.2,81,42
1785616439.2,82,43
1785616439.5,82,19
1785616439.6,82,47
1785616439.9,82,8
1785616440.0,81,19
1785616440.3,82,29
1785616440.7,81,47
1785616440.8,82,33
1785616441.2,81,33
1785616441.2,82,46
1785616443.1,82,33
1785616443.2,82,36
1785616443.4,81,33
1785616444.0,81,22
1785616444.0,81,36
1785616444.1,81,38
1785616444.2,82,38
1785616444.7,81,26
1785616445.3,82,35
1785616445.7,81,4
1785616445.7,81,8
1785616446.0,81,35
1785616446.8,81,29
1785616447.1,81,43
1785616447.4,81,46
1785616447.5,82,34
1785616447.5,82,46
1785616447.9,81,34
1785616449.3,82,43
1785616449.5,82,8
1785616449.6,81,46
1785616449.9,82,29
1785616450.3,82,46
1785616450.8,81,2
1785616450.8,81,43
1785616451.0,82,26
1785616451.2,82,33
1785616451.3,82,2
1785616451.7,81,33
1785616451.9,82,43
1785616452.0,81,43
1785616452.0,81,46
1785616452.3,82,43
1785616452.7,81,26
1785616453.0,82,46
1785616453.4,81,2
1785616453.6,81,8
1785616454.1,82,2
1785616454.9,82,31
1785616455.0,82,36
1785616455.1,81,31
1785616455.3,81,46
1785616455.8,81,36
1785616455.9,82,31
1785616456.6,82,8
1785616456.7,81,17
1785616457.0,81,2
1785616457.0,82,35
1785616457.6,82,36
1785616457.8,82,3
1785616457.9,81,31
1785616457.9,81,35
1785616458.0,81,3
1785616458.0,81,36
1785616458.3,82,31
1785616458.5,82,42
1785616458.6,81,8
1785616459.2,82,34
1785616459.6,82,35
1785616460.0,81,34
1785616460.2,82,8
1785616460.3,81,31
1785616460.5,81,35
1785616461.5,81,42
1785616461.7,82,34
1785616461.9,82,35
1785616462.3,81,35
1785616462.5,82,33
1785616462.6,81,34
1785616462.8,82,26
1785616463.3,81,33
1785616463.3,82,36
1785616463.8,81,36
1785616464.0,82,34
1785616464.3,82,48
1785616464.6,81,26
1785616464.7,81,48
1785616465.1,81,34
1785616465.3,82,26
1785616465.3,82,33
1785616465.3,82,35
1785616465.6,81,33
1785616465.8,81,35
1785616466.0,81,8
1785616466.0,82,48
1785616466.4,82,47
1785616466.5,81,48
1785616466.7,81,43
1785616466.8,82,8
1785616467.0,81,29
1785616467.0,81,47
1785616467.1,81,8
1785616467.1,81,26
1785616467.3,82,34
1785616467.4,82,33
1785616467.5,82,26
1785616467.5,82,42
1785616467.8,81,42
1785616467.9,81,34
1785616468.2,81,33
1785616468.2,82,47
1785616468.3,82,36
1785616468.7,81,47
1785616468.8,81,36
1785616468.9,82,19
1785616469.2,82,48
1785616469.3,81,19
1785616469.7,81,48
1785616469.8,81,26
1785616469.8,82,46
1785616470.2,82,30
1785616470.3,82,17
1785616470.5,82,35
1785616470.6,82,3
1785616470.6,82,33
1785616470.7,81,46
1785616470.8,81,3
1785616471.0,81,35
1785616471.0,82,2
1785616471.0,82,26
1785616471.1,81,30
1785616471.3,81,33
1785616471.3,82,36
1785616471.3,82,47
1785616471.4,82,46
1785616471.9,81,47
1785616472.1,81,36
1785616472.3,81,2
1785616472.4,81,26
1785616472.5,81,46
1785616472.7,82,34
1785616472.8,82,2
1785616473.2,81,34
1785616473.4,82,30
1785616473.5,82,35
1785616473.8,82,3
1785616473.9,81,2
1785616473.9,81,17
1785616474.4,81,35
1785616475.0,81,30
1785616475.0,82,36
1785616475.3,82,35
1785616475.5,81,3
1785616475.5,81,36
1785616475.5,82,46
1785616475.8,81,35
1785616476.0,82,34
1785616476.1,82,17
1785616476.2,82,33
1785616476.3,82,26
1785616476.5,82,2
1785616476.6,81,33
1785616476.6,81,34
1785616476.9,82,36
1785616477.1,81,46
1785616477.1,82,35
1785616477.4,81,36
1785616477.5,81,35
1785616477.6,82,34
1785616477.7,81,26
1785616478.2,81,34
1785616478.2,82,36
1785616478.8,81,2
1785616478.8,81,17
1785616479.0,82,35
1785616479.1,81,36
1785616479.2,82,34
1785616479.4,82,26
1785616479.4,82,33
1785616479.5,81,35
1785616479.6,81,34
1785616479.8,81,33
1785616480.4,82,35
1785616481.1,82,34
1785616481.2,81,35
1785616481.2,82,33
1785616481.6,81,33
1785616481.6,81,34
1785616482.4,82,34
1785616482.9,82,33
1785616483.1,81,33
1785616483.2,81,34
1785616484.1,82,47
1785616484.6,81,47
1785616484.7,82,33
1785616484.8,81,33
1785616485.7,82,33
1785616486.5,81,33
1785616487.0,82,48
1785616487.2,81,48
1785616487.3,82,46
1785616487.7,81,26
1785616487.9,82,17
1785616488.1,81,46
1785616488.5,82,2
1785616489.6,81,2
1785616489.7,81,17
1785616491.4,82,47
1785616491.9,81,47
1785616495.2,82,46
1785616495.7,82,17
1785616496.4,82,2
1785616498.3,82,36
1785616498.8,81,36
1785616500.5,82,35
1785616501.1,81,35
1785616502.0,82,40
1785616502.6,81,40
1785616502.7,81,39
1785616502.8,82,48
1785616502.9,81,24
1785616502.9,82,34
1785616503.3,81,7
1785616503.4,81,48
1785616503.4,82,30
1785616503.6,81,34
1785616504.3,82,41
1785616504.6,82,36
1785616505.1,81,36
1785616505.1,82,3
1785616505.7,81,38
1785616505.7,82,47
1785616505.7,82,48
1785616506.3,81,48
1785616506.6,81,47
1785616507.2,82,35
1785616507.4,82,48
1785616507.7,81,35
1785616508.0,81,48
1785616508.8,82,47
1785616509.3,82,19
1785616509.3,82,26
1785616509.6,81,19
1785616509.8,82,33
1785616509.9,81,47
1785616510.2,82,34
1785616510.7,82,48
1785616511.1,82,47
1785616511.3,81,34
1785616511.4,81,48
1785616512.3,81,47
1785616513.1,82,19
1785616513.9,81,19
1785616514.9,82,47
1785616516.3,81,30
1785616516.5,81,47
1785616516.7,81,41
1785616517.0,82,30
1785616517.3,82,41
1785616517.6,81,3
1785616517.7,82,42
1785616519.0,81,41
1785616519.0,82,3
1785616519.3,82,31
1785616519.5,81,30
1785616519.9,82,30
1785616519.9,82,41
1785616520.7,81,3
1785616520.7,82,8
1785616521.3,82,3
1785616523.0,81,30
1785616523.4,81,3
1785616523.4,81,41
1785616523.5,82,48
1785616524.4,81,48
1785616524.4,82,38
1785616524.5,82,24
1785616525.2,82,47
1785616526.4,82,7
1785616527.1,81,47
1785616528.4,82,47
1785616529.5,81,47
1785616531.0,82,48
1785616531.2,81,48
1785616531.3,82,48
1785616531.5,81,48
1785616532.1,82,40
1785616532.7,82,48
1785616533.0,81,7
1785616533.4,82,7
1785616533.5,81,42
1785616533.6,81,31
1785616533.6,81,40
1785616533.8,81,8
1785616534.1,81,48
1785616536.4,82,40
1785616537.3,81,40
1785616537.7,82,48
1785616539.1,81,38
1785616539.1,82,40
1785616539.4,81,48
1785616539.8,81,40
1785616540.5,81,24
1785616540.7,81,7
1785616541.0,82,36
1785616541.5,81,36
1785616542.4,82,48
1785616543.4,82,35
1785616544.0,81,35
1785616544.8,82,36
1785616545.5,81,36
1785616545.6,81,48
1785616546.3,81,46
1785616546.4,82,38
1785616546.5,82,34
1785616546.7,82,24
1785616547.0,82,45
1785616547.2,81,34
1785616547.7,81,45
1785616547.7,82,43
1785616548.3,82,7
1785616548.4,82,35
1785616548.8,82,46
1785616548.9,82,29
1785616549.0,82,8
1785616549.1,82,36
1785616549.4,81,35
1785616549.5,81,33
1785616549.7,81,36
1785616550.8,81,26
1785616550.8,82,47
1785616551.2,82,33
1785616551.5,82,26
1785616552.0,82,35
1785616552.1,81,47
1785616552.3,82,34
1785616552.7,81,33
1785616552.7,81,35
1785616552.7,82,36
1785616553.1,81,34
1785616553.3,81,36
1785616553.9,81,26
1785616554.3,81,8
1785616554.3,82,47
1785616554.6,82,19
1785616555.1,82,34
1785616555.3,81,29
1785616555.6,81,19
1785616555.6,82,35
1785616555.7,81,43
1785616555.8,81,34
1785616556.2,81,35
1785616556.9,82,26
1785616556.9,82,33
1785616557.5,81,46
1785616557.5,82,36
1785616557.6,81,33
1785616558.0,81,36
1785616558.2,82,46
1785616558.6,82,34
1785616558.9,81,26
1785616559.1,82,36
1785616559.3,81,34
1785616559.3,81,47
1785616559.6,82,19
1785616559.6,82,26
1785616559.7,81,36
1785616559.9,82,33
1785616559.9,82,35
1785616560.1,81,46
1785616560.3,81,19
1785616560.4,81,33
1785616560.4,82,46
1785616560.5,81,35
1785616561.5,82,35
1785616561.5,82,47
1785616561.6,81,26
1785616561.8,82,36
1785616561.8,82,48
1785616562.0,81,35
1785616562.0,81,48
1785616562.3,81,46
1785616562.4,81,36
1785616562.4,82,34
1785616563.0,81,34
1785616563.2,81,47
1785616563.2,82,19
1785616563.2,82,26
1785616563.4,82,33
1785616563.7,81,17
1785616563.7,81,19
1785616563.8,81,2
1785616563.8,82,46
1785616563.9,81,33
1785616564.1,82,17
1785616564.1,82,34
1785616564.1,82,47
1785616564.2,82,35
1785616564.7,81,34
1785616564.7,81,35
1785616564.9,82,2
1785616565.2,81,26
1785616565.5,81,47
1785616565.9,81,46
1785616566.3,82,19
1785616566.5,82,34
1785616566.9,82,26
1785616566.9,82,46
1785616567.0,81,19
1785616567.0,82,33
1785616567.1,81,34
1785616567.7,81,2
1785616567.7,82,47
1785616568.0,82,2
1785616568.3,81,33
1785616568.5,82,33
1785616568.7,81,46
1785616569.0,81,47
1785616569.5,81,33
1785616570.1,81,17
1785616570.2,81,2
1785616570.2,82,46
1785616570.3,82,17
1785616570.3,82,47
1785616571.1,82,33
1785616571.3,81,33
1785616571.3,82,48
1785616571.7,81,47
1785616571.7,82,19
1785616571.9,82,2
1785616572.4,81,48
1785616572.5,81,19
1785616572.7,81,26
1785616574.3,81,46
1785616574.6,82,48
1785616575.1,82,46
1785616575.2,81,48
1785616575.3,82,47
1785616575.8,81,2
1785616576.0,81,47
1785616576.3,82,2
1785616576.9,81,46
1785616577.1,82,47
1785616577.6,82,46
1785616578.1,81,2
1785616578.3,81,47
1785616578.6,82,19
1785616578.8,82,2
1785616579.3,81,19
1785616579.4,82,47
1785616579.7,81,46
1785616580.7,81,47
1785616580.8,81,2
1785616580.9,81,17
1785616581.5,82,46
1785616581.5,82,47
1785616582.0,82,17
1785616582.5,81,47
1785616582.7,82,2
1785616583.2,81,46
1785616583.3,82,19
1785616584.1,81,19
1785616584.4,81,17
1785616584.4,82,46
1785616584.7,82,17
1785616584.8,81,2
1785616585.1,82,19
1785616585.5,82,2
1785616585.9,81,19
1785616586.5,82,42
1785616586.7,82,47
1785616586.8,81,42
1785616586.8,82,43
1785616587.1,81,47
1785616587.2,82,8
1785616587.7,82,29
1785616588.2,81,43
1785616588.8,82,48
1785616589.4,82,43
1785616589.5,81,48
1785616590.4,81,46
1785616590.6,82,3
1785616591.2,82,46
1785616591.3,82,47
1785616591.4,82,41
1785616591.8,81,47
1785616592.0,81,2
1785616592.2,82,2
1785616592.2,82,30
1785616592.4,81,43
1785616592.7,81,46
1785616592.9,81,8
1785616593.7,82,43
1785616593.9,81,17
1785616594.2,81,2
1785616594.2,81,29
1785616594.3,81,43
1785616595.4,82,46
1785616596.1,82,17
1785616596.6,82,2
1785616597.3,81,46
1785616599.0,81,17
1785616599.3,81,2
1785616608.0,82,48
1785616608.3,82,47
1785616608.5,81,48
1785616608.9,81,47
1785616610.3,82,47
1785616610.4,82,48
1785616610.9,81,47
1785616611.2,81,48
1785616612.7,82,46
1785616612.9,82,47
1785616613.3,82,17
1785616613.4,82,40
1785616613.7,81,47
1785616613.8,82,8
1785616614.0,81,40
1785616614.1,82,2
1785616614.9,82,48
1785616615.1,81,48
1785616616.0,82,40
1785616616.6,81,40
1785616616.8,82,47
1785616617.1,81,8
1785616617.6,81,47
1785616617.9,82,8
1785616618.4,81,38
1785616618.4,82,40
1785616618.6,81,8
1785616618.7,81,3
1785616619.0,81,40
1785616619.3,82,3
1785616619.3,82,42
1785616619.4,81,24
1785616619.8,81,7
1785616620.4,82,19
1785616620.5,82,47
1785616620.7,81,19
1785616621.4,81,30
1785616621.4,82,31
1785616621.6,81,47
1785616622.4,82,8
1785616622.5,81,3
1785616622.9,81,41
1785616623.3,82,38
1785616623.9,82,24
1785616624.7,82,19
1785616624.8,81,38
1785616624.8,82,7
1785616624.8,82,40
1785616625.2,81,40
1785616625.4,81,19
1785616625.6,82,38
1785616626.2,81,7
1785616626.7,82,47
1785616627.3,82,7
1785616627.6,81,47
1785616631.0,82,30
1785616631.4,82,41
1785616631.5,82,29
1785616632.3,82,19
1785616632.7,81,29
1785616632.7,82,3
1785616633.4,81,41
1785616633.5,82,29
1785616633.8,81,30
1785616634.4,81,8
1785616634.6,82,8
1785616634.9,81,3
1785616634.9,81,42
1785616635.1,81,8
1785616635.1,81,29
1785616635.1,81,31
1785616635.5,82,31
1785616635.7,82,8
1785616637.1,82,42
1785616638.6,81,42
1785616638.6,82,4
1785616639.1,81,4
1785616639.4,82,4
1785616639.8,81,4
1785616639.9,82,42
1785616640.3,82,48
1785616640.4,81,42
1785616640.9,81,2
1785616641.0,81,48
1785616641.2,81,19
1785616641.9,81,31
1785616641.9,82,19
1785616642.0,82,2
1785616642.1,81,8
1785616643.3,82,40
1785616644.0,81,40
1785616645.0,82,48
1785616645.4,82,47
1785616645.7,81,47
1785616645.8,81,48
1785616647.2,82,48
1785616648.1,81,48
1785616649.3,82,48
1785616649.4,81,7
1785616649.4,81,48
1785616649.9,82,7
1785616650.1,81,24
1785616650.1,81,38
1785616650.1,82,40
1785616650.1,82,47
1785616650.2,81,40
1785616650.4,81,7
1785616652.6,82,36
1785616653.0,81,36
1785616653.4,81,19
1785616653.7,81,2
1785616654.1,82,19
1785616654.7,82,2
1785616654.8,82,35
1785616655.3,81,35
1785616655.7,81,47
1785616656.2,81,46
1785616656.4,82,47
1785616656.4,82,48
1785616656.6,82,46
1785616657.2,82,34
1785616657.3,81,48
1785616657.7,81,34
1785616657.8,82,48
1785616658.2,81,47
1785616658.3,81,19
1785616659.0,81,46
1785616659.1,81,48
1785616660.0,82,46
1785616660.3,81,2
1785616660.8,82,2
1785616661.1,82,26
1785616661.1,82,33
1785616661.1,82,47
1785616661.7,81,33
1785616661.9,82,48
1785616662.1,82,19
1785616662.2,81,46
1785616663.0,81,26
1785616663.3,81,17
1785616663.6,82,46
1785616663.7,81,19
1785616663.7,81,48
1785616663.7,82,17
1785616663.8,81,2
1785616664.6,82,2
1785616665.6,81,46
1785616666.4,82,46
1785616666.9,82,43
1785616667.1,81,2
1785616667.4,81,47
1785616667.5,82,45
1785616667.6,82,2
1785616667.7,82,8
1785616667.7,82,19
1785616668.0,81,45
1785616668.0,82,29
1785616668.3,81,46
1785616668.5,82,47
1785616668.6,81,19
1785616668.7,82,46
1785616668.8,82,42
1785616669.1,81,42
1785616669.3,81,43
1785616670.3,82,43
1785616670.7,81,46
1785616671.7,81,43
1785616672.1,82,46
1785616672.2,81,2
1785616672.2,81,17
1785616672.5,81,47
1785616672.5,82,17
1785616673.0,82,2
1785616673.4,82,47
1785616673.8,81,8
1785616673.8,82,19
1785616673.9,81,46
1785616674.0,82,43
1785616674.6,81,19
1785616674.6,81,29
1785616674.8,82,46
1785616675.1,81,2
1785616675.2,81,47
1785616675.2,82,19
1785616675.5,82,8
1785616675.6,82,2
1785616676.0,81,19
1785616676.0,82,29
1785616676.6,81,46
1785616676.8,81,43
1785616677.7,82,46
1785616677.9,82,43
1785616678.0,81,43
1785616678.3,81,2
1785616678.7,82,2
1785616679.1,82,43
1785616680.6,81,43
1785616681.2,81,46
1785616681.9,82,46
1785616682.4,81,2
1785616682.6,82,31
1785616683.1,82,2
1785616683.2,82,43
1785616683.3,81,8
1785616683.4,81,31
1785616683.8,82,31
1785616683.8,82,42
1785616684.0,81,46
1785616684.5,81,29
1785616684.5,81,31
1785616684.5,81,42
1785616684.8,82,8
1785616685.3,81,17
1785616685.3,82,29
1785616685.4,81,2
1785616689.6,82,48
1785616690.1,81,48
1785616691.6,81,8
1785616691.9,82,47
1785616692.5,81,47
1785616692.9,81,43
1785616693.1,81,29
1785616695.2,82,46
1785616695.7,82,17
1785616696.1,81,46
1785616696.6,82,2
1785616697.5,81,17
1785616697.6,81,2
1785616702.0,82,38
1785616702.4,82,24
1785616703.8,82,7
1785616714.4,82,40
1785616714.6,81,40
1785616716.5,81,38
1785616716.5,82,40
1785616717.1,81,40
1785616717.6,81,24
1785616718.1,81,7
1785616718.7,82,30
1785616720.3,82,41
1785616720.6,82,2
1785616720.6,82,3
1785616720.9,81,2
1785616724.3,81,30
1785616725.1,81,41
1785616725.8,81,3
1785616726.3,82,42
1785616728.3,82,31
1785616729.8,82,8
1785616732.9,82,48
1785616733.5,81,48
1785616735.2,82,47
1785616735.8,81,47
1785616736.7,81,42
1785616737.9,81,31
1785616738.4,81,8
1785616738.4,82,48
1785616739.0,81,48
1785616739.6,82,48
1785616739.8,82,47
1785616740.1,82,46
1785616740.2,81,48
1785616740.4,81,47
1785616740.7,82,17
1785616741.2,82,2
1785616741.3,82,47
1785616741.5,82,48
1785616741.8,81,48
1785616742.1,81,47
1785616742.8,82,19
1785616743.2,81,19
1785616743.2,82,38
1785616743.6,82,24
1785616744.5,82,19
1785616744.5,82,47
1785616744.9,82,7
1785616745.1,81,19
1785616745.1,81,38
1785616745.1,82,40
1785616745.5,81,47
1785616745.6,81,40
1785616746.6,81,7
1785616746.6,81,24
1785616747.3,82,19
1785616747.3,82,48
1785616747.6,81,19
1785616747.6,82,38
1785616747.9,81,48
1785616747.9,82,24
1785616749.0,82,48
1785616749.5,82,7
1785616749.7,81,48
1785616751.1,82,47
1785616752.5,81,47
1785616753.8,82,36
1785616755.0,81,46
1785616755.3,81,36
1785616756.2,81,17
1785616756.3,81,2
1785616756.4,82,46
1785616756.5,82,17
1785616757.0,82,35
1785616757.1,82,2
1785616758.1,81,46
1785616758.4,81,35
1785616758.4,82,46
1785616759.2,82,19
1785616759.9,81,19
1785616760.1,82,34
1785616760.4,81,46
1785616760.5,82,35
1785616760.6,82,46
1785616761.6,81,34
1785616761.6,81,35
1785616762.1,81,46
1785616762.2,82,19
1785616762.5,81,19
1785616763.2,81,17
1785616763.5,81,2
1785616763.7,82,46
1785616763.9,82,34
1785616764.3,82,17
1785616764.8,81,34
1785616764.9,82,2
1785616765.7,82,33
1785616765.8,82,26
1785616766.9,81,46
1785616768.2,81,17
1785616768.4,81,2
1785616769.0,81,33
1785616770.0,82,36
1785616770.3,82,33
1785616770.6,81,36
1785616770.7,82,43
1785616771.2,82,48
1785616771.6,81,48
1785616772.4,81,43
1785616772.7,82,35
1785616773.4,82,47
1785616773.7,81,33
1785616773.7,82,29
1785616773.7,82,45
1785616773.8,82,43
1785616773.9,81,35
1785616773.9,81,47
1785616774.0,82,8
1785616774.0,82,47
1785616774.2,81,8
1785616774.4,81,47
1785616774.9,81,45
1785616775.6,81,43
1785616775.6,82,34
1785616775.8,81,26
1785616775.8,82,43
1785616775.9,81,43
1785616775.9,82,31
1785616776.0,82,43
1785616776.2,82,8
1785616776.3,81,31
1785616776.4,82,46
1785616777.0,82,17
1785616777.2,81,34
1785616777.3,82,31
1785616777.5,82,2
1785616777.6,81,46
1785616777.9,81,43
1785616778.5,81,2
1785616778.6,81,17
1785616778.9,82,26
1785616779.1,82,43
1785616779.3,81,26
1785616779.6,81,31
1785616779.9,82,31
1785616780.9,82,45
1785616781.9,82,33
1785616782.0,82,26
1785616782.2,81,31
1785616784.3,82,31
1785616785.0,81,31
1785616785.7,82,31
1785616786.0,81,31
1785616786.1,81,45
1785616786.4,82,45
1785616786.5,81,33
1785616786.8,82,31
1785616787.3,81,26
1785616787.3,81,31
1785616787.4,81,45
1785616787.9,81,29
1785616787.9,82,31
1785616788.0,82,45
1785616788.2,81,31
1785616788.8,82,29
1785616788.8,82,31
1785616790.1,81,31
1785616792.2,82,42
1785616792.7,82,31
1785616793.0,81,31
1785616795.0,82,31
1785616795.3,81,42
1785616795.7,81,31
1785616796.6,82,48
1785616796.7,82,31
1785616797.1,81,48
1785616797.2,81,43
1785616797.5,81,31
1785616797.8,82,31
1785616798.5,82,43
1785616798.8,82,47
1785616799.1,81,43
1785616799.3,81,8
1785616799.3,81,47
1785616800.8,81,29
1785616800.8,81,31
1785616801.0,82,43
1785616801.1,82,29
1785616801.1,82,31
1785616801.3,82,40
1785616801.8,81,40
1785616802.8,81,29
1785616802.8,81,31
1785616802.8,82,46
1785616803.5,82,17
1785616803.5,82,28
1785616803.8,82,40
1785616804.1,82,2
1785616804.2,81,40
1785616804.3,81,28
1785616804.9,81,7
1785616804.9,81,43
1785616805.3,82,7
1785616805.6,82,47
1785616806.3,81,47
1785616806.8,82,40
1785616807.3,82,47
1785616807.5,81,40
1785616808.1,81,47
1785616809.0,81,38
1785616809.0,82,19
1785616809.0,82,40
1785616809.1,82,48
1785616809.3,82,47
1785616809.4,81,19
1785616809.4,81,46
1785616809.6,81,2
1785616809.7,81,17
1785616809.7,81,40
1785616809.7,81,48
1785616810.1,81,47
1785616810.4,81,24
1785616810.5,81,7
1785616810.7,82,19
1785616811.5,81,19
1785616812.1,82,47
1785616813.0,81,47
1785616813.2,82,19
1785616813.6,81,19
1785616813.8,82,46
1785616814.0,82,17
1785616814.6,82,2
1785616814.6,82,47
1785616815.0,82,48
1785616815.1,81,47
1785616815.6,81,48
1785616816.9,82,48
1785616817.0,81,48
1785616817.3,82,48
1785616817.5,81,48
1785616818.6,82,19
1785616819.6,81,19
1785616820.4,82,47
1785616821.2,82,38
1785616821.3,82,24
1785616821.8,81,47
1785616821.8,82,48
1785616822.8,81,48
1785616823.0,82,19
1785616823.3,82,7
1785616824.6,82,48
1785616824.7,81,38
1785616824.7,82,40
1785616825.2,81,40
1785616825.7,81,24
1785616825.7,81,48
1785616826.1,81,7
1785616826.8,82,47
1785616829.3,82,3
1785616830.3,81,3
1785616831.2,81,47
1785616833.7,82,48
1785616834.7,81,48
1785616840.0,82,48
1785616841.9,81,19
1785616844.6,81,48
1785616844.8,82,24
1785616844.8,82,38
1785616845.3,81,46
1785616845.6,82,48
1785616845.8,82,47
1785616845.9,81,48
1785616846.0,82,46
1785616846.2,82,48
1785616846.5,81,2
1785616846.8,82,2
1785616846.8,82,7
1785616847.7,81,46
1785616848.0,81,47
1785616848.1,81,48
1785616848.1,82,46
1785616848.6,82,36
1785616849.0,82,48
1785616849.2,81,36
1785616849.2,81,48
1785616849.4,82,48
1785616849.6,81,48
1785616849.7,82,47
1785616851.3,82,35
1785616851.4,81,47
1785616851.9,81,35
1785616852.1,81,46
1785616852.1,82,48
1785616852.6,82,36
1785616852.6,82,46
1785616853.0,82,35
1785616853.2,81,36
1785616853.2,81,48
1785616853.6,81,35
1785616854.1,82,34
1785616854.1,82,36
1785616854.4,82,47
1785616854.8,81,34
1785616854.8,81,36
1785616855.3,82,35
1785616855.7,82,34
1785616855.9,81,35
1785616856.3,81,47
1785616856.4,81,34
1785616856.6,82,36
1785616856.7,81,46
1785616856.9,82,35
1785616857.2,82,46
1785616857.3,82,47
1785616857.6,81,35
1785616857.9,81,36
1785616858.2,82,34
1785616858.3,81,47
1785616858.3,82,26
1785616858.5,82,33
1785616858.5,82,36
1785616858.7,81,36
1785616859.0,81,34
1785616859.2,81,33
1785616859.5,82,35
1785616859.6,81,46
1785616860.2,82,34
1785616860.5,82,33
1785616860.6,82,36
1785616861.0,81,34
1785616861.0,81,35
1785616861.2,81,36
1785616861.3,82,48
1785616861.8,81,2
1785616862.0,81,48
1785616862.2,82,46
1785616862.3,82,2
1785616862.3,82,35
1785616862.4,81,35
1785616862.7,82,48
1785616863.1,81,2
1785616863.1,82,34
1785616863.2,82,36
1785616863.5,81,48
1785616863.5,82,35
1785616863.7,82,2
1785616863.8,81,36
1785616864.2,82,42
1785616864.4,81,35
1785616864.4,81,42
1785616864.4,82,43
1785616864.6,82,47
1785616864.6,82,48
1785616864.7,81,46
1785616865.0,81,34
1785616865.1,82,8
1785616865.2,82,29
1785616865.2,82,46
1785616865.3,81,48
1785616865.5,81,43
1785616865.7,81,47
1785616865.7,82,34
1785616865.9,82,35
1785616866.0,81,2
1785616866.0,82,48
1785616866.2,82,47
1785616866.3,82,2
1785616866.5,82,43
1785616866.8,81,48
1785616867.0,81,34
1785616867.0,81,35
1785616867.2,81,47
1785616867.8,81,46
1785616868.1,82,47
1785616868.4,82,34
1785616868.4,82,35
1785616869.0,81,47
1785616869.1,81,35
1785616869.2,81,17
1785616869.2,82,19
1785616869.2,82,36
1785616869.4,81,2
1785616869.6,82,47
1785616869.8,81,34
1785616869.9,81,36
1785616870.0,81,19
1785616870.0,82,46
1785616870.1,81,43
1785616870.3,82,17
1785616870.5,81,47
1785616870.6,81,8
1785616871.1,82,2
1785616871.1,82,43
1785616871.2,82,19
1785616871.5,81,46
1785616871.6,82,48
1785616871.7,82,42
1785616871.8,81,19
1785616871.8,81,29
1785616871.8,81,43
1785616871.8,82,34
1785616871.9,82,46
1785616872.1,81,42
1785616872.1,82,43
1785616872.3,81,48
1785616872.4,82,8
1785616872.5,81,8
1785616872.8,82,30
1785616872.8,82,47
1785616872.9,81,2
1785616872.9,82,29
1785616873.1,82,2
1785616873.2,82,35
1785616873.4,81,43
1785616873.5,82,8
1785616873.6,81,47
1785616874.3,81,33
1785616874.5,82,43
1785616874.8,82,47
1785616875.1,81,35
1785616875.3,82,35
1785616875.7,81,47
1785616875.8,82,3
1785616876.0,82,19
1785616876.3,81,19
1785616876.6,81,46
1785616876.9,81,43
1785616877.3,82,41
1785616877.8,81,17
1785616877.9,82,46
1785616878.0,81,2
1785616878.1,82,17
1785616878.4,81,35
1785616878.6,82,36
1785616878.7,82,42
1785616878.8,81,34
1785616878.9,81,42
1785616878.9,82,2
1785616879.2,81,8
1785616879.3,81,36
1785616879.3,81,46
1785616879.6,82,43
1785616880.0,82,46
1785616880.5,81,2
1785616880.5,81,43
1785616880.8,81,29
1785616881.2,82,2
1785616881.9,81,46
1785616882.4,82,33
1785616882.7,82,35
1785616883.5,81,17
1785616883.8,81,2
1785616884.9,81,35
1785616886.8,82,34
1785616887.0,81,34
1785616889.4,82,34
1785616889.7,81,33
1785616890.5,82,33
1785616890.6,82,35
1785616891.2,81,35
1785616891.4,81,34
1785616892.2,82,8
1785616892.2,82,48
1785616892.6,81,33
1785616893.1,82,34
1785616893.4,81,48
1785616893.6,81,8
1785616893.9,81,26
1785616894.1,81,41
1785616894.1,82,26
1785616894.4,82,33
1785616895.0,82,35
1785616895.1,82,47
1785616895.2,81,34
1785616895.7,82,34
1785616896.2,81,33
1785616896.5,82,33
1785616896.6,81,47
1785616896.8,81,35
1785616897.4,82,35
1785616897.5,81,34
1785616898.1,82,36
1785616898.2,81,33
1785616898.6,82,34
1785616899.1,82,33
1785616899.5,81,35
1785616899.6,82,8
1785616900.3,81,34
1785616900.4,82,46
1785616900.7,81,33
1785616901.0,82,17
1785616901.0,82,35
1785616901.1,81,8
1785616901.1,81,36
1785616901.9,82,2
1785616902.0,81,26
1785616902.0,82,34
1785616902.3,82,26
1785616902.3,82,33
1785616902.5,81,35
1785616903.0,82,35
1785616903.5,81,33
1785616903.5,81,34
1785616904.0,82,33
1785616904.5,81,46
1785616904.5,82,34
1785616904.7,81,2
1785616904.8,81,35
1785616905.1,82,2
1785616905.3,81,2
1785616905.5,81,33
1785616905.8,82,48
1785616905.9,82,35
1785616906.1,81,34
1785616906.1,81,48
1785616906.2,82,48
1785616906.3,82,2
1785616906.7,81,2
1785616906.7,82,33
1785616906.8,81,26
1785616906.9,81,48
1785616907.0,82,34
1785616907.1,81,17
1785616907.1,82,26
1785616907.3,81,35
1785616907.6,82,36
1785616908.3,81,36
1785616908.4,81,33
1785616908.7,81,34
1785616908.7,82,35
1785616909.3,81,26
1785616909.3,82,47
1785616909.4,82,34
1785616909.9,82,33
1785616910.0,81,35
1785616910.0,82,26
1785616910.1,81,47
1785616910.8,82,36
1785616911.0,81,34
1785616911.7,81,36
1785616911.8,82,47
1785616912.1,82,35
1785616912.2,82,19
1785616912.2,82,34
1785616912.5,81,19
1785616912.6,81,47
1785616913.3,81,35
1785616913.9,81,34
1785616914.2,82,46
1785616914.7,82,17
1785616915.0,82,34
1785616915.0,82,47
1785616915.4,82,2
1785616915.9,82,35
1785616916.0,81,47
1785616916.4,82,19
1785616916.6,82,40
1785616916.8,81,34
1785616916.8,82,36
1785616916.9,81,36
1785616917.1,81,35
1785616917.2,81,19
1785616917.3,81,40
1785616917.7,82,41
1785616918.3,82,34
1785616919.6,81,38
1785616919.6,82,40
1785616919.6,82,47
1785616920.0,81,40
1785616920.2,82,48
1785616920.6,82,38
1785616920.7,81,7
1785616920.7,81,47
1785616921.0,81,48
1785616922.0,81,3
1785616922.4,82,7
1785616922.4,82,42
1785616922.5,82,3
1785616922.6,82,35
1785616923.0,81,38
1785616923.0,82,40
1785616923.5,81,30
1785616923.5,81,40
1785616923.6,82,19
1785616923.9,81,24
1785616923.9,82,29
1785616923.9,82,31
1785616924.0,81,19
1785616924.0,81,41
1785616924.0,82,8
1785616924.2,81,42
1785616924.3,82,47
1785616924.4,81,7
1785616924.6,81,29
1785616924.7,81,34
1785616924.8,81,35
1785616924.9,82,42
1785616925.0,81,8
1785616925.2,81,3
1785616925.2,82,8
1785616925.5,81,47
1785616925.8,82,36
1785616927.0,81,36
1785616927.4,82,35
1785616930.7,82,47
1785616930.8,82,36
1785616930.9,81,35
1785616931.1,81,47
1785616932.6,81,36
1785616934.5,82,36
1785616935.2,82,35
1785616936.3,81,36
1785616936.5,81,42
1785616936.6,82,42
1785616936.9,81,35
1785616937.6,82,3
1785616938.9,81,42
1785616939.1,82,30
1785616939.7,81,31
1785616940.1,81,8
1785616940.8,81,30
1785616941.6,82,30
1785616944.7,82,34
1785616944.9,81,34
1785616946.2,82,34
1785616946.5,81,30
1785616946.8,81,34
1785616946.8,82,35
1785616947.0,81,35
1785616947.8,82,36
1785616949.1,82,30
1785616949.6,81,36
1785616950.4,82,48
1785616951.1,81,48
1785616952.8,81,30
1785616953.2,82,36
1785616953.3,81,36
1785616954.0,82,30
1785616954.3,82,47
1785616955.2,81,33
1785616955.5,81,47
1785616955.5,82,33
1785616957.2,81,46
1785616957.6,82,46
1785616959.7,81,46
1785616959.8,82,48
1785616960.0,82,46
1785616960.2,82,34
1785616960.3,81,33
1785616960.5,81,48
1785616960.9,82,33
1785616961.8,81,46
1785616962.9,81,33
1785616962.9,81,34
1785616963.1,81,2
1785616963.1,81,17
1785616963.3,82,33
1785616963.3,82,47
1785616964.2,82,46
1785616964.3,81,47
1785616964.5,82,17
1785616964.6,82,34
1785616964.9,81,33
1785616965.3,82,2
1785616965.9,82,33
1785616966.2,81,34
1785616966.5,81,46
1785616966.5,82,19
1785616966.8,81,30
1785616966.9,81,19
1785616967.0,82,35
1785616967.6,81,33
1785616967.9,82,34
1785616968.4,81,2
1785616968.4,81,3
1785616968.4,82,33
1785616968.5,81,17
1785616969.0,81,34
1785616969.2,81,35
1785616969.7,81,33
1785616969.8,82,46
1785616970.0,82,34
1785616970.1,82,17
1785616970.6,82,35
1785616970.7,82,33
1785616971.0,82,2
1785616971.1,81,34
1785616972.2,81,33
1785616972.2,81,35
1785616972.4,81,46
1785616973.2,81,26
1785616973.3,82,34
1785616973.7,82,33
1785616973.8,82,26
1785616973.9,81,2
1785616974.1,81,17
1785616974.2,81,34
1785616974.6,81,33
1785616974.7,82,35
1785616975.9,82,33
1785616976.0,82,36
1785616976.2,82,34
1785616976.9,81,35
1785616977.2,81,33
1785616977.2,81,34
1785616978.5,81,26
1785616978.5,82,33
1785616978.7,82,26
1785616979.1,81,36
1785616979.3,82,35
1785616979.6,81,33
1785616980.6,81,35
1785616981.1,81,26
1785616981.1,82,34
1785616981.7,82,35
1785616981.8,82,26
1785616981.8,82,33
1785616982.3,81,34
1785616983.3,82,39
1785616983.7,81,35
1785616984.0,81,33
1785616984.0,82,36
1785616984.3,82,34
1785616984.4,82,22
1785616984.9,81,45
1785616985.0,82,45
1785616985.2,81,26
1785616985.2,81,34
1785616985.2,81,36
1785616985.4,82,4
1785616985.5,82,47
1785616985.7,82,35
1785616985.8,81,45
1785616986.0,81,47
1785616986.3,82,43
1785616986.4,82,33
1785616986.7,81,35
1785616986.9,82,26
1785616986.9,82,31
1785616986.9,82,34
1785616987.1,81,31
1785616987.2,82,8
1785616987.3,82,38
1785616987.4,82,36
1785616987.6,82,19
1785616987.6,82,24
1785616987.8,81,34
1785616987.9,81,19
1785616988.2,81,33
1785616988.2,81,36
1785616988.2,82,35
1785616988.5,81,35
1785616988.5,82,29
1785616988.5,82,46
1785616988.8,82,35
1785616989.0,81,26
1785616989.1,81,35
1785616989.2,82,7
1785616989.2,82,42
1785616989.3,81,46
1785616989.3,82,17
1785616989.6,81,42
1785616989.7,82,26
1785616989.7,82,34
1785616989.8,82,2
1785616989.9,82,33
1785616990.4,81,38
1785616990.4,82,40
1785616990.5,81,17
1785616990.6,81,34
1785616990.7,81,33
1785616990.7,81,40
1785616990.7,82,35
1785616990.9,81,2
1785616991.3,82,33
1785616991.4,81,35
1785616991.9,82,34
1785616992.0,82,30
1785616992.1,82,38
1785616992.6,81,34
1785616993.4,81,33
1785616993.7,82,41
1785616993.9,82,3
1785616993.9,82,34
1785616994.1,81,26
1785616994.3,81,8
1785616994.6,81,34
1785616994.9,82,26
1785616994.9,82,33
1785616995.4,81,29
1785616995.6,81,41
1785616995.6,81,43
1785616995.9,81,33
1785616997.3,82,33
1785616998.1,81,33
1785616998.6,82,33
1785616999.8,81,33
1785617001.1,81,26
1785617010.7,82,36
1785617011.2,81,36
1785617013.0,82,35
1785617013.6,81,35
1785617015.1,82,40
1785617015.7,81,40
1785617015.7,82,34
1785617016.5,81,34
1785617017.3,82,35
1785617017.4,81,38
1785617017.4,82,40
1785617018.0,81,35
1785617018.0,81,39
1785617018.1,81,40
1785617018.2,82,36
1785617018.5,81,24
1785617018.5,82,35
1785617018.6,82,39
1785617018.8,81,36
1785617018.9,81,7
1785617019.2,82,2
1785617019.3,81,35
1785617020.0,81,2
1785617020.7,82,34
1785617020.9,81,39
1785617021.2,82,26
1785617021.2,82,33
1785617021.3,82,35
1785617021.6,82,36
1785617021.7,81,34
1785617021.7,82,43
1785617021.9,81,22
1785617022.0,81,4
1785617022.1,82,34
1785617022.2,81,35
1785617022.2,81,36
1785617022.8,82,8
1785617023.1,81,34
1785617023.5,82,34
1785617023.6,82,29
1785617023.9,82,36
1785617024.6,81,34
1785617024.6,81,36
1785617024.8,82,35
1785617025.7,81,35
1785617025.7,82,34
1785617026.9,81,34
1785617027.2,82,35
1785617027.7,81,43
1785617028.3,81,35
1785617028.7,82,43
1785617029.5,82,34
1785617030.9,81,34
1785617031.5,81,43
1785617031.9,82,43
1785617032.3,81,43
1785617032.5,82,34
1785617033.9,81,8
1785617034.3,81,34
1785617034.6,82,43
1785617035.7,81,29
1785617036.2,81,43
1785617041.1,82,41
1785617042.0,81,30
1785617042.8,81,41
1785617043.5,81,3
1785617043.9,82,42
1785617045.9,82,31
1785617047.3,82,8
1785617048.9,81,42
1785617051.3,82,42
1785617052.0,82,48
1785617052.4,82,30
1785617052.7,81,48
1785617053.0,81,42
1785617054.1,81,31
1785617054.7,82,47
1785617055.0,81,8
1785617055.4,81,47
1785617058.8,81,30
1785617060.9,82,46
1785617061.2,82,17
1785617062.1,82,2
1785617063.9,82,48
1785617064.1,82,36
1785617064.4,81,48
1785617064.8,81,36
1785617065.2,82,30
1785617066.4,82,48
1785617066.7,82,47
1785617067.0,81,48
1785617067.0,82,35
1785617067.6,81,47
1785617067.8,81,35
1785617069.0,82,36
1785617069.3,82,48
1785617069.4,82,47
1785617069.6,81,36
1785617069.6,81,48
1785617070.2,82,48
1785617070.3,81,47
1785617070.9,81,48
1785617070.9,82,34
1785617071.7,82,36
1785617072.1,81,46
1785617072.1,82,35
1785617072.1,82,48
1785617072.2,82,47
1785617072.3,81,34
1785617072.3,81,36
1785617072.8,81,48
1785617072.9,81,35
1785617072.9,82,46
1785617073.2,81,2
1785617073.3,81,47
1785617073.6,81,30
1785617073.8,82,47
1785617073.9,81,47
1785617074.1,82,2
1785617074.2,82,40
1785617074.5,81,40
1785617074.5,82,22
1785617074.8,81,22
1785617074.8,82,4
1785617074.8,82,24
1785617074.9,81,4
1785617075.0,82,35
1785617075.1,81,46
1785617075.1,82,7
1785617075.1,82,36
1785617075.4,81,24
1785617075.6,81,33
1785617075.7,81,7
1785617075.7,81,36
1785617075.9,82,47
1785617076.0,82,48
1785617076.1,81,35
1785617076.1,82,19
1785617076.5,81,2
1785617076.5,81,19
1785617076.7,82,2
1785617076.8,81,48
1785617076.9,81,2
1785617076.9,82,33
1785617077.0,81,47
1785617077.0,82,34
1785617077.1,82,46
1785617077.5,82,2
1785617077.5,82,42
1785617077.6,82,30
1785617077.8,82,38
1785617077.9,81,42
1785617077.9,82,24
1785617078.4,81,30
1785617078.4,82,35
1785617078.5,81,46
1785617079.0,81,33
1785617079.1,82,33
1785617079.6,82,46
1785617079.7,81,35
1785617079.8,82,7
1785617079.9,82,47
1785617080.5,81,2
1785617080.6,81,34
1785617080.8,82,2
1785617081.0,81,47
1785617081.3,81,33
1785617081.9,82,33
1785617082.8,82,39
1785617082.9,82,34
1785617083.2,81,46
1785617083.5,82,46
1785617083.6,81,33
1785617084.5,82,33
1785617084.7,81,34
1785617085.3,81,46
1785617085.8,82,46
1785617086.1,82,34
1785617086.2,81,33
1785617086.4,81,2
1785617087.4,81,26
1785617087.7,81,34
1785617088.1,82,26
1785617088.1,82,33
1785617088.5,82,2
1785617089.2,81,46
1785617089.7,81,33
1785617090.1,81,17
1785617090.6,81,2
1785617090.8,82,33
1785617092.3,81,33
1785617093.3,81,26
1785617093.6,82,3
1785617093.7,82,26
1785617094.1,82,33
1785617095.3,81,33
1785617096.5,81,26
1785617097.3,81,3
1785617111.3,82,40
1785617111.9,81,40
1785617112.7,82,22
1785617113.4,82,4
1785617113.7,82,40
1785617114.2,81,40
1785617114.3,81,39
1785617115.1,81,22
1785617115.8,81,38
1785617115.8,82,2
1785617115.8,82,40
1785617115.9,81,4
1785617115.9,82,38
1785617116.1,81,2
1785617116.3,81,40
1785617116.9,82,39
1785617117.9,82,22
1785617118.1,81,38
1785617118.1,82,40
1785617118.5,81,40
1785617118.5,82,4
1785617118.7,82,38
1785617119.1,81,39
1785617119.7,81,7
1785617120.2,81,22
1785617120.3,82,7
1785617121.0,81,38
1785617121.0,82,40
1785617121.4,81,4
1785617121.4,81,40
1785617122.0,81,24
1785617122.3,81,7
1785617124.2,82,39
1785617125.0,82,2
1785617125.0,82,22
1785617125.3,81,2
1785617125.5,81,39
1785617125.8,82,4
1785617125.8,82,38
1785617126.5,82,24
1785617126.9,81,4
1785617126.9,81,22
1785617127.4,81,38
1785617127.4,82,40
1785617127.4,82,43
1785617127.5,82,7
1785617127.7,81,40
1785617128.2,82,31
1785617128.5,82,8
1785617128.7,81,7
1785617128.7,81,31
1785617128.7,82,29
1785617128.8,81,24
1785617131.2,82,2
1785617131.3,81,2
1785617132.7,81,8
1785617133.1,81,43
1785617133.6,81,29
1785617151.1,82,48
1785617151.4,81,48
1785617152.9,82,47
1785617153.4,81,47
1785617154.6,82,47
1785617155.0,81,47
1785617155.7,82,46
1785617156.3,82,17
1785617156.4,81,46
1785617156.9,82,2
1785617157.1,82,46
1785617157.7,81,2
1785617157.9,81,46
1785617158.4,82,2
1785617159.1,81,2
1785617159.3,81,17
1785617159.8,82,36
1785617160.3,81,36
1785617161.8,82,35
1785617162.2,81,35
1785617163.7,82,34
1785617164.1,81,34
1785617165.8,82,39
1785617166.7,82,22
1785617166.7,82,33
1785617166.8,82,26
1785617167.1,81,33
1785617167.3,82,36
1785617167.5,82,4
1785617168.5,81,26
1785617168.6,81,36
1785617168.8,81,39
1785617170.0,81,22
1785617170.1,82,35
1785617170.2,82,48
1785617170.3,82,39
1785617170.4,81,48
1785617171.2,81,35
1785617171.3,82,48
1785617171.7,82,36
1785617171.9,81,48
1785617172.3,81,4
1785617172.4,81,36
1785617172.7,82,47
1785617173.0,82,34
1785617173.0,82,38
1785617173.2,82,24
1785617173.4,81,47
1785617173.8,82,47
1785617173.9,81,34
1785617174.4,81,47
1785617174.7,82,35
1785617174.9,82,48
1785617175.0,82,47
1785617175.1,81,48
1785617175.5,81,35
1785617175.6,82,7
1785617175.8,81,47
1785617176.6,82,48
1785617176.8,81,48
1785617177.2,82,47
1785617177.4,81,38
1785617177.4,82,40
1785617177.8,81,47
1785617177.9,82,26
1785617178.0,82,33
1785617178.1,82,34
1785617178.2,81,39
1785617178.2,82,46
1785617178.3,81,40
1785617178.5,81,7
1785617178.7,81,24
1785617178.7,82,17
1785617179.0,81,34
1785617179.1,82,47
1785617179.2,82,39
1785617179.6,82,2
1785617179.8,82,22
1785617179.9,81,47
1785617180.8,82,4
1785617180.9,81,39
1785617182.1,81,4
1785617182.3,81,22
1785617183.1,82,19
1785617183.2,82,43
1785617183.9,81,19
1785617184.3,82,8
1785617184.5,82,29
1785617186.8,82,30
1785617187.5,82,39
1785617188.9,81,8
1785617189.2,82,41
1785617189.5,81,43
1785617189.8,81,29
1785617190.2,82,3
1785617190.7,82,48
1785617192.1,81,48
1785617194.3,82,36
1785617194.6,82,48
1785617194.7,81,3
1785617194.7,82,47
1785617194.8,81,36
1785617194.9,81,48
1785617195.0,82,3
1785617195.9,82,48
1785617196.0,81,47
1785617196.6,82,47
1785617196.7,81,47
1785617196.8,82,35
1785617196.9,81,48
1785617197.4,81,35
1785617197.6,81,30
1785617198.4,81,41
1785617199.1,81,3
1785617199.2,82,47
1785617199.5,82,42
1785617199.7,82,34
1785617199.8,82,31
1785617199.8,82,48
1785617200.4,81,34
1785617200.4,81,42
1785617200.9,81,47
1785617201.2,81,48
1785617201.6,82,8
1785617201.6,82,30
1785617201.6,82,42
1785617202.0,81,42
1785617202.7,82,36
1785617203.1,82,42
1785617203.2,82,41
1785617203.3,81,36
1785617203.4,82,3
1785617204.7,81,42
1785617204.9,82,42
1785617205.2,81,3
1785617205.2,81,30
1785617205.3,81,41
1785617205.5,82,35
1785617205.6,82,30
1785617205.7,82,29
1785617206.2,81,35
1785617206.8,81,29
1785617206.9,81,42
1785617208.0,82,48
1785617208.3,82,42
1785617208.8,82,34
1785617209.3,81,48
1785617209.5,81,42
1785617209.6,82,42
1785617209.7,81,34
1785617210.4,81,30
1785617210.9,82,29
1785617211.3,81,29
1785617212.5,82,29
1785617213.4,81,29
1785617214.2,81,42
1785617214.3,81,31
1785617214.5,82,29
1785617214.5,82,31
1785617214.9,81,8
1785617214.9,81,29
1785617214.9,81,31
1785617217.4,82,36
1785617218.3,81,36
1785617221.4,82,35
1785617222.4,82,36
1785617222.5,81,35
1785617222.6,82,48
1785617223.0,81,36
1785617223.0,81,48
1785617225.3,82,35
1785617226.3,81,35
1785617227.2,82,34
1785617228.5,81,34
1785617229.8,82,34
1785617230.0,81,46
1785617230.7,81,33
1785617230.9,81,34
1785617231.1,82,33
1785617233.1,81,33
1785617233.2,82,46
1785617234.6,81,26
1785617234.6,82,47
1785617234.7,81,47
1785617235.0,82,33
1785617235.2,82,26
1785617237.2,81,46
1785617237.3,81,33
1785617237.4,82,33
1785617237.6,82,38
1785617237.9,82,46
1785617238.0,82,24
1785617238.1,82,47
1785617238.8,81,2
1785617239.0,82,2
1785617239.5,81,33
1785617239.5,82,7
1785617240.0,81,46
1785617240.9,81,26
1785617241.0,81,47
1785617241.2,82,30
1785617241.3,82,47
1785617241.5,82,46
1785617241.7,81,2
1785617241.7,81,17
1785617241.7,82,19
1785617242.0,82,40
1785617242.1,82,17
1785617242.5,81,19
1785617242.6,82,2
1785617242.9,81,47
1785617243.0,81,46
1785617243.2,82,3
1785617243.9,82,19
1785617244.0,81,19
1785617244.3,81,2
1785617244.4,81,40
1785617244.7,82,46
1785617245.0,82,2
1785617245.3,81,2
1785617245.4,82,47
1785617245.8,82,2
1785617245.9,82,19
1785617246.0,81,46
1785617246.2,81,19
1785617246.2,81,47
1785617246.2,82,40
1785617246.2,82,46
1785617247.1,82,47
1785617247.5,81,46
1785617248.2,81,3
1785617248.3,81,47
1785617248.4,81,30
1785617248.4,82,46
1785617248.7,81,2
1785617249.1,82,48
1785617249.5,82,2
1785617250.1,81,46
1785617250.4,81,48
1785617250.5,82,47
1785617251.3,82,46
1785617251.6,81,17
1785617251.6,81,47
1785617251.7,82,17
1785617251.8,81,2
1785617252.4,82,2
1785617253.1,81,46
1785617253.3,82,46
1785617253.8,82,47
1785617254.1,82,48
1785617254.2,82,19
1785617254.5,81,48
1785617254.6,81,19
1785617254.8,81,47
1785617254.9,81,46
1785617256.4,81,2
1785617256.6,82,48
1785617256.7,82,2
1785617256.9,82,47
1785617257.0,81,17
1785617257.0,82,46
1785617257.1,81,2
1785617257.4,81,48
1785617257.5,81,47
1785617257.5,82,17
1785617257.9,82,36
1785617258.3,82,2
1785617258.9,81,46
1785617259.0,81,36
1785617259.7,82,47
1785617259.9,82,46
1785617260.0,82,48
1785617260.4,81,2
1785617260.4,81,47
1785617260.5,82,35
1785617260.8,81,48
1785617261.0,82,2
1785617261.2,81,35
1785617261.8,81,46
1785617261.8,82,35
1785617261.9,81,35
1785617262.1,82,46
1785617262.2,82,19
1785617262.8,82,48
1785617263.1,81,19
1785617263.1,82,47
1785617263.6,82,34
1785617263.7,81,48
1785617263.8,81,46
1785617263.8,81,47
1785617264.4,82,46
1785617265.0,82,48
1785617265.2,81,34
1785617265.8,81,46
1785617265.8,81,48
1785617266.1,82,47
1785617266.2,82,34
1785617266.2,82,36
1785617266.7,81,36
1785617266.8,81,47
1785617267.0,81,34
1785617267.1,81,17
1785617267.1,82,46
1785617267.2,81,2
1785617267.7,82,17
1785617267.7,82,34
1785617268.1,81,46
1785617268.1,82,2
1785617268.4,82,35
1785617268.4,82,47
1785617268.6,81,34
1785617268.9,81,35
1785617269.1,81,47
1785617269.1,82,48
1785617269.5,81,17
1785617269.6,81,2
1785617270.0,81,48
1785617270.0,82,26
1785617270.3,82,46
1785617270.4,82,33
1785617270.7,82,47
1785617270.9,82,17
1785617271.2,82,34
1785617271.4,81,46
1785617271.5,81,47
1785617272.0,82,2
1785617272.1,81,34
1785617272.4,82,46
1785617272.6,81,17
1785617272.8,81,2
1785617272.8,82,47
1785617273.0,82,17
1785617273.4,81,46
1785617273.5,81,47
1785617273.5,82,2
1785617274.7,81,2
1785617274.7,81,17
1785617274.7,82,48
1785617275.6,81,48
1785617275.9,82,46
1785617276.4,82,17
1785617276.5,82,48
1785617277.0,82,2
1785617277.3,81,48
1785617277.6,81,33
1785617277.8,81,46
1785617277.9,82,46
1785617278.4,82,47
1785617279.1,81,47
1785617279.3,82,48
1785617280.1,82,47
1785617280.4,81,46
1785617280.9,81,47
1785617280.9,81,48
1785617280.9,82,19
1785617281.3,81,19
1785617281.6,81,17
1785617281.9,81,2
1785617283.0,82,46
1785617283.0,82,47
1785617283.3,82,17
1785617283.3,82,19
1785617283.7,81,19
1785617284.2,82,2
1785617284.3,81,46
1785617284.8,81,47
1785617285.1,82,46
1785617285.6,81,2
1785617285.9,82,47
1785617286.3,81,26
1785617286.3,82,2
1785617286.4,82,48
1785617286.7,81,46
1785617286.8,81,47
1785617287.2,81,48
1785617288.1,81,17
1785617288.3,81,2
1785617288.7,82,48
1785617289.5,81,48
1785617289.5,82,19
1785617289.9,82,47
1785617290.3,81,19
1785617290.6,82,17
1785617290.9,81,47
1785617291.2,82,46
1785617291.2,82,48
1785617292.2,82,2
1785617292.3,81,48
1785617292.7,81,40
1785617293.0,82,47
1785617293.3,82,40
1785617293.7,82,48
1785617294.8,81,39
1785617294.8,81,48
1785617295.2,81,40
1785617295.9,81,47
1785617296.4,82,40
1785617296.5,82,48
1785617296.9,81,40
1785617298.1,81,48
1785617298.7,82,40
1785617298.7,82,47
1785617299.0,82,48
1785617299.2,81,40
1785617299.8,82,36
1785617300.2,81,36
1785617301.0,81,48
1785617301.1,81,38
1785617301.1,82,40
1785617301.4,81,47
1785617301.6,81,40
1785617301.9,82,35
1785617302.2,81,24
1785617302.4,81,35
1785617302.5,81,7
1785617304.2,82,34
1785617304.8,81,34
1785617308.8,82,26
1785617308.9,82,33
1785617315.5,81,33
1785617316.0,81,26
1785617316.9,81,46
1785617317.8,81,17
1785617317.8,82,46
1785617318.0,81,2
1785617318.3,82,17
1785617318.9,82,2
1785617319.6,81,46
1785617320.4,82,47
1785617320.7,81,17
1785617320.8,81,47
1785617321.0,81,2
1785617321.7,82,47
1785617322.0,82,46
1785617322.2,82,48
1785617322.3,82,17
1785617323.0,82,2
1785617323.5,81,46
1785617323.7,81,47
1785617324.2,82,19
1785617324.8,81,2
1785617324.8,82,46
1785617325.0,81,17
1785617325.0,81,19
1785617325.2,82,17
1785617325.6,81,48
1785617326.0,82,2
1785617326.1,82,47
1785617326.4,81,46
1785617327.3,81,47
1785617327.3,82,46
1785617327.5,81,17
1785617327.8,81,2
1785617327.8,82,17
1785617327.9,82,36
1785617328.2,82,34
1785617328.3,82,2
1785617328.4,81,36
1785617328.4,82,47
1785617328.7,81,34
1785617328.8,81,46
1785617329.3,82,48
1785617329.7,82,46
1785617329.8,81,47
1785617330.1,81,2
1785617330.2,82,35
1785617330.4,82,30
1785617330.5,82,47
1785617330.7,81,35
1785617330.7,82,2
1785617330.8,81,48
1785617331.8,81,47
1785617331.9,81,46
1785617332.5,82,3
1785617332.5,82,34
1785617332.8,82,46
1785617333.0,81,34
1785617333.3,81,2
1785617333.9,82,2
1785617334.2,81,46
1785617334.6,82,47
1785617334.7,82,46
1785617335.8,81,47
1785617336.6,81,46
1785617336.8,82,26
1785617336.8,82,33
1785617337.0,82,41
1785617337.0,82,42
1785617337.1,81,42
1785617337.1,82,36
1785617337.1,82,46
1785617337.5,81,36
1785617337.6,82,36
1785617337.7,82,31
1785617337.9,81,36
1785617338.4,81,33
1785617338.5,81,46
1785617339.0,82,35
1785617339.6,82,8
1785617339.7,81,17
1785617339.8,81,2
1785617339.8,82,42
1785617339.9,81,35
1785617340.1,81,26
1785617340.8,82,45
1785617340.9,82,34
1785617341.4,81,34
1785617341.4,82,46
1785617341.7,82,17
1785617342.4,82,2
1785617342.7,81,45
1785617343.0,81,46
1785617344.2,81,17
1785617344.2,81,42
1785617344.4,81,2
1785617344.4,82,26
1785617344.7,82,33
1785617345.2,82,45
1785617345.4,81,31
1785617345.4,81,33
1785617346.6,81,8
1785617346.8,81,26
1785617349.3,82,31
1785617350.3,82,29
1785617350.4,82,43
1785617350.7,81,29
1785617350.7,81,31
1785617350.8,82,8
1785617351.1,81,8
1785617351.5,82,8
1785617352.2,82,29
1785617355.3,82,36
1785617355.8,81,36
1785617356.5,81,8
1785617356.9,81,43
1785617357.0,81,29
1785617357.2,82,38
1785617357.3,82,24
1785617357.6,82,35
1785617358.1,81,35
1785617359.2,82,7
1785617360.3,82,34
1785617360.6,81,38
1785617360.6,82,40
1785617361.0,81,34
1785617361.2,81,40
1785617361.6,82,28
1785617361.7,81,24
1785617362.0,81,7
1785617362.4,81,28
1785617363.7,82,47
1785617364.3,81,47
1785617364.8,81,41
1785617365.7,82,42
1785617365.9,82,33
1785617365.9,82,47
1785617366.0,82,26
1785617366.6,81,47
1785617366.9,82,41
1785617367.4,82,31
1785617368.2,82,48
1785617368.4,81,30
1785617368.4,81,48
1785617368.5,82,19
1785617368.6,82,46
1785617368.8,82,8
1785617369.1,81,3
1785617369.1,82,48
1785617369.2,81,19
1785617369.2,82,17
1785617369.3,81,41
1785617369.8,81,48
1785617369.8,82,2
1785617370.6,82,47
1785617371.4,81,46
1785617371.4,81,47
1785617372.2,82,46
1785617372.4,82,47
1785617372.7,81,42
1785617372.8,82,42
1785617373.0,81,2
1785617373.1,81,47
1785617373.2,82,2
1785617373.4,82,19
1785617374.2,81,19
1785617374.7,81,42
1785617376.2,82,42
1785617377.0,82,48
1785617377.5,81,42
1785617377.6,81,48
1785617378.2,82,36
1785617378.7,81,36
1785617378.8,81,8
1785617378.8,81,31
1785617379.4,82,48
1785617379.6,81,48
1785617380.0,82,47
1785617380.6,82,35
1785617380.9,81,47
1785617381.0,82,38
1785617381.2,81,35
1785617381.5,82,24
1785617382.1,82,47
1785617383.2,81,47
1785617383.3,82,40
1785617383.4,82,34
1785617383.7,82,7
1785617383.8,81,40
1785617383.8,82,3
1785617384.2,81,34
1785617385.3,81,7
1785617385.5,81,24
1785617385.5,81,38
1785617385.5,82,40
1785617385.6,81,40
1785617385.7,82,7
1785617385.9,81,3
1785617385.9,81,7
1785617385.9,82,24
1785617386.0,82,36
1785617386.2,81,24
1785617386.3,82,38
1785617386.6,82,19
1785617386.6,82,24
1785617386.9,81,36
1785617387.1,81,19
1785617388.1,82,7
1785617388.4,82,35
1785617389.0,82,36
1785617389.6,81,36
1785617389.7,81,35
1785617390.0,82,47
1785617391.2,81,47
1785617391.2,82,34
1785617391.6,82,48
1785617392.1,82,35
1785617392.2,81,48
1785617392.6,81,34
1785617392.8,81,35
1785617394.1,82,19
1785617394.7,81,33
1785617395.2,82,47
1785617395.3,82,34
1785617395.4,81,19
1785617395.9,81,26
1785617396.0,81,34
1785617396.0,81,46
1785617396.2,81,47
1785617396.7,82,26
1785617396.7,82,33
1785617397.2,82,46
1785617397.3,81,2
1785617398.2,82,2
1785617398.4,82,36
1785617398.6,81,33
1785617399.4,81,36
1785617399.7,82,33
1785617400.8,82,35
1785617400.9,81,33
1785617401.7,81,46
1785617401.8,81,35
1785617401.8,82,3
1785617401.9,81,26
1785617402.1,82,46
1785617402.8,82,28
1785617403.3,82,34
1785617403.6,81,28
1785617404.1,81,46
1785617404.3,81,34
1785617405.3,82,34
1785617405.5,81,3
1785617405.5,81,17
1785617405.7,81,2
1785617405.8,82,46
1785617405.9,81,34
1785617405.9,82,17
1785617406.6,82,35
1785617407.0,82,2
1785617407.2,81,35
1785617407.2,82,26
1785617407.3,82,33
1785617407.6,81,33
1785617408.0,81,46
1785617408.3,82,35
1785617408.6,82,3
1785617408.7,81,35
1785617409.0,82,34
1785617409.1,82,33
1785617409.3,81,17
1785617409.5,81,34
1785617409.6,81,2
1785617409.7,82,35
1785617409.8,81,33
1785617410.3,81,35
1785617410.6,82,34
1785617411.0,81,34
1785617411.1,81,26
1785617411.9,82,35
1785617412.3,82,36
1785617412.4,81,35
1785617412.4,82,34
1785617412.7,82,33
1785617412.8,81,36
1785617412.8,82,26
1785617412.9,81,34
1785617413.1,81,33
1785617413.1,82,41
1785617413.6,81,41
1785617414.0,82,33
1785617414.0,82,48
1785617414.2,82,34
1785617414.3,81,3
1785617414.5,81,48
1785617414.6,82,35
1785617414.7,81,34
1785617414.8,81,33
1785617415.1,81,35
1785617415.9,82,33
1785617416.2,82,47
1785617416.4,82,36
1785617416.7,81,47
1785617416.9,81,33
1785617417.0,82,34
1785617417.4,81,36
1785617417.5,81,34
1785617418.0,82,41
1785617418.2,82,33
1785617418.6,82,35
1785617419.1,81,33
1785617419.2,82,46
1785617419.4,81,35
1785617419.6,82,47
1785617419.7,81,47
1785617419.8,82,17
1785617419.9,82,3
1785617420.0,81,26
1785617420.0,81,46
1785617420.4,82,2
1785617420.4,82,30
1785617420.6,81,41
1785617420.7,82,26
1785617420.8,82,33
1785617420.8,82,34
1785617421.3,81,2
1785617421.3,81,17
1785617421.4,81,33
1785617421.6,81,34
1785617422.2,82,36
1785617422.2,82,46
1785617422.5,82,34
1785617422.6,82,41
1785617422.8,81,26
1785617422.9,82,17
1785617423.0,81,34
1785617423.0,81,46
1785617423.1,81,36
1785617423.2,81,30
1785617423.2,82,2
1785617424.2,81,2
1785617424.2,81,17
1785617424.3,82,35
1785617424.4,82,26
1785617424.4,82,33
1785617424.8,81,33
1785617425.2,81,35
1785617425.5,81,3
1785617425.7,82,3
1785617426.0,82,33
1785617426.2,82,36
1785617426.4,82,34
1785617426.7,81,33
1785617426.7,81,36
1785617427.3,81,34
1785617427.6,82,30
1785617427.8,81,26
1785617428.0,82,36
1785617428.4,82,35
1785617428.8,81,30
1785617428.9,81,35
1785617429.1,81,36
1785617429.2,82,30
1785617429.7,82,26
1785617429.8,82,33
1785617430.0,81,30
1785617430.3,81,33
1785617430.5,82,35
1785617430.7,82,34
1785617431.2,81,34
1785617431.4,82,36
1785617431.5,81,26
1785617431.5,81,35
1785617432.0,81,36
1785617432.5,82,35
1785617432.9,82,34
1785617433.1,81,35
1785617433.8,81,34
1785617433.8,82,35
1785617434.3,82,26
1785617434.3,82,33
1785617434.4,81,35
1785617434.9,81,33
1785617435.0,82,34
1785617435.5,81,34
1785617436.1,81,26
1785617436.4,82,34
1785617436.5,82,26
1785617436.6,82,33
1785617437.0,81,34
1785617437.3,81,33
1785617438.5,82,33
1785617439.2,81,33
1785617440.3,81,26
1785617440.4,82,33
1785617440.7,82,26
1785617442.3,81,33
1785617443.1,81,45
1785617443.5,81,26
1785617443.5,82,45
1785617444.6,82,43
1785617444.8,82,31
1785617444.9,81,45
1785617445.2,81,31
1785617446.0,82,8
1785617446.6,82,29
1785617448.1,82,31
1785617449.1,81,29
1785617449.1,81,31
1785617449.1,82,48
1785617449.7,81,48
1785617450.5,82,29
1785617450.6,82,47
1785617450.7,81,8
1785617451.1,81,29
1785617451.3,81,47
1785617452.0,82,47
1785617452.1,82,48
1785617452.2,81,43
1785617452.7,81,47
1785617452.7,81,48
1785617454.8,82,19
1785617455.1,81,19
1785617455.6,82,46
1785617455.9,82,17
1785617456.8,82,2
1785617457.1,82,48
1785617457.4,82,40
1785617457.6,81,48
1785617458.0,81,40
1785617458.3,82,19
1785617458.7,81,19
1785617459.1,82,36
1785617459.6,81,36
1785617459.6,82,30
1785617459.6,82,47
1785617460.2,82,40
1785617460.3,81,47
1785617460.7,81,40
1785617461.2,81,41
1785617461.3,81,7
1785617461.4,82,35
1785617461.6,82,7
1785617462.0,81,35
1785617462.4,81,38
1785617462.4,82,40
1785617462.8,81,30
1785617462.9,81,40
1785617463.4,82,38
1785617463.6,82,30
1785617463.7,81,7
1785617464.2,82,34
1785617464.3,82,35
1785617464.9,81,35
1785617465.0,81,34
1785617465.0,82,7
1785617465.2,81,30
1785617465.6,82,30
1785617465.7,81,38
1785617465.7,82,40
1785617466.0,81,30
1785617466.3,81,40
1785617466.7,82,43
1785617466.8,81,24
1785617467.1,82,34
1785617467.3,81,7
1785617467.5,81,43
1785617468.1,81,3
1785617468.1,81,34
1785617468.5,82,39
1785617469.2,82,22
1785617469.2,82,31
1785617470.2,82,4
1785617470.6,82,26
1785617470.7,82,33
1785617471.0,82,38
1785617471.1,81,39
1785617471.6,82,24
1785617471.6,82,29
1785617471.9,82,3
1785617471.9,82,8
1785617472.1,82,42
1785617472.2,81,22
1785617472.6,81,29
1785617472.6,81,38
1785617472.6,82,7
1785617472.6,82,40
1785617472.9,81,40
1785617473.0,81,3
1785617473.6,81,4
1785617473.9,81,24
1785617474.0,81,7
1785617474.2,81,42
1785617474.3,82,29
1785617474.6,81,29
1785617474.6,82,42
1785617475.3,82,29
1785617475.6,81,42
1785617476.6,82,42
1785617476.8,81,29
1785617477.3,82,48
1785617478.0,81,48
1785617479.9,81,42
1785617479.9,82,47
1785617481.2,81,31
1785617481.5,81,47
1785617482.3,81,8
1785617482.9,82,48
1785617483.5,81,48
1785617486.1,82,47
1785617487.3,81,47
1785617492.4,82,36
1785617492.9,81,36
1785617494.7,82,35
1785617495.3,81,33
1785617495.3,81,35
1785617495.6,82,33
1785617496.4,82,48
1785617497.2,82,34
1785617497.4,81,48
1785617497.8,81,34
1785617498.1,81,33
1785617499.0,81,26
1785617501.1,82,26
1785617501.1,82,33
1785617501.6,82,48
1785617501.8,81,33
1785617501.9,82,19
1785617502.3,82,47
1785617502.7,81,19
1785617503.0,81,26
1785617503.6,81,48
1785617504.2,81,47
1785617506.4,82,43
1785617507.4,81,46
1785617507.6,82,8
1785617507.8,82,29
1785617508.5,82,46
1785617509.5,82,47
1785617510.8,81,46
1785617511.2,81,2
1785617511.5,82,38
1785617511.8,81,17
1785617511.8,82,24
1785617511.8,82,46
1785617512.1,82,17
1785617512.9,81,47
1785617512.9,82,2
1785617513.0,82,47
1785617513.5,81,47
1785617513.5,82,7
1785617513.9,81,8
1785617514.4,81,46
1785617515.1,81,43
1785617515.2,81,29
1785617515.8,81,2
1785617515.9,81,17
1785617516.5,82,46
1785617516.7,82,17
1785617517.3,82,2
1785617518.3,81,46
1785617519.6,81,17
1785617519.7,81,2
1785617520.4,82,17
1785617520.4,82,46
1785617521.4,82,47
1785617521.6,82,2
1785617522.1,81,47
1785617522.4,81,46
1785617523.4,81,2
1785617523.5,81,17
1785617524.1,82,3
1785617524.3,82,47
1785617524.5,81,3
1785617525.0,81,47
1785617525.2,82,42
1785617525.9,82,46
1785617526.2,82,17
1785617526.3,81,42
1785617527.1,82,2
1785617527.1,82,36
1785617527.6,81,46
1785617527.7,81,36
1785617528.5,82,46
1785617529.0,82,35
1785617529.2,81,2
1785617529.6,81,35
1785617529.9,82,2
1785617530.0,81,46
1785617531.1,82,34
1785617531.3,81,17
1785617531.4,81,2
1785617531.6,81,34
1785617532.0,82,36
1785617532.4,82,42
1785617532.5,81,36
1785617533.4,81,42
1785617533.6,82,35
1785617534.1,81,35
1785617534.3,82,26
1785617534.4,82,33
1785617534.5,81,33
1785617535.4,82,34
1785617535.8,81,26
1785617535.8,81,34
1785617538.0,82,26
1785617538.1,82,33
1785617538.3,81,33
1785617539.5,81,26
1785617539.8,82,36
1785617540.2,81,36
1785617541.0,82,48
1785617541.4,82,36
1785617541.6,81,48
1785617541.7,82,35
1785617541.8,81,36
1785617542.1,81,35
1785617543.2,82,35
1785617543.2,82,47
1785617543.6,81,35
1785617543.6,81,47
1785617543.6,82,34
1785617544.0,81,34
1785617545.0,82,34
1785617545.5,81,34
1785617545.7,82,47
1785617546.0,82,46
1785617546.2,81,47
1785617546.6,81,46
1785617546.6,82,17
1785617546.7,82,48
1785617547.1,81,48
1785617547.1,82,2
1785617547.3,82,33
1785617547.7,82,26
1785617547.9,81,17
1785617548.0,81,2
1785617548.3,82,36
1785617548.3,82,46
1785617548.5,82,47
1785617548.7,81,36
1785617548.9,81,33
1785617548.9,81,47
1785617549.1,81,46
1785617549.2,82,17
1785617549.6,82,33
1785617549.7,82,2
1785617550.0,82,35
1785617550.3,81,17
1785617550.4,81,35
1785617550.5,81,2
1785617551.2,82,46
1785617551.7,82,17
1785617551.9,81,46
1785617552.0,82,34
1785617552.4,82,30
1785617552.5,81,34
1785617552.5,82,2
1785617552.9,81,17
1785617553.2,81,2
1785617553.7,82,41
1785617554.7,81,33
1785617554.7,82,3
1785617555.8,81,26
1785617556.0,82,33
1785617556.3,82,26
1785617556.8,81,33
1785617558.0,81,26
1785617569.0,82,48
1785617569.5,81,48
1785617571.3,82,47
1785617571.3,82,48
1785617571.7,81,48
1785617572.0,81,47
1785617572.0,82,36
1785617572.3,82,40
1785617572.6,81,36
1785617572.9,81,40
1785617573.4,82,47
1785617574.0,81,47
1785617574.5,82,35
1785617575.1,81,35
1785617575.7,82,40
1785617575.9,82,19
1785617576.3,81,19
1785617576.3,81,40
1785617576.3,82,46
1785617576.7,82,17
1785617576.8,81,30
1785617577.3,82,34
1785617577.5,82,2
1785617578.1,81,34
1785617578.2,81,3
1785617578.5,81,41
1785617578.5,82,48
1785617578.7,82,40
1785617579.0,81,48
1785617579.3,81,40
1785617579.8,82,42
1785617580.2,81,7
1785617580.4,82,7
1785617580.9,82,47
1785617581.2,82,48
1785617581.3,82,29
1785617581.3,82,31
1785617581.5,81,47
1785617581.6,81,38
1785617581.6,82,40
1785617581.7,81,48
1785617581.8,81,29
1785617581.8,82,38
1785617582.2,81,40
1785617582.8,82,48
1785617582.9,81,7
1785617583.2,82,7
1785617583.3,82,8
1785617583.4,81,48
1785617583.5,82,19
1785617583.6,81,8
1785617583.8,82,8
1785617583.8,82,26
1785617583.8,82,47
1785617584.3,81,19
1785617584.6,81,47
1785617584.6,82,40
1785617584.7,82,33
1785617585.0,81,40
1785617585.9,81,7
1785617586.5,82,47
1785617586.6,82,7
1785617587.0,81,47
1785617587.8,81,38
1785617587.8,82,40
1785617588.1,81,40
1785617588.6,81,24
1785617588.9,82,38
1785617589.0,82,24
1785617589.1,81,7
1785617589.9,82,48
1785617590.4,81,48
1785617591.0,82,19
1785617591.2,82,7
1785617591.7,82,40
1785617592.0,81,19
1785617592.4,81,40
1785617592.9,82,47
1785617593.2,81,47
1785617593.2,82,48
1785617593.8,81,48
1785617594.2,82,40
1785617594.8,81,40
1785617596.1,81,38
1785617596.1,82,40
1785617596.1,82,47
1785617596.4,81,47
1785617596.6,81,40
1785617596.8,82,47
1785617597.0,81,24
1785617597.5,81,7
1785617597.6,82,38
1785617597.7,82,24
1785617598.4,81,47
1785617599.3,82,7
1785617599.9,81,38
1785617599.9,82,40
1785617600.2,82,39
1785617600.4,81,40
1785617601.0,81,24
1785617601.2,82,22
1785617601.3,81,7
1785617602.0,82,4
1785617610.8,82,30
1785617611.7,82,41
1785617612.0,81,30
1785617612.2,82,3
1785617613.0,81,41
1785617613.4,81,3
1785617613.4,81,42
1785617613.8,81,31
1785617614.3,82,42
1785617614.4,81,8
1785617615.6,81,42
1785617616.4,82,29
1785617616.4,82,31
1785617616.8,82,48
1785617617.0,81,29
1785617617.0,81,31
1785617617.6,81,48
1785617617.7,82,42
1785617617.9,82,8
1785617618.5,82,29
1785617618.5,82,31
1785617618.9,82,48
1785617619.9,81,42
1785617620.0,81,29
1785617620.0,81,31
1785617620.0,81,48
1785617620.8,82,42
1785617621.0,82,29
1785617621.0,82,31
1785617621.0,82,48
1785617621.3,81,29
1785617622.0,82,29
1785617622.6,81,29
1785617622.6,81,31
1785617622.6,81,48
1785617623.4,81,42
1785617623.4,82,31
1785617623.7,81,31
1785617624.4,82,48
1785617624.5,82,47
1785617624.6,81,8
1785617625.1,82,36
1785617625.2,81,47
1785617625.9,81,36
1785617626.1,82,47
1785617627.6,82,35
1785617627.9,82,36
1785617628.2,81,35
1785617628.2,81,36
1785617628.5,81,47
1785617628.9,81,48
1785617630.4,82,36
1785617630.8,82,34
1785617631.0,81,36
1785617631.0,82,48
1785617631.3,82,35
1785617631.8,81,34
1785617632.3,81,35
1785617633.0,81,48
1785617633.4,82,36
1785617634.0,81,36
1785617634.6,82,34
1785617635.5,81,33
1785617635.6,81,46
1785617635.9,82,46
1785617636.0,81,34
1785617636.2,81,26
1785617636.7,82,34
1785617637.2,82,35
1785617637.6,81,46
1785617637.8,82,33
1785617637.9,82,46
1785617638.0,81,34
1785617638.0,82,26
1785617638.3,81,35
1785617639.2,82,34
1785617640.0,81,33
1785617640.1,81,46
1785617640.3,81,34
1785617640.9,82,33
1785617641.0,82,47
1785617641.2,82,46
1785617641.5,81,2
1785617641.8,82,34
1785617642.1,82,2
1785617642.4,81,33
1785617642.5,81,47
1785617642.6,82,33
1785617642.9,81,34
1785617643.5,82,47
1785617644.1,81,33
1785617644.2,82,38
1785617644.6,82,24
1785617644.6,82,33
1785617645.7,81,47
1785617645.8,82,7
1785617646.0,81,33
1785617646.0,82,47
1785617647.1,81,26
1785617647.3,81,46
1785617647.7,82,26
1785617647.8,82,33
1785617648.6,82,46
1785617648.7,81,33
1785617648.7,81,38
1785617648.7,82,40
1785617648.8,81,2
1785617649.2,81,47
1785617649.3,82,47
1785617649.5,82,2
1785617649.8,81,26
1785617650.1,81,46
1785617650.1,82,19
1785617651.1,81,19
1785617651.3,81,17
1785617651.5,82,46
1785617651.6,81,2
1785617651.8,81,47
1785617651.8,82,17
1785617652.5,82,2
1785617653.1,82,19
1785617653.4,82,47
1785617653.7,81,19
1785617653.8,81,46
1785617654.3,82,46
1785617654.9,82,19
1785617655.0,82,36
1785617655.3,81,47
1785617655.4,81,36
1785617655.6,81,19
1785617655.7,82,48
1785617656.7,81,46
1785617656.9,82,47
1785617657.0,82,35
1785617657.0,82,46
1785617657.1,81,48
1785617657.4,81,35
1785617658.3,81,47
1785617658.8,81,46
1785617658.9,82,34
1785617658.9,82,46
1785617658.9,82,48
1785617659.4,81,34
1785617659.7,82,47
1785617660.2,81,48
1785617660.6,81,46
1785617661.3,82,46
1785617661.7,81,47
1785617661.9,81,2
1785617662.3,82,2
1785617662.3,82,26
1785617662.4,82,47
1785617662.5,82,33
1785617662.6,81,33
1785617662.7,82,48
1785617662.9,81,46
1785617662.9,81,48
1785617663.6,81,26
1785617663.8,81,47
1785617663.9,82,36
1785617664.0,81,17
1785617664.0,82,46
1785617664.2,81,2
1785617664.4,81,36
1785617664.4,82,17
1785617665.0,82,2
1785617665.1,82,47
1785617665.5,81,46
1785617666.0,82,35
1785617666.2,82,46
1785617666.5,81,35
1785617666.5,81,47
1785617666.7,81,2
1785617667.1,82,47
1785617667.3,82,2
1785617667.5,81,46
1785617668.1,82,34
1785617668.3,81,47
1785617668.6,81,34
1785617668.7,82,46
1785617668.8,81,17
1785617668.9,81,2
1785617669.2,82,17
1785617669.3,82,48
1785617669.8,82,2
1785617669.9,81,46
1785617670.0,81,48
1785617670.9,82,46
1785617671.3,81,2
1785617671.6,82,26
1785617671.9,82,33
1785617672.0,81,33
1785617672.0,82,2
1785617672.4,81,46
1785617672.6,82,47
1785617673.0,81,26
1785617673.2,82,46
1785617673.3,81,47
1785617674.2,81,2
1785617674.3,82,2
1785617675.0,82,48
1785617675.1,81,46
1785617675.3,82,38
1785617675.5,81,48
1785617676.4,81,17
1785617676.9,81,2
1785617677.3,82,46
1785617677.3,82,47
1785617677.8,82,17
1785617677.9,81,47
1785617678.5,82,2
1785617678.7,81,46
1785617680.1,81,2
1785617680.1,81,17
1785617680.8,82,46
1785617681.5,82,17
1785617681.8,81,46
1785617682.0,82,2
1785617683.1,81,2
1785617683.2,81,17
1785617692.3,82,48
1785617693.6,81,48
1785617695.1,82,47
1785617695.8,82,48
1785617696.6,81,48
1785617696.7,81,47
1785617697.6,81,39
1785617698.1,81,22
1785617698.4,81,4
1785617698.4,82,30
1785617698.4,82,41
1785617698.9,81,40
1785617699.5,82,47
1785617699.7,82,43
1785617700.4,81,30
1785617700.4,81,38
1785617700.4,82,40
1785617700.8,81,47
1785617700.8,82,3
1785617700.9,82,8
1785617701.0,81,40
1785617701.1,82,29
1785617701.2,81,24
1785617701.4,81,7
1785617701.9,82,48
1785617702.1,81,3
1785617702.1,81,48
1785617702.2,82,46
1785617702.6,82,17
1785617703.5,81,43
1785617704.5,82,2
1785617704.7,82,31
1785617704.8,82,43
1785617705.0,82,19
1785617705.4,81,29
1785617705.4,81,31
1785617705.5,82,47
1785617705.7,81,19
1785617705.7,81,43
1785617705.8,81,8
1785617706.9,81,47
1785617707.9,82,36
1785617708.4,81,36
1785617710.0,82,35
1785617710.5,81,35
1785617711.7,82,36
1785617712.0,81,41
1785617712.2,81,36
1785617712.3,82,34
1785617712.8,81,34
1785617713.2,82,42
1785617713.6,82,3
1785617713.9,81,3
1785617713.9,82,35
1785617714.4,81,35
1785617714.4,81,42
1785617714.6,82,36
1785617715.1,81,36
1785617715.3,82,31
1785617715.7,82,42
1785617716.1,81,42
1785617716.3,82,34
1785617716.4,82,36
1785617716.9,82,26
1785617716.9,82,33
1785617716.9,82,35
1785617717.0,81,34
1785617717.0,81,36
1785617717.4,82,8
1785617717.6,81,35
1785617717.6,82,42
1785617718.8,82,35
1785617718.9,82,48
1785617719.4,81,35
1785617719.7,81,48
1785617719.7,82,34
1785617720.5,81,34
1785617721.5,82,36
1785617721.6,82,48
1785617721.8,82,34
1785617722.5,81,36
1785617722.6,81,48
1785617722.7,81,34
1785617723.6,82,47
1785617723.8,81,42
1785617724.1,82,35
1785617725.2,81,31
1785617725.2,81,47
1785617725.5,81,8
1785617725.5,81,35
1785617725.6,82,48
1785617725.9,81,46
1785617726.1,82,46
1785617726.6,81,48
1785617727.4,82,48
1785617727.6,82,34
1785617728.1,82,47
1785617728.5,81,48
1785617728.9,82,48
1785617730.1,81,34
1785617730.4,81,48
1785617730.7,82,36
1785617731.2,81,36
1785617733.1,81,47
1785617734.0,82,35
1785617734.0,82,48
1785617735.0,81,35
1785617735.0,82,36
1785617735.7,81,36
1785617737.9,82,47
1785617738.0,81,48
1785617738.1,82,48
1785617738.2,81,48
1785617739.4,82,35
1785617740.7,81,35
1785617740.7,81,47
1785617740.7,82,34
1785617741.0,82,41
1785617741.2,82,30
1785617741.6,81,2
1785617741.7,82,2
1785617742.9,81,46
1785617743.1,82,3
1785617743.3,82,48
1785617743.5,81,2
1785617743.6,82,2
1785617743.8,81,2
1785617744.0,81,30
1785617744.0,81,48
1785617744.1,82,46
1785617744.5,82,19
1785617744.6,82,2
1785617744.8,81,19
1785617746.5,81,46
1785617747.1,82,47
1785617747.3,81,34
1785617747.3,82,46
1785617748.2,81,2
1785617748.3,82,19
1785617748.4,81,47
1785617748.4,82,2
1785617748.9,81,19
1785617749.2,82,30
1785617749.4,82,34
1785617749.8,81,46
1785617750.1,82,38
1785617750.3,82,24
1785617750.4,82,46
1785617751.4,82,19
1785617751.6,82,47
1785617752.0,81,19
1785617752.1,82,7
1785617752.7,81,47
1785617753.1,82,19
1785617753.3,81,34
1785617753.6,82,34
1785617753.7,81,19
1785617754.9,82,47
1785617756.0,81,47
1785617757.2,81,34
1785617760.9,81,46
1785617762.1,81,17
1785617762.3,81,2
1785617762.8,82,17
1785617762.8,82,46
1785617763.3,82,36
1785617763.4,82,48
1785617763.6,82,2
1785617763.9,81,36
1785617763.9,81,48
1785617764.9,82,48
1785617765.1,81,46
1785617765.4,81,48
1785617765.6,82,47
1785617766.2,81,47
1785617766.2,82,35
1785617766.6,81,2
1785617766.8,81,17
1785617766.9,81,35
1785617767.0,82,47
1785617767.5,81,47
1785617768.9,82,39
1785617769.0,82,36
1785617769.0,82,46
1785617769.0,82,47
1785617769.5,81,47
1785617769.7,82,17
1785617769.7,82,47
1785617769.9,81,47
1785617770.1,81,36
1785617770.1,81,46
1785617770.1,82,2
1785617770.3,82,46
1785617771.2,82,19
1785617771.3,81,46
1785617771.8,81,19
1785617771.8,82,34
1785617771.8,82,47
1785617772.0,82,19
1785617772.3,81,19
1785617772.4,81,47
1785617772.4,82,35
1785617772.4,82,45
1785617772.4,82,46
1785617772.6,81,17
1785617772.9,81,2
1785617773.0,82,17
1785617773.3,82,36
1785617773.6,81,45
1785617773.6,82,43
1785617773.7,82,2
1785617774.0,81,36
1785617774.0,82,19
1785617774.1,82,31
1785617774.2,81,46
1785617774.3,81,19
1785617774.3,81,31
1785617774.9,82,8
1785617775.1,81,35
1785617775.2,82,46
1785617775.3,82,36
1785617775.4,82,29
1785617775.7,81,2
1785617775.7,81,36
1785617776.1,81,34
1785617776.2,81,46
1785617776.5,82,35
1785617776.6,82,2
1785617777.3,81,17
1785617777.5,81,35
1785617777.6,81,2
1785617777.6,82,34
1785617778.2,82,48
1785617778.5,81,48
1785617779.0,82,31
1785617779.6,81,29
1785617779.6,81,31
1785617780.0,81,34
1785617780.0,82,29
1785617780.0,82,31
1785617780.2,81,33
1785617780.5,81,8
1785617780.5,81,31
1785617780.9,82,47
1785617781.4,81,47
1785617781.5,82,33
1785617781.6,81,29
1785617781.7,81,43
1785617781.9,82,34
1785617783.5,81,33
1785617783.7,82,33
1785617783.9,81,34
1785617784.6,82,34
1785617784.6,82,47
1785617784.9,82,48
1785617785.2,81,47
1785617785.3,81,48
1785617785.3,82,46
1785617785.4,81,33
1785617785.9,82,17
1785617786.5,82,2
1785617786.6,81,26
1785617786.6,82,19
1785617786.7,81,46
1785617786.7,82,33
1785617787.0,81,19
1785617787.0,81,34
1785617787.0,82,26
1785617787.0,82,47
1785617787.5,81,47
1785617787.9,82,46
1785617788.0,81,17
1785617788.0,82,34
1785617788.2,81,2
1785617788.2,81,33
1785617788.3,82,17
1785617789.0,81,46
1785617789.0,82,19
1785617789.1,82,2
1785617789.2,82,33
1785617789.3,81,19
1785617789.5,81,34
1785617789.7,82,48
1785617790.2,81,48
1785617790.2,82,46
1785617790.3,81,2
1785617790.4,81,17
1785617790.8,82,17
1785617791.1,81,46
1785617791.3,82,2
1785617791.5,81,33
1785617792.4,81,17
1785617792.4,81,26
1785617792.6,81,2
1785617793.1,82,33
1785617793.2,82,26
1785617793.9,82,19
1785617794.3,81,19
1785617794.6,81,33
1785617794.9,82,33
1785617794.9,82,46
1785617795.7,82,17
1785617795.8,81,46
1785617796.3,81,33
1785617796.6,82,2
1785617797.2,81,17
1785617797.3,81,2
1785617797.5,81,26
1785617797.7,82,46
1785617797.7,82,47
1785617798.1,82,17
1785617798.3,81,47
1785617798.5,81,46
1785617798.8,82,2
1785617799.9,81,17
1785617800.0,81,2
1785617800.9,82,47
1785617801.4,81,47
1785617801.8,82,46
1785617802.5,82,17
1785617803.0,82,2
1785617803.6,81,46
1785617804.1,82,47
1785617804.8,81,47
1785617805.1,81,17
1785617805.2,81,2
1785617805.5,82,46
1785617805.8,82,17
1785617806.6,82,2
1785617806.9,82,19
1785617807.2,81,19
1785617807.3,82,47
1785617808.0,81,47
1785617810.1,82,19
1785617810.5,81,19
1785617811.8,82,40
1785617812.3,81,40
1785617812.4,82,36
1785617813.3,81,36
1785617813.3,81,39
1785617814.8,82,40
1785617815.5,81,40
1785617815.9,82,35
1785617816.6,81,35
1785617817.3,82,40
1785617817.8,81,40
1785617819.1,81,38
1785617819.1,82,40
1785617819.3,82,34
1785617819.6,81,40
1785617820.1,81,34
1785617820.2,81,24
1785617820.4,82,38
1785617820.6,81,7
1785617820.7,82,24
1785617821.6,82,36
1785617821.9,82,7
1785617822.0,81,38
1785617822.0,82,40
1785617822.2,81,36
1785617822.4,81,40
1785617823.2,81,24
1785617823.4,82,38
1785617823.6,81,7
1785617823.9,82,24
1785617824.0,82,35
1785617824.5,81,35
1785617825.1,82,7
1785617825.2,82,36
1785617825.3,82,35
1785617825.4,81,38
1785617825.4,82,33
1785617825.4,82,40
1785617825.5,82,26
1785617825.8,81,35
1785617825.8,81,36
1785617826.0,81,40
1785617826.0,82,48
1785617826.4,81,30
1785617826.5,82,34
1785617826.9,81,24
1785617826.9,81,48
1785617827.0,81,7
1785617827.1,81,34
1785617827.4,82,47
1785617827.7,81,41
1785617827.8,82,35
1785617827.8,82,36
1785617827.9,82,34
1785617828.0,82,48
1785617828.3,81,35
1785617828.4,81,36
1785617828.6,82,42
1785617828.7,81,34
1785617828.8,81,48
1785617828.9,81,47
1785617829.4,82,47
1785617830.5,82,35
1785617830.6,82,34
1785617830.7,82,36
1785617830.8,82,31
1785617831.2,81,47
1785617831.3,81,35
1785617831.3,81,36
1785617831.6,81,34
1785617831.8,81,3
1785617832.4,82,8
1785617832.6,82,34
1785617833.1,82,47
1785617833.3,82,35
1785617833.4,82,19
1785617833.8,81,34
1785617834.1,81,35
1785617834.4,81,47
1785617834.5,81,19
1785617834.5,82,34
1785617836.2,81,34
1785617837.7,82,34
1785617838.3,82,35
1785617838.7,82,36
1785617838.9,82,19
1785617839.1,81,35
1785617839.8,81,42
1785617840.1,81,36
1785617840.2,81,19
1785617840.6,81,31
1785617840.9,81,8
1785617842.2,82,35
1785617842.9,81,34
1785617843.6,82,3
1785617843.7,81,35
1785617843.7,82,36
1785617844.0,82,35
1785617844.7,81,36
1785617845.8,81,3
1785617850.9,81,35
1785617852.0,82,39
1785617852.1,82,38
1785617852.4,82,24
1785617852.8,82,22
1785617854.0,82,4
1785617854.0,82,7
1785617855.6,81,46
1785617856.4,82,46
1785617856.6,82,19
1785617857.8,81,19
1785617858.6,81,46
1785617859.4,81,33
1785617859.7,82,46
1785617860.0,81,2
1785617860.5,81,26
1785617860.7,82,19
1785617860.7,82,26
1785617860.8,82,2
1785617861.1,82,33
1785617861.6,82,47
1785617861.8,81,46
1785617862.5,81,19
1785617862.8,82,46
1785617863.3,81,47
1785617864.5,81,46
1785617864.5,82,34
1785617865.0,82,19
1785617865.3,81,33
1785617865.5,81,19
1785617865.6,82,46
1785617865.8,82,33
1785617865.9,81,46
1785617866.1,81,34
1785617866.5,82,46
1785617867.2,81,2
1785617867.2,82,19
1785617867.2,82,34
1785617867.6,81,19
1785617867.6,82,2
1785617867.7,81,33
1785617868.6,81,26
1785617868.7,81,34
1785617868.9,82,26
1785617869.0,82,33
1785617869.4,82,35
1785617870.6,81,33
1785617870.6,81,46
1785617870.6,82,19
1785617870.8,81,19
1785617870.9,81,35
1785617871.1,82,34
1785617871.1,82,46
1785617871.2,82,33
1785617872.2,81,2
1785617872.3,81,34
1785617872.4,82,2
1785617872.4,82,34
1785617872.6,81,33
1785617872.8,81,46
1785617873.2,82,35
1785617873.3,82,46
1785617873.5,81,34
1785617873.6,82,33
1785617874.3,81,2
1785617874.5,81,35
1785617874.5,82,2
1785617874.7,81,33
1785617874.9,81,46
1785617875.0,82,34
1785617875.8,81,26
1785617875.9,81,34
1785617876.2,81,17
1785617876.4,81,2
1785617876.9,82,35
1785617877.2,82,33
1785617877.6,81,35
1785617877.6,82,26
1785617877.8,82,46
1785617877.9,82,17
1785617878.0,82,34
1785617878.4,82,47
1785617878.8,82,2
1785617878.9,81,34
1785617879.4,81,47
1785617879.7,81,33
1785617880.1,82,33
1785617880.1,82,35
1785617880.4,82,47
1785617880.8,82,34
1785617881.3,81,35
1785617881.6,81,33
1785617881.6,81,34
1785617881.7,81,47
1785617882.0,82,36
1785617882.5,81,36
1785617882.8,81,26
1785617883.2,82,33
1785617883.4,82,26
1785617884.2,82,35
1785617884.3,82,34
1785617884.7,81,33
1785617884.8,82,19
1785617884.9,81,35
1785617885.0,81,34
1785617885.5,81,19
1785617885.5,82,33
1785617886.7,82,34
1785617886.8,81,33
1785617887.3,81,34
1785617888.0,81,26
1785617888.6,82,33
1785617888.7,82,26
1785617889.7,81,33
1785617890.8,82,33
1785617891.6,81,33
1785617893.0,81,26
1785617896.2,82,43
1785617896.7,81,43
1785617897.2,82,31
1785617897.4,82,8
1785617897.8,81,31
1785617897.8,82,29
1785617897.8,82,43
1785617898.1,81,46
1785617898.5,82,46
1785617899.0,82,47
1785617899.4,81,47
1785617900.8,81,46
1785617902.1,81,17
1785617902.1,82,47
1785617902.3,81,2
1785617902.3,82,48
1785617902.4,81,48
1785617902.6,81,47
1785617902.9,82,46
1785617903.5,82,17
1785617903.6,81,8
1785617904.0,82,42
1785617904.1,82,2
1785617904.2,81,42
1785617904.2,81,46
1785617904.2,82,48
1785617904.5,82,47
1785617904.6,81,29
1785617904.9,81,48
1785617904.9,82,8
1785617905.0,82,29
1785617905.3,81,17
1785617905.3,81,47
1785617905.3,82,46
1785617905.6,81,2
1785617905.6,82,48
1785617906.1,81,43
1785617906.1,82,17
1785617906.2,81,46
1785617906.2,81,48
1785617906.7,82,2
1785617907.0,82,47
1785617907.1,82,36
1785617907.1,82,43
1785617907.4,81,17
1785617907.5,81,36
1785617907.6,81,47
1785617907.7,81,2
1785617908.0,82,30
1785617908.2,82,47
1785617908.3,82,48
1785617908.7,81,47
1785617908.8,82,46
1785617908.9,81,48
1785617909.0,82,35
1785617909.3,82,3
1785617909.3,82,17
1785617909.5,81,35
1785617909.6,81,30
1785617909.7,81,8
1785617909.8,81,46
1785617909.8,82,48
1785617909.9,82,2
1785617910.0,82,30
1785617910.3,81,48
1785617910.5,82,36
1785617910.6,81,43
1785617910.9,81,29
1785617910.9,82,35
1785617911.0,81,36
1785617911.0,82,34
1785617911.0,82,47
1785617911.1,81,2
1785617911.1,81,17
1785617911.3,81,35
1785617911.4,82,46
1785617911.5,81,34
1785617911.6,81,30
1785617911.6,81,47
1785617911.8,82,17
1785617912.3,82,47
1785617912.4,81,3
1785617912.4,82,2
1785617912.5,82,35
1785617912.8,82,34
1785617912.9,81,35
1785617913.0,81,47
1785617913.3,81,34
1785617913.6,81,46
1785617914.3,82,26
1785617914.4,82,33
1785617914.6,82,34
1785617914.7,81,33
1785617914.9,81,2
1785617914.9,81,17
1785617914.9,82,19
1785617915.1,81,34
1785617915.1,82,46
1785617915.3,81,19
1785617915.6,82,17
1785617915.9,81,26
1785617916.1,81,46
1785617916.2,82,2
1785617916.2,82,26
1785617916.4,82,33
1785617916.6,81,33
1785617916.9,82,46
1785617917.5,81,2
1785617917.6,81,26
1785617917.6,81,46
1785617917.7,82,2
1785617918.2,82,33
1785617918.6,82,26
1785617919.0,81,2
1785617919.0,81,17
1785617920.7,81,33
1785617923.1,82,33
1785617923.3,82,40
1785617923.7,81,39
1785617924.1,81,22
1785617924.3,81,4
1785617924.8,81,33
1785617924.8,81,40
1785617926.0,81,26
1785617926.2,81,38
1785617926.2,82,40
1785617926.2,82,43
1785617926.7,81,40
1785617927.1,82,8
1785617927.3,82,29
1785617927.4,81,24
1785617927.5,81,7
1785617927.7,81,43
1785617928.4,82,43
1785617928.7,82,45
1785617929.0,81,45
1785617929.3,82,31
1785617929.8,81,31
1785617930.0,82,38
1785617930.1,82,24
1785617931.5,82,7
1785617931.9,81,38
1785617931.9,82,40
1785617932.3,81,40
1785617932.9,82,38
1785617933.4,81,7
1785617933.9,81,43
1785617934.2,81,8
1785617934.7,82,7
1785617935.0,82,43
1785617935.1,81,38
1785617935.2,81,43
1785617935.2,82,40
1785617935.4,81,29
1785617935.5,81,40
1785617936.4,81,24
1785617936.5,81,7
1785617940.3,82,3
1785617940.9,82,39
1785617942.0,81,3
1785617957.8,82,24
1785617958.1,82,38
1785617960.3,82,7
1785617962.3,81,39
1785617962.4,82,40
1785617963.0,81,40
1785617963.7,81,7
1785617964.2,82,7
1785617965.2,82,40
1785617965.7,81,40
1785617965.8,81,38
1785617966.0,81,24
1785617966.0,82,2
1785617966.2,81,7
1785617966.5,81,2
1785617966.5,82,24
1785617966.8,81,24
1785617968.0,82,30
1785617968.3,82,17
1785617968.5,82,2
1785617968.6,81,2
1785617968.6,81,17
1785617969.0,82,17
1785617969.3,81,17
1785617969.3,82,2
1785617969.5,81,2
1785617969.6,82,2
1785617970.1,81,2
1785617970.7,82,3
1785617978.2,82,41
1785617981.1,82,42
1785617981.6,81,30
1785617982.1,81,42
1785617982.5,81,41
1785617982.7,82,31
1785617982.9,81,3
1785617983.5,82,42
1785617984.2,82,8
1785617987.3,82,3
1785617988.1,81,3
1785617993.1,81,42
1785617993.6,81,31
1785617994.1,81,8
1785617995.6,82,40
1785617995.9,81,40
1785618005.3,82,30
1785618005.6,82,41
1785618007.1,82,3
1785618008.0,81,30
1785618009.6,81,3
1785618010.2,82,38
1785618010.6,82,24
1785618010.8,81,41
1785618012.0,82,7
1785618014.7,82,42
1785618016.8,82,31
1785618017.6,82,30
1785618017.7,82,41
1785618018.2,82,8
1785618018.8,81,30
1785618019.0,81,41
1785618019.7,82,3
1785618020.0,81,3
1785618020.0,81,38
1785618020.0,82,40
1785618020.6,81,24
1785618020.7,81,40
1785618021.1,81,7
1785618026.8,82,30
1785618027.3,82,41
1785618028.8,82,3
1785618029.6,81,30
1785618029.7,81,41
1785618030.9,81,3
1785618031.8,81,31
1785618031.8,81,42
1785618032.2,82,29
1785618032.2,82,31
1785618032.6,81,29
1785618033.0,81,8
1785618033.5,82,8
1785618033.7,82,42
1785618033.8,82,38
1785618034.4,82,24
1785618034.8,81,42
1785618035.4,82,7
1785618035.4,82,42
1785618036.1,81,38
1785618036.1,82,40
1785618037.1,81,40
1785618037.3,81,42
1785618037.5,81,24
1785618038.0,81,7
1785618038.2,81,31
1785618038.3,82,48
1785618038.4,82,30
1785618038.5,81,8
1785618038.5,81,48
1785618038.6,82,41
1785618040.0,82,3
1785618040.0,82,39
1785618040.5,82,47
1785618040.7,82,22
1785618041.2,81,30
1785618041.3,81,47
1785618041.7,82,4
1785618042.5,82,40
1785618042.5,82,47
1785618042.6,82,48
1785618043.2,81,47
1785618043.3,81,48
1785618043.3,82,19
1785618043.4,81,3
1785618043.6,81,19
1785618044.2,82,48
1785618044.9,81,48
1785618045.5,82,47
1785618046.3,82,46
1785618046.4,81,47
1785618046.7,82,17
1785618046.8,82,48
1785618047.2,81,48
1785618047.5,82,47
1785618047.6,82,2
1785618048.4,81,47
1785618048.5,82,48
1785618048.7,82,19
1785618049.3,81,48
1785618049.4,81,19
1785618050.1,82,48
1785618050.3,82,47
1785618050.7,81,48
1785618051.1,81,39
1785618051.1,82,48
1785618051.4,81,4
1785618051.4,81,22
1785618051.7,81,47
1785618051.7,82,19
1785618052.0,81,19
1785618052.2,81,48
1785618052.8,82,43
1785618052.9,82,47
1785618053.0,81,47
1785618053.7,82,31
1785618053.9,82,8
1785618054.1,81,31
1785618054.1,82,29
1785618055.2,82,47
1785618055.7,82,19
1785618056.1,81,19
1785618056.1,82,3
1785618057.5,82,48
1785618057.8,81,47
1785618058.0,82,30
1785618058.5,81,48
1785618058.6,81,8
1785618058.7,82,47
1785618059.2,81,29
1785618059.2,81,43
1785618059.7,82,48
1785618061.3,81,47
1785618062.0,81,48
1785618066.0,81,30
1785618067.4,81,41
1785618067.8,81,3
1785618068.4,82,42
1785618069.6,82,31
1785618071.2,82,8
1785618075.8,82,39
1785618076.0,81,42
1785618076.7,82,36
1785618076.9,81,40
1785618077.1,81,31
1785618077.1,81,36
1785618077.6,81,8
1785618077.7,82,48
1785618078.4,81,48
1785618078.6,82,35
1785618079.1,81,35
1785618080.7,82,34
1785618081.2,81,34
1785618081.9,82,38
1785618082.1,82,24
1785618083.5,82,7
1785618083.6,82,48
1785618083.7,81,38
1785618083.7,82,40
1785618084.1,81,40
1785618085.1,81,7
1785618085.1,81,24
1785618085.1,82,26
1785618085.1,82,33
1785618086.0,82,38
1785618086.1,82,24
1785618086.8,82,36
1785618087.2,81,36
1785618087.9,82,7
1785618088.7,81,48
1785618088.7,82,35
1785618089.1,81,35
1785618090.8,82,34
1785618091.2,81,33
1785618091.4,81,34
1785618092.4,81,26
1785618093.6,81,46
1785618094.0,82,46
1785618095.1,82,26
1785618095.2,82,33
1785618096.1,81,33
1785618096.1,82,48
1785618096.2,81,46
1785618096.5,82,46
1785618097.0,81,26
1785618097.3,82,3
1785618098.0,81,46
1785618098.3,81,48
1785618099.2,81,17
1785618099.4,81,2
1785618099.4,82,46
1785618099.7,82,17
1785618100.4,82,2
1785618101.0,81,46
1785618101.3,81,3
1785618101.4,82,46
1785618102.6,82,19
1785618102.8,81,46
1785618103.0,81,19
1785618104.0,82,46
1785618104.3,81,2
1785618104.5,82,2
1785618104.6,81,46
1785618105.5,82,46
1785618106.1,81,2
1785618106.8,82,2
1785618107.0,81,46
1785618107.9,82,46
1785618108.6,82,48
1785618108.7,81,2
1785618109.0,82,2
1785618110.3,81,46
1785618110.5,82,42
1785618110.7,81,48
1785618110.8,82,30
1785618111.0,82,47
1785618111.4,82,48
1785618111.6,82,8
1785618111.9,81,47
1785618112.1,81,2
1785618112.1,81,17
1785618112.1,82,19
1785618112.3,81,19
1785618112.4,81,30
1785618112.7,81,48
1785618112.7,82,46
1785618112.8,82,3
1785618113.0,82,17
1785618113.9,82,2
1785618114.1,81,3
1785618114.2,82,47
1785618114.3,82,19
1785618114.6,81,19
1785618114.6,82,48
1785618114.8,81,8
1785618115.1,81,47
1785618116.0,81,48
1785618116.3,82,47
1785618116.4,81,46
1785618116.8,82,43
1785618116.8,82,46
1785618116.8,82,48
1785618117.1,81,42
1785618117.3,81,47
1785618118.0,82,31
1785618118.1,81,48
1785618118.3,82,8
1785618118.4,81,31
1785618118.5,81,46
1785618118.7,82,29
1785618118.9,81,43
1785618119.5,82,47
1785618119.7,81,17
1785618119.8,81,2
1785618119.9,82,43
1785618120.1,82,46
1785618120.3,81,47
1785618120.4,82,17
1785618121.3,82,2
1785618121.7,82,47
1785618122.1,81,46
1785618122.1,82,48
1785618122.4,82,46
1785618122.7,81,43
1785618122.7,81,47
1785618122.8,82,31
1785618123.0,81,48
1785618123.2,81,31
1785618123.3,82,47
1785618123.9,81,8
1785618124.2,82,31
1785618124.2,82,43
1785618124.3,81,47
1785618124.5,81,43
1785618124.5,81,46
1785618124.6,81,31
1785618124.9,81,29
1785618124.9,82,46
1785618125.4,82,19
1785618125.7,81,19
1785618125.8,82,47
1785618126.0,82,48
1785618126.6,81,46
1785618126.6,81,47
1785618126.7,82,19
1785618126.8,81,48
1785618127.4,81,19
1785618128.0,81,2
1785618128.0,81,17
1785618128.1,82,46
1785618128.4,82,17
1785618128.6,82,48
1785618129.1,81,48
1785618129.2,82,2
1785618129.2,82,36
1785618129.4,82,47
1785618129.6,81,36
1785618130.1,82,36
1785618130.2,81,47
1785618130.5,81,36
1785618131.1,82,35
1785618131.5,81,35
1785618131.5,82,48
1785618131.7,81,48
1785618131.8,82,48
1785618131.9,81,46
1785618131.9,81,48
1785618131.9,82,35
1785618131.9,82,47
1785618132.1,82,46
1785618132.3,81,35
1785618132.5,82,36
1785618132.6,81,47
1785618132.9,82,34
1785618133.0,81,36
1785618133.3,81,34
1785618133.7,81,46
1785618133.8,82,34
1785618133.8,82,48
1785618134.2,81,34
1785618134.2,82,19
1785618134.5,82,35
1785618134.6,81,48
1785618134.7,82,46
1785618134.9,82,36
1785618134.9,82,47
1785618135.0,81,35
1785618135.1,81,2
1785618135.1,81,19
1785618135.6,81,47
1785618135.7,82,2
1785618135.8,81,36
1785618136.0,82,26
1785618136.0,82,33
1785618136.2,81,46
1785618136.3,81,33
1785618136.4,82,34
1785618136.5,82,46
1785618136.9,81,34
1785618137.0,82,35
1785618137.1,82,33
1785618137.3,81,33
1785618137.5,82,47
1785618137.6,81,2
1785618137.7,81,35
1785618137.7,82,36
1785618137.8,82,2
1785618137.9,81,46
1785618138.1,81,47
1785618138.2,81,36
1785618138.4,81,26
1785618138.9,82,34
1785618139.1,81,17
1785618139.2,82,48
1785618139.3,81,2
1785618139.4,81,48
1785618139.5,82,46
1785618139.6,81,34
1785618139.7,82,26
1785618139.8,82,33
1785618139.9,82,35
1785618140.0,81,33
1785618140.1,82,17
1785618140.4,81,35
1785618140.7,82,2
1785618141.0,81,26
1785618141.2,81,46
1785618142.1,82,46
1785618142.2,82,34
1785618142.3,82,33
1785618142.5,82,26
1785618142.6,82,47
1785618142.7,81,33
1785618142.7,81,34
1785618142.9,81,2
1785618143.2,82,2
1785618143.3,81,47
1785618143.5,81,46
1785618143.5,82,36
1785618144.1,81,36
1785618144.2,81,26
1785618145.0,81,2
1785618145.0,81,17
1785618145.6,82,33
1785618145.9,82,26
1785618146.0,81,33
1785618146.1,82,35
1785618146.7,81,35
1785618147.2,82,46
1785618147.5,81,26
1785618147.8,82,17
1785618148.4,81,46
1785618148.4,82,2
1785618148.7,82,34
1785618149.4,81,34
1785618149.7,81,2
1785618149.7,81,17
1785618154.0,82,33
1785618154.1,82,26
1785618158.0,82,40
1785618158.5,81,40
1785618158.9,81,39
1785618160.2,81,38
1785618160.2,82,40
1785618160.7,81,40
1785618161.2,81,24
1785618161.4,82,2
1785618161.6,81,7
1785618161.7,81,2
1785618165.1,82,47
1785618165.2,81,47
1785618169.8,82,46
1785618169.9,82,47
1785618170.4,82,17
1785618170.6,81,47
1785618171.4,82,2
1785618172.3,82,47
1785618172.4,81,47
1785618174.1,81,33
1785618174.1,81,46
1785618174.4,82,19
1785618174.7,81,26
1785618175.0,81,19
1785618175.3,81,2
1785618175.4,81,17
1785618175.6,82,46
1785618176.0,82,17
1785618176.7,82,2
1785618177.4,81,46
1785618177.5,82,46
1785618179.1,81,46
1785618180.5,81,17
1785618180.6,81,2
1785618185.4,82,47
1785618185.5,81,47
1785618188.1,82,46
1785618188.4,82,30
1785618188.6,82,17
1785618188.7,81,46
1785618188.7,82,41
1785618189.2,82,2
1785618189.8,81,17
1785618189.8,82,3
1785618190.2,81,2
1785618192.0,81,30
1785618192.7,82,38
1785618193.1,82,24
1785618195.0,82,7
1785618202.4,82,47
1785618203.0,81,47
1785618206.3,82,46
1785618206.4,81,38
1785618206.4,82,40
1785618206.8,82,17
1785618206.9,81,3
1785618206.9,81,41
1785618207.1,81,40
1785618207.2,81,24
1785618207.6,82,2
1785618207.8,81,7
1785618208.0,82,42
1785618208.3,81,46
1785618209.0,81,42
1785618209.8,82,31
1785618210.2,81,17
1785618210.7,81,2
1785618211.2,82,8
1785618212.3,82,42
1785618213.0,81,42
1785618213.5,82,42
1785618213.7,81,42
1785618215.1,82,42
1785618215.2,81,42
1785618219.0,81,31
1785618219.1,81,8
1785618223.5,82,48
1785618223.6,81,48
1785618225.6,82,47
1785618226.0,82,48
1785618226.1,81,48
1785618226.2,81,47
1785618228.5,82,47
1785618229.1,81,47
1785618230.5,82,47
1785618231.1,82,46
1785618231.2,81,47
1785618231.4,82,17
1785618231.6,82,48
1785618231.9,81,48
1785618232.1,82,2
1785618232.3,82,38
1785618232.7,82,24
1785618233.7,82,36
1785618234.3,82,47
1785618234.4,82,7
1785618234.7,81,36
1785618235.2,81,47
1785618235.9,82,35
1785618236.2,82,48
1785618236.8,81,35
1785618236.8,81,48
1785618237.9,82,34
1785618238.2,82,36
1785618238.6,81,36
1785618238.8,81,34
1785618239.3,82,47
1785618240.1,81,47
1785618240.2,82,35
1785618240.5,81,46
1785618240.7,81,35
1785618240.9,82,46
1785618241.2,82,26
1785618241.4,82,33
1785618241.9,81,33
1785618242.1,82,19
1785618242.1,82,36
1785618242.2,82,34
1785618242.6,81,36
1785618242.7,81,34
1785618242.7,82,48
1785618242.9,81,19
1785618242.9,81,26
1785618243.2,82,47
1785618243.3,81,46
1785618243.3,81,48
1785618243.6,82,46
1785618243.7,81,47
1785618244.3,82,35
1785618244.8,81,35
1785618245.6,82,26
1785618245.7,82,33
1785618245.8,82,47
1785618246.0,81,46
1785618246.1,81,33
1785618246.5,82,46
1785618246.6,81,47
1785618246.6,82,34
1785618247.1,81,34
1785618247.2,81,26
1785618247.3,82,8
1785618247.6,82,29
1785618247.6,82,43
1785618247.7,82,34
1785618248.0,82,26
1785618248.0,82,35
1785618248.0,82,36
1785618248.2,82,33
1785618248.3,81,34
1785618248.4,81,33
1785618248.4,81,46
1785618248.5,81,35
1785618248.5,81,36
1785618248.5,82,46
1785618248.6,82,47
1785618249.4,81,47
1785618249.6,81,26
1785618249.8,82,36
1785618250.0,82,34
1785618250.0,82,35
1785618250.2,82,26
1785618250.3,81,36
1785618250.4,81,46
1785618250.5,81,35
1785618250.6,81,34
1785618250.7,82,33
1785618250.8,81,33
1785618251.3,81,8
1785618251.6,81,17
1785618251.6,82,46
1785618251.8,82,33
1785618252.0,81,2
1785618252.0,81,33
1785618252.0,82,35
1785618252.1,81,43
1785618252.1,82,17
1785618252.2,82,34
1785618252.4,81,29
1785618252.5,81,35
1785618252.7,81,34
1785618252.8,82,2
1785618253.1,81,46
1785618253.2,81,26
1785618253.2,82,30
1785618253.7,82,26
1785618253.7,82,36
1785618254.1,82,34
1785618254.1,82,46
1785618254.2,81,36
1785618254.6,81,2
1785618254.6,81,34
1785618254.8,82,47
1785618255.0,82,41
1785618255.3,82,2
1785618255.3,82,3
1785618255.4,81,47
1785618255.6,81,26
1785618255.6,81,46
1785618255.8,82,26
1785618255.8,82,35
1785618256.3,81,35
1785618256.7,82,47
1785618256.8,81,17
1785618257.0,81,2
1785618257.3,81,47
1785618257.4,81,26
1785618257.8,82,26
1785618257.9,82,33
1785618258.0,82,34
1785618258.1,81,33
1785618258.5,82,46
1785618258.6,81,34
1785618258.6,82,47
1785618258.8,82,17
1785618259.1,82,19
1785618259.2,81,47
1785618259.5,81,19
1785618259.5,81,26
1785618259.5,81,46
1785618259.7,82,2
1785618260.3,82,46
1785618260.7,81,17
1785618261.0,81,2
1785618261.1,82,17
1785618261.3,81,46
1785618261.6,82,2
1785618262.0,82,33
1785618262.2,82,26
1785618262.5,81,17
1785618262.8,81,2
1785618262.8,81,33
1785618263.0,82,46
1785618263.5,82,17
1785618263.9,81,26
1785618264.4,82,2
1785618264.9,81,46
1785618266.5,81,2
1785618266.5,81,17
1785618267.2,82,48
1785618267.6,81,48
1785618267.8,82,26
1785618268.3,82,33
1785618268.7,82,48
1785618269.5,82,47
1785618269.8,81,33
1785618269.8,81,48
1785618270.2,81,47
1785618270.3,82,47
1785618270.4,81,47
1785618270.8,81,26
1785618271.2,82,47
1785618272.3,81,47
1785618273.2,82,46
1785618273.6,82,17
1785618274.1,81,46
1785618274.2,82,36
1785618274.3,82,2
1785618274.7,81,36
1785618274.8,82,46
1785618275.3,81,2
1785618276.1,82,2
1785618276.3,82,35
1785618276.4,81,46
1785618276.9,81,35
1785618277.6,81,17
1785618277.9,81,2
1785618278.6,82,34
1785618278.7,82,36
1785618279.1,81,34
1785618279.2,81,36
1785618280.6,82,35
1785618281.0,81,35
1785618282.4,82,33
1785618282.5,82,26
1785618282.5,82,34
1785618282.9,81,34
1785618283.0,81,33
1785618284.2,81,26
1785618285.6,82,33
1785618285.6,82,36
1785618285.9,82,26
1785618286.0,81,36
1785618286.1,81,33
1785618287.3,82,35
1785618287.5,81,26
1785618287.6,82,36
1785618287.9,81,35
1785618287.9,81,36
1785618289.4,82,34
1785618289.4,82,35
1785618289.8,81,34
1785618289.8,81,35
1785618291.2,82,34
1785618291.7,81,34
1785618292.6,82,26
1785618292.6,82,33
1785618293.1,81,33
1785618294.4,82,33
1785618294.8,81,33
1785618296.0,81,26
1785618300.1,82,36
1785618300.6,81,36
1785618302.4,82,35
1785618302.7,82,36
1785618303.0,81,35
1785618303.2,82,40
1785618303.3,81,36
1785618303.9,81,40
1785618304.4,81,7
1785618305.1,82,7
1785618305.3,82,34
1785618305.5,82,35
1785618305.8,81,35
1785618306.0,81,34
1785618307.2,82,40
1785618307.7,81,41
1785618307.9,81,40
1785618308.3,82,34
1785618308.5,82,48
1785618308.6,82,42
1785618308.8,82,35
1785618308.8,82,36
1785618309.0,81,48
1785618309.2,81,34
1785618309.3,81,36
1785618309.4,81,35
1785618309.4,81,38
1785618309.4,81,42
1785618309.4,82,40
1785618309.7,82,41
1785618309.8,81,40
1785618309.9,82,48
1785618310.0,82,31
1785618310.4,81,24
1785618310.4,81,30
1785618310.4,82,42
1785618310.5,82,34
1785618310.7,81,48
1785618310.8,81,7
1785618311.1,82,35
1785618311.2,81,41
1785618311.4,81,34
1785618311.4,82,26
1785618311.4,82,33
1785618311.6,81,3
1785618311.8,81,35
1785618311.9,82,8
1785618312.0,82,47
1785618312.1,82,2
1785618312.3,81,2
1785618312.3,82,34
1785618313.1,81,47
1785618313.5,81,42
1785618313.6,81,34
1785618314.1,82,47
1785618314.4,82,42
1785618315.2,81,47
1785618315.5,81,42
1785618315.5,82,34
1785618315.5,82,36
1785618316.0,81,36
1785618316.1,82,47
1785618316.5,82,29
1785618316.8,81,29
1785618317.2,81,34
1785618317.5,81,47
1785618317.8,82,19
1785618318.0,82,35
1785618318.2,82,36
1785618318.3,82,42
1785618318.6,81,19
1785618318.7,81,35
1785618318.8,81,36
1785618319.8,81,42
1785618320.0,82,36
1785618320.6,82,19
1785618320.7,81,31
1785618320.9,81,8
1785618321.0,82,35
1785618321.2,81,19
1785618321.2,82,17
1785618321.3,81,36
1785618321.7,82,46
1785618321.8,81,35
1785618322.2,82,34
1785618322.5,82,47
1785618322.6,82,2
1785618323.3,82,35
1785618323.5,81,47
1785618324.0,81,34
1785618325.1,81,35
1785618325.5,82,35
1785618326.1,82,34
1785618327.0,81,35
1785618331.3,81,34
1785618331.6,82,30
1785618332.7,82,41
1785618333.1,82,34
1785618333.3,81,34
1785618333.5,82,3
1785618339.9,81,46
1785618340.1,82,46
1785618344.5,81,46
1785618344.8,82,43
1785618345.1,81,43
1785618345.6,82,46
1785618345.9,81,33
1785618346.0,81,2
1785618346.4,82,33
1785618346.6,82,2
1785618347.7,81,46
1785618348.2,82,34
1785618348.3,81,33
1785618349.2,82,33
1785618349.4,81,2
1785618349.5,81,17
1785618351.1,81,33
1785618351.1,81,34
1785618351.5,82,34
1785618352.1,82,33
1785618353.1,81,34
1785618354.0,81,33
1785618355.2,81,26
1785618356.1,82,33
1785618356.2,82,26
1785618357.8,81,33
1785618359.0,82,33
1785618360.8,81,33
1785618361.7,81,26
1785618376.7,82,36
1785618377.1,81,36
1785618378.8,82,35
1785618379.5,81,35
1785618379.6,81,30
1785618380.4,81,41
1785618380.4,82,36
1785618380.8,81,36
1785618381.1,81,3
1785618381.6,82,34
1785618381.7,82,42
1785618382.3,81,34
1785618382.6,82,35
1785618383.1,81,42
1785618383.2,81,35
1785618383.4,82,31
1785618383.6,82,30
1785618384.6,82,41
1785618385.1,82,8
1785618385.3,82,34
1785618385.4,82,3
1785618385.9,82,42
1785618386.0,81,34
1785618386.5,81,41
1785618386.8,81,30
1785618386.8,82,26
1785618387.1,82,33
1785618388.0,81,3
1785618390.3,81,42
1785618390.5,82,42
1785618394.8,81,31
1785618395.2,81,8
1785618399.1,81,42
1785618414.6,81,33
1785618415.8,81,26
1785618427.3,82,36
1785618428.4,81,36
1785618429.5,82,35
1785618430.4,81,35
1785618430.7,82,36
1785618431.2,81,36
1785618431.6,82,34
1785618432.5,81,34
1785618433.0,82,35
1785618433.9,81,35
1785618434.6,82,35
1785618435.1,81,35
1785618435.1,82,33
1785618435.2,82,26
1785618435.4,82,34
1785618435.5,81,33
1785618435.5,82,36
1785618436.0,81,34
1785618436.0,81,36
1785618436.3,82,35
1785618436.6,81,35
1785618436.9,81,26
1785618436.9,82,34
1785618436.9,82,38
1785618437.3,82,24
1785618437.5,81,34
1785618437.8,82,35
1785618438.0,82,36
1785618438.3,81,35
1785618438.5,81,36
1785618438.6,82,34
1785618438.8,82,7
1785618438.9,82,33
1785618439.0,82,26
1785618439.3,81,34
1785618439.8,81,33
1785618440.2,82,34
1785618440.3,82,35
1785618440.5,82,33
1785618440.5,82,36
1785618440.8,81,34
1785618440.9,81,35
1785618441.2,81,33
1785618441.5,82,34
1785618441.6,81,36
1785618442.0,81,34
1785618442.2,81,26
1785618442.5,82,36
1785618442.6,82,35
1785618442.8,82,34
1785618443.0,81,36
1785618443.1,82,26
1785618443.4,81,34
1785618443.4,82,33
1785618443.5,81,35
1785618443.7,81,33
1785618444.4,82,33
1785618444.6,82,35
1785618444.8,82,34
1785618445.1,81,35
1785618445.2,82,48
1785618445.7,81,34
1785618446.0,81,48
1785618446.6,82,35
1785618446.9,82,34
1785618447.1,81,35
1785618447.3,82,47
1785618447.4,81,34
1785618447.4,82,40
1785618447.5,81,40
1785618447.8,81,47
1785618448.2,82,47
1785618448.7,81,33
1785618448.8,81,47
1785618449.1,82,33
1785618449.1,82,34
1785618449.3,82,39
1785618449.3,82,47
1785618449.7,81,34
1785618450.0,81,47
1785618450.2,81,33
1785618450.3,82,22
1785618451.1,82,4
1785618451.2,82,33
1785618451.8,82,46
1785618452.5,82,17
1785618452.5,82,19
1785618452.6,81,33
1785618452.8,81,19
1785618453.0,82,33
1785618453.1,82,2
1785618454.3,81,33
1785618454.6,82,47
1785618455.2,82,19
1785618455.3,81,46
1785618455.3,81,47
1785618455.6,81,19
1785618455.6,81,26
1785618456.4,81,2
1785618456.7,82,2
1785618457.3,82,19
1785618457.7,82,47
1785618458.1,81,19
1785618458.2,81,47
1785618459.1,82,46
1785618460.2,82,47
1785618460.9,81,47
1785618462.7,82,47
1785618463.7,81,47
1785618466.1,82,36
1785618466.2,82,47
1785618466.3,82,19
1785618466.7,81,19
1785618466.9,81,36
1785618467.1,81,47
1785618468.0,82,35
1785618468.9,81,35
1785618468.9,81,46
1785618469.2,82,19
1785618469.6,82,46
1785618469.7,81,19
1785618469.9,82,34
1785618470.1,82,47
1785618470.4,82,48
1785618470.5,81,2
1785618470.7,81,34
1785618470.7,82,2
1785618471.1,81,47
1785618471.1,81,48
1785618471.5,81,46
1785618471.6,82,46
1785618472.1,82,47
1785618472.3,82,48
1785618472.9,81,47
1785618473.0,81,48
1785618473.0,82,26
1785618473.2,82,33
1785618473.4,81,46
1785618473.5,81,33
1785618473.5,82,19
1785618473.6,82,47
1785618473.7,82,46
1785618473.8,81,19
1785618474.4,81,47
1785618474.9,81,26
1785618475.1,81,46
1785618475.2,82,19
1785618475.7,82,47
1785618476.1,81,19
1785618476.3,81,2
1785618476.4,81,17
1785618476.5,81,47
1785618476.5,82,46
1785618476.7,82,17
1785618477.6,82,2
1785618478.0,81,46
1785618478.4,82,46
1785618478.9,82,19
1785618479.3,81,2
1785618479.3,81,19
1785618479.6,82,2
1785618481.4,81,46
1785618481.6,82,46
1785618482.6,82,36
1785618482.6,82,48
1785618482.8,82,47
1785618483.0,81,48
1785618483.1,81,46
1785618483.2,81,36
1785618483.7,81,47
1785618484.3,81,17
1785618484.6,81,2
1785618484.8,82,35
1785618485.0,82,47
1785618485.3,81,35
1785618485.5,81,47
1785618485.8,82,48
1785618485.9,81,48
1785618486.3,82,47
1785618486.4,82,46
1785618486.9,81,47
1785618486.9,82,17
1785618486.9,82,34
1785618487.2,82,19
1785618487.5,81,34
1785618487.5,82,2
1785618487.6,81,19
1785618487.6,82,47
1785618487.8,81,46
1785618488.4,81,47
1785618488.7,82,46
1785618488.8,81,2
1785618488.9,82,19
1785618489.0,81,19
1785618489.7,81,46
1785618490.0,82,2
1785618490.5,82,46
1785618490.6,82,26
1785618490.8,82,33
1785618490.9,81,2
1785618491.1,81,33
1785618491.5,82,2
1785618492.0,81,46
1785618492.4,81,26
1785618492.4,82,46
1785618493.1,82,36
1785618493.5,81,36
1785618493.8,81,46
1785618494.7,82,36
1785618494.9,81,17
1785618494.9,82,35
1785618495.1,81,36
1785618495.4,81,35
1785618495.6,81,2
1785618496.7,82,35
1785618496.8,82,34
1785618497.2,81,34
1785618497.2,81,35
1785618498.0,82,36
1785618498.2,82,48
1785618498.5,81,36
1785618498.9,81,48
1785618498.9,82,34
1785618499.4,81,34
1785618499.4,82,36
1785618499.8,81,36
1785618499.8,82,26
1785618500.2,82,33
1785618500.2,82,35
1785618500.3,81,33
1785618500.7,81,35
1785618501.0,82,47
1785618501.2,81,26
1785618501.5,82,35
1785618501.7,81,47
1785618502.0,81,35
1785618502.8,82,34
1785618503.0,82,26
1785618503.0,82,33
1785618503.5,81,34
1785618503.7,82,19
1785618503.9,82,36
1785618504.3,81,19
1785618504.4,81,36
1785618504.4,82,34
1785618505.3,81,34
1785618505.8,81,33
1785618506.3,82,35
1785618506.5,82,46
1785618506.8,82,17
1785618507.0,81,35
1785618507.7,82,33
1785618507.8,82,2
1785618509.6,82,34
1785618510.2,82,40
1785618510.6,81,34
1785618510.8,81,40
1785618511.9,82,43
1785618512.3,81,38
1785618512.7,82,8
1785618513.0,81,24
1785618513.0,81,39
1785618513.0,82,29
1785618513.2,81,7
1785618513.8,81,22
1785618513.8,81,43
1785618513.9,81,4
1785618514.1,82,39
1785618514.9,82,43
1785618516.3,82,47
1785618516.6,82,31
1785618517.0,81,47
1785618517.4,81,31
1785618518.8,82,19
1785618519.1,81,39
1785618519.2,81,19
1785618520.8,82,36
1785618520.8,82,38
1785618521.2,82,24
1785618521.4,81,36
1785618522.4,82,36
1785618522.5,82,7
1785618522.7,81,38
1785618522.7,82,40
1785618523.0,81,8
1785618523.0,81,36
1785618523.1,81,40
1785618523.5,82,35
1785618524.0,81,7
1785618524.0,81,24
1785618524.0,81,29
1785618524.0,81,43
1785618525.0,81,35
1785618525.2,82,35
1785618525.5,82,36
1785618526.0,81,35
1785618526.0,81,36
1785618527.4,82,34
1785618528.2,82,35
1785618528.9,81,35
1785618531.1,82,48
1785618531.2,81,34
1785618531.2,81,48
1785618533.0,82,34
1785618533.4,82,47
1785618533.7,81,46
1785618534.1,81,47
1785618534.8,81,17
1785618535.3,81,2
1785618535.4,82,36
1785618535.8,81,33
1785618535.9,81,36
1785618536.0,81,34
1785618536.3,82,33
1785618536.5,82,48
1785618537.1,81,48
1785618537.7,82,35
1785618538.0,82,46
1785618538.2,81,35
1785618538.5,81,33
1785618538.7,82,17
1785618538.7,82,33
1785618538.9,82,36
1785618539.1,82,47
1785618539.4,81,36
1785618539.4,82,2
1785618539.8,81,47
1785618539.9,81,46
1785618540.6,82,34
1785618541.1,81,33
1785618541.1,82,36
1785618541.2,82,35
1785618541.5,81,34
1785618541.5,81,36
1785618541.6,81,2
1785618541.6,82,33
1785618541.7,81,17
1785618541.7,82,19
1785618541.9,81,35
1785618542.4,81,19
1785618543.3,82,35
1785618543.5,81,33
1785618543.7,82,36
1785618543.9,82,46
1785618544.0,81,35
1785618544.2,81,36
1785618544.2,82,17
1785618544.3,82,33
1785618544.3,82,34
1785618545.1,81,34
1785618545.1,82,2
1785618545.8,81,33
1785618546.0,81,46
1785618546.2,82,35
1785618546.5,82,34
1785618546.8,81,35
1785618547.4,81,34
1785618547.5,82,33
1785618547.6,81,17
1785618547.7,81,2
1785618548.7,81,33
1785618549.3,82,34
1785618549.8,81,26
1785618550.1,82,26
1785618550.1,82,33
1785618550.2,81,34
1785618552.0,81,33
1785618552.4,82,33
1785618552.9,82,47
1785618553.1,81,47
1785618553.9,82,36
1785618554.4,81,33
1785618554.4,81,36
1785618555.1,82,33
1785618555.7,82,40
1785618555.7,82,46
1785618556.0,82,35
1785618556.1,81,40
1785618556.2,82,17
1785618556.2,82,24
1785618556.4,81,33
1785618556.5,81,35
1785618556.5,81,46
1785618556.8,82,7
1785618556.8,82,47
1785618556.9,82,36
1785618557.1,81,24
1785618557.2,81,7
1785618557.2,82,2
1785618557.3,81,36
1785618557.3,81,47
1785618557.6,81,26
1785618557.7,81,17
1785618558.0,81,2
1785618558.1,82,36
1785618558.2,82,34
1785618558.5,81,36
1785618558.6,81,34
1785618558.7,82,35
1785618559.2,81,35
1785618559.8,82,46
1785618560.0,82,35
1785618560.4,81,35
1785618560.4,82,17
1785618560.6,81,46
1785618560.7,82,34
1785618560.8,82,48
1785618560.9,82,2
1785618561.1,81,34
1785618561.4,81,48
1785618561.6,82,26
1785618561.7,82,33
1785618561.7,82,36
1785618561.9,81,2
1785618561.9,81,17
1785618562.0,81,36
1785618562.1,81,33
1785618562.1,82,34
1785618562.6,81,34
1785618562.9,82,48
1785618563.2,82,47
1785618563.3,82,35
1785618563.4,81,26
1785618563.4,81,48
1785618563.7,81,35
1785618563.8,81,47
1785618563.9,82,26
1785618564.1,82,33
1785618564.1,82,35
1785618564.3,81,33
1785618564.5,81,35
1785618565.0,82,34
1785618565.2,82,47
1785618565.4,82,33
1785618565.5,81,34
1785618565.8,81,47
1785618565.8,82,19
1785618566.0,81,19
1785618566.0,81,33
1785618566.0,82,34
1785618566.4,81,34
1785618567.1,82,48
1785618567.6,82,19
1785618567.7,81,26
1785618567.7,81,48
1785618567.8,82,46
1785618568.1,82,17
1785618568.1,82,26
1785618568.1,82,33
1785618568.3,81,33
1785618568.5,81,19
1785618568.9,82,2
1785618568.9,82,48
1785618569.3,82,33
1785618569.5,81,48
1785618569.7,82,47
1785618569.8,81,33
1785618570.0,81,46
1785618570.4,81,47
1785618570.4,82,46
1785618571.0,81,26
1785618571.5,82,47
1785618572.3,81,47
1785618572.5,82,38
1785618572.6,82,24
1785618573.2,81,46
1785618574.2,82,7
1785618574.3,81,17
1785618574.5,81,2
1785618574.5,82,46
1785618574.9,82,42
1785618575.0,82,17
1785618575.1,81,42
1785618575.1,82,43
1785618575.4,82,2
1785618575.7,82,8
1785618576.0,81,46
1785618576.1,82,36
1785618576.2,82,29
1785618576.4,81,36
1785618576.4,81,43
1785618577.1,81,17
1785618577.1,82,46
1785618577.3,81,2
1785618577.4,82,17
1785618577.5,82,43
1785618577.8,82,35
1785618578.2,81,35
1785618578.2,82,2
1785618578.6,81,46
1785618579.7,82,34
1785618579.8,81,17
1785618579.9,81,2
1785618580.1,81,34
1785618582.6,82,26
1785618582.7,81,8
1785618582.8,82,33
1785618583.1,81,33
1785618583.5,81,43
1785618583.6,81,29
1785618584.2,81,26
1785618585.7,82,36
1785618586.1,81,36
1785618587.2,82,30
1785618587.6,82,35
1785618588.0,81,30
1785618588.0,81,35
1785618588.4,82,3
1785618589.4,82,34
1785618589.5,81,3
1785618589.8,81,34
1785618589.9,82,3
1785618591.3,81,3
1785618592.5,82,33
1785618592.6,82,26
1785618592.7,81,33
1785618593.9,81,26
1785618601.5,82,28
1785618602.7,81,28
1785618603.9,82,48
1785618604.4,81,48
1785618604.7,82,40
1785618605.5,81,40
1785618606.7,82,47
1785618607.2,82,30
1785618607.5,81,47
1785618607.6,82,41
1785618608.3,81,30
1785618608.3,82,40
1785618608.7,82,3
1785618608.9,81,40
1785618609.2,81,41
1785618609.3,82,19
1785618609.8,81,3
1785618609.9,81,19
1785618610.2,82,42
1785618611.3,81,38
1785618611.3,82,40
1785618611.5,82,31
1785618611.9,81,40
1785618612.4,81,24
1785618612.4,82,46
1785618612.6,81,7
1785618612.7,82,17
1785618612.8,82,8
1785618613.5,82,2
1785618614.4,81,2
1785618614.7,82,2
1785618619.0,82,41
1785618619.2,82,30
1785618620.8,81,30
1785618620.9,82,3
1785618621.3,81,41
1785618622.0,81,3
1785618623.5,82,38
1785618623.8,82,24
1785618624.4,82,36
1785618624.9,81,36
1785618625.2,82,7
1785618626.6,82,35
1785618627.1,81,35
1785618628.0,81,38
1785618628.0,82,40
1785618628.6,81,40
1785618628.9,81,24
1785618629.0,82,34
1785618629.3,81,7
1785618629.4,82,38
1785618629.5,81,34
1785618629.8,82,24
1785618631.2,81,42
1785618631.2,82,7
1785618632.1,81,31
1785618632.4,81,8
1785618632.5,81,38
1785618632.5,82,40
1785618633.1,82,38
1785618633.5,81,40
1785618633.6,82,26
1785618633.6,82,33
1785618634.2,81,7
1785618635.1,82,36
1785618635.2,82,7
1785618635.6,81,36
1785618637.2,81,38
1785618637.2,82,40
1785618637.5,82,35
1785618637.8,81,40
1785618638.2,81,35
1785618638.5,81,24
1785618638.6,81,7
1785618640.7,82,34
1785618640.9,82,36
1785618641.4,81,36
1785618641.6,81,34
1785618643.2,82,35
1785618643.7,81,35
1785618644.0,81,33
1785618644.7,82,35
1785618645.1,81,26
1785618645.3,81,35
1785618645.7,82,34
1785618646.0,82,26
1785618646.1,82,33
1785618646.4,81,34
1785618647.0,82,35
1785618647.3,82,36
1785618647.5,81,46
1785618647.6,81,35
1785618647.7,81,36
1785618647.7,82,34
1785618647.8,81,33
1785618648.4,81,34
1785618648.7,81,26
1785618649.3,82,35
1785618649.6,82,36
1785618649.7,82,34
1785618649.8,81,35
1785618649.9,82,26
1785618650.0,81,36
1785618650.0,82,33
1785618650.4,81,34
1785618650.9,81,33
1785618651.5,82,35
1785618651.8,82,34
1785618652.0,81,35
1785618652.1,82,36
1785618652.3,82,33
1785618652.4,81,34
1785618652.6,81,36
1785618653.2,81,33
1785618653.6,82,34
1785618654.2,81,34
1785618654.2,82,33
1785618654.2,82,35
1785618654.6,81,35
1785618655.2,81,33
1785618655.6,82,36
1785618655.9,82,33
1785618656.1,81,36
1785618656.1,82,3
1785618656.3,82,34
1785618656.8,81,34
1785618657.0,81,33
1785618657.4,82,33
1785618657.6,82,35
1785618658.0,81,35
1785618658.1,81,33
1785618659.5,81,26
1785618659.5,82,34
1785618659.9,81,34
1785618659.9,82,26
1785618660.1,82,33
1785618660.6,81,33
1785618661.2,81,3
1785618661.6,82,38
1785618662.1,81,26
1785618662.1,82,24
1785618662.8,82,26
1785618663.0,82,33
1785618663.3,81,33
1785618663.9,82,7
1785618664.4,81,2
1785618664.6,81,26
1785618667.0,82,2
1785618667.2,81,17
1785618667.4,81,2
1785618668.6,82,36
1785618669.0,81,36
1785618669.2,82,28
1785618669.9,81,28
1785618670.0,82,43
1785618670.2,82,35
1785618670.4,82,8
1785618670.6,81,35
1785618671.1,82,29
1785618672.0,82,34
1785618672.5,81,34
1785618672.8,82,31
1785618673.4,81,31
1785618674.8,82,31
1785618675.1,82,33
1785618675.2,81,31
1785618675.2,82,26
1785618675.5,81,33
1785618675.8,82,48
1785618676.0,82,31
1785618676.3,81,31
1785618676.3,81,48
1785618676.6,81,26
1785618678.0,82,30
1785618678.2,82,47
1785618678.8,81,47
1785618678.8,82,3
1785618678.9,82,31
1785618679.5,81,8
1785618679.6,81,31
1785618679.9,81,29
1785618680.2,82,48
1785618680.3,81,48
1785618680.5,82,29
1785618680.5,82,31
1785618680.6,82,48
1785618680.8,81,48
1785618680.9,82,48
1785618681.0,81,48
1785618681.8,81,29
1785618681.8,81,31
1785618681.9,81,43
1785618682.5,82,47
1785618683.3,82,46
1785618683.6,82,17
1785618683.8,81,47
1785618684.2,82,2
1785618684.3,82,48
1785618685.0,81,48
1785618685.4,81,38
1785618685.4,82,40
1785618685.8,82,19
1785618686.0,81,40
1785618686.1,81,19
1785618686.2,81,24
1785618686.3,82,47
1785618686.6,81,7
1785618687.4,81,47
1785618687.9,82,47
1785618688.1,82,41
1785618688.7,81,30
1785618689.5,81,41
1785618689.5,81,47
1785618690.2,81,3
1785618690.6,82,42
1785618691.9,82,47
1785618692.1,82,31
1785618693.6,82,8
1785618694.7,81,47
1785618695.0,81,42
1785618696.2,82,42
1785618699.2,81,31
1785618699.4,81,8
1785618699.5,82,48
1785618700.5,81,48
1785618700.6,82,48
1785618701.7,81,48
1785618702.8,82,30
1785618703.2,81,42
1785618704.7,82,3
1785618705.0,82,41
1785618705.3,82,47
1785618706.5,82,36
1785618707.0,81,36
1785618707.6,82,48
1785618708.6,82,35
1785618709.1,81,35
1785618709.6,81,47
1785618709.9,81,48
1785618710.9,82,34
1785618711.3,82,48
1785618711.5,81,34
1785618715.0,82,33
1785618715.3,82,26
1785618716.0,81,48
1785618716.2,81,33
1785618716.3,82,24
1785618716.4,81,46
1785618716.4,82,38
1785618717.4,81,26
1785618717.5,81,2
1785618717.7,82,2
1785618718.4,82,7
1785618718.8,82,48
1785618719.4,82,46
1785618722.5,81,48
1785618722.5,82,19
1785618722.6,81,2
1785618722.8,82,2
1785618723.5,81,19
1785618723.7,81,46
1785618724.2,81,2
1785618724.4,82,46
1785618725.4,82,47
1785618725.7,82,2
1785618727.7,81,47
1785618727.8,81,46
1785618728.1,82,46
1785618728.1,82,47
1785618729.9,81,47
1785618730.0,81,46
1785618730.7,82,46
1785618730.7,82,47
1785618730.8,82,42
1785618731.2,82,48
1785618731.6,81,2
1785618731.6,81,47
1785618731.7,82,2
1785618732.3,81,46
1785618732.6,82,47
1785618733.1,81,48
1785618733.6,81,17
1785618733.7,81,2
1785618733.8,82,48
1785618734.0,81,47
1785618734.7,82,46
1785618735.1,82,17
1785618735.1,82,47
1785618735.9,82,2
1785618736.0,81,48
1785618736.2,81,47
1785618737.0,82,48
1785618737.1,81,46
1785618737.2,82,46
1785618737.5,81,2
1785618737.9,82,47
1785618738.1,81,46
1785618738.4,81,48
1785618738.9,81,47
1785618738.9,82,2
1785618739.3,81,17
1785618739.5,81,2
1785618739.6,82,46
1785618740.1,82,47
1785618740.2,82,17
1785618740.7,82,2
1785618740.7,82,48
1785618741.0,81,47
1785618741.1,82,19
1785618741.2,81,46
1785618741.8,81,19
1785618741.8,82,46
1785618742.1,81,48
1785618742.3,82,47
1785618742.5,81,2
1785618742.8,82,2
1785618742.9,82,48
1785618743.5,81,47
1785618744.0,81,46
1785618744.1,81,48
1785618744.1,82,46
1785618745.2,82,48
1785618745.5,81,48
1785618745.8,82,47
1785618745.9,82,48
1785618746.2,81,48
1785618746.5,81,47
1785618747.2,82,48
1785618747.6,82,47
1785618747.7,81,46
1785618747.9,82,46
1785618748.2,81,48
1785618748.5,81,47
1785618748.8,82,39
1785618749.3,82,47
1785618749.4,81,46
1785618749.5,82,22
1785618749.6,82,48
1785618750.1,81,47
1785618750.5,81,48
1785618750.6,81,2
1785618750.6,81,17
1785618750.6,82,48
1785618750.8,82,4
1785618751.0,82,46
1785618751.3,82,17
1785618751.5,81,48
1785618751.5,82,47
1785618751.6,82,43
1785618752.0,82,31
1785618752.1,82,2
1785618752.1,82,8
1785618752.3,82,48
1785618752.4,81,31
1785618752.4,81,47
1785618752.6,81,46
1785618752.7,82,29
1785618752.9,81,43
1785618753.1,81,48
1785618753.1,82,46
1785618753.5,82,47
1785618754.0,81,42
1785618754.0,82,43
1785618754.4,81,47
1785618754.4,82,19
1785618754.5,82,47
1785618755.1,81,19
1785618755.1,81,47
1785618755.3,82,47
1785618755.4,81,47
1785618756.0,82,47
1785618756.2,82,42
1785618756.5,81,42
1785618756.5,81,46
1785618756.9,81,47
1785618757.0,82,46
1785618758.7,81,46
1785618759.1,82,46
1785618759.9,82,42
1785618760.1,81,42
1785618760.9,82,47
1785618761.2,81,47
1785618761.4,81,46
1785618761.6,82,46
1785618761.7,81,43
1785618762.7,81,2
1785618762.7,82,43
1785618762.9,82,2
1785618763.0,81,46
1785618763.4,82,19
1785618763.8,81,19
1785618764.2,81,17
1785618764.3,81,2
1785618764.6,81,43
1785618765.6,82,46
1785618765.7,82,43
1785618766.5,82,17
1785618766.7,81,43
1785618767.5,81,8
1785618767.7,82,2
1785618767.8,82,43
1785618768.5,81,29
1785618768.7,81,43
1785618769.3,81,46
1785618770.4,81,2
1785618771.6,81,17
1785618772.7,82,46
1785618774.5,81,46
1785618779.6,81,39
1785618781.8,82,39
1785618782.7,82,40
1785618783.3,81,40
1785618783.7,82,48
1785618784.1,81,48
1785618784.3,81,39
1785618785.4,81,22
1785618785.5,82,40
1785618785.9,81,4
1785618786.1,81,40
1785618786.2,82,47
1785618786.6,82,48
1785618786.9,81,47
1785618787.2,81,48
1785618788.1,82,40
1785618788.7,81,40
1785618789.4,82,47
1785618789.5,81,7
1785618789.7,82,7
1785618790.1,81,38
1785618790.1,82,40
1785618790.2,81,47
1785618790.5,81,40
1785618791.3,82,38
1785618791.6,81,7
1785618792.5,82,7
1785618793.0,82,17
1785618793.0,82,19
1785618793.0,82,46
1785618793.3,81,38
1785618793.3,82,40
1785618793.3,82,47
1785618793.4,81,19
1785618793.7,81,40
1785618794.0,81,47
1785618794.0,82,2
1785618794.1,81,24
1785618794.5,81,7
1785618794.9,82,48
1785618795.7,81,48
1785618796.5,82,48
1785618796.9,82,19
1785618797.2,81,48
1785618797.6,81,19
1785618798.6,82,47
1785618799.7,81,47
1785618800.3,82,48
1785618800.6,82,47
1785618801.0,81,48
1785618801.2,82,42
1785618801.9,81,47
1785618802.2,81,42
1785618802.8,82,31
1785618803.6,82,38
1785618803.9,81,30
1785618803.9,81,41
1785618804.0,82,47
1785618804.4,82,8
1785618804.4,82,30
1785618804.5,82,24
1785618804.5,82,42
1785618805.0,81,38
1785618805.0,82,40
1785618805.1,81,3
1785618805.2,82,7
1785618805.3,81,40
1785618805.3,81,47
1785618805.9,82,41
1785618806.0,82,19
1785618806.2,82,3
1785618806.4,81,42
1785618806.5,81,24
1785618806.6,81,7
1785618806.9,82,42
1785618807.2,82,47
1785618807.4,81,42
1785618807.9,81,30
1785618808.0,82,42
1785618808.1,81,42
1785618808.2,82,42
1785618808.7,81,41
1785618809.1,82,39
1785618809.2,81,3
1785618809.4,81,47
1785618809.8,82,29
1785618810.0,82,22
1785618810.1,81,29
1785618810.7,82,48
1785618810.9,82,4
1785618811.4,81,48
1785618811.8,82,48
1785618812.2,81,39
1785618812.6,81,48
1785618813.7,81,22
1785618814.8,81,4
1785618817.1,82,47
1785618817.2,81,31
1785618817.2,81,47
1785618817.5,81,8
1785618818.7,82,40
1785618819.0,81,40
1785618819.0,82,47
1785618820.0,81,47
1785618821.8,81,42
1785618825.8,82,36
1785618826.3,81,36
1785618827.7,82,35
1785618828.2,81,35
1785618828.7,82,48
1785618829.5,82,36
1785618829.8,81,36
1785618829.8,82,34
1785618830.1,82,35
1785618830.4,81,34
1785618830.5,81,48
1785618830.6,81,35
1785618830.8,82,48
1785618831.7,82,35
1785618832.2,81,35
1785618832.3,82,36
1785618832.4,82,34
1785618832.7,81,36
1785618833.1,81,34
1785618833.7,82,26
1785618833.8,81,48
1785618833.8,82,33
1785618834.2,82,34
1785618834.4,81,33
1785618834.6,81,34
1785618834.8,82,35
1785618835.3,81,35
1785618835.7,81,26
1785618836.2,82,33
1785618836.4,82,26
1785618836.9,81,33
1785618837.4,82,34
1785618837.6,82,33
1785618837.8,81,19
1785618838.0,81,34
1785618838.5,81,33
1785618839.6,82,48
1785618839.8,81,26
1785618840.0,82,36
1785618840.5,81,36
1785618841.4,82,26
1785618841.4,82,33
1785618842.1,81,33
1785618842.2,82,19
1785618842.3,82,35
1785618842.8,81,35
1785618843.2,81,26
1785618843.9,81,19
1785618844.1,82,36
1785618844.5,81,36
1785618844.7,82,34
1785618844.7,82,47
1785618845.2,81,34
1785618845.6,81,46
1785618845.8,82,36
1785618845.9,81,48
1785618846.1,82,46
1785618846.1,82,48
1785618846.3,81,36
1785618846.3,82,35
1785618846.8,81,35
1785618847.0,82,19
1785618847.8,81,48
1785618848.0,82,35
1785618848.3,82,43
1785618848.4,82,36
1785618848.5,81,35
1785618848.7,82,34
1785618848.9,81,36
1785618849.0,82,8
1785618849.0,82,33
1785618849.2,82,26
1785618849.4,81,34
1785618849.4,82,29
1785618849.6,81,43
1785618850.3,81,46
1785618850.4,82,35
1785618850.7,82,34
1785618850.7,82,43
1785618850.9,81,35
1785618851.1,81,33
1785618851.1,82,46
1785618851.3,81,19
1785618851.5,81,34
1785618851.7,81,2
1785618852.1,81,47
1785618852.1,82,2
1785618852.3,81,43
1785618852.6,81,26
1785618853.0,82,34
1785618853.1,82,47
1785618853.4,82,48
1785618853.5,82,33
1785618853.7,81,34
1785618853.7,82,26
1785618854.2,82,19
1785618854.6,81,19
1785618854.8,81,8
1785618855.5,81,33
1785618855.5,81,47
1785618855.6,82,43
1785618855.8,81,29
1785618855.9,82,47
1785618856.3,81,43
1785618856.5,81,26
1785618856.7,82,26
1785618856.7,82,33
1785618857.6,81,47
1785618857.6,81,48
1785618858.2,81,33
1785618858.6,82,19
1785618858.7,82,33
1785618859.1,81,19
1785618859.2,82,47
1785618859.9,81,33
1785618859.9,82,30
1785618860.9,81,47
1785618861.0,81,26
1785618861.1,82,47
1785618861.8,82,41
1785618861.9,82,48
1785618862.0,81,41
1785618862.1,81,47
1785618862.2,82,3
1785618862.2,82,41
1785618862.7,81,2
1785618863.0,82,2
1785618863.2,82,47
1785618863.8,82,43
1785618864.5,82,8
1785618864.6,82,31
1785618864.7,82,45
1785618864.8,81,48
1785618864.8,82,19
1785618864.9,81,31
1785618864.9,81,47
1785618864.9,82,29
1785618865.1,81,45
1785618865.6,81,19
1785618865.6,82,24
1785618865.8,81,2
1785618866.0,81,46
1785618866.4,82,46
1785618867.3,81,24
1785618867.3,82,2
1785618868.8,81,8
1785618868.8,81,43
1785618869.4,81,29
1785618870.6,82,47
1785618872.0,82,48
1785618872.2,81,47
1785618873.0,82,36
1785618873.2,82,47
1785618873.4,81,36
1785618873.8,81,48
1785618874.1,81,46
1785618874.8,81,47
1785618874.9,82,46
1785618875.0,82,35
1785618875.1,81,2
1785618875.2,82,48
1785618875.5,81,35
1785618875.6,82,2
1785618875.6,82,36
1785618875.7,82,47
1785618876.1,81,36
1785618876.5,81,46
1785618876.6,81,48
1785618876.9,81,47
1785618877.1,82,34
1785618877.7,81,34
1785618877.8,81,17
1785618877.8,82,19
1785618877.8,82,35
1785618877.8,82,36
1785618877.9,81,2
1785618877.9,82,48
1785618878.1,81,19
1785618878.3,81,35
1785618878.3,81,36
1785618878.3,82,47
1785618879.0,81,48
1785618879.3,82,46
1785618879.5,82,17
1785618879.7,81,47
1785618879.9,82,35
1785618880.1,82,34
1785618880.2,82,19
1785618880.3,82,2
1785618880.4,81,35
1785618880.6,81,19
1785618880.6,81,34
1785618880.6,82,26
1785618880.6,82,47
1785618880.7,82,33
1785618881.1,82,48
1785618881.2,81,33
1785618881.7,81,47
1785618882.2,82,19
1785618882.3,81,48
1785618882.3,82,34
1785618882.4,81,26
1785618882.5,82,47
1785618882.8,81,19
1785618882.8,81,34
1785618882.9,82,48
1785618883.6,81,47
1785618883.7,82,36
1785618883.8,82,26
1785618884.0,82,33
1785618884.0,82,38
1785618884.2,81,36
1785618884.2,82,24
1785618884.2,82,47
1785618884.3,81,48
1785618884.4,81,33
1785618884.4,82,19
1785618884.9,81,19
1785618885.0,82,48
1785618885.3,81,46
1785618885.4,81,47
1785618885.5,81,26
1785618885.6,82,35
1785618885.6,82,46
1785618885.7,82,7
1785618885.8,82,26
1785618885.9,82,47
1785618886.0,81,35
1785618886.0,82,33
1785618886.2,82,19
1785618886.3,81,48
1785618886.5,81,33
1785618886.9,81,19
1785618887.0,81,47
1785618887.4,81,46
1785618887.4,82,34
1785618887.5,82,46
1785618887.6,81,26
1785618887.6,82,19
1785618887.8,81,34
1785618888.2,82,47
1785618888.3,81,19
1785618888.6,82,48
1785618889.3,81,47
1785618889.6,82,19
1785618889.7,81,48
1785618890.1,82,47
1785618890.2,82,48
1785618890.4,81,19
1785618890.6,82,26
1785618891.3,81,47
1785618891.3,81,48
1785618892.1,81,26
1785618893.3,82,47
1785618893.8,82,19
1785618894.4,81,19
1785618894.4,81,47
1785618894.5,81,46
1785618894.7,82,46
1785618895.1,82,47
1785618896.2,81,47
1785618896.4,81,46
1785618896.7,82,46
1785618896.9,82,19
1785618897.2,81,19
1785618897.3,82,47
1785618897.7,81,2
1785618897.9,82,2
1785618898.1,81,46
1785618898.4,81,47
1785618898.6,82,19
1785618899.1,81,19
1785618899.3,81,17
1785618899.4,81,2
1785618899.4,82,46
1785618899.6,82,48
1785618899.9,82,17
1785618900.4,81,48
1785618900.4,82,2
1785618900.6,82,19
1785618901.1,81,19
1785618901.1,81,46
1785618901.3,82,46
1785618901.5,82,47
1785618902.5,81,47
1785618902.8,82,22
1785618902.8,82,39
1785618903.2,81,46
1785618903.3,82,46
1785618903.3,82,47
1785618903.6,82,48
1785618904.1,82,4
1785618904.2,81,47
1785618904.2,81,48
1785618904.7,82,47
1785618904.8,82,42
1785618904.9,82,19
1785618905.0,82,48
1785618905.2,81,46
1785618905.3,81,19
1785618905.5,81,42
1785618905.5,82,43
1785618905.7,81,47
1785618905.8,81,48
1785618905.9,82,8
1785618905.9,82,29
1785618906.2,81,43
1785618906.6,81,17
1785618906.6,82,19
1785618906.9,81,19
1785618906.9,82,47
1785618907.1,81,2
1785618907.2,82,43
1785618907.5,82,46
1785618907.7,81,47
1785618907.9,82,17
1785618908.4,82,47
1785618908.5,81,43
1785618908.5,82,48
1785618908.8,82,2
1785618908.9,81,46
1785618909.1,81,47
1785618909.2,81,48
1785618909.3,82,46
1785618910.2,82,47
1785618910.6,82,43
1785618910.7,81,8
1785618910.9,81,43
1785618910.9,81,47
1785618911.2,81,29
1785618911.7,82,47
1785618911.8,82,48
1785618912.4,81,47
1785618912.5,81,48
1785618913.0,82,19
1785618913.4,81,19
1785618913.7,82,48
1785618914.2,81,48
1785618914.8,82,47
1785618915.5,81,47
1785618916.8,82,47
1785618917.6,81,47
1785618918.9,81,46
1785618919.3,82,46
1785618919.6,82,19
1785618920.4,81,2
1785618920.5,81,19
1785618920.6,82,2
1785618920.9,81,46
1785618920.9,82,36
1785618922.0,81,36
1785618922.0,82,46
1785618922.4,81,2
1785618923.1,82,2
1785618923.2,82,35
1785618923.4,81,46
1785618924.2,81,35
1785618924.2,82,36
1785618924.7,81,36
1785618924.8,81,2
1785618924.9,81,17
1785618924.9,82,43
1785618925.6,82,34
1785618925.7,82,8
1785618926.0,82,36
1785618926.4,82,29
1785618926.4,82,35
1785618926.5,81,36
1785618926.8,81,34
1785618926.9,81,43
1785618927.1,81,35
1785618927.6,82,36
1785618927.9,82,43
1785618928.1,81,36
1785618928.4,82,35
1785618928.8,82,36
1785618929.1,81,35
1785618929.3,82,34
1785618929.4,81,36
1785618929.8,81,43
1785618929.9,81,39
1785618930.0,82,35
1785618930.2,81,4
1785618930.2,81,34
1785618930.4,82,39
1785618930.5,81,22
1785618930.6,81,35
1785618931.0,82,22
1785618931.0,82,26
1785618931.1,81,38
1785618931.1,82,40
1785618931.2,82,33
1785618931.4,82,34
1785618931.4,82,35
1785618931.5,81,40
1785618931.8,81,24
1785618932.0,81,7
1785618932.0,81,8
1785618932.0,81,35
1785618932.0,82,4
1785618932.1,82,43
1785618932.3,81,34
1785618932.4,81,39
1785618932.6,81,43
1785618932.8,82,36
1785618933.0,81,29
1785618933.2,82,34
1785618933.4,81,36
1785618933.6,82,39
1785618933.7,81,22
1785618934.2,82,22
1785618934.3,81,4
1785618934.3,81,34
1785618935.0,81,39
1785618935.0,82,34
1785618935.1,82,4
1785618935.9,82,35
1785618936.0,81,22
1785618936.3,81,34
1785618936.3,82,36
1785618936.7,81,35
1785618937.0,81,4
1785618937.1,82,48
1785618937.2,81,36
1785618937.9,81,48
1785618939.6,82,48
1785618940.2,81,48
1785618940.3,82,47
1785618940.6,82,35
1785618940.7,82,34
1785618941.2,81,47
1785618941.6,82,48
1785618941.8,81,35
1785618942.3,81,48
1785618942.7,82,47
1785618943.1,81,34
1785618943.6,81,47
1785618944.9,82,47
1785618945.9,81,47
1785618947.3,82,48
1785618947.6,82,34
1785618947.6,82,46
1785618947.7,82,17
1785618948.0,81,48
1785618948.6,82,2
1785618949.5,81,30
1785618950.4,81,41
1785618950.7,82,47
1785618950.8,81,3
1785618951.3,82,42
1785618951.7,81,47
1785618952.7,82,31
1785618953.4,81,34
1785618954.2,82,8
1785618958.9,81,42
1785618960.3,81,31
1785618960.7,81,8
1785618965.7,82,38
1785618966.1,82,24
1785618967.4,82,7
1785618967.5,82,36
1785618967.7,81,38
1785618967.7,82,40
1785618968.0,82,38
1785618968.2,81,36
1785618968.2,81,40
1785618969.2,81,7
1785618969.5,82,7
1785618969.9,81,38
1785618969.9,82,40
1785618970.4,81,40
1785618971.1,82,35
1785618971.2,81,24
1785618971.6,81,7
1785618971.7,82,38
1785618972.0,82,24
1785618972.3,81,35
1785618972.9,82,36
1785618973.5,82,7
1785618974.1,81,36
1785618975.9,82,35
1785618979.4,81,35
1785618979.4,82,30
1785618979.9,81,46
1785618980.2,82,46
1785618982.2,81,33
1785618982.2,81,46
1785618982.5,82,33
1785618983.4,81,17
1785618983.6,81,2
1785618983.6,82,46
1785618983.7,82,17
1785618983.7,82,34
1785618984.3,82,2
1785618984.9,81,34
1785618985.5,81,46
1785618986.1,82,34
1785618986.5,81,17
1785618986.6,81,33
1785618986.8,81,2
1785618987.0,82,33
1785618988.7,81,33
1785618989.3,81,34
1785618989.7,82,33
1785618990.6,82,34
1785618991.4,81,33
1785618992.4,82,19
1785618992.6,81,19
1785618992.6,81,26
1785618992.7,81,34
1785618993.0,82,33
1785618993.2,82,46
1785618993.3,82,26
1785618993.5,82,34
1785618993.7,82,17
1785618993.9,81,46
1785618994.4,82,2
1785618994.6,81,33
1785618995.2,81,2
1785618995.3,81,17
1785618995.7,82,33
1785618996.1,81,34
1785618996.4,82,34
1785618997.3,81,33
1785618997.5,81,34
1785618997.7,82,36
1785618998.2,81,36
1785618998.3,82,33
1785618999.6,81,33
1785618999.7,82,35
1785619000.0,82,33
1785619000.2,81,35
1785619000.2,82,36
1785619000.7,81,36
1785619001.5,81,33
1785619001.8,82,34
1785619002.0,82,33
1785619002.2,82,35
1785619002.3,81,34
1785619002.7,81,35
1785619003.5,81,33
1785619004.3,82,34
1785619004.8,81,26
1785619004.8,81,34
1785619005.3,82,33
1785619005.5,82,26
1785619005.6,82,48
1785619005.9,81,33
1785619006.2,81,48
1785619007.3,81,26
1785619007.7,82,33
1785619007.9,82,26
1785619008.2,82,47
1785619008.4,81,33
1785619008.9,81,47
1785619009.5,81,26
1785619010.8,82,19
1785619011.6,81,19
1785619013.2,82,46
1785619013.9,82,17
1785619014.8,82,2
1785619016.1,82,19
1785619016.3,81,46
1785619016.4,81,2
1785619016.5,82,2
1785619016.8,81,19
1785619016.9,81,2
1785619017.4,82,2
1785619017.5,81,2
1785619018.5,81,17
1785619018.8,82,46
1785619018.8,82,47
1785619018.9,82,17
1785619019.4,81,47
1785619019.7,82,2
1785619020.5,81,46
1785619021.4,82,39
1785619022.0,81,17
1785619022.0,82,22
1785619022.1,81,2
1785619022.2,82,47
1785619022.3,82,36
1785619022.5,82,46
1785619022.8,81,36
1785619022.8,81,47
1785619023.0,82,4
1785619023.0,82,17
1785619023.6,81,46
1785619023.7,82,2
1785619024.1,82,47
1785619024.5,81,47
1785619024.5,82,35
1785619024.8,81,17
1785619024.8,82,36
1785619024.9,81,2
1785619025.0,81,35
1785619025.3,81,36
1785619025.5,82,35
1785619025.6,82,46
1785619026.0,81,35
1785619026.1,82,17
1785619026.4,81,46
1785619026.8,82,2
1785619026.9,82,34
1785619027.0,82,35
1785619027.4,81,34
1785619027.4,82,46
1785619027.5,81,17
1785619027.6,81,35
1785619027.8,81,2
1785619027.8,82,17
1785619028.1,82,34
1785619028.4,81,46
1785619028.5,82,2
1785619028.7,81,34
1785619029.6,81,2
1785619029.6,81,17
1785619029.7,82,34
1785619030.4,81,34
1785619030.6,82,3
1785619030.6,82,41
1785619030.7,81,41
1785619030.9,81,39
1785619030.9,82,41
1785619031.0,81,41
1785619031.1,82,33
1785619031.3,82,26
1785619031.9,81,22
1785619032.2,82,41
1785619033.2,81,4
1785619033.3,81,41
1785619034.4,81,33
1785619035.0,82,33
1785619036.6,82,40
1785619036.7,81,40
1785619036.8,81,33
1785619037.9,81,26
1785619052.3,81,38
1785619052.3,82,40
1785619052.9,81,24
1785619053.0,81,40
1785619053.3,82,41
1785619053.5,81,7
1785619053.7,82,40
1785619054.5,82,39
1785619057.4,81,30
1785619057.7,81,3
1785619057.8,82,30
1785619057.9,82,19
1785619057.9,82,42
1785619058.1,81,19
1785619058.4,81,41
1785619058.9,81,42
1785619059.2,82,41
1785619059.4,82,31
1785619059.5,82,42
1785619060.3,81,42
1785619060.3,82,3
1785619060.5,81,41
1785619060.6,82,29
1785619060.8,82,46
1785619060.9,81,29
1785619060.9,82,17
1785619061.6,82,8
1785619061.6,82,42
1785619061.9,82,29
1785619061.9,82,41
1785619062.0,82,2
1785619062.3,81,29
1785619064.2,81,30
1785619065.4,81,41
1785619065.6,81,3
1785619067.8,82,36
1785619068.4,81,36
1785619070.5,82,35
1785619071.1,81,35
1785619073.6,82,34
1785619074.4,81,34
1785619076.6,81,42
1785619077.1,81,31
1785619077.7,81,8
1785619080.1,82,26
1785619080.1,82,33
1785619086.1,82,22
1785619086.8,82,4
1785619088.5,81,33
1785619089.3,81,26
1785619089.6,81,46
1785619090.5,82,47
1785619090.6,81,2
1785619090.7,81,17
1785619091.0,81,47
1785619093.3,82,47
1785619093.9,81,47
1785619093.9,82,46
1785619094.4,82,17
1785619094.6,82,36
1785619094.8,81,46
1785619095.1,81,36
1785619095.2,82,2
1785619095.5,82,19
1785619095.5,82,38
1785619095.5,82,48
1785619095.8,81,19
1785619095.8,82,24
1785619096.0,81,17
1785619096.0,81,48
1785619096.3,81,2
1785619096.7,82,35
1785619096.9,82,46
1785619097.2,81,35
1785619097.3,82,17
1785619097.3,82,47
1785619097.4,82,7
1785619098.1,82,2
1785619098.5,81,47
1785619099.2,82,34
1785619099.5,81,46
1785619099.9,81,34
1785619102.4,82,46
1785619102.6,81,17
1785619103.2,81,2
1785619103.5,82,17
1785619104.6,82,2
1785619104.9,81,22
1785619104.9,82,26
1785619105.1,82,33
1785619105.3,81,40
1785619106.1,81,4
1785619107.0,81,38
1785619107.0,82,40
1785619107.7,81,40
1785619108.0,81,24
1785619108.6,81,7
1785619109.4,81,39
1785619109.4,82,40
1785619109.6,82,38
1785619110.0,82,24
1785619110.9,82,7
1785619111.1,81,38
1785619111.5,81,40
1785619112.3,81,24
1785619112.6,82,40
1785619112.7,81,7
1785619126.7,81,33
1785619126.8,81,46
1785619127.2,81,2
1785619127.5,81,26
1785619127.8,81,17
1785619141.6,82,36
1785619142.1,81,36
1785619143.6,82,35
1785619144.1,81,35
1785619144.1,82,36
1785619144.6,81,36
1785619145.8,82,34
1785619146.0,82,35
1785619146.3,81,34
1785619146.4,82,36
1785619146.5,81,35
1785619146.9,81,36
1785619147.9,82,34
1785619148.3,82,35
1785619148.4,81,34
1785619148.8,81,35
1785619149.2,82,33
1785619149.3,82,26
1785619149.3,82,36
1785619149.7,81,33
1785619149.8,81,36
1785619150.2,82,34
1785619150.7,81,26
1785619150.7,81,34
1785619151.4,82,35
1785619151.6,82,26
1785619151.6,82,33
1785619151.9,81,33
1785619152.0,81,35
1785619153.1,81,26
1785619153.4,82,26
1785619153.5,82,33
1785619153.5,82,36
1785619153.8,82,34
1785619153.9,81,36
1785619154.0,81,33
1785619154.4,81,34
1785619154.6,82,48
1785619154.9,82,34
1785619155.2,81,48
1785619155.3,81,26
1785619155.3,82,35
1785619155.5,81,34
1785619155.8,81,35
1785619156.2,82,48
1785619156.7,81,48
1785619156.9,82,47
1785619157.1,82,36
1785619157.3,82,26
1785619157.3,82,34
1785619157.4,81,47
1785619157.4,82,33
1785619157.7,81,36
1785619157.8,81,34
1785619158.1,82,48
1785619158.3,81,33
1785619158.5,82,33
1785619158.5,82,47
1785619158.6,81,48
1785619159.0,81,47
1785619159.3,82,35
1785619159.5,81,33
1785619160.1,81,35
1785619160.3,82,47
1785619160.5,81,26
1785619160.6,82,46
1785619160.7,82,33
1785619160.9,81,47
1785619160.9,82,19
1785619160.9,82,26
1785619161.3,81,19
1785619161.4,81,33
1785619161.5,82,17
1785619161.5,82,34
1785619162.1,82,47
1785619162.2,82,2
1785619162.3,81,34
1785619162.4,81,46
1785619162.5,81,26
1785619162.5,82,19
1785619162.7,81,47
1785619162.9,81,19
1785619163.3,82,46
1785619164.5,82,38
1785619164.8,82,24
1785619165.0,82,26
1785619165.0,82,33
1785619165.6,81,33
1785619166.3,82,7
1785619167.1,81,26
1785619167.3,82,48
1785619167.8,81,48
1785619167.8,82,36
1785619168.7,81,36
1785619169.6,82,47
1785619170.1,82,35
1785619170.3,81,47
1785619170.5,82,45
1785619170.6,82,43
1785619171.0,81,35
1785619171.7,81,45
1785619172.0,82,8
1785619172.4,82,34
1785619172.5,82,29
1785619172.5,82,31
1785619172.8,81,31
1785619173.2,81,34
1785619173.9,82,47
1785619174.0,81,46
1785619174.4,82,46
1785619174.5,81,47
1785619175.3,82,47
1785619175.9,82,26
1785619175.9,82,33
1785619176.0,81,46
1785619176.0,81,47
1785619176.1,82,48
1785619176.3,82,19
1785619176.4,81,48
1785619176.6,81,19
1785619176.7,81,33
1785619177.2,81,8
1785619177.6,81,2
1785619177.6,81,17
1785619177.9,81,26
1785619178.0,82,8
1785619178.1,82,46
1785619178.3,82,47
1785619178.4,81,8
1785619178.5,82,17
1785619178.8,82,31
1785619178.8,82,48
1785619178.9,81,48
1785619179.0,81,47
1785619179.2,82,2
1785619179.9,81,46
1785619180.0,82,46
1785619180.1,81,43
1785619180.2,81,29
1785619180.2,81,31
1785619180.6,82,47
1785619181.2,81,47
1785619181.8,81,46
1785619182.6,82,48
1785619183.0,82,46
1785619183.1,81,48
1785619183.2,82,19
1785619183.3,81,19
1785619183.5,81,2
1785619183.7,82,48
1785619184.1,81,48
1785619184.1,82,2
1785619184.7,82,47
1785619184.9,81,46
1785619185.0,82,46
1785619185.1,81,47
1785619185.9,82,47
1785619186.3,81,47
1785619186.8,81,46
1785619187.9,82,46
1785619188.3,81,17
1785619188.4,81,2
1785619188.5,82,17
1785619188.9,81,46
1785619189.0,82,2
1785619189.1,82,46
1785619190.1,81,46
1785619190.5,82,42
1785619190.7,81,42
1785619190.7,82,43
1785619191.3,82,8
1785619191.4,81,2
1785619191.5,81,17
1785619191.7,82,29
1785619192.2,81,43
1785619193.3,82,43
1785619196.9,81,43
1785619197.2,81,8
1785619198.4,81,29
1785619199.7,82,48
1785619200.8,81,48
1785619201.2,82,39
1785619201.4,82,30
1785619201.8,81,30
1785619201.8,82,22
1785619202.5,82,47
1785619202.7,82,4
1785619203.8,82,30
1785619204.0,82,3
1785619204.1,81,47
1785619204.7,81,30
1785619205.5,81,39
1785619205.8,81,3
1785619206.7,81,22
1785619207.2,82,46
1785619207.5,81,46
1785619207.9,81,38
1785619208.1,81,4
1785619208.6,81,40
1785619209.1,82,38
1785619209.4,81,7
1785619209.4,82,30
1785619209.5,82,17
1785619209.6,82,7
1785619210.1,81,38
1785619210.1,82,40
1785619210.3,82,41
1785619210.5,81,41
1785619210.5,82,2
1785619210.6,82,41
1785619210.7,81,41
1785619210.9,82,41
1785619211.1,81,40
1785619211.1,82,38
1785619211.5,82,3
1785619212.0,81,7
1785619212.3,82,46
1785619212.7,82,7
1785619213.1,81,38
1785619213.1,82,40
1785619213.6,81,40
1785619214.5,81,24
1785619214.6,81,7
1785619217.0,82,38
1785619217.5,82,24
1785619218.5,81,38
1785619218.5,82,7
1785619218.5,82,40
1785619218.8,81,40
1785619219.7,81,7
1785619219.9,81,24
1785619221.4,81,41
1785619222.0,82,41
1785619222.4,82,42
1785619224.2,82,31
1785619224.7,81,30
1785619224.7,81,41
1785619225.1,82,47
1785619225.6,82,8
1785619225.7,81,3
1785619226.6,81,47
1785619227.2,82,47
1785619227.3,82,29
1785619227.6,81,29
1785619228.4,81,47
1785619232.2,82,47
1785619234.5,81,47
1785619235.2,81,42
1785619236.1,81,31
1785619236.4,82,19
1785619236.6,81,8
1785619239.1,82,38
1785619239.5,82,24
1785619239.7,82,36
1785619240.2,81,36
1785619241.4,82,7
1785619241.8,81,38
1785619241.8,82,40
1785619242.1,82,35
1785619242.2,81,35
1785619242.4,82,35
1785619242.5,81,35
1785619244.7,82,34
1785619246.0,81,34
1785619248.9,82,33
1785619249.3,81,40
1785619249.3,82,26
1785619249.3,82,38
1785619250.2,81,33
1785619250.7,81,26
1785619251.1,81,2
1785619251.4,81,19
1785619252.0,81,17
1785619252.4,82,17
1785619253.1,82,2
1785619253.4,81,2
1785619253.6,82,2
1785619254.9,81,46
1785619255.3,82,19
1785619255.4,82,46
1785619255.6,81,2
1785619255.6,81,19
1785619256.7,82,2
1785619257.1,81,46
1785619258.1,82,46
1785619258.4,81,17
1785619258.6,81,2
1785619258.7,82,17
1785619259.4,82,2
1785619259.4,82,30
1785619259.8,82,41
1785619260.1,81,46
1785619261.1,82,3
1785619261.5,81,17
1785619261.7,81,2
1785619261.8,81,30
1785619263.4,81,3
1785619264.1,82,42
1785619264.3,81,42
1785619264.3,82,43
1785619264.8,82,8
1785619265.4,82,29
1785619265.7,81,43
1785619266.9,82,43
1785619268.4,81,43
1785619270.6,82,43
1785619270.8,81,8
1785619271.2,81,43
1785619271.6,81,29
1785619272.5,82,47
1785619273.1,81,47
1785619274.9,82,19
1785619275.4,82,36
1785619275.8,81,19
1785619275.8,81,36
1785619277.2,82,35
1785619277.5,81,7
1785619277.7,81,35
1785619277.8,82,7
1785619277.9,82,46
1785619278.0,81,7
1785619278.0,82,48
1785619278.1,81,24
1785619278.1,81,38
1785619278.1,82,40
1785619278.5,82,17
1785619278.6,81,48
1785619278.7,81,40
1785619279.1,82,2
1785619279.4,82,4
1785619279.4,82,34
1785619279.6,81,4
1785619279.7,81,41
1785619280.0,81,34
1785619280.9,82,42
1785619282.6,82,31
1785619283.0,82,48
1785619283.3,82,19
1785619283.5,81,48
1785619283.8,81,19
1785619283.9,82,26
1785619283.9,82,33
1785619284.2,82,8
1785619284.6,82,36
1785619285.2,81,36
1785619285.8,82,47
1785619286.5,81,47
1785619286.7,82,35
1785619287.2,81,35
1785619289.1,82,34
1785619289.2,82,47
1785619289.7,81,34
1785619289.9,81,42
1785619290.1,81,47
1785619291.5,81,31
1785619291.9,81,8
1785619293.5,82,19
1785619294.1,81,19
1785619306.3,82,36
1785619307.0,81,36
1785619308.6,81,33
1785619309.0,82,35
1785619309.6,81,35
1785619309.7,81,26
1785619310.4,81,46
1785619310.9,82,46
1785619311.5,82,34
1785619311.8,82,36
1785619312.4,81,36
1785619312.6,81,34
1785619312.9,82,48
1785619313.0,82,35
1785619313.4,81,46
1785619313.5,81,48
1785619313.6,81,35
1785619314.2,82,46
1785619314.3,82,48
1785619314.5,82,35
1785619314.9,81,48
1785619314.9,82,33
1785619315.1,82,43
1785619315.2,81,35
1785619315.3,82,26
1785619315.4,82,47
1785619315.5,82,8
1785619315.6,82,34
1785619315.6,82,45
1785619315.8,82,29
1785619315.8,82,36
1785619316.0,81,43
1785619316.0,81,45
1785619316.0,81,47
1785619316.1,81,33
1785619316.2,81,34
1785619316.4,81,36
1785619316.5,81,46
1785619316.5,82,36
1785619316.7,81,26
1785619317.0,81,36
1785619317.0,82,26
1785619317.0,82,46
1785619317.1,82,43
1785619317.1,82,47
1785619317.3,82,34
1785619317.6,81,26
1785619317.9,81,34
1785619317.9,81,47
1785619318.3,82,35
1785619318.7,81,46
1785619319.5,82,26
1785619319.6,81,35
1785619319.6,82,33
1785619319.7,82,46
1785619319.8,81,17
1785619320.0,81,2
1785619320.1,81,33
1785619320.2,82,17
1785619320.3,82,36
1785619320.5,82,35
1785619320.6,82,47
1785619320.9,81,36
1785619320.9,82,2
1785619321.0,82,34
1785619321.2,81,35
1785619321.2,81,47
1785619321.2,82,33
1785619321.5,81,8
1785619321.5,81,34
1785619321.5,81,46
1785619321.6,82,34
1785619321.8,82,36
1785619321.8,82,46
1785619321.9,81,33
1785619322.1,81,34
1785619322.2,82,48
1785619322.4,81,36
1785619322.6,81,29
1785619322.7,81,43
1785619322.7,81,48
1785619322.9,82,35
1785619323.0,81,26
1785619323.1,82,34
1785619323.3,81,46
1785619323.5,81,35
1785619323.7,81,34
1785619324.1,82,47
1785619324.3,82,35
1785619324.6,81,17
1785619324.6,82,46
1785619324.8,81,2
1785619324.8,81,35
1785619325.0,82,17
1785619325.0,82,26
1785619325.1,82,33
1785619325.4,81,47
1785619325.4,82,34
1785619325.5,81,33
1785619325.7,81,46
1785619325.9,82,2
1785619326.0,81,34
1785619326.6,82,19
1785619326.8,82,34
1785619326.9,81,17
1785619326.9,81,19
1785619327.2,82,33
1785619327.3,81,2
1785619327.4,81,34
1785619327.8,81,33
1785619328.6,82,34
1785619328.8,81,26
1785619328.9,82,46
1785619329.2,82,17
1785619329.2,82,26
1785619329.3,81,34
1785619329.5,82,33
1785619329.9,81,33
1785619330.2,82,2
1785619330.2,82,34
1785619330.8,81,34
1785619330.8,82,33
1785619331.4,81,33
1785619331.6,81,46
1785619332.0,82,35
1785619332.1,82,34
1785619332.4,82,46
1785619332.6,81,26
1785619332.6,81,35
1785619332.9,81,34
1785619332.9,81,46
1785619333.0,82,26
1785619333.2,82,33
1785619333.5,81,33
1785619333.9,81,17
1785619334.2,81,2
1785619334.5,82,33
1785619334.7,82,34
1785619335.2,81,33
1785619335.3,81,34
1785619336.4,82,33
1785619337.2,81,33
1785619338.3,81,26
1785619339.0,82,26
1785619339.0,82,33
1785619339.1,82,36
1785619339.7,81,36
1785619340.7,81,33
1785619341.5,82,35
1785619341.9,81,26
1785619342.1,81,35
1785619342.6,82,30
1785619343.2,82,47
1785619343.5,81,47
1785619343.6,82,41
1785619343.8,82,34
1785619344.1,81,41
1785619344.1,82,40
1785619344.2,81,30
1785619344.3,81,34
1785619344.5,81,40
1785619344.5,82,3
1785619345.0,82,24
1785619345.1,82,7
1785619345.1,82,42
1785619345.4,81,3
1785619345.4,81,24
1785619345.6,81,7
1785619345.9,82,46
1785619346.0,82,24
1785619346.3,82,40
1785619346.5,82,31
1785619346.8,82,17
1785619347.0,82,2
1785619347.1,81,46
1785619347.4,81,24
1785619347.4,82,26
1785619347.8,82,33
1785619347.9,81,33
1785619348.0,81,2
1785619348.0,82,8
1785619348.2,81,17
1785619349.0,81,26
1785619352.5,81,42
1785619352.7,82,48
1785619353.2,81,48
1785619353.9,81,31
1785619354.3,81,8
1785619355.0,82,47
1785619355.5,81,47
1785619358.3,82,48
1785619358.6,82,46
1785619358.9,81,48
1785619359.2,82,17
1785619359.9,82,2
1785619360.8,82,47
1785619361.4,81,46
1785619361.4,81,47
1785619366.1,82,46
1785619367.0,81,2
1785619367.9,82,2
1785619368.3,81,46
1785619368.6,82,46
1785619370.2,81,2
1785619370.4,81,46
1785619370.5,81,17
1785619370.6,82,46
1785619371.9,81,46
1785619389.8,82,36
1785619390.4,81,36
1785619391.4,82,36
1785619391.8,81,36
1785619392.5,82,35
1785619393.1,81,35
1785619394.1,82,35
1785619394.7,81,35
1785619395.4,82,34
1785619396.2,81,34
1785619396.9,82,34
1785619397.6,81,34
1785619398.6,82,34
1785619399.4,81,34
1785619400.8,82,26
1785619400.8,82,33
1785619405.2,82,45
1785619405.7,81,33
1785619406.0,82,33
1785619406.1,82,38
1785619406.2,82,24
1785619406.3,82,43
1785619406.4,81,45
1785619406.8,82,31
1785619407.1,81,31
1785619407.4,81,24
1785619407.6,82,8
1785619408.0,82,24
1785619408.2,82,29
1785619408.5,81,43
1785619408.6,81,33
1785619409.3,81,24
1785619409.5,82,43
1785619409.6,81,26
1785619409.6,82,24
1785619410.5,82,7
1785619411.0,81,43
1785619412.7,82,36
1785619413.0,82,43
1785619413.1,81,8
1785619413.1,81,36
1785619414.0,81,43
1785619414.1,81,29
1785619414.7,82,35
1785619415.0,82,36
1785619415.2,81,35
1785619415.4,81,36
1785619416.9,82,34
1785619417.0,82,35
1785619417.5,81,34
1785619417.5,81,35
1785619419.1,82,47
1785619419.6,82,34
1785619419.7,81,47
1785619420.1,82,47
1785619420.4,81,34
1785619420.8,81,47
1785619421.3,82,48
1785619421.9,81,48
1785619422.3,82,33
1785619422.5,82,26
1785619423.2,82,19
1785619423.4,81,19
1785619423.7,82,47
1785619425.1,81,47
1785619425.5,82,46
1785619425.6,82,17
1785619425.8,82,36
1785619426.3,81,36
1785619426.5,82,2
1785619427.1,81,33
1785619427.8,81,38
1785619427.9,82,36
1785619428.2,82,35
1785619428.3,81,7
1785619428.3,81,36
1785619428.4,82,38
1785619428.5,81,40
1785619428.7,81,35
1785619429.0,82,7
1785619430.1,82,35
1785619430.8,81,35
1785619431.1,82,33
1785619431.1,82,34
1785619432.0,81,34
1785619432.1,81,33
1785619432.9,82,40
1785619433.4,81,40
1785619433.6,82,34
1785619434.8,81,34
1785619436.0,82,40
1785619436.7,81,40
1785619437.8,82,40
1785619438.3,81,40
1785619438.9,82,39
1785619440.2,81,38
1785619440.2,82,40
1785619440.4,82,38
1785619440.5,82,36
1785619440.6,81,40
1785619440.9,81,36
1785619441.5,81,7
1785619442.1,82,7
1785619442.1,82,40
1785619442.9,82,35
1785619443.1,81,38
1785619443.3,82,38
1785619443.4,81,35
1785619443.6,81,40
1785619444.1,81,39
1785619444.7,81,7
1785619445.2,82,7
1785619445.7,81,38
1785619445.7,82,40
1785619445.9,82,34
1785619446.0,82,38
1785619446.0,82,47
1785619446.1,81,40
1785619446.7,81,47
1785619447.0,81,34
1785619447.2,81,7
1785619447.7,82,7
1785619447.7,82,19
1785619447.7,82,35
1785619447.8,82,34
1785619448.1,81,19
1785619448.2,81,38
1785619448.3,81,34
1785619448.3,82,40
1785619448.3,82,47
1785619448.5,81,35
1785619448.8,81,40
1785619449.2,82,36
1785619449.2,82,38
1785619449.8,81,7
1785619449.8,81,47
1785619449.9,81,36
1785619450.1,82,35
1785619450.6,82,7
1785619450.8,82,19
1785619451.1,81,35
1785619451.1,81,38
1785619451.1,82,36
1785619451.2,82,40
1785619451.4,81,40
1785619451.5,82,47
1785619451.6,82,38
1785619451.8,81,19
1785619452.0,81,36
1785619452.4,82,34
1785619452.5,81,7
1785619452.8,81,47
1785619453.2,82,7
1785619453.4,82,35
1785619453.5,81,38
1785619453.5,82,40
1785619453.6,82,38
1785619453.8,81,40
1785619454.7,81,34
1785619454.9,81,7
1785619454.9,81,35
1785619455.0,82,7
1785619455.3,82,36
1785619455.4,81,38
1785619455.4,82,40
1785619455.6,82,38
1785619455.7,81,40
1785619456.1,82,34
1785619456.6,81,7
1785619456.6,81,36
1785619456.7,82,35
1785619456.9,82,7
1785619457.4,81,38
1785619457.4,82,40
1785619457.6,81,40
1785619458.4,81,24
1785619458.6,81,7
1785619459.0,81,35
1785619459.8,82,38
1785619460.1,82,24
1785619460.5,81,34
1785619461.3,82,7
1785619461.4,81,38
1785619461.4,82,40
1785619461.7,81,40
1785619461.8,82,38
1785619462.8,81,7
1785619463.1,82,40
1785619463.9,82,7
1785619464.3,82,35
1785619466.3,81,35
1785619467.6,82,33
1785619468.5,82,36
1785619469.8,81,36
1785619470.3,81,33
1785619471.0,82,33
1785619474.2,81,46
1785619475.0,82,19
1785619475.1,82,34
1785619475.1,82,47
1785619475.3,82,46
1785619475.5,81,47
1785619475.7,81,2
1785619475.9,82,36
1785619476.2,81,34
1785619476.4,81,36
1785619476.4,82,2
1785619476.6,82,34
1785619476.8,81,19
1785619477.3,81,46
1785619478.4,81,17
1785619478.5,81,2
1785619479.1,82,17
1785619479.1,82,46
1785619479.5,81,34
1785619479.7,82,47
1785619480.0,82,2
1785619480.2,81,47
1785619480.3,82,19
1785619480.4,82,34
1785619480.6,81,46
1785619481.1,81,19
1785619481.1,82,46
1785619481.7,82,47
1785619481.8,81,2
1785619482.0,82,2
1785619482.7,81,46
1785619482.8,81,33
1785619483.3,81,47
1785619484.0,81,2
1785619484.0,81,17
1785619484.0,81,26
1785619484.0,82,19
1785619484.5,81,34
1785619484.5,82,26
1785619484.5,82,46
1785619484.6,81,19
1785619485.0,82,17
1785619485.1,82,33
1785619485.4,82,34
1785619485.5,82,2
1785619485.7,82,47
1785619485.9,81,47
1785619486.3,81,46
1785619486.9,82,19
1785619487.0,82,47
1785619487.2,81,19
1785619487.2,81,47
1785619487.6,81,2
1785619487.6,81,17
1785619487.8,82,46
1785619488.1,82,17
1785619488.1,82,47
1785619488.3,81,34
1785619488.8,82,34
1785619488.9,81,33
1785619488.9,82,2
1785619489.3,81,46
1785619489.4,81,47
1785619489.6,82,33
1785619490.2,82,19
1785619490.4,82,46
1785619490.4,82,47
1785619490.5,81,17
1785619490.5,81,19
1785619490.8,81,2
1785619490.9,82,17
1785619491.4,81,34
1785619491.6,82,2
1785619491.7,81,47
1785619492.2,82,34
1785619492.3,82,19
1785619492.7,81,19
1785619493.3,81,46
1785619493.3,82,47
1785619493.7,82,46
1785619494.7,81,34
1785619494.7,81,47
1785619495.1,81,33
1785619495.4,82,33
1785619496.0,82,34
1785619497.6,81,34
1785619497.9,82,19
1785619498.2,81,19
1785619498.3,82,34
1785619499.6,81,34
1785619499.7,82,47
1785619500.5,81,47
1785619500.7,81,7
1785619500.8,82,7
1785619501.3,82,34
1785619501.6,82,47
1785619502.4,81,47
1785619502.5,81,34
1785619503.6,81,33
1785619503.7,82,33
1785619504.9,82,45
1785619505.6,81,45
1785619506.2,82,43
1785619506.4,82,19
1785619507.5,82,36
1785619507.7,82,8
1785619508.0,81,33
1785619508.1,81,36
1785619508.2,82,33
1785619508.4,82,29
1785619508.8,81,46
1785619509.5,82,45
1785619509.8,82,35
1785619510.1,82,36
1785619510.3,81,35
1785619510.4,81,45
1785619510.6,81,33
1785619510.6,81,36
1785619511.9,81,26
1785619512.1,82,34
1785619512.3,82,45
1785619512.5,82,35
1785619512.6,81,34
1785619512.7,81,45
1785619513.1,81,35
1785619515.0,82,34
1785619515.5,81,34
1785619516.0,82,33
1785619516.2,82,26
1785619517.0,81,33
1785619517.9,82,46
1785619518.2,81,26
1785619518.6,82,33
1785619518.8,82,26
1785619519.6,81,33
1785619520.0,81,19
1785619520.7,81,46
1785619520.9,81,26
1785619520.9,82,36
1785619521.6,81,36
1785619522.3,81,43
1785619522.4,81,17
1785619522.6,81,2
1785619523.0,82,35
1785619523.0,82,36
1785619523.1,82,17
1785619523.1,82,46
1785619523.5,81,35
1785619523.5,81,36
1785619523.9,82,43
1785619524.0,82,2
1785619524.4,82,19
1785619524.5,82,45
1785619524.6,82,36
1785619525.1,81,36
1785619525.2,82,35
1785619525.3,82,34
1785619525.5,81,45
1785619525.6,81,46
1785619525.8,81,34
1785619525.8,81,35
1785619526.1,81,19
1785619526.1,82,46
1785619526.9,82,35
1785619527.5,81,35
1785619528.0,82,34
1785619528.4,82,19
1785619528.7,81,34
1785619529.0,81,19
1785619529.0,81,43
1785619529.7,82,26
1785619529.7,82,33
1785619530.0,82,34
1785619530.8,81,8
1785619531.0,81,34
1785619531.1,82,43
1785619531.9,81,29
1785619531.9,81,43
1785619534.2,81,40
1785619535.3,82,30
1785619536.0,82,40
1785619536.4,81,40
1785619536.6,82,3
1785619536.9,81,30
1785619537.7,82,30
1785619538.1,81,38
1785619538.1,82,40
1785619538.5,81,30
1785619538.5,81,40
1785619538.8,82,38
1785619539.2,81,24
1785619539.4,81,3
1785619539.4,81,7
1785619539.5,82,24
1785619540.5,81,38
1785619540.5,82,7
1785619540.5,82,40
1785619540.9,81,40
1785619541.7,81,24
1785619542.0,82,41
1785619542.1,81,7
1785619544.5,81,41
1785619545.5,82,42
1785619547.1,82,29
1785619547.1,82,31
1785619547.5,81,29
1785619548.0,82,29
1785619548.6,81,29
1785619548.7,82,8
1785619549.8,82,29
1785619550.1,81,29
1785619554.3,81,42
1785619555.3,81,31
1785619555.5,81,8
1785619555.8,82,47
1785619556.5,82,48
1785619556.7,81,47
1785619556.8,81,48
1785619556.8,82,30
1785619557.3,82,41
1785619558.5,82,3
1785619559.4,82,48
1785619559.7,82,47
1785619560.1,81,48
1785619560.7,81,47
1785619563.8,82,47
1785619565.0,81,47
1785619574.3,82,45
1785619574.8,81,33
1785619575.0,81,45
1785619575.2,82,43
1785619576.0,81,26
1785619576.5,82,8
1785619576.9,82,29
1785619579.0,81,43
1785619580.1,82,43
1785619581.2,81,8
1785619581.3,81,46
1785619581.3,82,8
1785619581.4,82,45
1785619581.4,82,46
1785619581.6,81,45
1785619582.0,81,43
1785619582.6,82,43
1785619584.1,81,46
1785619584.9,82,46
1785619585.5,81,2
1785619585.9,82,2
1785619586.3,82,38
1785619586.6,82,24
1785619586.8,81,46
1785619587.4,81,43
1785619588.0,81,17
1785619588.2,81,2
1785619588.2,82,7
1785619588.2,82,42
1785619588.4,81,42
1785619588.4,82,43
1785619588.9,81,8
1785619589.1,82,31
1785619589.2,82,8
1785619590.0,81,31
1785619590.2,81,43
1785619592.3,82,43
1785619594.4,82,31
1785619594.8,81,31
1785619595.0,81,43
1785619596.2,81,8
1785619596.4,82,43
1785619597.5,81,43
1785619597.6,81,29
1785619600.1,82,36
1785619600.6,81,36
1785619601.6,82,40
1785619602.1,81,7
1785619602.4,82,35
1785619602.5,81,40
1785619602.7,82,36
1785619603.0,81,35
1785619603.1,82,7
1785619603.3,81,36
1785619603.6,81,38
1785619603.6,82,40
1785619603.9,82,36
1785619604.1,81,40
1785619604.5,81,36
1785619604.9,81,24
1785619604.9,82,2
1785619605.1,82,35
1785619605.2,81,7
1785619605.3,81,41
1785619605.3,82,34
1785619605.4,81,2
1785619605.8,81,35
1785619606.0,82,41
1785619606.1,82,42
1785619606.2,81,34
1785619606.7,82,35
1785619607.4,81,35
1785619607.8,81,41
1785619607.8,82,31
1785619608.0,82,2
1785619608.2,81,2
1785619608.4,82,34
1785619608.8,82,41
1785619609.1,82,35
1785619609.3,81,35
1785619609.4,81,34
1785619609.4,82,8
1785619610.3,82,34
1785619611.2,81,30
1785619611.2,81,41
1785619611.6,81,34
1785619611.6,82,36
1785619612.0,81,36
1785619612.0,82,30
1785619612.3,81,3
1785619612.5,82,26
1785619612.6,82,34
1785619612.9,82,33
1785619614.0,82,3
1785619614.0,82,35
1785619614.1,82,36
1785619614.2,82,41
1785619614.5,81,36
1785619614.7,81,34
1785619614.7,81,35
1785619615.2,81,30
1785619616.0,81,41
1785619616.5,81,3
1785619616.8,82,35
1785619617.7,81,35
1785619618.1,82,34
1785619619.2,82,35
1785619620.2,81,35
1785619620.4,81,34
1785619622.2,82,35
1785619622.3,82,34
1785619623.6,81,35
1785619624.7,81,31
1785619625.0,81,34
1785619625.1,81,8
1785619627.8,82,34
1785619630.3,81,42
1785619633.2,81,34
1785619634.4,82,34
1785619634.8,81,34
1785619636.8,82,34
1785619636.9,82,47
1785619637.1,81,47
1785619637.2,81,34
1785619637.3,82,34
1785619638.1,82,47
1785619638.8,81,47
1785619639.0,82,48
1785619639.3,81,48
1785619640.6,81,34
1785619640.7,82,19
1785619641.1,81,19
1785619641.2,82,48
1785619641.3,82,47
1785619641.5,82,46
1785619641.7,82,17
1785619641.8,81,48
1785619641.9,81,47
1785619642.4,82,2
1785619643.0,81,46
1785619643.0,82,48
1785619643.5,81,48
1785619643.7,82,47
1785619643.8,82,46
1785619644.4,81,2
1785619644.5,81,47
1785619644.5,82,48
1785619644.9,82,2
1785619645.1,81,48
1785619645.4,81,46
1785619645.6,82,47
1785619646.2,82,48
1785619646.3,81,47
1785619646.3,82,46
1785619646.4,82,19
1785619646.8,81,48
1785619647.0,81,2
1785619647.3,81,19
1785619647.4,82,47
1785619647.6,81,33
1785619647.6,82,2
1785619647.8,81,46
1785619648.1,81,47
1785619648.3,82,19
1785619648.4,82,48
1785619648.6,81,19
1785619648.6,82,33
1785619648.6,82,46
1785619649.0,81,48
1785619649.1,81,2
1785619649.1,82,47
1785619649.6,82,2
1785619649.9,81,47
1785619650.1,81,46
1785619650.3,81,33
1785619650.3,82,19
1785619650.3,82,46
1785619650.5,81,19
1785619651.3,81,26
1785619651.3,82,47
1785619651.9,82,19
1785619651.9,82,26
1785619652.0,81,46
1785619652.0,81,47
1785619652.1,82,33
1785619652.4,81,19
1785619652.4,82,46
1785619652.9,82,34
1785619653.8,81,33
1785619653.8,81,46
1785619653.9,82,33
1785619654.2,81,34
1785619654.2,82,46
1785619654.5,82,47
1785619655.1,81,47
1785619655.5,81,33
1785619656.5,81,26
1785619656.8,82,26
1785619657.5,81,46
1785619657.8,82,33
1785619657.9,81,33
1785619658.4,82,46
1785619658.8,82,47
1785619659.1,81,2
1785619659.2,81,26
1785619659.4,81,47
1785619659.5,81,46
1785619659.6,82,2
1785619660.6,81,17
1785619660.9,81,2
1785619660.9,82,26
1785619661.0,82,33
1785619662.8,82,46
1785619663.4,82,17
1785619664.0,82,2
1785619664.2,81,33
1785619664.6,81,46
1785619665.4,81,26
1785619666.1,81,2
1785619666.1,81,17
1785619666.3,82,34
1785619666.9,81,34
1785619669.9,82,40
1785619670.2,81,40
1785619670.3,82,33
1785619670.4,82,26
1785619671.0,82,39
1785619671.1,81,33
1785619671.5,82,22
1785619672.4,81,26
1785619672.8,82,4
1785619677.8,81,4
1785619677.9,81,22
1785619678.3,82,4
1785619678.8,81,4
1785619678.9,82,4
1785619679.6,81,4
1785619687.7,81,39
1785619711.8,82,47
1785619712.4,81,47
1785619715.3,82,46
1785619716.1,82,17
1785619716.6,82,2
1785619716.8,81,46
1785619718.5,81,2
1785619718.5,81,17
1785619727.9,82,38
1785619728.2,82,24
1785619729.8,82,7
1785619739.4,82,40
1785619739.7,81,40
1785619741.9,81,38
1785619741.9,82,40
1785619742.3,81,40
1785619742.5,82,17
1785619742.9,81,24
1785619743.3,81,7
1785619743.3,81,17
1785619743.3,82,2
1785619743.7,81,2
1785619746.0,82,30
1785619747.1,82,41
1785619747.8,82,3
1785619748.1,82,48
1785619748.6,81,48
1785619750.5,82,47
1785619751.1,81,47
1785619751.3,82,48
1785619751.9,81,48
1785619752.6,82,47
1785619752.9,82,48
1785619753.2,81,47
1785619753.5,81,48
1785619754.9,82,46
1785619755.4,82,17
1785619755.8,82,47
1785619756.0,81,30
1785619756.1,81,41
1785619756.1,82,2
1785619756.5,81,47
1785619757.0,82,42
1785619757.2,82,19
1785619757.3,82,47
1785619757.4,81,3
1785619757.5,81,19
1785619758.1,81,42
1785619758.2,81,47
1785619758.5,82,29
1785619758.5,82,31
1785619758.8,81,29
1785619758.9,82,47
1785619759.1,82,19
1785619759.5,81,19
1785619759.8,82,8
1785619759.8,82,42
1785619759.9,81,47
1785619760.8,82,19
1785619761.4,81,19
1785619761.5,81,42
1785619762.7,82,42
1785619763.1,82,19
1785619763.7,81,19
1785619764.0,81,42
1785619765.2,81,8
1785619765.2,81,31
1785619768.8,82,30
1785619769.8,82,41
1785619770.7,82,3
1785619773.2,82,36
1785619773.7,81,36
1785619775.4,82,35
1785619775.9,81,35
1785619776.4,82,48
1785619777.1,81,48
1785619777.7,82,34
1785619778.2,81,34
1785619778.2,82,48
1785619778.9,81,48
1785619779.2,82,34
1785619779.7,81,34
1785619779.9,82,47
1785619780.3,82,42
1785619780.8,81,42
1785619780.8,81,47
1785619780.8,82,43
1785619781.0,82,8
1785619781.4,82,29
1785619782.0,81,43
1785619782.0,82,47
1785619782.4,82,33
1785619782.5,82,26
1785619782.9,81,47
1785619783.0,82,43
1785619785.0,82,36
1785619785.3,81,46
1785619785.5,81,36
1785619785.8,81,43
1785619785.8,82,46
1785619786.8,81,2
1785619787.0,81,8
1785619787.0,82,2
1785619787.0,82,35
1785619787.1,82,43
1785619787.3,81,46
1785619787.4,81,35
1785619787.7,82,36
1785619787.9,81,43
1785619788.0,82,46
1785619788.1,81,29
1785619788.2,81,36
1785619788.3,81,33
1785619788.4,82,33
1785619788.5,81,2
1785619789.2,82,34
1785619789.3,82,2
1785619789.4,81,46
1785619789.7,81,34
1785619789.7,82,35
1785619790.2,81,35
1785619790.6,81,17
1785619790.7,81,33
1785619790.9,81,2
1785619791.8,81,26
1785619792.2,82,34
1785619792.8,81,34
1785619793.3,82,26
1785619793.4,82,33
1785619794.5,81,33
1785619795.7,81,26
1785619796.3,82,26
1785619796.4,82,33
1785619796.9,81,33
1785619798.3,81,26
1785619801.8,82,38
1785619801.9,82,24
1785619804.0,82,7
1785619806.5,82,36
1785619807.0,81,36
1785619808.8,82,35
1785619809.3,81,35
1785619811.3,82,36
1785619811.6,82,34
1785619811.8,81,36
1785619812.5,81,34
1785619812.7,82,40
1785619813.3,82,36
1785619813.4,81,40
1785619813.8,82,35
1785619814.0,81,36
1785619814.5,81,35
1785619814.8,82,40
1785619815.6,81,40
1785619815.9,82,35
1785619816.9,82,40
1785619817.0,81,35
1785619817.0,81,41
1785619817.2,82,34
1785619817.4,82,41
1785619817.5,81,40
1785619817.8,81,3
1785619818.2,81,34
1785619818.3,82,3
1785619818.3,82,42
1785619819.0,82,26
1785619819.4,81,38
1785619819.4,82,40
1785619819.5,82,33
1785619819.8,81,40
1785619819.9,82,38
1785619820.0,81,30
1785619820.3,82,31
1785619820.4,82,34
1785619820.4,82,36
1785619820.5,82,30
1785619820.7,81,7
1785619821.0,81,36
1785619821.3,82,8
1785619821.5,81,3
1785619821.5,81,34
1785619821.5,82,7
1785619822.2,81,38
1785619822.2,82,3
1785619822.2,82,40
1785619822.4,81,30
1785619822.5,81,41
1785619822.8,82,36
1785619823.0,81,40
1785619823.2,82,30
1785619823.4,81,36
1785619823.5,81,24
1785619823.6,81,7
1785619823.7,81,3
1785619824.0,82,35
1785619824.3,82,36
1785619824.9,82,3
1785619825.0,81,36
1785619825.6,81,30
1785619825.7,81,35
1785619826.4,82,30
1785619826.7,82,19
1785619827.0,81,19
1785619827.1,81,3
1785619827.2,82,36
1785619828.2,81,36
1785619828.3,82,3
1785619828.4,81,30
1785619829.1,82,34
1785619829.2,82,35
1785619829.2,82,46
1785619829.6,82,17
1785619829.6,82,30
1785619829.9,81,3
1785619830.4,82,2
1785619830.7,81,35
1785619831.1,82,41
1785619831.7,82,3
1785619832.0,81,34
1785619832.2,82,36
1785619832.7,82,35
1785619832.7,82,47
1785619833.1,81,47
1785619833.4,81,36
1785619834.0,81,30
1785619834.7,81,41
1785619834.9,81,35
1785619835.2,81,3
1785619835.7,82,41
1785619837.8,82,34
1785619838.1,81,34
1785619838.5,82,34
1785619839.4,82,40
1785619839.5,81,40
1785619839.6,81,41
1785619840.3,82,35
1785619843.0,81,34
1785619845.0,81,35
1785619845.7,81,42
1785619847.6,82,42
1785619848.2,81,42
1785619849.2,81,31
1785619849.6,81,8
1785619864.0,82,34
1785619864.8,81,33
1785619865.7,81,26
1785619865.8,82,38
1785619865.9,81,34
1785619866.1,82,24
1785619866.7,82,26
1785619866.8,82,34
1785619867.3,82,33
1785619868.2,82,7
1785619868.9,81,34
1785619869.4,81,33
1785619869.9,82,48
1785619870.1,81,26
1785619870.2,82,33
1785619870.3,82,34
1785619870.4,81,48
1785619870.5,82,26
1785619871.8,81,34
1785619872.4,81,33
1785619872.5,82,47
1785619872.8,82,33
1785619872.8,82,35
1785619873.2,81,47
1785619873.5,81,46
1785619873.6,82,34
1785619874.6,81,35
1785619874.9,81,34
1785619875.5,82,19
1785619875.8,82,35
1785619875.9,81,19
1785619876.0,81,33
1785619876.7,82,33
1785619877.0,81,35
1785619877.3,82,48
1785619877.6,81,48
1785619877.8,82,34
1785619878.2,81,33
1785619878.8,81,34
1785619879.3,81,26
1785619879.4,82,46
1785619879.8,82,34
1785619880.0,82,33
1785619880.1,82,26
1785619880.7,81,34
1785619881.2,81,33
1785619882.4,81,26
1785619882.7,81,46
1785619882.7,82,33
1785619883.1,82,26
1785619884.1,81,33
1785619884.7,82,33
1785619885.7,81,33
1785619885.9,82,46
1785619886.9,81,26
1785619890.7,81,46
1785619891.9,81,17
1785619892.0,81,2
1785619892.5,82,43
1785619893.0,82,8
1785619893.8,82,29
1785619894.4,81,43
1785619895.8,82,43
1785619896.3,82,47
1785619896.7,81,47
1785619896.7,82,36
1785619897.1,81,36
1785619898.2,81,43
1785619898.7,82,35
1785619899.1,82,48
1785619899.2,81,35
1785619899.3,81,48
1785619899.7,82,31
1785619900.1,81,8
1785619900.5,82,46
1785619900.8,82,17
1785619901.0,82,34
1785619901.0,82,43
1785619901.1,81,29
1785619901.1,81,31
1785619901.1,82,47
1785619901.2,81,43
1785619901.6,81,34
1785619901.6,82,2
1785619901.8,81,47
1785619904.1,82,48
1785619904.7,81,48
1785619905.9,82,26
1785619906.0,82,33
1785619906.1,82,40
1785619906.6,82,47
1785619906.8,81,40
1785619907.4,81,47
1785619907.7,82,48
1785619908.4,81,48
1785619909.1,82,40
1785619909.3,82,47
1785619909.6,81,40
1785619910.2,81,47
1785619911.0,82,47
1785619911.1,81,38
1785619911.1,82,40
1785619911.6,81,40
1785619912.1,81,47
1785619912.3,81,24
1785619912.5,81,7
1785619917.2,82,48
1785619917.5,81,48
1785619920.1,82,47
1785619921.1,81,47
1785619921.9,82,48
1785619922.5,81,48
1785619924.3,81,33
1785619924.4,82,48
1785619925.2,81,26
1785619925.3,81,48
1785619927.1,82,47
1785619929.5,81,46
1785619929.9,81,47
1785619930.0,82,46
1785619930.6,82,36
1785619930.6,82,47
1785619930.7,81,2
1785619930.9,82,2
1785619931.0,81,36
1785619932.1,81,46
1785619932.2,82,46
1785619932.5,82,35
1785619932.9,81,35
1785619933.3,82,36
1785619933.8,81,36
1785619934.1,81,46
1785619934.3,81,47
1785619934.5,82,34
1785619934.5,82,48
1785619934.9,81,34
1785619935.1,82,36
1785619935.2,82,35
1785619935.4,81,48
1785619935.5,81,17
1785619935.5,81,36
1785619935.6,81,2
1785619935.6,81,35
1785619936.0,82,46
1785619936.2,82,17
1785619936.6,82,36
1785619936.8,82,35
1785619936.9,82,2
1785619937.0,81,36
1785619937.0,82,34
1785619937.1,82,47
1785619937.2,82,48
1785619937.3,81,35
1785619937.4,81,34
1785619937.7,81,46
1785619937.8,82,26
1785619938.0,81,48
1785619938.2,82,35
1785619938.4,81,47
1785619938.4,82,46
1785619938.6,81,35
1785619938.8,82,34
1785619938.9,81,26
1785619939.1,81,2
1785619939.2,82,47
1785619939.3,81,34
1785619939.7,82,2
1785619939.8,81,46
1785619939.9,82,34
1785619940.0,82,26
1785619940.3,82,33
1785619940.4,81,33
1785619940.4,81,34
1785619940.6,81,47
1785619940.7,82,19
1785619941.1,81,17
1785619941.2,81,2
1785619941.2,82,36
1785619941.4,81,36
1785619941.5,81,19
1785619941.6,82,47
1785619941.7,81,26
1785619941.8,82,46
1785619942.0,82,33
1785619942.1,82,26
1785619942.3,81,33
1785619942.4,82,17
1785619942.7,81,47
1785619942.9,82,35
1785619943.0,82,2
1785619943.2,81,46
1785619943.4,81,35
1785619943.5,82,19
1785619943.9,81,19
1785619943.9,82,46
1785619944.2,82,35
1785619944.6,81,2
1785619944.7,81,26
1785619944.7,81,35
1785619944.9,82,36
1785619945.0,82,34
1785619945.2,81,46
1785619945.2,82,2
1785619945.2,82,38
1785619945.5,81,34
1785619945.7,81,36
1785619945.7,82,24
1785619946.1,82,34
1785619946.1,82,46
1785619946.6,81,2
1785619947.0,81,34
1785619947.0,82,35
1785619947.2,82,7
1785619947.3,82,36
1785619947.5,81,46
1785619947.5,82,2
1785619947.7,81,35
1785619947.8,81,36
1785619947.9,82,46
1785619948.5,82,26
1785619949.2,81,46
1785619949.2,82,34
1785619949.4,82,35
1785619949.5,82,33
1785619949.8,81,35
1785619950.0,81,34
1785619950.1,82,36
1785619950.1,82,39
1785619950.2,81,33
1785619950.4,81,17
1785619950.5,81,2
1785619950.6,81,36
1785619950.7,82,22
1785619951.4,82,34
1785619951.6,81,26
1785619951.7,82,4
1785619952.0,81,34
1785619952.3,82,35
1785619952.6,82,33
1785619952.8,81,35
1785619952.8,82,26
1785619953.3,81,33
1785619954.5,81,26
1785619954.6,82,34
1785619954.7,82,33
1785619954.9,82,26
1785619955.0,82,36
1785619955.0,82,48
1785619955.1,81,34
1785619955.2,81,33
1785619955.6,81,36
1785619955.6,81,48
1785619956.2,81,26
1785619957.3,82,35
1785619957.5,82,47
1785619957.9,81,35
1785619958.2,81,47
1785619958.3,82,26
1785619958.8,82,33
1785619958.9,81,33
1785619959.8,82,34
1785619960.0,81,26
1785619960.0,82,19
1785619960.2,82,46
1785619960.4,81,34
1785619960.5,81,19
1785619960.5,82,36
1785619960.8,82,17
1785619960.9,81,36
1785619961.0,81,46
1785619961.4,82,2
1785619961.4,82,46
1785619961.6,82,30
1785619962.2,82,35
1785619962.3,81,46
1785619962.4,81,2
1785619962.6,81,35
1785619962.6,82,2
1785619962.7,82,48
1785619962.8,81,48
1785619963.1,82,19
1785619963.4,81,17
1785619963.4,82,26
1785619963.5,82,33
1785619963.7,81,2
1785619963.9,81,19
1785619963.9,82,3
1785619964.0,81,33
1785619964.0,82,34
1785619964.4,81,34
1785619965.0,82,46
1785619965.4,81,26
1785619965.4,82,17
1785619966.2,82,2
1785619966.8,81,46
1785619966.8,82,26
1785619967.0,82,33
1785619967.3,81,33
1785619967.8,82,46
1785619968.4,81,2
1785619968.5,81,26
1785619969.1,82,2
1785619969.4,81,46
1785619969.5,82,19
1785619969.5,82,46
1785619969.8,81,19
1785619971.1,81,46
1785619971.7,82,46
1785619972.4,82,36
1785619972.5,81,2
1785619972.8,82,2
1785619973.0,82,47
1785619973.4,81,36
1785619973.4,81,47
1785619973.7,81,46
1785619974.5,82,35
1785619975.2,81,17
1785619975.2,82,19
1785619975.3,81,2
1785619975.5,81,35
1785619975.7,81,19
1785619976.6,82,34
1785619977.0,82,46
1785619977.6,81,34
1785619977.6,82,17
1785619978.2,82,2
1785619978.7,81,46
1785619980.1,82,33
1785619980.2,82,26
1785619980.4,81,17
1785619980.5,81,2
1785619980.5,81,33
1785619981.9,81,26
1785619986.8,82,48
1785619987.1,82,47
1785619987.3,81,48
1785619987.6,81,47
1785619989.5,82,47
1785619990.1,81,47
1785619990.7,82,46
1785619991.0,82,47
1785619991.2,82,17
1785619991.7,81,47
1785619992.0,82,2
1785619992.2,82,19
1785619993.0,81,19
1785619995.5,82,40
1785619995.6,82,48
1785619996.2,81,40
1785619996.2,81,48
1785619996.6,81,39
1785619996.6,82,36
1785619997.0,81,36
1785619997.2,81,22
1785619997.5,81,4
1785619997.8,81,38
1785619997.8,82,40
1785619997.9,82,48
1785619998.4,81,40
1785619998.5,82,43
1785619998.6,81,48
1785619998.7,82,47
1785619998.8,82,35
1785619998.9,81,24
1785619999.2,81,7
1785619999.3,81,47
1785619999.3,82,48
1785619999.4,81,35
1785619999.4,82,47
1785619999.5,82,8
1785619999.6,81,48
1785619999.6,82,29
1785620000.1,81,47
1785620000.3,81,43
1785620000.7,82,47
1785620001.3,81,47
1785620001.3,82,43
1785620001.4,82,48
1785620001.7,82,47
1785620001.8,82,34
1785620002.3,81,48
1785620002.5,81,34
1785620002.9,81,47
1785620003.1,82,47
1785620003.5,81,8
1785620003.5,82,31
1785620003.6,81,43
1785620003.6,82,48
1785620004.0,81,29
1785620004.0,81,31
1785620004.5,81,47
1785620004.6,81,48
1785620004.7,82,48
1785620004.8,81,48
1785620005.1,82,48
1785620005.9,81,48
1785620006.3,82,19
1785620007.0,82,47
1785620007.6,81,19
1785620007.6,82,26
1785620008.1,82,33
1785620010.4,81,47
1785620011.6,82,47
1785620013.0,82,48
1785620013.7,82,36
1785620013.9,82,41
1785620014.1,81,36
1785620014.9,81,41
1785620015.1,82,41
1785620015.7,82,35
1785620015.7,82,43
1785620016.0,82,42
1785620016.2,81,35
1785620017.0,81,42
1785620017.0,81,47
1785620017.7,81,41
1785620017.8,82,29
1785620017.8,82,31
1785620018.2,82,34
1785620018.4,81,29
1785620018.4,81,31
1785620018.5,82,36
1785620018.5,82,41
1785620018.7,82,42
1785620018.8,82,31
1785620018.9,81,34
1785620019.1,82,8
1785620019.2,82,29
1785620019.4,81,36
1785620019.5,81,29
1785620019.8,82,29
1785620020.4,81,30
1785620020.6,81,29
1785620020.6,81,41
1785620020.8,82,35
1785620021.3,81,48
1785620021.7,81,3
1785620021.9,81,35
1785620023.2,81,43
1785620023.6,82,34
1785620025.0,81,34
1785620026.3,81,42
1785620027.4,82,42
1785620029.3,81,42
1785620029.8,81,31
1785620030.3,81,8
1785620038.1,82,24
1785620038.3,82,36
1785620038.6,82,38
1785620038.8,81,36
1785620040.5,82,7
1785620040.7,82,35
1785620041.3,81,35
1785620043.5,82,39
1785620043.7,82,34
1785620044.4,81,34
1785620044.8,81,33
1785620045.0,82,33
1785620047.1,81,46
1785620047.4,81,33
1785620047.5,82,19
1785620047.9,81,19
1785620047.9,82,46
1785620048.7,82,33
1785620050.2,81,46
1785620050.3,81,33
1785620050.7,82,19
1785620051.1,81,19
1785620051.4,81,26
1785620051.6,82,46
1785620052.1,81,46
1785620052.7,82,46
1785620053.3,82,19
1785620053.6,81,19
1785620053.7,81,46
1785620054.3,82,46
1785620055.1,81,2
1785620055.5,82,2
1785620055.6,82,47
1785620056.4,82,19
1785620057.0,81,47
1785620057.3,81,19
1785620057.5,82,47
1785620058.6,81,47
1785620059.1,82,19
1785620059.5,81,19
1785620059.5,81,46
1785620060.0,81,2
1785620060.1,82,46
1785620060.6,82,47
1785620060.8,82,2
1785620061.2,82,48
1785620061.3,81,46
1785620061.5,81,47
1785620062.1,82,46
1785620062.3,81,48
1785620062.7,81,2
1785620062.7,82,47
1785620063.1,82,48
1785620063.2,82,2
1785620063.6,81,47
1785620063.8,82,19
1785620064.2,81,48
1785620064.3,81,19
1785620065.8,81,46
1785620065.8,82,47
1785620065.9,82,19
1785620066.0,82,48
1785620066.2,81,19
1785620066.3,82,46
1785620066.8,81,47
1785620067.3,81,48
1785620067.7,82,47
1785620068.3,81,46
1785620068.5,82,46
1785620068.7,81,47
1785620069.6,82,48
1785620070.5,81,46
1785620070.6,82,47
1785620071.4,81,47
1785620071.5,82,46
1785620071.7,81,48
1785620072.1,81,2
1785620072.4,82,2
1785620072.7,82,48
1785620072.9,81,46
1785620073.2,82,46
1785620073.7,81,48
1785620073.9,82,47
1785620074.0,82,36
1785620074.2,81,2
1785620074.4,82,2
1785620074.4,82,30
1785620074.5,81,36
1785620074.6,81,46
1785620075.5,81,47
1785620075.5,82,46
1785620075.6,82,41
1785620075.8,81,17
1785620075.9,81,2
1785620076.0,82,17
1785620076.2,82,3
1785620076.3,82,35
1785620076.4,82,2
1785620076.6,81,46
1785620076.8,82,47
1785620077.2,81,35
1785620077.6,81,47
1785620077.9,81,2
1785620077.9,81,17
1785620078.4,82,34
1785620078.9,81,34
1785620079.0,82,46
1785620079.1,82,34
1785620079.3,82,17
1785620079.6,81,34
1785620080.1,82,2
1785620080.7,81,46
1785620081.5,82,33
1785620081.6,81,2
1785620081.7,82,46
1785620081.9,81,17
1785620081.9,82,26
1785620082.2,82,17
1785620082.4,81,33
1785620082.7,82,48
1785620082.8,82,2
1785620083.3,81,48
1785620083.6,81,26
1785620083.6,81,46
1785620084.3,82,48
1785620084.8,81,17
1785620084.8,81,48
1785620085.1,82,47
1785620085.4,81,2
1785620085.8,81,47
1785620086.8,82,47
1785620087.1,82,48
1785620087.3,81,47
1785620087.6,81,48
1785620087.6,82,47
1785620087.7,81,47
1785620088.7,82,46
1785620089.3,82,17
1785620089.3,82,19
1785620089.3,82,48
1785620089.6,81,46
1785620089.7,81,19
1785620089.8,81,48
1785620089.8,82,2
1785620090.8,81,17
1785620090.8,82,46
1785620091.0,81,2
1785620091.2,82,48
1785620091.5,82,17
1785620091.8,81,48
1785620091.8,82,47
1785620091.9,82,19
1785620092.1,81,19
1785620092.1,82,2
1785620092.4,81,47
1785620092.5,81,46
1785620093.8,82,46
1785620093.8,82,47
1785620094.0,81,17
1785620094.2,81,2
1785620094.4,81,47
1785620094.5,82,17
1785620095.0,82,2
1785620095.4,81,46
1785620096.2,82,46
1785620097.1,81,2
1785620097.5,82,2
1785620097.9,81,46
1785620098.3,82,46
1785620099.7,81,46
1785620100.8,81,17
1785620101.3,81,2
1785620109.6,82,40
1785620110.0,81,40
1785620110.5,81,39
1785620111.7,82,40
1785620112.2,81,40
1785620114.3,81,38
1785620114.3,82,40
1785620114.8,81,40
1785620115.6,81,24
1785620115.8,81,7
1785620124.0,81,30
1785620124.6,82,36
1785620124.9,81,41
1785620125.1,81,36
1785620125.4,81,3
1785620126.1,82,42
1785620127.0,82,35
1785620127.6,81,35
1785620128.0,82,29
1785620128.0,82,31
1785620129.4,81,29
1785620129.5,82,8
1785620129.7,82,29
1785620129.7,82,34
1785620130.0,81,29
1785620130.4,81,34
1785620135.1,82,33
1785620135.3,82,26
1785620135.6,81,42
1785620136.7,81,31
1785620137.0,81,8
1785620145.8,81,33
1785620146.2,81,26
1785620147.5,82,36
1785620148.2,81,36
1785620148.3,82,36
1785620148.5,81,36
1785620149.7,82,35
1785620150.3,81,35
1785620150.4,82,35
1785620150.8,81,35
1785620152.2,82,34
1785620153.4,81,34
1785620156.0,82,33
1785620156.3,82,26
1785620156.9,81,33
1785620158.7,81,26
1785620168.2,82,38
1785620168.7,82,24
1785620170.0,82,7
1785620172.1,82,48
1785620173.1,81,48
1785620174.5,82,47
1785620174.9,82,48
1785620175.5,81,48
1785620175.7,81,47
1785620175.9,82,36
1785620176.4,82,48
1785620176.5,81,36
1785620177.0,81,48
1785620177.8,82,47
1785620178.0,82,36
1785620178.0,82,39
1785620178.5,81,36
1785620178.5,82,35
1785620178.7,81,47
1785620179.0,82,22
1785620179.2,81,35
1785620179.4,82,46
1785620179.4,82,47
1785620179.6,81,38
1785620179.6,82,40
1785620179.8,82,17
1785620180.3,81,24
1785620180.3,81,40
1785620180.3,81,47
1785620180.3,82,4
1785620180.4,82,36
1785620180.5,81,7
1785620180.7,82,35
1785620181.1,81,36
1785620181.3,81,35
1785620181.4,82,2
1785620181.6,82,34
1785620181.7,82,48
1785620182.2,82,47
1785620182.4,81,2
1785620182.4,81,34
1785620182.5,81,48
1785620182.7,82,2
1785620182.9,82,36
1785620183.0,81,39
1785620183.2,81,47
1785620183.6,81,22
1785620183.6,81,36
1785620183.7,82,35
1785620184.0,82,34
1785620184.2,81,4
1785620184.6,81,35
1785620184.8,81,34
1785620185.7,82,47
1785620186.3,82,35
1785620187.2,81,35
1785620187.2,81,47
1785620187.4,82,19
1785620187.8,82,34
1785620187.9,82,26
1785620188.6,81,19
1785620188.7,82,33
1785620188.8,81,34
1785620189.0,82,47
1785620190.0,81,47
1785620190.1,82,47
1785620191.1,82,34
1785620192.2,81,47
1785620192.6,81,34
1785620196.8,81,2
1785620197.1,82,2
1785620197.3,81,2
1785620197.8,82,2
1785620197.9,81,2
1785620198.1,82,2
1785620198.2,81,33
1785620199.4,82,33
1785620200.2,81,46
1785620200.4,82,46
1785620201.2,81,33
1785620202.2,82,19
1785620202.6,81,46
1785620202.9,81,19
1785620202.9,82,33
1785620203.7,82,46
1785620204.2,81,33
1785620204.4,81,2
1785620204.5,82,2
1785620205.1,81,46
1785620205.2,81,26
1785620206.2,81,17
1785620206.4,81,2
1785620206.4,82,30
1785620206.8,82,41
1785620206.8,82,46
1785620207.2,82,17
1785620207.7,82,3
1785620207.9,82,2
1785620208.5,81,46
1785620208.7,82,46
1785620210.3,81,46
1785620211.5,81,2
1785620211.6,81,17
1785620222.0,82,48
1785620223.0,81,48
1785620224.5,82,47
1785620225.0,82,48
1785620225.1,82,39
1785620225.6,81,47
1785620225.6,81,48
1785620226.1,82,22
1785620226.2,82,47
1785620226.9,81,47
1785620227.0,82,4
1785620228.0,82,47
1785620228.9,81,47
1785620229.0,82,19
1785620229.7,81,19
1785620229.7,82,48
1785620230.0,81,30
1785620230.0,82,46
1785620230.3,81,48
1785620230.5,82,17
1785620230.6,81,41
1785620231.4,82,2
1785620231.5,82,19
1785620231.5,82,42
1785620231.5,82,48
1785620231.6,81,3
1785620231.9,81,19
1785620232.3,81,48
1785620232.9,82,47
1785620232.9,82,48
1785620233.0,82,31
1785620233.7,81,48
1785620233.9,81,47
1785620234.2,82,8
1785620235.6,82,47
1785620237.0,81,47
1785620237.2,82,19
1785620237.7,81,19
1785620238.2,82,47
1785620238.8,81,42
1785620239.8,81,31
1785620240.0,81,8
1785620240.1,81,47
1785620243.7,82,38
1785620243.9,82,24
1785620246.1,82,7
1785620252.8,82,40
1785620256.3,81,2
1785620256.5,82,2
1785620258.4,81,46
1785620259.0,82,46
1785620259.4,82,43
1785620259.7,81,43
1785620259.8,81,2
1785620260.0,82,2
1785620260.3,82,8
1785620260.5,82,42
1785620260.7,81,46
1785620260.8,82,29
1785620261.0,81,42
1785620261.0,82,43
1785620261.9,81,17
1785620262.0,81,2
1785620262.4,82,46
1785620263.0,82,17
1785620263.4,82,2
1785620264.6,81,46
1785620264.8,82,31
1785620264.9,82,46
1785620265.8,81,31
1785620266.2,82,31
1785620267.7,81,8
1785620267.8,81,43
1785620268.1,81,46
1785620268.2,82,48
1785620268.6,81,48
1785620268.7,81,29
1785620268.7,81,31
1785620268.8,82,43
1785620269.3,82,48
1785620269.5,81,2
1785620269.5,82,8
1785620269.6,81,17
1785620269.9,81,48
1785620270.2,82,29
1785620270.3,81,43
1785620271.1,82,30
1785620271.4,82,43
1785620271.6,81,30
1785620271.6,82,47
1785620272.0,82,30
1785620272.2,81,47
1785620272.5,82,19
1785620272.8,81,19
1785620272.8,81,30
1785620273.1,82,30
1785620273.6,82,3
1785620273.8,82,46
1785620274.3,82,17
1785620274.7,81,46
1785620274.8,82,2
1785620275.0,82,46
1785620275.7,81,46
1785620275.9,81,2
1785620276.1,81,8
1785620276.1,82,2
1785620276.4,81,30
1785620276.7,81,3
1785620276.8,81,43
1785620277.1,81,2
1785620277.1,81,17
1785620277.2,81,29
1785620285.8,82,3
1785620286.1,81,3
1785620292.0,81,40
1785620293.2,82,40
1785620294.1,81,40
1785620294.2,81,39
1785620294.3,81,4
1785620295.3,82,4
1785620295.8,82,40
1785620295.9,82,42
1785620296.4,82,43
1785620296.5,81,40
1785620297.2,81,42
1785620297.7,81,22
1785620297.9,82,8
1785620298.0,82,39
1785620298.5,82,29
1785620298.5,82,42
1785620298.8,81,4
1785620298.8,82,22
1785620298.9,81,38
1785620298.9,82,40
1785620299.6,82,4
1785620299.7,81,40
1785620299.9,82,31
1785620300.2,81,24
1785620300.2,81,31
1785620300.4,81,7
1785620300.6,81,39
1785620300.8,82,2
1785620300.9,81,2
1785620301.7,81,22
1785620301.7,81,42
1785620302.4,81,4
1785620302.4,81,43
1785620302.4,82,31
1785620302.8,82,47
1785620303.4,81,47
1785620303.7,81,8
1785620303.9,81,31
1785620304.1,82,43
1785620304.4,81,29
1785620305.6,82,19
1785620305.6,82,29
1785620305.6,82,31
1785620306.0,81,29
1785620306.0,81,31
1785620306.4,81,19
1785620306.9,81,43
1785620309.7,82,46
1785620309.9,82,17
1785620310.7,82,2
1785620319.0,82,38
1785620319.4,82,24
1785620321.9,82,7
1785620324.5,82,36
1785620324.7,81,46
1785620325.0,81,36
1785620326.0,81,2
1785620326.0,81,17
1785620326.5,82,36
1785620326.7,82,35
1785620326.9,81,36
1785620327.2,81,35
1785620328.5,82,35
1785620328.9,82,34
1785620329.1,81,35
1785620329.4,81,34
1785620330.0,82,35
1785620330.5,81,35
1785620330.9,82,34
1785620331.4,81,34
1785620332.3,82,34
1785620332.4,82,33
1785620332.5,82,26
1785620332.9,81,33
1785620332.9,81,34
1785620334.0,81,26
1785620334.5,82,33
1785620334.7,82,48
1785620334.9,82,26
1785620335.1,81,33
1785620335.3,81,48
1785620336.0,82,33
1785620336.6,81,33
1785620337.0,82,47
1785620337.6,81,47
1785620337.8,81,26
1785620337.9,82,36
1785620338.4,81,36
1785620340.1,82,35
1785620340.5,82,46
1785620340.6,81,35
1785620341.2,82,17
1785620341.5,81,46
1785620341.6,82,2
1785620342.3,82,34
1785620342.6,81,2
1785620342.8,81,34
1785620342.9,81,17
1785620343.5,82,36
1785620344.0,81,36
1785620345.4,82,35
1785620345.8,81,35
1785620346.1,82,33
1785620346.2,82,26
1785620346.5,81,33
1785620347.4,82,34
1785620347.7,81,26
1785620347.9,81,34
1785620347.9,82,36
1785620348.3,81,36
1785620349.6,82,36
1785620349.8,82,35
1785620350.0,81,36
1785620350.3,81,35
1785620350.7,82,33
1785620350.9,82,26
1785620351.3,81,33
1785620351.6,82,35
1785620352.0,82,34
1785620352.1,81,35
1785620352.5,81,34
1785620352.7,81,26
1785620353.8,82,34
1785620354.2,81,34
1785620355.5,82,26
1785620355.6,82,33
1785620356.0,81,33
1785620356.7,82,48
1785620357.1,82,33
1785620357.4,81,48
1785620357.7,81,33
1785620358.9,81,26
1785620360.0,82,47
1785620360.8,81,47
1785620366.6,82,17
1785620366.6,82,46
1785620367.7,82,2
1785620369.7,81,2
1785620369.9,82,2
1785620374.8,81,38
1785620374.8,82,40
1785620375.2,81,46
1785620375.3,81,40
1785620375.5,82,38
1785620375.6,81,7
1785620376.4,81,2
1785620376.5,82,22
1785620377.0,82,7
1785620377.6,82,4
1785620377.7,82,39
1785620377.9,81,17
1785620378.5,81,38
1785620378.5,82,40
1785620378.9,81,40
1785620379.3,82,38
1785620380.0,81,7
1785620380.6,81,39
1785620380.9,82,7
1785620381.5,81,38
1785620381.5,82,40
1785620381.9,81,4
1785620382.1,81,40
1785620382.7,81,22
1785620383.1,81,24
1785620383.2,81,7
1785620383.7,82,43
1785620384.2,82,38
1785620384.4,82,24
1785620384.6,82,8
1785620385.0,82,29
1785620385.2,82,36
1785620385.5,81,43
1785620385.7,81,36
1785620385.8,82,7
1785620386.3,82,40
1785620386.4,81,40
1785620386.5,82,43
1785620387.3,81,7
1785620387.5,82,35
1785620388.0,82,7
1785620388.0,82,31
1785620388.1,81,35
1785620388.2,81,38
1785620388.2,82,40
1785620388.8,81,40
1785620388.8,81,43
1785620388.8,82,38
1785620389.0,82,36
1785620389.3,81,31
1785620389.5,81,36
1785620389.7,82,31
1785620389.9,81,7
1785620390.2,82,2
1785620390.2,82,7
1785620390.3,82,34
1785620390.4,81,31
1785620390.4,82,40
1785620390.6,82,31
1785620390.8,81,2
1785620390.8,81,40
1785620391.0,81,34
1785620391.0,82,43
1785620391.1,81,8
1785620391.1,81,43
1785620391.5,82,35
1785620391.7,81,29
1785620391.7,81,31
1785620392.1,81,35
1785620392.2,82,40
1785620392.4,82,34
1785620392.4,82,36
1785620392.8,81,40
1785620393.1,81,36
1785620393.2,81,34
1785620393.9,81,38
1785620393.9,82,40
1785620394.0,82,30
1785620394.0,82,36
1785620394.2,81,40
1785620394.4,81,30
1785620394.7,81,36
1785620394.8,82,30
1785620394.9,82,34
1785620395.0,81,24
1785620395.1,81,7
1785620395.2,81,30
1785620395.5,82,35
1785620395.9,81,34
1785620395.9,82,33
1785620396.0,82,26
1785620396.0,82,30
1785620396.3,81,35
1785620396.4,81,30
1785620396.4,82,3
1785620396.8,82,30
1785620397.3,82,35
1785620397.6,81,30
1785620398.2,81,35
1785620398.4,81,3
1785620398.7,82,36
1785620399.2,82,34
1785620399.4,81,36
1785620400.4,81,34
1785620401.8,82,34
1785620402.3,82,35
1785620403.4,81,35
1785620403.6,81,34
1785620404.3,82,34
1785620408.0,81,34
1785620410.1,82,34
1785620416.8,81,34
1785620420.2,82,36
1785620420.9,81,36
1785620423.8,82,35
1785620424.9,81,35
1785620426.2,82,38
1785620426.5,82,24
1785620426.7,81,33
1785620426.8,82,33
1785620428.1,82,7
1785620429.0,81,33
1785620429.2,82,33
1785620431.5,81,33
1785620431.8,82,33
1785620432.4,82,34
1785620432.6,81,34
1785620432.8,82,34
1785620435.6,81,33
1785620435.7,81,34
1785620436.8,81,26
1785620437.4,82,26
1785620437.4,82,33
1785620439.1,81,33
1785620439.9,82,33
1785620441.5,81,33
1785620442.5,82,33
1785620442.7,82,48
1785620443.3,81,48
1785620443.6,82,47
1785620443.8,81,33
1785620443.8,81,47
1785620444.9,81,26
1785620445.5,82,47
1785620446.1,81,47
1785620447.5,82,46
1785620447.5,82,48
1785620447.7,81,48
1785620448.0,82,47
1785620448.3,82,17
1785620448.6,81,47
1785620448.8,82,2
1785620449.5,81,46
1785620449.7,82,47
1785620450.2,82,46
1785620450.3,81,47
1785620450.6,82,19
1785620451.2,81,19
1785620452.1,81,46
1785620453.0,82,46
1785620453.5,82,47
1785620453.5,82,48
1785620453.8,81,2
1785620454.0,81,48
1785620454.1,81,47
1785620454.2,82,2
1785620454.4,81,46
1785620455.3,82,46
1785620455.5,81,17
1785620455.6,81,2
1785620455.7,82,48
1785620455.8,82,17
1785620455.8,82,47
1785620455.9,81,48
1785620456.4,81,47
1785620456.4,82,2
1785620456.7,81,46
1785620457.5,82,46
1785620457.8,81,17
1785620457.8,82,47
1785620457.9,81,2
1785620458.3,82,17
1785620458.4,81,47
1785620458.6,81,46
1785620458.8,82,2
1785620458.8,82,39
1785620459.5,82,46
1785620459.7,82,22
1785620459.9,82,47
1785620460.0,81,2
1785620460.1,82,19
1785620460.5,81,47
1785620460.7,81,46
1785620460.7,82,2
1785620460.8,81,19
1785620461.0,82,4
1785620461.1,82,48
1785620461.2,81,48
1785620461.3,82,47
1785620461.5,81,47
1785620461.6,82,46
1785620462.2,81,2
1785620462.3,82,48
1785620462.5,81,46
1785620462.5,82,2
1785620462.5,82,19
1785620462.9,81,19
1785620462.9,81,48
1785620462.9,82,47
1785620463.3,82,19
1785620463.5,81,47
1785620463.6,81,17
1785620463.6,81,19
1785620463.8,82,46
1785620464.0,81,2
1785620464.2,82,17
1785620464.7,82,47
1785620465.1,82,2
1785620465.4,81,46
1785620465.4,81,47
1785620465.5,82,46
1785620467.0,81,46
1785620467.2,82,46
1785620468.5,81,46
1785620468.9,82,46
1785620470.0,81,2
1785620470.1,81,46
1785620470.2,82,2
1785620471.3,81,17
1785620471.4,81,2
1785620485.7,81,38
1785620485.7,82,40
1785620486.3,81,24
1785620486.3,81,40
1785620486.6,81,7
1785620488.8,81,39
1785620489.2,81,4
1785620490.0,82,4
1785620490.1,81,4
1785620490.6,81,22
1785620491.0,82,43
1785620492.0,82,8
1785620492.2,82,29
1785620492.9,81,43
1785620493.2,82,31
1785620493.6,81,31
1785620494.6,82,31
1785620494.6,82,43
1785620494.9,81,31
1785620495.5,81,43
1785620496.6,82,31
1785620496.6,82,43
1785620497.1,82,36
1785620497.4,81,31
1785620497.6,81,36
1785620497.7,81,8
1785620498.6,81,29
1785620498.9,81,43
1785620499.5,82,35
1785620499.6,82,36
1785620500.1,81,35
1785620500.1,81,36
1785620502.2,82,34
1785620502.2,82,35
1785620502.7,81,35
1785620502.8,81,34
1785620504.0,82,35
1785620504.6,81,35
1785620504.6,82,34
1785620505.2,81,34
1785620505.2,82,36
1785620505.7,81,36
1785620506.2,82,26
1785620506.3,82,33
1785620506.5,82,34
1785620506.6,81,33
1785620507.1,81,34
1785620507.3,82,35
1785620507.6,81,26
1785620507.9,81,35
1785620508.2,82,33
1785620508.7,82,26
1785620508.9,82,36
1785620509.3,81,36
1785620509.3,82,35
1785620509.4,81,33
1785620509.6,82,34
1785620509.8,81,35
1785620510.0,82,36
1785620510.4,81,36
1785620510.4,82,33
1785620510.6,81,34
1785620511.0,82,35
1785620511.3,81,33
1785620511.5,81,35
1785620511.5,82,34
1785620512.0,81,34
1785620512.6,81,26
1785620513.1,82,34
1785620513.4,82,33
1785620513.6,81,34
1785620513.6,82,26
1785620514.2,81,33
1785620514.3,82,34
1785620514.8,81,34
1785620515.3,82,33
1785620515.9,81,33
1785620516.6,82,33
1785620517.4,81,33
1785620518.1,82,33
1785620518.7,81,33
1785620519.9,81,26
1785620525.8,82,48
1785620526.9,81,48
1785620528.4,82,47
1785620528.8,82,38
1785620528.9,82,24
1785620529.0,81,47
1785620530.1,82,36
1785620530.6,82,7
1785620531.1,81,36
1785620531.9,82,35
1785620532.2,82,46
1785620533.0,82,17
1785620533.3,82,36
1785620533.4,81,35
1785620533.4,82,2
1785620533.8,81,36
1785620533.8,82,34
1785620534.3,81,46
1785620534.6,81,34
1785620534.7,81,2
1785620534.8,81,17
1785620534.8,82,34
1785620535.1,81,34
1785620535.2,82,34
1785620535.4,82,35
1785620535.8,81,34
1785620536.0,81,35
1785620538.1,82,34
1785620538.8,81,34
1785620539.1,82,26
1785620539.5,82,33
1785620539.7,81,26
1785620540.1,82,26
1785620541.8,81,38
1785620541.8,82,40
1785620542.3,81,40
1785620542.5,81,24
1785620542.7,81,7
1785620544.3,82,36
1785620544.6,81,33
1785620544.7,81,36
1785620546.4,82,35
1785620546.5,82,33
1785620546.9,81,35
1785620549.0,82,34
1785620549.7,81,34
1785620557.0,81,33
1785620557.8,82,33
1785620559.2,82,36
1785620559.7,81,36
1785620559.7,82,48
1785620560.9,81,48
1785620561.4,82,35
1785620561.9,81,35
1785620562.2,81,33
1785620562.5,82,48
1785620563.4,81,26
1785620563.5,81,48
1785620563.6,82,47
1785620563.7,82,34
1785620564.2,81,34
1785620564.6,81,47
1785620565.0,82,47
1785620565.2,82,48
1785620565.4,81,47
1785620566.2,81,48
1785620567.0,82,47
1785620567.3,82,33
1785620567.4,82,26
1785620567.6,82,48
1785620568.0,81,33
1785620568.3,81,47
1785620568.6,81,48
1785620569.1,81,26
1785620570.0,82,47
1785620570.8,82,48
1785620571.0,81,48
1785620571.2,82,48
1785620571.3,81,48
1785620571.6,81,47
1785620571.6,82,46
1785620572.1,82,19
1785620572.4,81,19
1785620572.4,82,17
1785620572.9,82,47
1785620573.0,81,47
1785620573.2,82,47
1785620573.5,82,2
1785620573.7,81,17
1785620573.7,82,36
1785620574.2,81,36
1785620574.4,82,17
1785620574.7,81,47
1785620575.0,81,46
1785620575.1,82,19
1785620575.1,82,46
1785620575.5,81,19
1785620575.9,82,35
1785620576.3,82,47
1785620576.4,81,35
1785620576.9,81,2
1785620576.9,81,17
1785620577.6,82,17
1785620578.0,81,47
1785620578.1,82,19
1785620578.1,82,34
1785620578.5,82,2
1785620578.7,81,34
1785620578.9,81,19
1785620579.8,82,34
1785620579.8,82,47
1785620580.3,81,46
1785620580.4,81,34
1785620580.4,82,43
1785620580.6,82,46
1785620580.9,81,43
1785620581.1,82,19
1785620581.1,82,42
1785620581.2,81,42
1785620581.2,81,47
1785620581.2,82,43
1785620581.7,81,19
1785620582.1,82,8
1785620582.1,82,42
1785620582.4,81,42
1785620582.4,82,26
1785620582.4,82,29
1785620582.4,82,31
1785620582.4,82,33
1785620583.3,81,33
1785620583.9,82,33
1785620584.1,81,43
1785620584.8,81,29
1785620584.8,81,31
1785620584.9,81,33
1785620585.2,82,43
1785620586.1,81,26
1785620586.2,81,43
1785620586.4,82,29
1785620586.4,82,31
1785620586.7,81,8
1785620586.8,81,31
1785620587.6,82,31
1785620587.7,82,8
1785620588.6,82,43
1785620588.9,81,8
1785620589.4,81,46
1785620589.9,82,46
1785620590.3,82,8
1785620592.1,81,46
1785620592.6,81,31
1785620592.9,82,24
1785620593.5,81,2
1785620593.6,81,17
1785620593.6,81,24
1785620595.3,81,43
1785620598.3,81,8
1785620599.1,82,43
1785620600.6,81,29
1785620602.5,81,43
1785620607.6,82,38
1785620607.8,82,24
1785620610.1,82,7
1785620610.3,81,7
1785620611.0,82,7
1785620612.2,82,48
1785620612.8,81,48
1785620613.9,82,48
1785620614.5,81,48
1785620614.6,82,47
1785620615.8,82,48
1785620615.9,81,47
1785620616.4,81,48
1785620616.8,82,47
1785620617.7,81,47
1785620618.2,82,48
1785620618.7,82,47
1785620618.9,81,48
1785620619.5,81,47
1785620619.6,82,48
1785620620.3,81,48
1785620620.6,82,19
1785620620.6,82,47
1785620621.0,81,19
1785620621.2,82,46
1785620621.4,81,7
1785620621.7,82,17
1785620621.8,81,47
1785620622.1,82,7
1785620622.1,82,47
1785620622.4,82,40
1785620622.6,82,2
1785620622.9,81,7
1785620622.9,82,19
1785620623.2,81,40
1785620623.2,82,7
1785620623.6,81,19
1785620623.9,81,47
1785620623.9,82,4
1785620624.0,81,4
1785620624.6,81,38
1785620624.6,82,40
1785620624.7,82,38
1785620625.1,81,40
1785620626.1,81,7
1785620626.4,82,7
1785620626.5,82,19
1785620627.2,82,40
1785620627.3,81,19
1785620627.6,81,40
1785620629.4,81,38
1785620629.4,82,40
1785620630.1,82,38
1785620630.2,81,40
1785620631.0,81,7
1785620631.5,82,7
1785620631.7,82,39
1785620631.9,82,19
1785620632.2,82,22
1785620632.2,82,40
1785620632.7,81,40
1785620633.0,82,4
1785620633.5,81,7
1785620633.6,81,39
1785620633.6,82,7
1785620633.8,82,39
1785620634.1,82,40
1785620634.4,81,22
1785620634.5,81,40
1785620635.4,81,4
1785620635.4,81,38
1785620635.4,82,40
1785620635.5,81,2
1785620635.8,81,40
1785620636.1,82,2
1785620636.6,81,7
1785620636.6,81,24
1785620638.9,81,39
1785620639.3,81,19
1785620641.9,82,19
1785620642.0,82,38
1785620642.6,82,24
1785620642.9,81,19
1785620643.4,81,38
1785620643.4,82,40
1785620643.7,81,40
1785620643.8,82,7
1785620644.2,82,36
1785620644.9,81,24
1785620644.9,81,36
1785620645.0,82,36
1785620645.3,81,7
1785620645.7,81,36
1785620647.4,82,35
1785620648.2,81,35
1785620648.3,82,35
1785620649.1,81,35
1785620650.9,82,34
1785620652.3,81,34
1785620653.1,81,46
1785620653.2,82,46
1785620655.2,81,46
1785620655.6,82,19
1785620655.9,82,33
1785620656.0,82,26
1785620656.3,81,17
1785620656.3,81,19
1785620656.3,82,46
1785620656.6,82,17
1785620656.8,81,2
1785620657.1,81,33
1785620657.1,82,2
1785620658.0,82,30
1785620659.4,81,26
1785620659.9,81,46
1785620660.3,82,46
1785620661.8,81,46
1785620663.2,81,2
1785620663.2,81,17
1785620664.7,82,3
1785620665.2,81,30
1785620667.0,81,3
1785620670.0,82,30
1785620670.9,82,3
1785620672.0,81,30
1785620673.0,81,3
1785620674.8,82,30
1785620675.9,81,30
1785620694.6,82,38
1785620695.2,82,24
1785620696.0,81,24
1785620697.0,82,48
1785620697.1,82,7
1785620697.5,81,48
1785620698.1,82,24
1785620698.4,82,48
1785620698.8,81,48
1785620699.4,82,47
1785620699.9,81,47
1785620700.7,82,47
1785620701.1,82,48
1785620701.2,81,48
1785620701.3,81,47
1785620701.4,82,22
1785620701.4,82,39
1785620703.4,82,4
1785620703.5,82,47
1785620703.8,82,46
1785620704.3,82,48
1785620704.4,81,47
1785620704.5,82,17
1785620704.6,81,48
1785620705.0,82,2
1785620706.4,81,46
1785620706.8,82,46
1785620707.1,82,19
1785620707.2,82,47
1785620707.3,81,19
1785620707.4,81,38
1785620707.4,82,40
1785620708.0,81,24
1785620708.0,81,40
1785620708.1,81,47
1785620708.4,81,7
1785620709.5,82,47
1785620709.7,81,4
1785620709.8,81,22
1785620709.9,82,4
1785620710.5,81,47
1785620710.8,82,19
1785620710.9,81,4
1785620711.7,81,19
1785620713.4,82,19
1785620713.9,81,39
1785620714.0,81,19
1785620724.5,81,46
1785620725.8,82,46
1785620729.7,81,46
1785620730.9,81,17
1785620731.0,81,2
1785620731.5,82,46
1785620731.7,82,17
1785620732.5,82,2
1785620733.4,81,46
1785620734.7,81,2
1785620734.8,81,17
1785620736.8,82,28
1785620737.8,81,28
1785620738.8,82,28
1785620739.8,81,28
1785620756.0,82,36
1785620756.5,81,36
1785620758.3,82,35
1785620758.8,81,35
1785620760.7,82,34
1785620761.3,81,34
1785620764.7,82,33
1785620764.9,82,26
1785620765.9,81,33
1785620767.2,81,26
1785620769.5,82,3
1785620770.2,81,3
1785620777.0,82,48
1785620777.5,81,48
1785620777.7,82,48
1785620778.1,81,48
1785620779.2,82,47
1785620780.0,82,38
1785620780.1,81,47
1785620780.3,82,24
1785620781.8,82,7
1785620782.6,82,46
1785620782.8,82,17
1785620783.5,81,46
1785620783.8,82,2
1785620784.8,81,2
1785620784.8,82,47
1785620784.9,81,17
1785620785.4,81,47
1785620786.3,82,30
1785620787.5,82,48
1785620788.6,81,48
1785620788.7,82,3
1785620788.9,82,46
1785620789.2,82,48
1785620789.3,82,17
1785620789.6,82,41
1785620789.9,81,48
1785620790.1,82,2
1785620790.3,82,48
1785620790.4,82,47
1785620791.0,81,48
1785620792.1,81,47
1785620792.6,82,47
1785620792.8,82,40
1785620793.6,81,40
1785620793.7,81,47
1785620793.8,82,47
1785620794.5,82,48
1785620795.0,81,47
1785620795.2,81,46
1785620795.2,81,48
1785620795.4,82,40
1785620795.8,81,40
1785620795.9,82,47
1785620796.0,82,48
1785620796.2,81,17
1785620796.6,81,2
1785620796.9,81,48
1785620796.9,82,19
1785620797.6,81,19
1785620797.6,81,47
1785620797.7,82,46
1785620797.8,82,40
1785620798.1,82,17
1785620798.3,82,42
1785620798.4,81,40
1785620798.8,82,2
1785620798.8,82,36
1785620798.8,82,47
1785620799.1,82,19
1785620799.3,81,36
1785620799.5,81,19
1785620799.5,82,40
1785620799.7,82,29
1785620799.7,82,31
1785620799.9,81,40
1785620800.3,81,30
1785620800.5,81,29
1785620800.5,81,41
1785620800.5,81,47
1785620800.9,81,42
1785620801.0,81,38
1785620801.0,82,40
1785620801.1,82,29
1785620801.1,82,35
1785620801.2,82,42
1785620801.3,81,3
1785620801.3,82,47
1785620801.4,82,38
1785620801.5,81,40
1785620801.5,82,8
1785620801.7,81,35
1785620801.9,81,29
1785620801.9,82,19
1785620802.1,82,36
1785620802.2,82,48
1785620802.6,81,7
1785620802.7,81,36
1785620802.9,81,19
1785620803.0,81,48
1785620803.1,81,2
1785620803.1,82,7
1785620803.2,81,38
1785620803.2,82,2
1785620803.2,82,40
1785620803.3,81,47
1785620803.6,81,40
1785620804.0,82,34
1785620804.6,81,24
1785620804.6,82,35
1785620804.7,81,2
1785620804.7,81,7
1785620804.7,81,34
1785620805.4,81,35
1785620805.6,82,19
1785620805.8,82,2
1785620805.8,82,29
1785620805.8,82,38
1785620806.1,81,29
1785620806.3,82,24
1785620806.7,82,36
1785620806.9,81,19
1785620806.9,82,29
1785620807.2,81,36
1785620807.3,82,47
1785620807.4,82,7
1785620807.5,81,29
1785620807.6,81,38
1785620807.6,82,40
1785620807.8,82,34
1785620807.9,82,48
1785620808.0,81,40
1785620808.1,82,29
1785620808.7,81,24
1785620808.8,81,34
1785620809.0,82,35
1785620809.0,82,36
1785620809.1,81,7
1785620809.1,81,48
1785620809.5,81,29
1785620809.6,81,36
1785620809.7,81,35
1785620809.7,81,47
1785620810.0,82,48
1785620810.1,82,33
1785620810.2,82,26
1785620810.2,82,29
1785620810.5,82,19
1785620810.6,82,36
1785620811.1,81,19
1785620811.2,81,36
1785620811.4,82,35
1785620811.9,81,48
1785620812.0,81,35
1785620812.1,82,48
1785620812.2,81,48
1785620812.3,82,48
1785620812.4,82,34
1785620812.8,81,48
1785620813.2,82,35
1785620813.4,81,34
1785620813.8,81,35
1785620813.9,82,36
1785620814.2,81,29
1785620814.4,81,36
1785620814.5,82,29
1785620814.9,81,29
1785620814.9,82,34
1785620814.9,82,47
1785620815.5,81,47
1785620815.6,82,47
1785620816.3,81,34
1785620816.4,81,42
1785620816.4,82,35
1785620817.1,81,35
1785620817.2,82,42
1785620817.4,82,34
1785620817.7,81,47
1785620817.9,82,47
1785620818.0,81,47
1785620818.1,82,47
1785620818.4,81,47
1785620818.5,82,47
1785620819.3,81,34
1785620819.8,81,42
1785620820.9,81,31
1785620821.0,82,19
1785620821.2,82,34
1785620821.3,81,19
1785620821.5,81,8
1785620821.7,82,19
1785620823.2,81,47
1785620823.5,81,34
1785620826.0,81,19
1785620826.6,82,19
1785620828.5,81,19
1785620829.2,82,3
1785620832.8,81,3
1785620833.3,82,48
1785620834.7,82,36
1785620835.6,81,48
1785620836.0,81,36
1785620837.9,82,35
1785620838.2,82,47
1785620839.0,81,33
1785620839.2,81,35
1785620839.5,82,33
1785620841.5,81,33
1785620841.8,82,34
1785620842.3,81,47
1785620842.3,82,33
1785620842.4,82,47
1785620842.5,81,47
1785620842.8,81,34
1785620843.0,81,46
1785620843.2,82,46
1785620843.7,82,34
1785620844.1,81,33
1785620844.2,82,33
1785620845.0,81,34
1785620845.2,81,46
1785620845.2,82,36
1785620845.3,82,47
1785620845.8,81,33
1785620845.9,81,36
1785620846.5,81,2
1785620846.5,81,17
1785620846.9,82,34
1785620846.9,82,36
1785620847.0,81,26
1785620847.0,82,46
1785620847.2,82,17
1785620847.4,81,47
1785620847.4,82,33
1785620847.6,81,36
1785620847.8,82,26
1785620848.0,82,2
1785620848.5,82,35
1785620848.6,81,34
1785620848.6,82,47
1785620848.8,81,46
1785620848.9,81,33
1785620849.1,82,34
1785620849.4,81,35
1785620849.4,82,33
1785620849.7,82,46
1785620849.8,82,36
1785620849.9,81,17
1785620850.0,81,47
1785620850.2,81,34
1785620850.2,82,17
1785620850.2,82,19
1785620850.2,82,35
1785620850.3,81,2
1785620850.4,81,36
1785620850.9,81,19
1785620850.9,81,33
1785620851.1,81,35
1785620851.2,82,2
1785620851.9,82,48
1785620852.3,81,26
1785620852.5,82,34
1785620852.5,82,47
1785620852.6,82,35
1785620852.9,82,19
1785620852.9,82,26
1785620852.9,82,36
1785620853.1,81,48
1785620853.3,81,19
1785620853.3,81,34
1785620853.4,81,35
1785620853.4,81,36
1785620853.7,81,46
1785620853.7,82,33
1785620853.8,81,47
1785620854.0,81,33
1785620854.3,81,2
1785620854.3,82,34
1785620854.3,82,36
1785620854.3,82,46
1785620855.0,81,36
1785620855.2,82,2
1785620855.2,82,33
1785620855.3,81,34
1785620855.4,81,46
1785620855.5,82,35
1785620855.8,82,47
1785620855.9,82,48
1785620856.1,81,33
1785620856.2,81,35
1785620856.3,82,46
1785620856.4,82,34
1785620856.5,82,19
1785620856.7,81,48
1785620856.8,81,47
1785620856.9,81,19
1785620857.2,81,26
1785620857.4,81,34
1785620857.4,82,35
1785620857.6,82,36
1785620857.6,82,47
1785620857.7,81,36
1785620857.8,82,33
1785620857.9,82,26
1785620858.2,81,35
1785620858.7,81,47
1785620858.9,82,34
1785620859.1,81,33
1785620859.2,81,46
1785620859.4,82,19
1785620859.6,81,19
1785620859.7,81,34
1785620859.7,82,35
1785620859.9,82,46
1785620860.1,82,33
1785620860.2,82,47
1785620860.3,81,35
1785620860.8,81,2
1785620860.9,82,34
1785620861.0,82,2
1785620861.0,82,35
1785620861.1,81,35
1785620861.1,81,47
1785620861.2,81,33
1785620861.3,82,19
1785620861.3,82,38
1785620861.4,82,24
1785620861.7,81,19
1785620861.7,81,34
1785620861.8,81,46
1785620861.9,82,33
1785620862.4,82,46
1785620862.8,82,34
1785620863.1,81,33
1785620863.3,81,2
1785620863.3,82,7
1785620863.4,82,2
1785620863.6,82,47
1785620864.3,81,34
1785620864.5,81,47
1785620864.8,82,33
1785620865.0,81,33
1785620866.1,81,46
1785620866.2,82,33
1785620866.2,82,46
1785620866.4,82,36
1785620866.9,81,36
1785620867.0,81,33
1785620867.0,82,47
1785620867.8,81,47
1785620867.8,82,33
1785620867.8,82,48
1785620868.2,81,46
1785620868.5,82,35
1785620868.8,81,48
1785620868.9,81,33
1785620869.0,81,35
1785620869.1,82,46
1785620869.6,81,2
1785620869.6,82,36
1785620870.1,81,36
1785620870.3,81,26
1785620870.3,82,2
1785620870.3,82,48
1785620870.6,81,46
1785620870.7,82,34
1785620870.7,82,36
1785620871.1,81,36
1785620871.1,81,48
1785620871.3,81,34
1785620871.6,82,47
1785620871.7,82,35
1785620871.9,81,17
1785620871.9,82,46
1785620872.0,81,2
1785620872.1,81,35
1785620872.3,82,17
1785620872.4,81,47
1785620872.8,82,2
1785620872.8,82,35
1785620873.2,81,46
1785620873.3,81,35
1785620873.6,82,47
1785620873.7,82,34
1785620874.1,81,34
1785620874.3,81,17
1785620874.3,81,47
1785620874.4,82,33
1785620874.5,82,19
1785620874.5,82,26
1785620874.6,81,2
1785620874.9,81,19
1785620874.9,81,33
1785620875.0,82,34
1785620875.5,81,34
1785620876.1,81,26
1785620876.5,82,19
1785620876.5,82,46
1785620876.9,81,19
1785620876.9,82,17
1785620877.0,82,26
1785620877.6,82,2
1785620878.1,81,46
1785620878.4,82,46
1785620878.5,82,33
1785620878.8,81,33
1785620879.7,82,47
1785620879.8,81,46
1785620879.9,81,26
1785620880.1,81,47
1785620881.0,81,17
1785620881.3,81,2
1785620881.6,82,19
1785620881.9,81,19
1785620883.5,82,46
1785620884.0,82,36
1785620884.1,82,17
1785620884.5,81,36
1785620884.7,82,2
1785620885.1,81,46
1785620886.0,82,35
1785620886.4,81,17
1785620886.5,81,35
1785620886.8,81,2
1785620887.3,82,36
1785620887.8,81,36
1785620888.1,82,34
1785620888.1,82,35
1785620888.5,81,35
1785620888.6,81,34
1785620888.8,82,36
1785620889.3,81,36
1785620889.4,82,35
1785620889.9,81,35
1785620890.1,82,34
1785620890.6,81,34
1785620891.0,82,35
1785620891.3,82,26
1785620891.5,81,35
1785620891.6,82,34
1785620892.1,81,34
1785620892.5,82,36
1785620892.6,82,35
1785620892.9,81,36
1785620893.1,81,35
1785620893.2,82,34
1785620893.8,81,34
1785620894.3,82,35
1785620894.7,81,35
1785620894.8,82,34
1785620895.0,82,33
1785620895.4,81,34
1785620895.6,81,33
1785620896.2,82,34
1785620896.7,81,34
1785620896.7,82,33
1785620897.3,81,33
1785620898.7,82,33
1785620898.9,81,33
1785620899.9,82,33
1785620900.3,81,33
1785620901.2,82,36
1785620901.4,81,26
1785620901.7,81,36
1785620903.1,82,35
1785620903.5,81,35
1785620904.6,82,35
1785620905.0,82,34
1785620905.1,81,35
1785620905.1,82,36
1785620905.4,81,34
1785620905.6,81,36
1785620906.6,82,34
1785620906.8,82,36
1785620907.1,81,34
1785620907.2,82,35
1785620907.6,81,36
1785620907.7,81,35
1785620908.3,82,26
1785620908.9,82,35
1785620909.4,82,34
1785620909.5,81,26
1785620909.8,81,35
1785620909.8,82,33
1785620909.9,81,34
1785620910.0,82,26
1785620910.1,81,33
1785620910.8,82,36
1785620911.0,82,34
1785620911.3,81,36
1785620911.4,81,26
1785620911.5,81,34
1785620912.5,82,26
1785620912.8,82,33
1785620912.9,82,35
1785620913.1,81,33
1785620913.4,81,35
1785620913.5,82,34
1785620914.1,81,34
1785620914.1,82,36
1785620914.3,81,26
1785620914.6,81,36
1785620914.6,82,33
1785620914.7,82,26
1785620915.3,81,33
1785620915.3,82,34
1785620915.5,82,36
1785620915.9,81,34
1785620916.1,81,36
1785620916.3,82,35
1785620916.4,81,26
1785620916.7,81,35
1785620917.3,82,36
1785620917.7,82,33
1785620917.8,81,36
1785620917.9,82,26
1785620917.9,82,35
1785620918.5,81,35
1785620918.5,82,34
1785620919.1,81,34
1785620919.6,82,35
1785620920.3,81,35
1785620920.4,82,34
1785620920.9,81,33
1785620920.9,81,34
1785620921.0,82,35
1785620921.3,82,36
1785620921.5,81,35
1785620921.8,81,36
1785620921.9,81,26
1785620922.1,82,34
1785620922.3,82,33
1785620922.7,81,34
1785620922.7,82,26
1785620923.4,81,33
1785620923.5,82,35
1785620923.5,82,36
1785620923.6,82,34
1785620924.0,81,35
1785620924.0,81,36
1785620924.1,82,33
1785620924.2,81,34
1785620924.7,82,36
1785620925.0,81,33
1785620925.3,81,36
1785620926.0,82,35
1785620926.1,82,34
1785620926.3,81,26
1785620926.6,81,35
1785620926.6,82,33
1785620926.7,82,26
1785620926.8,81,34
1785620927.2,82,35
1785620927.8,82,36
1785620927.9,81,35
1785620928.3,81,36
1785620929.0,82,34
1785620930.0,81,34
1785620930.5,82,35
1785620930.7,82,34
1785620931.3,81,35
1785620931.8,81,34
1785620933.3,82,40
1785620933.8,81,40
1785620934.8,82,34
1785620935.0,82,40
1785620935.5,81,40
1785620936.0,81,34
1785620936.8,82,40
1785620937.3,81,40
1785620939.2,81,38
1785620939.2,82,40
1785620939.3,82,38
1785620939.7,81,40
1785620940.7,81,7
1785620941.2,82,7
1785620941.8,81,38
1785620941.8,82,40
1785620942.3,81,40
1785620942.9,82,38
1785620943.5,81,7
1785620943.5,82,2
1785620943.7,81,2
1785620944.6,82,7
1785620944.8,81,38
1785620944.9,82,40
1785620945.5,81,40
1785620945.8,81,24
1785620946.1,82,2
1785620946.3,81,7
1785620946.7,81,2
1785620948.9,82,39
1785620949.6,82,22
1785620950.6,82,4
1785620953.2,81,39
1785620953.7,82,36
1785620954.1,81,22
1785620954.4,81,36
1785620955.8,81,4
1785620956.7,82,38
1785620957.0,82,24
1785620957.2,82,35
1785620958.2,81,35
1785620958.7,82,7
1785620960.5,81,33
1785620961.2,82,33
1785620961.8,82,36
1785620962.1,82,34
1785620962.2,81,36
1785620963.4,81,33
1785620963.5,82,35
1785620963.6,81,35
1785620964.3,82,33
1785620964.7,81,34
1785620966.3,82,35
1785620966.6,82,34
1785620967.7,81,35
1785620968.2,82,36
1785620968.5,81,33
1785620968.8,81,36
1785620969.5,81,26
1785620970.0,81,34
1785620970.1,82,47
1785620970.2,82,33
1785620970.3,82,26
1785620970.5,81,47
1785620971.2,82,34
1785620971.3,82,35
1785620971.4,81,33
1785620972.3,81,35
1785620972.3,82,36
1785620972.5,81,26
1785620972.7,81,34
1785620972.9,82,46
1785620973.1,81,36
1785620973.5,82,17
1785620973.5,82,33
1785620973.7,81,46
1785620973.7,82,26
1785620974.0,82,36
1785620974.1,82,2
1785620974.6,82,34
1785620974.8,81,36
1785620974.9,81,17
1785620975.0,81,2
1785620975.0,81,33
1785620975.5,82,35
1785620975.8,82,33
1785620975.9,81,34
1785620976.4,81,35
1785620977.4,82,34
1785620977.5,81,33
1785620977.7,82,35
1785620978.2,82,33
1785620978.5,81,34
1785620978.6,81,35
1785620979.4,81,33
1785620979.7,82,34
1785620980.2,82,36
1785620980.3,81,26
1785620980.7,82,33
1785620980.9,81,34
1785620981.0,81,36
1785620981.1,82,26
1785620981.8,82,34
1785620982.0,82,35
1785620982.2,81,33
1785620982.7,81,34
1785620983.1,81,35
1785620983.3,82,33
1785620983.3,82,36
1785620983.5,82,34
1785620984.0,81,36
1785620984.3,82,35
1785620984.4,81,33
1785620984.4,81,34
1785620985.4,81,35
1785620985.4,82,33
1785620986.5,81,33
1785620986.9,82,34
1785620987.0,82,36
1785620987.6,81,36
1785620987.6,82,33
1785620987.8,81,34
1785620988.6,82,35
1785620988.8,82,34
1785620988.9,81,33
1785620989.0,82,33
1785620989.8,81,35
1785620989.9,81,34
1785620990.3,82,34
1785620990.5,81,33
1785620991.2,81,34
1785620991.2,82,35
1785620991.7,81,26
1785620991.7,81,35
1785620991.9,82,33
1785620992.1,82,26
1785620992.7,82,34
1785620993.1,82,35
1785620993.3,81,33
1785620993.6,81,34
1785620994.2,82,33
1785620994.3,81,35
1785620994.8,82,34
1785620995.7,81,33
1785620995.7,81,34
1785620996.0,82,33
1785620997.1,81,33
1785620997.4,82,34
1785620998.1,82,33
1785620998.2,81,34
1785620999.3,81,33
1785620999.5,82,34
1785621000.1,82,33
1785621000.4,81,34
1785621001.0,82,36
1785621001.4,81,33
1785621001.8,81,36
1785621002.2,82,33
1785621003.3,82,35
1785621003.5,81,33
1785621003.8,81,35
1785621005.0,82,33
1785621005.3,82,35
1785621005.5,81,33
1785621005.5,82,34
1785621005.8,81,35
1785621006.0,81,34
1785621006.5,81,26
1785621007.4,82,34
1785621008.0,81,34
1785621008.7,82,33
1785621009.0,82,26
1785621009.8,81,33
1785621011.2,82,33
1785621011.7,81,33
1785621012.7,81,26
1785621020.3,82,36
1785621020.8,81,36
1785621022.3,82,35
1785621022.8,81,35
1785621024.5,82,34
1785621025.1,81,34
1785621027.7,82,40
1785621028.2,81,40
1785621029.1,82,33
1785621029.3,82,26
1785621031.4,82,40
1785621031.9,81,40
1785621033.8,82,40
1785621034.4,81,40
1785621036.0,82,40
1785621036.5,81,40
1785621038.1,81,38
1785621038.1,82,40
1785621038.2,82,38
1785621038.7,81,40
1785621039.8,81,7
1785621040.0,82,7
1785621040.6,81,38
1785621040.6,82,40
1785621041.1,81,40
1785621041.8,81,24
1785621041.9,81,7
1785621054.8,81,33
1785621054.8,82,24
1785621054.9,82,38
1785621055.6,81,26
1785621057.0,82,7
1785621070.5,82,36
1785621070.9,81,36
1785621070.9,81,38
1785621071.2,82,48
1785621071.4,81,48
1785621072.2,82,48
1785621072.8,82,35
1785621072.9,81,48
1785621073.3,81,35
1785621073.4,82,47
1785621074.1,81,47
1785621075.0,82,48
1785621075.2,82,47
1785621075.4,81,48
1785621075.5,82,34
1785621075.9,81,47
1785621076.2,81,34
1785621076.2,82,19
1785621076.5,81,19
1785621077.3,82,38
1785621077.5,82,36
1785621077.8,82,47
1785621078.0,81,36
1785621078.5,82,48
1785621078.7,81,47
1785621079.0,82,46
1785621079.3,82,17
1785621079.8,81,48
1785621080.0,82,2
1785621080.0,82,35
1785621080.1,81,38
1785621080.1,82,40
1785621080.6,81,35
1785621080.6,81,40
1785621081.0,82,26
1785621081.3,82,33
1785621081.4,81,24
1785621081.6,81,7
1785621082.1,82,47
1785621082.5,82,48
1785621083.0,82,34
1785621083.4,81,48
1785621083.9,81,34
1785621084.0,81,47
1785621085.8,82,48
1785621086.7,81,48
1785621086.8,82,19
1785621087.1,82,47
1785621087.3,81,19
1785621088.8,81,47
1785621089.1,82,48
1785621089.2,82,36
1785621089.4,81,48
1785621089.6,81,36
1785621091.1,82,35
1785621091.4,82,47
1785621091.6,81,35
1785621092.4,82,38
1785621092.7,82,24
1785621093.4,82,34
1785621093.9,81,47
1785621093.9,82,48
1785621094.0,81,34
1785621094.3,82,7
1785621095.3,82,36
1785621095.7,81,36
1785621096.1,81,48
1785621096.8,81,46
1785621097.1,82,46
1785621097.2,82,35
1785621097.4,81,33
1785621097.5,82,19
1785621097.7,81,35
1785621097.8,82,33
1785621098.4,82,48
1785621099.3,81,33
1785621099.4,82,34
1785621099.9,81,19
1785621099.9,81,34
1785621100.1,81,46
1785621100.3,81,48
1785621100.7,82,47
1785621100.9,81,26
1785621101.8,81,2
1785621102.3,82,46
1785621102.4,82,2
1785621102.6,82,48
1785621102.8,82,33
1785621102.9,82,26
1785621103.6,81,33
1785621104.1,81,46
1785621104.5,81,48
1785621104.8,81,47
1785621104.9,81,26
1785621105.1,81,2
1785621105.1,82,46
1785621105.9,82,48
1785621106.1,82,2
1785621106.2,82,19
1785621106.5,81,19
1785621106.6,82,47
1785621106.7,81,46
1785621107.4,82,46
1785621108.2,81,2
1785621108.2,81,48
1785621108.4,82,2
1785621108.7,81,47
1785621108.8,82,19
1785621108.9,81,46
1785621109.1,81,19
1785621109.1,82,48
1785621109.3,82,46
1785621110.5,82,47
1785621111.4,81,46
1785621111.6,82,46
1785621111.7,81,48
1785621111.8,82,19
1785621112.0,81,47
1785621112.1,81,19
1785621113.0,81,46
1785621114.2,82,47
1785621114.3,82,46
1785621114.5,81,2
1785621114.6,81,17
1785621114.6,82,19
1785621114.8,81,47
1785621114.9,82,17
1785621115.3,81,19
1785621115.5,82,2
1785621115.6,81,46
1785621116.3,82,48
1785621116.8,81,2
1785621117.0,81,17
1785621117.0,82,19
1785621117.2,82,46
1785621117.8,81,19
1785621117.8,82,17
1785621118.2,82,2
1785621118.5,81,46
1785621118.7,82,47
1785621119.3,81,48
1785621119.5,82,46
1785621119.8,81,47
1785621119.8,82,19
1785621120.0,81,2
1785621120.2,81,19
1785621120.7,82,2
1785621120.8,82,47
1785621121.3,81,46
1785621121.9,81,47
1785621122.0,82,46
1785621122.1,82,19
1785621122.9,81,19
1785621123.0,82,47
1785621123.2,81,2
1785621123.3,81,46
1785621123.4,82,2
1785621124.2,82,19
1785621124.6,81,17
1785621124.8,81,2
1785621124.8,81,47
1785621124.8,82,46
1785621125.0,81,19
1785621125.4,82,17
1785621125.5,82,39
1785621125.8,82,2
1785621126.2,82,22
1785621126.8,82,47
1785621127.4,82,4
1785621127.6,82,35
1785621127.9,81,47
1785621128.1,81,35
1785621128.6,81,46
1785621128.8,82,46
1785621130.2,82,34
1785621130.2,82,35
1785621130.2,82,47
1785621130.8,81,34
1785621130.8,81,35
1785621131.3,81,46
1785621131.6,81,47
1785621131.8,82,35
1785621132.0,81,35
1785621132.2,82,34
1785621132.6,82,35
1785621132.8,81,17
1785621132.9,81,34
1785621133.2,81,2
1785621133.3,82,34
1785621133.4,81,35
1785621133.8,82,46
1785621134.0,81,34
1785621134.0,82,17
1785621134.1,82,35
1785621134.5,82,26
1785621134.6,82,34
1785621134.6,82,42
1785621134.8,82,33
1785621134.9,82,2
1785621135.0,81,35
1785621135.2,82,8
1785621135.4,81,33
1785621135.4,81,34
1785621135.5,82,36
1785621135.8,81,42
1785621135.8,82,29
1785621135.8,82,43
1785621136.0,81,36
1785621136.0,82,34
1785621136.4,82,35
1785621136.5,81,46
1785621136.6,81,26
1785621136.6,82,46
1785621136.8,81,34
1785621136.8,81,43
1785621136.9,82,33
1785621137.0,82,26
1785621137.1,81,35
1785621137.6,81,46
1785621137.8,81,33
1785621137.8,82,34
1785621137.8,82,35
1785621137.9,82,46
1785621138.4,81,35
1785621138.4,82,33
1785621138.4,82,36
1785621138.5,82,43
1785621138.7,81,34
1785621139.0,81,36
1785621139.0,82,31
1785621139.1,81,33
1785621139.3,82,33
1785621139.4,81,31
1785621139.8,82,31
1785621139.9,82,34
1785621140.1,81,31
1785621140.4,81,43
1785621140.4,82,31
1785621140.5,81,33
1785621140.7,81,34
1785621140.7,81,46
1785621140.8,81,39
1785621140.8,82,35
1785621140.9,81,8
1785621141.1,82,33
1785621141.1,82,46
1785621141.2,82,34
1785621141.4,82,43
1785621141.5,81,29
1785621141.5,81,35
1785621141.6,81,43
1785621141.6,81,46
1785621142.0,81,22
1785621142.0,82,36
1785621142.1,81,33
1785621142.1,81,34
1785621142.2,81,31
1785621142.5,81,36
1785621142.8,82,35
1785621142.9,81,35
1785621142.9,82,33
1785621143.8,81,33
1785621143.8,82,34
1785621143.9,81,4
1785621144.0,82,30
1785621144.3,82,35
1785621144.6,81,34
1785621144.7,82,33
1785621144.9,81,17
1785621144.9,81,35
1785621145.0,81,30
1785621145.4,82,34
1785621145.5,81,2
1785621145.9,82,3
1785621146.0,81,33
1785621146.2,81,34
1785621146.2,82,33
1785621147.4,81,33
1785621147.4,82,34
1785621148.1,81,3
1785621148.2,81,34
1785621148.5,82,33
1785621148.9,82,36
1785621149.4,81,36
1785621149.5,81,33
1785621150.8,81,26
1785621151.0,82,35
1785621151.3,82,36
1785621151.5,81,35
1785621151.8,81,36
1785621152.5,82,33
1785621153.0,82,26
1785621153.1,82,36
1785621153.3,82,34
1785621153.5,82,35
1785621153.6,81,36
1785621153.9,81,33
1785621153.9,81,34
1785621153.9,81,35
1785621155.0,81,26
1785621155.4,82,35
1785621155.7,82,34
1785621155.9,81,35
1785621156.3,81,34
1785621157.7,82,26
1785621157.7,82,33
1785621157.9,82,34
1785621158.7,81,34
1785621159.2,82,43
1785621160.0,82,8
1785621160.2,82,29
1785621160.8,81,43
1785621161.8,82,43
1785621164.1,82,40
1785621164.6,82,31
1785621164.7,81,40
1785621164.7,81,43
1785621165.0,81,31
1785621165.8,81,8
1785621165.8,82,31
1785621166.2,82,43
1785621166.6,82,40
1785621166.7,81,43
1785621166.9,81,29
1785621166.9,81,31
1785621167.0,81,40
1785621168.8,82,40
1785621169.2,81,40
1785621170.0,81,7
1785621170.3,82,7
1785621171.1,82,40
1785621171.5,82,36
1785621171.7,81,40
1785621172.0,81,36
1785621172.9,82,2
1785621173.0,81,2
1785621173.0,81,38
1785621173.0,82,40
1785621173.1,82,38
1785621173.2,82,3
1785621173.4,81,3
1785621173.5,81,40
1785621174.0,82,35
1785621174.6,81,7
1785621174.6,81,35
1785621174.7,82,7
1785621175.0,81,38
1785621175.0,82,40
1785621175.3,82,2
1785621175.4,81,40
1785621175.5,81,2
1785621176.1,81,24
1785621176.5,81,7
1785621177.1,82,34
1785621178.0,81,34
1785621184.2,82,47
1785621184.8,81,47
1785621188.6,82,19
1785621188.7,82,46
1785621189.1,81,19
1785621189.1,82,17
1785621190.3,82,2
1785621190.6,81,46
1785621190.8,82,46
1785621191.9,82,47
1785621192.5,81,47
1785621192.6,81,46
1785621193.2,82,48
1785621193.4,81,33
1785621193.5,82,47
1785621193.6,81,48
1785621193.8,82,36
1785621194.1,81,47
1785621194.2,81,17
1785621194.3,82,33
1785621194.4,81,36
1785621194.5,81,2
1785621195.1,82,46
1785621195.3,82,47
1785621195.8,81,47
1785621195.8,82,17
1785621196.0,81,46
1785621196.1,81,33
1785621196.2,82,2
1785621196.8,82,35
1785621197.1,82,46
1785621197.2,81,17
1785621197.4,81,2
1785621197.4,81,26
1785621197.6,81,35
1785621197.9,82,17
1785621198.0,81,46
1785621198.3,82,2
1785621198.9,82,46
1785621199.3,81,2
1785621199.4,81,17
1785621199.7,82,17
1785621199.8,81,46
1785621200.2,82,34
1785621200.3,82,2
1785621201.0,81,34
1785621201.1,81,2
1785621201.3,81,17
1785621201.5,82,47
1785621202.7,81,47
1785621204.0,82,19
1785621204.7,81,19
1785621205.1,82,26
1785621205.1,82,33
1785621205.1,82,46
1785621205.8,82,17
1785621206.3,82,2
1785621206.6,81,46
1785621207.3,81,33
1785621207.5,81,17
1785621207.7,81,2
1785621208.9,81,26
1785621214.2,82,38
1785621214.3,82,47
1785621214.7,82,24
1785621214.8,81,47
1785621216.0,82,7
1785621216.7,81,7
1785621217.2,82,46
1785621217.3,82,36
1785621217.6,82,7
1785621217.8,81,36
1785621218.0,81,46
1785621218.0,82,17
1785621218.4,82,2
1785621219.1,82,36
1785621219.2,81,2
1785621219.2,82,35
1785621219.3,81,17
1785621219.5,81,36
1785621219.7,81,35
1785621220.6,82,36
1785621221.1,81,36
1785621221.1,82,35
1785621221.4,82,34
1785621221.6,81,35
1785621221.9,81,34
1785621222.7,82,35
1785621223.2,81,35
1785621223.6,82,34
1785621224.2,81,34
1785621224.7,82,48
1785621225.2,81,48
1785621225.2,82,47
1785621225.4,82,34
1785621225.7,81,47
1785621225.8,82,26
1785621225.8,82,33
1785621226.2,81,34
1785621227.2,82,47
1785621227.4,82,40
1785621227.7,82,48
1785621227.8,81,47
1785621227.9,81,7
1785621228.0,81,40
1785621228.3,81,48
1785621229.4,81,38
1785621229.4,82,40
1785621229.5,82,46
1785621229.8,82,48
1785621229.9,81,40
1785621230.0,82,7
1785621230.4,82,17
1785621230.5,81,48
1785621231.0,82,2
1785621231.4,81,7
1785621231.4,82,47
1785621231.6,81,47
1785621232.1,81,24
1785621232.1,82,7
1785621232.4,81,7
1785621232.5,82,48
1785621233.0,82,47
1785621233.4,81,48
1785621234.0,81,47
1785621236.1,82,47
1785621236.6,82,19
1785621237.1,81,19
1785621237.1,81,47
1785621238.5,81,46
1785621240.1,82,19
1785621240.3,82,46
1785621240.4,81,2
1785621240.7,81,19
1785621241.0,82,2
1785621242.1,82,36
1785621243.2,81,36
1785621244.9,82,35
1785621246.2,81,35
1785621246.5,82,36
1785621247.1,81,36
1785621247.2,81,33
1785621247.4,82,33
1785621248.1,82,34
1785621248.4,82,38
1785621248.5,82,24
1785621249.3,82,35
1785621249.4,81,34
1785621249.5,81,46
1785621249.8,81,33
1785621250.1,81,35
1785621250.3,82,34
1785621250.4,82,7
1785621250.4,82,36
1785621250.6,81,17
1785621250.9,81,2
1785621250.9,81,36
1785621251.0,81,26
1785621251.0,81,34
1785621251.6,82,48
1785621251.9,82,36
1785621252.2,81,48
1785621252.5,82,33
1785621252.7,82,35
1785621252.8,81,36
1785621252.8,82,48
1785621252.9,82,26
1785621252.9,82,34
1785621253.2,81,35
1785621253.4,81,48
1785621253.7,81,34
1785621253.9,81,33
1785621254.1,82,35
1785621254.7,82,47
1785621254.9,81,47
1785621255.1,82,33
1785621255.2,81,35
1785621255.3,82,34
1785621255.4,82,36
1785621255.5,82,47
1785621255.8,81,36
1785621256.0,81,33
1785621256.0,81,34
1785621256.2,81,47
1785621256.7,82,34
1785621257.1,82,47
1785621257.2,81,26
1785621257.4,82,35
1785621257.8,81,35
1785621257.8,81,47
1785621257.9,82,36
1785621258.0,81,34
1785621258.0,82,26
1785621258.0,82,33
1785621258.4,82,19
1785621258.4,82,46
1785621258.7,81,33
1785621258.8,81,19
1785621258.8,82,17
1785621258.9,81,36
1785621259.4,82,2
1785621259.5,81,46
1785621259.5,82,34
1785621259.7,82,19
1785621260.0,81,34
1785621260.0,82,33
1785621260.0,82,46
1785621260.1,82,35
1785621260.6,81,19
1785621260.6,81,33
1785621261.0,81,2
1785621261.1,81,35
1785621261.2,82,2
1785621261.2,82,33
1785621261.6,81,46
1785621261.6,82,36
1785621261.8,82,46
1785621262.2,81,33
1785621262.2,81,36
1785621262.4,82,34
1785621262.4,82,35
1785621262.9,81,35
1785621263.3,81,34
1785621263.4,81,46
1785621263.4,82,33
1785621264.1,82,35
1785621264.2,82,36
1785621264.3,81,33
1785621264.6,81,35
1785621264.6,81,36
1785621264.8,82,34
1785621264.9,81,17
1785621265.0,81,2
1785621265.3,81,34
1785621265.4,81,26
1785621266.1,82,33
1785621266.1,82,35
1785621266.5,82,26
1785621266.5,82,34
1785621266.6,81,35
1785621267.0,81,33
1785621267.0,81,34
1785621268.2,82,34
1785621268.7,82,33
1785621268.8,81,34
1785621269.3,81,33
1785621270.3,82,33
1785621271.5,81,33
1785621272.1,82,33
1785621272.5,81,33
1785621273.8,81,26
1785621283.5,82,48
1785621284.0,81,48
1785621286.1,82,47
1785621286.9,81,47
1785621288.0,82,40
1785621288.5,81,40
1785621289.1,82,19
1785621289.2,81,7
1785621289.5,81,19
1785621290.2,82,7
1785621292.0,82,46
1785621292.4,82,17
1785621293.0,82,40
1785621293.1,82,2
1785621293.4,81,40
1785621294.1,81,7
1785621294.6,82,7
1785621294.9,82,36
1785621296.0,82,40
1785621296.5,81,36
1785621296.6,81,40
1785621297.4,81,38
1785621297.4,82,40
1785621297.7,82,35
1785621297.9,81,40
1785621298.8,82,38
1785621299.1,81,7
1785621299.6,81,35
1785621300.8,82,7
1785621301.0,82,34
1785621301.2,81,38
1785621301.2,82,40
1785621301.8,81,40
1785621301.9,81,34
1785621301.9,82,38
1785621302.1,81,24
1785621302.3,82,34
1785621302.4,81,7
1785621302.5,82,24
1785621303.3,81,34
1785621303.4,81,46
1785621303.5,82,7
1785621303.6,81,38
1785621303.6,82,40
1785621304.0,81,40
1785621304.5,81,17
1785621304.9,81,2
1785621304.9,81,24
1785621305.2,81,7
1785621308.9,82,26
1785621308.9,82,48
1785621309.6,81,48
1785621310.1,82,33
1785621311.9,82,47
1785621312.8,81,47
1785621317.6,82,46
1785621317.8,82,17
1785621318.6,82,2
1785621319.6,81,33
1785621319.6,81,46
1785621319.8,81,26
1785621320.9,82,38
1785621321.0,81,17
1785621321.1,81,2
1785621321.1,82,24
1785621322.8,82,7
1785621324.5,82,36
1785621324.9,81,36
1785621325.9,82,36
1785621326.4,81,36
1785621326.4,82,35
1785621326.8,81,35
1785621327.9,82,35
1785621328.4,81,35
1785621328.7,82,34
1785621329.3,81,34
1785621330.0,82,35
1785621330.5,81,35
1785621330.5,82,34
1785621331.2,81,34
1785621332.7,82,34
1785621333.6,81,34
1785621333.8,82,26
1785621333.8,82,33
1785621334.7,82,40
1785621335.3,81,40
1785621338.5,81,38
1785621338.5,82,40
1785621339.0,81,40
1785621339.7,81,7
1785621339.7,81,24
1785621354.7,81,33
1785621356.8,82,33
1785621359.6,81,33
1785621360.4,81,26
1785621376.7,82,48
1785621377.2,81,48
1785621378.9,82,47
1785621379.0,82,48
1785621379.5,81,47
1785621379.5,81,48
1785621381.2,82,47
1785621381.8,81,47
1785621383.1,82,46
1785621383.6,82,17
1785621384.3,82,2
1785621384.3,82,48
1785621384.8,81,46
1785621384.9,81,48
1785621385.4,82,46
1785621386.5,82,47
1785621387.1,81,46
1785621387.2,81,47
1785621388.1,82,47
1785621388.5,81,47
1785621388.6,82,48
1785621388.8,81,2
1785621388.8,81,17
1785621389.0,81,48
1785621390.2,82,46
1785621390.4,82,19
1785621390.7,82,47
1785621390.8,81,19
1785621390.8,82,17
1785621391.2,81,46
1785621391.4,82,2
1785621391.6,81,47
1785621392.0,82,46
1785621392.5,81,2
1785621393.0,81,46
1785621393.0,82,2
1785621394.0,81,17
1785621394.0,82,46
1785621394.2,81,2
1785621394.4,82,17
1785621395.2,82,47
1785621395.3,82,2
1785621395.4,81,46
1785621395.7,81,47
1785621396.4,81,17
1785621396.7,81,2
1785621399.1,82,36
1785621399.3,82,46
1785621399.6,81,36
1785621400.0,82,17
1785621400.4,82,2
1785621401.1,81,46
1785621401.1,82,36
1785621401.3,82,35
1785621401.5,81,36
1785621401.8,81,35
1785621402.6,81,17
1785621402.7,81,2
1785621403.1,82,35
1785621403.6,81,35
1785621403.6,82,34
1785621404.1,81,34
1785621405.4,82,34
1785621406.0,81,34
1785621407.8,82,33
1785621408.0,82,26
1785621409.5,81,33
1785621410.3,82,33
1785621412.5,81,33
1785621412.6,82,43
1785621413.6,81,26
1785621413.7,82,8
1785621413.7,82,45
1785621414.1,81,45
1785621414.6,82,29
1785621414.8,82,31
1785621414.8,82,45
1785621415.5,81,31
1785621416.0,81,45
1785621418.0,82,31
1785621418.3,81,31
1785621418.5,81,8
1785621418.8,82,31
1785621419.4,82,8
1785621419.5,81,29
1785621419.5,81,31
1785621419.9,81,8
1785621421.7,82,8
1785621422.3,82,36
1785621422.5,81,8
1785621422.6,81,43
1785621422.9,81,36
1785621423.5,82,39
1785621424.2,82,22
1785621424.4,82,36
1785621425.1,81,36
1785621425.2,82,35
1785621425.8,81,22
1785621426.3,82,4
1785621426.4,82,22
1785621426.4,82,36
1785621426.6,81,35
1785621426.8,82,38
1785621427.2,81,36
1785621427.2,82,24
1785621427.6,82,35
1785621428.1,82,36
1785621428.5,81,35
1785621428.6,82,7
1785621428.8,82,34
1785621428.9,81,36
1785621429.2,81,39
1785621429.5,81,38
1785621429.5,82,40
1785621430.1,81,40
1785621430.2,82,35
1785621430.4,81,22
1785621430.5,82,38
1785621431.0,81,4
1785621431.1,81,34
1785621431.2,81,35
1785621431.4,81,7
1785621432.0,82,35
1785621432.1,82,7
1785621432.1,82,34
1785621432.6,82,42
1785621432.7,81,38
1785621432.7,82,40
1785621432.8,82,22
1785621433.0,81,42
1785621433.1,81,22
1785621433.1,82,36
1785621433.3,81,35
1785621433.3,81,40
1785621433.5,81,34
1785621433.6,82,39
1785621433.8,81,24
1785621433.8,82,43
1785621434.1,81,36
1785621434.4,81,7
1785621434.4,82,22
1785621435.1,82,4
1785621435.3,82,8
1785621435.4,81,39
1785621435.8,82,34
1785621436.5,81,22
1785621436.5,81,43
1785621437.5,82,29
1785621437.5,82,31
1785621437.6,82,43
1785621437.7,81,34
1785621437.7,82,35
1785621437.8,81,4
1785621438.0,82,26
1785621438.2,81,29
1785621438.2,81,31
1785621438.4,82,34
1785621438.5,81,35
1785621438.9,82,29
1785621438.9,82,31
1785621439.3,82,33
1785621439.5,82,35
1785621439.7,81,29
1785621439.7,81,31
1785621441.5,81,34
1785621441.5,81,35
1785621441.6,82,34
1785621441.9,82,48
1785621442.4,81,8
1785621442.6,81,48
1785621444.6,82,35
1785621444.7,81,43
1785621445.1,82,47
1785621445.7,81,34
1785621446.0,81,47
1785621446.8,81,35
1785621447.1,82,34
1785621449.8,81,33
1785621450.3,82,33
1785621451.1,82,46
1785621451.2,81,34
1785621451.3,82,17
1785621451.9,82,34
1785621452.1,82,2
1785621452.3,81,33
1785621452.7,82,33
1785621453.4,81,46
1785621453.6,82,24
1785621453.6,82,48
1785621454.1,81,48
1785621454.2,81,34
1785621454.3,82,47
1785621454.6,81,33
1785621454.8,82,33
1785621454.9,81,47
1785621454.9,82,48
1785621455.0,81,2
1785621455.0,81,17
1785621455.5,81,48
1785621455.5,82,38
1785621456.1,82,34
1785621456.1,82,47
1785621456.3,81,33
1785621456.8,81,47
1785621457.4,81,26
1785621457.4,81,34
1785621457.5,82,47
1785621458.2,81,47
1785621458.2,82,7
1785621458.2,82,26
1785621458.4,82,46
1785621458.5,82,33
1785621458.8,82,17
1785621459.6,81,33
1785621459.7,82,2
1785621460.0,81,46
1785621460.4,82,19
1785621460.5,82,47
1785621460.6,82,46
1785621460.8,81,19
1785621460.9,82,33
1785621461.2,81,47
1785621461.2,82,19
1785621461.7,81,38
1785621461.8,81,2
1785621461.9,82,2
1785621462.0,81,19
1785621462.1,81,46
1785621462.2,81,24
1785621462.3,82,47
1785621462.7,82,24
1785621462.9,82,46
1785621463.1,81,47
1785621463.2,81,24
1785621463.2,81,33
1785621463.2,82,19
1785621463.3,81,2
1785621463.3,82,3
1785621463.5,82,33
1785621463.6,81,19
1785621463.8,81,3
1785621463.9,82,2
1785621464.0,82,48
1785621464.2,82,24
1785621464.6,82,47
1785621464.7,81,48
1785621464.9,81,24
1785621465.0,82,3
1785621465.2,82,24
1785621465.3,81,47
1785621465.6,81,24
1785621465.7,81,33
1785621465.9,82,24
1785621466.6,81,24
1785621466.8,82,47
1785621466.9,81,26
1785621467.6,81,47
1785621468.8,82,47
1785621469.0,81,3
1785621469.8,81,47
1785621470.9,82,24
1785621471.6,82,43
1785621472.4,82,8
1785621472.6,82,19
1785621472.9,81,19
1785621472.9,82,29
1785621473.1,81,43
1785621473.6,81,24
1785621474.2,82,43
1785621475.3,82,19
1785621475.3,82,24
1785621475.6,81,24
1785621475.6,81,43
1785621476.0,81,19
1785621477.3,81,8
1785621477.9,82,43
1785621478.1,81,43
1785621478.3,81,29
1785621478.6,82,24
1785621479.1,81,24
1785621479.8,81,46
1785621479.8,82,24
1785621480.0,82,34
1785621480.2,82,46
1785621480.4,81,34
1785621480.8,81,24
1785621481.2,82,24
1785621481.8,81,24
1785621482.5,81,46
1785621483.0,82,46
1785621483.3,82,26
1785621483.5,82,33
1785621483.8,81,33
1785621484.8,81,26
1785621484.8,81,46
1785621485.6,82,48
1785621485.8,81,17
1785621486.2,81,2
1785621486.2,81,48
1785621486.2,82,47
1785621486.6,82,24
1785621486.7,81,47
1785621487.3,81,24
1785621488.2,82,24
1785621488.3,82,47
1785621488.6,82,19
1785621488.8,81,19
1785621488.9,81,47
1785621489.3,82,48
1785621489.7,82,46
1785621489.8,81,48
1785621490.2,82,17
1785621490.6,81,46
1785621490.8,82,2
1785621491.7,82,47
1785621491.9,81,17
1785621492.0,81,2
1785621492.4,81,47
1785621492.5,82,46
1785621492.8,82,17
1785621493.5,81,24
1785621493.7,82,2
1785621493.9,81,46
1785621494.5,82,47
1785621494.6,82,24
1785621495.1,81,47
1785621495.2,81,24
1785621495.5,81,17
1785621495.6,81,2
1785621495.9,82,24
1785621496.5,82,46
1785621496.8,82,17
1785621497.2,81,24
1785621497.7,82,2
1785621497.9,82,47
1785621498.5,81,47
1785621498.6,82,24
1785621498.7,81,46
1785621499.0,82,46
1785621500.0,81,24
1785621500.6,81,46
1785621501.3,82,47
1785621501.9,81,47
1785621501.9,82,46
1785621502.0,81,17
1785621502.1,81,2
1785621502.4,82,17
1785621502.7,82,36
1785621503.2,81,36
1785621503.2,81,46
1785621503.2,82,2
1785621504.2,82,47
1785621504.4,81,17
1785621504.5,81,2
1785621504.6,82,35
1785621504.8,81,47
1785621504.9,82,46
1785621505.1,81,35
1785621505.4,82,17
1785621505.9,81,46
1785621506.0,82,2
1785621506.4,82,24
1785621506.6,82,34
1785621507.0,81,34
1785621507.1,81,17
1785621507.1,81,24
1785621507.3,81,2
1785621507.5,82,46
1785621508.0,82,17
1785621508.4,81,46
1785621508.6,82,2
1785621508.6,82,3
1785621509.8,81,2
1785621509.8,81,17
1785621509.8,82,33
1785621509.9,81,33
1785621509.9,82,26
1785621510.7,82,24
1785621511.3,81,26
1785621511.8,81,24
1785621512.0,82,24
1785621512.4,81,24
1785621513.1,82,24
1785621513.3,81,24
1785621514.5,81,3
1785621515.1,82,24
1785621515.8,81,24
1785621516.4,82,24
1785621516.7,82,48
1785621517.1,81,24
1785621517.1,81,48
1785621517.3,82,24
1785621518.1,81,24
1785621518.8,82,47
1785621519.2,82,30
1785621519.3,81,47
1785621519.8,82,3
1785621519.9,81,30
1785621520.9,82,30
1785621521.0,82,19
1785621521.0,82,24
1785621521.2,81,19
1785621522.6,81,30
1785621523.0,82,46
1785621523.6,82,17
1785621524.1,82,2
1785621525.8,81,3
1785621526.3,81,24
1785621526.6,82,24
1785621528.0,81,24
1785621528.8,82,40
1785621529.4,81,7
1785621529.5,81,40
1785621529.6,82,24
1785621530.0,82,38
1785621532.0,82,7
1785621533.3,81,38
1785621533.3,82,40
1785621533.4,82,38
1785621533.8,81,40
1785621534.9,81,7
1785621535.0,82,7
1785621535.9,81,38
1785621535.9,82,40
1785621536.0,82,38
1785621536.5,81,40
1785621537.6,81,7
1785621537.9,82,7
1785621538.8,81,38
1785621538.8,82,40
1785621539.4,81,40
1785621540.0,81,24
1785621540.3,81,7
1785621542.2,82,38
1785621542.7,82,24
1785621543.8,81,38
1785621543.8,82,7
1785621543.8,82,40
1785621544.2,82,38
1785621544.6,81,40
1785621545.3,81,7
1785621545.7,81,38
1785621545.7,82,40
1785621546.0,82,7
1785621546.1,81,40
1785621546.9,81,24
1785621547.3,81,7
1785621550.2,82,39
1785621550.7,82,22
1785621551.9,82,4
1785621555.9,82,36
1785621556.4,81,36
1785621557.6,82,36
1785621558.0,82,35
1785621558.1,81,36
1785621558.4,81,35
1785621559.6,82,35
1785621560.0,81,35
1785621560.0,82,34
1785621560.5,81,34
1785621561.3,81,46
1785621561.6,82,34
1785621562.0,81,34
1785621562.4,81,17
1785621562.5,81,2
1785621563.4,82,33
1785621563.6,82,26
1785621564.1,81,33
1785621564.7,82,33
1785621565.2,81,33
1785621566.4,81,26
1785621566.7,82,36
1785621567.1,81,36
1785621568.5,82,35
1785621568.9,81,35
1785621569.5,82,30
1785621570.1,82,3
1785621570.2,81,30
1785621570.4,82,34
1785621570.7,81,3
1785621570.9,81,34
1785621570.9,82,3
1785621573.6,82,26
1785621573.9,82,33
1785621574.2,81,33
1785621574.2,82,47
1785621574.3,82,48
1785621574.8,81,47
1785621574.8,81,48
1785621575.4,81,26
1785621575.6,82,48
1785621575.7,81,3
1785621576.2,81,48
1785621576.7,82,19
1785621576.8,82,47
1785621576.9,82,28
1785621577.0,81,19
1785621577.2,81,28
1785621577.5,81,47
1785621578.4,82,47
1785621578.9,82,46
1785621579.1,81,47
1785621579.3,82,17
1785621579.3,82,19
1785621579.8,81,19
1785621580.0,82,2
1785621580.1,82,48
1785621580.7,81,48
1785621583.0,82,47
1785621583.4,81,39
1785621583.8,81,47
1785621583.8,82,3
1785621584.4,81,22
1785621585.1,81,4
1785621586.2,82,28
1785621587.9,81,28
1785621589.9,82,30
1785621590.2,81,30
1785621592.7,82,48
1785621593.4,81,48
1785621593.8,81,3
1785621595.7,82,38
1785621596.0,82,24
1785621596.6,82,47
1785621597.5,82,7
1785621598.1,81,47
1785621599.9,82,30
1785621600.2,81,46
1785621600.2,82,3
1785621600.4,82,46
1785621600.6,81,30
1785621601.3,81,2
1785621601.3,81,3
1785621601.3,81,7
1785621601.6,82,2
1785621601.6,82,3
1785621601.6,82,7
1785621601.6,82,30
1785621601.9,81,30
1785621603.1,81,46
1785621604.3,82,46
1785621604.6,81,2
1785621604.6,81,3
1785621604.9,82,2
1785621605.6,82,19
1785621606.2,81,19
1785621609.3,81,46
1785621609.8,82,48
1785621609.9,81,48
1785621610.6,81,2
1785621610.8,81,17
1785621611.2,82,46
1785621611.4,82,42
1785621611.5,82,17
1785621611.7,81,42
1785621611.7,82,43
1785621611.7,82,47
1785621612.0,82,8
1785621612.0,82,31
1785621612.2,82,2
1785621612.3,81,47
1785621612.4,81,31
1785621612.4,82,29
1785621612.9,81,8
1785621613.0,82,31
1785621613.3,82,8
1785621613.4,81,46
1785621613.7,81,31
1785621614.8,81,17
1785621615.1,81,2
1785621615.1,82,48
1785621615.6,81,29
1785621615.7,81,48
1785621615.7,82,46
1785621616.0,82,29
1785621616.0,82,31
1785621616.5,82,17
1785621616.5,82,48
1785621616.8,81,31
1785621617.0,82,2
1785621617.1,81,48
1785621617.3,81,46
1785621617.4,81,29
1785621617.6,82,42
1785621617.6,82,47
1785621618.1,81,42
1785621618.1,82,29
1785621618.1,82,31
1785621618.3,81,47
1785621618.7,81,2
1785621618.9,81,17
1785621619.0,82,47
1785621619.6,81,47
1785621619.8,81,31
1785621620.7,82,47
1785621621.3,81,47
1785621622.1,82,46
1785621622.4,82,45
1785621622.5,81,45
1785621622.6,82,17
1785621623.4,82,2
1785621623.7,81,46
1785621624.0,82,46
1785621624.8,82,47
1785621625.4,81,47
1785621625.9,81,43
1785621627.3,82,36
1785621627.8,81,36
1785621627.9,82,47
1785621628.4,81,8
1785621628.6,81,47
1785621629.0,82,30
1785621629.5,82,35
1785621629.5,82,43
1785621629.7,81,30
1785621629.9,81,29
1785621630.1,81,35
1785621630.2,81,43
1785621631.1,82,19
1785621631.3,81,19
1785621632.0,82,36
1785621632.1,82,34
1785621632.2,82,3
1785621632.6,81,36
1785621632.8,81,34
1785621633.4,81,3
1785621633.4,82,48
1785621633.7,82,40
1785621634.0,81,48
1785621634.3,81,40
1785621634.5,82,35
1785621635.1,81,35
1785621635.8,82,48
1785621635.9,82,36
1785621636.3,82,47
1785621636.4,81,38
1785621636.4,81,48
1785621636.4,82,40
1785621636.5,81,36
1785621636.8,81,40
1785621637.3,81,47
1785621637.6,81,24
1785621637.7,81,7
1785621637.7,82,34
1785621638.1,82,26
1785621638.4,82,33
1785621638.5,82,35
1785621638.6,81,34
1785621638.9,82,47
1785621639.0,81,35
1785621639.7,82,19
1785621640.3,81,47
1785621640.4,81,19
1785621641.4,82,34
1785621642.3,81,34
1785621644.4,82,19
1785621646.3,81,19
1785621648.2,82,48
1785621648.8,81,48
1785621651.6,82,47
1785621652.1,81,47
1785621655.4,82,36
1785621656.5,81,36
1785621658.3,82,35
1785621659.2,81,35
1785621661.8,82,34
1785621663.0,81,34
1785621665.1,82,34
1785621665.4,81,33
1785621666.8,82,33
1785621667.1,81,34
1785621667.8,81,46
1785621668.5,82,19
1785621668.5,82,46
1785621668.8,81,33
1785621669.4,82,33
1785621670.5,81,19
1785621677.0,81,46
1785621677.7,82,46
1785621678.4,81,2
1785621678.8,82,2
1785621679.0,81,46
1785621680.3,81,17
1785621680.6,81,2
1785621686.4,81,33
1785621687.4,81,26
1785621688.5,82,36
1785621689.0,81,36
1785621690.7,82,35
1785621691.2,81,35
1785621693.1,82,34
1785621693.6,81,34
1785621697.0,82,26
1785621697.2,82,33
1785621697.8,81,33
1785621699.0,81,26
1785621701.4,82,38
1785621701.8,82,24
1785621703.2,82,7
1785621707.7,82,48
1785621708.2,81,48
1785621710.1,82,47
1785621710.7,81,47
1785621712.6,82,19
1785621713.0,81,19
1785621713.3,82,40
1785621713.6,82,47
1785621713.7,81,40
1785621714.3,81,47
1785621714.6,82,41
1785621714.7,82,30
1785621715.4,81,38
1785621715.4,82,40
1785621715.9,81,30
1785621715.9,82,46
1785621716.0,81,40
1785621716.1,82,17
1785621716.2,81,41
1785621716.4,81,24
1785621716.6,81,7
1785621716.7,82,38
1785621716.8,82,3
1785621716.9,82,2
1785621717.1,82,24
1785621717.1,82,42
1785621717.2,81,3
1785621717.9,81,42
1785621718.1,81,38
1785621718.1,82,7
1785621718.1,82,40
1785621718.5,81,40
1785621718.9,82,31
1785621719.5,81,7
1785621719.6,81,24
1785621720.0,82,8
1785621720.0,82,39
1785621720.4,82,42
1785621720.8,82,22
1785621721.7,82,4
1785621722.5,81,39
1785621722.7,82,38
1785621723.3,82,24
1785621724.2,81,38
1785621724.2,82,40
1785621724.3,81,22
1785621724.3,81,40
1785621724.3,82,19
1785621724.4,82,7
1785621724.7,81,19
1785621724.7,82,38
1785621725.3,81,7
1785621725.3,82,28
1785621726.3,81,38
1785621726.3,82,40
1785621726.4,82,7
1785621726.6,81,28
1785621726.6,81,40
1785621726.7,81,4
1785621727.7,81,7
1785621727.7,81,24
1785621731.3,81,31
1785621731.5,81,8
1785621731.7,82,47
1785621732.5,81,46
1785621732.6,81,47
1785621735.0,81,42
1785621735.2,82,47
1785621736.4,82,46
1785621738.2,82,36
1785621738.7,82,48
1785621738.8,81,36
1785621739.1,81,48
1785621740.3,81,47
1785621740.7,82,35
1785621741.3,81,35
1785621743.3,82,19
1785621743.9,82,34
1785621744.5,81,19
1785621744.7,81,34
1785621745.8,82,48
1785621746.3,82,47
1785621747.0,81,47
1785621747.0,81,48
1785621747.3,82,48
1785621748.5,82,47
1785621748.6,82,26
1785621748.7,81,48
1785621748.9,82,33
1785621749.2,81,33
1785621750.3,81,26
1785621752.1,81,47
1785621754.6,82,47
1785621754.7,82,3
1785621754.9,81,3
1785621757.1,82,48
1785621758.1,81,47
1785621758.4,81,46
1785621759.2,81,48
1785621759.2,82,46
1785621759.4,82,47
1785621759.9,81,2
1785621760.2,82,2
1785621760.9,81,46
1785621761.0,82,48
1785621761.6,81,47
1785621761.7,82,46
1785621762.0,82,47
1785621762.2,81,2
1785621762.8,81,48
1785621762.9,82,2
1785621763.3,81,46
1785621764.3,81,47
1785621764.4,82,46
1785621764.5,81,2
1785621764.5,81,17
1785621764.9,82,17
1785621764.9,82,47
1785621765.5,82,2
1785621765.5,82,48
1785621765.8,81,46
1785621767.0,81,47
1785621767.1,81,48
1785621767.2,81,2
1785621767.2,81,17
1785621767.2,82,19
1785621767.5,82,46
1785621767.7,81,19
1785621767.7,82,17
1785621767.9,82,47
1785621768.1,82,48
1785621768.5,82,2
1785621768.8,81,46
1785621769.4,81,47
1785621769.4,81,48
1785621769.5,82,19
1785621769.6,82,46
1785621770.2,81,2
1785621770.6,81,19
1785621770.6,82,2
1785621770.7,82,48
1785621770.8,81,46
1785621771.7,82,47
1785621771.9,81,17
1785621771.9,82,19
1785621772.1,81,2
1785621772.1,81,48
1785621772.7,81,19
1785621772.8,82,46
1785621773.0,81,47
1785621773.2,82,17
1785621773.5,82,47
1785621773.7,82,2
1785621774.3,81,46
1785621774.4,82,48
1785621774.9,81,47
1785621774.9,82,46
1785621775.5,81,2
1785621775.5,81,48
1785621775.7,82,47
1785621776.0,82,2
1785621776.3,81,46
1785621776.8,81,47
1785621777.5,81,17
1785621777.6,81,2
1785621779.0,82,38
1785621779.0,82,47
1785621779.4,82,24
1785621779.5,82,46
1785621779.9,81,47
1785621779.9,82,17
1785621779.9,82,19
1785621780.1,81,19
1785621780.1,82,3
1785621780.5,81,3
1785621780.5,82,2
1785621781.0,82,7
1785621782.5,82,19
1785621783.0,81,19
1785621783.6,82,41
1785621784.1,82,39
1785621785.0,82,22
1785621785.8,82,4
1785621790.3,81,46
1785621791.4,81,17
1785621791.9,81,2
1785621806.4,81,39
1785621806.4,82,40
1785621807.3,81,40
1785621807.8,81,22
1785621808.0,81,4
1785621808.3,82,36
1785621808.6,82,40
1785621808.8,81,36
1785621809.3,81,40
1785621810.1,82,43
1785621810.3,82,35
1785621810.8,81,35
1785621810.8,82,36
1785621811.1,81,38
1785621811.1,82,8
1785621811.1,82,40
1785621811.3,81,36
1785621811.5,81,40
1785621811.5,82,38
1785621812.0,81,8
1785621812.2,82,29
1785621812.4,81,7
1785621812.6,82,34
1785621812.7,82,8
1785621812.8,81,43
1785621812.9,82,7
1785621812.9,82,35
1785621813.2,81,34
1785621813.3,82,36
1785621813.4,81,35
1785621813.8,82,43
1785621813.9,81,36
1785621813.9,82,40
1785621814.0,81,43
1785621814.4,81,40
1785621815.0,82,43
1785621815.3,82,34
1785621815.5,82,36
1785621815.7,82,35
1785621816.0,81,34
1785621816.0,81,36
1785621816.3,81,35
1785621816.9,81,43
1785621817.2,81,38
1785621817.2,82,40
1785621817.3,81,7
1785621817.5,82,33
1785621817.7,81,40
1785621817.7,82,2
1785621817.8,81,2
1785621817.8,82,26
1785621817.9,82,35
1785621818.0,81,24
1785621818.2,82,7
1785621818.2,82,36
1785621818.3,81,7
1785621818.4,81,35
1785621818.5,82,34
1785621818.7,81,36
1785621818.7,82,31
1785621819.2,81,34
1785621819.8,81,8
1785621820.0,81,29
1785621820.0,81,31
1785621820.2,82,36
1785621820.3,82,29
1785621820.3,82,31
1785621820.5,82,43
1785621820.8,82,35
1785621820.9,81,36
1785621820.9,82,34
1785621821.5,81,29
1785621821.5,81,31
1785621821.5,81,35
1785621821.8,81,34
1785621822.0,81,43
1785621823.1,82,35
1785621823.1,82,36
1785621823.9,81,35
1785621823.9,81,36
1785621824.6,82,34
1785621825.0,81,41
1785621825.9,81,34
1785621826.4,82,35
1785621827.3,81,35
1785621827.7,82,34
1785621828.8,82,35
1785621829.3,81,34
1785621829.4,81,35
1785621830.0,82,36
1785621830.3,82,30
1785621830.4,82,41
1785621830.7,81,36
1785621830.7,82,46
1785621831.1,82,17
1785621831.4,82,42
1785621831.8,82,2
1785621832.0,81,30
1785621832.3,82,34
1785621832.5,81,42
1785621832.7,82,3
1785621833.1,82,36
1785621833.2,81,41
1785621833.2,82,31
1785621833.3,82,30
1785621833.4,82,35
1785621833.7,81,3
1785621833.8,82,42
1785621833.9,81,36
1785621834.4,81,35
1785621834.9,82,8
1785621835.1,82,41
1785621835.4,82,3
1785621835.5,81,34
1785621837.0,81,30
1785621837.2,81,41
1785621837.3,82,35
1785621837.7,82,38
1785621838.0,82,30
1785621838.1,82,24
1785621838.3,81,3
1785621838.7,81,35
1785621839.2,82,3
1785621839.7,82,7
1785621840.7,81,30
1785621841.2,81,3
1785621842.1,82,36
1785621842.7,81,36
1785621845.6,82,35
1785621846.3,81,42
1785621846.3,82,40
1785621847.2,81,35
1785621847.4,81,31
1785621847.7,81,8
1785621848.0,81,40
1785621850.9,81,38
1785621850.9,82,40
1785621851.7,81,40
1785621852.2,81,24
1785621852.3,81,7
1785621859.7,81,46
1785621860.8,81,17
1785621860.9,81,2
1785621861.5,81,33
1785621862.0,82,33
1785621864.3,81,33
1785621864.4,82,33
1785621866.5,81,33
1785621867.5,82,33
1785621868.8,82,34
1785621869.8,81,34
1785621871.1,81,33
1785621871.4,82,34
1785621871.6,82,33
1785621872.9,81,34
1785621873.3,81,33
1785621874.0,82,39
1785621874.4,81,26
1785621874.5,82,22
1785621874.5,82,34
1785621875.1,82,33
1785621875.1,82,38
1785621875.3,82,4
1785621875.5,82,24
1785621875.5,82,26
1785621875.6,81,34
1785621876.3,81,33
1785621877.2,82,7
1785621877.5,81,26
1785621877.9,82,33
1785621878.0,82,34
1785621878.3,82,26
1785621878.9,81,34
1785621879.3,81,33
1785621880.2,82,33
1785621881.5,81,33
1785621882.8,81,26
1785621883.1,82,33
1785621883.5,82,26
1785621884.3,82,30
1785621884.3,82,36
1785621884.4,81,33
1785621884.7,81,36
1785621885.5,81,26
1785621886.4,82,35
1785621886.7,82,3
1785621886.9,81,35
1785621888.7,82,34
1785621889.2,81,34
1785621891.9,82,36
1785621892.1,82,33
1785621892.5,82,26
1785621892.7,81,33
1785621893.0,81,36
1785621894.1,81,26
1785621894.3,82,35
1785621895.6,81,35
1785621897.3,82,34
1785621898.1,81,34
1785621899.8,82,48
1785621900.3,81,48
1785621900.9,82,47
1785621901.3,82,40
1785621901.4,81,47
1785621901.5,81,39
1785621901.8,81,40
1785621902.5,81,22
1785621902.6,81,4
1785621902.6,82,47
1785621903.4,81,47
1785621903.5,81,38
1785621903.5,82,40
1785621904.0,82,47
1785621904.1,81,40
1785621904.2,82,43
1785621904.4,82,33
1785621904.4,82,38
1785621904.6,82,26
1785621904.9,81,47
1785621905.0,81,7
1785621905.4,82,8
1785621905.4,82,48
1785621905.7,81,43
1785621905.8,82,7
1785621905.8,82,29
1785621905.8,82,47
1785621906.0,81,48
1785621906.2,81,38
1785621906.2,82,19
1785621906.2,82,40
1785621906.5,81,19
1785621906.5,82,39
1785621906.7,81,40
1785621906.7,82,43
1785621906.7,82,46
1785621906.9,81,47
1785621907.1,82,17
1785621907.1,82,22
1785621907.5,81,24
1785621907.7,81,7
1785621907.7,82,2
1785621907.9,82,4
1785621907.9,82,19
1785621908.0,81,39
1785621908.0,82,48
1785621908.3,82,39
1785621908.5,81,19
1785621908.8,81,43
1785621908.8,82,47
1785621908.9,81,48
1785621909.2,81,4
1785621909.3,81,22
1785621909.8,82,43
1785621910.0,81,47
1785621910.0,82,38
1785621910.5,82,24
1785621911.5,82,7
1785621911.6,81,43
1785621911.7,81,38
1785621911.7,82,40
1785621912.2,81,40
1785621912.2,82,43
1785621912.9,82,47
1785621913.1,81,24
1785621913.4,81,7
1785621913.8,81,43
1785621914.1,82,19
1785621914.7,81,47
1785621915.2,81,19
1785621915.8,81,8
1785621915.8,82,43
1785621915.9,82,47
1785621916.1,81,47
1785621917.0,81,29
1785621917.3,82,47
1785621917.5,81,43
1785621919.4,81,47
1785621919.6,82,48
1785621921.3,82,41
1785621921.8,81,48
1785621923.7,81,30
1785621924.4,82,22
1785621924.6,82,38
1785621925.1,82,4
1785621925.2,82,24
1785621925.6,81,3
1785621926.1,81,38
1785621926.1,82,40
1785621926.3,82,7
1785621926.5,81,40
1785621926.7,81,41
1785621927.2,82,42
1785621927.6,82,48
1785621927.7,81,7
1785621927.8,81,24
1785621928.3,81,42
1785621928.8,82,29
1785621928.8,82,31
1785621929.0,81,22
1785621929.3,81,29
1785621929.3,81,31
1785621929.5,81,4
1785621929.9,82,8
1785621930.9,82,42
1785621931.4,82,29
1785621931.4,82,31
1785621931.9,81,48
1785621932.6,81,29
1785621932.7,82,48
1785621933.7,82,29
1785621933.8,81,48
1785621934.4,82,3
1785621934.6,81,3
1785621934.7,81,29
1785621935.4,82,36
1785621935.9,81,36
1785621936.1,82,3
1785621936.1,82,29
1785621936.4,81,29
1785621937.2,81,42
1785621937.6,81,3
1785621937.6,82,35
1785621937.9,81,31
1785621938.2,81,35
1785621938.5,81,8
1785621940.5,82,34
1785621941.4,81,34
1785621953.0,82,36
1785621953.6,81,36
1785621954.6,81,33
1785621954.8,81,46
1785621955.0,82,46
1785621955.3,82,35
1785621955.8,81,35
1785621955.9,81,26
1785621957.1,81,46
1785621957.5,82,34
1785621957.8,82,36
1785621958.0,81,34
1785621958.4,81,17
1785621958.4,81,36
1785621958.5,82,46
1785621958.6,81,2
1785621958.7,82,17
1785621959.0,82,19
1785621959.1,82,47
1785621959.4,82,2
1785621959.7,81,19
1785621960.1,81,46
1785621960.2,82,35
1785621960.5,82,46
1785621960.8,81,35
1785621960.8,82,33
1785621961.0,82,26
1785621961.2,81,2
1785621961.4,81,33
1785621961.4,82,2
1785621962.0,81,47
1785621962.1,81,46
1785621962.1,82,19
1785621962.3,81,19
1785621962.5,82,34
1785621962.8,82,47
1785621962.9,81,26
1785621963.0,81,34
1785621963.3,82,46
1785621963.4,81,17
1785621963.5,81,2
1785621963.8,82,17
1785621964.0,82,34
1785621964.4,82,2
1785621964.5,81,47
1785621964.6,81,34
1785621964.8,81,46
1785621965.1,82,48
1785621965.2,82,19
1785621965.3,82,46
1785621965.8,81,19
1785621966.1,82,33
1785621966.2,81,48
1785621966.4,82,26
1785621966.5,81,33
1785621966.9,81,46
1785621966.9,82,47
1785621967.2,82,19
1785621967.8,81,19
1785621967.8,82,33
1785621967.8,82,46
1785621967.9,82,48
1785621968.1,81,47
1785621968.3,81,33
1785621968.4,81,2
1785621968.7,82,2
1785621968.7,82,38
1785621969.2,81,46
1785621969.2,82,24
1785621969.4,81,26
1785621969.9,82,47
1785621970.0,81,48
1785621970.0,82,46
1785621970.5,81,2
1785621970.7,82,7
1785621970.8,82,2
1785621971.2,81,47
1785621971.3,81,46
1785621971.5,82,48
1785621972.3,81,48
1785621972.5,81,17
1785621972.6,81,2
1785621973.1,82,46
1785621973.1,82,47
1785621973.5,82,17
1785621973.8,82,19
1785621973.8,82,48
1785621974.1,81,19
1785621974.1,81,48
1785621974.1,82,2
1785621974.2,81,47
1785621974.4,81,46
1785621975.5,81,2
1785621975.5,82,48
1785621975.6,81,17
1785621975.7,82,36
1785621976.0,82,47
1785621976.1,81,36
1785621976.5,82,46
1785621976.6,82,19
1785621976.8,81,19
1785621976.8,82,17
1785621976.9,81,47
1785621977.2,81,48
1785621977.6,82,35
1785621977.7,82,2
1785621977.8,82,47
1785621978.0,81,35
1785621978.6,81,46
1785621978.8,81,47
1785621979.0,82,46
1785621979.3,82,19
1785621979.5,82,34
1785621979.7,81,19
1785621980.0,81,34
1785621980.4,82,47
1785621980.6,82,36
1785621980.8,82,48
1785621980.9,81,46
1785621981.1,81,36
1785621981.4,82,46
1785621981.5,82,19
1785621981.6,81,47
1785621981.8,81,19
1785621982.1,82,47
1785621982.2,81,48
1785621982.8,81,46
1785621982.8,82,26
1785621982.8,82,35
1785621983.0,82,33
1785621983.1,81,33
1785621983.2,81,35
1785621983.3,81,47
1785621983.4,82,46
1785621983.5,82,47
1785621984.1,81,2
1785621984.5,82,19
1785621984.6,81,26
1785621984.7,82,2
1785621984.8,81,19
1785621984.8,81,47
1785621984.8,82,34
1785621985.0,81,46
1785621985.3,81,34
1785621985.9,82,19
1785621986.1,82,47
1785621986.6,81,2
1785621986.6,81,17
1785621986.6,81,19
1785621986.9,82,46
1785621987.4,81,47
1785621987.4,82,36
1785621987.6,82,17
1785621987.8,81,36
1785621988.1,82,19
1785621988.1,82,33
1785621988.2,82,2
1785621988.3,81,46
1785621988.3,82,26
1785621988.4,82,46
1785621988.5,81,33
1785621988.7,82,47
1785621988.8,81,19
1785621989.2,82,35
1785621989.6,81,26
1785621989.7,81,35
1785621989.9,81,46
1785621989.9,81,47
1785621990.8,82,46
1785621991.0,82,35
1785621991.1,81,35
1785621991.1,82,34
1785621991.1,82,36
1785621991.2,81,2
1785621991.2,82,48
1785621991.5,81,34
1785621991.6,81,36
1785621991.7,82,47
1785621992.1,81,46
1785621992.2,81,48
1785621992.2,82,2
1785621992.7,81,47
1785621992.7,82,34
1785621993.0,82,35
1785621993.1,81,34
1785621993.2,82,46
1785621993.4,81,35
1785621993.5,81,2
1785621993.9,82,48
1785621994.2,82,2
1785621994.2,82,26
1785621994.2,82,33
1785621994.3,81,33
1785621994.5,81,46
1785621994.5,82,35
1785621994.8,81,48
1785621994.9,82,34
1785621995.0,81,35
1785621995.2,82,46
1785621995.2,82,47
1785621995.4,81,34
1785621995.7,82,33
1785621996.1,81,2
1785621996.1,81,33
1785621996.3,82,2
1785621996.3,82,48
1785621996.6,81,46
1785621996.6,82,34
1785621996.9,81,47
1785621997.1,81,34
1785621997.2,81,48
1785621997.3,81,26
1785621997.6,82,46
1785621997.8,82,47
1785621997.9,81,2
1785621998.3,82,33
1785621998.4,82,26
1785621998.6,81,33
1785621998.7,82,48
1785621998.8,81,47
1785621998.8,82,2
1785621999.0,81,46
1785621999.6,81,48
1785622000.2,82,33
1785622000.2,82,47
1785622000.3,81,33
1785622000.4,81,2
1785622000.5,81,17
1785622000.6,82,48
1785622001.1,81,47
1785622001.1,82,19
1785622001.6,81,26
1785622001.6,81,48
1785622001.7,82,46
1785622001.9,81,19
1785622002.2,82,17
1785622002.4,82,47
1785622002.7,82,2
1785622003.1,81,46
1785622003.2,81,47
1785622003.6,82,19
1785622003.9,82,46
1785622004.0,81,19
1785622004.6,81,2
1785622004.6,82,47
1785622005.2,82,2
1785622005.5,81,47
1785622005.5,82,19
1785622005.9,81,46
1785622006.3,82,46
1785622006.5,81,19
1785622008.3,81,46
1785622008.4,82,35
1785622008.7,82,36
1785622008.8,81,35
1785622008.9,82,46
1785622009.2,81,36
1785622010.5,82,34
1785622010.5,82,36
1785622010.7,82,35
1785622010.9,81,36
1785622011.0,81,46
1785622011.2,81,34
1785622011.3,81,35
1785622011.6,82,46
1785622012.5,81,2
1785622012.6,82,36
1785622012.7,82,35
1785622012.8,82,2
1785622013.1,81,36
1785622013.3,81,35
1785622013.5,82,34
1785622014.2,81,34
1785622014.9,82,35
1785622015.2,82,26
1785622015.3,82,33
1785622015.4,82,34
1785622015.5,81,35
1785622016.3,81,34
1785622018.1,82,34
1785622018.6,82,40
1785622019.1,81,34
1785622019.3,81,40
1785622019.6,81,39
1785622021.6,82,40
1785622022.0,81,40
1785622023.6,81,38
1785622023.7,82,40
1785622024.1,81,40
1785622024.7,81,24
1785622025.0,81,7
1785622025.3,82,38
1785622025.8,82,24
1785622026.9,82,7
1785622027.3,81,38
1785622027.3,82,40
1785622027.7,81,40
1785622028.8,81,7
1785622028.8,81,24
1785622030.8,82,48
1785622031.6,81,48
1785622034.1,82,47
1785622034.9,81,47
1785622043.9,81,46
1785622045.5,81,2
1785622045.5,81,17
1785622046.0,81,33
1785622046.1,82,30
1785622047.5,82,33
1785622047.9,82,41
1785622048.3,82,3
1785622048.9,82,36
1785622049.3,81,36
1785622050.0,81,33
1785622050.6,82,35
1785622051.2,81,26
1785622051.4,81,35
1785622052.4,82,34
1785622053.2,81,34
1785622055.7,82,33
1785622055.8,82,26
1785622055.9,81,33
1785622057.2,81,26
1785622058.6,82,47
1785622059.3,81,47
1785622061.2,82,19
1785622061.6,81,19
1785622063.5,82,36
1785622063.6,82,46
1785622064.0,81,36
1785622064.1,82,17
1785622065.0,82,2
1785622065.8,82,35
1785622065.9,82,38
1785622066.1,82,24
1785622066.3,81,35
1785622068.0,82,7
1785622068.0,82,48
1785622068.3,82,34
1785622068.6,81,48
1785622068.9,81,34
1785622069.4,82,40
1785622069.9,81,40
1785622070.2,82,48
1785622070.4,81,41
1785622070.8,81,48
1785622070.8,82,47
1785622070.9,82,41
1785622071.4,82,42
1785622072.0,82,48
1785622072.4,81,38
1785622072.4,82,40
1785622072.6,81,47
1785622072.7,81,48
1785622072.9,81,40
1785622073.1,82,31
1785622073.3,82,26
1785622073.3,82,33
1785622073.4,81,30
1785622073.4,82,47
1785622073.6,81,24
1785622073.8,81,7
1785622074.0,81,41
1785622074.3,82,8
1785622074.5,81,47
1785622074.7,81,3
1785622074.7,81,46
1785622075.7,82,47
1785622075.8,81,17
1785622076.1,81,2
1785622076.9,81,47
1785622077.7,82,19
1785622077.8,82,46
1785622078.1,81,19
1785622078.1,82,17
1785622079.0,82,2
1785622080.5,82,19
1785622081.0,82,48
1785622081.1,81,19
1785622081.5,81,48
1785622083.9,82,47
1785622084.7,81,47
1785622086.2,81,42
1785622086.4,82,36
1785622086.4,82,47
1785622086.9,81,31
1785622087.3,81,36
1785622087.4,81,8
1785622087.4,81,47
1785622087.9,82,39
1785622088.0,82,48
1785622088.7,81,48
1785622088.8,82,22
1785622089.5,82,4
1785622089.6,82,38
1785622089.8,82,24
1785622090.5,82,35
1785622091.0,81,35
1785622091.1,82,35
1785622091.4,82,7
1785622091.6,82,48
1785622091.7,81,35
1785622092.1,82,35
1785622092.4,81,48
1785622092.4,82,47
1785622092.7,81,35
1785622092.9,82,35
1785622093.1,81,35
1785622093.1,81,38
1785622093.1,82,40
1785622093.4,81,39
1785622093.9,81,47
1785622094.1,81,40
1785622094.1,82,38
1785622094.3,81,22
1785622094.8,81,7
1785622095.5,81,4
1785622096.1,82,34
1785622096.3,82,7
1785622097.6,82,47
1785622097.8,81,34
1785622097.8,82,36
1785622098.4,81,36
1785622099.0,82,35
1785622100.2,81,35
1785622100.6,82,48
1785622101.0,81,33
1785622101.1,81,47
1785622101.7,81,48
1785622102.0,82,34
1785622102.1,81,26
1785622102.3,82,35
1785622103.1,81,46
1785622103.4,81,34
1785622103.4,81,35
1785622103.9,81,2
1785622104.6,82,46
1785622104.6,82,48
1785622104.8,82,33
1785622104.9,82,2
1785622105.0,82,26
1785622105.1,81,2
1785622105.3,82,34
1785622105.6,82,2
1785622106.1,81,48
1785622106.8,81,46
1785622107.0,81,34
1785622107.1,81,33
1785622107.2,82,46
1785622108.3,81,26
1785622108.4,82,34
1785622109.2,81,46
1785622109.4,82,26
1785622109.5,82,33
1785622109.7,81,34
1785622109.9,82,46
1785622110.5,82,47
1785622110.7,81,2
1785622110.7,81,33
1785622111.0,82,2
1785622111.7,81,46
1785622111.8,81,26
1785622111.8,82,33
1785622112.0,81,47
1785622112.2,82,26
1785622112.6,82,46
1785622113.0,81,2
1785622113.3,81,33
1785622113.5,82,2
1785622114.2,81,46
1785622114.6,81,26
1785622114.7,82,33
1785622115.2,82,26
1785622115.4,82,46
1785622115.6,81,2
1785622115.7,82,47
1785622116.3,81,33
1785622116.3,82,19
1785622116.4,82,2
1785622116.6,81,47
1785622117.1,81,19
1785622117.6,81,26
1785622117.9,82,47
1785622118.2,81,46
1785622119.5,81,2
1785622119.6,82,19
1785622119.8,81,47
1785622120.0,82,2
1785622120.2,81,19
1785622120.3,81,2
1785622120.6,81,17
1785622120.6,82,46
1785622120.7,82,47
1785622121.0,82,17
1785622121.6,82,2
1785622121.9,81,46
1785622122.2,81,47
1785622122.7,82,43
1785622123.1,82,8
1785622123.2,81,2
1785622123.4,81,17
1785622123.4,82,19
1785622123.4,82,29
1785622123.5,82,46
1785622123.7,81,19
1785622123.7,82,17
1785622124.1,81,43
1785622124.4,82,2
1785622124.8,82,31
1785622125.1,82,43
1785622125.3,81,31
1785622125.3,82,19
1785622125.4,81,19
1785622125.5,81,46
1785622126.3,82,31
1785622126.3,82,46
1785622127.0,81,2
1785622127.2,81,43
1785622127.3,81,29
1785622127.3,81,31
1785622127.4,82,2
1785622127.7,82,29
1785622127.7,82,31
1785622128.0,81,29
1785622128.0,81,31
1785622128.0,81,46
1785622128.3,82,46
1785622128.4,82,43
1785622129.0,81,8
1785622129.3,81,2
1785622129.4,82,2
1785622129.7,81,43
1785622129.9,81,46
1785622131.3,81,2
1785622131.3,81,17
1785622132.4,82,30
1785622133.6,82,47
1785622133.7,81,30
1785622133.9,82,3
1785622134.2,81,3
1785622134.3,81,47
1785622135.2,82,3
1785622136.0,81,3
1785622136.1,82,28
1785622136.3,82,3
1785622136.4,82,19
1785622136.5,82,48
1785622136.7,81,3
1785622137.1,81,19
1785622137.2,81,48
1785622139.4,82,46
1785622139.4,82,47
1785622139.6,82,17
1785622140.3,81,47
1785622140.4,82,2
1785622142.5,82,19
1785622143.3,81,19
1785622145.4,81,46
1785622146.5,81,17
1785622146.6,81,2
1785622146.6,82,40
1785622146.8,82,46
1785622147.0,82,17
1785622147.2,81,40
1785622147.8,82,2
1785622148.7,81,28
1785622149.4,82,40
1785622149.9,81,40
1785622150.5,81,46
1785622150.6,81,7
1785622150.9,82,7
1785622151.1,82,28
1785622152.2,82,40
1785622152.4,81,28
1785622152.7,81,17
1785622152.7,81,40
1785622152.8,81,2
1785622153.7,81,7
1785622153.9,82,7
1785622153.9,82,48
1785622154.7,81,48
1785622154.8,82,40
1785622155.1,82,42
1785622155.4,81,40
1785622156.1,81,42
1785622156.7,82,29
1785622156.7,82,31
1785622157.1,82,40
1785622157.2,82,42
1785622157.6,81,29
1785622157.6,81,31
1785622157.6,81,40
1785622157.6,82,47
1785622158.3,82,8
1785622158.5,81,47
1785622158.7,82,29
1785622158.7,82,31
1785622159.2,81,29
1785622159.2,81,31
1785622159.7,82,40
1785622160.0,82,29
1785622160.0,82,31
1785622160.2,81,40
1785622161.9,81,38
1785622161.9,82,40
1785622162.1,81,29
1785622162.3,81,40
1785622163.0,81,24
1785622163.0,82,29
1785622163.1,81,7
1785622163.9,82,46
1785622164.7,82,17
1785622165.2,82,2
1785622165.5,81,29
1785622165.5,81,31
1785622166.0,82,29
1785622166.0,82,31
1785622166.5,81,29
1785622166.5,81,31
1785622166.9,82,29
1785622166.9,82,31
1785622167.6,81,29
1785622167.6,81,31
1785622167.9,82,29
1785622167.9,82,31
1785622168.5,81,29
1785622168.5,81,31
1785622171.7,81,46
1785622172.7,81,2
1785622172.7,81,17
1785622173.5,82,43
1785622173.7,82,36
1785622174.1,81,36
1785622174.8,82,31
1785622175.2,81,42
1785622175.3,81,31
1785622175.7,82,35
1785622175.8,82,42
1785622176.2,81,35
1785622177.1,81,8
1785622177.5,82,36
1785622177.6,81,43
1785622177.9,82,34
1785622178.0,81,36
1785622178.5,81,34
1785622178.6,82,47
1785622179.4,81,42
1785622179.4,81,47
1785622179.8,82,35
1785622180.4,81,35
1785622181.4,82,47
1785622182.1,81,47
1785622182.1,82,36
1785622182.8,81,36
1785622182.8,82,34
1785622183.4,82,26
1785622183.6,82,33
1785622183.7,81,34
1785622184.6,82,19
1785622184.6,82,46
1785622184.9,81,19
1785622185.4,82,17
1785622186.2,82,35
1785622186.3,82,2
1785622187.3,81,35
1785622187.4,82,38
1785622187.6,82,36
1785622187.8,82,24
1785622188.4,81,36
1785622189.2,82,7
1785622189.3,82,35
1785622190.4,81,35
1785622190.9,82,34
1785622191.3,82,35
1785622191.4,81,35
1785622191.6,82,35
1785622191.9,81,34
1785622192.5,81,35
1785622193.2,81,33
1785622193.4,82,35
1785622193.8,82,34
1785622194.6,81,26
1785622194.7,81,35
1785622194.9,81,34
1785622195.0,81,46
1785622195.8,82,34
1785622196.4,82,26
1785622196.5,81,17
1785622196.5,82,33
1785622196.8,81,2
1785622196.8,81,34
1785622197.4,81,33
1785622197.9,82,36
1785622198.3,81,26
1785622198.3,82,34
1785622198.4,81,36
1785622199.3,81,34
1785622199.9,82,26
1785622200.1,82,33
1785622200.5,82,34
1785622200.6,82,35
1785622201.1,81,35
1785622201.1,82,30
1785622201.2,82,47
1785622201.4,81,34
1785622201.5,82,19
1785622201.6,81,47
1785622201.7,81,19
1785622201.9,82,47
1785622202.0,81,47
1785622202.1,82,36
1785622202.2,82,41
1785622202.3,82,46
1785622202.7,81,36
1785622203.0,82,17
1785622203.1,82,3
1785622203.2,82,35
1785622203.3,81,46
1785622203.3,82,19
1785622203.6,82,34
1785622203.7,81,33
1785622203.8,81,35
1785622204.1,81,19
1785622204.1,82,2
1785622204.3,82,33
1785622204.4,81,34
1785622204.6,82,46
1785622204.7,81,2
1785622204.7,82,35
1785622204.8,81,17
1785622205.3,81,35
1785622205.6,81,33
1785622205.6,82,17
1785622206.0,82,2
1785622206.1,82,33
1785622206.3,82,34
1785622206.8,81,46
1785622207.1,81,34
1785622207.6,81,33
1785622207.9,82,34
1785622208.2,81,2
1785622208.4,81,26
1785622208.6,81,34
1785622208.8,81,17
1785622209.0,82,26
1785622209.1,82,33
1785622210.1,81,33
1785622211.5,82,33
1785622212.2,81,33
1785622212.9,82,33
1785622213.5,81,33
1785622215.0,81,26
1785622218.4,82,46
1785622219.0,82,17
1785622219.7,82,2
1785622220.5,81,46
1785622222.1,81,17
1785622222.2,81,2
1785622229.2,82,40
1785622229.6,81,40
1785622231.4,81,30
1785622231.6,81,38
1785622231.6,82,40
1785622232.1,81,40
1785622232.5,81,24
1785622232.6,81,41
1785622232.8,81,7
1785622233.1,82,36
1785622233.3,81,3
1785622233.7,81,36
1785622233.9,82,42
1785622235.2,82,36
1785622235.8,81,36
1785622235.8,82,29
1785622235.8,82,31
1785622236.0,82,35
1785622236.7,81,35
1785622236.9,81,29
1785622237.3,82,8
1785622237.9,82,35
1785622238.6,81,35
1785622238.6,82,48
1785622239.2,81,48
1785622239.2,82,34
1785622240.0,81,34
1785622241.1,82,34
1785622241.1,82,47
1785622241.7,81,47
1785622242.1,81,34
1785622244.9,82,46
1785622245.6,82,17
1785622245.9,82,2
1785622245.9,82,26
1785622246.1,81,2
1785622246.4,82,2
1785622246.5,82,33
1785622247.1,81,42
1785622248.0,81,31
1785622248.4,81,8
1785622250.4,81,46
1785622252.8,82,46
1785622253.0,81,2
1785622253.3,82,48
1785622253.9,81,48
1785622254.0,82,39
1785622254.4,81,17
1785622255.1,82,22
1785622255.5,81,46
1785622256.0,82,4
1785622256.0,82,47
1785622256.8,81,47
1785622261.2,82,46
1785622261.7,82,17
1785622261.8,81,33
1785622262.0,82,33
1785622262.2,82,2
1785622263.3,81,46
1785622263.3,82,48
1785622263.8,81,48
1785622264.9,81,17
1785622265.1,81,2
1785622265.3,82,47
1785622265.6,81,33
1785622265.9,81,47
1785622267.0,81,26
1785622268.3,82,38
1785622268.4,82,24
1785622268.9,82,46
1785622269.6,82,17
1785622270.1,82,2
1785622270.1,82,7
1785622270.6,81,46
1785622272.4,81,2
1785622272.5,81,17
1785622287.0,81,38
1785622287.0,82,40
1785622287.2,81,39
1785622287.5,81,22
1785622287.6,81,40
1785622287.8,81,4
1785622287.9,81,24
1785622288.2,81,7
1785622289.0,82,43
1785622290.6,81,43
1785622290.6,82,8
1785622290.8,82,29
1785622291.7,82,43
1785622292.8,82,48
1785622293.3,81,43
1785622293.4,81,48
1785622295.6,82,47
1785622296.1,81,8
1785622296.2,82,31
1785622296.2,82,43
1785622296.3,81,47
1785622296.5,81,31
1785622296.9,81,29
1785622296.9,81,43
1785622300.4,82,30
1785622301.1,81,30
1785622301.3,82,46
1785622301.4,82,3
1785622301.9,82,17
1785622302.6,82,2
1785622302.7,82,30
1785622303.1,81,30
1785622303.9,82,38
1785622304.0,82,24
1785622304.2,81,3
1785622305.9,82,7
1785622310.2,82,36
1785622310.6,81,36
1785622311.1,81,46
1785622312.1,82,35
1785622312.3,81,17
1785622312.5,81,2
1785622312.5,81,35
1785622313.4,82,30
1785622314.0,82,34
1785622314.2,82,41
1785622314.6,81,34
1785622315.5,82,3
1785622315.9,82,47
1785622316.3,82,36
1785622316.5,81,36
1785622316.5,81,47
1785622317.0,82,33
1785622317.3,82,26
1785622317.5,81,33
1785622318.2,82,36
1785622318.3,82,35
1785622318.4,81,36
1785622318.5,82,19
1785622318.9,81,35
1785622319.0,81,19
1785622319.0,81,26
1785622319.9,82,36
1785622320.2,82,35
1785622320.4,81,36
1785622320.4,82,46
1785622320.7,81,35
1785622320.8,82,34
1785622320.9,82,17
1785622321.4,81,34
1785622321.8,82,2
1785622321.8,82,36
1785622322.0,82,35
1785622322.3,81,36
1785622322.5,81,35
1785622323.1,82,34
1785622324.0,81,34
1785622324.3,82,35
1785622325.2,82,34
1785622325.6,82,36
1785622325.7,81,35
1785622326.2,81,36
1785622326.3,81,34
1785622326.9,81,38
1785622326.9,82,40
1785622327.1,82,26
1785622327.4,82,33
1785622327.6,81,40
1785622328.0,81,24
1785622328.0,82,34
1785622328.2,81,7
1785622328.9,82,35
1785622329.4,82,38
1785622329.8,81,34
1785622329.8,81,35
1785622329.9,82,24
1785622330.4,81,30
1785622330.8,81,41
1785622330.9,82,7
1785622331.3,81,38
1785622331.3,82,40
1785622331.8,81,3
1785622331.9,81,40
1785622331.9,82,42
1785622332.7,81,7
1785622332.8,81,24
1785622333.5,82,31
1785622334.0,82,34
1785622334.3,82,8
1785622335.7,81,42
1785622336.0,81,34
1785622336.0,82,38
1785622336.3,82,24
1785622337.0,82,42
1785622337.7,82,7
1785622338.1,81,38
1785622338.1,82,40
1785622338.4,81,40
1785622338.4,82,38
1785622339.2,81,7
1785622340.5,82,7
1785622345.3,81,31
1785622345.5,81,8
1785622346.1,82,40
1785622346.8,81,40
1785622347.6,81,42
1785622349.5,81,38
1785622349.5,82,40
1785622349.9,81,40
1785622350.5,81,24
1785622350.8,81,7
1785622354.8,82,47
1785622355.4,81,47
1785622356.8,82,47
1785622357.3,82,19
1785622357.6,81,47
1785622358.0,81,19
1785622364.5,81,33
1785622364.8,82,33
1785622365.4,81,46
1785622366.8,81,2
1785622366.9,81,17
1785622366.9,81,33
1785622367.8,82,33
1785622370.0,81,33
1785622371.7,82,33
1785622371.8,81,26
1785622372.0,82,26
1785622373.3,81,33
1785622374.4,81,26
1785622378.3,82,36
1785622378.8,81,36
1785622380.4,82,36
1785622380.5,82,35
1785622380.9,81,36
1785622381.0,81,35
1785622382.6,82,35
1785622382.7,82,34
1785622383.1,81,34
1785622383.1,81,35
1785622384.7,82,34
1785622385.2,81,34
1785622385.3,82,36
1785622385.8,81,36
1785622386.0,82,33
1785622386.2,82,26
1785622386.5,81,33
1785622387.4,82,35
1785622387.7,82,30
1785622387.9,81,35
1785622388.0,81,26
1785622388.1,82,33
1785622388.2,82,26
1785622388.7,81,33
1785622388.8,82,36
1785622389.2,81,36
1785622389.4,82,3
1785622389.6,82,34
1785622389.8,82,41
1785622389.9,81,26
1785622390.1,81,34
1785622390.2,81,3
1785622390.4,82,3
1785622390.7,82,35
1785622391.1,81,35
1785622392.1,82,38
1785622392.4,82,24
1785622392.7,82,34
1785622392.9,82,36
1785622393.0,81,34
1785622393.1,82,33
1785622393.2,82,26
1785622393.4,81,36
1785622393.6,81,33
1785622393.9,82,7
1785622394.9,82,35
1785622395.0,81,26
1785622395.3,81,35
1785622396.0,82,26
1785622396.0,82,33
1785622396.0,82,36
1785622396.1,81,33
1785622396.2,81,36
1785622397.0,82,34
1785622397.4,81,26
1785622397.5,81,34
1785622397.7,82,35
1785622398.2,81,35
1785622399.2,82,36
1785622399.4,82,35
1785622399.7,81,36
1785622399.8,81,35
1785622399.9,82,34
1785622400.4,81,34
1785622400.8,82,33
1785622401.0,82,26
1785622401.3,82,35
1785622401.4,82,34
1785622401.8,81,35
1785622401.9,81,34
1785622402.1,81,33
1785622403.3,82,34
1785622403.6,82,33
1785622403.7,82,36
1785622403.8,81,33
1785622403.8,81,34
1785622404.1,81,36
1785622405.0,81,26
1785622405.1,82,33
1785622405.3,82,26
1785622405.6,82,35
1785622405.7,81,33
1785622406.1,81,35
1785622406.8,82,33
1785622407.0,82,36
1785622407.1,81,33
1785622407.3,82,35
1785622407.4,81,36
1785622407.6,82,34
1785622407.7,81,35
1785622408.0,81,34
1785622408.4,81,26
1785622408.9,82,35
1785622409.1,82,36
1785622409.2,82,34
1785622409.4,81,35
1785622409.5,81,36
1785622409.7,81,34
1785622410.7,82,33
1785622410.8,82,26
1785622410.8,82,34
1785622410.9,82,35
1785622411.0,81,33
1785622411.3,81,34
1785622411.4,81,35
1785622412.7,82,33
1785622412.8,81,33
1785622412.9,82,34
1785622413.3,81,34
1785622413.6,82,36
1785622413.8,81,26
1785622413.9,82,33
1785622414.1,81,36
1785622414.1,82,26
1785622414.2,81,33
1785622415.5,81,26
1785622415.7,82,35
1785622416.0,82,33
1785622416.2,81,35
1785622416.2,82,26
1785622416.4,81,33
1785622417.6,81,26
1785622418.0,82,34
1785622418.5,81,34
1785622421.2,82,33
1785622421.6,82,26
1785622421.9,81,33
1785622423.0,81,26
1785622432.8,82,40
1785622433.5,81,40
1785622435.2,81,38
1785622435.3,82,40
1785622435.9,81,40
1785622435.9,82,38
1785622436.5,81,7
1785622437.3,82,7
1785622437.4,81,30
1785622438.0,82,48
1785622438.3,81,38
1785622438.4,81,3
1785622438.4,82,40
1785622438.6,82,38
1785622438.7,81,40
1785622439.3,81,41
1785622439.3,82,42
1785622439.5,81,48
1785622439.6,82,2
1785622439.6,82,3
1785622439.7,81,2
1785622439.7,81,3
1785622439.7,81,7
1785622439.8,81,42
1785622440.0,82,42
1785622440.4,82,7
1785622440.5,82,29
1785622440.5,82,31
1785622440.7,81,42
1785622441.0,81,29
1785622441.2,81,38
1785622441.2,82,40
1785622441.2,82,47
1785622441.4,82,29
1785622441.5,81,29
1785622441.7,81,40
1785622442.0,82,8
1785622442.1,82,42
1785622442.2,81,24
1785622442.2,82,29
1785622442.5,81,7
1785622442.7,82,36
1785622442.8,81,47
1785622442.9,81,29
1785622443.1,81,36
1785622443.5,82,48
1785622444.3,81,48
1785622444.8,82,35
1785622445.3,81,35
1785622445.3,82,47
1785622445.7,82,29
1785622446.2,81,47
1785622446.4,81,29
1785622447.2,82,34
1785622447.2,82,47
1785622447.9,81,34
1785622448.3,81,47
1785622448.3,82,46
1785622448.7,82,29
1785622448.8,81,42
1785622448.8,82,2
1785622448.9,82,17
1785622449.0,81,2
1785622449.0,82,47
1785622449.3,81,29
1785622449.4,82,42
1785622450.3,81,47
1785622450.4,82,2
1785622451.6,82,47
1785622451.9,82,19
1785622452.6,81,19
1785622453.0,82,26
1785622453.1,82,33
1785622453.3,81,47
1785622453.9,82,47
1785622454.6,81,47
1785622455.0,82,48
1785622455.3,81,31
1785622455.6,82,19
1785622455.7,81,48
1785622456.0,81,8
1785622456.6,81,19
1785622456.9,81,42
1785622459.5,82,47
1785622460.7,82,38
1785622461.2,82,24
1785622462.4,82,7
1785622462.5,81,38
1785622462.5,82,40
1785622463.0,81,40
1785622463.0,81,47
1785622464.0,81,7
1785622464.1,81,24
1785622470.5,81,33
1785622471.1,82,48
1785622471.4,81,48
1785622471.7,81,26
1785622473.1,82,48
1785622474.4,81,2
1785622474.4,81,48
1785622475.4,82,2
1785622476.9,81,46
1785622477.0,82,46
1785622478.8,82,47
1785622479.0,81,46
1785622479.3,82,46
1785622479.9,82,19
1785622480.1,81,19
1785622481.0,81,46
1785622482.2,81,2
1785622482.2,81,17
1785622482.2,82,19
1785622482.3,82,30
1785622482.5,81,19
1785622483.0,81,47
1785622483.5,82,46
1785622483.6,82,41
1785622483.9,82,17
1785622484.3,82,47
1785622484.4,82,3
1785622484.7,82,2
1785622485.0,81,46
1785622485.8,82,46
1785622486.3,81,2
1785622486.4,81,47
1785622486.8,82,19
1785622487.0,82,2
1785622487.2,81,19
1785622487.9,81,46
1785622489.5,81,2
1785622489.5,81,17
1785622489.5,82,19
1785622489.5,82,36
1785622489.7,82,46
1785622489.8,81,19
1785622490.0,81,36
1785622490.2,82,17
1785622490.7,82,2
1785622491.1,81,46
1785622491.2,82,36
1785622491.3,81,36
1785622491.8,82,35
1785622492.3,81,35
1785622492.3,82,46
1785622492.4,81,2
1785622492.5,81,17
1785622492.8,82,17
1785622493.0,82,35
1785622493.4,82,2
1785622493.5,81,35
1785622494.1,82,34
1785622494.2,81,46
1785622494.7,81,34
1785622494.7,82,35
1785622495.3,81,35
1785622495.3,82,34
1785622495.8,81,2
1785622495.8,81,17
1785622495.9,81,34
1785622497.1,82,34
1785622497.7,81,34
1785622498.1,82,26
1785622498.2,82,33
1785622498.8,81,33
1785622499.4,82,33
1785622499.8,81,33
1785622501.2,82,33
1785622501.7,81,33
1785622502.8,81,26
1785622504.3,82,38
1785622504.8,82,24
1785622505.2,82,36
1785622505.6,81,36
1785622506.0,82,7
1785622507.1,82,35
1785622507.6,81,35
1785622508.3,82,36
1785622508.7,81,36
1785622509.1,82,34
1785622509.2,81,38
1785622509.2,82,40
1785622509.6,81,34
1785622510.2,82,35
1785622510.6,81,35
1785622510.7,81,24
1785622512.1,81,7
1785622512.1,82,34
1785622512.4,82,33
1785622512.6,81,34
1785622512.7,82,26
1785622512.8,81,33
1785622513.5,82,36
1785622514.0,81,26
1785622514.0,81,36
1785622515.2,82,33
1785622515.3,82,26
1785622515.6,82,35
1785622515.7,81,33
1785622516.1,81,35
1785622517.0,81,26
1785622517.8,82,34
1785622518.6,81,34
1785622520.7,82,33
1785622521.1,82,26
1785622521.5,81,33
1785622523.3,81,26
1785622524.8,82,2
1785622524.9,81,2
1785622528.0,82,38
1785622528.3,82,24
1785622528.9,82,36
1785622529.4,81,36
1785622530.1,82,7
1785622531.3,82,35
1785622532.1,81,35
1785622533.3,81,38
1785622533.8,81,40
1785622534.0,82,36
1785622534.2,81,24
1785622534.4,81,7
1785622534.4,82,34
1785622534.6,81,36
1785622535.2,81,34
1785622536.2,82,36
1785622536.5,82,35
1785622536.8,81,36
1785622537.0,81,41
1785622537.1,81,35
1785622537.4,82,41
1785622537.9,82,42
1785622538.1,82,36
1785622538.5,81,36
1785622538.9,82,35
1785622539.4,82,34
1785622539.6,82,31
1785622539.7,81,35
1785622540.3,81,34
1785622540.7,82,35
1785622541.0,82,8
1785622541.3,81,30
1785622541.3,82,26
1785622541.4,81,35
1785622541.7,81,3
1785622541.7,82,33
1785622541.8,82,47
1785622542.3,81,47
1785622542.5,82,34
1785622542.7,82,35
1785622542.8,81,41
1785622543.0,82,36
1785622543.1,81,35
1785622543.5,81,34
1785622543.9,82,29
1785622544.5,81,36
1785622544.5,82,47
1785622544.6,81,29
1785622544.7,82,34
1785622544.9,82,29
1785622545.0,82,30
1785622545.1,81,47
1785622545.4,81,30
1785622545.6,81,29
1785622545.6,81,42
1785622546.0,81,34
1785622546.0,82,42
1785622546.1,82,46
1785622546.6,82,3
1785622546.6,82,17
1785622546.7,81,42
1785622546.7,82,34
1785622546.8,82,42
1785622547.0,81,3
1785622547.0,82,35
1785622547.3,82,2
1785622547.3,82,47
1785622547.5,81,47
1785622547.8,81,42
1785622547.9,82,29
1785622548.2,81,29
1785622548.2,82,42
1785622548.6,82,29
1785622548.9,81,29
1785622548.9,81,34
1785622549.2,81,35
1785622549.3,81,42
1785622549.3,82,29
1785622549.3,82,48
1785622549.5,81,29
1785622549.5,81,48
1785622549.5,82,47
1785622549.6,81,46
1785622549.8,82,19
1785622549.9,82,29
1785622550.0,82,36
1785622550.2,81,47
1785622550.3,82,46
1785622550.5,81,19
1785622550.5,81,29
1785622550.7,82,42
1785622550.8,81,36
1785622551.7,82,47
1785622552.1,81,42
1785622552.5,82,42
1785622552.6,81,47
1785622552.7,82,36
1785622553.2,82,47
1785622553.6,81,42
1785622553.7,81,36
1785622553.8,81,47
1785622554.1,82,42
1785622554.5,82,35
1785622555.4,82,48
1785622555.9,82,19
1785622556.1,81,48
1785622556.3,81,19
1785622556.3,81,35
1785622556.3,81,42
1785622556.6,82,47
1785622556.7,81,31
1785622556.7,82,36
1785622556.8,81,8
1785622557.2,81,36
1785622557.7,81,47
1785622559.2,82,35
1785622559.4,82,47
1785622559.8,82,34
1785622560.5,82,19
1785622561.2,82,36
1785622562.1,81,19
1785622562.4,81,36
1785622562.4,81,47
1785622563.5,81,35
1785622564.1,81,34
1785622568.7,82,36
1785622569.6,81,33
1785622570.8,82,33
1785622573.3,81,33
1785622573.7,82,33
1785622573.9,82,19
1785622574.1,81,36
1785622574.6,81,19
1785622575.6,82,34
1785622575.9,81,33
1785622575.9,81,46
1785622576.1,82,46
1785622577.0,81,26
1785622577.2,82,19
1785622577.8,81,34
1785622577.9,81,19
1785622578.2,82,26
1785622578.3,82,34
1785622578.5,81,34
1785622578.8,82,33
1785622579.9,82,34
1785622580.0,82,38
1785622580.3,82,24
1785622580.5,81,46
1785622580.7,82,46
1785622580.8,82,35
1785622581.6,81,35
1785622581.6,82,7
1785622581.7,81,34
1785622583.9,81,46
1785622583.9,82,34
1785622584.2,82,35
1785622585.1,81,17
1785622585.3,81,2
1785622585.4,81,34
1785622585.7,81,35
1785622586.3,82,34
1785622586.5,81,33
1785622587.2,82,35
1785622588.1,81,34
1785622588.5,81,35
1785622589.9,82,34
1785622590.8,82,33
1785622591.7,81,34
1785622592.4,81,33
1785622592.9,82,34
1785622593.5,81,26
1785622593.7,82,33
1785622594.0,82,26
1785622594.8,81,34
1785622595.0,81,33
1785622595.6,82,34
1785622595.9,82,33
1785622596.8,81,33
1785622597.1,81,34
1785622598.0,81,26
1785622598.1,82,33
1785622598.4,82,34
1785622598.5,82,35
1785622598.6,82,26
1785622599.3,81,35
1785622599.6,81,34
1785622599.7,81,33
1785622600.4,82,33
1785622600.4,82,34
1785622601.1,82,19
1785622601.5,81,19
1785622601.6,81,34
1785622601.6,82,46
1785622601.8,81,33
1785622602.3,81,46
1785622602.5,82,17
1785622602.8,82,2
1785622602.8,82,34
1785622602.9,82,33
1785622603.6,81,2
1785622603.6,81,17
1785622604.1,81,33
1785622604.1,81,34
1785622605.1,82,30
1785622605.5,82,33
1785622606.0,81,33
1785622606.5,82,41
1785622606.8,82,3
1785622607.1,82,33
1785622608.7,81,33
1785622609.4,82,33
1785622610.7,81,33
1785622611.9,81,26
1785622625.6,82,40
1785622626.4,81,40
1785622629.3,82,40
1785622630.1,81,40
1785622631.4,82,40
1785622631.9,81,40
1785622633.4,82,40
1785622633.9,81,40
1785622634.3,81,41
1785622634.8,81,3
1785622635.0,82,42
1785622635.4,82,40
1785622635.7,82,31
1785622636.0,81,40
1785622636.1,81,42
1785622637.1,82,8
1785622637.2,82,40
1785622637.7,81,40
1785622637.7,82,42
1785622638.4,82,29
1785622639.0,81,29
1785622639.0,81,38
1785622639.0,82,40
1785622639.5,81,40
1785622639.5,81,42
1785622639.6,82,38
1785622640.4,81,7
1785622641.3,82,7
1785622641.6,81,38
1785622641.6,82,40
1785622642.1,81,40
1785622642.1,82,38
1785622643.0,82,29
1785622643.3,81,7
1785622643.7,81,29
1785622643.8,82,7
1785622643.9,81,38
1785622643.9,82,40
1785622644.6,81,40
1785622644.8,82,36
1785622645.4,81,7
1785622645.5,81,24
1785622645.7,81,36
1785622647.0,82,35
1785622647.7,81,35
1785622648.5,81,31
1785622648.8,81,8
1785622649.1,82,8
1785622649.4,81,8
1785622649.4,82,34
1785622650.4,81,34
1785622651.4,82,48
1785622652.1,81,48
1785622654.3,82,33
1785622654.4,82,47
1785622654.5,82,26
1785622655.1,81,47
1785622656.1,82,47
1785622656.8,81,47
1785622658.9,82,19
1785622659.7,81,19
1785622659.8,82,46
1785622660.0,82,17
1785622660.9,82,2
1785622667.2,81,46
1785622667.5,81,26
1785622667.9,82,26
1785622672.7,81,2
1785622672.7,81,17
1785622674.9,81,33
1785622675.9,81,26
1785622682.5,82,38
1785622682.7,82,24
1785622684.8,82,7
1785622690.6,82,40
1785622691.2,81,40
1785622694.0,81,38
1785622694.0,82,40
1785622694.2,82,48
1785622694.6,81,40
1785622694.9,81,48
1785622695.0,81,24
1785622695.1,82,2
1785622695.1,82,47
1785622695.2,81,2
1785622695.4,81,7
1785622695.8,81,47
1785622696.8,82,47
1785622697.5,81,47
1785622697.8,82,19
1785622698.0,81,19
1785622699.9,82,19
1785622700.2,82,46
1785622700.4,81,19
1785622701.0,82,17
1785622701.3,82,2
1785622716.8,82,47
1785622717.4,82,24
1785622717.6,81,47
1785622719.0,82,7
1785622725.2,82,38
1785622726.5,81,46
1785622726.8,82,46
1785622728.7,82,42
1785622729.1,81,46
1785622730.4,81,17
1785622730.6,81,2
1785622730.9,81,42
1785622733.0,82,42
1785622733.2,82,48
1785622733.9,81,48
1785622734.0,82,40
1785622734.6,81,42
1785622736.2,82,47
1785622736.8,81,47
1785622738.8,82,19
1785622739.6,81,19
1785622741.3,82,46
1785622741.3,82,48
1785622741.8,81,48
1785622741.8,82,17
1785622742.4,82,2
1785622743.8,82,47
1785622744.5,81,46
1785622744.5,81,47
1785622744.5,82,48
1785622745.0,81,48
1785622746.3,82,8
1785622746.8,82,19
1785622747.1,81,19
1785622747.1,82,47
1785622747.6,81,8
1785622747.8,81,47
1785622747.9,81,17
1785622748.3,81,2
1785622749.7,81,40
1785622750.2,82,17
1785622750.2,82,46
1785622750.8,82,48
1785622751.1,82,2
1785622751.5,81,48
1785622751.6,82,40
1785622752.2,82,48
1785622752.3,81,40
1785622752.9,81,48
1785622753.1,82,48
1785622753.6,81,48
1785622753.9,81,38
1785622753.9,82,40
1785622753.9,82,47
1785622754.2,82,8
1785622754.6,81,40
1785622754.7,81,47
1785622755.2,82,48
1785622755.3,81,24
1785622755.5,81,7
1785622755.5,82,47
1785622756.1,81,48
1785622756.5,81,47
1785622757.1,82,19
1785622757.2,82,47
1785622757.3,81,8
1785622757.6,81,47
1785622757.7,81,19
1785622758.9,82,42
1785622759.4,82,8
1785622759.6,82,36
1785622759.6,82,47
1785622760.1,81,36
1785622761.0,81,47
1785622761.5,82,35
1785622762.0,81,35
1785622762.9,81,8
1785622763.6,82,34
1785622764.1,81,34
1785622764.1,82,8
1785622764.1,82,47
1785622765.7,81,8
1785622768.1,82,33
1785622768.6,82,26
1785622769.0,81,47
1785622769.7,82,47
1785622769.8,81,47
1785622770.7,82,36
1785622771.2,81,36
1785622771.6,82,40
1785622773.1,82,35
1785622773.4,81,42
1785622773.6,82,42
1785622773.7,81,35
1785622773.9,82,48
1785622774.0,81,42
1785622775.0,81,48
1785622775.3,82,41
1785622775.4,82,36
1785622775.7,82,3
1785622775.9,81,36
1785622776.0,82,35
1785622776.2,82,34
1785622776.4,81,41
1785622776.5,82,41
1785622776.6,81,35
1785622777.2,81,34
1785622777.2,82,48
1785622777.8,82,35
1785622778.5,81,35
1785622778.7,81,48
1785622779.4,82,34
1785622780.5,81,34
1785622781.5,82,8
1785622781.6,82,34
1785622782.7,81,8
1785622783.1,81,34
1785622784.6,82,47
1785622785.6,81,47
1785622785.8,81,33
1785622785.9,82,33
1785622786.5,81,26
1785622786.6,81,46
1785622787.2,82,46
1785622787.6,82,26
1785622788.4,81,33
1785622789.2,82,33
1785622791.2,81,33
1785622792.1,82,33
1785622792.4,82,19
1785622792.6,82,47
1785622793.0,81,19
1785622794.0,81,46
1785622794.3,81,33
1785622795.4,81,26
1785622796.0,82,46
1785622796.4,82,19
1785622796.9,81,19
1785622797.3,81,47
1785622797.9,82,36
1785622798.3,81,36
1785622799.4,82,35
1785622799.8,81,35
1785622800.2,81,46
1785622800.6,81,2
1785622800.9,82,2
1785622800.9,82,46
1785622801.0,82,34
1785622801.1,81,2
1785622801.4,81,34
1785622801.5,82,35
1785622801.7,82,2
1785622801.7,82,43
1785622801.8,82,36
1785622801.8,82,47
1785622801.9,81,35
1785622802.2,81,36
1785622802.5,82,8
1785622803.0,82,34
1785622803.1,82,29
1785622803.2,81,46
1785622803.4,81,34
1785622803.6,82,35
1785622804.0,81,35
1785622804.0,82,26
1785622804.1,82,33
1785622804.2,81,33
1785622804.4,82,36
1785622804.5,81,2
1785622804.5,81,43
1785622804.8,82,46
1785622804.9,81,36
1785622805.4,82,34
1785622805.5,81,47
1785622805.5,82,43
1785622805.7,81,26
1785622805.8,81,34
1785622805.8,82,33
1785622805.9,81,33
1785622805.9,82,2
1785622806.1,82,26
1785622806.3,82,35
1785622806.8,81,35
1785622807.3,81,26
1785622808.1,81,43
1785622808.2,82,34
1785622808.5,82,33
1785622808.6,81,34
1785622808.6,82,26
1785622808.8,81,33
1785622808.9,82,31
1785622809.2,81,46
1785622809.2,82,43
1785622809.5,81,8
1785622809.9,81,31
1785622810.1,81,26
1785622810.3,81,43
1785622810.5,81,29
1785622811.2,82,46
1785622811.3,81,2
1785622811.4,82,33
1785622811.5,82,26
1785622811.6,81,33
1785622811.8,82,2
1785622812.0,82,36
1785622812.7,81,36
1785622813.0,81,26
1785622813.5,82,48
1785622814.0,81,48
1785622814.4,81,46
1785622814.6,82,47
1785622814.9,82,35
1785622815.3,81,47
1785622815.6,81,35
1785622815.7,81,2
1785622815.9,82,43
1785622816.3,81,17
1785622816.3,82,47
1785622816.8,82,8
1785622817.0,81,47
1785622817.2,81,43
1785622817.2,82,29
1785622817.5,82,17
1785622817.5,82,46
1785622817.7,82,19
1785622817.7,82,34
1785622818.0,81,19
1785622818.2,82,2
1785622818.3,81,34
1785622818.3,82,43
1785622819.4,81,46
1785622819.5,81,43
1785622820.1,82,46
1785622821.2,81,2
1785622821.4,82,2
1785622821.5,82,43
1785622821.7,81,8
1785622821.7,81,46
1785622821.8,82,33
1785622822.0,82,26
1785622822.1,82,46
1785622822.3,81,43
1785622822.5,81,33
1785622822.5,82,39
1785622822.6,81,29
1785622823.0,81,2
1785622823.5,81,26
1785622823.5,82,2
1785622823.5,82,22
1785622823.6,81,46
1785622824.4,82,4
1785622824.9,81,2
1785622825.0,81,17
1785622825.6,82,38
1785622826.1,82,24
1785622826.1,82,36
1785622826.6,81,36
1785622827.4,81,39
1785622827.7,82,7
1785622828.2,82,35
1785622828.2,82,39
1785622828.7,82,36
1785622829.1,81,35
1785622829.2,81,4
1785622829.3,81,36
1785622830.0,82,4
1785622830.5,82,34
1785622830.7,81,40
1785622831.0,82,35
1785622831.3,82,40
1785622831.4,81,35
1785622831.5,81,34
1785622831.6,81,40
1785622831.9,81,39
1785622832.0,82,39
1785622833.1,82,36
1785622833.3,82,34
1785622833.6,81,36
1785622833.6,82,35
1785622833.8,81,34
1785622834.1,82,33
1785622834.2,81,35
1785622834.3,82,26
1785622834.8,81,33
1785622835.3,82,35
1785622835.7,81,39
1785622835.8,81,35
1785622836.1,82,34
1785622836.2,81,26
1785622836.4,82,40
1785622836.5,81,22
1785622836.5,82,36
1785622836.6,81,34
1785622836.7,81,36
1785622837.0,82,33
1785622837.2,82,26
1785622837.5,81,4
1785622837.6,81,33
1785622837.6,82,34
1785622838.1,81,34
1785622838.4,82,35
1785622838.7,81,26
1785622838.9,81,35
1785622839.8,82,26
1785622839.9,82,35
1785622840.0,82,33
1785622840.4,81,35
1785622840.5,81,33
1785622840.7,82,34
1785622841.3,81,34
1785622841.5,82,33
1785622842.3,81,33
1785622842.3,82,34
1785622842.8,81,34
1785622843.2,81,26
1785622843.4,82,34
1785622844.0,81,34
1785622844.2,82,26
1785622844.5,82,33
1785622844.5,82,36
1785622845.0,81,36
1785622845.1,81,33
1785622846.1,82,33
1785622846.4,81,33
1785622847.0,82,35
1785622847.4,81,35
1785622847.6,81,26
1785622847.9,82,33
1785622848.3,82,26
1785622849.8,82,34
1785622850.6,81,34
1785622850.7,82,35
1785622851.2,81,35
1785622851.7,82,34
1785622852.5,82,35
1785622852.6,81,34
1785622853.3,81,35
1785622853.4,81,40
1785622853.4,82,36
1785622854.1,81,36
1785622854.3,82,34
1785622855.2,82,40
1785622855.5,81,34
1785622855.8,81,40
1785622856.6,82,35
1785622856.7,82,36
1785622856.8,82,34
1785622857.4,81,36
1785622857.5,81,35
1785622857.6,81,30
1785622857.6,81,38
1785622857.6,82,40
1785622858.0,82,38
1785622858.2,81,40
1785622858.2,82,36
1785622858.4,81,34
1785622858.4,81,41
1785622858.9,81,3
1785622858.9,81,36
1785622859.1,81,7
1785622859.5,82,2
1785622859.6,81,2
1785622859.6,82,42
1785622859.9,82,35
1785622860.3,82,7
1785622860.9,81,35
1785622861.5,82,29
1785622861.5,82,31
1785622861.6,82,35
1785622861.7,82,40
1785622862.2,81,29
1785622862.3,82,34
1785622862.3,82,36
1785622862.4,81,40
1785622862.7,81,35
1785622862.9,82,8
1785622863.1,81,36
1785622864.1,81,38
1785622864.1,82,40
1785622864.2,82,35
1785622864.3,82,47
1785622864.7,81,40
1785622864.8,81,34
1785622864.8,81,47
1785622865.6,81,7
1785622865.6,81,24
1785622865.7,81,35
1785622866.4,82,2
1785622866.6,81,2
1785622866.8,82,19
1785622866.8,82,24
1785622867.2,82,38
1785622867.6,81,19
1785622867.9,82,34
1785622868.1,82,35
1785622868.1,82,36
1785622869.0,81,36
1785622869.0,81,42
1785622869.7,82,7
1785622870.1,81,35
1785622870.2,81,34
1785622870.3,82,46
1785622870.4,82,17
1785622870.8,82,47
1785622871.6,81,47
1785622871.6,82,2
1785622871.6,82,36
1785622872.9,81,36
1785622874.2,82,19
1785622874.6,81,19
1785622877.7,81,38
1785622883.0,82,42
1785622883.1,82,38
1785622884.4,82,36
1785622885.0,81,36
1785622886.0,82,36
1785622886.9,82,39
1785622892.4,81,31
1785622892.5,81,42
1785622893.5,81,8
1785622895.5,81,36
1785622895.6,82,40
1785622896.6,81,40
1785622900.1,82,40
1785622900.6,81,40
1785622901.8,81,38
1785622901.8,82,40
1785622902.3,81,40
1785622903.1,81,24
1785622903.2,81,7
1785622909.4,81,26
1785622909.8,82,26
1785622911.6,81,33
1785622911.9,82,33
1785622911.9,82,34
1785622912.6,81,34
1785622913.9,82,34
1785622914.1,81,33
1785622914.6,82,33
1785622916.3,81,33
1785622917.0,81,34
1785622917.2,82,33
1785622917.5,82,34
1785622918.9,81,33
1785622919.7,81,34
1785622919.9,81,26
1785622919.9,82,33
1785622920.5,82,26
1785622921.4,82,34
1785622921.5,81,33
1785622922.5,81,26
1785622922.7,81,34
1785622922.7,82,35
1785622923.0,82,33
1785622923.4,82,26
1785622923.8,82,19
1785622924.0,81,35
1785622924.1,82,34
1785622924.3,81,19
1785622924.7,81,33
1785622924.7,81,46
1785622924.8,82,33
1785622925.4,81,34
1785622925.4,82,19
1785622925.4,82,46
1785622925.8,81,19
1785622925.8,82,35
1785622926.3,82,34
1785622926.4,81,33
1785622926.5,81,35
1785622927.5,81,34
1785622927.5,82,33
1785622927.6,81,26
1785622928.0,82,26
1785622928.1,82,34
1785622929.0,81,33
1785622929.4,81,34
1785622930.2,81,26
1785622930.2,82,34
1785622930.3,82,33
1785622930.6,82,26
1785622931.3,81,34
1785622931.4,81,46
1785622931.8,81,33
1785622931.9,82,35
1785622932.4,82,33
1785622932.6,82,19
1785622932.8,81,2
1785622933.0,81,17
1785622933.0,81,19
1785622933.7,81,33
1785622933.8,81,35
1785622933.9,82,33
1785622934.0,82,46
1785622934.8,82,17
1785622935.2,82,2
1785622935.4,81,33
1785622935.6,81,46
1785622935.9,82,33
1785622936.4,82,36
1785622936.9,81,2
1785622937.3,81,17
1785622937.5,81,36
1785622937.5,82,34
1785622937.6,81,33
1785622938.2,82,35
1785622938.5,81,26
1785622938.6,81,34
1785622938.7,81,35
1785622939.9,82,36
1785622940.5,82,35
1785622940.9,81,36
1785622940.9,82,34
1785622941.5,81,35
1785622942.0,81,34
1785622942.5,82,34
1785622943.6,81,34
1785622943.6,82,43
1785622943.9,82,33
1785622944.1,82,35
1785622944.3,82,26
1785622944.6,82,8
1785622944.9,82,36
1785622945.0,81,35
1785622945.0,82,34
1785622945.5,82,29
1785622945.9,81,33
1785622945.9,81,36
1785622946.0,81,34
1785622946.8,81,26
1785622947.0,82,35
1785622947.4,82,26
1785622947.4,82,33
1785622948.0,81,35
1785622948.0,82,34
1785622948.9,81,34
1785622949.2,82,35
1785622950.1,81,35
1785622950.4,81,33
1785622950.9,82,33
1785622950.9,82,34
1785622951.0,82,35
1785622951.3,81,8
1785622951.7,81,34
1785622952.1,81,35
1785622952.5,81,29
1785622952.7,81,33
1785622952.9,81,43
1785622953.2,82,34
1785622953.4,82,33
1785622953.6,82,35
1785622954.1,81,34
1785622954.4,81,35
1785622954.7,81,33
1785622954.7,82,36
1785622954.8,82,34
1785622955.3,81,36
1785622955.4,82,36
1785622955.5,81,36
1785622955.6,81,34
1785622955.8,82,33
1785622956.5,82,35
1785622957.2,81,35
1785622957.3,81,33
1785622957.4,82,34
1785622957.5,82,36
1785622957.7,82,19
1785622957.8,82,35
1785622958.1,81,34
1785622958.1,81,36
1785622958.2,82,33
1785622958.3,81,19
1785622958.3,81,26
1785622958.4,81,35
1785622958.8,82,26
1785622959.0,82,46
1785622959.6,82,34
1785622959.7,81,33
1785622959.9,82,17
1785622959.9,82,33
1785622960.1,82,35
1785622960.2,81,46
1785622960.4,81,34
1785622960.5,82,2
1785622960.6,81,35
1785622960.6,82,36
1785622960.7,82,34
1785622961.2,81,36
1785622961.4,81,33
1785622961.5,81,34
1785622961.7,81,2
1785622961.7,81,17
1785622962.1,82,33
1785622962.7,82,34
1785622963.4,81,34
1785622963.4,82,35
1785622963.6,81,33
1785622964.0,81,35
1785622964.4,82,36
1785622964.6,82,33
1785622965.1,81,36
1785622966.0,82,34
1785622966.7,81,34
1785622966.7,82,36
1785622967.1,81,33
1785622967.1,82,34
1785622967.2,81,34
1785622967.2,81,36
1785622967.2,82,35
1785622967.4,82,33
1785622967.9,81,35
1785622968.8,81,33
1785622969.2,82,36
1785622969.8,81,26
1785622969.8,81,36
1785622970.0,82,35
1785622970.1,82,34
1785622970.8,81,35
1785622970.9,81,34
1785622971.1,82,26
1785622971.5,82,33
1785622972.3,82,35
1785622973.0,81,35
1785622973.9,82,35
1785622974.0,81,33
1785622974.0,82,34
1785622974.5,82,33
1785622974.5,82,36
1785622974.6,81,35
1785622974.7,81,33
1785622975.0,81,34
1785622975.2,81,36
1785622976.0,82,35
1785622976.3,82,34
1785622976.8,81,35
1785622976.8,81,39
1785622976.8,82,33
1785622977.4,81,34
1785622977.8,82,35
1785622978.6,82,34
1785622978.8,81,35
1785622980.1,81,34
1785622980.2,82,36
1785622981.0,82,34
1785622981.1,81,36
1785622983.1,81,34
1785622983.7,82,34
1785622984.6,82,35
1785622985.8,81,35
1785622988.1,82,48
1785622988.2,82,19
1785622988.5,82,36
1785622988.6,81,19
1785622988.6,81,48
1785622988.8,82,43
1785622989.3,82,31
1785622989.4,82,46
1785622989.6,81,36
1785622989.6,82,45
1785622989.8,81,31
1785622990.2,81,45
1785622990.2,82,17
1785622990.4,81,46
1785622990.4,82,2
1785622990.4,82,8
1785622990.4,82,29
1785622990.8,82,31
1785622990.8,82,47
1785622991.4,81,47
1785622991.6,82,36
1785622991.8,81,2
1785622991.8,81,31
1785622991.9,81,17
1785622992.0,82,45
1785622992.1,81,34
1785622992.6,81,33
1785622992.8,81,45
1785622992.9,81,36
1785622993.0,82,47
1785622993.1,82,33
1785622993.5,82,34
1785622993.5,82,35
1785622993.7,81,47
1785622993.7,82,31
1785622994.1,81,31
1785622994.5,82,31
1785622994.5,82,47
1785622994.7,82,38
1785622994.8,81,35
1785622995.1,82,36
1785622995.3,81,47
1785622995.3,82,46
1785622995.8,81,31
1785622995.9,82,17
1785622995.9,82,19
1785622995.9,82,24
1785622996.2,81,19
1785622996.4,81,36
1785622996.4,82,2
1785622996.6,82,7
1785622996.8,82,47
1785622996.9,82,48
1785622997.0,81,46
1785622997.1,81,34
1785622997.4,81,47
1785622997.4,82,35
1785622997.6,81,48
1785622997.9,82,46
1785622998.6,82,34
1785622998.8,81,2
1785622998.9,82,2
1785622999.0,81,35
1785622999.4,81,46
1785622999.5,82,19
1785622999.7,82,47
1785622999.8,82,46
1785623000.0,81,19
1785623000.1,81,34
1785623000.4,81,47
1785623000.6,81,33
1785623000.7,82,33
1785623000.7,82,34
1785623000.8,82,35
1785623000.9,81,2
1785623000.9,81,8
1785623001.0,82,2
1785623001.7,81,46
1785623001.8,82,46
1785623001.9,81,43
1785623002.0,81,29
1785623002.2,81,34
1785623002.3,81,33
1785623002.4,81,35
1785623002.8,82,33
1785623003.5,81,46
1785623003.7,82,35
1785623004.1,82,46
1785623004.2,81,33
1785623004.2,82,34
1785623005.0,81,35
1785623005.1,81,2
1785623005.2,82,33
1785623005.3,81,46
1785623005.3,82,2
1785623005.4,82,35
1785623005.5,81,34
1785623006.0,81,33
1785623006.7,81,2
1785623006.8,81,17
1785623006.9,81,35
1785623007.1,82,34
1785623008.0,82,33
1785623008.1,81,34
1785623008.1,82,36
1785623008.4,81,33
1785623009.2,82,34
1785623009.4,81,36
1785623009.4,82,47
1785623009.8,81,47
1785623009.9,81,26
1785623010.1,81,34
1785623010.1,82,26
1785623010.2,82,3
1785623010.4,82,33
1785623010.7,82,35
1785623010.9,81,3
1785623010.9,82,34
1785623011.1,81,33
1785623011.3,81,35
1785623011.5,82,19
1785623011.6,82,48
1785623011.8,81,48
1785623011.9,81,34
1785623012.0,81,19
1785623012.2,82,35
1785623012.3,82,33
1785623012.6,82,46
1785623012.9,82,34
1785623013.0,81,35
1785623013.4,81,33
1785623013.4,82,17
1785623013.5,81,46
1785623013.7,82,2
1785623013.8,81,34
1785623013.8,82,47
1785623014.0,82,35
1785623014.2,82,33
1785623014.3,81,47
1785623014.6,82,34
1785623015.0,81,35
1785623015.1,81,17
1785623015.2,81,2
1785623015.2,81,33
1785623015.3,81,34
1785623016.2,82,33
1785623016.2,82,34
1785623016.7,82,35
1785623016.9,81,33
1785623016.9,81,34
1785623017.2,81,35
1785623017.4,82,46
1785623017.9,82,33
1785623018.3,81,46
1785623018.4,82,17
1785623018.5,82,2
1785623018.5,82,34
1785623018.6,81,33
1785623019.3,82,33
1785623019.4,81,34
1785623019.6,81,2
1785623019.9,81,33
1785623020.0,81,17
1785623020.2,82,34
1785623021.1,81,34
1785623022.9,81,26
1785623023.8,82,47
1785623023.9,82,26
1785623023.9,82,33
1785623024.0,81,47
1785623024.1,82,47
1785623024.3,81,47
1785623024.6,81,33
1785623025.0,82,33
1785623025.5,82,19
1785623026.1,81,33
1785623026.2,81,19
1785623026.5,82,46
1785623027.3,81,26
1785623027.3,82,17
1785623027.4,81,46
1785623028.0,82,2
1785623029.1,81,2
1785623029.3,81,17
1785623031.0,82,48
1785623031.3,81,48
1785623033.3,82,47
1785623033.9,81,47
1785623036.0,82,19
1785623036.2,81,19
1785623037.7,82,46
1785623037.8,82,47
1785623038.3,81,47
1785623038.3,82,17
1785623038.5,82,48
1785623038.6,81,48
1785623038.9,82,2
1785623039.7,81,46
1785623040.3,82,19
1785623040.4,82,47
1785623040.5,81,19
1785623040.8,82,48
1785623041.1,81,47
1785623041.2,81,17
1785623041.3,81,48
1785623042.0,81,2
1785623043.5,82,47
1785623043.6,82,46
1785623043.9,82,48
1785623044.0,82,17
1785623044.3,81,47
1785623044.6,81,48
1785623044.7,82,2
1785623045.6,81,24
1785623046.0,81,7
1785623046.2,82,48
1785623046.7,82,19
1785623046.8,81,48
1785623047.3,81,19
1785623047.4,82,47
1785623048.5,81,47
1785623048.9,81,38
1785623049.7,82,47
1785623050.6,81,47
1785623054.4,82,19
1785623054.7,81,19
1785623057.3,82,39
1785623061.9,81,46
1785623062.5,82,46
1785623067.4,81,46
1785623067.6,82,46
1785623069.4,81,46
1785623070.6,82,46
1785623070.7,81,2
1785623070.7,81,17
1785623071.2,82,17
1785623071.6,82,47
1785623071.8,82,2
1785623072.1,81,47
1785623072.2,81,46
1785623072.2,82,47
1785623072.6,81,47
1785623073.3,82,48
1785623073.5,81,17
1785623073.6,81,2
1785623073.7,81,48
1785623074.8,82,46
1785623074.9,82,48
1785623075.3,82,17
1785623075.4,81,48
1785623075.4,82,47
1785623075.8,82,2
1785623076.0,81,47
1785623076.1,81,46
1785623076.8,82,48
1785623077.1,81,2
1785623077.1,81,17
1785623077.2,81,48
1785623077.2,82,47
1785623077.9,81,47
1785623079.0,82,48
1785623079.1,82,47
1785623079.4,81,48
1785623079.4,82,46
1785623079.7,81,47
1785623079.7,82,36
1785623079.9,82,17
1785623080.2,81,36
1785623080.5,82,2
1785623080.7,82,34
1785623080.8,81,46
1785623081.1,82,47
1785623081.2,81,34
1785623081.6,82,46
1785623081.7,81,47
1785623081.7,82,36
1785623081.9,82,35
1785623082.2,81,36
1785623082.4,81,2
1785623082.4,81,35
1785623082.7,82,2
1785623083.2,81,46
1785623083.3,82,46
1785623084.0,82,35
1785623084.1,82,26
1785623084.1,82,34
1785623084.6,81,34
1785623085.0,81,35
1785623085.0,81,46
1785623085.5,82,46
1785623085.9,81,26
1785623086.2,82,34
1785623086.5,82,36
1785623086.9,81,46
1785623087.0,81,36
1785623087.1,81,34
1785623087.6,82,26
1785623087.7,82,33
1785623087.8,82,48
1785623088.1,81,2
1785623088.1,81,33
1785623088.2,81,17
1785623088.5,82,35
1785623088.6,81,48
1785623089.0,81,35
1785623089.2,81,26
1785623089.8,82,26
1785623089.8,82,33
1785623090.3,81,33
1785623090.6,82,34
1785623091.0,82,47
1785623091.1,81,34
1785623091.8,81,47
1785623091.9,81,26
1785623092.7,82,48
1785623093.1,81,48
1785623094.1,82,33
1785623094.2,82,26
1785623094.6,81,33
1785623095.9,81,26
1785623096.3,82,46
1785623096.9,82,17
1785623097.5,82,2
1785623098.0,81,46
1785623099.6,81,17
1785623099.8,81,2
1785623100.4,82,47
1785623101.0,81,47
1785623102.3,82,46
1785623102.7,82,19
1785623103.0,81,19
1785623103.0,82,17
1785623103.6,82,2
1785623104.4,81,46
1785623104.7,82,46
1785623106.8,81,46
1785623108.3,81,2
1785623108.3,81,17
1785623115.9,82,36
1785623116.8,81,36
1785623118.5,82,35
1785623119.0,81,35
1785623121.3,82,34
1785623122.0,81,34
1785623123.6,81,39
1785623128.1,82,26
1785623128.7,82,33
1785623129.5,81,26
1785623130.9,82,26
1785623132.0,81,26
1785623133.6,82,26
1785623134.5,81,26
1785623135.7,81,33
1785623147.8,82,48
1785623148.3,81,48
1785623149.5,82,36
1785623149.9,81,36
1785623150.4,82,47
1785623150.5,81,47
1785623151.2,82,35
1785623151.6,81,35
1785623152.3,82,47
1785623152.5,81,47
1785623153.1,82,34
1785623153.5,81,34
1785623153.6,82,46
1785623154.3,82,17
1785623154.6,82,2
1785623155.0,81,46
1785623155.5,82,46
1785623155.9,82,33
1785623156.5,82,26
1785623156.6,81,33
1785623156.6,81,46
1785623157.7,81,26
1785623157.8,81,17
1785623158.1,81,2
1785623158.9,82,24
1785623159.7,82,7
1785623160.0,81,7
1785623160.8,81,24
1785623163.2,82,48
1785623163.9,81,48
1785623166.3,82,47
1785623167.1,81,47
1785623171.6,82,46
1785623172.1,82,17
1785623172.9,82,2
1785623175.9,81,46
1785623177.5,81,17
1785623177.8,81,2
1785623183.9,82,30
1785623186.1,82,3
1785623186.4,82,41
1785623186.6,81,41
1785623187.0,82,41
1785623199.1,81,30
1785623199.7,81,41
1785623200.8,81,3
1785623200.9,82,42
1785623202.9,82,31
1785623204.6,82,8
1785623206.9,82,36
1785623207.2,81,42
1785623207.4,81,36
1785623208.3,82,42
1785623208.5,82,36
1785623208.9,81,36
1785623209.0,82,35
1785623209.7,81,35
1785623210.9,81,42
1785623210.9,82,35
1785623211.4,81,35
1785623211.6,82,34
1785623211.7,82,43
1785623211.8,81,31
1785623211.9,81,8
1785623212.2,81,34
1785623212.5,82,36
1785623212.9,81,36
1785623213.7,82,34
1785623213.7,82,40
1785623214.0,81,43
1785623214.2,81,40
1785623214.5,81,34
1785623214.6,82,35
1785623214.8,82,24
1785623215.0,82,7
1785623215.1,81,35
1785623215.8,81,7
1785623215.9,81,24
1785623216.8,82,47
1785623217.2,82,34
1785623217.6,81,47
1785623217.6,82,33
1785623217.8,82,26
1785623218.0,81,34
1785623218.3,82,48
1785623219.0,81,48
1785623219.5,82,19
1785623220.3,81,19
1785623220.3,82,48
1785623220.8,81,48
1785623221.2,82,47
1785623221.9,81,47
1785623223.1,82,47
1785623223.2,82,46
1785623223.5,82,17
1785623223.9,81,47
1785623224.2,82,2
1785623224.6,82,48
1785623224.8,81,46
1785623225.3,81,48
1785623225.3,82,47
1785623226.0,82,46
1785623226.1,81,17
1785623226.2,81,2
1785623226.2,81,47
1785623226.5,82,17
1785623227.1,82,2
1785623227.4,81,46
1785623227.4,82,47
1785623228.0,81,47
1785623228.3,82,19
1785623228.3,82,46
1785623228.4,81,33
1785623228.6,81,2
1785623228.6,81,17
1785623228.6,81,19
1785623229.1,82,17
1785623229.5,81,26
1785623229.5,81,46
1785623229.5,82,2
1785623229.8,82,19
1785623230.0,82,46
1785623230.2,82,35
1785623230.5,81,19
1785623230.7,81,35
1785623231.0,81,2
1785623231.1,82,2
1785623231.2,81,46
1785623231.7,82,46
1785623232.1,82,34
1785623232.5,81,2
1785623232.5,81,34
1785623232.9,81,46
1785623232.9,82,2
1785623234.3,81,2
1785623234.5,81,17
1785623235.1,82,26
1785623235.2,82,33
1785623235.3,81,33
1785623236.5,81,26
1785623237.2,82,24
1785623237.2,82,38
1785623239.3,82,36
1785623240.3,81,36
1785623240.4,82,7
1785623240.8,82,30
1785623241.4,82,35
1785623242.0,82,41
1785623242.3,81,35
1785623242.5,82,3
1785623243.4,82,34
1785623244.2,81,34
1785623245.3,82,48
1785623245.7,81,48
1785623245.8,82,34
1785623246.3,81,34
1785623246.5,82,48
1785623246.8,82,33
1785623246.9,81,48
1785623247.0,82,26
1785623247.3,81,33
1785623247.3,82,47
1785623247.8,81,47
1785623248.4,81,26
1785623248.7,82,47
1785623249.1,82,26
1785623249.2,82,33
1785623249.3,81,47
1785623249.5,81,33
1785623250.8,81,26
1785623251.6,82,46
1785623251.9,82,17
1785623252.7,82,2
1785623259.0,81,38
1785623259.0,82,40
1785623259.6,81,40
1785623260.1,81,7
1785623260.1,81,30
1785623260.8,82,38
1785623260.9,81,41
1785623261.8,81,3
1785623262.3,82,42
1785623262.8,82,7
1785623263.6,82,40
1785623263.9,82,31
1785623264.2,81,40
1785623264.4,82,29
1785623265.1,81,29
1785623265.4,82,8
1785623265.5,82,29
1785623266.2,81,29
1785623266.2,82,40
1785623266.7,81,40
1785623268.2,81,38
1785623268.2,82,40
1785623268.8,81,40
1785623269.2,82,38
1785623269.3,81,24
1785623269.7,82,24
1785623269.9,81,7
1785623270.6,82,36
1785623270.8,82,7
1785623271.2,81,36
1785623271.5,82,40
1785623271.9,81,40
1785623272.9,81,7
1785623273.0,82,7
1785623273.2,82,35
1785623273.5,81,38
1785623273.5,82,40
1785623273.8,81,35
1785623273.8,81,40
1785623274.2,82,38
1785623275.0,81,7
1785623275.7,82,7
1785623276.2,82,34
1785623276.3,81,38
1785623276.3,82,40
1785623276.9,81,34
1785623276.9,81,40
1785623277.7,81,7
1785623277.7,81,24
1785623281.9,82,26
1785623281.9,82,33
1785623289.1,82,36
1785623289.5,81,36
1785623291.2,81,42
1785623291.3,82,35
1785623291.8,81,35
1785623291.9,82,36
1785623292.0,81,31
1785623292.4,81,8
1785623292.4,81,36
1785623293.9,82,34
1785623294.0,82,36
1785623294.1,82,35
1785623294.6,81,34
1785623294.6,81,36
1785623294.7,81,35
1785623296.6,82,35
1785623296.7,82,34
1785623297.3,81,35
1785623297.4,81,34
1785623299.8,82,36
1785623300.1,82,34
1785623300.5,81,36
1785623301.1,81,34
1785623302.8,82,35
1785623303.7,81,35
1785623306.3,81,46
1785623306.7,82,46
1785623307.2,82,34
1785623308.4,81,46
1785623308.6,81,34
1785623309.1,82,36
1785623309.4,81,33
1785623309.7,81,36
1785623309.9,81,2
1785623309.9,82,33
1785623310.0,81,17
1785623311.9,82,35
1785623312.2,81,33
1785623312.6,81,35
1785623313.2,81,26
1785623314.7,82,33
1785623314.8,82,26
1785623314.8,82,34
1785623315.5,81,34
1785623316.4,81,33
1785623317.8,81,26
1785623318.3,82,30
1785623318.6,82,41
1785623319.0,82,33
1785623319.1,82,26
1785623319.9,82,3
1785623320.1,81,33
1785623321.2,81,26
1785623323.1,82,38
1785623323.2,82,24
1785623325.3,82,7
1785623326.5,82,36
1785623326.9,82,19
1785623327.0,81,36
1785623327.8,81,19
1785623328.5,82,35
1785623329.1,81,35
1785623329.2,82,46
1785623329.6,82,17
1785623330.5,82,2
1785623331.1,82,34
1785623331.9,81,34
1785623335.5,82,40
1785623336.2,81,40
1785623336.7,81,7
1785623337.6,82,26
1785623337.7,82,7
1785623337.9,82,33
1785623338.4,81,30
1785623339.1,81,41
1785623339.2,82,40
1785623339.7,81,40
1785623339.8,81,3
1785623339.9,82,42
1785623340.7,81,42
1785623341.1,81,38
1785623341.1,82,40
1785623341.4,81,33
1785623341.5,82,38
1785623341.6,81,40
1785623341.6,82,29
1785623341.6,82,31
1785623342.0,81,29
1785623342.3,82,33
1785623342.5,81,7
1785623342.5,82,8
1785623342.6,82,42
1785623343.3,82,7
1785623343.7,81,38
1785623343.7,82,40
1785623344.1,81,40
1785623344.5,82,38
1785623345.0,81,7
1785623345.9,82,7
1785623346.5,81,38
1785623346.5,82,40
1785623347.0,81,40
1785623347.8,81,24
1785623347.9,81,7
1785623347.9,81,42
1785623348.0,82,42
1785623348.5,81,42
1785623348.6,82,42
1785623348.8,81,42
1785623349.4,81,31
1785623349.9,81,8
1785623358.8,82,47
1785623359.5,81,47
1785623359.8,82,47
1785623360.2,81,47
1785623361.0,82,38
1785623361.2,82,24
1785623362.0,82,47
1785623362.1,81,47
1785623362.8,82,7
1785623363.1,81,38
1785623363.1,82,40
1785623363.6,81,40
1785623364.5,81,24
1785623364.7,81,7
1785623365.0,82,19
1785623365.3,82,47
1785623365.6,81,19
1785623366.3,81,47
1785623368.3,82,48
1785623368.9,81,48
1785623370.6,82,19
1785623371.1,82,48
1785623371.2,81,19
1785623371.6,81,48
1785623371.7,82,47
1785623372.9,82,48
1785623373.0,81,47
1785623374.1,81,48
1785623375.2,81,33
1785623375.3,82,47
1785623376.3,81,26
1785623377.2,82,48
1785623377.7,81,47
1785623378.3,81,48
1785623378.4,81,46
1785623379.1,82,46
1785623379.2,82,47
1785623382.0,81,46
1785623382.3,82,46
1785623384.0,81,46
1785623384.4,82,19
1785623384.8,81,19
1785623385.0,81,17
1785623385.2,81,2
1785623385.5,82,48
1785623385.8,82,46
1785623386.2,82,17
1785623386.3,81,47
1785623386.9,82,2
1785623387.1,82,19
1785623387.8,81,19
1785623387.9,82,47
1785623388.9,81,48
1785623389.3,82,48
1785623389.5,81,47
1785623390.0,81,46
1785623390.1,82,19
1785623390.3,81,19
1785623390.8,81,48
1785623390.8,82,46
1785623391.6,82,47
1785623391.7,81,2
1785623392.0,82,2
1785623392.4,81,46
1785623392.7,82,19
1785623392.9,81,47
1785623393.0,81,19
1785623393.4,82,36
1785623393.4,82,46
1785623393.6,81,17
1785623393.7,81,2
1785623393.8,81,36
1785623394.0,82,17
1785623394.5,82,2
1785623394.9,82,36
1785623394.9,82,47
1785623395.2,81,46
1785623395.4,82,35
1785623395.5,81,36
1785623395.5,82,46
1785623395.6,82,19
1785623395.9,81,35
1785623396.0,81,19
1785623396.1,81,47
1785623396.4,82,47
1785623397.2,81,46
1785623397.2,82,35
1785623397.5,81,47
1785623397.5,82,34
1785623397.7,81,35
1785623398.1,81,34
1785623398.2,82,34
1785623398.4,81,17
1785623398.5,81,2
1785623398.5,81,34
1785623398.5,82,46
1785623399.0,82,17
1785623399.0,82,43
1785623399.4,82,34
1785623399.6,82,2
1785623400.1,81,34
1785623400.1,82,8
1785623400.4,81,46
1785623400.4,82,29
1785623401.0,82,26
1785623401.1,82,33
1785623401.2,82,46
1785623401.7,81,33
1785623402.0,81,2
1785623402.7,82,2
1785623402.9,81,2
1785623403.3,82,33
1785623403.5,82,2
1785623403.7,81,46
1785623403.8,81,33
1785623404.7,81,17
1785623404.9,81,2
1785623405.2,81,26
1785623405.9,81,8
1785623406.8,81,29
1785623406.9,81,43
1785623411.3,82,47
1785623411.6,81,47
1785623414.1,82,46
1785623414.6,82,36
1785623414.7,81,36
1785623414.7,82,17
1785623414.9,81,46
1785623415.2,82,2
1785623415.8,82,36
1785623416.2,81,17
1785623416.2,81,36
1785623416.2,82,35
1785623416.4,81,2
1785623416.6,81,35
1785623417.8,82,35
1785623418.2,82,34
1785623418.3,81,35
1785623418.6,81,34
1785623418.8,82,36
1785623419.0,81,36
1785623419.9,82,34
1785623420.4,81,34
1785623420.4,82,35
1785623420.6,82,36
1785623420.8,81,35
1785623421.3,81,36
1785623421.4,82,26
1785623421.5,82,33
1785623421.7,81,33
1785623422.3,82,34
1785623422.3,82,36
1785623422.5,82,35
1785623422.7,81,36
1785623422.8,81,34
1785623423.0,81,26
1785623423.0,82,33
1785623423.2,81,35
1785623423.4,82,26
1785623423.5,81,33
1785623424.1,82,36
1785623424.2,82,35
1785623424.4,82,34
1785623424.6,81,36
1785623424.7,81,35
1785623424.8,81,26
1785623425.1,81,34
1785623425.6,82,26
1785623425.6,82,33
1785623425.8,81,33
1785623426.1,82,35
1785623426.2,82,34
1785623426.5,81,35
1785623426.7,81,34
1785623426.9,81,26
1785623427.6,82,33
1785623427.7,82,26
1785623427.8,82,35
1785623428.1,81,33
1785623428.1,82,34
1785623428.3,81,35
1785623428.6,81,34
1785623429.4,82,33
1785623429.8,81,33
1785623429.8,82,34
1785623429.9,82,36
1785623430.3,81,34
1785623430.4,81,36
1785623431.0,81,26
1785623431.2,82,33
1785623431.4,82,26
1785623431.5,82,34
1785623431.6,81,33
1785623431.7,82,36
1785623431.9,81,34
1785623431.9,82,35
1785623432.1,81,36
1785623432.1,82,34
1785623432.3,81,34
1785623432.3,81,35
1785623432.8,81,26
1785623433.0,82,33
1785623433.2,82,26
1785623433.4,81,33
1785623433.4,82,36
1785623433.7,82,35
1785623433.8,81,36
1785623433.9,82,34
1785623434.1,81,35
1785623434.3,81,34
1785623434.6,82,33
1785623435.2,81,33
1785623435.4,82,35
1785623435.6,82,34
1785623435.7,82,36
1785623435.8,81,35
1785623436.1,81,34
1785623436.2,81,36
1785623436.8,81,26
1785623437.2,82,26
1785623437.2,82,33
1785623437.4,81,33
1785623437.4,82,34
1785623437.8,81,34
1785623437.8,82,35
1785623438.3,81,35
1785623438.6,81,26
1785623439.0,82,26
1785623439.0,82,33
1785623439.3,81,33
1785623439.9,82,34
1785623440.4,81,34
1785623440.5,82,33
1785623441.0,81,33
1785623442.2,81,26
1785623443.5,82,26
1785623443.5,82,33
1785623443.7,81,33
1785623444.8,81,26
1785623449.4,82,36
1785623449.8,81,36
1785623451.3,82,35
1785623451.8,81,35
1785623453.3,82,34
1785623453.8,81,34
1785623456.7,82,33
1785623456.8,82,26
1785623457.0,81,33
1785623458.2,81,26
1785623462.5,82,48
1785623462.6,81,48
1785623464.0,82,48
1785623464.3,82,47
1785623464.4,81,48
1785623464.8,81,47
1785623466.1,82,47
1785623466.6,81,47
1785623467.4,82,48
1785623467.7,82,46
1785623467.9,81,48
1785623468.0,82,17
1785623468.5,81,46
1785623468.6,82,2
1785623469.3,82,46
1785623469.4,82,47
1785623469.9,81,2
1785623469.9,81,47
1785623470.2,81,46
1785623470.2,82,48
1785623470.6,82,2
1785623470.7,81,48
1785623471.4,81,17
1785623471.6,81,2
1785623472.0,82,47
1785623472.1,82,41
1785623472.4,82,30
1785623472.4,82,46
1785623472.9,81,47
1785623473.0,81,30
1785623473.0,82,17
1785623473.2,81,46
1785623473.5,82,2
1785623473.7,82,48
1785623473.9,81,41
1785623474.1,81,48
1785623474.4,81,17
1785623474.6,81,2
1785623474.6,82,3
1785623475.3,82,46
1785623475.7,82,47
1785623476.0,82,17
1785623476.0,82,19
1785623476.2,81,47
1785623476.3,81,46
1785623476.4,82,2
1785623476.5,81,19
1785623477.0,81,3
1785623477.4,81,2
1785623477.4,82,30
1785623477.6,82,46
1785623477.7,81,17
1785623477.7,81,30
1785623478.0,82,17
1785623478.7,82,2
1785623479.0,81,46
1785623479.1,82,46
1785623479.2,82,48
1785623479.7,81,48
1785623479.7,82,30
1785623480.3,81,46
1785623481.3,82,48
1785623481.4,82,47
1785623481.6,82,3
1785623481.8,81,17
1785623481.8,81,48
1785623481.9,81,2
1785623482.0,81,47
1785623483.5,82,47
1785623483.5,82,48
1785623484.0,81,47
1785623484.1,81,48
1785623484.6,82,46
1785623485.1,82,48
1785623485.2,82,17
1785623485.5,81,46
1785623485.6,81,48
1785623485.6,82,19
1785623485.8,82,2
1785623485.8,82,47
1785623486.2,81,19
1785623486.4,81,47
1785623486.7,82,46
1785623486.9,81,2
1785623487.0,81,17
1785623487.2,82,17
1785623487.2,82,48
1785623487.3,82,47
1785623487.6,81,46
1785623487.6,81,48
1785623487.7,82,2
1785623487.9,81,47
1785623488.7,81,17
1785623489.0,81,2
1785623489.2,82,47
1785623489.3,82,46
1785623489.6,82,36
1785623489.6,82,48
1785623489.7,81,47
1785623489.8,82,17
1785623490.0,81,48
1785623490.1,81,36
1785623490.2,81,46
1785623490.4,82,2
1785623490.4,82,38
1785623490.6,82,24
1785623490.7,82,46
1785623491.5,81,2
1785623491.6,81,46
1785623491.6,82,47
1785623491.7,82,35
1785623491.8,82,2
1785623492.1,81,47
1785623492.2,81,35
1785623492.3,82,7
1785623492.4,82,46
1785623492.7,81,17
1785623492.9,81,2
1785623493.1,82,17
1785623493.2,81,46
1785623493.3,82,35
1785623493.5,82,2
1785623493.7,81,35
1785623493.7,82,36
1785623493.7,82,47
1785623493.8,82,34
1785623494.2,81,36
1785623494.2,81,47
1785623494.3,81,34
1785623494.4,81,17
1785623494.5,81,2
1785623494.7,82,36
1785623494.8,82,46
1785623495.1,81,36
1785623495.3,82,34
1785623495.4,82,17
1785623495.6,81,46
1785623495.7,82,47
1785623495.8,81,34
1785623495.8,82,2
1785623495.8,82,35
1785623496.0,82,19
1785623496.3,81,35
1785623496.3,81,47
1785623496.5,81,19
1785623496.7,82,35
1785623496.8,81,17
1785623497.0,81,2
1785623497.2,81,35
1785623497.2,82,26
1785623497.2,82,33
1785623497.4,81,33
1785623497.5,82,46
1785623497.9,82,34
1785623498.4,81,34
1785623498.4,82,17
1785623498.4,82,19
1785623498.8,81,19
1785623498.8,82,2
1785623498.8,82,33
1785623498.8,82,34
1785623498.8,82,35
1785623498.9,81,46
1785623499.2,81,33
1785623499.3,81,34
1785623499.3,81,35
1785623499.7,82,46
1785623500.4,81,2
1785623500.4,81,26
1785623500.4,82,35
1785623500.8,82,2
1785623500.8,82,36
1785623500.9,81,35
1785623500.9,81,46
1785623500.9,82,34
1785623501.3,81,36
1785623501.4,81,34
1785623501.4,82,26
1785623501.6,82,33
1785623501.8,81,33
1785623501.8,82,36
1785623502.3,81,2
1785623502.3,81,17
1785623502.4,82,33
1785623502.8,81,33
1785623502.9,82,34
1785623503.0,81,36
1785623503.1,82,35
1785623503.4,81,34
1785623503.4,82,39
1785623503.6,81,35
1785623504.1,81,26
1785623504.2,82,33
1785623504.3,82,35
1785623504.4,82,26
1785623504.6,81,33
1785623504.9,82,36
1785623505.3,81,35
1785623505.3,81,36
1785623505.4,82,34
1785623505.9,81,26
1785623505.9,81,34
1785623506.4,82,33
1785623506.5,82,26
1785623506.6,82,35
1785623506.7,81,33
1785623506.7,81,35
1785623506.7,82,34
1785623507.7,81,34
1785623507.8,82,35
1785623508.6,81,26
1785623508.6,82,34
1785623508.9,82,33
1785623509.0,82,26
1785623509.1,81,34
1785623509.2,81,35
1785623509.3,81,33
1785623510.6,82,34
1785623510.6,82,36
1785623510.9,82,35
1785623511.1,81,36
1785623511.5,81,35
1785623511.9,81,34
1785623512.0,82,33
1785623512.5,81,33
1785623512.6,82,34
1785623512.8,82,22
1785623513.0,82,35
1785623513.2,81,34
1785623513.7,81,35
1785623513.7,82,34
1785623513.8,81,26
1785623514.0,82,4
1785623514.3,81,34
1785623514.5,82,36
1785623514.7,82,33
1785623514.9,81,36
1785623515.0,82,26
1785623515.6,81,33
1785623515.8,82,34
1785623516.4,81,34
1785623516.4,82,35
1785623516.9,81,35
1785623516.9,82,33
1785623516.9,82,36
1785623517.4,81,36
1785623517.6,81,33
1785623518.0,82,33
1785623518.4,82,19
1785623518.5,82,34
1785623518.6,81,19
1785623518.7,81,33
1785623518.9,82,35
1785623518.9,82,36
1785623519.0,81,34
1785623519.1,82,46
1785623519.3,81,36
1785623519.4,81,35
1785623519.7,82,17
1785623519.9,82,33
1785623520.0,81,46
1785623520.5,82,2
1785623520.6,82,36
1785623520.8,82,35
1785623520.9,81,33
1785623521.0,82,34
1785623521.1,81,36
1785623521.3,81,17
1785623521.3,81,35
1785623521.3,82,46
1785623521.5,81,2
1785623521.5,81,34
1785623521.9,82,33
1785623522.0,81,26
1785623522.0,82,17
1785623522.4,82,26
1785623522.5,82,2
1785623522.6,82,35
1785623522.9,81,33
1785623522.9,81,46
1785623523.1,82,34
1785623523.2,81,35
1785623523.4,82,36
1785623523.5,81,34
1785623524.1,81,26
1785623524.3,82,33
1785623524.4,81,36
1785623524.5,81,17
1785623524.6,81,2
1785623524.6,82,26
1785623524.8,82,34
1785623524.9,81,33
1785623525.3,81,34
1785623525.5,82,35
1785623525.9,81,35
1785623526.1,82,35
1785623526.2,81,26
1785623526.4,81,35
1785623526.4,82,33
1785623526.6,82,26
1785623527.1,81,33
1785623527.6,82,19
1785623527.6,82,34
1785623528.1,82,33
1785623528.2,81,19
1785623528.4,81,33
1785623528.6,81,34
1785623528.9,82,46
1785623529.6,81,26
1785623529.6,82,17
1785623529.7,81,46
1785623530.1,82,2
1785623530.7,82,33
1785623530.9,81,17
1785623530.9,82,26
1785623531.2,81,2
1785623531.4,81,33
1785623531.9,82,19
1785623532.3,81,19
1785623532.8,82,46
1785623533.0,81,26
1785623533.3,82,17
1785623533.8,81,46
1785623533.8,82,2
1785623535.0,81,17
1785623535.1,81,2
1785623548.9,81,39
1785623550.0,82,40
1785623550.4,81,4
1785623550.4,81,22
1785623550.7,81,40
1785623550.9,81,7
1785623552.0,82,7
1785623552.0,82,43
1785623553.0,82,8
1785623553.2,82,29
1785623553.6,82,40
1785623554.1,81,40
1785623554.5,82,2
1785623554.9,81,2
1785623555.7,82,40
1785623556.2,81,40
1785623557.6,81,43
1785623557.9,81,8
1785623558.1,82,40
1785623558.7,81,40
1785623559.1,81,29
1785623560.6,82,40
1785623561.1,81,40
1785623562.2,81,7
1785623562.4,82,7
1785623563.3,81,38
1785623563.3,82,40
1785623563.4,82,38
1785623563.8,81,40
1785623564.7,81,7
1785623565.0,82,7
1785623565.8,82,40
1785623566.1,82,41
1785623566.3,81,40
1785623566.9,81,41
1785623567.4,82,2
1785623567.5,81,38
1785623567.5,82,40
1785623567.8,82,38
1785623567.9,81,2
1785623568.1,81,40
1785623568.1,82,41
1785623568.1,82,42
1785623569.3,81,7
1785623569.6,82,7
1785623570.1,81,38
1785623570.1,82,40
1785623570.5,81,40
1785623570.8,82,29
1785623570.8,82,31
1785623571.4,81,24
1785623571.4,81,41
1785623571.6,81,7
1785623571.6,82,8
1785623572.1,82,41
1785623572.9,81,29
1785623574.0,81,30
1785623574.1,82,2
1785623574.3,81,41
1785623574.6,81,2
1785623575.3,82,29
1785623575.4,81,3
1785623576.4,81,29
1785623578.4,82,29
1785623579.0,81,29
1785623580.0,82,29
1785623580.4,82,36
1785623580.6,81,29
1785623580.9,81,36
1785623581.6,82,29
1785623582.0,81,29
1785623582.7,82,35
1785623583.2,81,35
1785623583.7,82,36
1785623584.2,81,36
1785623584.8,82,29
1785623585.1,81,29
1785623585.2,82,34
1785623585.9,81,34
1785623586.0,82,36
1785623586.1,82,35
1785623586.6,81,35
1785623586.6,81,36
1785623587.8,82,36
1785623588.4,81,36
1785623588.5,82,35
1785623588.8,82,34
1785623589.1,81,35
1785623589.5,81,34
1785623590.4,82,35
1785623590.8,81,42
1785623591.1,81,35
1785623591.3,82,33
1785623591.4,82,26
1785623591.4,82,34
1785623591.6,81,31
1785623592.0,81,8
1785623592.2,81,34
1785623593.9,82,34
1785623594.9,81,34
1785623595.0,82,38
1785623595.4,82,24
1785623596.6,82,7
1785623597.1,81,38
1785623597.1,82,40
1785623597.5,81,40
1785623598.5,81,24
1785623598.8,81,7
1785623607.1,81,33
1785623607.5,82,33
1785623610.0,81,33
1785623610.5,82,33
1785623612.6,81,33
1785623613.0,82,38
1785623613.4,82,24
1785623614.0,81,26
1785623614.8,82,7
1785623615.9,82,47
1785623616.4,81,47
1785623619.6,82,46
1785623620.0,82,47
1785623620.3,82,17
1785623620.5,81,46
1785623620.6,81,47
1785623620.8,82,2
1785623621.9,81,2
1785623622.0,81,17
1785623622.3,82,47
1785623623.0,81,47
1785623624.1,82,48
1785623624.2,82,47
1785623624.3,81,48
1785623624.6,82,48
1785623625.0,82,46
1785623625.1,81,47
1785623625.2,81,48
1785623625.5,82,19
1785623625.8,81,19
1785623625.8,82,17
1785623626.5,82,47
1785623626.6,82,2
1785623627.5,81,47
1785623627.9,82,47
1785623629.0,81,47
1785623630.3,81,38
1785623630.3,82,40
1785623631.1,81,40
1785623631.2,81,24
1785623631.4,81,7
1785623632.1,82,48
1785623632.2,81,48
1785623633.4,82,19
1785623634.9,82,47
1785623635.0,81,19
1785623635.0,82,38
1785623635.2,82,24
1785623636.2,81,47
1785623636.8,82,7
1785623638.6,82,48
1785623639.5,81,48
1785623643.7,82,47
1785623646.8,81,46
1785623648.1,81,47
1785623648.2,81,2
1785623648.3,82,46
1785623648.9,82,2
1785623651.1,82,19
1785623651.4,81,19
1785623654.1,81,46
1785623654.7,82,46
1785623656.5,81,46
1785623657.5,82,41
1785623657.8,81,2
1785623657.8,81,17
1785623658.4,82,46
1785623658.8,82,17
1785623659.0,82,30
1785623659.5,82,2
1785623660.4,82,3
1785623660.5,81,46
1785623662.0,81,2
1785623662.0,81,17
1785623664.5,82,48
1785623665.0,81,48
1785623666.7,82,47
1785623667.2,81,47
1785623669.8,82,46
1785623670.4,82,17
1785623670.7,81,46
1785623671.1,82,2
1785623672.0,81,17
1785623672.1,81,2
1785623679.7,82,40
1785623681.1,82,48
1785623681.8,81,48
1785623682.2,81,40
1785623682.7,81,24
1785623682.9,81,7
1785623683.2,82,48
1785623683.8,81,48
1785623684.0,82,47
1785623684.1,81,38
1785623684.1,82,40
1785623684.7,81,47
1785623685.0,82,42
1785623685.9,81,40
1785623686.0,82,47
1785623686.2,81,42
1785623686.9,81,47
1785623686.9,82,29
1785623686.9,82,31
1785623687.0,81,30
1785623687.0,82,19
1785623687.3,82,42
1785623687.4,81,19
1785623687.4,81,41
1785623687.7,81,29
1785623687.7,81,31
1785623688.1,82,29
1785623688.1,82,31
1785623688.2,81,3
1785623688.4,82,8
1785623688.6,81,29
1785623689.3,82,19
1785623689.9,81,19
1785623690.0,82,46
1785623690.4,82,17
1785623691.1,82,29
1785623691.3,82,2
1785623691.9,81,29
1785623696.7,82,29
1785623697.2,81,29
1785623699.8,81,42
1785623701.0,81,31
1785623701.5,81,8
1785623710.2,82,38
1785623710.4,82,24
1785623712.1,82,7
1785623714.9,82,41
1785623715.1,81,46
1785623715.4,82,30
1785623716.4,81,17
1785623716.4,81,30
1785623716.5,81,2
1785623716.5,81,41
1785623717.5,82,3
1785623717.6,81,3
1785623719.0,82,42
1785623721.1,81,42
1785623729.7,82,48
1785623730.3,81,48
1785623730.8,82,40
1785623731.4,81,40
1785623732.4,82,47
1785623733.1,81,47
1785623733.4,81,38
1785623733.4,82,40
1785623733.5,82,38
1785623734.0,81,40
1785623734.7,81,7
1785623735.8,81,38
1785623735.8,82,7
1785623735.8,82,40
1785623736.3,81,40
1785623736.3,82,38
1785623736.7,82,30
1785623737.6,82,47
1785623737.7,81,7
1785623737.7,81,30
1785623738.1,82,7
1785623738.3,81,47
1785623738.4,81,38
1785623738.4,82,3
1785623738.4,82,40
1785623738.9,81,40
1785623739.2,82,17
1785623739.2,82,46
1785623739.8,82,36
1785623740.0,81,7
1785623740.0,81,24
1785623740.1,82,2
1785623740.2,81,36
1785623740.3,81,3
1785623740.6,82,19
1785623740.6,82,42
1785623741.0,81,19
1785623741.8,82,35
1785623742.3,81,35
1785623742.3,82,31
1785623742.4,82,41
1785623744.0,82,8
1785623744.0,82,34
1785623744.6,81,34
1785623744.9,81,41
1785623748.5,82,26
1785623748.6,82,33
1785623749.8,82,38
1785623750.2,82,24
1785623751.9,82,7
1785623756.0,81,42
1785623756.6,81,38
1785623756.6,82,40
1785623756.7,81,31
1785623757.0,81,40
1785623757.1,81,24
1785623757.2,81,8
1785623757.4,81,7
1785623758.0,81,33
1785623759.7,82,38
1785623760.2,82,24
1785623761.1,81,38
1785623761.2,82,40
1785623761.3,82,7
1785623761.6,81,40
1785623762.4,81,24
1785623763.0,81,7
1785623763.3,82,48
1785623763.5,81,48
1785623767.3,82,33
1785623767.7,81,33
1785623768.9,81,26
1785623769.2,82,19
1785623769.6,81,19
1785623773.2,81,46
1785623773.3,82,46
1785623775.4,81,46
1785623776.7,81,2
1785623776.9,81,17
1785623784.9,82,36
1785623785.3,81,36
1785623787.1,82,35
1785623787.7,81,35
1785623789.2,82,36
1785623789.4,82,34
1785623789.7,81,36
1785623789.9,81,34
1785623790.4,82,35
1785623790.8,82,34
1785623791.0,81,35
1785623791.4,81,34
1785623791.5,82,35
1785623792.0,81,35
1785623792.0,82,36
1785623792.5,81,36
1785623792.6,82,33
1785623792.7,82,34
1785623793.2,81,34
1785623793.2,82,26
1785623793.4,81,33
1785623793.9,82,34
1785623794.1,82,35
1785623794.4,81,34
1785623794.4,82,33
1785623794.6,81,35
1785623795.1,81,33
1785623795.3,82,36
1785623795.8,81,36
1785623796.1,82,33
1785623796.3,82,34
1785623796.6,81,33
1785623796.8,81,34
1785623797.3,82,33
1785623797.4,82,35
1785623797.6,82,36
1785623797.9,81,35
1785623798.1,81,36
1785623798.2,81,33
1785623799.4,81,26
1785623799.6,82,34
1785623799.7,82,35
1785623799.8,82,36
1785623800.0,82,26
1785623800.1,82,33
1785623800.2,81,34
1785623800.2,81,35
1785623800.3,81,36
1785623800.5,81,33
1785623801.8,81,26
1785623801.9,82,34
1785623802.0,82,35
1785623802.4,81,34
1785623802.5,81,35
1785623803.1,82,39
1785623803.2,82,26
1785623803.2,82,33
1785623803.7,82,35
1785623803.9,81,33
1785623803.9,82,22
1785623804.2,81,35
1785623804.3,82,34
1785623804.4,82,36
1785623804.8,81,34
1785623804.8,81,36
1785623805.0,82,4
1785623805.0,82,47
1785623805.2,81,26
1785623805.3,81,47
1785623805.3,82,33
1785623805.6,82,26
1785623805.8,82,34
1785623805.8,82,38
1785623806.1,81,33
1785623806.3,81,34
1785623806.4,82,24
1785623806.5,82,35
1785623807.0,81,35
1785623807.0,82,19
1785623807.3,82,47
1785623807.4,81,19
1785623807.4,81,26
1785623807.6,81,47
1785623807.6,82,7
1785623807.8,82,33
1785623807.8,82,36
1785623808.0,82,46
1785623808.2,82,19
1785623808.2,82,26
1785623808.3,81,36
1785623808.4,81,33
1785623808.5,82,17
1785623808.7,81,19
1785623808.8,82,34
1785623808.9,81,46
1785623808.9,82,47
1785623809.2,81,47
1785623809.2,82,2
1785623809.3,81,34
1785623809.3,82,33
1785623809.4,82,46
1785623809.6,82,19
1785623809.8,81,19
1785623809.8,82,35
1785623809.8,82,36
1785623809.9,81,33
1785623810.1,81,2
1785623810.3,81,35
1785623810.3,81,36
1785623810.3,81,46
1785623810.4,82,47
1785623810.6,82,2
1785623810.6,82,46
1785623810.8,82,48
1785623811.0,81,47
1785623811.0,82,19
1785623811.0,82,36
1785623811.2,81,26
1785623811.3,81,48
1785623811.5,81,36
1785623811.5,81,46
1785623811.6,81,19
1785623811.7,81,2
1785623811.9,82,2
1785623811.9,82,34
1785623812.0,82,35
1785623812.4,81,34
1785623812.4,82,33
1785623812.6,81,35
1785623812.7,81,17
1785623812.7,82,26
1785623812.8,82,47
1785623813.0,81,2
1785623813.1,82,19
1785623813.2,82,46
1785623813.3,82,35
1785623813.4,81,33
1785623813.6,81,19
1785623813.7,81,35
1785623813.9,81,47
1785623813.9,82,17
1785623814.2,82,34
1785623814.4,81,26
1785623814.5,82,2
1785623814.7,81,34
1785623815.3,82,26
1785623815.5,81,46
1785623815.5,82,33
1785623815.5,82,34
1785623815.6,82,46
1785623815.7,81,33
1785623816.0,81,34
1785623816.8,81,26
1785623817.1,82,36
1785623817.9,82,26
1785623817.9,82,33
1785623818.1,81,36
1785623818.3,81,33
1785623818.8,82,33
1785623819.3,82,35
1785623819.5,81,33
1785623819.8,82,36
1785623820.1,81,35
1785623820.3,81,36
1785623820.5,82,36
1785623820.7,81,36
1785623820.8,81,26
1785623821.4,82,34
1785623821.7,82,47
1785623822.0,82,35
1785623822.2,81,34
1785623822.3,81,47
1785623823.1,81,35
1785623823.1,82,36
1785623823.3,81,2
1785623823.5,82,2
1785623823.6,82,47
1785623823.7,82,43
1785623823.9,81,36
1785623824.2,82,34
1785623824.6,81,47
1785623824.6,82,8
1785623824.6,82,19
1785623825.0,82,26
1785623825.0,82,33
1785623825.1,81,43
1785623825.1,82,29
1785623825.1,82,35
1785623825.3,81,34
1785623825.4,81,19
1785623825.6,82,36
1785623825.7,81,33
1785623825.8,81,35
1785623825.9,81,46
1785623826.1,81,2
1785623826.1,81,36
1785623826.3,82,2
1785623826.3,82,43
1785623827.0,81,2
1785623827.0,81,17
1785623827.2,82,34
1785623827.4,81,26
1785623827.7,82,46
1785623827.8,82,19
1785623827.8,82,33
1785623827.8,82,35
1785623828.0,81,34
1785623828.1,82,17
1785623828.1,82,26
1785623828.3,81,35
1785623828.4,81,19
1785623828.6,81,33
1785623828.8,82,2
1785623829.9,81,43
1785623830.0,81,26
1785623830.0,82,36
1785623830.1,81,46
1785623830.1,82,34
1785623830.5,81,36
1785623830.7,81,34
1785623830.8,82,46
1785623831.1,81,8
1785623831.1,82,26
1785623831.2,82,33
1785623831.2,82,43
1785623831.5,81,33
1785623831.6,81,2
1785623831.7,81,43
1785623832.0,82,2
1785623832.2,81,29
1785623832.2,82,35
1785623832.5,81,46
1785623832.6,81,35
1785623833.4,81,26
1785623833.7,82,36
1785623833.8,81,17
1785623834.0,81,2
1785623834.2,81,36
1785623834.3,82,33
1785623834.3,82,34
1785623834.4,82,26
1785623834.8,81,34
1785623836.1,81,33
1785623836.3,82,35
1785623836.8,81,35
1785623837.2,81,26
1785623837.8,82,35
1785623838.0,82,30
1785623838.2,82,26
1785623838.3,81,30
1785623838.3,81,35
1785623838.3,82,33
1785623838.6,81,33
1785623838.7,82,34
1785623839.0,82,3
1785623839.3,81,34
1785623839.5,81,3
1785623839.5,82,35
1785623839.9,81,26
1785623839.9,82,36
1785623840.1,81,35
1785623840.3,82,34
1785623840.6,81,36
1785623840.9,81,34
1785623842.1,82,34
1785623842.4,82,35
1785623842.6,81,34
1785623843.1,81,35
1785623843.1,82,33
1785623843.2,82,26
1785623844.2,82,48
1785623844.9,81,33
1785623845.0,81,48
1785623845.0,82,33
1785623845.1,82,34
1785623845.7,81,34
1785623846.3,82,47
1785623846.5,82,45
1785623846.7,81,33
1785623846.9,82,33
1785623847.1,81,45
1785623847.2,81,47
1785623847.2,82,48
1785623847.8,82,43
1785623848.2,81,33
1785623848.2,81,48
1785623849.1,82,8
1785623849.1,82,47
1785623849.5,82,29
1785623849.5,82,33
1785623849.5,82,46
1785623850.0,82,17
1785623850.1,81,33
1785623850.1,81,47
1785623850.6,82,2
1785623850.7,81,46
1785623851.6,81,26
1785623851.8,81,2
1785623852.0,81,17
1785623852.1,82,46
1785623852.4,81,43
1785623852.8,82,17
1785623853.1,82,2
1785623853.3,81,2
1785623853.3,81,46
1785623853.5,82,2
1785623854.3,81,2
1785623854.3,81,8
1785623854.8,81,17
1785623855.1,82,43
1785623855.5,81,29
1785623855.5,81,43
1785623859.0,82,30
1785623859.7,81,30
1785623862.8,82,3
1785623863.5,81,3
1785623868.5,82,40
1785623869.3,81,40
1785623869.3,82,48
1785623869.8,81,7
1785623870.3,82,7
1785623870.7,81,48
1785623871.0,81,39
1785623871.4,81,38
1785623871.4,82,40
1785623871.6,82,43
1785623871.7,82,39
1785623871.9,81,40
1785623872.1,81,22
1785623872.2,81,4
1785623872.5,82,8
1785623872.6,81,24
1785623872.6,82,47
1785623872.7,81,7
1785623873.1,81,43
1785623873.1,82,29
1785623873.2,82,43
1785623873.6,81,47
1785623876.8,81,39
1785623877.4,81,43
1785623878.1,81,8
1785623878.3,82,43
1785623879.1,81,29
1785623879.1,81,43
1785623880.5,82,46
1785623880.8,82,17
1785623882.3,82,2
1785623889.5,82,41
1785623889.7,82,30
1785623890.0,81,30
1785623890.5,81,46
1785623890.6,81,41
1785623890.7,82,3
1785623891.0,81,17
1785623891.1,82,46
1785623891.4,81,2
1785623891.5,81,3
1785623892.0,82,42
1785623892.1,81,46
1785623895.4,82,8
1785623895.8,81,42
1785623896.2,81,8
1785623896.6,82,29
1785623896.6,82,31
1785623897.4,81,29
1785623897.4,81,31
1785623897.4,82,8
1785623898.2,81,8
1785623898.2,82,29
1785623898.2,82,31
1785623898.5,81,29
1785623899.3,82,8
1785623899.7,81,31
1785623899.7,82,35
1785623900.2,81,35
1785623900.3,82,36
1785623900.8,81,36
1785623902.6,82,35
1785623902.7,82,31
1785623903.1,81,35
1785623903.3,81,31
1785623904.1,82,31
1785623905.0,82,34
1785623905.5,82,41
1785623905.6,81,34
1785623906.7,82,30
1785623907.0,81,30
1785623907.3,81,41
1785623908.0,82,38
1785623908.3,82,3
1785623908.4,81,31
1785623908.4,82,42
1785623908.5,81,3
1785623908.6,82,24
1785623909.8,82,7
1785623910.0,81,38
1785623910.0,82,40
1785623910.1,82,31
1785623910.7,81,40
1785623910.7,82,33
1785623910.8,82,26
1785623911.5,81,24
1785623911.8,81,7
1785623913.1,82,38
1785623913.4,82,24
1785623914.9,82,7
1785623915.5,81,38
1785623915.5,82,40
1785623916.2,81,40
1785623917.0,81,24
1785623917.3,81,7
1785623917.6,82,36
1785623918.1,81,36
1785623919.2,82,47
1785623919.7,81,47
1785623919.8,81,42
1785623920.0,82,35
1785623920.4,81,31
1785623920.6,81,35
1785623921.0,81,8
1785623921.1,82,36
1785623921.7,81,36
1785623922.7,82,34
1785623922.8,82,36
1785623923.0,82,48
1785623923.2,81,36
1785623923.4,81,34
1785623923.7,81,48
1785623923.9,82,35
1785623924.6,81,35
1785623925.0,82,46
1785623925.5,82,35
1785623925.6,82,17
1785623925.6,82,36
1785623925.9,82,47
1785623926.1,81,35
1785623926.1,81,36
1785623926.9,82,34
1785623927.0,81,47
1785623927.1,82,19
1785623927.1,82,47
1785623927.5,82,2
1785623927.7,81,34
1785623928.0,81,19
1785623928.0,82,35
1785623928.4,81,47
1785623928.6,82,34
1785623928.7,81,35
1785623929.6,81,2
1785623929.7,81,34
1785623930.3,82,2
1785623930.5,82,47
1785623931.2,82,34
1785623931.5,81,47
1785623932.2,81,34
1785623932.7,81,33
1785623932.9,82,33
1785623932.9,82,36
1785623933.5,81,36
1785623934.0,81,2
1785623934.3,81,46
1785623935.3,82,46
1785623935.5,82,35
1785623935.8,82,36
1785623936.1,81,35
1785623936.2,81,33
1785623936.2,82,2
1785623936.4,81,36
1785623936.4,82,19
1785623936.5,82,41
1785623936.8,82,33
1785623937.0,81,41
1785623937.1,81,19
1785623937.1,82,48
1785623937.5,81,48
1785623938.3,82,42
1785623938.6,82,34
1785623938.7,82,35
1785623938.9,81,2
1785623939.0,82,48
1785623939.3,81,33
1785623939.4,81,35
1785623939.5,81,34
1785623939.5,82,2
1785623939.6,81,42
1785623939.6,82,36
1785623939.9,82,31
1785623940.0,81,48
1785623940.2,81,36
1785623940.2,82,33
1785623940.8,82,47
1785623941.0,82,35
1785623941.0,82,38
1785623941.2,81,35
1785623941.2,82,24
1785623941.4,81,46
1785623941.5,82,8
1785623941.6,82,42
1785623941.9,81,47
1785623942.1,81,2
1785623942.2,81,33
1785623942.2,82,34
1785623942.2,82,46
1785623942.6,82,35
1785623942.8,82,33
1785623942.9,82,7
1785623943.2,81,34
1785623943.2,82,2
1785623943.4,81,35
1785623943.9,82,47
1785623944.0,82,34
1785623944.1,81,46
1785623944.8,81,33
1785623945.0,81,34
1785623945.2,81,47
1785623945.3,82,35
1785623945.4,81,35
1785623945.6,81,17
1785623945.7,81,2
1785623946.0,81,26
1785623946.0,82,19
1785623946.4,82,26
1785623946.9,81,19
1785623946.9,82,34
1785623947.1,82,33
1785623947.8,82,46
1785623948.0,82,19
1785623948.3,81,19
1785623948.3,81,34
1785623948.3,82,17
1785623948.4,81,33
1785623948.8,82,2
1785623949.0,82,34
1785623949.9,82,33
1785623950.3,81,34
1785623950.5,82,36
1785623951.0,81,36
1785623952.5,82,35
1785623952.9,81,35
1785623953.0,81,46
1785623953.4,81,33
1785623954.4,81,2
1785623954.6,81,17
1785623954.8,82,34
1785623954.9,82,47
1785623955.1,82,36
1785623955.3,81,34
1785623955.4,81,47
1785623955.5,81,36
1785623956.6,82,33
1785623957.0,82,35
1785623957.3,81,33
1785623957.5,81,35
1785623958.3,82,46
1785623958.6,81,26
1785623958.8,82,33
1785623959.1,82,17
1785623959.1,82,26
1785623959.1,82,34
1785623959.2,81,46
1785623959.4,82,2
1785623959.7,81,33
1785623959.9,81,34
1785623960.4,81,2
1785623960.5,81,17
1785623961.2,81,26
1785623962.7,82,33
1785623962.8,82,26
1785623963.1,81,33
1785623964.6,81,26
1785623965.9,81,31
1785623966.5,81,8
1785623967.3,81,42
1785623973.9,82,36
1785623974.4,81,36
1785623976.0,82,35
1785623976.4,82,36
1785623976.5,81,35
1785623976.8,81,36
1785623977.4,82,30
1785623977.9,82,41
1785623978.4,82,34
1785623978.5,82,35
1785623979.0,81,35
1785623979.1,81,34
1785623979.8,82,3
1785623980.2,82,35
1785623980.8,81,35
1785623980.8,82,40
1785623981.0,82,34
1785623981.4,81,40
1785623981.7,81,34
1785623982.3,81,30
1785623982.3,82,35
1785623982.6,81,38
1785623982.6,82,40
1785623982.9,81,35
1785623982.9,82,36
1785623983.2,81,40
1785623983.2,82,34
1785623983.3,82,33
1785623983.4,81,41
1785623983.4,82,26
1785623983.5,81,36
1785623983.7,81,24
1785623983.9,81,7
1785623984.0,81,3
1785623984.1,81,34
1785623984.2,82,42
1785623984.8,82,2
1785623984.9,81,2
1785623985.5,82,35
1785623985.8,82,34
1785623986.2,81,35
1785623986.2,81,42
1785623986.2,82,29
1785623986.2,82,31
1785623986.8,81,29
1785623986.8,82,2
1785623987.0,81,2
1785623987.0,81,34
1785623987.3,82,8
1785623987.5,82,42
1785623989.1,82,34
1785623989.2,81,42
1785623989.9,82,42
1785623990.5,81,34
1785623990.7,82,48
1785623991.2,81,48
1785623993.1,82,47
1785623993.7,81,47
1785623995.7,81,42
1785623997.0,81,31
1785623997.9,81,8
1785623998.5,82,46
1785623999.0,82,17
1785623999.5,82,2
1785624001.5,82,47
1785624001.6,81,47
1785624004.1,82,19
1785624004.3,81,19
1785624004.7,81,46
1785624005.5,82,46
1785624006.0,81,2
1785624006.5,82,2
1785624010.8,81,46
1785624012.4,81,17
1785624013.1,81,2
1785624013.5,82,48
1785624014.0,81,48
1785624015.5,82,47
1785624016.0,81,47
1785624016.0,82,48
1785624016.5,81,48
1785624016.8,81,33
1785624017.3,82,33
1785624018.2,82,47
1785624018.7,81,47
1785624018.7,82,46
1785624019.4,82,17
1785624019.5,81,33
1785624019.6,81,46
1785624019.8,82,2
1785624020.5,82,19
1785624020.5,82,33
1785624020.8,81,2
1785624020.9,81,17
1785624020.9,81,19
1785624021.4,82,46
1785624022.1,82,17
1785624022.1,82,36
1785624022.2,81,46
1785624022.3,81,33
1785624022.4,81,36
1785624023.0,82,2
1785624023.4,81,17
1785624023.4,81,26
1785624023.6,81,2
1785624023.7,82,35
1785624024.1,81,35
1785624025.5,82,34
1785624025.9,81,34
1785624026.4,82,17
1785624028.3,82,46
1785624028.5,82,33
1785624028.7,81,46
1785624028.8,81,33
1785624028.9,82,26
1785624029.7,82,2
1785624030.2,81,2
1785624030.2,81,17
1785624030.2,81,26
1785624031.2,82,19
1785624031.5,81,19
1785624032.0,82,46
1785624032.5,82,17
1785624032.7,82,43
1785624032.9,81,46
1785624033.1,82,2
1785624034.3,81,17
1785624034.4,81,2
1785624034.4,82,8
1785624034.6,81,43
1785624034.9,81,8
1785624035.7,82,43
1785624036.0,81,43
1785624039.7,82,47
1785624040.3,81,47
1785624041.1,82,36
1785624041.5,81,36
1785624043.1,82,35
1785624043.6,81,35
1785624044.7,82,46
1785624045.2,82,17
1785624045.4,82,34
1785624045.6,82,2
1785624046.0,81,34
1785624046.5,81,46
1785624048.2,81,2
1785624048.5,81,17
1785624049.2,82,33
1785624049.3,82,26
1785624050.5,81,33
1785624051.6,81,26
1785624052.7,82,8
1785624053.1,82,43
1785624053.7,81,43
1785624054.9,82,43
1785624055.5,81,8
1785624055.7,82,8
1785624055.7,82,29
1785624056.0,81,43
1785624057.0,82,43
1785624059.8,81,8
1785624060.0,81,43
1785624060.5,81,29
1785624061.8,82,30
1785624063.7,82,3
1785624063.7,82,41
1785624066.2,82,48
1785624066.7,81,48
1785624068.1,82,48
1785624068.6,81,48
1785624068.6,82,47
1785624069.3,81,47
1785624070.7,82,47
1785624071.1,82,38
1785624071.4,81,47
1785624071.7,82,24
1785624072.9,82,7
1785624073.8,82,19
1785624074.3,81,19
1785624075.0,82,46
1785624075.1,82,17
1785624075.3,81,38
1785624075.3,82,40
1785624076.0,81,40
1785624076.2,82,2
1785624076.6,81,24
1785624076.7,81,7
1785624077.1,81,30
1785624077.4,82,36
1785624077.5,81,41
1785624078.0,81,36
1785624078.3,81,3
1785624078.4,82,42
1785624079.8,82,35
1785624080.1,81,42
1785624080.3,82,31
1785624080.5,81,35
1785624081.3,82,8
1785624081.5,82,42
1785624082.7,82,34
1785624083.4,81,34
1785624087.2,81,42
1785624088.3,82,26
1785624088.6,82,33
1785624089.1,81,31
1785624089.2,81,8
1785624104.0,81,33
1785624106.5,81,26
1785624107.0,81,46
1785624108.5,81,2
1785624108.6,81,17
1785624133.8,82,36
1785624134.2,81,36
1785624135.6,82,35
1785624136.0,81,35
1785624137.4,82,34
1785624137.8,81,34
1785624140.4,82,26
1785624140.4,82,33
1785624140.4,82,48
1785624140.8,81,33
1785624140.8,81,48
1785624141.8,81,26
1785624142.3,82,47
1785624142.7,81,47
1785624144.1,82,19
1785624144.7,81,19
1785624145.1,82,46
1785624145.9,81,46
1785624145.9,82,17
1785624146.0,82,47
1785624146.4,82,2
1785624146.5,81,47
1785624147.2,81,2
1785624147.4,81,17
1785624148.1,82,19
1785624148.4,81,19
1785624148.6,82,36
1785624148.9,82,46
1785624149.4,81,36
1785624149.4,82,17
1785624149.7,81,46
1785624149.7,82,47
1785624150.1,81,47
1785624150.1,82,2
1785624150.8,81,2
1785624151.0,81,17
1785624151.8,82,35
1785624151.8,82,36
1785624152.4,81,35
1785624152.5,81,36
1785624152.5,82,46
1785624152.9,82,17
1785624153.2,81,46
1785624153.8,82,2
1785624154.4,81,17
1785624154.5,81,2
1785624154.8,82,34
1785624154.9,82,35
1785624155.5,81,35
1785624155.6,81,34
1785624157.8,82,34
1785624158.5,81,34
1785624159.6,82,33
1785624159.8,82,26
1785624160.9,81,33
1785624161.5,82,38
1785624162.1,81,26
1785624162.1,82,24
1785624162.3,82,33
1785624162.6,82,26
1785624162.8,82,47
1785624163.2,82,7
1785624163.4,81,47
1785624163.7,81,33
1785624164.9,81,26
1785624165.2,82,19
1785624165.7,81,19
1785624167.0,82,46
1785624167.5,82,17
1785624168.2,82,2
1785624169.0,81,46
1785624169.3,82,36
1785624170.3,81,36
1785624170.6,81,17
1785624170.9,81,2
1785624171.5,82,35
1785624172.3,81,35
1785624173.7,82,34
1785624174.5,81,34
1785624174.9,82,35
1785624175.2,82,36
1785624175.4,81,35
1785624175.4,82,34
1785624175.7,81,36
1785624175.9,81,34
1785624177.0,82,34
1785624177.2,82,33
1785624177.3,82,26
1785624177.4,82,35
1785624177.5,81,34
1785624177.6,81,33
1785624177.9,81,35
1785624178.9,81,26
1785624178.9,82,36
1785624179.0,82,33
1785624179.3,82,26
1785624179.3,82,35
1785624179.4,81,36
1785624179.5,81,33
1785624179.6,82,34
1785624179.7,81,35
1785624180.1,81,34
1785624180.6,82,33
1785624180.9,81,33
1785624181.2,82,35
1785624181.4,82,34
1785624181.7,81,35
1785624181.9,81,34
1785624182.4,81,26
1785624182.7,82,35
1785624183.1,81,35
1785624183.2,82,33
1785624183.4,82,26
1785624183.5,82,34
1785624183.8,81,33
1785624184.0,81,34
1785624184.8,82,33
1785624184.8,82,34
1785624185.3,81,33
1785624185.3,81,34
1785624186.4,82,36
1785624186.7,81,26
1785624186.9,81,36
1785624186.9,82,33
1785624187.0,82,26
1785624187.6,81,33
1785624188.4,82,33
1785624188.5,82,35
1785624188.6,82,36
1785624188.8,81,33
1785624188.9,81,35
1785624189.1,81,36
1785624190.0,81,26
1785624190.6,82,34
1785624190.8,82,35
1785624191.1,81,34
1785624191.4,81,35
1785624193.1,82,34
1785624193.6,81,34
1785624193.8,82,33
1785624194.0,82,26
1785624194.5,81,33
1785624195.7,81,26
1785624196.4,82,33
1785624196.6,82,26
1785624196.9,81,33
1785624198.1,81,26
1785624212.1,82,40
1785624212.6,81,40
1785624214.0,81,38
1785624214.0,82,40
1785624214.5,81,40
1785624215.0,81,24
1785624215.4,81,7
1785624233.0,82,38
1785624233.5,82,24
1785624235.3,82,7
1785624237.2,81,38
1785624237.3,82,40
1785624238.0,82,38
1785624238.1,81,40
1785624239.1,82,48
1785624239.6,81,48
1785624241.3,82,47
1785624241.9,81,47
1785624243.8,82,19
1785624244.2,81,19
1785624246.1,81,7
1785624246.2,82,46
1785624246.7,82,17
1785624246.7,82,48
1785624247.0,82,40
1785624247.2,81,48
1785624247.4,82,2
1785624247.4,82,7
1785624247.6,81,40
1785624249.2,82,47
1785624249.3,82,48
1785624249.7,81,48
1785624249.9,81,47
1785624250.4,81,7
1785624250.5,82,40
1785624251.2,81,40
1785624251.4,82,7
1785624251.8,82,47
1785624252.5,81,47
1785624252.8,82,40
1785624253.1,81,40
1785624253.8,81,7
1785624254.3,82,7
1785624255.4,81,38
1785624255.4,82,40
1785624256.0,81,40
1785624256.3,82,48
1785624256.4,81,24
1785624256.7,81,7
1785624257.0,81,48
1785624259.4,82,47
1785624259.9,81,47
1785624261.7,82,48
1785624262.5,81,48
1785624262.5,82,19
1785624262.7,81,19
1785624265.0,82,47
1785624266.0,81,47
1785624270.4,82,36
1785624270.9,81,36
1785624272.5,82,35
1785624273.0,81,35
1785624274.5,82,36
1785624274.6,82,34
1785624274.9,81,36
1785624275.1,81,34
1785624276.5,82,35
1785624276.9,81,35
1785624278.2,82,33
1785624278.5,82,26
1785624278.6,82,34
1785624278.8,81,33
1785624279.1,81,34
1785624280.1,81,26
1785624282.1,82,33
1785624282.4,82,26
1785624282.9,81,33
1785624283.2,82,36
1785624283.7,81,36
1785624284.3,81,26
1785624285.3,82,35
1785624285.6,81,46
1785624285.8,81,35
1785624287.6,82,34
1785624287.7,82,43
1785624288.1,81,34
1785624288.6,82,8
1785624289.2,82,29
1785624289.3,82,46
1785624291.1,82,33
1785624291.4,82,26
1785624291.7,81,33
1785624291.7,81,46
1785624292.3,81,43
1785624292.7,81,26
1785624293.0,81,17
1785624293.4,81,2
1785624294.3,81,8
1785624294.6,82,43
1785624294.9,81,43
1785624295.2,81,29
1785624296.8,82,48
1785624297.3,81,48
1785624298.8,82,47
1785624299.2,81,47
