Local_Timestamp,Trigger_ID,Video_Filename,Rule_Type,Det_A,Det_B,Description
2026-08-02 09:39:25 MDT,c68a908216de4afbad363ef8fc740efe,c68a9082_fisheye_1785685167.ts,rule1_continuous_disagreement,46,17,"detector '46' ON, detector '17' OFF for 5.048s (threshold=5.0s)"
2026-08-02 09:39:34 MDT,2965c048cb8b45e3b3cfa8252237b98a,2965c048_fisheye_1785685175.ts,rule2_orphan_pulse,31,8,"orphan on detector '8': orphan pulse duration=4.8s window=[1785685159.514, 1785685174.315]"
2026-08-02 09:39:56 MDT,916bc126fa194cfe8f49d283199bda5d,916bc126_fisheye_1785685197.ts,rule1_continuous_disagreement,39,22,"detector '39' ON, detector '22' OFF for 5.04s (threshold=5.0s)"
2026-08-02 09:41:13 MDT,21599dd629344c7cb6191c145b4b5869,21599dd6_fisheye_1785685274.ts,rule2_orphan_pulse,38,24,"orphan on detector '38': orphan pulse duration=2.584s window=[1785685260.861, 1785685273.445]"
2026-08-02 09:41:44 MDT,bb1e32ebc8e5435ca595efe0f13d365c,9fd60c87_fisheye_1785685305.ts,rule1_continuous_disagreement,8,42,"detector '8' ON, detector '42' OFF for 5.031s (threshold=5.0s)"
2026-08-02 09:41:45 MDT,9fd60c87ec364d999628f8096bf41514,9fd60c87_fisheye_1785685305.ts,rule2_orphan_pulse,42,31,"orphan on detector '42': orphan pulse duration=1.137s window=[1785685293.998, 1785685305.135]"
2026-08-02 09:42:37 MDT,736abbbe57d343ada772af1635643dae,736abbbe_fisheye_1785685358.ts,rule1_continuous_disagreement,39,22,"detector '39' ON, detector '22' OFF for 5.05s (threshold=5.0s)"
2026-08-02 09:43:22 MDT,de76979ab3b0427f916be60f29858eca,de76979a_fisheye_1785685402.ts,rule1_continuous_disagreement,2,46,"detector '2' ON, detector '46' OFF for 5.058s (threshold=5.0s)"
2026-08-02 09:43:35 MDT,65ed0b3e6f324b64b86e60bb5280a5fd,65ed0b3e_fisheye_1785685416.ts,rule2_orphan_pulse,41,30,"orphan on detector '30': orphan pulse duration=1.1s window=[1785685404.766, 1785685415.867]"
2026-08-02 09:44:15 MDT,ecbf31298716467390e411e3da17bec7,ecbf3129_fisheye_1785685455.ts,rule1_continuous_disagreement,39,22,"detector '39' ON, detector '22' OFF for 5.057s (threshold=5.0s)"
2026-08-02 09:46:12 MDT,0628ecfb23e44cca95726ff0634c35ce,0628ecfb_fisheye_1785685573.ts,rule2_orphan_pulse,43,29,"orphan on detector '43': orphan pulse duration=1.835s window=[1785685560.474, 1785685572.309]"
2026-08-02 09:46:32 MDT,245349f6df3749a4ae9cb07e3ea9039d,245349f6_fisheye_1785685593.ts,rule1_continuous_disagreement,38,24,"detector '38' ON, detector '24' OFF for 5.047s (threshold=5.0s)"
2026-08-02 09:47:16 MDT,4fe10b829b02492e81b5b752a921d33f,4fe10b82_fisheye_1785685637.ts,rule2_orphan_pulse,31,8,"orphan on detector '8': orphan pulse duration=4.14s window=[1785685621.869, 1785685636.009]"
2026-08-02 09:52:03 MDT,ac57202a18974969bddf1df186870a92,ac57202a_fisheye_1785685923.ts,rule1_continuous_disagreement,39,22,"detector '39' ON, detector '22' OFF for 5.044s (threshold=5.0s)"
2026-08-02 09:52:31 MDT,f14e93960e8646a98286f0513c18b28a,f14e9396_fisheye_1785685952.ts,rule1_continuous_disagreement,31,8,"detector '8' ON, detector '31' OFF for 5.049s (threshold=5.0s)"
2026-08-02 09:52:54 MDT,f8a77b9648d448849e48017268fea79c,f8a77b96_fisheye_1785685976.ts,rule2_orphan_pulse,39,22,"orphan on detector '22': orphan pulse duration=1.479s window=[1785685963.245, 1785685974.724]"
2026-08-02 09:52:58 MDT,07fcf523b7ba4448a191e9cd9244baa7,07fcf523_fisheye_1785685978.ts,rule2_orphan_pulse,4,39,"orphan on detector '4': orphan pulse duration=0.743s window=[1785685967.303, 1785685978.045]"
2026-08-02 09:53:48 MDT,d62a9c1e1f6341489b1c66c5436ac80d,14c8f008_fisheye_1785686029.ts,rule2_orphan_pulse,39,22,"orphan on detector '22': orphan pulse duration=1.119s window=[1785686017.022, 1785686028.141]"
2026-08-02 09:53:48 MDT,14c8f008d628422899de0db319340d7c,14c8f008_fisheye_1785686029.ts,rule2_orphan_pulse,38,24,"orphan on detector '24': orphan pulse duration=0.746s window=[1785686018.141, 1785686028.886]"
2026-08-02 09:54:08 MDT,a414ebc623624507a1e39a3a29bcba86,a414ebc6_fisheye_1785686049.ts,rule1_continuous_disagreement,33,26,"detector '26' ON, detector '33' OFF for 5.039s (threshold=5.0s)"
2026-08-02 09:54:27 MDT,ed4922cf7db04bb4a0fae140266053b7,ee65655a_fisheye_1785686069.ts,rule2_orphan_pulse,41,30,"orphan on detector '30': orphan pulse duration=2.646s window=[1785686054.302, 1785686066.948]"
2026-08-02 09:54:28 MDT,ee65655aebcc4582964f021aaeca85d9,ee65655a_fisheye_1785686069.ts,rule2_orphan_pulse,3,41,"orphan on detector '3': orphan pulse duration=1.869s window=[1785686056.562, 1785686068.430]"
2026-08-02 09:56:02 MDT,43461b6d087b44be9a9075fd35e6af6e,43461b6d_fisheye_1785686163.ts,rule2_orphan_pulse,33,26,"orphan on detector '26': orphan pulse duration=1.494s window=[1785686150.550, 1785686162.044]"
2026-08-02 09:56:10 MDT,2477c14a47384690b94a4666ef8a6254,2477c14a_fisheye_1785686171.ts,rule1_continuous_disagreement,2,46,"detector '46' ON, detector '2' OFF for 5.046s (threshold=5.0s)"
2026-08-02 09:57:08 MDT,c7c5f1cfe0b14347a731442c8bdcf3cf,c7c5f1cf_fisheye_1785686228.ts,rule1_continuous_disagreement,39,22,"detector '39' ON, detector '22' OFF for 5.047s (threshold=5.0s)"
2026-08-02 09:57:24 MDT,a3ba883246894ce395a5e8aa781055e3,c7c5f1cf_fisheye_1785686228.ts,rule2_orphan_pulse,8,42,"orphan on detector '8': orphan pulse duration=4.905s window=[1785686229.171, 1785686244.076]"
2026-08-02 09:57:48 MDT,236d8b2c0e9b453caf8918240770a173,c7c5f1cf_fisheye_1785686228.ts,rule1_continuous_disagreement,2,46,"detector '2' ON, detector '46' OFF for 5.046s (threshold=5.0s)"
2026-08-02 09:58:52 MDT,761ee032734949139c608ac89946d6f5,761ee032_fisheye_1785686333.ts,rule1_continuous_disagreement,8,42,"detector '8' ON, detector '42' OFF for 5.039s (threshold=5.0s)"
2026-08-02 09:59:59 MDT,f3e9411aa0fa48f2868554d161327c79,f3e9411a_fisheye_1785686400.ts,rule1_continuous_disagreement,41,30,"detector '30' ON, detector '41' OFF for 5.06s (threshold=5.0s)"
2026-08-02 10:00:21 MDT,bdaca9db979c42429a582e71f7018110,bdaca9db_fisheye_1785686422.ts,rule2_orphan_pulse,43,29,"orphan on detector '29': orphan pulse duration=1.111s window=[1785686410.076, 1785686421.187]"
2026-08-02 10:00:23 MDT,a6e93a21aa0f41f78d0488f3ecfef5b0,bdaca9db_fisheye_1785686422.ts,rule1_continuous_disagreement,42,31,"detector '42' ON, detector '31' OFF for 5.092s (threshold=5.0s)"
2026-08-02 10:01:11 MDT,605b825ffcd346eda20c75a8b942ade7,605b825f_fisheye_1785686473.ts,rule2_orphan_pulse,33,26,"orphan on detector '26': orphan pulse duration=1.502s window=[1785686459.970, 1785686471.472]"
2026-08-02 10:02:30 MDT,295e10877e264370a3fe1f36f3c159d2,295e1087_fisheye_1785686552.ts,rule1_continuous_disagreement,31,8,"detector '8' ON, detector '31' OFF for 5.035s (threshold=5.0s)"
2026-08-02 10:03:11 MDT,7dcd1d99643d45eaa3d40919325ad1fd,7dcd1d99_fisheye_1785686592.ts,rule1_continuous_disagreement,39,22,"detector '39' ON, detector '22' OFF for 5.048s (threshold=5.0s)"
2026-08-02 10:03:53 MDT,b9cef620c14c4ef0aa7f41be4f0eb46a,b9cef620_fisheye_1785686633.ts,rule2_orphan_pulse,8,42,"orphan on detector '8': orphan pulse duration=1.097s window=[1785686621.948, 1785686633.045]"
2026-08-02 10:06:39 MDT,13f52096ad2344318b566543f3e09b78,13f52096_fisheye_1785686801.ts,rule1_continuous_disagreement,41,30,"detector '41' ON, detector '30' OFF for 5.043s (threshold=5.0s)"
2026-08-02 10:06:40 MDT,20c3af8307cc4efcb7c10e34278c2227,13f52096_fisheye_1785686801.ts,rule1_continuous_disagreement,3,41,"detector '41' ON, detector '3' OFF for 5.048s (threshold=5.0s)"
2026-08-02 10:09:09 MDT,52f47f9ec8a047e58992e25baaf47e07,52f47f9e_fisheye_1785686951.ts,rule2_orphan_pulse,31,8,"orphan on detector '8': orphan pulse duration=4.782s window=[1785686934.938, 1785686949.721]"
2026-08-02 10:09:24 MDT,2ba628ab61d74a14b150721e411759d8,2ba628ab_fisheye_1785686965.ts,rule2_orphan_pulse,41,30,"orphan on detector '30': orphan pulse duration=1.096s window=[1785686953.012, 1785686964.108]"
2026-08-02 10:11:24 MDT,71bb546a12144648a20ffddb51376052,71bb546a_fisheye_1785687085.ts,rule2_orphan_pulse,31,8,"orphan on detector '8': orphan pulse duration=4.631s window=[1785687070.161, 1785687084.792]"
2026-08-02 10:12:25 MDT,ebf3aaea35ea410980f1cd9e949d80a0,ebf3aaea_fisheye_1785687145.ts,rule1_continuous_disagreement,31,8,"detector '8' ON, detector '31' OFF for 5.052s (threshold=5.0s)"
2026-08-02 10:12:26 MDT,62eab7cef2c7464f959a909d4eda2c76,ebf3aaea_fisheye_1785687145.ts,rule1_continuous_disagreement,8,42,"detector '8' ON, detector '42' OFF for 5.047s (threshold=5.0s)"
2026-08-02 10:12:37 MDT,b559b06d41314ce2abe89d2e639557e8,b559b06d_fisheye_1785687158.ts,rule2_orphan_pulse,41,30,"orphan on detector '30': orphan pulse duration=1.136s window=[1785687146.784, 1785687157.920]"
2026-08-02 10:12:39 MDT,d090b9043ede4f61bda5b639f3f97d58,d090b904_fisheye_1785687160.ts,rule2_orphan_pulse,3,41,"orphan on detector '3': orphan pulse duration=1.459s window=[1785687148.284, 1785687159.743]"
2026-08-02 10:12:59 MDT,28f7a932440c4c01a879fa2449303c86,28f7a932_fisheye_1785687180.ts,rule1_continuous_disagreement,43,29,"detector '43' ON, detector '29' OFF for 5.041s (threshold=5.0s)"
2026-08-02 10:14:08 MDT,10497aebb2ef441c80c723cd8cc54164,10497aeb_fisheye_1785687249.ts,rule1_continuous_disagreement,41,30,"detector '41' ON, detector '30' OFF for 5.041s (threshold=5.0s)"
2026-08-02 10:14:09 MDT,14ff01161a1c47a28ee723fc96c146b4,10497aeb_fisheye_1785687249.ts,rule1_continuous_disagreement,3,41,"detector '41' ON, detector '3' OFF for 5.04s (threshold=5.0s)"
2026-08-02 10:15:38 MDT,8800ae26d8784ab6a05930fb39023363,8800ae26_fisheye_1785687338.ts,rule1_continuous_disagreement,8,42,"detector '8' ON, detector '42' OFF for 5.053s (threshold=5.0s)"
2026-08-02 10:15:49 MDT,a6ada6e376c24bdfa977a9c6dc9b4dfe,a6ada6e3_fisheye_1785687350.ts,rule1_continuous_disagreement,41,30,"detector '30' ON, detector '41' OFF for 5.044s (threshold=5.0s)"
2026-08-02 10:15:52 MDT,39374c59013a4391bce743b0f6dbbce6,39374c59_fisheye_1785687352.ts,rule2_orphan_pulse,42,31,"orphan on detector '31': orphan pulse duration=1.145s window=[1785687340.880, 1785687352.025]"
2026-08-02 10:16:20 MDT,c649e4e45a7b40d4a9c1468a52314a5b,c649e4e4_fisheye_1785687381.ts,rule2_orphan_pulse,30,3,"orphan on detector '3': orphan pulse duration=3.873s window=[1785687366.207, 1785687380.081]"
2026-08-02 10:16:38 MDT,4856beb15e874ff2b254abc4e550597c,4856beb1_fisheye_1785687399.ts,rule1_continuous_disagreement,31,8,"detector '8' ON, detector '31' OFF for 5.04s (threshold=5.0s)"
2026-08-02 10:16:43 MDT,3e1a17007afb4e7eb2f900ac3be781bc,3e1a1700_fisheye_1785687405.ts,rule2_orphan_pulse,8,42,"orphan on detector '8': orphan pulse duration=4.973s window=[1785687388.895, 1785687403.868]"
2026-08-02 10:16:57 MDT,74d3d7d3f6ae4573939df3e737e307a3,74d3d7d3_fisheye_1785687417.ts,rule2_orphan_pulse,41,30,"orphan on detector '30': orphan pulse duration=3.537s window=[1785687403.463, 1785687417.000]"
2026-08-02 10:17:58 MDT,c7b30d0da4b649619eab1a045eba5e86,c7b30d0d_fisheye_1785687478.ts,rule1_continuous_disagreement,31,8,"detector '8' ON, detector '31' OFF for 5.047s (threshold=5.0s)"
2026-08-02 10:19:13 MDT,21c46ce852b247bbb8900c4fca8191e6,21c46ce8_fisheye_1785687555.ts,rule1_continuous_disagreement,41,30,"detector '30' ON, detector '41' OFF for 5.04s (threshold=5.0s)"
2026-08-02 10:19:20 MDT,32fba74584024daf8f511bd469925578,32fba745_fisheye_1785687561.ts,rule1_continuous_disagreement,3,41,"detector '3' ON, detector '41' OFF for 5.046s (threshold=5.0s)"
2026-08-02 10:22:02 MDT,fcfd4e55306e4ef0bd20646a8a505f19,fcfd4e55_fisheye_1785687724.ts,rule2_orphan_pulse,33,26,"orphan on detector '26': orphan pulse duration=1.899s window=[1785687711.023, 1785687722.923]"
2026-08-02 10:25:38 MDT,f4513349932e4751a9e3c2a295128b4c,f4513349_fisheye_1785687939.ts,rule1_continuous_disagreement,39,22,"detector '39' ON, detector '22' OFF for 5.049s (threshold=5.0s)"
2026-08-02 10:26:46 MDT,809556f5dd1a449c8049980628e44719,809556f5_fisheye_1785688007.ts,rule2_orphan_pulse,31,8,"orphan on detector '8': orphan pulse duration=4.79s window=[1785687991.721, 1785688006.511]"
2026-08-02 10:29:54 MDT,05f94bf0d71d4e868479d74884ab620b,05f94bf0_fisheye_1785688194.ts,rule2_orphan_pulse,43,29,"orphan on detector '29': orphan pulse duration=1.522s window=[1785688182.875, 1785688194.397]"
2026-08-02 10:31:07 MDT,b098bfb7cb55404183a3ad75bd9c7c7a,b098bfb7_fisheye_1785688269.ts,rule1_continuous_disagreement,41,30,"detector '30' ON, detector '41' OFF for 5.043s (threshold=5.0s)"
2026-08-02 10:32:26 MDT,432c43d8565543b2be890f0b1b67c94b,432c43d8_fisheye_1785688346.ts,rule2_orphan_pulse,31,8,"orphan on detector '8': orphan pulse duration=4.869s window=[1785688331.297, 1785688346.166]"
2026-08-02 10:32:55 MDT,449ea6fb9c174e318b274d053a5d1535,449ea6fb_fisheye_1785688376.ts,rule1_continuous_disagreement,4,39,"detector '39' ON, detector '4' OFF for 5.045s (threshold=5.0s)"
2026-08-02 10:35:27 MDT,a329bd2d381e4142a8ecd21b88bf75e3,a329bd2d_fisheye_1785688528.ts,rule2_orphan_pulse,43,29,"orphan on detector '29': orphan pulse duration=1.842s window=[1785688516.124, 1785688527.966]"
2026-08-02 10:35:36 MDT,81ba7638146a495b988e808b9ddaa332,81ba7638_fisheye_1785688537.ts,rule2_orphan_pulse,43,29,"orphan on detector '29': orphan pulse duration=1.941s window=[1785688524.666, 1785688536.607]"
2026-08-02 10:38:27 MDT,33e5593903504de788bdd8d0c08bac65,33e55939_fisheye_1785688709.ts,rule2_orphan_pulse,43,29,"orphan on detector '43': orphan pulse duration=4.186s window=[1785688693.451, 1785688707.636]"
2026-08-02 10:38:34 MDT,9066e3afd47a4b2cb881e0790a4d5e4f,33e55939_fisheye_1785688709.ts,rule1_continuous_disagreement,31,8,"detector '8' ON, detector '31' OFF for 5.037s (threshold=5.0s)"
2026-08-02 10:41:05 MDT,5b4aa7fb765049f2aa857dae676e6bf9,5b4aa7fb_fisheye_1785688867.ts,rule1_continuous_disagreement,31,8,"detector '8' ON, detector '31' OFF for 5.05s (threshold=5.0s)"
2026-08-02 10:41:18 MDT,64073d46a3ac47f788a6407222eef025,64073d46_fisheye_1785688879.ts,rule1_continuous_disagreement,33,26,"detector '26' ON, detector '33' OFF for 5.041s (threshold=5.0s)"
2026-08-02 10:42:47 MDT,8854ff2c71584ad3b0317b730d58a94a,8854ff2c_fisheye_1785688968.ts,rule1_continuous_disagreement,31,8,"detector '8' ON, detector '31' OFF for 5.034s (threshold=5.0s)"
2026-08-02 10:43:09 MDT,6905ebc0f54c42039aa0edd21148de00,6905ebc0_fisheye_1785688989.ts,rule2_orphan_pulse,42,31,"orphan on detector '31': orphan pulse duration=0.749s window=[1785688978.374, 1785688989.124]"
2026-08-02 10:43:15 MDT,b235dbd432774b779a313a1a668587c4,b235dbd4_fisheye_1785688997.ts,rule2_orphan_pulse,42,31,"orphan on detector '31': orphan pulse duration=1.495s window=[1785688984.335, 1785688995.829]"
2026-08-02 10:44:02 MDT,01eaa544c96e4503adaaf188879a2cc7,01eaa544_fisheye_1785689044.ts,rule1_continuous_disagreement,39,22,"detector '39' ON, detector '22' OFF for 5.038s (threshold=5.0s)"
2026-08-02 10:45:21 MDT,35296d04a72346678df2aad5d137d43b,35296d04_fisheye_1785689123.ts,rule2_orphan_pulse,42,31,"orphan on detector '42': orphan pulse duration=0.751s window=[1785689110.768, 1785689121.519]"
2026-08-02 10:46:22 MDT,cfa4ac44ed9841e99d8a4796c26f8221,cfa4ac44_fisheye_1785689183.ts,rule1_continuous_disagreement,33,26,"detector '26' ON, detector '33' OFF for 5.049s (threshold=5.0s)"
2026-08-02 10:46:52 MDT,145698d6260a4a9ca6346f8c7399274e,145698d6_fisheye_1785689214.ts,rule1_continuous_disagreement,39,22,"detector '22' ON, detector '39' OFF for 5.042s (threshold=5.0s)"
2026-08-02 10:47:44 MDT,1f9456e430c647efb2f78b3097aab1c2,1f9456e4_fisheye_1785689265.ts,rule2_orphan_pulse,2,46,"orphan on detector '46': orphan pulse duration=0.752s window=[1785689253.818, 1785689264.570]"
2026-08-02 10:47:46 MDT,55c9d242f2af472ebc168a4cfb4cdd8a,55c9d242_fisheye_1785689267.ts,rule2_orphan_pulse,17,2,"orphan on detector '17': orphan pulse duration=1.462s window=[1785689254.570, 1785689266.031]"
2026-08-02 10:48:03 MDT,f66d6fb8a17a4ee8a692b9af3a46f560,f66d6fb8_fisheye_1785689285.ts,rule1_continuous_disagreement,39,22,"detector '39' ON, detector '22' OFF for 5.052s (threshold=5.0s)"
2026-08-02 10:48:32 MDT,6c186e697c6b4ccdaf03ca83e5350695,6c186e69_fisheye_1785689313.ts,rule2_orphan_pulse,43,29,"orphan on detector '29': orphan pulse duration=0.762s window=[1785689302.005, 1785689312.767]"
2026-08-02 10:49:42 MDT,6b1e2494cd7a4f30adb828ca5fdedcc1,6b1e2494_fisheye_1785689382.ts,rule1_continuous_disagreement,39,22,"detector '39' ON, detector '22' OFF for 5.041s (threshold=5.0s)"
2026-08-02 10:49:50 MDT,5fead57ca699458db9070701975e5342,6b1e2494_fisheye_1785689382.ts,rule2_orphan_pulse,33,26,"orphan on detector '26': orphan pulse duration=1.246s window=[1785689379.690, 1785689390.936]"
2026-08-02 10:51:56 MDT,246e6821e23943bbbaf57804e7448aea,246e6821_fisheye_1785689516.ts,rule1_continuous_disagreement,38,24,"detector '38' ON, detector '24' OFF for 5.036s (threshold=5.0s)"
2026-08-02 10:52:27 MDT,20fc00a909b347118a005d1274c359cc,20fc00a9_fisheye_1785689549.ts,rule1_continuous_disagreement,31,8,"detector '8' ON, detector '31' OFF for 5.046s (threshold=5.0s)"
2026-08-02 10:52:41 MDT,8fbf02450c4746dbb619ebb200f81bb8,8fbf0245_fisheye_1785689563.ts,rule2_orphan_pulse,41,30,"orphan on detector '30': orphan pulse duration=1.494s window=[1785689550.399, 1785689561.893]"
2026-08-02 10:53:25 MDT,25da8f53283e47d9b97d7ec32b55586f,25da8f53_fisheye_1785689605.ts,rule1_continuous_disagreement,39,22,"detector '39' ON, detector '22' OFF for 5.048s (threshold=5.0s)"
2026-08-02 10:53:38 MDT,dbb3a5308a474aa2b28b62c1ddcfad56,dbb3a530_fisheye_1785689620.ts,rule2_orphan_pulse,41,30,"orphan on detector '30': orphan pulse duration=0.756s window=[1785689607.421, 1785689618.178]"
2026-08-02 10:55:35 MDT,14648f1f70b849839651acb4e619a3c1,14648f1f_fisheye_1785689735.ts,rule2_orphan_pulse,17,2,"orphan on detector '2': orphan pulse duration=0.753s window=[1785689724.365, 1785689735.118]"
2026-08-02 10:55:35 MDT,b4e820e84ddb49bc81b8da29db2e6608,b4e820e8_fisheye_1785689735.ts,rule1_continuous_disagreement,39,22,"detector '39' ON, detector '22' OFF for 5.056s (threshold=5.0s)"
2026-08-02 10:56:47 MDT,381dadf021a7429483f7adacefd3bd45,381dadf0_fisheye_1785689808.ts,rule1_continuous_disagreement,46,17,"detector '17' ON, detector '46' OFF for 5.044s (threshold=5.0s)"
2026-08-02 10:57:20 MDT,521cea6596ea43e1be4da1d0b3942983,521cea65_fisheye_1785689841.ts,rule1_continuous_disagreement,31,8,"detector '8' ON, detector '31' OFF for 5.056s (threshold=5.0s)"
2026-08-02 10:57:54 MDT,4d62b1765ef440e9abea68af6696f509,4d62b176_fisheye_1785689875.ts,rule2_orphan_pulse,41,30,"orphan on detector '30': orphan pulse duration=2.604s window=[1785689861.492, 1785689874.096]"
2026-08-02 10:57:55 MDT,259ebf992c9740c0bf3964db0dd92ce6,4d62b176_fisheye_1785689875.ts,rule2_orphan_pulse,3,41,"orphan on detector '3': orphan pulse duration=2.202s window=[1785689863.365, 1785689875.567]"
2026-08-02 10:59:48 MDT,1b9466f97c54409b88306c20b52cbfbc,1b9466f9_fisheye_1785689989.ts,rule2_orphan_pulse,31,8,"orphan on detector '8': orphan pulse duration=4.133s window=[1785689974.177, 1785689988.311]"
2026-08-02 11:00:10 MDT,3b1a4d9540bd45118fa3c2c3e7626fce,3b1a4d95_fisheye_1785690011.ts,rule1_continuous_disagreement,39,22,"detector '39' ON, detector '22' OFF for 5.039s (threshold=5.0s)"
2026-08-02 11:01:01 MDT,b8fd53698a5441e4ac0ceff03dfea5ee,3b1a4d95_fisheye_1785690011.ts,rule2_orphan_pulse,33,26,"orphan on detector '26': orphan pulse duration=2.656s window=[1785690049.089, 1785690061.744]"
2026-08-02 11:03:09 MDT,3c95c7f1286a4bd89f84f4ac521fb278,3c95c7f1_fisheye_1785690190.ts,rule1_continuous_disagreement,31,8,"detector '8' ON, detector '31' OFF for 5.041s (threshold=5.0s)"
2026-08-02 11:03:27 MDT,0e4b15f3f9824d438c77faf2544e42ab,0e4b15f3_fisheye_1785690208.ts,rule1_continuous_disagreement,39,22,"detector '39' ON, detector '22' OFF for 5.043s (threshold=5.0s)"
2026-08-02 11:03:36 MDT,6ec9448654714c3887403d59dce59ab8,6ec94486_fisheye_1785690218.ts,rule2_orphan_pulse,42,31,"orphan on detector '31': orphan pulse duration=1.482s window=[1785690205.400, 1785690216.882]"
2026-08-02 11:04:35 MDT,cad86ccaf11e4dcf84bdbe08b5ce4dfb,cad86cca_fisheye_1785690277.ts,rule2_orphan_pulse,31,8,"orphan on detector '8': orphan pulse duration=4.885s window=[1785690260.501, 1785690275.386]"
2026-08-02 11:05:54 MDT,7f73e6f779834a2981dbc10aad7909c0,7f73e6f7_fisheye_1785690354.ts,rule1_continuous_disagreement,41,30,"detector '30' ON, detector '41' OFF for 5.041s (threshold=5.0s)"
2026-08-02 11:06:12 MDT,284608b0825d469cb4f56b4b23330fdf,284608b0_fisheye_1785690374.ts,rule2_orphan_pulse,43,29,"orphan on detector '29': orphan pulse duration=0.761s window=[1785690362.202, 1785690372.963]"
2026-08-02 11:06:19 MDT,a0f2a900ea30466d957fd8ac4602be56,a0f2a900_fisheye_1785690380.ts,rule2_orphan_pulse,43,29,"orphan on detector '29': orphan pulse duration=0.779s window=[1785690368.511, 1785690379.290]"
2026-08-02 11:07:13 MDT,d69ca0373d5a4044941aacc5267a4d3f,d69ca037_fisheye_1785690435.ts,rule1_continuous_disagreement,31,8,"detector '8' ON, detector '31' OFF for 5.045s (threshold=5.0s)"
2026-08-02 11:07:27 MDT,e57fd2b5097d49e7baec66172c71d5f5,e57fd2b5_fisheye_1785690449.ts,rule2_orphan_pulse,41,30,"orphan on detector '30': orphan pulse duration=1.106s window=[1785690436.627, 1785690447.732]"
2026-08-02 11:07:34 MDT,47e97d83222542bbafa7af4af8d0c5f7,47e97d83_fisheye_1785690455.ts,rule1_continuous_disagreement,46,17,"detector '17' ON, detector '46' OFF for 5.054s (threshold=5.0s)"
2026-08-02 11:08:10 MDT,abf3c493427d43c89eceb10e32187b1c,47e97d83_fisheye_1785690455.ts,rule1_continuous_disagreement,8,42,"detector '8' ON, detector '42' OFF for 5.038s (threshold=5.0s)"
2026-08-02 11:08:24 MDT,25b1ac8d00304ca98bd824c1800be863,25b1ac8d_fisheye_1785690504.ts,rule2_orphan_pulse,30,3,"orphan on detector '3': orphan pulse duration=2.561s window=[1785690491.437, 1785690503.998]"
2026-08-02 11:09:03 MDT,c459f4dfce8b49c0afb143089c3bd59e,c459f4df_fisheye_1785690545.ts,rule1_continuous_disagreement,33,26,"detector '26' ON, detector '33' OFF for 5.045s (threshold=5.0s)"
2026-08-02 11:09:39 MDT,56cc04df4b1e4b02a2351aa0671b2bb6,56cc04df_fisheye_1785690581.ts,rule1_continuous_disagreement,41,30,"detector '41' ON, detector '30' OFF for 5.047s (threshold=5.0s)"
2026-08-02 11:09:57 MDT,d965dbfa70aa4b4db59e4bb3989ae058,56cc04df_fisheye_1785690581.ts,rule1_continuous_disagreement,31,8,"detector '8' ON, detector '31' OFF for 5.044s (threshold=5.0s)"
2026-08-02 11:10:56 MDT,202aa8a1220140b8944cb9953a710d7b,56cc04df_fisheye_1785690581.ts,rule2_orphan_pulse,42,31,"orphan on detector '31': orphan pulse duration=2.61s window=[1785690643.520, 1785690656.130]"
2026-08-02 11:11:28 MDT,8ec070f22ed84a71969073f2f6fcc8db,8ec070f2_fisheye_1785690689.ts,rule2_orphan_pulse,41,30,"orphan on detector '30': orphan pulse duration=1.096s window=[1785690677.822, 1785690688.919]"
2026-08-02 11:37:52 MDT,797d7d82a22249cdb784adf49f35ab0f,797d7d82_fisheye_1785692272.ts,rule2_orphan_pulse,30,3,"orphan on detector '3': orphan pulse duration=2.275s window=[1785692259.769, 1785692272.044]"
2026-08-02 11:38:53 MDT,7d4a195ee72e4e2ea6abbc3942427b98,7d4a195e_fisheye_1785692335.ts,rule2_orphan_pulse,30,3,"orphan on detector '3': orphan pulse duration=3.0s window=[1785692320.781, 1785692333.782]"
2026-08-02 11:40:35 MDT,6fd8634e39d84a7791a351724839f115,6fd8634e_fisheye_1785692436.ts,rule1_continuous_disagreement,31,8,"detector '8' ON, detector '31' OFF for 5.042s (threshold=5.0s)"
2026-08-02 11:40:40 MDT,1c32535cd19045aa98da8f2db8c9728e,1c32535c_fisheye_1785692442.ts,rule1_continuous_disagreement,2,46,"detector '46' ON, detector '2' OFF for 5.057s (threshold=5.0s)"
2026-08-02 11:42:10 MDT,e5f3a530684343bb9352c221318c0187,e5f3a530_fisheye_1785692531.ts,rule1_continuous_disagreement,39,22,"detector '39' ON, detector '22' OFF for 5.032s (threshold=5.0s)"
2026-08-02 11:42:29 MDT,93a4b3714a6c4730a1fc4fbdcc373015,e5f3a530_fisheye_1785692531.ts,rule1_continuous_disagreement,8,42,"detector '8' ON, detector '42' OFF for 5.051s (threshold=5.0s)"
2026-08-02 11:42:36 MDT,052bccdcbecd4091a1d9e20321e526c7,e5f3a530_fisheye_1785692531.ts,rule2_orphan_pulse,42,31,"orphan on detector '31': orphan pulse duration=0.964s window=[1785692545.092, 1785692556.056]"
2026-08-02 11:43:04 MDT,7580492ee81e4996a7a8877b90670c61,e5f3a530_fisheye_1785692531.ts,rule1_continuous_disagreement,46,17,"detector '17' ON, detector '46' OFF for 5.039s (threshold=5.0s)"
2026-08-02 11:43:45 MDT,9988f818c4834f9b8bb5534d378a119a,e5f3a530_fisheye_1785692531.ts,rule2_orphan_pulse,31,8,"orphan on detector '8': orphan pulse duration=4.875s window=[1785692610.152, 1785692625.026]"
2026-08-02 11:44:56 MDT,a041467da8664ea6ab0b18c8f858d936,a041467d_fisheye_1785692697.ts,rule1_continuous_disagreement,8,42,"detector '8' ON, detector '42' OFF for 5.038s (threshold=5.0s)"
2026-08-02 11:45:03 MDT,8a98ba9abddd4b9294d67e786a4882ea,8a98ba9a_fisheye_1785692704.ts,rule2_orphan_pulse,42,31,"orphan on detector '31': orphan pulse duration=0.665s window=[1785692692.973, 1785692703.638]"
2026-08-02 11:45:32 MDT,6e577d23209f464b868a9c456b826d4c,4734b70f_fisheye_1785692734.ts,rule2_orphan_pulse,33,26,"orphan on detector '26': orphan pulse duration=1.671s window=[1785692720.533, 1785692732.204]"
2026-08-02 11:45:34 MDT,4734b70feabe4c68bb3c73adb087a77c,4734b70f_fisheye_1785692734.ts,rule2_orphan_pulse,42,31,"orphan on detector '42': orphan pulse duration=1.606s window=[1785692722.546, 1785692734.152]"
2026-08-02 11:46:13 MDT,6b284fcd979b42f29a0fe514c1b7869b,6b284fcd_fisheye_1785692775.ts,rule1_continuous_disagreement,31,8,"detector '8' ON, detector '31' OFF for 5.041s (threshold=5.0s)"
2026-08-02 11:46:20 MDT,425d4cb5b19b4f2288fed40c624f9364,425d4cb5_fisheye_1785692781.ts,rule2_orphan_pulse,33,26,"orphan on detector '26': orphan pulse duration=1.001s window=[1785692769.039, 1785692780.040]"
2026-08-02 11:46:38 MDT,1bb999e912934b05b3891b23ba08e5fd,1bb999e9_fisheye_1785692799.ts,rule2_orphan_pulse,42,31,"orphan on detector '42': orphan pulse duration=0.988s window=[1785692787.150, 1785692798.138]"
2026-08-02 11:46:50 MDT,497e44ca43ee4c9e9a8d96188921a406,497e44ca_fisheye_1785692811.ts,rule2_orphan_pulse,33,26,"orphan on detector '26': orphan pulse duration=1.651s window=[1785692799.099, 1785692810.750]"
2026-08-02 11:47:13 MDT,78520e9cd3b148e2b6cac13aa6fbd905,78520e9c_fisheye_1785692833.ts,rule1_continuous_disagreement,39,22,"detector '39' ON, detector '22' OFF for 5.046s (threshold=5.0s)"
2026-08-02 11:47:51 MDT,63da0abf65fc4244b67ec6171c7eeedd,78520e9c_fisheye_1785692833.ts,rule2_orphan_pulse,42,31,"orphan on detector '42': orphan pulse duration=1.995s window=[1785692859.219, 1785692871.215]"
2026-08-02 11:48:19 MDT,5f1f3e53c4b14ec6bb0d8a0af75dfe23,78520e9c_fisheye_1785692833.ts,rule2_orphan_pulse,42,31,"orphan on detector '42': orphan pulse duration=0.671s window=[1785692889.175, 1785692899.846]"
2026-08-02 11:48:47 MDT,6f741d85f5a44afa8898569697c8de46,78520e9c_fisheye_1785692833.ts,rule2_orphan_pulse,30,3,"orphan on detector '3': orphan pulse duration=0.66s window=[1785692917.268, 1785692927.928]"
2026-08-02 11:49:37 MDT,a60eec2af7bf4fdb8525a50170b2f131,78520e9c_fisheye_1785692833.ts,rule2_orphan_pulse,41,30,"orphan on detector '30': orphan pulse duration=1.325s window=[1785692965.619, 1785692976.943]"
2026-08-02 11:50:34 MDT,518144cd62a94247b6f4768fc23a9a8a,518144cd_fisheye_1785693036.ts,rule2_orphan_pulse,30,3,"orphan on detector '3': orphan pulse duration=2.967s window=[1785693021.743, 1785693034.710]"
2026-08-02 11:51:52 MDT,cffa5b0c600f423d919141d62586879f,cffa5b0c_fisheye_1785693113.ts,rule1_continuous_disagreement,46,17,"detector '17' ON, detector '46' OFF for 5.042s (threshold=5.0s)"
2026-08-02 11:52:17 MDT,a868c17f196c4e2c893e603e15e0e836,a868c17f_fisheye_1785693137.ts,rule1_continuous_disagreement,31,8,"detector '8' ON, detector '31' OFF for 5.047s (threshold=5.0s)"
2026-08-02 11:52:21 MDT,116f1db9f3f04944a80d30efdff5ae66,116f1db9_fisheye_1785693142.ts,rule1_continuous_disagreement,41,30,"detector '30' ON, detector '41' OFF for 5.055s (threshold=5.0s)"
2026-08-02 11:53:26 MDT,2f095b11a4724e7abd3de14f183a4370,2f095b11_fisheye_1785693206.ts,rule2_orphan_pulse,43,29,"orphan on detector '29': orphan pulse duration=0.728s window=[1785693195.749, 1785693206.477]"
2026-08-02 11:53:38 MDT,744cd4ab84104b91bd43e3af74228b25,744cd4ab_fisheye_1785693219.ts,rule1_continuous_disagreement,42,31,"detector '31' ON, detector '42' OFF for 5.057s (threshold=5.0s)"
2026-08-02 11:53:55 MDT,5838b15ec9b44d0caa3e7988df165e5b,5838b15e_fisheye_1785693235.ts,rule2_orphan_pulse,43,29,"orphan on detector '29': orphan pulse duration=1.961s window=[1785693223.133, 1785693235.094]"
2026-08-02 11:55:18 MDT,0748b70a756e4118999a26b59acf845f,0748b70a_fisheye_1785693318.ts,rule1_continuous_disagreement,8,42,"detector '8' ON, detector '42' OFF for 5.056s (threshold=5.0s)"
2026-08-02 11:55:25 MDT,ab42951e845646148a25bbc97bbf8e5a,ab42951e_fisheye_1785693326.ts,rule2_orphan_pulse,42,31,"orphan on detector '31': orphan pulse duration=1.291s window=[1785693314.519, 1785693325.811]"
2026-08-02 11:56:41 MDT,f02ef323a8cc435fa60b6500be75547b,f02ef323_fisheye_1785693401.ts,rule1_continuous_disagreement,31,8,"detector '8' ON, detector '31' OFF for 5.035s (threshold=5.0s)"
2026-08-02 11:56:48 MDT,bf11dc6d91084f97811a65b637d47d5c,8f79b558_fisheye_1785693411.ts,rule1_continuous_disagreement,30,3,"detector '3' ON, detector '30' OFF for 5.047s (threshold=5.0s)"
2026-08-02 11:56:49 MDT,8f79b558a6ae415ab0c01c47d70e1034,8f79b558_fisheye_1785693411.ts,rule2_orphan_pulse,41,30,"orphan on detector '41': orphan pulse duration=0.984s window=[1785693398.771, 1785693409.755]"
2026-08-02 11:57:21 MDT,6077cee690344d1ab9b43153d05e3df1,6077cee6_fisheye_1785693442.ts,rule2_orphan_pulse,42,31,"orphan on detector '31': orphan pulse duration=1.954s window=[1785693429.859, 1785693441.813]"
2026-08-02 11:58:17 MDT,8f5f0e1135d24050be3ecaf7ccb16dc9,8f5f0e11_fisheye_1785693499.ts,rule1_continuous_disagreement,41,30,"detector '41' ON, detector '30' OFF for 5.046s (threshold=5.0s)"
2026-08-02 11:58:18 MDT,b9eae5c9d0c649a387f0b39853ea058c,b9eae5c9_fisheye_1785693499.ts,rule1_continuous_disagreement,3,41,"detector '41' ON, detector '3' OFF for 5.05s (threshold=5.0s)"
2026-08-02 11:59:59 MDT,6a8e231101954906bb8b5eb2881acba3,6a8e2311_fisheye_1785693600.ts,rule2_orphan_pulse,43,29,"orphan on detector '29': orphan pulse duration=0.981s window=[1785693588.274, 1785693599.255]"
2026-08-02 12:00:13 MDT,0ea69c8cf1374780bb08fedf7f7ea773,0ea69c8c_fisheye_1785693614.ts,rule2_orphan_pulse,30,3,"orphan on detector '3': orphan pulse duration=2.571s window=[1785693601.273, 1785693613.844]"
2026-08-02 12:00:32 MDT,9abd338829384951832ba8a22790e55d,9abd3388_fisheye_1785693632.ts,rule1_continuous_disagreement,41,30,"detector '30' ON, detector '41' OFF for 5.044s (threshold=5.0s)"
2026-08-02 12:01:18 MDT,d504ee4640f94f76abc6a3bf5edc1c2e,d504ee46_fisheye_1785693679.ts,rule1_continuous_disagreement,3,41,"detector '3' ON, detector '41' OFF for 5.049s (threshold=5.0s)"
2026-08-02 12:02:49 MDT,22a377a9a3034da697421bf1cac995bf,22a377a9_fisheye_1785693770.ts,rule2_orphan_pulse,30,3,"orphan on detector '3': orphan pulse duration=3.972s window=[1785693755.960, 1785693769.931]"
2026-08-02 12:04:08 MDT,97541d5835894be099834901dc1f9a89,97541d58_fisheye_1785693849.ts,rule1_continuous_disagreement,33,26,"detector '26' ON, detector '33' OFF for 5.045s (threshold=5.0s)"
2026-08-02 12:04:32 MDT,1e9e47030bc9440ea4cbc04a89ab1265,1e9e4703_fisheye_1785693874.ts,rule1_continuous_disagreement,46,17,"detector '17' ON, detector '46' OFF for 5.05s (threshold=5.0s)"
2026-08-02 12:04:55 MDT,849129e59e9d4942a41e545ba32ccc4f,849129e5_fisheye_1785693896.ts,rule1_continuous_disagreement,8,42,"detector '8' ON, detector '42' OFF for 5.048s (threshold=5.0s)"
2026-08-02 12:04:55 MDT,d5c57f8c932348c2b1a7396b26bc0334,849129e5_fisheye_1785693896.ts,rule1_continuous_disagreement,43,29,"detector '29' ON, detector '43' OFF for 5.056s (threshold=5.0s)"
2026-08-02 12:05:04 MDT,712d7e6e7f304e88a154f4ae5d0e52e4,712d7e6e_fisheye_1785693904.ts,rule2_orphan_pulse,22,4,"orphan on detector '4': orphan pulse duration=1.044s window=[1785693893.006, 1785693904.050]"
2026-08-02 12:05:05 MDT,23a4c65b87344924859b4231055fc52a,23a4c65b_fisheye_1785693906.ts,rule2_orphan_pulse,39,22,"orphan on detector '39': orphan pulse duration=2.018s window=[1785693893.346, 1785693905.364]"
2026-08-02 12:05:32 MDT,c102fb82689d4cd6ab1b685747426457,c102fb82_fisheye_1785693933.ts,rule2_orphan_pulse,43,29,"orphan on detector '29': orphan pulse duration=2.074s window=[1785693920.511, 1785693932.585]"
2026-08-02 12:06:10 MDT,4e1b4e73b64044e58d0651f0320428ea,4e1b4e73_fisheye_1785693971.ts,rule1_continuous_disagreement,39,22,"detector '39' ON, detector '22' OFF for 5.048s (threshold=5.0s)"
2026-08-02 12:06:59 MDT,8c620b4efe0e41e98f5e7beae805e1b8,4e1b4e73_fisheye_1785693971.ts,rule2_orphan_pulse,30,3,"orphan on detector '3': orphan pulse duration=2.903s window=[1785694006.386, 1785694019.289]"
2026-08-02 12:07:51 MDT,f7266214caf048bcb88ab7dee472de3c,f7266214_fisheye_1785694073.ts,rule1_continuous_disagreement,31,8,"detector '8' ON, detector '31' OFF for 5.036s (threshold=5.0s)"
2026-08-02 12:08:03 MDT,5393d6104d7b44fb81aceea285087665,5393d610_fisheye_1785694083.ts,rule2_orphan_pulse,30,3,"orphan on detector '3': orphan pulse duration=3.256s window=[1785694069.704, 1785694082.961]"
2026-08-02 12:08:14 MDT,e4610442a3d8480caffea06e7d0fc24c,e4610442_fisheye_1785694095.ts,rule2_orphan_pulse,41,30,"orphan on detector '30': orphan pulse duration=4.527s window=[1785694080.082, 1785694094.609]"
2026-08-02 12:08:30 MDT,b9da00808b004084a5458fe506ac1ca3,b9da0080_fisheye_1785694111.ts,rule1_continuous_disagreement,30,3,"detector '3' ON, detector '30' OFF for 5.039s (threshold=5.0s)"
2026-08-02 12:08:59 MDT,45f8e41f5ffb4806a6edab286cc79d43,45f8e41f_fisheye_1785694139.ts,rule1_continuous_disagreement,39,22,"detector '39' ON, detector '22' OFF for 5.041s (threshold=5.0s)"
2026-08-02 12:09:12 MDT,21dd49e711614fbcb89b872cc6abeadc,45f8e41f_fisheye_1785694139.ts,rule2_orphan_pulse,30,3,"orphan on detector '3': orphan pulse duration=2.329s window=[1785694139.980, 1785694152.309]"
2026-08-02 12:10:00 MDT,b24096bad53345e7a22bbf4c3836b3bf,45f8e41f_fisheye_1785694139.ts,rule2_orphan_pulse,30,3,"orphan on detector '3': orphan pulse duration=1.018s window=[1785694189.311, 1785694200.329]"
2026-08-02 12:10:24 MDT,d5cca0e84f0f4daaa2e466fabd787fd2,45f8e41f_fisheye_1785694139.ts,rule1_continuous_disagreement,31,8,"detector '8' ON, detector '31' OFF for 5.051s (threshold=5.0s)"
2026-08-02 12:10:46 MDT,4d3f0cff16484000b73c40a03c0a6480,4d3f0cff_fisheye_1785694247.ts,rule2_orphan_pulse,41,30,"orphan on detector '30': orphan pulse duration=1.58s window=[1785694235.065, 1785694246.646]"
2026-08-02 12:10:50 MDT,f7df2d39f2aa45a895f96ba86ac14e77,f7df2d39_fisheye_1785694251.ts,rule2_orphan_pulse,31,8,"orphan on detector '8': orphan pulse duration=2.009s window=[1785694237.949, 1785694249.958]"
2026-08-02 12:12:16 MDT,20782584259a4224ae41aa47a185d402,20782584_fisheye_1785694338.ts,rule1_continuous_disagreement,8,42,"detector '8' ON, detector '42' OFF for 5.043s (threshold=5.0s)"
2026-08-02 12:12:20 MDT,46393bba594b4f61b802fdea5a817f96,46393bba_fisheye_1785694340.ts,rule1_continuous_disagreement,46,17,"detector '17' ON, detector '46' OFF for 5.045s (threshold=5.0s)"
2026-08-02 12:12:23 MDT,2ea9b6d77e064775a6eb1364eac584fa,46393bba_fisheye_1785694340.ts,rule2_orphan_pulse,42,31,"orphan on detector '31': orphan pulse duration=1.281s window=[1785694332.588, 1785694343.868]"
2026-08-02 12:12:47 MDT,f569af04b27445e2b77165894c9c71c8,f569af04_fisheye_1785694367.ts,rule1_continuous_disagreement,41,30,"detector '30' ON, detector '41' OFF for 5.039s (threshold=5.0s)"
2026-08-02 12:12:49 MDT,5435d6057b2a461782e5a49fdeeaca8c,f569af04_fisheye_1785694367.ts,rule2_orphan_pulse,42,31,"orphan on detector '31': orphan pulse duration=1.297s window=[1785694358.581, 1785694369.878]"
2026-08-02 12:13:23 MDT,b1149636be31443e867e12f28163b753,f569af04_fisheye_1785694367.ts,rule1_continuous_disagreement,8,42,"detector '8' ON, detector '42' OFF for 5.034s (threshold=5.0s)"
2026-08-02 12:13:47 MDT,d8b26391522348988a51dce96bc4d65a,d8b26391_fisheye_1785694429.ts,rule2_orphan_pulse,43,29,"orphan on detector '29': orphan pulse duration=0.979s window=[1785694416.921, 1785694427.900]"
2026-08-02 12:15:10 MDT,907afce26e19452db0d1dd1985ee4a49,907afce2_fisheye_1785694511.ts,rule1_continuous_disagreement,46,17,"detector '17' ON, detector '46' OFF for 5.03s (threshold=5.0s)"
2026-08-02 12:15:20 MDT,fd9ff514cf414f35a9111501045e08b4,907afce2_fisheye_1785694511.ts,rule1_continuous_disagreement,31,8,"detector '8' ON, detector '31' OFF for 5.043s (threshold=5.0s)"
2026-08-02 12:16:04 MDT,b3ac699d5b914f149799c00420e2f616,907afce2_fisheye_1785694511.ts,rule2_orphan_pulse,8,42,"orphan on detector '8': orphan pulse duration=1.356s window=[1785694552.748, 1785694564.105]"
2026-08-02 12:16:27 MDT,12bf35061236403089920aad00ca906f,12bf3506_fisheye_1785694588.ts,rule1_continuous_disagreement,31,8,"detector '8' ON, detector '31' OFF for 5.075s (threshold=5.0s)"
2026-08-02 12:17:16 MDT,c8f2f44ab51d470db53032e8bb822712,c8f2f44a_fisheye_1785694636.ts,rule2_orphan_pulse,30,3,"orphan on detector '3': orphan pulse duration=4.77s window=[1785694621.493, 1785694636.262]"
2026-08-02 12:17:23 MDT,e47aa80380514edc89d0409edffcdb3c,e47aa803_fisheye_1785694644.ts,rule1_continuous_disagreement,33,26,"detector '26' ON, detector '33' OFF for 5.044s (threshold=5.0s)"
2026-08-02 12:17:47 MDT,226d4276501c4b0cbf8ef592253c0c69,226d4276_fisheye_1785694669.ts,rule2_orphan_pulse,31,8,"orphan on detector '8': orphan pulse duration=4.316s window=[1785694653.302, 1785694667.618]"
2026-08-02 12:18:34 MDT,eb5aa9d8e7314084b409efb24323c155,eb5aa9d8_fisheye_1785694715.ts,rule1_continuous_disagreement,46,17,"detector '17' ON, detector '46' OFF for 5.034s (threshold=5.0s)"
2026-08-02 12:18:40 MDT,696b76d6809f4d2c9ee9d0684663e651,eb5aa9d8_fisheye_1785694715.ts,rule1_continuous_disagreement,8,42,"detector '8' ON, detector '42' OFF for 5.047s (threshold=5.0s)"
2026-08-02 12:18:46 MDT,2959328c7bcf4c059f75037adbcfde5b,eb5aa9d8_fisheye_1785694715.ts,rule2_orphan_pulse,42,31,"orphan on detector '31': orphan pulse duration=2.037s window=[1785694714.581, 1785694726.618]"
2026-08-02 12:19:37 MDT,bf9bef2f43194d1c8877d0b5a45b0d04,bf9bef2f_fisheye_1785694778.ts,rule2_orphan_pulse,31,8,"orphan on detector '8': orphan pulse duration=4.846s window=[1785694762.423, 1785694777.269]"
2026-08-02 12:20:38 MDT,af07c5df218a4bb6b180d2ee3cea0952,af07c5df_fisheye_1785694839.ts,rule2_orphan_pulse,43,29,"orphan on detector '29': orphan pulse duration=1.595s window=[1785694826.691, 1785694838.286]"
2026-08-02 12:21:43 MDT,cf8857ee8fd84b44a33fc10143963f9b,cf8857ee_fisheye_1785694904.ts,rule2_orphan_pulse,30,3,"orphan on detector '3': orphan pulse duration=2.942s window=[1785694890.810, 1785694903.752]"
2026-08-02 12:22:00 MDT,b9a81569c71c43418f42e26b0a07dc7a,0da55aed_fisheye_1785694924.ts,rule1_continuous_disagreement,39,22,"detector '39' ON, detector '22' OFF for 5.038s (threshold=5.0s)"
2026-08-02 12:22:02 MDT,0da55aedfd46421292eaf7422afe7fdb,0da55aed_fisheye_1785694924.ts,rule1_continuous_disagreement,4,39,"detector '39' ON, detector '4' OFF for 5.056s (threshold=5.0s)"
2026-08-02 12:23:32 MDT,258ccc7def384dc591ee67fa077a6717,258ccc7d_fisheye_1785695013.ts,rule2_orphan_pulse,30,3,"orphan on detector '3': orphan pulse duration=2.37s window=[1785694999.947, 1785695012.318]"
2026-08-02 12:23:35 MDT,73e8c22936ec484e96dca1c3626d648d,73e8c229_fisheye_1785695015.ts,rule2_orphan_pulse,31,8,"orphan on detector '8': orphan pulse duration=0.969s window=[1785695004.284, 1785695015.253]"
2026-08-02 12:24:03 MDT,4d0736b17c55445ca58180c204ca419d,4d0736b1_fisheye_1785695045.ts,rule2_orphan_pulse,30,3,"orphan on detector '3': orphan pulse duration=1.657s window=[1785695032.153, 1785695043.810]"
2026-08-02 12:25:00 MDT,c6937f5ab4284e55a2371c8af8cae0f9,c6937f5a_fisheye_1785695102.ts,rule1_continuous_disagreement,42,31,"detector '42' ON, detector '31' OFF for 5.044s (threshold=5.0s)"
2026-08-02 12:25:10 MDT,86a4dce510a74d898d74b96f1747790c,86a4dce5_fisheye_1785695112.ts,rule2_orphan_pulse,31,8,"orphan on detector '8': orphan pulse duration=0.662s window=[1785695100.263, 1785695110.925]"
2026-08-02 12:26:02 MDT,9a715fbdd9824469b86c9e51aee3e02b,f2747773_fisheye_1785695165.ts,rule2_orphan_pulse,30,3,"orphan on detector '3': orphan pulse duration=2.069s window=[1785695150.646, 1785695162.715]"
2026-08-02 12:26:04 MDT,f2747773120c46568e923c12dae3ad4c,f2747773_fisheye_1785695165.ts,rule1_continuous_disagreement,42,31,"detector '31' ON, detector '42' OFF for 5.046s (threshold=5.0s)"
2026-08-02 12:26:24 MDT,71d6a1b812434904b406979814e18dc2,71d6a1b8_fisheye_1785695185.ts,rule2_orphan_pulse,30,3,"orphan on detector '3': orphan pulse duration=2.222s window=[1785695172.631, 1785695184.853]"
2026-08-02 12:26:44 MDT,c1b0bc645e1a409ca1c268ec2a0887b0,c1b0bc64_fisheye_1785695205.ts,rule2_orphan_pulse,30,3,"orphan on detector '3': orphan pulse duration=3.286s window=[1785695191.638, 1785695204.923]"
2026-08-02 12:27:31 MDT,703432178fcd4175b67eeffe562c3396,70343217_fisheye_1785695252.ts,rule2_orphan_pulse,30,3,"orphan on detector '3': orphan pulse duration=3.565s window=[1785695237.909, 1785695251.474]"
2026-08-02 12:27:47 MDT,098e1982cf3a472da16897967ba7febc,098e1982_fisheye_1785695268.ts,rule2_orphan_pulse,30,3,"orphan on detector '3': orphan pulse duration=2.291s window=[1785695255.188, 1785695267.478]"
2026-08-02 12:28:15 MDT,c99b6cc30bf545d0a90b1c65c32a4aaf,c99b6cc3_fisheye_1785695296.ts,rule1_continuous_disagreement,33,26,"detector '26' ON, detector '33' OFF for 5.037s (threshold=5.0s)"
2026-08-02 12:28:36 MDT,d0700dba5c22403d9f528d1a77628ab5,d0700dba_fisheye_1785695317.ts,rule1_continuous_disagreement,41,30,"detector '30' ON, detector '41' OFF for 5.04s (threshold=5.0s)"
2026-08-02 12:29:29 MDT,97cd48b26bc24300ad3478db0956beea,97cd48b2_fisheye_1785695369.ts,rule1_continuous_disagreement,39,22,"detector '39' ON, detector '22' OFF for 5.04s (threshold=5.0s)"
2026-08-02 12:29:33 MDT,e6048bc778d2401581bd1f63d9b59e5c,97cd48b2_fisheye_1785695369.ts,rule2_orphan_pulse,30,3,"orphan on detector '3': orphan pulse duration=3.663s window=[1785695360.155, 1785695373.819]"
2026-08-02 12:30:57 MDT,8c3874de92d64b6c8b823255d9d2919c,97cd48b2_fisheye_1785695369.ts,rule1_continuous_disagreement,2,46,"detector '2' ON, detector '46' OFF for 5.053s (threshold=5.0s)"
2026-08-02 12:31:13 MDT,c85bfbb7d3484b61bfe7601f94d208d9,97cd48b2_fisheye_1785695369.ts,rule2_orphan_pulse,30,3,"orphan on detector '3': orphan pulse duration=3.199s window=[1785695460.666, 1785695473.865]"
2026-08-02 12:32:33 MDT,d3939f0b48724fedbc37602e29c62442,d3939f0b_fisheye_1785695554.ts,rule1_continuous_disagreement,8,42,"detector '8' ON, detector '42' OFF for 5.053s (threshold=5.0s)"
2026-08-02 12:33:22 MDT,9a9c869b7b3b4debb8271797d605116b,2000b0a4_fisheye_1785695607.ts,rule2_orphan_pulse,31,8,"orphan on detector '8': orphan pulse duration=0.981s window=[1785695591.569, 1785695602.550]"
2026-08-02 12:33:26 MDT,2000b0a455ec43fdb244c9bf26145660,2000b0a4_fisheye_1785695607.ts,rule2_orphan_pulse,43,29,"orphan on detector '43': orphan pulse duration=3.652s window=[1785695592.550, 1785695606.202]"
2026-08-02 12:33:40 MDT,8e9ee2a001c6436ca43679b2d9c45302,8e9ee2a0_fisheye_1785695621.ts,rule2_orphan_pulse,33,26,"orphan on detector '26': orphan pulse duration=1.6s window=[1785695608.951, 1785695620.552]"
2026-08-02 12:33:54 MDT,381f107465f945a5a6f4f0932712ff91,381f1074_fisheye_1785695635.ts,rule1_continuous_disagreement,39,22,"detector '39' ON, detector '22' OFF for 5.04s (threshold=5.0s)"
2026-08-02 12:34:06 MDT,c3ba369422d842e5bad2d30690b968fd,c3ba3694_fisheye_1785695647.ts,rule2_orphan_pulse,31,8,"orphan on detector '8': orphan pulse duration=1.657s window=[1785695635.181, 1785695646.839]"
2026-08-02 12:34:26 MDT,449afcec96dc48e1ae17c804cb348de2,449afcec_fisheye_1785695667.ts,rule2_orphan_pulse,31,8,"orphan on detector '8': orphan pulse duration=1.271s window=[1785695655.240, 1785695666.511]"
2026-08-02 12:34:52 MDT,75e54dcc36a54dc696a3e21ffa9b0f35,75e54dcc_fisheye_1785695694.ts,rule2_orphan_pulse,30,3,"orphan on detector '3': orphan pulse duration=3.281s window=[1785695679.623, 1785695692.904]"
2026-08-02 12:35:56 MDT,df13e9064612436d92bfc84d3dc63789,df13e906_fisheye_1785695757.ts,rule2_orphan_pulse,41,30,"orphan on detector '30': orphan pulse duration=1.291s window=[1785695745.126, 1785695756.417]"
2026-08-02 12:36:12 MDT,f149436992e94b16936620c57d68e0bf,f1494369_fisheye_1785695773.ts,rule2_orphan_pulse,31,8,"orphan on detector '8': orphan pulse duration=0.997s window=[1785695760.975, 1785695771.972]"
2026-08-02 12:36:15 MDT,ac9be680290749848c32f04ab9de13b0,ac9be680_fisheye_1785695777.ts,rule2_orphan_pulse,43,29,"orphan on detector '43': orphan pulse duration=2.999s window=[1785695762.626, 1785695775.625]"
2026-08-02 12:36:59 MDT,095e090f218c4f68ad4f7ae108a436de,095e090f_fisheye_1785695820.ts,rule2_orphan_pulse,8,42,"orphan on detector '8': orphan pulse duration=4.865s window=[1785695804.102, 1785695818.967]"
2026-08-02 12:37:10 MDT,027b91afe2664e55880ce20c4bb5cfe3,027b91af_fisheye_1785695830.ts,rule2_orphan_pulse,42,31,"orphan on detector '31': orphan pulse duration=0.664s window=[1785695819.449, 1785695830.114]"
2026-08-02 12:40:06 MDT,59c0a4c87dee48d08b2f29c60540df10,59c0a4c8_fisheye_1785696008.ts,rule2_orphan_pulse,30,3,"orphan on detector '3': orphan pulse duration=2.637s window=[1785695994.211, 1785696006.848]"
2026-08-02 12:42:08 MDT,74a010641fe6440daec2bdc27d0ae8f2,74a01064_fisheye_1785696130.ts,rule1_continuous_disagreement,2,46,"detector '2' ON, detector '46' OFF for 5.042s (threshold=5.0s)"
2026-08-02 12:42:12 MDT,1004125bc1934d7397980119addffe0a,1004125b_fisheye_1785696134.ts,rule1_continuous_disagreement,31,8,"detector '8' ON, detector '31' OFF for 5.05s (threshold=5.0s)"
2026-08-02 12:43:03 MDT,b6f9d51120d4468298fb9ca595079f0d,74a01064_fisheye_1785696130.ts,rule2_orphan_pulse,42,31,"orphan on detector '31': orphan pulse duration=0.67s window=[1785696172.432, 1785696183.102]"
2026-08-02 12:43:23 MDT,b5260fed821c4cd9a4f052524ad47479,74a01064_fisheye_1785696130.ts,rule1_continuous_disagreement,41,30,"detector '41' ON, detector '30' OFF for 5.045s (threshold=5.0s)"
2026-08-02 12:44:03 MDT,756dfe8ab965479ab721d00c11ea87ae,74a01064_fisheye_1785696130.ts,rule1_continuous_disagreement,31,8,"detector '8' ON, detector '31' OFF for 5.047s (threshold=5.0s)"
2026-08-02 12:44:21 MDT,7e0d41ad5ef64085af80c1a41edcf569,7e0d41ad_fisheye_1785696262.ts,rule1_continuous_disagreement,39,22,"detector '39' ON, detector '22' OFF for 5.048s (threshold=5.0s)"
2026-08-02 12:44:48 MDT,f553efa9223d41d58f22c5cd20f44999,7e0d41ad_fisheye_1785696262.ts,rule1_continuous_disagreement,8,42,"detector '8' ON, detector '42' OFF for 5.04s (threshold=5.0s)"
2026-08-02 12:45:19 MDT,d245c5bec32645d7bdfcfb7c929dad51,d245c5be_fisheye_1785696321.ts,rule1_continuous_disagreement,41,30,"detector '30' ON, detector '41' OFF for 5.046s (threshold=5.0s)"
2026-08-02 12:46:00 MDT,be17e9282ed24463b1e3772b18ad1227,d245c5be_fisheye_1785696321.ts,rule1_continuous_disagreement,8,42,"detector '8' ON, detector '42' OFF for 5.045s (threshold=5.0s)"
2026-08-02 12:46:22 MDT,783a7b862db240fdbe74d5f0137d3f38,783a7b86_fisheye_1785696383.ts,rule1_continuous_disagreement,46,17,"detector '17' ON, detector '46' OFF for 5.055s (threshold=5.0s)"
2026-08-02 12:46:48 MDT,a85136e10d1f4126a5eac7d9508fcb32,783a7b86_fisheye_1785696383.ts,rule2_orphan_pulse,30,3,"orphan on detector '3': orphan pulse duration=4.236s window=[1785696394.721, 1785696408.957]"
2026-08-02 12:47:57 MDT,2206037fe251454291b3fcff47c9acae,2206037f_fisheye_1785696479.ts,rule2_orphan_pulse,43,29,"orphan on detector '43': orphan pulse duration=1.302s window=[1785696466.336, 1785696477.638]"
2026-08-02 12:48:14 MDT,144787d3873947299675a66aa1d1fca7,144787d3_fisheye_1785696495.ts,rule1_continuous_disagreement,41,30,"detector '30' ON, detector '41' OFF for 5.047s (threshold=5.0s)"
2026-08-02 12:49:54 MDT,50dde385c8da43dbbd3dadae557fe907,50dde385_fisheye_1785696594.ts,rule2_orphan_pulse,43,29,"orphan on detector '29': orphan pulse duration=0.666s window=[1785696583.396, 1785696594.062]"
2026-08-02 12:50:05 MDT,cc39bf28520a4ead8beee6a5ef68558e,cc39bf28_fisheye_1785696607.ts,rule1_continuous_disagreement,42,31,"detector '31' ON, detector '42' OFF for 5.04s (threshold=5.0s)"
2026-08-02 12:50:41 MDT,4f592a34c9d74fad88d7e123b8e36e58,4f592a34_fisheye_1785696643.ts,rule2_orphan_pulse,30,3,"orphan on detector '3': orphan pulse duration=3.24s window=[1785696628.315, 1785696641.555]"
2026-08-02 12:50:43 MDT,73b44adcf99c4f5a80cc79c610a8c679,4f592a34_fisheye_1785696643.ts,rule2_orphan_pulse,43,29,"orphan on detector '43': orphan pulse duration=1.327s window=[1785696631.888, 1785696643.216]"
2026-08-02 12:51:20 MDT,a163292c2d0a4a8689581d8d10c30dea,a163292c_fisheye_1785696682.ts,rule2_orphan_pulse,30,3,"orphan on detector '3': orphan pulse duration=3.23s window=[1785696666.822, 1785696680.053]"
2026-08-02 12:51:48 MDT,e6d86a13acf9475197e89730c8102176,e6d86a13_fisheye_1785696708.ts,rule1_continuous_disagreement,43,29,"detector '43' ON, detector '29' OFF for 5.043s (threshold=5.0s)"
2026-08-02 12:54:19 MDT,4448f007b5024d7ea086fd56edc7f936,4448f007_fisheye_1785696860.ts,rule2_orphan_pulse,30,3,"orphan on detector '3': orphan pulse duration=3.458s window=[1785696845.957, 1785696859.415]"
2026-08-02 12:56:34 MDT,88abb2926c1c48db973e14bb5746ebbb,88abb292_fisheye_1785696994.ts,rule2_orphan_pulse,42,31,"orphan on detector '31': orphan pulse duration=0.66s window=[1785696983.426, 1785696994.086]"
2026-08-02 12:57:01 MDT,19ba688fee08439b955827e75d6ec495,19ba688f_fisheye_1785697022.ts,rule2_orphan_pulse,30,3,"orphan on detector '3': orphan pulse duration=2.271s window=[1785697009.423, 1785697021.694]"
2026-08-02 12:57:38 MDT,690faa08d2704124b137091aea7b390c,690faa08_fisheye_1785697059.ts,rule2_orphan_pulse,8,42,"orphan on detector '8': orphan pulse duration=2.256s window=[1785697046.631, 1785697058.887]"
2026-08-02 12:58:41 MDT,a4ad864d62df4bb3afd26b062faef92f,a4ad864d_fisheye_1785697122.ts,rule2_orphan_pulse,43,29,"orphan on detector '29': orphan pulse duration=2.334s window=[1785697109.377, 1785697121.711]"
2026-08-02 12:58:49 MDT,b8c7b4aea730438fa41c3d4fb0c8965a,b8c7b4ae_fisheye_1785697130.ts,rule1_continuous_disagreement,42,31,"detector '31' ON, detector '42' OFF for 5.05s (threshold=5.0s)"
2026-08-02 12:59:17 MDT,f0bb110001d94d8296d17f86d53d2138,f0bb1100_fisheye_1785697158.ts,rule1_continuous_disagreement,38,24,"detector '24' ON, detector '38' OFF for 5.055s (threshold=5.0s)"
2026-08-02 13:01:33 MDT,3211662ae2d3467584bc16fce3409266,3211662a_fisheye_1785697294.ts,rule2_orphan_pulse,42,31,"orphan on detector '31': orphan pulse duration=0.997s window=[1785697282.818, 1785697293.815]"
2026-08-02 13:02:48 MDT,5fef20272ad74fd1904e3249d391ec92,1befd7f6_fisheye_1785697371.ts,rule1_continuous_disagreement,39,22,"detector '39' ON, detector '22' OFF for 5.034s (threshold=5.0s)"
2026-08-02 13:02:50 MDT,1befd7f640694f86ad52729d534bb201,1befd7f6_fisheye_1785697371.ts,rule1_continuous_disagreement,4,39,"detector '39' ON, detector '4' OFF for 5.052s (threshold=5.0s)"
2026-08-02 13:04:38 MDT,7791fbf0f89d4e6ebb830c6ff0d02960,7791fbf0_fisheye_1785697478.ts,rule1_continuous_disagreement,31,8,"detector '8' ON, detector '31' OFF for 5.059s (threshold=5.0s)"
2026-08-02 13:05:32 MDT,c216e7c2825e44139ccb7e6220f0beb0,c216e7c2_fisheye_1785697533.ts,rule1_continuous_disagreement,42,31,"detector '42' ON, detector '31' OFF for 5.031s (threshold=5.0s)"
2026-08-02 13:06:34 MDT,6ec4efd703384fa382d357f9faa8fef3,6ec4efd7_fisheye_1785697596.ts,rule1_continuous_disagreement,31,8,"detector '8' ON, detector '31' OFF for 5.045s (threshold=5.0s)"
2026-08-02 13:06:48 MDT,4ecce1894746431cbf9c9d9c595cac40,4ecce189_fisheye_1785697610.ts,rule2_orphan_pulse,42,31,"orphan on detector '31': orphan pulse duration=0.974s window=[1785697597.948, 1785697608.921]"
2026-08-02 13:07:58 MDT,34359106b1bd47868c5f425b9954db96,34359106_fisheye_1785697679.ts,rule1_continuous_disagreement,39,22,"detector '39' ON, detector '22' OFF for 5.05s (threshold=5.0s)"
2026-08-02 13:08:33 MDT,246b87d5a8ca41a89245a5b1cef1f99d,246b87d5_fisheye_1785697714.ts,rule1_continuous_disagreement,38,24,"detector '24' ON, detector '38' OFF for 5.043s (threshold=5.0s)"
2026-08-02 13:09:09 MDT,57b7a31a370e49a5ac2c767d64794dc6,57b7a31a_fisheye_1785697750.ts,rule1_continuous_disagreement,46,17,"detector '17' ON, detector '46' OFF for 5.042s (threshold=5.0s)"
2026-08-02 13:10:01 MDT,3a129d1a20da43efbce789c089839507,3a129d1a_fisheye_1785697801.ts,rule1_continuous_disagreement,31,8,"detector '8' ON, detector '31' OFF for 5.054s (threshold=5.0s)"
2026-08-02 13:10:12 MDT,8a02b9c9575749a29e47bffa1013dff8,8a02b9c9_fisheye_1785697813.ts,rule1_continuous_disagreement,41,30,"detector '30' ON, detector '41' OFF for 5.038s (threshold=5.0s)"
2026-08-02 13:10:31 MDT,eda3e2c453fe4ca1aec337ae5512903e,8a02b9c9_fisheye_1785697813.ts,rule1_continuous_disagreement,33,26,"detector '26' ON, detector '33' OFF for 5.045s (threshold=5.0s)"
2026-08-02 13:11:17 MDT,63bf1ef850934e39841fa7224884fbc3,8a02b9c9_fisheye_1785697813.ts,rule1_continuous_disagreement,4,39,"detector '39' ON, detector '4' OFF for 5.06s (threshold=5.0s)"
2026-08-02 13:11:26 MDT,4de55dab058f403ba0bef895955f8828,4de55dab_fisheye_1785697888.ts,rule2_orphan_pulse,42,31,"orphan on detector '31': orphan pulse duration=1.348s window=[1785697875.524, 1785697886.872]"
2026-08-02 13:11:43 MDT,64b3a3369db5414e9a79ef905f73dd8b,64b3a336_fisheye_1785697904.ts,rule2_orphan_pulse,43,29,"orphan on detector '29': orphan pulse duration=2.031s window=[1785697891.118, 1785697903.149]"
2026-08-02 13:12:15 MDT,88cc651672e8493795d2e5a56ecb0e2e,88cc6516_fisheye_1785697937.ts,rule1_continuous_disagreement,24,7,"detector '24' ON, detector '7' OFF for 5.047s (threshold=5.0s)"
2026-08-02 13:12:39 MDT,51ccd0a2ecb5443697395a7198f16146,51ccd0a2_fisheye_1785697961.ts,rule1_continuous_disagreement,31,8,"detector '8' ON, detector '31' OFF for 5.049s (threshold=5.0s)"
2026-08-02 13:12:46 MDT,6a07b59c6e0f4e53946f04d119f59467,6a07b59c_fisheye_1785697967.ts,rule2_orphan_pulse,42,31,"orphan on detector '31': orphan pulse duration=0.698s window=[1785697955.270, 1785697965.968]"
2026-08-02 13:13:33 MDT,8b327a6a384146c5a5ba1392ea2dadaa,8b327a6a_fisheye_1785698014.ts,rule2_orphan_pulse,3,41,"orphan on detector '41': orphan pulse duration=2.194s window=[1785698001.328, 1785698013.521]"
2026-08-02 13:14:45 MDT,d2ddd0a560af4ded858574cebd0e0c86,d2ddd0a5_fisheye_1785698087.ts,rule1_continuous_disagreement,42,31,"detector '42' ON, detector '31' OFF for 5.045s (threshold=5.0s)"
2026-08-02 13:14:56 MDT,f812f55646fd4bc9b5903812c7798d64,d2ddd0a5_fisheye_1785698087.ts,rule2_orphan_pulse,43,29,"orphan on detector '43': orphan pulse duration=4.372s window=[1785698082.117, 1785698096.489]"
2026-08-02 13:18:01 MDT,3b3789082e384be684fa623f7b17afeb,1c9d09b5_fisheye_1785698284.ts,rule1_continuous_disagreement,31,8,"detector '8' ON, detector '31' OFF for 5.042s (threshold=5.0s)"
2026-08-02 13:18:03 MDT,1c9d09b55cfb45b19c38e59c0ab6a467,1c9d09b5_fisheye_1785698284.ts,rule2_orphan_pulse,42,31,"orphan on detector '42': orphan pulse duration=3.65s window=[1785698269.408, 1785698283.058]"
2026-08-02 13:18:54 MDT,4897966aeb0944908b07f8e52114bae2,4897966a_fisheye_1785698336.ts,rule1_continuous_disagreement,39,22,"detector '39' ON, detector '22' OFF for 5.044s (threshold=5.0s)"
2026-08-02 13:18:56 MDT,b16df52822874973af05ad2d5263a28d,4897966a_fisheye_1785698336.ts,rule1_continuous_disagreement,4,39,"detector '39' ON, detector '4' OFF for 5.05s (threshold=5.0s)"
2026-08-02 13:21:18 MDT,a3f3047c4c944441bf5415b48fc345e3,a3f3047c_fisheye_1785698480.ts,rule1_continuous_disagreement,39,22,"detector '22' ON, detector '39' OFF for 5.037s (threshold=5.0s)"
2026-08-02 13:21:33 MDT,d7c76c7905f9474dad73cb9229cc7be3,d7c76c79_fisheye_1785698494.ts,rule2_orphan_pulse,31,8,"orphan on detector '8': orphan pulse duration=0.952s window=[1785698482.587, 1785698493.539]"
2026-08-02 13:21:37 MDT,357f9910a3474d41a2acaddafc83f014,d7c76c79_fisheye_1785698494.ts,rule1_continuous_disagreement,43,29,"detector '43' ON, detector '29' OFF for 5.048s (threshold=5.0s)"
2026-08-02 13:22:00 MDT,ff697ab8b9ac49a591a972c36aba9187,ff697ab8_fisheye_1785698521.ts,rule2_orphan_pulse,43,29,"orphan on detector '43': orphan pulse duration=0.983s window=[1785698509.374, 1785698520.357]"
2026-08-02 13:23:54 MDT,8a4c32b0d7e744fbb256e8928bdd887a,8a4c32b0_fisheye_1785698634.ts,rule2_orphan_pulse,41,30,"orphan on detector '30': orphan pulse duration=1.985s window=[1785698622.704, 1785698634.689]"
2026-08-02 13:24:33 MDT,87cbcf96b7524f59880bad11d83e0cf9,87cbcf96_fisheye_1785698673.ts,rule1_continuous_disagreement,7,38,"detector '7' ON, detector '38' OFF for 5.034s (threshold=5.0s)"
2026-08-02 13:25:05 MDT,4acbf79e4f02445da9c4d485c4f62524,4acbf79e_fisheye_1785698707.ts,rule2_orphan_pulse,8,42,"orphan on detector '8': orphan pulse duration=4.324s window=[1785698691.521, 1785698705.845]"
2026-08-02 13:25:06 MDT,c5a4c4347709458db6a6dbddf6816360,4acbf79e_fisheye_1785698707.ts,rule2_orphan_pulse,42,31,"orphan on detector '31': orphan pulse duration=0.653s window=[1785698696.196, 1785698706.850]"
2026-08-02 13:26:13 MDT,82c9cc0299e54f54b078d0dc2a250ce0,82c9cc02_fisheye_1785698774.ts,rule1_continuous_disagreement,39,22,"detector '39' ON, detector '22' OFF for 5.041s (threshold=5.0s)"
2026-08-02 13:26:24 MDT,7fb8e330da384e8593e32726569e1c7a,82c9cc02_fisheye_1785698774.ts,rule2_orphan_pulse,41,30,"orphan on detector '30': orphan pulse duration=1.661s window=[1785698772.447, 1785698784.108]"
2026-08-02 13:26:43 MDT,075cb19e73ae47729998c417fce1a45f,075cb19e_fisheye_1785698805.ts,rule1_continuous_disagreement,42,31,"detector '31' ON, detector '42' OFF for 5.047s (threshold=5.0s)"
2026-08-02 13:27:58 MDT,0639cc0db1a44f1bad1c31949ea9e214,0639cc0d_fisheye_1785698880.ts,rule2_orphan_pulse,43,29,"orphan on detector '29': orphan pulse duration=1.339s window=[1785698867.127, 1785698878.465]"
2026-08-02 13:28:47 MDT,47e448f8c5974c0c9205a31e597850eb,47e448f8_fisheye_1785698928.ts,rule1_continuous_disagreement,8,42,"detector '8' ON, detector '42' OFF for 5.044s (threshold=5.0s)"
2026-08-02 13:30:09 MDT,8d4f93dc49c4403284f6d7353ff84411,8d4f93dc_fisheye_1785699009.ts,rule1_continuous_disagreement,31,8,"detector '8' ON, detector '31' OFF for 5.041s (threshold=5.0s)"
2026-08-02 13:30:23 MDT,839345e618354721af5420018e21a141,839345e6_fisheye_1785699024.ts,rule2_orphan_pulse,42,31,"orphan on detector '31': orphan pulse duration=0.662s window=[1785699013.082, 1785699023.744]"
2026-08-02 13:30:36 MDT,f57cc2f5af0a45d7b8081570b08e4026,f57cc2f5_fisheye_1785699036.ts,rule2_orphan_pulse,3,41,"orphan on detector '3': orphan pulse duration=0.993s window=[1785699025.126, 1785699036.119]"
2026-08-02 13:30:39 MDT,e7f6114e25194c4eb543798358581433,e7f6114e_fisheye_1785699040.ts,rule1_continuous_disagreement,39,22,"detector '39' ON, detector '22' OFF for 5.043s (threshold=5.0s)"
2026-08-02 13:31:14 MDT,e81ca996683f4b378c2db6f76bb06cc3,e7f6114e_fisheye_1785699040.ts,rule1_continuous_disagreement,33,26,"detector '26' ON, detector '33' OFF for 5.043s (threshold=5.0s)"
2026-08-02 13:31:39 MDT,cb780ec87f7d4401a6f46bb1e377bcc4,e7f6114e_fisheye_1785699040.ts,rule2_orphan_pulse,42,31,"orphan on detector '31': orphan pulse duration=0.951s window=[1785699088.831, 1785699099.782]"
2026-08-02 13:32:13 MDT,e320ad31c8224f0292b29b5131660e44,e7f6114e_fisheye_1785699040.ts,rule1_continuous_disagreement,42,31,"detector '42' ON, detector '31' OFF for 5.044s (threshold=5.0s)"
2026-08-02 13:33:46 MDT,30de6e5d8d944f82ab61543549546737,30de6e5d_fisheye_1785699226.ts,rule1_continuous_disagreement,17,2,"detector '17' ON, detector '2' OFF for 5.031s (threshold=5.0s)"
2026-08-02 13:34:26 MDT,102a339df7284677a3166a0bdf52bcf8,102a339d_fisheye_1785699267.ts,rule1_continuous_disagreement,39,22,"detector '39' ON, detector '22' OFF for 5.042s (threshold=5.0s)"
2026-08-02 13:34:35 MDT,7bfbfa38e34e4a3db64e3ad898461897,102a339d_fisheye_1785699267.ts,rule1_continuous_disagreement,33,26,"detector '26' ON, detector '33' OFF for 5.036s (threshold=5.0s)"
2026-08-02 13:35:00 MDT,821f62d33ae741649aff13cc3cb8448f,102a339d_fisheye_1785699267.ts,rule1_continuous_disagreement,43,29,"detector '43' ON, detector '29' OFF for 5.044s (threshold=5.0s)"
2026-08-02 13:35:47 MDT,ff4ff6198c474066aae8fe2e6e39c9a7,102a339d_fisheye_1785699267.ts,rule2_orphan_pulse,31,8,"orphan on detector '8': orphan pulse duration=4.885s window=[1785699333.018, 1785699347.903]"
2026-08-02 13:36:06 MDT,d95c73a9f32f46b1bdf712a508342869,102a339d_fisheye_1785699267.ts,rule2_orphan_pulse,3,41,"orphan on detector '3': orphan pulse duration=1.323s window=[1785699355.573, 1785699366.896]"
2026-08-02 13:36:48 MDT,5b0ad8a9d71c47fe900096829b37f745,5b0ad8a9_fisheye_1785699409.ts,rule1_continuous_disagreement,43,29,"detector '43' ON, detector '29' OFF for 5.056s (threshold=5.0s)"
2026-08-02 13:37:13 MDT,0ae37a063c5043228baa44c6d4989a0a,5b0ad8a9_fisheye_1785699409.ts,rule1_continuous_disagreement,39,22,"detector '39' ON, detector '22' OFF for 5.035s (threshold=5.0s)"
2026-08-02 13:37:31 MDT,91c134106a604e9f88d0c411afc480d9,91c13410_fisheye_1785699451.ts,rule2_orphan_pulse,41,30,"orphan on detector '30': orphan pulse duration=2.301s window=[1785699439.404, 1785699451.705]"
2026-08-02 13:37:49 MDT,e2982089da544adc92742b8f02f1538b,e2982089_fisheye_1785699470.ts,rule2_orphan_pulse,31,8,"orphan on detector '8': orphan pulse duration=4.343s window=[1785699454.655, 1785699468.998]"
2026-08-02 13:38:14 MDT,afe8dfbf331d4d0f9ed174a0269d185f,afe8dfbf_fisheye_1785699494.ts,rule1_continuous_disagreement,43,29,"detector '43' ON, detector '29' OFF for 5.044s (threshold=5.0s)"
2026-08-02 13:38:33 MDT,7283269dcc14475aa4f9afaf1cd2b836,7283269d_fisheye_1785699514.ts,rule1_continuous_disagreement,46,17,"detector '17' ON, detector '46' OFF for 5.035s (threshold=5.0s)"
2026-08-02 13:38:55 MDT,d3c786233fdb4174ab07143b41151d0e,d3c78623_fisheye_1785699537.ts,rule2_orphan_pulse,42,31,"orphan on detector '31': orphan pulse duration=2.347s window=[1785699522.887, 1785699535.234]"
2026-08-02 13:39:19 MDT,9bc75312d71d49aea1781d9d3e462d04,9bc75312_fisheye_1785699559.ts,rule1_continuous_disagreement,8,42,"detector '8' ON, detector '42' OFF for 5.055s (threshold=5.0s)"
2026-08-02 13:39:21 MDT,c4dd4e811f1f4536a5cdefc15310c7b0,c4dd4e81_fisheye_1785699563.ts,rule1_continuous_disagreement,43,29,"detector '43' ON, detector '29' OFF for 5.064s (threshold=5.0s)"
2026-08-02 13:40:45 MDT,784488e04fae483aa07c12416a908a2e,784488e0_fisheye_1785699646.ts,rule1_continuous_disagreement,33,26,"detector '26' ON, detector '33' OFF for 5.048s (threshold=5.0s)"
2026-08-02 13:41:13 MDT,cf4c1bb63106490e85aee67f6ef22963,cf4c1bb6_fisheye_1785699675.ts,rule1_continuous_disagreement,46,17,"detector '17' ON, detector '46' OFF for 5.047s (threshold=5.0s)"
2026-08-02 13:41:29 MDT,d13c6441530d4250b8a2331fc72abddf,d13c6441_fisheye_1785699689.ts,rule1_continuous_disagreement,31,8,"detector '8' ON, detector '31' OFF for 5.047s (threshold=5.0s)"
2026-08-02 13:41:51 MDT,4032c2fc20334ea59d0da9bb601f0488,4032c2fc_fisheye_1785699711.ts,rule2_orphan_pulse,3,41,"orphan on detector '3': orphan pulse duration=0.665s window=[1785699700.879, 1785699711.544]"
2026-08-02 13:42:09 MDT,ae83b620e3c6443884d2538545484a27,ae83b620_fisheye_1785699729.ts,rule1_continuous_disagreement,46,17,"detector '17' ON, detector '46' OFF for 5.041s (threshold=5.0s)"
2026-08-02 13:42:13 MDT,9aac934eab734f2fa7fc7f0107e944c1,9aac934e_fisheye_1785699733.ts,rule1_continuous_disagreement,2,46,"detector '2' ON, detector '46' OFF for 5.039s (threshold=5.0s)"
2026-08-02 13:42:41 MDT,635928180f8649a9a149ee980d7ed9ce,63592818_fisheye_1785699762.ts,rule1_continuous_disagreement,31,8,"detector '8' ON, detector '31' OFF for 5.044s (threshold=5.0s)"
2026-08-02 13:42:50 MDT,cfee12871d7e46f19d055ca9194ee019,cfee1287_fisheye_1785699772.ts,rule1_continuous_disagreement,43,29,"detector '43' ON, detector '29' OFF for 5.05s (threshold=5.0s)"
2026-08-02 13:42:56 MDT,2cc5eff24f9d438594eda187bf24bd6b,cfee1287_fisheye_1785699772.ts,rule2_orphan_pulse,41,30,"orphan on detector '30': orphan pulse duration=1.396s window=[1785699764.982, 1785699776.377]"
2026-08-02 13:43:37 MDT,c3acd35e09b341be89b94af9707d924b,cfee1287_fisheye_1785699772.ts,rule2_orphan_pulse,3,41,"orphan on detector '3': orphan pulse duration=1.274s window=[1785699805.664, 1785699816.937]"
2026-08-02 13:45:36 MDT,38bba8f7ae264e5cb35dc0e28b6d6ae9,38bba8f7_fisheye_1785699936.ts,rule2_orphan_pulse,41,30,"orphan on detector '41': orphan pulse duration=1.986s window=[1785699924.483, 1785699936.469]"
2026-08-02 13:45:53 MDT,0421d90ff8d04068807f2aee11a49cf4,592c1c1e_fisheye_1785699955.ts,rule2_orphan_pulse,43,29,"orphan on detector '29': orphan pulse duration=0.998s window=[1785699942.781, 1785699953.780]"
2026-08-02 13:45:53 MDT,592c1c1ed018457fafbd5aa8104f6b29,592c1c1e_fisheye_1785699955.ts,rule1_continuous_disagreement,42,31,"detector '42' ON, detector '31' OFF for 5.044s (threshold=5.0s)"
2026-08-02 13:46:09 MDT,5890244f88e4418e9e34af5d5f01d3a4,e7a1d43a_fisheye_1785699973.ts,rule2_orphan_pulse,41,30,"orphan on detector '30': orphan pulse duration=1.932s window=[1785699957.850, 1785699969.782]"
2026-08-02 13:46:11 MDT,e7a1d43adc5d4047bb8f487637c41a52,e7a1d43a_fisheye_1785699973.ts,rule2_orphan_pulse,3,41,"orphan on detector '3': orphan pulse duration=3.544s window=[1785699957.850, 1785699971.394]"
2026-08-02 13:46:43 MDT,083a022397df432bb0ee6ae12c1ec376,083a0223_fisheye_1785700003.ts,rule1_continuous_disagreement,8,42,"detector '8' ON, detector '42' OFF for 5.048s (threshold=5.0s)"
2026-08-02 13:47:11 MDT,6a94bb2808bb4078aac804dae429dda4,6a94bb28_fisheye_1785700032.ts,rule2_orphan_pulse,8,42,"orphan on detector '8': orphan pulse duration=4.986s window=[1785700016.192, 1785700031.178]"
2026-08-02 13:48:10 MDT,c75b10735a6045dc9cc7b9d73678d52c,c75b1073_fisheye_1785700092.ts,rule1_continuous_disagreement,31,8,"detector '8' ON, detector '31' OFF for 5.041s (threshold=5.0s)"
2026-08-02 13:48:16 MDT,9bdb883bc57d4d4993deecacb3c2ae67,9bdb883b_fisheye_1785700097.ts,rule1_continuous_disagreement,46,17,"detector '46' ON, detector '17' OFF for 5.046s (threshold=5.0s)"
2026-08-02 13:49:19 MDT,4491fdd36adb444f98d3d32fd858bd4a,4491fdd3_fisheye_1785700159.ts,rule2_orphan_pulse,43,29,"orphan on detector '29': orphan pulse duration=2.088s window=[1785700147.486, 1785700159.574]"
2026-08-02 13:49:24 MDT,6c8280d67c58460aab8a4b664e44d574,6c8280d6_fisheye_1785700165.ts,rule2_orphan_pulse,43,29,"orphan on detector '29': orphan pulse duration=4.792s window=[1785700149.904, 1785700164.696]"
2026-08-02 13:49:44 MDT,3849ef9771e548d0a2a7b86c73b79565,3849ef97_fisheye_1785700184.ts,rule1_continuous_disagreement,42,31,"detector '42' ON, detector '31' OFF for 5.04s (threshold=5.0s)"
2026-08-02 13:49:44 MDT,bf7f95b434cb44b6925bea2e7b430fd5,bf7f95b4_fisheye_1785700186.ts,rule1_continuous_disagreement,33,26,"detector '26' ON, detector '33' OFF for 5.045s (threshold=5.0s)"
2026-08-02 13:49:56 MDT,3d536fbb6ebc47c5b0eaca8233394bfa,3849ef97_fisheye_1785700184.ts,rule2_orphan_pulse,41,30,"orphan on detector '30': orphan pulse duration=1.344s window=[1785700185.578, 1785700196.922]"
2026-08-02 13:50:35 MDT,b9cc4527f5a94a13a1131eea50174d3c,3849ef97_fisheye_1785700184.ts,rule1_continuous_disagreement,46,17,"detector '17' ON, detector '46' OFF for 5.04s (threshold=5.0s)"
2026-08-02 13:51:56 MDT,15335e16f5924ae1adb79b7b3f916fcb,15335e16_fisheye_1785700318.ts,rule2_orphan_pulse,42,31,"orphan on detector '31': orphan pulse duration=1.282s window=[1785700304.888, 1785700316.171]"
2026-08-02 13:51:57 MDT,c82edf00db224370a74e2aef7d7c7521,15335e16_fisheye_1785700318.ts,rule1_continuous_disagreement,31,8,"detector '8' ON, detector '31' OFF for 5.043s (threshold=5.0s)"
2026-08-02 13:52:32 MDT,bda3441f7c0a43b8bca737bbdbbb2e16,bda3441f_fisheye_1785700354.ts,rule1_continuous_disagreement,46,17,"detector '17' ON, detector '46' OFF for 5.035s (threshold=5.0s)"
2026-08-02 13:52:39 MDT,7072e775b4954c6ebd08d226a3e07415,bda3441f_fisheye_1785700354.ts,rule2_orphan_pulse,39,22,"orphan on detector '39': orphan pulse duration=0.939s window=[1785700348.618, 1785700359.556]"
2026-08-02 13:53:13 MDT,77514b7c30f8404296e31d367c3c1d7c,77514b7c_fisheye_1785700395.ts,rule1_continuous_disagreement,39,22,"detector '39' ON, detector '22' OFF for 5.055s (threshold=5.0s)"
2026-08-02 13:55:13 MDT,0d03c9324c7949d98ca45512e917a178,0d03c932_fisheye_1785700514.ts,rule1_continuous_disagreement,46,17,"detector '17' ON, detector '46' OFF for 5.046s (threshold=5.0s)"
2026-08-02 13:55:52 MDT,f3d26234434c41baa741a99d8b5f571d,f3d26234_fisheye_1785700553.ts,rule1_continuous_disagreement,8,42,"detector '8' ON, detector '42' OFF for 5.037s (threshold=5.0s)"
2026-08-02 13:55:56 MDT,9e91a9c99e4940dcbfe563f1c04c90d4,9e91a9c9_fisheye_1785700557.ts,rule1_continuous_disagreement,39,22,"detector '39' ON, detector '22' OFF for 5.047s (threshold=5.0s)"
2026-08-02 13:55:58 MDT,a9e235e0c6ba4661865241a4573a30c5,a9e235e0_fisheye_1785700559.ts,rule2_orphan_pulse,42,31,"orphan on detector '31': orphan pulse duration=1.324s window=[1785700547.346, 1785700558.670]"
2026-08-02 13:56:58 MDT,2462d9882ed74dbda8f5e7eaf770d11b,9e91a9c9_fisheye_1785700557.ts,rule2_orphan_pulse,30,3,"orphan on detector '3': orphan pulse duration=3.881s window=[1785700604.902, 1785700618.783]"
2026-08-02 13:58:10 MDT,48a54cbab3254a468c2fa84d534f1959,48a54cba_fisheye_1785700691.ts,rule1_continuous_disagreement,39,22,"detector '39' ON, detector '22' OFF for 5.037s (threshold=5.0s)"
2026-08-02 13:58:15 MDT,2143a55ae00d41b1b1dbd974edb24187,48a54cba_fisheye_1785700691.ts,rule2_orphan_pulse,3,41,"orphan on detector '3': orphan pulse duration=1.304s window=[1785700684.610, 1785700695.915]"
2026-08-02 13:58:38 MDT,6e6c66b3b7f84bc190a338e1057a8276,48a54cba_fisheye_1785700691.ts,rule2_orphan_pulse,3,41,"orphan on detector '3': orphan pulse duration=4.813s window=[1785700703.753, 1785700718.566]"
2026-08-02 13:59:01 MDT,2230644c34ee4590ab1c60beefc40e82,48a54cba_fisheye_1785700691.ts,rule1_continuous_disagreement,30,3,"detector '3' ON, detector '30' OFF for 5.039s (threshold=5.0s)"
2026-08-02 13:59:23 MDT,d3dd4e1bcff64962bcda3876816572d2,48a54cba_fisheye_1785700691.ts,rule2_orphan_pulse,41,30,"orphan on detector '30': orphan pulse duration=1.648s window=[1785700751.933, 1785700763.581]"
2026-08-02 13:59:49 MDT,25df825000e940bda93bab42b866ac65,48a54cba_fisheye_1785700691.ts,rule2_orphan_pulse,3,41,"orphan on detector '3': orphan pulse duration=3.636s window=[1785700775.315, 1785700788.950]"
2026-08-02 14:00:53 MDT,99f7d6d959384ce8abc2f393f8c7478b,99f7d6d9_fisheye_1785700853.ts,rule2_orphan_pulse,30,3,"orphan on detector '3': orphan pulse duration=4.208s window=[1785700838.897, 1785700853.105]"
2026-08-02 14:01:06 MDT,8f583d0831d64cb18910ed8f64f507a1,8f583d08_fisheye_1785700867.ts,rule1_continuous_disagreement,41,30,"detector '30' ON, detector '41' OFF for 5.046s (threshold=5.0s)"
2026-08-02 14:01:24 MDT,934d46ca854742a880d57d719ee6594f,934d46ca_fisheye_1785700884.ts,rule2_orphan_pulse,43,29,"orphan on detector '29': orphan pulse duration=1.348s window=[1785700872.596, 1785700883.945]"
2026-08-02 14:01:24 MDT,36f5390ccfa946a49c0743829655fd14,36f5390c_fisheye_1785700884.ts,rule2_orphan_pulse,39,22,"orphan on detector '39': orphan pulse duration=3.361s window=[1785700870.584, 1785700883.945]"
2026-08-02 14:02:25 MDT,95e4769718cc4980a60b6b1b33f6d64f,95e47697_fisheye_1785700946.ts,rule2_orphan_pulse,31,8,"orphan on detector '8': orphan pulse duration=4.853s window=[1785700930.097, 1785700944.950]"
2026-08-02 14:04:17 MDT,2af228632eff432e8311fbd001da2056,2af22863_fisheye_1785701058.ts,rule1_continuous_disagreement,39,22,"detector '39' ON, detector '22' OFF for 5.04s (threshold=5.0s)"
2026-08-02 14:04:17 MDT,4d2a227129e946b2a9833d034473dc8e,4d2a2271_fisheye_1785701058.ts,rule1_continuous_disagreement,31,8,"detector '8' ON, detector '31' OFF for 5.043s (threshold=5.0s)"
2026-08-02 14:04:37 MDT,8206e6f68f1c4e80bf7db1e80fe48372,2af22863_fisheye_1785701058.ts,rule2_orphan_pulse,43,29,"orphan on detector '29': orphan pulse duration=2.285s window=[1785701065.152, 1785701077.437]"
2026-08-02 14:05:13 MDT,486bf23a7c6c426fbf7e5170d80b6ec4,486bf23a_fisheye_1785701115.ts,rule1_continuous_disagreement,43,29,"detector '43' ON, detector '29' OFF for 5.039s (threshold=5.0s)"
2026-08-02 14:07:54 MDT,e4f5decf6e014d2aafbd0e5ab8923934,486bf23a_fisheye_1785701115.ts,rule1_continuous_disagreement,33,26,"detector '26' ON, detector '33' OFF for 5.034s (threshold=5.0s)"
2026-08-02 14:09:05 MDT,bc05283e614245ff9a00156c156031b6,bc05283e_fisheye_1785701346.ts,rule1_continuous_disagreement,31,8,"detector '8' ON, detector '31' OFF for 5.049s (threshold=5.0s)"
2026-08-02 14:09:14 MDT,80430a8328504684b36f576a296c8c5a,80430a83_fisheye_1785701354.ts,rule1_continuous_disagreement,41,30,"detector '30' ON, detector '41' OFF for 5.053s (threshold=5.0s)"
2026-08-02 14:10:16 MDT,08e3bbb2521c4794b814577bd038677e,80430a83_fisheye_1785701354.ts,rule1_continuous_disagreement,43,29,"detector '43' ON, detector '29' OFF for 5.039s (threshold=5.0s)"
2026-08-02 14:11:03 MDT,0ed4af9af1844fea81d0812d72655714,0ed4af9a_fisheye_1785701464.ts,rule2_orphan_pulse,42,31,"orphan on detector '31': orphan pulse duration=1.64s window=[1785701451.641, 1785701463.281]"
2026-08-02 14:12:37 MDT,8971e501fac546c4b20cc52dce2bd1a6,8971e501_fisheye_1785701557.ts,rule1_continuous_disagreement,31,8,"detector '8' ON, detector '31' OFF for 5.034s (threshold=5.0s)"
2026-08-02 14:13:07 MDT,f9d49c5c760c471cbf18703bfb1f1741,f9d49c5c_fisheye_1785701587.ts,rule1_continuous_disagreement,39,22,"detector '39' ON, detector '22' OFF for 5.054s (threshold=5.0s)"
2026-08-02 14:13:24 MDT,e379e102132047deb90eb1c7a6caa660,f9d49c5c_fisheye_1785701587.ts,rule2_orphan_pulse,42,31,"orphan on detector '31': orphan pulse duration=1.0s window=[1785701593.241, 1785701604.240]"
2026-08-02 14:13:42 MDT,d01c8f1c6e9447439deef9fc919b9fba,f9d49c5c_fisheye_1785701587.ts,rule1_continuous_disagreement,31,8,"detector '8' ON, detector '31' OFF for 5.041s (threshold=5.0s)"
2026-08-02 14:13:57 MDT,d8dea2abe1454a4582c7c68dd22b4356,d8dea2ab_fisheye_1785701638.ts,rule2_orphan_pulse,30,3,"orphan on detector '3': orphan pulse duration=1.288s window=[1785701626.200, 1785701637.489]"
2026-08-02 14:14:24 MDT,73f429f796a142edae7cfa3f70ba8f7c,73f429f7_fisheye_1785701664.ts,rule2_orphan_pulse,31,8,"orphan on detector '8': orphan pulse duration=3.89s window=[1785701650.163, 1785701664.053]"
2026-08-02 14:14:31 MDT,abf43e9f15ff481ba814d27a899b56d1,abf43e9f_fisheye_1785701673.ts,rule1_continuous_disagreement,39,22,"detector '39' ON, detector '22' OFF for 5.041s (threshold=5.0s)"
2026-08-02 14:15:34 MDT,e77c4fbe8dc644b48f8627f1a40c8fbe,5461fb85_fisheye_1785701735.ts,rule2_orphan_pulse,8,42,"orphan on detector '8': orphan pulse duration=1.666s window=[1785701722.873, 1785701734.539]"
2026-08-02 14:15:35 MDT,5461fb85958d44e1889105bf39a8e66c,5461fb85_fisheye_1785701735.ts,rule2_orphan_pulse,42,31,"orphan on detector '31': orphan pulse duration=2.324s window=[1785701723.207, 1785701735.531]"
2026-08-02 14:17:23 MDT,ff1b3479e9de4362a5d97a633e6fd4b4,ff1b3479_fisheye_1785701843.ts,rule2_orphan_pulse,31,8,"orphan on detector '8': orphan pulse duration=4.94s window=[1785701828.121, 1785701843.061]"
2026-08-02 14:17:27 MDT,7cc1edcc98ec4b6b801e4140ec962a21,7cc1edcc_fisheye_1785701847.ts,rule1_continuous_disagreement,39,22,"detector '39' ON, detector '22' OFF for 5.051s (threshold=5.0s)"
2026-08-02 14:19:09 MDT,db2829aa92464f728957082dc96dd2c7,db2829aa_fisheye_1785701950.ts,rule1_continuous_disagreement,31,8,"detector '8' ON, detector '31' OFF for 5.053s (threshold=5.0s)"
2026-08-02 14:19:47 MDT,6f9ffb88c63b4a72810351790bae69e2,6f9ffb88_fisheye_1785701987.ts,rule2_orphan_pulse,42,31,"orphan on detector '31': orphan pulse duration=1.367s window=[1785701976.024, 1785701987.391]"
2026-08-02 14:20:31 MDT,4cfad37022224a0f93345f4f12194717,4cfad370_fisheye_1785702032.ts,rule1_continuous_disagreement,31,8,"detector '8' ON, detector '31' OFF for 5.041s (threshold=5.0s)"
2026-08-02 14:20:50 MDT,4bf3ed41a6c148db924855afa7e0b59a,4bf3ed41_fisheye_1785702052.ts,rule1_continuous_disagreement,43,29,"detector '43' ON, detector '29' OFF for 5.037s (threshold=5.0s)"
2026-08-02 14:21:06 MDT,0b877af7ff3c4181a6d23ab760dbc73f,0b877af7_fisheye_1785702066.ts,rule1_continuous_disagreement,39,22,"detector '39' ON, detector '22' OFF for 5.044s (threshold=5.0s)"
2026-08-02 14:21:07 MDT,0ce9df78204e4dc1bf136a9f51bf75f7,0b877af7_fisheye_1785702066.ts,rule1_continuous_disagreement,4,39,"detector '39' ON, detector '4' OFF for 5.055s (threshold=5.0s)"
2026-08-02 14:22:08 MDT,5b69209b762a4a659f46f8551eab8559,5b69209b_fisheye_1785702129.ts,rule1_continuous_disagreement,8,42,"detector '8' ON, detector '42' OFF for 5.05s (threshold=5.0s)"
2026-08-02 14:22:14 MDT,341b2a911da34e7d868fd0998deeda2b,341b2a91_fisheye_1785702135.ts,rule2_orphan_pulse,42,31,"orphan on detector '31': orphan pulse duration=0.672s window=[1785702123.893, 1785702134.565]"
2026-08-02 14:23:12 MDT,754cefc0d0e6494987dfd1dc1870d759,754cefc0_fisheye_1785702192.ts,rule1_continuous_disagreement,39,22,"detector '39' ON, detector '22' OFF for 5.04s (threshold=5.0s)"
2026-08-02 14:24:00 MDT,c6c740d46dde4325bf29eb736e4eaf31,c6c740d4_fisheye_1785702241.ts,rule2_orphan_pulse,17,2,"orphan on detector '2': orphan pulse duration=0.675s window=[1785702230.177, 1785702240.853]"
2026-08-02 14:24:02 MDT,2f72f1cba60e4b1aae0ac90a8fbe748b,c6c740d4_fisheye_1785702241.ts,rule1_continuous_disagreement,31,8,"detector '8' ON, detector '31' OFF for 5.051s (threshold=5.0s)"
2026-08-02 14:25:27 MDT,2c60b31c53944b8e81183b57c679ed3d,2c60b31c_fisheye_1785702328.ts,rule2_orphan_pulse,42,31,"orphan on detector '31': orphan pulse duration=0.645s window=[1785702316.860, 1785702327.505]"
2026-08-02 14:27:03 MDT,05312e62033b4ae6a02fe2bad7fe4280,05312e62_fisheye_1785702423.ts,rule2_orphan_pulse,31,8,"orphan on detector '8': orphan pulse duration=4.887s window=[1785702408.546, 1785702423.433]"
2026-08-02 14:27:10 MDT,5e692f7cac1d40dd832007139da373fc,05312e62_fisheye_1785702423.ts,rule1_continuous_disagreement,41,30,"detector '30' ON, detector '41' OFF for 5.041s (threshold=5.0s)"
2026-08-02 14:28:13 MDT,dbfbfe69817b4cd093b07e506707496f,dbfbfe69_fisheye_1785702494.ts,rule2_orphan_pulse,31,8,"orphan on detector '8': orphan pulse duration=4.938s window=[1785702478.510, 1785702493.448]"
2026-08-02 14:29:18 MDT,7ab0f862ab8c4780a620b8d1d06cc67f,7ab0f862_fisheye_1785702559.ts,rule2_orphan_pulse,8,42,"orphan on detector '8': orphan pulse duration=4.345s window=[1785702544.100, 1785702558.445]"
2026-08-02 14:30:31 MDT,f246b233c582428caed9e24efc00162e,f246b233_fisheye_1785702632.ts,rule2_orphan_pulse,38,24,"orphan on detector '24': orphan pulse duration=0.99s window=[1785702620.814, 1785702631.804]"
2026-08-02 14:31:22 MDT,e7f3f534542d46568e879ff5cf089594,e7f3f534_fisheye_1785702683.ts,rule2_orphan_pulse,30,3,"orphan on detector '3': orphan pulse duration=1.674s window=[1785702671.161, 1785702682.835]"
2026-08-02 14:31:26 MDT,33b3b564d9bc4ca8ba852a583dd5e662,33b3b564_fisheye_1785702687.ts,rule1_continuous_disagreement,46,17,"detector '17' ON, detector '46' OFF for 5.044s (threshold=5.0s)"
2026-08-02 14:31:44 MDT,a416ef64b8be48e0839fc0b9aa5abf83,a416ef64_fisheye_1785702705.ts,rule2_orphan_pulse,8,42,"orphan on detector '8': orphan pulse duration=4.923s window=[1785702689.096, 1785702704.019]"
2026-08-02 14:32:30 MDT,570593744cdd470eadbdff6ea60a5f9c,57059374_fisheye_1785702752.ts,rule2_orphan_pulse,42,31,"orphan on detector '31': orphan pulse duration=1.295s window=[1785702739.432, 1785702750.727]"
2026-08-02 14:33:28 MDT,2537d67739be4164bb7d4d9a1ecf0c7d,2537d677_fisheye_1785702809.ts,rule1_continuous_disagreement,46,17,"detector '17' ON, detector '46' OFF for 5.058s (threshold=5.0s)"
2026-08-02 14:33:28 MDT,b66a0d14e0534c80a74f344effffec9d,b66a0d14_fisheye_1785702809.ts,rule2_orphan_pulse,43,29,"orphan on detector '29': orphan pulse duration=0.977s window=[1785702797.455, 1785702808.432]"
2026-08-02 14:34:55 MDT,f64f0c22b8bc4cf98c9e746a85bb1ab9,f64f0c22_fisheye_1785702896.ts,rule1_continuous_disagreement,39,22,"detector '39' ON, detector '22' OFF for 5.052s (threshold=5.0s)"
2026-08-02 14:35:02 MDT,27a07a946d7747a2b56ca8af6924128f,f64f0c22_fisheye_1785702896.ts,rule1_continuous_disagreement,8,42,"detector '8' ON, detector '42' OFF for 5.043s (threshold=5.0s)"
2026-08-02 14:35:15 MDT,46e51a8fd8064f34859fc0ce61a5b818,f64f0c22_fisheye_1785702896.ts,rule2_orphan_pulse,43,29,"orphan on detector '43': orphan pulse duration=1.284s window=[1785702904.179, 1785702915.463]"
2026-08-02 14:36:10 MDT,50df743a29c144c2a3f3c2b12fef7faa,50df743a_fisheye_1785702971.ts,rule1_continuous_disagreement,43,29,"detector '43' ON, detector '29' OFF for 5.036s (threshold=5.0s)"
2026-08-02 14:37:19 MDT,cc8af1b43e3a4d239205e3c8c12e6ae8,cc8af1b4_fisheye_1785703040.ts,rule1_continuous_disagreement,17,2,"detector '17' ON, detector '2' OFF for 5.043s (threshold=5.0s)"
2026-08-02 14:38:57 MDT,f46268e80c3a45538a91e8cc83cbe32f,f46268e8_fisheye_1785703137.ts,rule1_continuous_disagreement,39,22,"detector '39' ON, detector '22' OFF for 5.047s (threshold=5.0s)"
2026-08-02 14:40:02 MDT,2f55591322154dacb27c7bdf927774d0,2f555913_fisheye_1785703204.ts,rule2_orphan_pulse,46,17,"orphan on detector '17': orphan pulse duration=1.003s window=[1785703191.529, 1785703202.532]"
2026-08-02 14:40:11 MDT,dbb3c4a1d2b5408ba5b39146e3bdd5b5,dbb3c4a1_fisheye_1785703212.ts,rule2_orphan_pulse,43,29,"orphan on detector '29': orphan pulse duration=1.32s window=[1785703200.109, 1785703211.430]"
2026-08-02 14:40:19 MDT,3f9b51c156be45c7a1c99526d4bcb7fa,3f9b51c1_fisheye_1785703220.ts,rule1_continuous_disagreement,41,30,"detector '30' ON, detector '41' OFF for 5.052s (threshold=5.0s)"
2026-08-02 14:40:30 MDT,5384eff5f1004e42a393e474777448f7,5384eff5_fisheye_1785703232.ts,rule2_orphan_pulse,43,29,"orphan on detector '29': orphan pulse duration=0.666s window=[1785703220.226, 1785703230.892]"
2026-08-02 14:40:40 MDT,275f36567f9e47318de394f81d93dbf9,275f3656_fisheye_1785703240.ts,rule2_orphan_pulse,30,3,"orphan on detector '3': orphan pulse duration=4.228s window=[1785703225.763, 1785703239.992]"
2026-08-02 14:41:32 MDT,6c040b6adab845959cd9bb4081282ff7,6c040b6a_fisheye_1785703293.ts,rule2_orphan_pulse,8,42,"orphan on detector '8': orphan pulse duration=4.818s window=[1785703277.280, 1785703292.099]"
2026-08-02 14:41:59 MDT,eb8ea59a2e4642508e8f17750f506270,eb8ea59a_fisheye_1785703319.ts,rule2_orphan_pulse,31,8,"orphan on detector '8': orphan pulse duration=4.79s window=[1785703304.531, 1785703319.321]"
2026-08-02 14:43:14 MDT,641c30c050484fb59afe14e3a1e53083,641c30c0_fisheye_1785703395.ts,rule2_orphan_pulse,8,42,"orphan on detector '8': orphan pulse duration=4.707s window=[1785703379.620, 1785703394.327]"
2026-08-02 14:43:29 MDT,1b71390efdee4b6d824117961e9a54bc,1b71390e_fisheye_1785703409.ts,rule1_continuous_disagreement,41,30,"detector '41' ON, detector '30' OFF for 5.052s (threshold=5.0s)"
2026-08-02 14:43:35 MDT,c6e00bc26ea4447dbcb0839d1598921f,1b71390e_fisheye_1785703409.ts,rule1_continuous_disagreement,3,41,"detector '41' ON, detector '3' OFF for 5.038s (threshold=5.0s)"
2026-08-02 14:44:46 MDT,940428e1ac404b3d88f685d2667be328,940428e1_fisheye_1785703488.ts,rule1_continuous_disagreement,39,22,"detector '39' ON, detector '22' OFF for 5.041s (threshold=5.0s)"
2026-08-02 14:44:48 MDT,75ef7fe8f15d4026b68a9628cd71e262,940428e1_fisheye_1785703488.ts,rule1_continuous_disagreement,33,26,"detector '26' ON, detector '33' OFF for 5.05s (threshold=5.0s)"
2026-08-02 14:46:16 MDT,1544fc8de9974028a66023cc7e2868c4,1544fc8d_fisheye_1785703577.ts,rule1_continuous_disagreement,43,29,"detector '43' ON, detector '29' OFF for 5.044s (threshold=5.0s)"
2026-08-02 14:47:23 MDT,f09acbe51a7d40d4a864cb8dfa15bf91,f09acbe5_fisheye_1785703644.ts,rule1_continuous_disagreement,42,31,"detector '42' ON, detector '31' OFF for 5.046s (threshold=5.0s)"
2026-08-02 14:47:23 MDT,048c82f49c2443db9e288d0c4d3d511e,048c82f4_fisheye_1785703644.ts,rule1_continuous_disagreement,39,22,"detector '39' ON, detector '22' OFF for 5.052s (threshold=5.0s)"
2026-08-02 14:49:00 MDT,32507c0dc823467cb7ad2062bb4ea64d,048c82f4_fisheye_1785703644.ts,rule1_continuous_disagreement,31,8,"detector '8' ON, detector '31' OFF for 5.044s (threshold=5.0s)"
2026-08-02 14:50:03 MDT,e9268c375b854c52a14fe4b9340cc3c8,e9268c37_fisheye_1785703804.ts,rule2_orphan_pulse,30,3,"orphan on detector '3': orphan pulse duration=2.354s window=[1785703791.260, 1785703803.613]"
2026-08-02 14:50:40 MDT,e93d75de09f84c7486e89ff132ad435b,e93d75de_fisheye_1785703841.ts,rule1_continuous_disagreement,8,42,"detector '8' ON, detector '42' OFF for 5.042s (threshold=5.0s)"
2026-08-02 14:50:46 MDT,3a5aeea764fd42b2890123ee22b5ce86,3a5aeea7_fisheye_1785703847.ts,rule2_orphan_pulse,42,31,"orphan on detector '31': orphan pulse duration=1.003s window=[1785703835.640, 1785703846.642]"
2026-08-02 14:52:33 MDT,83bcd7ce91914abcafdb0b0aecd4807d,83bcd7ce_fisheye_1785703954.ts,rule1_continuous_disagreement,8,42,"detector '8' ON, detector '42' OFF for 5.04s (threshold=5.0s)"
2026-08-02 14:52:35 MDT,5bcfd1c62d7a43369d571d85db7f1a25,83bcd7ce_fisheye_1785703954.ts,rule1_continuous_disagreement,31,8,"detector '8' ON, detector '31' OFF for 5.044s (threshold=5.0s)"
2026-08-02 14:52:41 MDT,5bd59f8c98e2452998d66c2d0f17ccae,5bd59f8c_fisheye_1785703962.ts,rule1_continuous_disagreement,3,41,"detector '3' ON, detector '41' OFF for 5.062s (threshold=5.0s)"
2026-08-02 14:53:06 MDT,6959c1b285944815b9d7b5de39a5268c,6959c1b2_fisheye_1785703987.ts,rule2_orphan_pulse,43,29,"orphan on detector '29': orphan pulse duration=0.666s window=[1785703975.521, 1785703986.188]"
2026-08-02 14:53:18 MDT,a31ce01973e745ddabd6842cbdae40e2,a31ce019_fisheye_1785703999.ts,rule1_continuous_disagreement,39,22,"detector '39' ON, detector '22' OFF for 5.051s (threshold=5.0s)"
2026-08-02 14:54:28 MDT,4999c09e815b41149066ab9ee1f606c7,a31ce019_fisheye_1785703999.ts,rule1_continuous_disagreement,31,8,"detector '8' ON, detector '31' OFF for 5.047s (threshold=5.0s)"
2026-08-02 14:54:48 MDT,6e42014d8b5e442c93d61678e83af877,a31ce019_fisheye_1785703999.ts,rule1_continuous_disagreement,41,30,"detector '41' ON, detector '30' OFF for 5.056s (threshold=5.0s)"
2026-08-02 14:55:27 MDT,7d63760220614e25b235000fcdc67296,7d637602_fisheye_1785704129.ts,rule1_continuous_disagreement,43,29,"detector '43' ON, detector '29' OFF for 5.038s (threshold=5.0s)"
2026-08-02 14:56:10 MDT,0033d0e1dca14db18a3ab5b3be5cfaa9,0033d0e1_fisheye_1785704171.ts,rule1_continuous_disagreement,41,30,"detector '30' ON, detector '41' OFF for 5.042s (threshold=5.0s)"
2026-08-02 14:56:44 MDT,03a8877f923a4d06aaed821aaf8d1c6f,03a8877f_fisheye_1785704206.ts,rule1_continuous_disagreement,8,42,"detector '8' ON, detector '42' OFF for 5.042s (threshold=5.0s)"
2026-08-02 14:56:51 MDT,5eae6c89daa946c68777f3dcfcadbad0,5eae6c89_fisheye_1785704212.ts,rule1_continuous_disagreement,42,31,"detector '42' ON, detector '31' OFF for 5.043s (threshold=5.0s)"
2026-08-02 14:59:02 MDT,f9b262ffd6304be48cfcc7d8f574fec6,f9b262ff_fisheye_1785704344.ts,rule1_continuous_disagreement,8,42,"detector '8' ON, detector '42' OFF for 5.051s (threshold=5.0s)"
2026-08-02 14:59:08 MDT,21228789c7f54177b352aee3cb2a2084,21228789_fisheye_1785704350.ts,rule2_orphan_pulse,42,31,"orphan on detector '31': orphan pulse duration=1.287s window=[1785704336.998, 1785704348.285]"
2026-08-02 14:59:42 MDT,325ad95421294edf896701085a11bc97,325ad954_fisheye_1785704382.ts,rule2_orphan_pulse,43,29,"orphan on detector '29': orphan pulse duration=1.274s window=[1785704371.183, 1785704382.457]"
2026-08-02 15:02:39 MDT,9f4ae37eaa384d4b8bf897543073875e,9f4ae37e_fisheye_1785704561.ts,rule2_orphan_pulse,39,22,"orphan on detector '39': orphan pulse duration=4.745s window=[1785704544.946, 1785704559.691]"
2026-08-02 15:03:46 MDT,8133109ee1c94b858acb69242432bc75,8133109e_fisheye_1785704627.ts,rule2_orphan_pulse,8,42,"orphan on detector '8': orphan pulse duration=4.829s window=[1785704611.988, 1785704626.817]"
2026-08-02 15:04:04 MDT,6e6a68de9a214725868b8b825153909b,6e6a68de_fisheye_1785704646.ts,rule1_continuous_disagreement,33,26,"detector '26' ON, detector '33' OFF for 5.04s (threshold=5.0s)"
2026-08-02 15:04:09 MDT,08e8ac11897c42cfabf66363697b2ea2,6e6a68de_fisheye_1785704646.ts,rule2_orphan_pulse,8,42,"orphan on detector '8': orphan pulse duration=4.584s window=[1785704635.093, 1785704649.678]"
2026-08-02 15:04:29 MDT,dbfe7fe2fbd04600872aee18c36b4462,dbfe7fe2_fisheye_1785704670.ts,rule1_continuous_disagreement,3,41,"detector '41' ON, detector '3' OFF for 5.047s (threshold=5.0s)"
2026-08-02 15:05:07 MDT,2d8849a19e2d495088fb24aab400a4b3,2d8849a1_fisheye_1785704709.ts,rule1_continuous_disagreement,39,22,"detector '39' ON, detector '22' OFF for 5.049s (threshold=5.0s)"
2026-08-02 15:05:22 MDT,c70268dff33745f2910c9efa96580d93,2d8849a1_fisheye_1785704709.ts,rule2_orphan_pulse,43,29,"orphan on detector '29': orphan pulse duration=0.985s window=[1785704711.044, 1785704722.029]"
2026-08-02 15:05:39 MDT,14187c3c7bd84de685e0a055ccd1f9d1,2d8849a1_fisheye_1785704709.ts,rule2_orphan_pulse,43,29,"orphan on detector '29': orphan pulse duration=0.679s window=[1785704729.044, 1785704739.723]"
2026-08-02 15:06:06 MDT,1c0f1bb72f3f4263b59783cd7d16f27d,2d8849a1_fisheye_1785704709.ts,rule1_continuous_disagreement,31,8,"detector '8' ON, detector '31' OFF for 5.044s (threshold=5.0s)"
2026-08-02 15:06:18 MDT,1f2ffa5304e5401698e481a5a0b172e3,1f2ffa53_fisheye_1785704780.ts,rule1_continuous_disagreement,41,30,"detector '30' ON, detector '41' OFF for 5.056s (threshold=5.0s)"
2026-08-02 15:08:31 MDT,43632246d27e44f8b2d9db4e6da8fac8,43632246_fisheye_1785704911.ts,rule2_orphan_pulse,43,29,"orphan on detector '29': orphan pulse duration=2.905s window=[1785704898.893, 1785704911.798]"
2026-08-02 15:10:53 MDT,08585b95530f4f16b249aabbb526d735,08585b95_fisheye_1785705055.ts,rule2_orphan_pulse,31,8,"orphan on detector '8': orphan pulse duration=3.927s window=[1785705039.905, 1785705053.832]"
2026-08-02 15:11:34 MDT,5cf16c2764014aadad4606b33d593356,5cf16c27_fisheye_1785705096.ts,rule1_continuous_disagreement,39,22,"detector '22' ON, detector '39' OFF for 5.036s (threshold=5.0s)"
2026-08-02 15:12:38 MDT,a0443d19a5d64d74836d3d491f81dde2,a0443d19_fisheye_1785705159.ts,rule1_continuous_disagreement,31,8,"detector '8' ON, detector '31' OFF for 5.05s (threshold=5.0s)"
2026-08-02 15:12:55 MDT,dfb0b710bc2f415aaa6ab7d83b40554f,dfb0b710_fisheye_1785705175.ts,rule2_orphan_pulse,30,3,"orphan on detector '3': orphan pulse duration=1.31s window=[1785705163.792, 1785705175.102]"
2026-08-02 15:13:58 MDT,7f44819cf0284d5083fdb0567d7683ed,383019f4_fisheye_1785705240.ts,rule1_continuous_disagreement,41,30,"detector '30' ON, detector '41' OFF for 5.039s (threshold=5.0s)"
2026-08-02 15:14:00 MDT,383019f484c047ada8a3c297b3843287,383019f4_fisheye_1785705240.ts,rule1_continuous_disagreement,3,41,"detector '3' ON, detector '41' OFF for 5.048s (threshold=5.0s)"
2026-08-02 15:14:27 MDT,60c247ea57b147dcbf8730d813422e86,60c247ea_fisheye_1785705268.ts,rule2_orphan_pulse,43,29,"orphan on detector '29': orphan pulse duration=0.971s window=[1785705256.100, 1785705267.072]"
2026-08-02 15:15:36 MDT,02fc052d33cf4dff8d0b7bba9386275f,02fc052d_fisheye_1785705337.ts,rule2_orphan_pulse,31,8,"orphan on detector '8': orphan pulse duration=4.547s window=[1785705322.060, 1785705336.608]"
2026-08-02 15:16:39 MDT,e18fbd4f145e45ce98deeb7459dc99a0,e18fbd4f_fisheye_1785705400.ts,rule1_continuous_disagreement,39,22,"detector '39' ON, detector '22' OFF for 5.057s (threshold=5.0s)"
2026-08-02 15:18:42 MDT,fe21104aba784bb4b104351581771b7d,fe21104a_fisheye_1785705522.ts,rule1_continuous_disagreement,43,29,"detector '43' ON, detector '29' OFF for 5.038s (threshold=5.0s)"
2026-08-02 15:18:42 MDT,a6ac61cc84224c5893135f8583f33528,a6ac61cc_fisheye_1785705524.ts,rule2_orphan_pulse,31,8,"orphan on detector '8': orphan pulse duration=2.886s window=[1785705509.704, 1785705522.590]"
2026-08-02 15:18:55 MDT,e9a8174e00e3495b8a2fc318eb29f57f,e9a8174e_fisheye_1785705536.ts,rule2_orphan_pulse,38,24,"orphan on detector '24': orphan pulse duration=0.968s window=[1785705524.419, 1785705535.387]"
2026-08-02 15:19:02 MDT,7c88835f2041407baeea5c9f2d8cb67e,7c88835f_fisheye_1785705544.ts,rule1_continuous_disagreement,3,41,"detector '3' ON, detector '41' OFF for 5.052s (threshold=5.0s)"
2026-08-02 15:22:27 MDT,757e659f6e6d42c0b3b064bec01f3141,7c88835f_fisheye_1785705544.ts,rule1_continuous_disagreement,31,8,"detector '8' ON, detector '31' OFF for 5.063s (threshold=5.0s)"
2026-08-02 15:23:11 MDT,53d28aee92f445d0ada8efbe3eea2c01,37c97a22_fisheye_1785705794.ts,rule1_continuous_disagreement,39,22,"detector '39' ON, detector '22' OFF for 5.039s (threshold=5.0s)"
2026-08-02 15:23:12 MDT,37c97a22df944323b48a20246a81121e,37c97a22_fisheye_1785705794.ts,rule1_continuous_disagreement,4,39,"detector '39' ON, detector '4' OFF for 5.046s (threshold=5.0s)"
2026-08-02 15:25:11 MDT,774259889f7d4a3fbe30343ac8b896bc,77425988_fisheye_1785705913.ts,rule1_continuous_disagreement,39,22,"detector '39' ON, detector '22' OFF for 5.047s (threshold=5.0s)"
2026-08-02 15:25:31 MDT,4457a7e4f2824ea0aa222f0af5404496,77425988_fisheye_1785705913.ts,rule1_continuous_disagreement,38,24,"detector '24' ON, detector '38' OFF for 5.042s (threshold=5.0s)"
2026-08-02 15:26:22 MDT,7abf06dfe93e412e98a7be9b990b2012,305cda8a_fisheye_1785705986.ts,rule1_continuous_disagreement,33,26,"detector '26' ON, detector '33' OFF for 5.049s (threshold=5.0s)"
2026-08-02 15:26:25 MDT,305cda8a17e34ade94fcd4578411d861,305cda8a_fisheye_1785705986.ts,rule1_continuous_disagreement,39,22,"detector '39' ON, detector '22' OFF for 5.046s (threshold=5.0s)"
2026-08-02 15:28:12 MDT,7383e35895bd4242969bdf2a4ce7ad87,7383e358_fisheye_1785706092.ts,rule1_continuous_disagreement,4,39,"detector '39' ON, detector '4' OFF for 5.031s (threshold=5.0s)"
2026-08-02 15:28:20 MDT,bbd7282ce5e044778a34aa36ac15ca0b,bbd7282c_fisheye_1785706100.ts,rule2_orphan_pulse,31,8,"orphan on detector '8': orphan pulse duration=4.873s window=[1785706085.280, 1785706100.152]"
2026-08-02 15:28:43 MDT,f322ccb824fb4561a1e1064192913721,f322ccb8_fisheye_1785706124.ts,rule2_orphan_pulse,43,29,"orphan on detector '29': orphan pulse duration=0.656s window=[1785706113.014, 1785706123.671]"
2026-08-02 15:28:46 MDT,1fbd9e795b2c4b69b90e8dbc88598c2c,f322ccb8_fisheye_1785706124.ts,rule1_continuous_disagreement,38,24,"detector '24' ON, detector '38' OFF for 5.048s (threshold=5.0s)"
2026-08-02 15:28:55 MDT,519bc00e000c416e96b908a8e7990cf8,519bc00e_fisheye_1785706136.ts,rule1_continuous_disagreement,43,29,"detector '29' ON, detector '43' OFF for 5.048s (threshold=5.0s)"
2026-08-02 15:29:03 MDT,fce414df2dff425bbe915053b942f471,fce414df_fisheye_1785706145.ts,rule2_orphan_pulse,8,42,"orphan on detector '8': orphan pulse duration=2.272s window=[1785706131.499, 1785706143.771]"
2026-08-02 15:29:31 MDT,ee5dcbda708a4296832eca6fec246228,ee5dcbda_fisheye_1785706173.ts,rule1_continuous_disagreement,31,8,"detector '8' ON, detector '31' OFF for 5.039s (threshold=5.0s)"
2026-08-02 15:30:20 MDT,1cd9b5887f0140bc858d2407e94772b7,1cd9b588_fisheye_1785706222.ts,rule2_orphan_pulse,42,31,"orphan on detector '31': orphan pulse duration=0.976s window=[1785706209.077, 1785706220.053]"
2026-08-02 15:31:46 MDT,c1b6478817a449ed9fbf72c95f21dfca,c1b64788_fisheye_1785706307.ts,rule1_continuous_disagreement,39,22,"detector '39' ON, detector '22' OFF for 5.036s (threshold=5.0s)"
2026-08-02 15:32:13 MDT,3a659c45ea9341e893ed58a00fcd5521,c1b64788_fisheye_1785706307.ts,rule1_continuous_disagreement,31,8,"detector '8' ON, detector '31' OFF for 5.047s (threshold=5.0s)"
2026-08-02 15:33:12 MDT,2d80802a192d4886bb7bed92f3a1fd16,c1b64788_fisheye_1785706307.ts,rule2_orphan_pulse,43,29,"orphan on detector '43': orphan pulse duration=1.894s window=[1785706380.508, 1785706392.402]"
2026-08-02 15:33:57 MDT,74cf09dcf4254f5ebfa3593260176a03,74cf09dc_fisheye_1785706439.ts,rule1_continuous_disagreement,8,42,"detector '8' ON, detector '42' OFF for 5.048s (threshold=5.0s)"
2026-08-02 15:34:03 MDT,e179d8e500eb41d08c57cc56835f9959,e179d8e5_fisheye_1785706443.ts,rule2_orphan_pulse,42,31,"orphan on detector '31': orphan pulse duration=0.673s window=[1785706432.254, 1785706442.928]"
2026-08-02 15:35:02 MDT,e93a464457914f79b03417682da04574,e93a4644_fisheye_1785706503.ts,rule1_continuous_disagreement,31,8,"detector '8' ON, detector '31' OFF for 5.043s (threshold=5.0s)"
2026-08-02 15:35:26 MDT,84a964fb82c64719915ba31ddafa4665,84a964fb_fisheye_1785706528.ts,rule1_continuous_disagreement,43,29,"detector '43' ON, detector '29' OFF for 5.048s (threshold=5.0s)"
2026-08-02 15:35:35 MDT,0390b39eec674c4fa381aca6c854d114,48c44cf6_fisheye_1785706538.ts,rule2_orphan_pulse,31,8,"orphan on detector '8': orphan pulse duration=3.235s window=[1785706521.815, 1785706535.050]"
2026-08-02 15:35:37 MDT,48c44cf617d844e1aeb98dc90ccb95e8,48c44cf6_fisheye_1785706538.ts,rule2_orphan_pulse,39,22,"orphan on detector '22': orphan pulse duration=0.979s window=[1785706526.967, 1785706537.946]"
2026-08-02 15:36:43 MDT,3dda4f7ca392488e8f92d717fcf175fa,3dda4f7c_fisheye_1785706603.ts,rule1_continuous_disagreement,39,22,"detector '39' ON, detector '22' OFF for 5.035s (threshold=5.0s)"
2026-08-02 15:37:18 MDT,b8d7d2bdfdbc46febdae403f6052935e,3dda4f7c_fisheye_1785706603.ts,rule1_continuous_disagreement,8,42,"detector '8' ON, detector '42' OFF for 5.047s (threshold=5.0s)"
2026-08-02 15:38:27 MDT,fddbc2420ec145c1b59f05d704d17b54,fddbc242_fisheye_1785706708.ts,rule2_orphan_pulse,43,29,"orphan on detector '29': orphan pulse duration=1.302s window=[1785706696.584, 1785706707.886]"
2026-08-02 15:38:48 MDT,ceb944e20a9a4584b892fc6095ca3003,ceb944e2_fisheye_1785706728.ts,rule2_orphan_pulse,43,29,"orphan on detector '43': orphan pulse duration=3.532s window=[1785706715.081, 1785706728.613]"
2026-08-02 15:38:50 MDT,ac0de91e9515437a8ccdf5532dd99f54,ceb944e2_fisheye_1785706728.ts,rule2_orphan_pulse,31,8,"orphan on detector '8': orphan pulse duration=1.109s window=[1785706719.718, 1785706730.827]"
2026-08-02 15:39:10 MDT,39695066a0774046a338018a40257519,719b5b44_fisheye_1785706753.ts,rule1_continuous_disagreement,31,8,"detector '8' ON, detector '31' OFF for 5.045s (threshold=5.0s)"
2026-08-02 15:39:11 MDT,719b5b44aaa34888a1195807cec9c7a5,719b5b44_fisheye_1785706753.ts,rule1_continuous_disagreement,38,24,"detector '38' ON, detector '24' OFF for 5.052s (threshold=5.0s)"
2026-08-02 15:39:24 MDT,8580c87ed9214c73a2e43e1508d9ff3e,e551caa4_fisheye_1785706767.ts,rule1_continuous_disagreement,41,30,"detector '30' ON, detector '41' OFF for 5.049s (threshold=5.0s)"
2026-08-02 15:39:26 MDT,e551caa42a964b66be0c4ae7b8ace796,e551caa4_fisheye_1785706767.ts,rule1_continuous_disagreement,3,41,"detector '3' ON, detector '41' OFF for 5.053s (threshold=5.0s)"
2026-08-02 15:42:42 MDT,a3bd268a7e9947f0b8cd26b60da5d5aa,a3bd268a_fisheye_1785706964.ts,rule1_continuous_disagreement,46,17,"detector '17' ON, detector '46' OFF for 5.044s (threshold=5.0s)"
2026-08-02 15:42:51 MDT,4b31a4623b4d4a198041ae4d59b0b412,a3bd268a_fisheye_1785706964.ts,rule1_continuous_disagreement,41,30,"detector '41' ON, detector '30' OFF for 5.038s (threshold=5.0s)"
2026-08-02 15:44:02 MDT,8e15feddfe7f4061ad8734e4fd3d50ff,a3bd268a_fisheye_1785706964.ts,rule2_orphan_pulse,8,42,"orphan on detector '8': orphan pulse duration=0.988s window=[1785707031.098, 1785707042.087]"
2026-08-02 15:44:22 MDT,f4f9e20dec7042aeacab520e36c72603,f4f9e20d_fisheye_1785707063.ts,rule1_continuous_disagreement,3,41,"detector '41' ON, detector '3' OFF for 5.052s (threshold=5.0s)"
2026-08-02 15:44:51 MDT,27dcd629e6fa491bb0f8498d19e5bd00,27dcd629_fisheye_1785707092.ts,rule1_continuous_disagreement,38,24,"detector '24' ON, detector '38' OFF for 5.033s (threshold=5.0s)"
2026-08-02 15:44:56 MDT,a2e5bde119e64649959d0185cbc622a5,27dcd629_fisheye_1785707092.ts,rule1_continuous_disagreement,42,31,"detector '42' ON, detector '31' OFF for 5.043s (threshold=5.0s)"
2026-08-02 15:45:30 MDT,e98021a853bb4dc3b4f6db059f05e861,27dcd629_fisheye_1785707092.ts,rule2_orphan_pulse,31,8,"orphan on detector '8': orphan pulse duration=4.863s window=[1785707115.674, 1785707130.537]"
2026-08-02 15:46:00 MDT,fb79fbe6d01c4ddc82227682d07998ef,fb79fbe6_fisheye_1785707161.ts,rule2_orphan_pulse,30,3,"orphan on detector '3': orphan pulse duration=0.676s window=[1785707150.039, 1785707160.715]"
2026-08-02 15:47:13 MDT,3bd4ae53b8cd4a418b5ec72a7d657a3f,3bd4ae53_fisheye_1785707234.ts,rule2_orphan_pulse,41,30,"orphan on detector '30': orphan pulse duration=1.333s window=[1785707222.005, 1785707233.337]"
2026-08-02 15:47:34 MDT,c77d1edf16a34cf99b451588121d10ef,c77d1edf_fisheye_1785707256.ts,rule2_orphan_pulse,31,8,"orphan on detector '8': orphan pulse duration=4.224s window=[1785707240.334, 1785707254.558]"
2026-08-02 15:48:15 MDT,575ad2fd1cf24b92833489ea158ac6fc,575ad2fd_fisheye_1785707296.ts,rule2_orphan_pulse,41,30,"orphan on detector '30': orphan pulse duration=1.279s window=[1785707283.824, 1785707295.103]"
2026-08-02 15:48:35 MDT,257c58c36a8f4795bedd9398dd592ec0,257c58c3_fisheye_1785707317.ts,rule1_continuous_disagreement,39,22,"detector '39' ON, detector '22' OFF for 5.035s (threshold=5.0s)"
2026-08-02 15:48:50 MDT,1d18baa546e14e37a77149df05c5ed3f,257c58c3_fisheye_1785707317.ts,rule2_orphan_pulse,8,42,"orphan on detector '8': orphan pulse duration=3.927s window=[1785707316.841, 1785707330.767]"
2026-08-02 15:50:46 MDT,0cb94b9a9f5e45698691f7255141ec44,0cb94b9a_fisheye_1785707446.ts,rule1_continuous_disagreement,42,31,"detector '31' ON, detector '42' OFF for 5.038s (threshold=5.0s)"
2026-08-02 15:52:36 MDT,99846f3e94344e48a92f20c7236002eb,99846f3e_fisheye_1785707558.ts,rule1_continuous_disagreement,31,8,"detector '8' ON, detector '31' OFF for 5.058s (threshold=5.0s)"
2026-08-02 15:52:43 MDT,23aaec859d6e436aaf678685a162707a,23aaec85_fisheye_1785707564.ts,rule2_orphan_pulse,42,31,"orphan on detector '31': orphan pulse duration=1.014s window=[1785707552.168, 1785707563.183]"
2026-08-02 15:53:48 MDT,ec6553a9d9c04ac9935fef164e4a51c0,ec6553a9_fisheye_1785707629.ts,rule1_continuous_disagreement,42,31,"detector '31' ON, detector '42' OFF for 5.036s (threshold=5.0s)"
2026-08-02 15:54:23 MDT,de020964bc4a4874b40507bb397b2db8,de020964_fisheye_1785707665.ts,rule1_continuous_disagreement,33,26,"detector '33' ON, detector '26' OFF for 5.039s (threshold=5.0s)"
2026-08-02 15:54:24 MDT,1aa3582f42e74f0d8368ff76180b869a,1aa3582f_fisheye_1785707665.ts,rule1_continuous_disagreement,41,30,"detector '41' ON, detector '30' OFF for 5.039s (threshold=5.0s)"
2026-08-02 15:57:04 MDT,62aa04a0aedd439084ed8ef5e4a4fff1,62aa04a0_fisheye_1785707826.ts,rule1_continuous_disagreement,39,22,"detector '39' ON, detector '22' OFF for 5.042s (threshold=5.0s)"
2026-08-02 15:57:11 MDT,a0dad8bce3c34622bd7ce9d481612315,62aa04a0_fisheye_1785707826.ts,rule1_continuous_disagreement,42,31,"detector '31' ON, detector '42' OFF for 5.049s (threshold=5.0s)"
2026-08-02 15:57:30 MDT,923d07391fdf4055a978e051e23f085d,62aa04a0_fisheye_1785707826.ts,rule1_continuous_disagreement,31,8,"detector '8' ON, detector '31' OFF for 5.056s (threshold=5.0s)"
2026-08-02 15:57:42 MDT,64e3a04b75c540e1add6560550b2d881,64e3a04b_fisheye_1785707864.ts,rule1_continuous_disagreement,33,26,"detector '26' ON, detector '33' OFF for 5.037s (threshold=5.0s)"
2026-08-02 15:58:33 MDT,c77e21c33e2942369f410a8c92c7f8a2,64e3a04b_fisheye_1785707864.ts,rule1_continuous_disagreement,8,42,"detector '8' ON, detector '42' OFF for 5.061s (threshold=5.0s)"
2026-08-02 15:58:41 MDT,f58758c307a04649a5a54163f9fc78b5,64e3a04b_fisheye_1785707864.ts,rule2_orphan_pulse,42,31,"orphan on detector '31': orphan pulse duration=1.303s window=[1785707910.103, 1785707921.406]"
2026-08-02 15:59:52 MDT,d724d4a787f7489288b302433eaec748,d724d4a7_fisheye_1785707994.ts,rule1_continuous_disagreement,39,22,"detector '39' ON, detector '22' OFF for 5.053s (threshold=5.0s)"
2026-08-02 15:59:55 MDT,bf0887a5db0f4216a3d5ec359d717cae,bf0887a5_fisheye_1785707996.ts,rule1_continuous_disagreement,46,17,"detector '17' ON, detector '46' OFF for 5.058s (threshold=5.0s)"
2026-08-02 16:02:29 MDT,716f3144957a490abf253b81e3bf2a03,716f3144_fisheye_1785708150.ts,rule2_orphan_pulse,41,30,"orphan on detector '41': orphan pulse duration=1.671s window=[1785708137.662, 1785708149.333]"
2026-08-02 16:02:40 MDT,d611b71a13b0411793863bd68bf5e70d,d611b71a_fisheye_1785708160.ts,rule1_continuous_disagreement,41,30,"detector '41' ON, detector '30' OFF for 5.039s (threshold=5.0s)"
2026-08-02 16:02:46 MDT,2e6821587eec49389d2461266b4516ae,2e682158_fisheye_1785708168.ts,rule1_continuous_disagreement,30,3,"detector '30' ON, detector '3' OFF for 5.044s (threshold=5.0s)"
2026-08-02 16:03:08 MDT,d8c848cd2e5a473592a9b10ab1436867,d8c848cd_fisheye_1785708189.ts,rule1_continuous_disagreement,31,8,"detector '8' ON, detector '31' OFF for 5.04s (threshold=5.0s)"
2026-08-02 16:03:16 MDT,70d0123636e04b3cb367b364d488f607,70d01236_fisheye_1785708197.ts,rule2_orphan_pulse,43,29,"orphan on detector '43': orphan pulse duration=1.956s window=[1785708184.073, 1785708196.029]"
2026-08-02 16:03:26 MDT,b19a7f06ec53450dabb00437adc62afd,b19a7f06_fisheye_1785708207.ts,rule2_orphan_pulse,43,29,"orphan on detector '29': orphan pulse duration=0.985s window=[1785708195.812, 1785708206.798]"
2026-08-02 16:03:57 MDT,0fed05446a97486894194344e80d5925,0fed0544_fisheye_1785708237.ts,rule1_continuous_disagreement,39,22,"detector '39' ON, detector '22' OFF for 5.048s (threshold=5.0s)"
2026-08-02 16:04:13 MDT,2159f74b201440e0911fb02f15f73024,0fed0544_fisheye_1785708237.ts,rule2_orphan_pulse,8,42,"orphan on detector '8': orphan pulse duration=4.633s window=[1785708239.184, 1785708253.817]"
2026-08-02 16:05:32 MDT,46525361da324e68bdeb929c0df60733,46525361_fisheye_1785708333.ts,rule1_continuous_disagreement,41,30,"detector '41' ON, detector '30' OFF for 5.046s (threshold=5.0s)"
2026-08-02 16:06:07 MDT,d6e456770b304b5da96479de1d32a034,d6e45677_fisheye_1785708367.ts,rule2_orphan_pulse,43,29,"orphan on detector '29': orphan pulse duration=1.292s window=[1785708356.251, 1785708367.543]"
2026-08-02 16:07:07 MDT,23dd5bae6841445a97b9e636a766fa1f,23dd5bae_fisheye_1785708428.ts,rule1_continuous_disagreement,31,8,"detector '8' ON, detector '31' OFF for 5.044s (threshold=5.0s)"
2026-08-02 16:10:19 MDT,b2e9da2ce30e4f58bbea77423389e64a,b2e9da2c_fisheye_1785708621.ts,rule1_continuous_disagreement,30,3,"detector '30' ON, detector '3' OFF for 5.042s (threshold=5.0s)"
2026-08-02 16:11:44 MDT,d4fc1f4bfd774149b4a036c49bd61479,d4fc1f4b_fisheye_1785708704.ts,rule2_orphan_pulse,43,29,"orphan on detector '29': orphan pulse duration=0.673s window=[1785708693.316, 1785708703.989]"
2026-08-02 16:11:52 MDT,92ac1b0c660d40baab6fc576b00971f3,92ac1b0c_fisheye_1785708714.ts,rule1_continuous_disagreement,42,31,"detector '31' ON, detector '42' OFF for 5.031s (threshold=5.0s)"
2026-08-02 16:13:01 MDT,8514d143888a417ca82e98d2350ce9a1,8514d143_fisheye_1785708783.ts,rule2_orphan_pulse,42,31,"orphan on detector '42': orphan pulse duration=0.707s window=[1785708771.126, 1785708781.833]"
2026-08-02 16:13:28 MDT,18b1440051bb4201b66af28d4b27a6bd,18b14400_fisheye_1785708809.ts,rule1_continuous_disagreement,41,30,"detector '30' ON, detector '41' OFF for 5.051s (threshold=5.0s)"
2026-08-02 16:13:30 MDT,05366f00a940463f96ce083beabc275b,05366f00_fisheye_1785708811.ts,rule1_continuous_disagreement,3,41,"detector '3' ON, detector '41' OFF for 5.058s (threshold=5.0s)"
2026-08-02 16:15:45 MDT,aabd8a2f04e94d1ab4d0014c786dda43,01852f71_fisheye_1785708945.ts,rule2_orphan_pulse,4,39,"orphan on detector '4': orphan pulse duration=0.672s window=[1785708934.480, 1785708945.153]"
2026-08-02 16:15:45 MDT,01852f71b93a4753b8240e11934521df,01852f71_fisheye_1785708945.ts,rule2_orphan_pulse,38,24,"orphan on detector '24': orphan pulse duration=0.663s window=[1785708934.827, 1785708945.489]"
2026-08-02 16:18:36 MDT,068a608f931042aba51f46b91d4bd01d,068a608f_fisheye_1785709118.ts,rule2_orphan_pulse,43,29,"orphan on detector '29': orphan pulse duration=0.716s window=[1785709106.199, 1785709116.916]"
2026-08-02 16:18:40 MDT,f9b9cbb6510a4de68916f78cd4a7675c,f9b9cbb6_fisheye_1785709122.ts,rule1_continuous_disagreement,31,8,"detector '8' ON, detector '31' OFF for 5.05s (threshold=5.0s)"
2026-08-02 16:19:22 MDT,532e54f8a9b04862a3fba291eeab6c43,532e54f8_fisheye_1785709162.ts,rule1_continuous_disagreement,31,8,"detector '8' ON, detector '31' OFF for 5.056s (threshold=5.0s)"
2026-08-02 16:19:31 MDT,5e15aa4a6e93467aa9cd8a9a389614d8,532e54f8_fisheye_1785709162.ts,rule1_continuous_disagreement,8,42,"detector '8' ON, detector '42' OFF for 5.044s (threshold=5.0s)"
2026-08-02 16:20:20 MDT,74e8cc637eef4e239e513f21f52f7b70,74e8cc63_fisheye_1785709221.ts,rule1_continuous_disagreement,41,30,"detector '30' ON, detector '41' OFF for 5.04s (threshold=5.0s)"
2026-08-02 16:21:39 MDT,c5925065d65d41df82662c70737fa483,c5925065_fisheye_1785709300.ts,rule1_continuous_disagreement,39,22,"detector '39' ON, detector '22' OFF for 5.061s (threshold=5.0s)"
2026-08-02 16:21:52 MDT,79e2509e1b4e4395bf9808628ecfece0,c5925065_fisheye_1785709300.ts,rule1_continuous_disagreement,42,31,"detector '31' ON, detector '42' OFF for 5.04s (threshold=5.0s)"
2026-08-02 16:22:42 MDT,e7f4035771bc4061853cc42e8f6ec2c6,c5925065_fisheye_1785709300.ts,rule2_orphan_pulse,31,8,"orphan on detector '8': orphan pulse duration=1.351s window=[1785709350.858, 1785709362.209]"
2026-08-02 16:24:10 MDT,a50001f3f11d45d896d77d735cea38c3,c5925065_fisheye_1785709300.ts,rule1_continuous_disagreement,31,8,"detector '8' ON, detector '31' OFF for 5.035s (threshold=5.0s)"
2026-08-02 16:27:15 MDT,421b44cd5d994075ab8dc436e30ccb00,421b44cd_fisheye_1785709637.ts,rule2_orphan_pulse,31,8,"orphan on detector '8': orphan pulse duration=4.832s window=[1785709620.401, 1785709635.233]"
2026-08-02 16:28:11 MDT,e3d2b0d1d3e04da49c2e4e2c61a6cde7,e3d2b0d1_fisheye_1785709691.ts,rule1_continuous_disagreement,31,8,"detector '8' ON, detector '31' OFF for 5.043s (threshold=5.0s)"
2026-08-02 16:29:18 MDT,f39fdbd31a894ac49c6a437dfb23f831,f39fdbd3_fisheye_1785709758.ts,rule1_continuous_disagreement,39,22,"detector '39' ON, detector '22' OFF for 5.053s (threshold=5.0s)"
2026-08-02 16:29:30 MDT,c409873e3fd6406b8bac378b35ce25fc,c409873e_fisheye_1785709771.ts,rule1_continuous_disagreement,33,26,"detector '26' ON, detector '33' OFF for 5.056s (threshold=5.0s)"
2026-08-02 16:30:30 MDT,ba44d9d047aa49b59933058685c09d15,ba44d9d0_fisheye_1785709831.ts,rule1_continuous_disagreement,39,22,"detector '39' ON, detector '22' OFF for 5.043s (threshold=5.0s)"
2026-08-02 16:31:03 MDT,70fe34036a2444319b0d329d7cac48cb,70fe3403_fisheye_1785709864.ts,rule2_orphan_pulse,39,22,"orphan on detector '22': orphan pulse duration=1.931s window=[1785709851.885, 1785709863.816]"
2026-08-02 16:31:33 MDT,1340b814fa414e3fa99ea877b2bb1d1b,1340b814_fisheye_1785709894.ts,rule2_orphan_pulse,39,22,"orphan on detector '22': orphan pulse duration=3.1s window=[1785709880.625, 1785709893.725]"
2026-08-02 16:32:06 MDT,174de9359d764583adbba9cad73fe1e8,e3fbef06_fisheye_1785709931.ts,rule1_continuous_disagreement,31,8,"detector '8' ON, detector '31' OFF for 5.034s (threshold=5.0s)"
2026-08-02 16:32:10 MDT,e3fbef06a0484049b10f559521bc9912,e3fbef06_fisheye_1785709931.ts,rule1_continuous_disagreement,43,29,"detector '29' ON, detector '43' OFF for 5.041s (threshold=5.0s)"
2026-08-02 16:32:19 MDT,de5f0caf739c4dbda59d7cc37ec8bf5d,de5f0caf_fisheye_1785709941.ts,rule2_orphan_pulse,41,30,"orphan on detector '30': orphan pulse duration=2.881s window=[1785709926.949, 1785709939.830]"
2026-08-02 16:32:23 MDT,ece285d321154475a580018ed7a34c75,ece285d3_fisheye_1785709945.ts,rule1_continuous_disagreement,3,41,"detector '3' ON, detector '41' OFF for 5.047s (threshold=5.0s)"
2026-08-02 16:33:07 MDT,84c5eb1313f2475cb83e7798d7871c5e,84c5eb13_fisheye_1785709988.ts,rule1_continuous_disagreement,30,3,"detector '30' ON, detector '3' OFF for 5.055s (threshold=5.0s)"
2026-08-02 16:33:10 MDT,8e7cb8990433480aa26e24cf7780fdae,84c5eb13_fisheye_1785709988.ts,rule2_orphan_pulse,42,31,"orphan on detector '42': orphan pulse duration=3.238s window=[1785709976.986, 1785709990.224]"
2026-08-02 16:34:06 MDT,e05057c18c854377b843b4dba660af58,e05057c1_fisheye_1785710046.ts,rule2_orphan_pulse,43,29,"orphan on detector '29': orphan pulse duration=1.66s window=[1785710034.741, 1785710046.401]"
2026-08-02 16:34:42 MDT,e7ce36af81f24f16a8a512ab0bd34856,e7ce36af_fisheye_1785710083.ts,rule1_continuous_disagreement,46,17,"detector '17' ON, detector '46' OFF for 5.043s (threshold=5.0s)"
2026-08-02 16:36:57 MDT,6e43c630319a427990b5d8aa09f54000,6e43c630_fisheye_1785710219.ts,rule1_continuous_disagreement,42,31,"detector '31' ON, detector '42' OFF for 5.043s (threshold=5.0s)"
2026-08-02 16:37:04 MDT,e371ca046d794dc0bbef3055ee585f83,e371ca04_fisheye_1785710225.ts,rule2_orphan_pulse,43,29,"orphan on detector '43': orphan pulse duration=4.007s window=[1785710210.881, 1785710224.889]"
2026-08-02 16:37:50 MDT,c2ba91c5e1d84469a040c1c0360fbb20,c2ba91c5_fisheye_1785710271.ts,rule2_orphan_pulse,2,46,"orphan on detector '2': orphan pulse duration=0.679s window=[1785710259.630, 1785710270.309]"
2026-08-02 16:39:52 MDT,e64cab16ccae4187ba04f9c0a0fd1a93,e64cab16_fisheye_1785710393.ts,rule2_orphan_pulse,42,31,"orphan on detector '31': orphan pulse duration=0.971s window=[1785710381.689, 1785710392.660]"
2026-08-02 16:40:02 MDT,459026df99704e8e98e2c44fa53427ca,e64cab16_fisheye_1785710393.ts,rule1_continuous_disagreement,41,30,"detector '30' ON, detector '41' OFF for 5.045s (threshold=5.0s)"
2026-08-02 16:40:13 MDT,1d95d54358594467af67e8405406d118,1d95d543_fisheye_1785710413.ts,rule2_orphan_pulse,43,29,"orphan on detector '29': orphan pulse duration=1.022s window=[1785710402.250, 1785710413.272]"
2026-08-02 16:40:41 MDT,5b4819b5886042e095a7ea2d0d1d4067,5b4819b5_fisheye_1785710442.ts,rule2_orphan_pulse,30,3,"orphan on detector '3': orphan pulse duration=1.72s window=[1785710429.546, 1785710441.266]"
2026-08-02 16:43:59 MDT,bb18ebefe3364ddcbc6c4872bfdbe27b,bb18ebef_fisheye_1785710640.ts,rule1_continuous_disagreement,2,46,"detector '46' ON, detector '2' OFF for 5.039s (threshold=5.0s)"
2026-08-02 16:44:30 MDT,9ad2a51aac0c4e85a7c8c29958169eb9,9ad2a51a_fisheye_1785710671.ts,rule1_continuous_disagreement,39,22,"detector '39' ON, detector '22' OFF for 5.047s (threshold=5.0s)"
2026-08-02 16:45:29 MDT,e7890391c9ff4b0b8c17312ac170b97d,9ad2a51a_fisheye_1785710671.ts,rule1_continuous_disagreement,17,2,"detector '17' ON, detector '2' OFF for 5.05s (threshold=5.0s)"
2026-08-02 16:46:03 MDT,a0d9d23344c0402e9ddee9f8ae49194c,a0d9d233_fisheye_1785710764.ts,rule1_continuous_disagreement,38,24,"detector '24' ON, detector '38' OFF for 5.037s (threshold=5.0s)"
2026-08-02 16:46:51 MDT,c592f7c6dd0549b0aa4593aa76eab00f,c592f7c6_fisheye_1785710813.ts,rule2_orphan_pulse,8,42,"orphan on detector '8': orphan pulse duration=4.373s window=[1785710797.088, 1785710811.460]"
2026-08-02 16:48:46 MDT,aba5e977d2514738a18341d2f253d178,aba5e977_fisheye_1785710926.ts,rule2_orphan_pulse,22,4,"orphan on detector '22': orphan pulse duration=1.368s window=[1785710915.361, 1785710926.730]"
2026-08-02 16:49:22 MDT,2ce228df4c2d4b3fadaf93b464f0d0f2,2ce228df_fisheye_1785710963.ts,rule2_orphan_pulse,43,29,"orphan on detector '29': orphan pulse duration=4.23s window=[1785710948.074, 1785710962.304]"
2026-08-02 16:49:26 MDT,9b50332cc4594a5bbe1222f2fc096770,2ce228df_fisheye_1785710963.ts,rule1_continuous_disagreement,3,41,"detector '3' ON, detector '41' OFF for 5.052s (threshold=5.0s)"
2026-08-02 16:50:22 MDT,04bb92fa1d9f4995a563dc7ba4313f85,04bb92fa_fisheye_1785711024.ts,rule1_continuous_disagreement,31,8,"detector '8' ON, detector '31' OFF for 5.052s (threshold=5.0s)"
2026-08-02 16:52:12 MDT,e647f00b00fd4b448b79ef5cf86c597e,e647f00b_fisheye_1785711133.ts,rule2_orphan_pulse,43,29,"orphan on detector '29': orphan pulse duration=0.691s window=[1785711121.708, 1785711132.400]"
2026-08-02 16:52:30 MDT,28b1f1336e2548b1ad0dc381f48abe56,28b1f133_fisheye_1785711151.ts,rule1_continuous_disagreement,7,38,"detector '7' ON, detector '38' OFF for 5.051s (threshold=5.0s)"
2026-08-02 16:52:53 MDT,5f81fb714d034b9a99429847a09d2d31,5f81fb71_fisheye_1785711174.ts,rule2_orphan_pulse,43,29,"orphan on detector '29': orphan pulse duration=1.325s window=[1785711162.527, 1785711173.852]"
2026-08-02 16:54:42 MDT,e8bd5a671a884f3a938fcfad6225d601,e8bd5a67_fisheye_1785711283.ts,rule1_continuous_disagreement,41,30,"detector '30' ON, detector '41' OFF for 5.042s (threshold=5.0s)"
2026-08-02 16:54:56 MDT,ebec375336414c67b999872c6503e046,e8bd5a67_fisheye_1785711283.ts,rule1_continuous_disagreement,33,26,"detector '33' ON, detector '26' OFF for 5.045s (threshold=5.0s)"
2026-08-02 16:55:37 MDT,2d8d2c09b1394b8aa2cb01da4e268ea9,2d8d2c09_fisheye_1785711338.ts,rule2_orphan_pulse,43,29,"orphan on detector '29': orphan pulse duration=0.673s window=[1785711326.802, 1785711337.475]"
2026-08-02 16:56:21 MDT,1985a746dc454d24b5aa935bdc62e42c,1985a746_fisheye_1785711383.ts,rule2_orphan_pulse,31,8,"orphan on detector '8': orphan pulse duration=0.668s window=[1785711370.583, 1785711381.251]"
2026-08-02 16:56:53 MDT,efe2e202bf414f7c81024b6f78a89253,efe2e202_fisheye_1785711413.ts,rule1_continuous_disagreement,24,7,"detector '24' ON, detector '7' OFF for 5.043s (threshold=5.0s)"
2026-08-02 16:57:28 MDT,24b3328b37de4b21b0a74a615832f942,efe2e202_fisheye_1785711413.ts,rule1_continuous_disagreement,31,8,"detector '8' ON, detector '31' OFF for 5.051s (threshold=5.0s)"
2026-08-02 16:58:27 MDT,277dcd60ff5442fab1de6109093d23bb,277dcd60_fisheye_1785711508.ts,rule2_orphan_pulse,8,42,"orphan on detector '8': orphan pulse duration=1.309s window=[1785711496.183, 1785711507.493]"
2026-08-02 16:58:34 MDT,5af25759e0b8417d8da47453da23e4a6,277dcd60_fisheye_1785711508.ts,rule1_continuous_disagreement,43,29,"detector '43' ON, detector '29' OFF for 5.041s (threshold=5.0s)"
2026-08-02 16:58:48 MDT,e9e342df88e44d3491eddf1c860837f1,e9e342df_fisheye_1785711529.ts,rule2_orphan_pulse,30,3,"orphan on detector '3': orphan pulse duration=1.046s window=[1785711517.809, 1785711528.854]"
2026-08-02 16:59:12 MDT,65ddce4de50045428c042b64e8e37abd,65ddce4d_fisheye_1785711553.ts,rule1_continuous_disagreement,39,22,"detector '39' ON, detector '22' OFF for 5.035s (threshold=5.0s)"
2026-08-02 16:59:32 MDT,e1903f17503e4f878734a97d8c21c506,65ddce4d_fisheye_1785711553.ts,rule2_orphan_pulse,41,30,"orphan on detector '30': orphan pulse duration=2.263s window=[1785711559.755, 1785711572.018]"
2026-08-02 17:01:28 MDT,c2d4024504d54eec9c871334bd55e2e9,c2d40245_fisheye_1785711689.ts,rule1_continuous_disagreement,31,8,"detector '8' ON, detector '31' OFF for 5.057s (threshold=5.0s)"
2026-08-02 17:01:52 MDT,a9e42860358d4f17b15f02853ec21a42,a9e42860_fisheye_1785711713.ts,rule2_orphan_pulse,43,29,"orphan on detector '29': orphan pulse duration=1.31s window=[1785711701.074, 1785711712.384]"
2026-08-02 17:02:15 MDT,922381edad994e8295817d8a3c7eea2d,922381ed_fisheye_1785711736.ts,rule1_continuous_disagreement,39,22,"detector '39' ON, detector '22' OFF for 5.041s (threshold=5.0s)"
2026-08-02 17:02:34 MDT,ab9237b9b9ce42dd9885352060ce12a1,922381ed_fisheye_1785711736.ts,rule2_orphan_pulse,38,24,"orphan on detector '24': orphan pulse duration=1.292s window=[1785711743.485, 1785711754.777]"
2026-08-02 17:03:09 MDT,4eeb092c814b47fdbb05dab0c7c68fe9,922381ed_fisheye_1785711736.ts,rule1_continuous_disagreement,8,42,"detector '8' ON, detector '42' OFF for 5.045s (threshold=5.0s)"
2026-08-02 17:03:19 MDT,f59015c3a8494837b040583e76a8ab75,922381ed_fisheye_1785711736.ts,rule2_orphan_pulse,41,30,"orphan on detector '30': orphan pulse duration=2.604s window=[1785711787.129, 1785711799.733]"
2026-08-02 17:05:29 MDT,d25caadf1eae42c5891f750d4f053507,d25caadf_fisheye_1785711930.ts,rule1_continuous_disagreement,41,30,"detector '30' ON, detector '41' OFF for 5.042s (threshold=5.0s)"
2026-08-02 17:05:31 MDT,aff315d24cc94808bcf6d899e26d0a84,d25caadf_fisheye_1785711930.ts,rule1_continuous_disagreement,3,41,"detector '3' ON, detector '41' OFF for 5.05s (threshold=5.0s)"
2026-08-02 17:07:55 MDT,b28eb5582ae940bd8978e92a36f431d8,b28eb558_fisheye_1785712076.ts,rule2_orphan_pulse,43,29,"orphan on detector '29': orphan pulse duration=1.922s window=[1785712063.592, 1785712075.514]"
2026-08-02 17:08:16 MDT,1775bd81bcae423b8536b3892c98bdee,1775bd81_fisheye_1785712097.ts,rule2_orphan_pulse,38,24,"orphan on detector '24': orphan pulse duration=1.011s window=[1785712085.336, 1785712096.347]"
2026-08-02 17:08:36 MDT,159c4ead66ea490c8f7d5852789b3190,159c4ead_fisheye_1785712117.ts,rule2_orphan_pulse,38,24,"orphan on detector '24': orphan pulse duration=3.329s window=[1785712103.464, 1785712116.793]"
2026-08-02 17:09:07 MDT,873db7d9d30b494db0ca3d0f61d7a723,873db7d9_fisheye_1785712147.ts,rule1_continuous_disagreement,2,46,"detector '2' ON, detector '46' OFF for 5.043s (threshold=5.0s)"
2026-08-02 17:09:19 MDT,29118f0831204437927747b43e41ffc0,29118f08_fisheye_1785712160.ts,rule2_orphan_pulse,42,31,"orphan on detector '31': orphan pulse duration=1.593s window=[1785712147.399, 1785712158.992]"
2026-08-02 17:09:33 MDT,e1be57414e6248149161b7abe0177e24,e1be5741_fisheye_1785712174.ts,rule2_orphan_pulse,42,31,"orphan on detector '31': orphan pulse duration=0.669s window=[1785712163.103, 1785712173.772]"
2026-08-02 17:10:16 MDT,8757e448a54d468193dbdc1420712455,8757e448_fisheye_1785712216.ts,rule2_orphan_pulse,8,42,"orphan on detector '8': orphan pulse duration=4.976s window=[1785712200.943, 1785712215.919]"
2026-08-02 17:10:18 MDT,9e918ab3a6fa4b63a4c48d2cdd03d223,9e918ab3_fisheye_1785712220.ts,rule2_orphan_pulse,42,31,"orphan on detector '31': orphan pulse duration=2.327s window=[1785712206.586, 1785712218.913]"
2026-08-02 17:11:41 MDT,162efda499514e48adb74cf138e75dea,162efda4_fisheye_1785712301.ts,rule1_continuous_disagreement,41,30,"detector '41' ON, detector '30' OFF for 5.043s (threshold=5.0s)"
2026-08-02 17:11:45 MDT,08871ba2ced84ee0bff954ca67c952c1,162efda4_fisheye_1785712301.ts,rule1_continuous_disagreement,3,41,"detector '41' ON, detector '3' OFF for 5.043s (threshold=5.0s)"
2026-08-02 17:14:19 MDT,ac4534ab4c1c4c73a542cff658e4f9d1,ac4534ab_fisheye_1785712460.ts,rule2_orphan_pulse,43,29,"orphan on detector '29': orphan pulse duration=3.069s window=[1785712445.881, 1785712458.950]"
2026-08-02 17:14:20 MDT,26c60888fd62417eb0bae6ac747dbb59,26c60888_fisheye_1785712462.ts,rule1_continuous_disagreement,42,31,"detector '31' ON, detector '42' OFF for 5.049s (threshold=5.0s)"
2026-08-02 17:14:39 MDT,7b5975ff51084d9495046d3674b6f9b9,7b5975ff_fisheye_1785712480.ts,rule2_orphan_pulse,43,29,"orphan on detector '29': orphan pulse duration=2.586s window=[1785712466.637, 1785712479.224]"
2026-08-02 17:14:46 MDT,1894a6c58a314f8c98f95ad3c163756f,1894a6c5_fisheye_1785712486.ts,rule2_orphan_pulse,43,29,"orphan on detector '29': orphan pulse duration=1.306s window=[1785712475.039, 1785712486.345]"
2026-08-02 17:14:57 MDT,3ec9c5127b4146868728340bb06a1a07,3ec9c512_fisheye_1785712498.ts,rule1_continuous_disagreement,41,30,"detector '30' ON, detector '41' OFF for 5.042s (threshold=5.0s)"
2026-08-02 17:15:04 MDT,c5b139aad135431997423d9ecd9c2d37,c5b139aa_fisheye_1785712504.ts,rule2_orphan_pulse,43,29,"orphan on detector '29': orphan pulse duration=0.661s window=[1785712493.876, 1785712504.537]"
2026-08-02 17:15:04 MDT,685801b51d9d476fad7869d177e854b8,685801b5_fisheye_1785712506.ts,rule2_orphan_pulse,39,22,"orphan on detector '39': orphan pulse duration=2.646s window=[1785712492.224, 1785712504.870]"
2026-08-02 17:15:32 MDT,8035e2a0821e4a4486528b61438dbcb5,8035e2a0_fisheye_1785712533.ts,rule1_continuous_disagreement,8,42,"detector '8' ON, detector '42' OFF for 5.044s (threshold=5.0s)"
2026-08-02 17:15:36 MDT,52b923aeb0e642978f7fd23b22670b3b,8035e2a0_fisheye_1785712533.ts,rule1_continuous_disagreement,31,8,"detector '8' ON, detector '31' OFF for 5.047s (threshold=5.0s)"
2026-08-02 17:16:09 MDT,1c01d7ed6b454aa5b0113cf69ff9b0ef,1c01d7ed_fisheye_1785712571.ts,rule1_continuous_disagreement,41,30,"detector '30' ON, detector '41' OFF for 5.042s (threshold=5.0s)"
2026-08-02 17:17:26 MDT,cb52670bff814fd690f7e0f90be10236,cb52670b_fisheye_1785712646.ts,rule2_orphan_pulse,43,29,"orphan on detector '29': orphan pulse duration=1.027s window=[1785712634.976, 1785712646.003]"
2026-08-02 17:17:41 MDT,866d857061974968b4282fdde20ae071,866d8570_fisheye_1785712662.ts,rule2_orphan_pulse,43,29,"orphan on detector '29': orphan pulse duration=2.532s window=[1785712648.521, 1785712661.053]"
2026-08-02 17:17:56 MDT,731abebff1bd4d2d9e3e1be48298858b,731abebf_fisheye_1785712677.ts,rule2_orphan_pulse,39,22,"orphan on detector '22': orphan pulse duration=2.98s window=[1785712663.287, 1785712676.267]"
2026-08-02 17:18:56 MDT,1123cd4fa92c41c8a2c1d5a629f3e7ee,1123cd4f_fisheye_1785712737.ts,rule2_orphan_pulse,41,30,"orphan on detector '41': orphan pulse duration=1.044s window=[1785712725.761, 1785712736.804]"
2026-08-02 17:19:00 MDT,1cbaf70f16ad4e4083ebed0ac63d3ffa,1123cd4f_fisheye_1785712737.ts,rule1_continuous_disagreement,42,31,"detector '31' ON, detector '42' OFF for 5.045s (threshold=5.0s)"
2026-08-02 17:20:05 MDT,3f64bf36751c46ee9efd8052134eeb97,4a290069_fisheye_1785712808.ts,rule2_orphan_pulse,41,30,"orphan on detector '30': orphan pulse duration=0.67s window=[1785712795.285, 1785712805.955]"
2026-08-02 17:20:06 MDT,4a290069409f44a880f9a43292c6fc58,4a290069_fisheye_1785712808.ts,rule2_orphan_pulse,3,41,"orphan on detector '3': orphan pulse duration=1.708s window=[1785712795.285, 1785712806.993]"
2026-08-02 17:20:57 MDT,5f6969b429814005b611187c38667f03,5f6969b4_fisheye_1785712857.ts,rule1_continuous_disagreement,42,31,"detector '42' ON, detector '31' OFF for 5.045s (threshold=5.0s)"
2026-08-02 17:21:07 MDT,9de8a028d41a430b89964f5d4178d1cd,5f6969b4_fisheye_1785712857.ts,rule2_orphan_pulse,43,29,"orphan on detector '43': orphan pulse duration=2.023s window=[1785712855.636, 1785712867.659]"
2026-08-02 17:21:29 MDT,6ebbae4869d844b09646b87936b4081d,5f6969b4_fisheye_1785712857.ts,rule1_continuous_disagreement,33,26,"detector '26' ON, detector '33' OFF for 5.039s (threshold=5.0s)"
2026-08-02 17:22:02 MDT,85740166a1bd499aad19fd98909eda18,5f6969b4_fisheye_1785712857.ts,rule1_continuous_disagreement,41,30,"detector '30' ON, detector '41' OFF for 5.044s (threshold=5.0s)"
2026-08-02 17:23:08 MDT,b88f01e361454fa7a1284e05291f05a5,5f6969b4_fisheye_1785712857.ts,rule1_continuous_disagreement,39,22,"detector '39' ON, detector '22' OFF for 5.031s (threshold=5.0s)"
2026-08-02 17:24:08 MDT,a94a071ab5cb4764b3196d2e2846b735,a94a071a_fisheye_1785713050.ts,rule2_orphan_pulse,43,29,"orphan on detector '29': orphan pulse duration=0.667s window=[1785713037.482, 1785713048.149]"
2026-08-02 17:24:36 MDT,1b8fca909e2b4721976e9b4a6e587236,1b8fca90_fisheye_1785713076.ts,rule1_continuous_disagreement,8,42,"detector '8' ON, detector '42' OFF for 5.032s (threshold=5.0s)"
2026-08-02 17:24:41 MDT,1c7e05ea9bc142d39b753f865f56a61d,1c7e05ea_fisheye_1785713082.ts,rule2_orphan_pulse,42,31,"orphan on detector '31': orphan pulse duration=0.975s window=[1785713070.643, 1785713081.618]"
2026-08-02 17:24:49 MDT,4e4350a891af43e1a03dc63469747137,4e4350a8_fisheye_1785713090.ts,rule2_orphan_pulse,30,3,"orphan on detector '3': orphan pulse duration=0.662s window=[1785713078.740, 1785713089.402]"
2026-08-02 17:25:00 MDT,9953614223644654b24ea2325721f240,99536142_fisheye_1785713100.ts,rule2_orphan_pulse,8,42,"orphan on detector '8': orphan pulse duration=4.628s window=[1785713085.873, 1785713100.501]"
2026-08-02 17:27:05 MDT,c45c055a0d4e4bcab32ce8477131e58b,c45c055a_fisheye_1785713226.ts,rule2_orphan_pulse,43,29,"orphan on detector '29': orphan pulse duration=1.273s window=[1785713214.259, 1785713225.532]"
2026-08-02 17:27:22 MDT,85e9a92781eb4bbdb4e5c5b49e25023b,85e9a927_fisheye_1785713242.ts,rule1_continuous_disagreement,7,38,"detector '7' ON, detector '38' OFF for 5.054s (threshold=5.0s)"
2026-08-02 17:28:08 MDT,d6ce69dc461144a4b464fa7dc76eb95e,d6ce69dc_fisheye_1785713289.ts,rule2_orphan_pulse,43,29,"orphan on detector '29': orphan pulse duration=1.293s window=[1785713277.354, 1785713288.647]"
2026-08-02 17:29:22 MDT,e7a3050fd3e746729114c28770f8f04f,e7a3050f_fisheye_1785713362.ts,rule1_continuous_disagreement,31,8,"detector '8' ON, detector '31' OFF for 5.037s (threshold=5.0s)"
2026-08-02 17:29:57 MDT,2fdd811295d247d2bfb9c7de611e9f37,2fdd8112_fisheye_1785713399.ts,rule1_continuous_disagreement,41,30,"detector '30' ON, detector '41' OFF for 5.041s (threshold=5.0s)"
2026-08-02 17:31:01 MDT,06ae6404d01e446091ee4e2c5ec391d3,06ae6404_fisheye_1785713461.ts,rule1_continuous_disagreement,42,31,"detector '31' ON, detector '42' OFF for 5.04s (threshold=5.0s)"
2026-08-02 17:32:03 MDT,4541cef56e14426fa287ddda46b6ff8c,4541cef5_fisheye_1785713524.ts,rule2_orphan_pulse,31,8,"orphan on detector '8': orphan pulse duration=4.849s window=[1785713508.885, 1785713523.734]"
2026-08-02 17:32:19 MDT,cf37992c6ed34253b8dc1271d658009b,cf37992c_fisheye_1785713539.ts,rule2_orphan_pulse,43,29,"orphan on detector '29': orphan pulse duration=1.036s window=[1785713527.886, 1785713538.922]"
2026-08-02 17:32:25 MDT,17e930705a1244ac84137991beb44a7f,17e93070_fisheye_1785713547.ts,rule1_continuous_disagreement,42,31,"detector '31' ON, detector '42' OFF for 5.048s (threshold=5.0s)"
2026-08-02 17:34:14 MDT,579cc178b0524d8a9ef2f6fa042e9c45,579cc178_fisheye_1785713654.ts,rule1_continuous_disagreement,39,22,"detector '39' ON, detector '22' OFF for 5.029s (threshold=5.0s)"
2026-08-02 17:36:05 MDT,4be35350dc00447cacdf322276e38d0b,4be35350_fisheye_1785713766.ts,rule1_continuous_disagreement,39,22,"detector '39' ON, detector '22' OFF for 5.051s (threshold=5.0s)"
2026-08-02 17:36:45 MDT,8734dbb73048495b9f5870f57e221a4a,8734dbb7_fisheye_1785713806.ts,rule2_orphan_pulse,43,29,"orphan on detector '29': orphan pulse duration=0.966s window=[1785713794.742, 1785713805.708]"
2026-08-02 17:36:52 MDT,eb1ff91b81ca4b81afe7f9096790a8da,eb1ff91b_fisheye_1785713814.ts,rule2_orphan_pulse,43,29,"orphan on detector '29': orphan pulse duration=1.956s window=[1785713800.871, 1785713812.828]"
2026-08-02 17:39:34 MDT,bc5f211bff5c4b2ba527db5c574f2712,bc5f211b_fisheye_1785713974.ts,rule2_orphan_pulse,8,42,"orphan on detector '8': orphan pulse duration=4.569s window=[1785713960.199, 1785713974.768]"
2026-08-02 17:40:11 MDT,61a5e2ff993049c497089f95facdef43,61a5e2ff_fisheye_1785714011.ts,rule1_continuous_disagreement,39,22,"detector '39' ON, detector '22' OFF for 5.035s (threshold=5.0s)"
2026-08-02 17:40:36 MDT,86b653c6abcf4033b4db22895b5650cc,61a5e2ff_fisheye_1785714011.ts,rule1_continuous_disagreement,46,17,"detector '17' ON, detector '46' OFF for 5.037s (threshold=5.0s)"
2026-08-02 17:41:10 MDT,e31b5771e5a949e39bbe04a400e10d9c,61a5e2ff_fisheye_1785714011.ts,rule2_orphan_pulse,43,29,"orphan on detector '29': orphan pulse duration=1.007s window=[1785714058.975, 1785714069.982]"
2026-08-02 17:42:16 MDT,dc343f22d2cb4667ad60fa9b23d85d59,dc343f22_fisheye_1785714137.ts,rule1_continuous_disagreement,31,8,"detector '8' ON, detector '31' OFF for 5.044s (threshold=5.0s)"
2026-08-02 17:43:22 MDT,5f5ace781616408f8894e18facc2137f,5f5ace78_fisheye_1785714203.ts,rule1_continuous_disagreement,39,22,"detector '39' ON, detector '22' OFF for 5.053s (threshold=5.0s)"
2026-08-02 17:44:04 MDT,02a500a5d6f94fa1b4d249a7f4d49139,5f5ace78_fisheye_1785714203.ts,rule2_orphan_pulse,31,8,"orphan on detector '8': orphan pulse duration=4.893s window=[1785714229.828, 1785714244.721]"
2026-08-02 17:45:02 MDT,28707d8c796340b697f60e32cfe04f60,28707d8c_fisheye_1785714303.ts,rule1_continuous_disagreement,41,30,"detector '30' ON, detector '41' OFF for 5.047s (threshold=5.0s)"
2026-08-02 17:47:16 MDT,de58457abdf3481983ea3b7e9da40ac3,de58457a_fisheye_1785714437.ts,rule2_orphan_pulse,42,31,"orphan on detector '31': orphan pulse duration=0.689s window=[1785714425.883, 1785714436.573]"
2026-08-02 17:47:21 MDT,6e9da2e7340f40b29cc3f663c88b488a,6e9da2e7_fisheye_1785714443.ts,rule2_orphan_pulse,8,42,"orphan on detector '8': orphan pulse duration=4.914s window=[1785714426.895, 1785714441.809]"
2026-08-02 17:48:54 MDT,19e577150df442c68337bfcc10e4435b,19e57715_fisheye_1785714536.ts,rule2_orphan_pulse,22,4,"orphan on detector '22': orphan pulse duration=1.958s window=[1785714522.593, 1785714534.550]"
2026-08-02 17:49:03 MDT,25cea065f21c43aeaaf1c1684969c9e3,25cea065_fisheye_1785714544.ts,rule1_continuous_disagreement,39,22,"detector '22' ON, detector '39' OFF for 5.046s (threshold=5.0s)"
2026-08-02 17:51:35 MDT,0307b56121ca4927a01f20a5eca70636,0307b561_fisheye_1785714696.ts,rule2_orphan_pulse,31,8,"orphan on detector '8': orphan pulse duration=4.904s window=[1785714680.265, 1785714695.170]"
2026-08-02 17:51:52 MDT,b60554ecf1254f08aadab3c0fc59c6eb,b60554ec_fisheye_1785714712.ts,rule1_continuous_disagreement,39,22,"detector '39' ON, detector '22' OFF for 5.027s (threshold=5.0s)"
2026-08-02 17:51:55 MDT,97b1523d6ea64d328bb2f8bf39aa8c55,b60554ec_fisheye_1785714712.ts,rule1_continuous_disagreement,43,29,"detector '29' ON, detector '43' OFF for 5.042s (threshold=5.0s)"
2026-08-02 17:53:03 MDT,7cb40a78169342dca38bc79b5f1e937d,b60554ec_fisheye_1785714712.ts,rule2_orphan_pulse,31,8,"orphan on detector '8': orphan pulse duration=4.597s window=[1785714768.417, 1785714783.014]"
2026-08-02 17:53:43 MDT,9d813208a9fe45c69f28ce9ca5d4f98e,b60554ec_fisheye_1785714712.ts,rule1_continuous_disagreement,41,30,"detector '30' ON, detector '41' OFF for 5.032s (threshold=5.0s)"
2026-08-02 17:54:33 MDT,9630cc1479524c6282c3de4d73860613,9630cc14_fisheye_1785714875.ts,rule2_orphan_pulse,8,42,"orphan on detector '8': orphan pulse duration=4.145s window=[1785714859.357, 1785714873.503]"
2026-08-02 17:55:15 MDT,64a13cf454b0443a9982a8cfbb807c89,64a13cf4_fisheye_1785714915.ts,rule1_continuous_disagreement,42,31,"detector '31' ON, detector '42' OFF for 5.049s (threshold=5.0s)"
2026-08-02 17:58:02 MDT,486ae2f0d46b4abca9d13a6c620882fb,486ae2f0_fisheye_1785715083.ts,rule1_continuous_disagreement,31,8,"detector '8' ON, detector '31' OFF for 5.038s (threshold=5.0s)"
2026-08-02 17:58:11 MDT,564c8d8d07f94690b9ed7aba6a483493,564c8d8d_fisheye_1785715092.ts,rule1_continuous_disagreement,39,22,"detector '39' ON, detector '22' OFF for 5.043s (threshold=5.0s)"
2026-08-02 17:58:51 MDT,5bba92c318d6446db5e05a2f6c65a2b5,5bba92c3_fisheye_1785715132.ts,rule2_orphan_pulse,17,2,"orphan on detector '2': orphan pulse duration=1.668s window=[1785715119.713, 1785715131.381]"
2026-08-02 17:59:57 MDT,2e63c4bee11249b58df3e33796abbdcd,2e63c4be_fisheye_1785715199.ts,rule2_orphan_pulse,43,29,"orphan on detector '43': orphan pulse duration=1.309s window=[1785715186.272, 1785715197.580]"
2026-08-02 18:01:10 MDT,c04ad03ebb1646849afa89fcb22346e2,c04ad03e_fisheye_1785715272.ts,rule2_orphan_pulse,8,42,"orphan on detector '8': orphan pulse duration=4.572s window=[1785715256.069, 1785715270.641]"
2026-08-02 18:01:17 MDT,d1d284c601c34a79be473c6d6cfd546d,d1d284c6_fisheye_1785715278.ts,rule2_orphan_pulse,41,30,"orphan on detector '30': orphan pulse duration=0.978s window=[1785715266.577, 1785715277.555]"
2026-08-02 18:01:47 MDT,8ab236426808417291fdd4e6d309e4be,8ab23642_fisheye_1785715309.ts,rule2_orphan_pulse,42,31,"orphan on detector '31': orphan pulse duration=1.376s window=[1785715295.912, 1785715307.288]"
2026-08-02 18:02:02 MDT,b556632501a740968fdc14c18d90171a,b5566325_fisheye_1785715323.ts,rule2_orphan_pulse,39,22,"orphan on detector '39': orphan pulse duration=2.164s window=[1785715309.852, 1785715322.015]"
2026-08-02 18:02:31 MDT,8f5d4d662d0f4d7bb73c2cb70fd2af73,8f5d4d66_fisheye_1785715351.ts,rule1_continuous_disagreement,46,17,"detector '17' ON, detector '46' OFF for 5.047s (threshold=5.0s)"
2026-08-02 18:02:51 MDT,f4cbb99cbe2b486face9846bcd29fb4e,f4cbb99c_fisheye_1785715371.ts,rule1_continuous_disagreement,42,31,"detector '42' ON, detector '31' OFF for 5.036s (threshold=5.0s)"
2026-08-02 18:03:07 MDT,0d101d64622a4c42abf2e214ae6cad62,0d101d64_fisheye_1785715388.ts,rule1_continuous_disagreement,39,22,"detector '39' ON, detector '22' OFF for 5.045s (threshold=5.0s)"
2026-08-02 18:03:56 MDT,d4b6b56100ed4a05a1a1751aeeda0a51,d4b6b561_fisheye_1785715436.ts,rule1_continuous_disagreement,46,17,"detector '17' ON, detector '46' OFF for 5.032s (threshold=5.0s)"
2026-08-02 18:04:40 MDT,93226136e7064f2fa1f14c2d1216d565,93226136_fisheye_1785715481.ts,rule2_orphan_pulse,43,29,"orphan on detector '29': orphan pulse duration=0.644s window=[1785715469.566, 1785715480.210]"
2026-08-02 18:05:26 MDT,476bb53eccc8489f87007f6e192319a9,b920e8df_fisheye_1785715529.ts,rule1_continuous_disagreement,31,8,"detector '8' ON, detector '31' OFF for 5.039s (threshold=5.0s)"
2026-08-02 18:05:29 MDT,b920e8dfece846d885318ce5a5fc04ef,b920e8df_fisheye_1785715529.ts,rule1_continuous_disagreement,39,22,"detector '39' ON, detector '22' OFF for 5.049s (threshold=5.0s)"
2026-08-02 18:05:58 MDT,3fad831ca5124930b29331ded609217a,f072f559_fisheye_1785715560.ts,rule1_continuous_disagreement,41,30,"detector '41' ON, detector '30' OFF for 5.036s (threshold=5.0s)"
2026-08-02 18:06:00 MDT,f072f5591db645d4a3cef577deb2af77,f072f559_fisheye_1785715560.ts,rule1_continuous_disagreement,3,41,"detector '41' ON, detector '3' OFF for 5.041s (threshold=5.0s)"
2026-08-02 18:07:41 MDT,644ab5d32d8f4c3095f2fc30af011351,644ab5d3_fisheye_1785715663.ts,rule2_orphan_pulse,43,29,"orphan on detector '29': orphan pulse duration=2.701s window=[1785715649.105, 1785715661.806]"
2026-08-02 18:07:50 MDT,6be454896daa460f8742d07c508a8a66,6be45489_fisheye_1785715671.ts,rule1_continuous_disagreement,39,22,"detector '39' ON, detector '22' OFF for 5.039s (threshold=5.0s)"
2026-08-02 18:10:35 MDT,dd43a5101dea4bbb824e6da585f5b644,dd43a510_fisheye_1785715835.ts,rule2_orphan_pulse,2,46,"orphan on detector '2': orphan pulse duration=0.654s window=[1785715824.375, 1785715835.029]"
2026-08-02 18:11:43 MDT,f1731e8eceef4336b095d7d35af30f32,f1731e8e_fisheye_1785715904.ts,rule1_continuous_disagreement,31,8,"detector '8' ON, detector '31' OFF for 5.036s (threshold=5.0s)"
2026-08-02 18:13:18 MDT,ef954ddd4c284e9baf58233668192b59,ef954ddd_fisheye_1785715999.ts,rule1_continuous_disagreement,33,26,"detector '26' ON, detector '33' OFF for 5.034s (threshold=5.0s)"
2026-08-02 18:13:41 MDT,9d1a0a9c671c4df689be22365a4a1046,9d1a0a9c_fisheye_1785716022.ts,rule1_continuous_disagreement,31,8,"detector '8' ON, detector '31' OFF for 5.038s (threshold=5.0s)"
2026-08-02 18:13:51 MDT,baddec565ce445c1be28622f97f81933,baddec56_fisheye_1785716032.ts,rule1_continuous_disagreement,39,22,"detector '22' ON, detector '39' OFF for 5.046s (threshold=5.0s)"
2026-08-02 18:13:51 MDT,3bb94474cdca44f3aaf17701a6a53d87,baddec56_fisheye_1785716032.ts,rule1_continuous_disagreement,7,38,"detector '38' ON, detector '7' OFF for 5.052s (threshold=5.0s)"
2026-08-02 18:14:21 MDT,e5685d8c3ad24871830c77c32bd5d0fc,e5685d8c_fisheye_1785716062.ts,rule2_orphan_pulse,41,30,"orphan on detector '41': orphan pulse duration=0.674s window=[1785716050.472, 1785716061.145]"
2026-08-02 18:14:30 MDT,e724d65f4a204bbd8a4755282dbf367c,e724d65f_fisheye_1785716070.ts,rule1_continuous_disagreement,42,31,"detector '42' ON, detector '31' OFF for 5.034s (threshold=5.0s)"
2026-08-02 18:14:41 MDT,6f906fdd0ed243fd87bd8733a38f6f95,e724d65f_fisheye_1785716070.ts,rule1_continuous_disagreement,39,22,"detector '39' ON, detector '22' OFF for 5.037s (threshold=5.0s)"
2026-08-02 18:16:09 MDT,4e135cd82e664718a4231b32154c8930,e724d65f_fisheye_1785716070.ts,rule2_orphan_pulse,39,22,"orphan on detector '22': orphan pulse duration=3.392s window=[1785716156.156, 1785716169.548]"
2026-08-02 18:17:08 MDT,62ffce1281604ffea1bd74275bc1c0d7,62ffce12_fisheye_1785716228.ts,rule1_continuous_disagreement,43,29,"detector '43' ON, detector '29' OFF for 5.043s (threshold=5.0s)"
2026-08-02 18:17:08 MDT,2bdf91eaea3947d0aee0bd76b251fc79,62ffce12_fisheye_1785716228.ts,rule1_continuous_disagreement,46,17,"detector '46' ON, detector '17' OFF for 5.048s (threshold=5.0s)"
2026-08-02 18:18:03 MDT,9fa19d16ac9a4d318561fe9172d3d568,9fa19d16_fisheye_1785716285.ts,rule1_continuous_disagreement,42,31,"detector '42' ON, detector '31' OFF for 5.03s (threshold=5.0s)"
2026-08-02 18:18:04 MDT,5e5674cf44e745b1a01d0f77616ddf18,9fa19d16_fisheye_1785716285.ts,rule1_continuous_disagreement,8,42,"detector '42' ON, detector '8' OFF for 5.039s (threshold=5.0s)"
2026-08-02 18:18:44 MDT,e8fee6b7eec6466884b1cd427f636b00,9fa19d16_fisheye_1785716285.ts,rule2_orphan_pulse,41,30,"orphan on detector '41': orphan pulse duration=3.681s window=[1785716310.780, 1785716324.462]"
2026-08-02 18:21:22 MDT,2cf37757540547e6a929e82758e47537,2cf37757_fisheye_1785716483.ts,rule1_continuous_disagreement,41,30,"detector '30' ON, detector '41' OFF for 5.045s (threshold=5.0s)"
2026-08-02 18:21:24 MDT,d30beb4557fb49b0af9af3bf184ed510,2cf37757_fisheye_1785716483.ts,rule1_continuous_disagreement,3,41,"detector '3' ON, detector '41' OFF for 5.053s (threshold=5.0s)"
2026-08-02 18:22:19 MDT,cf606d9ab1284a279b2f9d19f7ef01f0,cf606d9a_fisheye_1785716540.ts,rule1_continuous_disagreement,39,22,"detector '39' ON, detector '22' OFF for 5.043s (threshold=5.0s)"
2026-08-02 18:22:36 MDT,4316dc04e4104802bfc9166f48929195,cf606d9a_fisheye_1785716540.ts,rule1_continuous_disagreement,31,8,"detector '8' ON, detector '31' OFF for 5.041s (threshold=5.0s)"
2026-08-02 18:23:31 MDT,bda5afdd3a4d467a998b5c07b06cd876,bda5afdd_fisheye_1785716613.ts,rule2_orphan_pulse,46,17,"orphan on detector '17': orphan pulse duration=0.668s window=[1785716601.179, 1785716611.847]"
2026-08-02 18:26:10 MDT,7139f5f6bbf54d9f98792ac5b297b632,7139f5f6_fisheye_1785716771.ts,rule1_continuous_disagreement,41,30,"detector '41' ON, detector '30' OFF for 5.04s (threshold=5.0s)"
2026-08-02 18:26:42 MDT,c63a78d930de4f469474501cc281e841,c63a78d9_fisheye_1785716803.ts,rule1_continuous_disagreement,31,8,"detector '8' ON, detector '31' OFF for 5.043s (threshold=5.0s)"
2026-08-02 18:28:00 MDT,0bbd3416d493458f82d6c60e579425c8,0bbd3416_fisheye_1785716880.ts,rule1_continuous_disagreement,31,8,"detector '8' ON, detector '31' OFF for 5.044s (threshold=5.0s)"
2026-08-02 18:28:07 MDT,21a00b3275b14b7d8f22d7f51c67d078,21a00b32_fisheye_1785716888.ts,rule1_continuous_disagreement,3,41,"detector '3' ON, detector '41' OFF for 5.056s (threshold=5.0s)"
2026-08-02 18:29:34 MDT,0566e2c6a98d4ce7b41262540cbc6544,0566e2c6_fisheye_1785716975.ts,rule1_continuous_disagreement,41,30,"detector '30' ON, detector '41' OFF for 5.045s (threshold=5.0s)"
2026-08-02 18:31:06 MDT,b268e8f0f9b443eb9f7ef5d2133e95a6,0566e2c6_fisheye_1785716975.ts,rule1_continuous_disagreement,39,22,"detector '39' ON, detector '22' OFF for 5.035s (threshold=5.0s)"
2026-08-02 18:35:07 MDT,38c96cd3048645cb8ac583ff7c038c13,38c96cd3_fisheye_1785717308.ts,rule1_continuous_disagreement,31,8,"detector '8' ON, detector '31' OFF for 5.042s (threshold=5.0s)"
2026-08-02 18:35:08 MDT,d098364fd03f4052b9272459e85c1cee,d098364f_fisheye_1785717310.ts,rule1_continuous_disagreement,41,30,"detector '30' ON, detector '41' OFF for 5.05s (threshold=5.0s)"
2026-08-02 18:35:46 MDT,d4f8c9df4b964b348ed085623f13e97a,d098364f_fisheye_1785717310.ts,rule1_continuous_disagreement,3,41,"detector '3' ON, detector '41' OFF for 5.034s (threshold=5.0s)"
2026-08-02 18:37:28 MDT,d4631174410d455480166f3f3c2c5fb6,d4631174_fisheye_1785717449.ts,rule2_orphan_pulse,43,29,"orphan on detector '29': orphan pulse duration=1.325s window=[1785717437.291, 1785717448.615]"
2026-08-02 18:37:47 MDT,01cf5aac90b74b51874eaff25897d18b,01cf5aac_fisheye_1785717468.ts,rule1_continuous_disagreement,39,22,"detector '39' ON, detector '22' OFF for 5.041s (threshold=5.0s)"
2026-08-02 18:39:21 MDT,1dc1ac4e595c48b6b11e1cc7af47ba33,01cf5aac_fisheye_1785717468.ts,rule1_continuous_disagreement,31,8,"detector '8' ON, detector '31' OFF for 5.038s (threshold=5.0s)"
2026-08-02 18:39:58 MDT,0cd0ed77687b4a4d9759cbd5b40acf76,0cd0ed77_fisheye_1785717599.ts,rule1_continuous_disagreement,30,3,"detector '30' ON, detector '3' OFF for 5.043s (threshold=5.0s)"
2026-08-02 18:42:47 MDT,da5f561ea5024f89851aeab9cff30b2e,da5f561e_fisheye_1785717768.ts,rule1_continuous_disagreement,31,8,"detector '8' ON, detector '31' OFF for 5.044s (threshold=5.0s)"
2026-08-02 18:43:13 MDT,2d2063bc22aa4803b09c01d8752ae5b1,2d2063bc_fisheye_1785717794.ts,rule2_orphan_pulse,43,29,"orphan on detector '29': orphan pulse duration=0.661s window=[1785717782.534, 1785717793.195]"
2026-08-02 18:43:21 MDT,ebe780e5f3104cb8a9d0b9dcc35b52a9,ebe780e5_fisheye_1785717802.ts,rule1_continuous_disagreement,42,31,"detector '31' ON, detector '42' OFF for 5.042s (threshold=5.0s)"
2026-08-02 18:44:26 MDT,2491b8c6a9144b53b851ba46aaebf4f4,2491b8c6_fisheye_1785717867.ts,rule2_orphan_pulse,30,3,"orphan on detector '3': orphan pulse duration=3.553s window=[1785717852.452, 1785717866.006]"
2026-08-02 18:44:26 MDT,d9a679dfaa7a4bb6bdca480a59b97f48,2491b8c6_fisheye_1785717867.ts,rule1_continuous_disagreement,31,8,"detector '8' ON, detector '31' OFF for 5.042s (threshold=5.0s)"
2026-08-02 18:46:28 MDT,37b370a0f5b044e7ac15fbcc756f4411,37b370a0_fisheye_1785717989.ts,rule2_orphan_pulse,43,29,"orphan on detector '29': orphan pulse duration=1.266s window=[1785717977.022, 1785717988.288]"
2026-08-02 18:46:35 MDT,2911f870c7934bb1b1e20f3b073c8437,2911f870_fisheye_1785717997.ts,rule2_orphan_pulse,41,30,"orphan on detector '41': orphan pulse duration=1.008s window=[1785717984.538, 1785717995.546]"
2026-08-02 18:50:18 MDT,1ce21b8312e74bedaa2d9262c5c6250b,1ce21b83_fisheye_1785718218.ts,rule2_orphan_pulse,41,30,"orphan on detector '30': orphan pulse duration=1.687s window=[1785718206.604, 1785718218.290]"
2026-08-02 18:50:19 MDT,eeabbc7d32ba49cdaa4a2eabba60c48a,eeabbc7d_fisheye_1785718220.ts,rule2_orphan_pulse,3,41,"orphan on detector '3': orphan pulse duration=1.317s window=[1785718208.290, 1785718219.608]"
2026-08-02 18:51:30 MDT,f933bb46631840ef8059405495ae964a,f933bb46_fisheye_1785718291.ts,rule1_continuous_disagreement,8,42,"detector '8' ON, detector '42' OFF for 5.048s (threshold=5.0s)"
2026-08-02 18:53:06 MDT,cba8ae880d3547ab9e269966db118abc,cba8ae88_fisheye_1785718386.ts,rule2_orphan_pulse,43,29,"orphan on detector '29': orphan pulse duration=1.654s window=[1785718374.579, 1785718386.233]"
2026-08-02 18:53:11 MDT,dc4e25f0f01a4e5795bc56a8e7747377,dc4e25f0_fisheye_1785718392.ts,rule2_orphan_pulse,46,17,"orphan on detector '17': orphan pulse duration=0.983s window=[1785718380.523, 1785718391.506]"
2026-08-02 18:57:11 MDT,48ab4c72deb0495db9f12960c3e9e903,48ab4c72_fisheye_1785718631.ts,rule1_continuous_disagreement,46,17,"detector '17' ON, detector '46' OFF for 5.038s (threshold=5.0s)"
2026-08-02 18:58:10 MDT,9ed3a35d45804bcb8c2258b9c070d124,9ed3a35d_fisheye_1785718690.ts,rule2_orphan_pulse,31,8,"orphan on detector '8': orphan pulse duration=4.776s window=[1785718675.592, 1785718690.368]"
2026-08-02 18:59:15 MDT,918a7ad7ea7840739274274a52c83b19,918a7ad7_fisheye_1785718757.ts,rule1_continuous_disagreement,31,8,"detector '8' ON, detector '31' OFF for 5.029s (threshold=5.0s)"
2026-08-02 18:59:16 MDT,0cb31ea09f414a499bd85c2f61b1b363,0cb31ea0_fisheye_1785718757.ts,rule1_continuous_disagreement,39,22,"detector '39' ON, detector '22' OFF for 5.043s (threshold=5.0s)"
2026-08-02 18:59:27 MDT,d18823dcac7b4af097ac096792b6d64f,0cb31ea0_fisheye_1785718757.ts,rule1_continuous_disagreement,41,30,"detector '30' ON, detector '41' OFF for 5.041s (threshold=5.0s)"
2026-08-02 19:00:10 MDT,7e4efe258b3742ee86bb2243559160ab,0cb31ea0_fisheye_1785718757.ts,rule1_continuous_disagreement,8,42,"detector '8' ON, detector '42' OFF for 5.03s (threshold=5.0s)"
2026-08-02 19:01:36 MDT,1e316ae211154b53a4dda4a1bc3841e7,1e316ae2_fisheye_1785718897.ts,rule2_orphan_pulse,43,29,"orphan on detector '29': orphan pulse duration=1.014s window=[1785718885.585, 1785718896.599]"
2026-08-02 19:01:44 MDT,334ceb766e9041408aa0fc97efc47d07,334ceb76_fisheye_1785718905.ts,rule2_orphan_pulse,43,29,"orphan on detector '29': orphan pulse duration=0.999s window=[1785718893.605, 1785718904.603]"
2026-08-02 19:04:11 MDT,1f664e027df34756901cd116309565c5,1f664e02_fisheye_1785719051.ts,rule1_continuous_disagreement,33,26,"detector '26' ON, detector '33' OFF for 5.044s (threshold=5.0s)"
2026-08-02 19:04:28 MDT,a23e4d53c99a4f5e9b1b40569b8979f5,a23e4d53_fisheye_1785719069.ts,rule2_orphan_pulse,31,8,"orphan on detector '8': orphan pulse duration=4.246s window=[1785719053.921, 1785719068.167]"
2026-08-02 19:04:32 MDT,621ab70c3fa84635baa02daa9c2e2da9,621ab70c_fisheye_1785719073.ts,rule2_orphan_pulse,41,30,"orphan on detector '30': orphan pulse duration=1.921s window=[1785719060.100, 1785719072.021]"
2026-08-02 19:06:37 MDT,f677aaf73b8f42b8be44830e1a98a605,f677aaf7_fisheye_1785719199.ts,rule1_continuous_disagreement,39,22,"detector '39' ON, detector '22' OFF for 5.037s (threshold=5.0s)"
2026-08-02 19:06:59 MDT,80a66367ec08488481ca08703c60e5fb,f677aaf7_fisheye_1785719199.ts,rule2_orphan_pulse,38,24,"orphan on detector '24': orphan pulse duration=0.68s window=[1785719208.657, 1785719219.337]"
2026-08-02 19:08:03 MDT,5529b465fcc247199acf54f6c864a44e,5529b465_fisheye_1785719284.ts,rule1_continuous_disagreement,31,8,"detector '8' ON, detector '31' OFF for 5.031s (threshold=5.0s)"
2026-08-02 19:09:45 MDT,a46563b1af964ac1bcf43740412c2d60,a46563b1_fisheye_1785719387.ts,rule1_continuous_disagreement,41,30,"detector '30' ON, detector '41' OFF for 5.036s (threshold=5.0s)"
2026-08-02 19:10:00 MDT,1fb91b37fb1c4912a1f89fc3f28450f9,1fb91b37_fisheye_1785719402.ts,rule2_orphan_pulse,31,8,"orphan on detector '8': orphan pulse duration=3.919s window=[1785719386.467, 1785719400.386]"
2026-08-02 19:12:08 MDT,ebc0a12b3857405c80b6247fee18f836,ebc0a12b_fisheye_1785719529.ts,rule1_continuous_disagreement,42,31,"detector '42' ON, detector '31' OFF for 5.045s (threshold=5.0s)"
2026-08-02 19:12:25 MDT,b820e19754844966952cf7bce8506c9c,b820e197_fisheye_1785719546.ts,rule2_orphan_pulse,43,29,"orphan on detector '29': orphan pulse duration=0.985s window=[1785719534.568, 1785719545.553]"
2026-08-02 19:14:47 MDT,016a5d3aa72642ee8b871636f5948acb,016a5d3a_fisheye_1785719688.ts,rule2_orphan_pulse,41,30,"orphan on detector '30': orphan pulse duration=1.983s window=[1785719675.235, 1785719687.217]"
2026-08-02 19:14:48 MDT,6bba7f88110946928c26ca38f3d8849b,6bba7f88_fisheye_1785719690.ts,rule2_orphan_pulse,3,41,"orphan on detector '3': orphan pulse duration=1.298s window=[1785719677.217, 1785719688.516]"
2026-08-02 19:16:12 MDT,9b369b0812ec44388375e3dc4dafdaf7,9b369b08_fisheye_1785719773.ts,rule1_continuous_disagreement,39,22,"detector '39' ON, detector '22' OFF for 5.042s (threshold=5.0s)"
2026-08-02 19:16:14 MDT,fdc5331c8cf44f5a97eea313a01146f8,9b369b08_fisheye_1785719773.ts,rule1_continuous_disagreement,38,24,"detector '24' ON, detector '38' OFF for 5.051s (threshold=5.0s)"
2026-08-02 19:17:51 MDT,3c94598ab9824713b78826f74da4723a,3c94598a_fisheye_1785719872.ts,rule2_orphan_pulse,4,39,"orphan on detector '39': orphan pulse duration=3.189s window=[1785719858.624, 1785719871.813]"
2026-08-02 19:17:52 MDT,4480b6064cc14e1bbccbd4a8e2518a51,4480b606_fisheye_1785719874.ts,rule2_orphan_pulse,22,4,"orphan on detector '22': orphan pulse duration=3.198s window=[1785719859.571, 1785719872.768]"
2026-08-02 19:18:14 MDT,08303f9ec2554743903f37ec0ba8c975,08303f9e_fisheye_1785719894.ts,rule1_continuous_disagreement,7,38,"detector '38' ON, detector '7' OFF for 5.05s (threshold=5.0s)"
2026-08-02 19:18:27 MDT,7867cbb99395433d9adfc32cd80df84f,7867cbb9_fisheye_1785719909.ts,rule2_orphan_pulse,4,39,"orphan on detector '39': orphan pulse duration=2.441s window=[1785719895.041, 1785719907.482]"
2026-08-02 19:18:56 MDT,b04929e6c4ac45cb9730417e840154f8,b04929e6_fisheye_1785719937.ts,rule2_orphan_pulse,7,38,"orphan on detector '38': orphan pulse duration=3.006s window=[1785719923.471, 1785719936.477]"
2026-08-02 19:19:07 MDT,ff97e3d816244fcd8c1bb23dfb160108,ff97e3d8_fisheye_1785719949.ts,rule2_orphan_pulse,7,38,"orphan on detector '38': orphan pulse duration=2.033s window=[1785719935.623, 1785719947.657]"
2026-08-02 19:19:44 MDT,2662fce8330b4e318169bf1d8aeef12d,2662fce8_fisheye_1785719986.ts,rule1_continuous_disagreement,17,2,"detector '17' ON, detector '2' OFF for 5.045s (threshold=5.0s)"
2026-08-02 19:19:50 MDT,562703a83823472f9e71fe229a55e5f7,562703a8_fisheye_1785719992.ts,rule1_continuous_disagreement,7,38,"detector '38' ON, detector '7' OFF for 5.038s (threshold=5.0s)"
2026-08-02 19:20:35 MDT,32988e335d534f8daa93d145dadc3760,32988e33_fisheye_1785720036.ts,rule1_continuous_disagreement,30,3,"detector '3' ON, detector '30' OFF for 5.033s (threshold=5.0s)"
2026-08-02 19:20:35 MDT,365eead387b845c8ad78468005f0c0c2,32988e33_fisheye_1785720036.ts,rule1_continuous_disagreement,22,4,"detector '4' ON, detector '22' OFF for 5.037s (threshold=5.0s)"
2026-08-02 19:26:38 MDT,b49a405c57684fc0a1d971637097f7de,b49a405c_fisheye_1785720399.ts,rule1_continuous_disagreement,42,31,"detector '42' ON, detector '31' OFF for 5.036s (threshold=5.0s)"
2026-08-02 19:29:07 MDT,4b8e7e8ad458483bb415fd9e08cb6da0,b49a405c_fisheye_1785720399.ts,rule2_orphan_pulse,17,2,"orphan on detector '2': orphan pulse duration=0.671s window=[1785720536.342, 1785720547.013]"
2026-08-02 19:30:41 MDT,13a2688e14744d0dbbf693c4a0f8a005,b49a405c_fisheye_1785720399.ts,rule1_continuous_disagreement,31,8,"detector '8' ON, detector '31' OFF for 5.034s (threshold=5.0s)"
2026-08-02 19:30:53 MDT,701f5c7f00294d27b0074b76e336bfe9,701f5c7f_fisheye_1785720655.ts,rule2_orphan_pulse,41,30,"orphan on detector '30': orphan pulse duration=2.316s window=[1785720641.003, 1785720653.318]"
2026-08-02 19:30:54 MDT,c1eedaea585144eda6ea43c239e36803,701f5c7f_fisheye_1785720655.ts,rule2_orphan_pulse,3,41,"orphan on detector '3': orphan pulse duration=2.337s window=[1785720641.986, 1785720654.323]"
2026-08-02 19:32:59 MDT,dc64e6994d424b78bd1726829a105b0a,dc64e699_fisheye_1785720780.ts,rule2_orphan_pulse,43,29,"orphan on detector '43': orphan pulse duration=1.605s window=[1785720767.386, 1785720778.991]"
2026-08-02 19:33:51 MDT,7733b2b1c1804931b296aa30665e1644,ea213dd3_fisheye_1785720837.ts,rule2_orphan_pulse,42,31,"orphan on detector '42': orphan pulse duration=0.646s window=[1785720820.668, 1785720831.314]"
2026-08-02 19:33:55 MDT,ea213dd3bd3e404b936857be57d7e7d8,ea213dd3_fisheye_1785720837.ts,rule2_orphan_pulse,31,8,"orphan on detector '8': orphan pulse duration=4.183s window=[1785720821.635, 1785720835.818]"
2026-08-02 19:37:49 MDT,754c9f5b28f9420ea316b7dc3b38b278,754c9f5b_fisheye_1785721070.ts,rule2_orphan_pulse,43,29,"orphan on detector '29': orphan pulse duration=1.052s window=[1785721058.154, 1785721069.206]"
2026-08-02 19:38:34 MDT,d5ccc40701874e68bc3549d8c16a3102,d5ccc407_fisheye_1785721115.ts,rule1_continuous_disagreement,33,26,"detector '26' ON, detector '33' OFF for 5.048s (threshold=5.0s)"
2026-08-02 19:38:44 MDT,a9fd1e8daa3b4e51af93df68f8e72625,a9fd1e8d_fisheye_1785721125.ts,rule1_continuous_disagreement,31,8,"detector '8' ON, detector '31' OFF for 5.038s (threshold=5.0s)"
2026-08-02 19:38:48 MDT,da7186d779044feca50f206407aebe33,da7186d7_fisheye_1785721129.ts,rule2_orphan_pulse,42,31,"orphan on detector '42': orphan pulse duration=0.978s window=[1785721117.745, 1785721128.723]"
2026-08-02 19:38:55 MDT,634e1489b6e048ca8c9a9501a024d5d3,634e1489_fisheye_1785721137.ts,rule2_orphan_pulse,3,41,"orphan on detector '3': orphan pulse duration=1.614s window=[1785721123.863, 1785721135.476]"
2026-08-02 19:39:08 MDT,32be02997e764f48ab6824a8d76e6ac8,32be0299_fisheye_1785721149.ts,rule2_orphan_pulse,2,46,"orphan on detector '46': orphan pulse duration=0.977s window=[1785721137.906, 1785721148.883]"
2026-08-02 19:39:22 MDT,d39ab499021c481da7eae21a2991d849,d39ab499_fisheye_1785721163.ts,rule1_continuous_disagreement,8,42,"detector '8' ON, detector '42' OFF for 5.065s (threshold=5.0s)"
2026-08-02 19:41:58 MDT,52b5d8feb4fd464aa1741bba66025f66,52b5d8fe_fisheye_1785721319.ts,rule1_continuous_disagreement,8,42,"detector '8' ON, detector '42' OFF for 5.041s (threshold=5.0s)"
2026-08-02 19:42:04 MDT,0313883e07dd49949fa47e1366662c3c,0313883e_fisheye_1785721325.ts,rule2_orphan_pulse,42,31,"orphan on detector '31': orphan pulse duration=1.656s window=[1785721312.351, 1785721324.008]"
2026-08-02 19:42:22 MDT,88d3a37fbd9444268e78c1ef57ec8934,88d3a37f_fisheye_1785721344.ts,rule1_continuous_disagreement,31,8,"detector '8' ON, detector '31' OFF for 5.04s (threshold=5.0s)"
2026-08-02 19:42:28 MDT,066a5abaec754537bbfbc49cadf7142c,066a5aba_fisheye_1785721350.ts,rule2_orphan_pulse,42,31,"orphan on detector '31': orphan pulse duration=1.289s window=[1785721337.439, 1785721348.728]"
2026-08-02 19:42:36 MDT,17a490027f7341e991a173a0f488d412,17a49002_fisheye_1785721358.ts,rule2_orphan_pulse,41,30,"orphan on detector '30': orphan pulse duration=3.576s window=[1785721342.988, 1785721356.564]"
2026-08-02 19:43:53 MDT,07189558d14d4681acdb5ee256eb7c1b,07189558_fisheye_1785721435.ts,rule2_orphan_pulse,8,42,"orphan on detector '8': orphan pulse duration=4.576s window=[1785721418.966, 1785721433.542]"
2026-08-02 19:44:12 MDT,07d885b7105446cea0e257dca8991c81,07d885b7_fisheye_1785721453.ts,rule2_orphan_pulse,43,29,"orphan on detector '29': orphan pulse duration=1.318s window=[1785721441.585, 1785721452.903]"
2026-08-02 19:45:31 MDT,f21bb52c3da2453e9e9b7fecd0f3e977,f21bb52c_fisheye_1785721532.ts,rule2_orphan_pulse,41,30,"orphan on detector '41': orphan pulse duration=1.664s window=[1785721519.468, 1785721531.132]"
2026-08-02 19:45:54 MDT,0adb89c8b463469b88121f882b2d7c3e,0adb89c8_fisheye_1785721555.ts,rule2_orphan_pulse,39,22,"orphan on detector '39': orphan pulse duration=1.334s window=[1785721542.928, 1785721554.263]"
2026-08-02 19:46:29 MDT,d59eb3cf441340998fb18618863495a6,d59eb3cf_fisheye_1785721589.ts,rule2_orphan_pulse,42,31,"orphan on detector '42': orphan pulse duration=0.954s window=[1785721578.373, 1785721589.327]"
2026-08-02 19:46:35 MDT,de451159297d425eba602d5121906bbb,de451159_fisheye_1785721597.ts,rule2_orphan_pulse,3,41,"orphan on detector '3': orphan pulse duration=0.663s window=[1785721585.139, 1785721595.802]"
2026-08-02 19:48:17 MDT,93e8698f6d2046fca6839bc5ccd38788,93e8698f_fisheye_1785721699.ts,rule2_orphan_pulse,43,29,"orphan on detector '29': orphan pulse duration=1.272s window=[1785721686.258, 1785721697.530]"
2026-08-02 19:50:43 MDT,e8a4d529dde94543bf1cd8f0b5c7aa96,e8a4d529_fisheye_1785721845.ts,rule1_continuous_disagreement,38,24,"detector '38' ON, detector '24' OFF for 5.04s (threshold=5.0s)"
2026-08-02 19:51:48 MDT,fede37267a784e0386f73f82323c2959,fede3726_fisheye_1785721910.ts,rule1_continuous_disagreement,8,42,"detector '42' ON, detector '8' OFF for 5.04s (threshold=5.0s)"
2026-08-02 19:53:31 MDT,bb7ef8c11e474d6398f632921b7739f6,bb7ef8c1_fisheye_1785722013.ts,rule1_continuous_disagreement,31,8,"detector '8' ON, detector '31' OFF for 5.043s (threshold=5.0s)"
2026-08-02 19:53:38 MDT,dc9809ea09a445eea89711b72924ab0e,dc9809ea_fisheye_1785722019.ts,rule2_orphan_pulse,42,31,"orphan on detector '31': orphan pulse duration=1.367s window=[1785722007.379, 1785722018.746]"
2026-08-02 19:53:43 MDT,2d49ec386fe245fa84987ec8e6ca8d9c,2d49ec38_fisheye_1785722025.ts,rule2_orphan_pulse,41,30,"orphan on detector '30': orphan pulse duration=1.047s window=[1785722012.855, 1785722023.902]"
2026-08-02 19:55:52 MDT,4287966e78714afe8632045c326aa4c0,4287966e_fisheye_1785722153.ts,rule2_orphan_pulse,17,2,"orphan on detector '2': orphan pulse duration=0.66s window=[1785722141.708, 1785722152.367]"
2026-08-02 19:57:42 MDT,cfdccb3eee8f4032a4ebc1b611175183,cfdccb3e_fisheye_1785722262.ts,rule2_orphan_pulse,31,8,"orphan on detector '8': orphan pulse duration=2.232s window=[1785722250.084, 1785722262.317]"
2026-08-02 19:57:47 MDT,7573d1ec3b2c47d7afde858a93af38fc,7573d1ec_fisheye_1785722268.ts,rule1_continuous_disagreement,43,29,"detector '43' ON, detector '29' OFF for 5.051s (threshold=5.0s)"
2026-08-02 20:06:46 MDT,d669d69ecba24b00a0d8f2b57b690889,d669d69e_fisheye_1785722808.ts,rule1_continuous_disagreement,3,41,"detector '3' ON, detector '41' OFF for 5.042s (threshold=5.0s)"
2026-08-02 20:08:14 MDT,1329e189966a491199ee55ea02912b17,1329e189_fisheye_1785722895.ts,rule2_orphan_pulse,46,17,"orphan on detector '17': orphan pulse duration=0.685s window=[1785722884.036, 1785722894.721]"
2026-08-02 20:11:07 MDT,c348795424574469be95628de7f540b8,c3487954_fisheye_1785723067.ts,rule1_continuous_disagreement,38,24,"detector '24' ON, detector '38' OFF for 5.046s (threshold=5.0s)"
2026-08-02 20:11:07 MDT,d70c74ba4fac4473a88e73bc1e3aaccf,d70c74ba_fisheye_1785723067.ts,rule1_continuous_disagreement,31,8,"detector '8' ON, detector '31' OFF for 5.055s (threshold=5.0s)"
2026-08-02 20:12:07 MDT,0ae23897d7404fa0837d9d7ad60dda75,0ae23897_fisheye_1785723128.ts,rule2_orphan_pulse,42,31,"orphan on detector '42': orphan pulse duration=1.356s window=[1785723116.315, 1785723127.671]"
2026-08-02 20:12:14 MDT,a5558593e1d144ec95712bcefe76e855,a5558593_fisheye_1785723136.ts,rule2_orphan_pulse,33,26,"orphan on detector '26': orphan pulse duration=1.34s window=[1785723123.427, 1785723134.768]"
2026-08-02 20:13:25 MDT,645372cd978c4f1e952fd215c117b26e,645372cd_fisheye_1785723205.ts,rule1_continuous_disagreement,31,8,"detector '8' ON, detector '31' OFF for 5.045s (threshold=5.0s)"
2026-08-02 20:16:58 MDT,67d4eb3e55a5479197ba57634ee2312a,67d4eb3e_fisheye_1785723420.ts,rule2_orphan_pulse,33,26,"orphan on detector '26': orphan pulse duration=1.302s window=[1785723407.297, 1785723418.599]"
2026-08-02 20:17:37 MDT,c2d3d71cd1bc4c20844eea7603cca294,c2d3d71c_fisheye_1785723459.ts,rule2_orphan_pulse,31,8,"orphan on detector '8': orphan pulse duration=1.017s window=[1785723446.301, 1785723457.318]"
2026-08-02 20:17:40 MDT,70ded895b6c44697aa518a5a39dbbb59,70ded895_fisheye_1785723461.ts,rule2_orphan_pulse,43,29,"orphan on detector '43': orphan pulse duration=2.371s window=[1785723447.673, 1785723460.044]"
2026-08-02 20:21:12 MDT,b2e6265a9cb84d6a86255cbb931c6a58,b2e6265a_fisheye_1785723674.ts,rule2_orphan_pulse,33,26,"orphan on detector '26': orphan pulse duration=1.962s window=[1785723660.692, 1785723672.654]"
2026-08-02 20:23:11 MDT,cd951084eec848c4b1673d17f91c76eb,cd951084_fisheye_1785723791.ts,rule2_orphan_pulse,39,22,"orphan on detector '22': orphan pulse duration=0.652s window=[1785723780.419, 1785723791.071]"
2026-08-02 20:23:12 MDT,8c60de5f1baa4332a1caaaf486a36777,8c60de5f_fisheye_1785723793.ts,rule2_orphan_pulse,38,24,"orphan on detector '24': orphan pulse duration=1.31s window=[1785723781.071, 1785723792.381]"
2026-08-02 20:26:44 MDT,06ccfd1dd4934ade8bfd2fd7987a20ab,06ccfd1d_fisheye_1785724006.ts,rule1_continuous_disagreement,39,22,"detector '39' ON, detector '22' OFF for 5.045s (threshold=5.0s)"
2026-08-02 20:27:22 MDT,1aba18391d7445f281d548aea0108c0e,1aba1839_fisheye_1785724043.ts,rule2_orphan_pulse,39,22,"orphan on detector '39': orphan pulse duration=2.954s window=[1785724029.662, 1785724042.616]"
2026-08-02 20:29:22 MDT,9c3a311d4a2e40aeaaaf1b1451b1e40f,9c3a311d_fisheye_1785724162.ts,rule1_continuous_disagreement,8,42,"detector '8' ON, detector '42' OFF for 5.039s (threshold=5.0s)"
2026-08-02 20:29:28 MDT,cd39eead87c2488db75857b74b9da51b,cd39eead_fisheye_1785724168.ts,rule2_orphan_pulse,31,8,"orphan on detector '8': orphan pulse duration=4.712s window=[1785724153.250, 1785724167.962]"
2026-08-02 20:29:33 MDT,e9da827e56ee42229093f966215eb19f,e9da827e_fisheye_1785724174.ts,rule2_orphan_pulse,41,30,"orphan on detector '30': orphan pulse duration=0.982s window=[1785724162.367, 1785724173.348]"
2026-08-02 20:31:01 MDT,5dd77724999e48d7a931065070766e07,5dd77724_fisheye_1785724262.ts,rule2_orphan_pulse,33,26,"orphan on detector '26': orphan pulse duration=1.299s window=[1785724250.631, 1785724261.930]"
2026-08-02 20:32:22 MDT,b356f84732fe4ba5bd1b1a3feffacc51,b356f847_fisheye_1785724343.ts,rule2_orphan_pulse,31,8,"orphan on detector '8': orphan pulse duration=1.316s window=[1785724330.669, 1785724341.985]"
2026-08-02 20:32:23 MDT,019afda2b02d4e34874c243e4cc23f46,019afda2_fisheye_1785724345.ts,rule1_continuous_disagreement,43,29,"detector '43' ON, detector '29' OFF for 5.042s (threshold=5.0s)"
2026-08-02 20:32:39 MDT,8c19003ab0a446d6a1a368a721a04b51,8c19003a_fisheye_1785724361.ts,rule2_orphan_pulse,38,24,"orphan on detector '24': orphan pulse duration=1.348s window=[1785724348.039, 1785724359.387]"
2026-08-02 20:33:51 MDT,e9fa9d370a9d44abb20c9f6dd5245803,82935b85_fisheye_1785724432.ts,rule2_orphan_pulse,7,38,"orphan on detector '38': orphan pulse duration=0.667s window=[1785724420.408, 1785724431.075]"
2026-08-02 20:33:52 MDT,82935b852ec3468bbb35dcaf95a11546,82935b85_fisheye_1785724432.ts,rule2_orphan_pulse,24,7,"orphan on detector '24': orphan pulse duration=1.31s window=[1785724421.075, 1785724432.384]"
2026-08-02 20:34:08 MDT,2b926f10be864ec99268b7c6ab87babb,2b926f10_fisheye_1785724448.ts,rule2_orphan_pulse,31,8,"orphan on detector '8': orphan pulse duration=4.566s window=[1785724433.481, 1785724448.047]"
2026-08-02 20:39:09 MDT,d35a755e6a5b4a5595bfe5b69c754ece,e4927ba4_fisheye_1785724754.ts,rule1_continuous_disagreement,8,42,"detector '8' ON, detector '42' OFF for 5.05s (threshold=5.0s)"
2026-08-02 20:39:12 MDT,e4927ba45f7943a89b46e8e1499ad9fa,e4927ba4_fisheye_1785724754.ts,rule2_orphan_pulse,42,31,"orphan on detector '31': orphan pulse duration=0.998s window=[1785724741.891, 1785724752.889]"
2026-08-02 20:43:30 MDT,52aa8751d26248ff9dcd563074ae87bf,52aa8751_fisheye_1785725012.ts,rule2_orphan_pulse,33,26,"orphan on detector '26': orphan pulse duration=1.349s window=[1785724999.197, 1785725010.547]"
2026-08-02 20:43:36 MDT,35e3b010f4b9435ab5e9db6f4a1be992,35e3b010_fisheye_1785725016.ts,rule2_orphan_pulse,33,26,"orphan on detector '26': orphan pulse duration=1.357s window=[1785725004.921, 1785725016.277]"
2026-08-02 20:46:02 MDT,836a3ee152a543fb9c4c97086a3cb274,836a3ee1_fisheye_1785725162.ts,rule2_orphan_pulse,39,22,"orphan on detector '39': orphan pulse duration=3.718s window=[1785725148.623, 1785725162.341]"
2026-08-02 20:51:03 MDT,f27edb32c2c7478cb6cf9a1ee2a382b9,f27edb32_fisheye_1785725464.ts,rule1_continuous_disagreement,31,8,"detector '8' ON, detector '31' OFF for 5.05s (threshold=5.0s)"
2026-08-02 20:51:53 MDT,5bbc2488421c4a0189711d02c383ff6d,5bbc2488_fisheye_1785725515.ts,rule2_orphan_pulse,43,29,"orphan on detector '29': orphan pulse duration=1.336s window=[1785725502.165, 1785725513.501]"
2026-08-02 20:52:37 MDT,ef6a94b8daf84630a2db8aa3185a0549,ef6a94b8_fisheye_1785725557.ts,rule2_orphan_pulse,33,26,"orphan on detector '26': orphan pulse duration=1.354s window=[1785725545.900, 1785725557.254]"
2026-08-02 20:54:26 MDT,bbde7d9b6c2f4da1b7fee4a6264ac4fd,bbde7d9b_fisheye_1785725667.ts,rule2_orphan_pulse,30,3,"orphan on detector '3': orphan pulse duration=2.823s window=[1785725653.450, 1785725666.274]"
2026-08-02 20:55:31 MDT,f183609c85134e218f6bd87d051379b3,f183609c_fisheye_1785725732.ts,rule1_continuous_disagreement,30,3,"detector '3' ON, detector '30' OFF for 5.041s (threshold=5.0s)"
2026-08-02 20:56:10 MDT,61f41fe602c44a349f8ff609555b1f1e,f183609c_fisheye_1785725732.ts,rule1_continuous_disagreement,41,30,"detector '30' ON, detector '41' OFF for 5.038s (threshold=5.0s)"
2026-08-02 20:57:10 MDT,730f4887b9c348e28b55ead1e206e637,730f4887_fisheye_1785725831.ts,rule2_orphan_pulse,43,29,"orphan on detector '29': orphan pulse duration=0.658s window=[1785725819.396, 1785725830.053]"
2026-08-02 20:57:15 MDT,315dec1bc6ec4fcf8035fe3f1a5eca45,730f4887_fisheye_1785725831.ts,rule1_continuous_disagreement,42,31,"detector '31' ON, detector '42' OFF for 5.053s (threshold=5.0s)"
2026-08-02 20:58:35 MDT,031d5fe1a2b54cee9d7ba50e7b9356bd,031d5fe1_fisheye_1785725916.ts,rule2_orphan_pulse,33,26,"orphan on detector '26': orphan pulse duration=1.368s window=[1785725903.989, 1785725915.357]"
2026-08-02 21:01:54 MDT,bc0e53ea17124d20b29da42bc04bc986,bc0e53ea_fisheye_1785726115.ts,rule2_orphan_pulse,43,29,"orphan on detector '43': orphan pulse duration=1.934s window=[1785726102.693, 1785726114.626]"
2026-08-02 21:03:57 MDT,c799a836186e4ea3bf90b9b156a14f5b,c799a836_fisheye_1785726239.ts,rule2_orphan_pulse,31,8,"orphan on detector '8': orphan pulse duration=4.837s window=[1785726222.679, 1785726237.516]"
2026-08-02 21:06:34 MDT,a426c448025a462f96d8d9c55d8842ce,a426c448_fisheye_1785726395.ts,rule1_continuous_disagreement,8,42,"detector '8' ON, detector '42' OFF for 5.04s (threshold=5.0s)"
2026-08-02 21:07:50 MDT,aaf00e777efa46919bf17edc908fc744,aaf00e77_fisheye_1785726470.ts,rule1_continuous_disagreement,42,31,"detector '31' ON, detector '42' OFF for 5.038s (threshold=5.0s)"
2026-08-02 21:09:25 MDT,ee2e2617e5924317abb27baac152e9b2,ee2e2617_fisheye_1785726565.ts,rule2_orphan_pulse,8,42,"orphan on detector '8': orphan pulse duration=4.008s window=[1785726551.089, 1785726565.098]"
2026-08-02 21:09:30 MDT,f9954e8b052d4c8d9bde3e90d0080951,f9954e8b_fisheye_1785726571.ts,rule2_orphan_pulse,41,30,"orphan on detector '30': orphan pulse duration=1.986s window=[1785726558.074, 1785726570.060]"
2026-08-02 21:09:50 MDT,bafbe1c15c4e44c4b1384e6a949ee321,bafbe1c1_fisheye_1785726592.ts,rule1_continuous_disagreement,31,8,"detector '8' ON, detector '31' OFF for 5.042s (threshold=5.0s)"
2026-08-02 21:09:56 MDT,a0c7376de9d24605bff9a3d550ba28a8,70deaf17_fisheye_1785726604.ts,rule2_orphan_pulse,42,31,"orphan on detector '31': orphan pulse duration=0.99s window=[1785726585.795, 1785726596.785]"
2026-08-02 21:10:02 MDT,70deaf1704624deda75b8821e2ee3810,70deaf17_fisheye_1785726604.ts,rule2_orphan_pulse,41,30,"orphan on detector '30': orphan pulse duration=2.983s window=[1785726589.467, 1785726602.450]"
2026-08-02 21:10:39 MDT,49112827b6a14346a9e00dc37d04a987,49112827_fisheye_1785726640.ts,rule1_continuous_disagreement,39,22,"detector '22' ON, detector '39' OFF for 5.044s (threshold=5.0s)"
2026-08-02 21:10:41 MDT,e139ab0bba104afbbc53bfbd95ce06ef,49112827_fisheye_1785726640.ts,rule1_continuous_disagreement,4,39,"detector '4' ON, detector '39' OFF for 5.048s (threshold=5.0s)"
2026-08-02 21:11:08 MDT,c8afe6deb68f46d6ab5be11d7984e704,c8afe6de_fisheye_1785726669.ts,rule2_orphan_pulse,3,41,"orphan on detector '3': orphan pulse duration=1.624s window=[1785726656.789, 1785726668.413]"
2026-08-02 21:11:40 MDT,e025a7481fc74278b450c9ac23bae6f4,e025a748_fisheye_1785726701.ts,rule2_orphan_pulse,46,17,"orphan on detector '17': orphan pulse duration=0.671s window=[1785726689.789, 1785726700.459]"
2026-08-02 21:17:33 MDT,8b9e78515e0a4362b5e67b5858690686,8b9e7851_fisheye_1785727054.ts,rule1_continuous_disagreement,8,42,"detector '8' ON, detector '42' OFF for 5.043s (threshold=5.0s)"
2026-08-02 21:17:43 MDT,a8d611ffb5da4edca415b85547dc4621,bac15927_fisheye_1785727066.ts,rule2_orphan_pulse,41,30,"orphan on detector '30': orphan pulse duration=1.303s window=[1785727051.849, 1785727063.152]"
2026-08-02 21:17:45 MDT,bac15927066c4de990cbba2068c087d0,bac15927_fisheye_1785727066.ts,rule2_orphan_pulse,3,41,"orphan on detector '3': orphan pulse duration=0.981s window=[1785727054.137, 1785727065.118]"
2026-08-02 21:21:50 MDT,2f88d60e300248b4b58328696f9c474f,2f88d60e_fisheye_1785727311.ts,rule2_orphan_pulse,43,29,"orphan on detector '43': orphan pulse duration=4.568s window=[1785727295.735, 1785727310.303]"
2026-08-02 21:27:02 MDT,a7d507147587498aaf50701769e5356c,a7d50714_fisheye_1785727624.ts,rule2_orphan_pulse,31,8,"orphan on detector '8': orphan pulse duration=4.275s window=[1785727608.148, 1785727622.424]"
2026-08-02 21:27:05 MDT,792278c615014be785c146412c0a0594,a7d50714_fisheye_1785727624.ts,rule2_orphan_pulse,41,30,"orphan on detector '30': orphan pulse duration=0.994s window=[1785727614.722, 1785727625.716]"
2026-08-02 21:28:14 MDT,9dbad118390b48749b0c34efe00f96a3,9dbad118_fisheye_1785727695.ts,rule1_continuous_disagreement,8,42,"detector '8' ON, detector '42' OFF for 5.048s (threshold=5.0s)"
2026-08-02 21:28:20 MDT,7776fd9498f948f79d8dce38c63d508f,7776fd94_fisheye_1785727701.ts,rule2_orphan_pulse,31,8,"orphan on detector '8': orphan pulse duration=4.674s window=[1785727685.833, 1785727700.507]"
2026-08-02 21:28:40 MDT,f4330ee5c69847b3b50fca3db002ffa0,f4330ee5_fisheye_1785727721.ts,rule2_orphan_pulse,33,26,"orphan on detector '26': orphan pulse duration=1.32s window=[1785727709.181, 1785727720.501]"
2026-08-02 21:29:21 MDT,f486d81357ac4704a84a82b4c798c395,f486d813_fisheye_1785727761.ts,rule2_orphan_pulse,41,30,"orphan on detector '30': orphan pulse duration=1.991s window=[1785727749.121, 1785727761.111]"
2026-08-02 21:29:37 MDT,177fcaaba10a406ab31dbe44053173fd,177fcaab_fisheye_1785727778.ts,rule2_orphan_pulse,43,29,"orphan on detector '43': orphan pulse duration=0.983s window=[1785727766.123, 1785727777.106]"
2026-08-02 21:32:34 MDT,207e1b0cee1d4a63b7e06294fbf8f3ed,207e1b0c_fisheye_1785727954.ts,rule1_continuous_disagreement,38,24,"detector '38' ON, detector '24' OFF for 5.055s (threshold=5.0s)"
2026-08-02 21:32:55 MDT,1cf716bca8064cf0b7bde3eb3bc83918,961b2266_fisheye_1785727978.ts,rule1_continuous_disagreement,24,7,"detector '7' ON, detector '24' OFF for 5.053s (threshold=5.0s)"
2026-08-02 21:32:58 MDT,961b2266e5134004aa58219d4e1039f8,961b2266_fisheye_1785727978.ts,rule2_orphan_pulse,43,29,"orphan on detector '43': orphan pulse duration=4.81s window=[1785727963.675, 1785727978.485]"
2026-08-02 21:33:30 MDT,63b7254be73849c695fc4ae30ced1a41,63b7254b_fisheye_1785728011.ts,rule2_orphan_pulse,43,29,"orphan on detector '43': orphan pulse duration=4.172s window=[1785727996.450, 1785728010.623]"
2026-08-02 21:34:17 MDT,810ece3dd47f439785dbfe488b72e427,810ece3d_fisheye_1785728058.ts,rule1_continuous_disagreement,38,24,"detector '38' ON, detector '24' OFF for 5.042s (threshold=5.0s)"
2026-08-02 21:34:24 MDT,25c9f744c44a44e8949d42191135a8fc,25c9f744_fisheye_1785728066.ts,rule2_orphan_pulse,24,7,"orphan on detector '7': orphan pulse duration=1.626s window=[1785728052.518, 1785728064.144]"
