event_timestamp,local_timestamp,intersection_id,trigger_id,action,rule,pair_key,det_a,det_b,det_a_type,det_b_type,event_start_ts,event_end_ts,disagreement_sec,max_duration_sec,cameras,description,dedup_group,suppressed_as_duplicate,duplicate_of_trigger_id
1785685165.552,2026-08-02 09:39:25.551820,201,c68a908216de4afbad363ef8fc740efe,start,rule1_continuous_disagreement,17:46,46,17,radar,video,1785685160.504,,5.048,300.0,fisheye,"detector '46' ON, detector '17' OFF for 5.048s (threshold=5.0s)",2:17:46,0,
1785685165.558,2026-08-02 09:39:25.557893,201,6c895763447c4315b6c4464ba5502deb,start,rule1_continuous_disagreement,17:2,17,2,video,video,1785685160.505,,5.053,300.0,fisheye,"detector '2' ON, detector '17' OFF for 5.053s (threshold=5.0s)",2:17:46,1,c68a908216de4afbad363ef8fc740efe
1785685174.325,2026-08-02 09:39:34.324610,201,2965c048cb8b45e3b3cfa8252237b98a,start,rule2_orphan_pulse,31:8,31,8,video,video,1785685164.514,1785685169.315,4.8,19.8,fisheye,"orphan on detector '8': orphan pulse duration=4.8s window=[1785685159.514, 1785685174.315]",8:31:42,0,
1785685174.334,2026-08-02 09:39:34.333560,201,f1cd8e77ed88458fa9657d165395e01d,start,rule2_orphan_pulse,42:8,8,42,video,radar,1785685164.514,1785685169.315,4.8,19.8,fisheye,"orphan on detector '8': orphan pulse duration=4.8s window=[1785685159.514, 1785685174.315]",8:31:42,1,2965c048cb8b45e3b3cfa8252237b98a
1785685184.329,2026-08-02 09:39:44.329084,201,c68a908216de4afbad363ef8fc740efe,stop,rule1_continuous_disagreement,17:46,46,17,radar,video,,,0.0,300.0,fisheye,Rule 1 recording stopped after 5.0s post-roll,2:17:46,0,
1785685196.030,2026-08-02 09:39:56.029865,201,916bc126fa194cfe8f49d283199bda5d,start,rule1_continuous_disagreement,22:39,39,22,radar,video,1785685190.990,,5.04,300.0,fisheye,"detector '39' ON, detector '22' OFF for 5.04s (threshold=5.0s)",4:22:39,0,
1785685196.034,2026-08-02 09:39:56.033563,201,56fdf89d807844558f66f32bc5eadc12,start,rule1_continuous_disagreement,39:4,4,39,video,radar,1785685190.991,,5.043,300.0,fisheye,"detector '39' ON, detector '4' OFF for 5.043s (threshold=5.0s)",4:22:39,1,916bc126fa194cfe8f49d283199bda5d
1785685245.264,2026-08-02 09:40:45.263513,201,916bc126fa194cfe8f49d283199bda5d,stop,rule1_continuous_disagreement,22:39,39,22,radar,video,,,0.0,300.0,fisheye,Rule 1 recording stopped after 5.0s post-roll,4:22:39,0,
1785685273.536,2026-08-02 09:41:13.535753,201,21599dd629344c7cb6191c145b4b5869,start,rule2_orphan_pulse,24:38,38,24,radar,video,1785685265.861,1785685268.445,2.584,17.584,fisheye,"orphan on detector '38': orphan pulse duration=2.584s window=[1785685260.861, 1785685273.445]",7:24:38,0,
1785685273.538,2026-08-02 09:41:13.538166,201,71a63b67fd4446f6b3f1f64413f976c3,start,rule2_orphan_pulse,38:7,7,38,video,radar,1785685265.861,1785685268.445,2.584,17.584,fisheye,"orphan on detector '38': orphan pulse duration=2.584s window=[1785685260.861, 1785685273.445]",7:24:38,1,21599dd629344c7cb6191c145b4b5869
1785685304.111,2026-08-02 09:41:44.111171,201,bb1e32ebc8e5435ca595efe0f13d365c,start,rule1_continuous_disagreement,42:8,8,42,video,radar,1785685299.080,,5.031,300.0,fisheye,"detector '8' ON, detector '42' OFF for 5.031s (threshold=5.0s)",8:31:42,0,
1785685305.227,2026-08-02 09:41:45.226857,201,9fd60c87ec364d999628f8096bf41514,start,rule2_orphan_pulse,31:42,42,31,radar,video,1785685298.998,1785685300.135,1.137,16.137,fisheye,"orphan on detector '42': orphan pulse duration=1.137s window=[1785685293.998, 1785685305.135]",8:31:42,0,
1785685309.672,2026-08-02 09:41:49.671992,201,8bd38b70a30a4dc1ab14050f5b682c32,start,rule2_orphan_pulse,31:8,31,8,video,video,1785685300.135,1785685304.649,4.515,19.515,fisheye,"orphan on detector '8': orphan pulse duration=4.515s window=[1785685295.135, 1785685309.649]",8:31:42,0,
1785685309.780,2026-08-02 09:41:49.780188,201,bb1e32ebc8e5435ca595efe0f13d365c,stop,rule1_continuous_disagreement,42:8,8,42,video,radar,,,0.0,300.0,fisheye,Rule 1 recording stopped after 5.1s post-roll,8:31:42,0,
1785685357.526,2026-08-02 09:42:37.525703,201,736abbbe57d343ada772af1635643dae,start,rule1_continuous_disagreement,22:39,39,22,radar,video,1785685352.476,,5.05,300.0,fisheye,"detector '39' ON, detector '22' OFF for 5.05s (threshold=5.0s)",4:22:39,0,
1785685357.526,2026-08-02 09:42:37.525703,201,7b537e22ed624ad8a96c09adf0d78df4,start,rule1_continuous_disagreement,39:4,4,39,video,radar,1785685352.476,,5.05,300.0,fisheye,"detector '39' ON, detector '4' OFF for 5.05s (threshold=5.0s)",4:22:39,1,736abbbe57d343ada772af1635643dae
1785685362.779,2026-08-02 09:42:42.779224,201,736abbbe57d343ada772af1635643dae,stop,rule1_continuous_disagreement,22:39,39,22,radar,video,,,0.0,300.0,fisheye,Rule 1 recording stopped after 5.0s post-roll,4:22:39,0,
1785685402.294,2026-08-02 09:43:22.294370,201,de76979ab3b0427f916be60f29858eca,start,rule1_continuous_disagreement,2:46,2,46,video,radar,1785685397.236,,5.058,300.0,fisheye,"detector '2' ON, detector '46' OFF for 5.058s (threshold=5.0s)",2:17:46,0,
1785685415.930,2026-08-02 09:43:35.930001,201,65ed0b3e6f324b64b86e60bb5280a5fd,start,rule2_orphan_pulse,30:41,41,30,radar,video,1785685409.766,1785685410.867,1.1,16.1,fisheye,"orphan on detector '30': orphan pulse duration=1.1s window=[1785685404.766, 1785685415.867]",3:30:41,0,
1785685417.048,2026-08-02 09:43:37.048295,201,2a93c8f1333c40ab88bde76daf722f9d,start,rule2_orphan_pulse,3:41,3,41,video,radar,1785685411.233,1785685411.982,0.75,15.75,fisheye,"orphan on detector '3': orphan pulse duration=0.75s window=[1785685406.233, 1785685416.982]",3:30:41,0,
1785685419.377,2026-08-02 09:43:39.376554,201,de76979ab3b0427f916be60f29858eca,stop,rule1_continuous_disagreement,2:46,2,46,video,radar,,,0.0,300.0,fisheye,Rule 1 recording stopped after 5.1s post-roll,2:17:46,0,
1785685455.213,2026-08-02 09:44:15.213371,201,ecbf31298716467390e411e3da17bec7,start,rule1_continuous_disagreement,22:39,39,22,radar,video,1785685450.156,,5.057,300.0,fisheye,"detector '39' ON, detector '22' OFF for 5.057s (threshold=5.0s)",4:22:39,0,
1785685455.216,2026-08-02 09:44:15.216389,201,ad3acf8f92844cb682e3c5e512b199da,start,rule1_continuous_disagreement,39:4,4,39,video,radar,1785685450.156,,5.06,300.0,fisheye,"detector '39' ON, detector '4' OFF for 5.06s (threshold=5.0s)",4:22:39,1,ecbf31298716467390e411e3da17bec7
1785685471.578,2026-08-02 09:44:31.577720,201,ecbf31298716467390e411e3da17bec7,stop,rule1_continuous_disagreement,22:39,39,22,radar,video,,,0.0,300.0,fisheye,Rule 1 recording stopped after 5.0s post-roll,4:22:39,0,
1785685572.329,2026-08-02 09:46:12.329408,201,0628ecfb23e44cca95726ff0634c35ce,start,rule2_orphan_pulse,29:43,43,29,radar,video,1785685565.474,1785685567.309,1.835,16.835,fisheye,"orphan on detector '43': orphan pulse duration=1.835s window=[1785685560.474, 1785685572.309]",29:43,0,
1785685592.319,2026-08-02 09:46:32.318811,201,245349f6df3749a4ae9cb07e3ea9039d,start,rule1_continuous_disagreement,24:38,38,24,radar,video,1785685587.272,,5.047,300.0,fisheye,"detector '38' ON, detector '24' OFF for 5.047s (threshold=5.0s)",7:24:38,0,
1785685597.973,2026-08-02 09:46:37.972728,201,245349f6df3749a4ae9cb07e3ea9039d,stop,rule1_continuous_disagreement,24:38,38,24,radar,video,,,0.0,300.0,fisheye,Rule 1 recording stopped after 5.0s post-roll,7:24:38,0,
1785685636.106,2026-08-02 09:47:16.106103,201,4fe10b829b02492e81b5b752a921d33f,start,rule2_orphan_pulse,31:8,31,8,video,video,1785685626.869,1785685631.009,4.14,19.14,fisheye,"orphan on detector '8': orphan pulse duration=4.14s window=[1785685621.869, 1785685636.009]",8:31:42,0,
1785685636.109,2026-08-02 09:47:16.108779,201,9f5020377b794980a0e4624645844425,start,rule2_orphan_pulse,42:8,8,42,video,radar,1785685626.869,1785685631.009,4.14,19.14,fisheye,"orphan on detector '8': orphan pulse duration=4.14s window=[1785685621.869, 1785685636.009]",8:31:42,1,4fe10b829b02492e81b5b752a921d33f
1785685923.189,2026-08-02 09:52:03.189489,201,ac57202a18974969bddf1df186870a92,start,rule1_continuous_disagreement,22:39,39,22,radar,video,1785685918.145,,5.044,300.0,fisheye,"detector '39' ON, detector '22' OFF for 5.044s (threshold=5.0s)",4:22:39,0,
1785685923.195,2026-08-02 09:52:03.194679,201,15af9c99fe784acd90bd56cc687112f8,start,rule1_continuous_disagreement,39:4,4,39,video,radar,1785685918.146,,5.049,300.0,fisheye,"detector '39' ON, detector '4' OFF for 5.049s (threshold=5.0s)",4:22:39,1,ac57202a18974969bddf1df186870a92
1785685928.447,2026-08-02 09:52:08.446976,201,ac57202a18974969bddf1df186870a92,stop,rule1_continuous_disagreement,22:39,39,22,radar,video,,,0.0,300.0,fisheye,Rule 1 recording stopped after 5.0s post-roll,4:22:39,0,
1785685951.871,2026-08-02 09:52:31.870960,201,f14e93960e8646a98286f0513c18b28a,start,rule1_continuous_disagreement,31:8,31,8,video,video,1785685946.822,,5.049,300.0,fisheye,"detector '8' ON, detector '31' OFF for 5.049s (threshold=5.0s)",8:31:42,0,
1785685951.876,2026-08-02 09:52:31.875645,201,d9d0d66eb8084a2d8d32475185e768fd,start,rule1_continuous_disagreement,42:8,8,42,video,radar,1785685946.823,,5.053,300.0,fisheye,"detector '8' ON, detector '42' OFF for 5.053s (threshold=5.0s)",8:31:42,1,f14e93960e8646a98286f0513c18b28a
1785685957.738,2026-08-02 09:52:37.737797,201,f14e93960e8646a98286f0513c18b28a,stop,rule1_continuous_disagreement,31:8,31,8,video,video,,,0.0,300.0,fisheye,Rule 1 recording stopped after 5.0s post-roll,8:31:42,0,
1785685974.748,2026-08-02 09:52:54.747891,201,f8a77b9648d448849e48017268fea79c,start,rule2_orphan_pulse,22:39,39,22,radar,video,1785685968.245,1785685969.724,1.479,16.479,fisheye,"orphan on detector '22': orphan pulse duration=1.479s window=[1785685963.245, 1785685974.724]",4:22:39,0,
1785685978.085,2026-08-02 09:52:58.085474,201,07fcf523b7ba4448a191e9cd9244baa7,start,rule2_orphan_pulse,39:4,4,39,video,radar,1785685972.303,1785685973.045,0.743,15.743,fisheye,"orphan on detector '4': orphan pulse duration=0.743s window=[1785685967.303, 1785685978.045]",4:22:39,0,
1785685978.491,2026-08-02 09:52:58.491008,201,be19efb46df449f18b1ccf36326c7763,start,rule2_orphan_pulse,24:38,38,24,radar,video,1785685972.666,1785685973.422,0.756,15.756,fisheye,"orphan on detector '24': orphan pulse duration=0.756s window=[1785685967.666, 1785685978.422]",7:24:38,0,
1785685978.797,2026-08-02 09:52:58.796913,201,5568d03917c14afabb4666f0f36b8ee5,start,rule2_orphan_pulse,38:7,7,38,video,radar,1785685973.045,1785685973.795,0.749,15.748999999999999,fisheye,"orphan on detector '7': orphan pulse duration=0.749s window=[1785685968.045, 1785685978.795]",7:24:38,1,be19efb46df449f18b1ccf36326c7763
1785685985.858,2026-08-02 09:53:05.857902,201,bca129c5794140a78156aac95ecf89e2,start,rule2_orphan_pulse,31:8,31,8,video,video,1785685976.771,1785685980.844,4.073,19.073,fisheye,"orphan on detector '8': orphan pulse duration=4.073s window=[1785685971.771, 1785685985.844]",8:31:42,0,
1785685985.860,2026-08-02 09:53:05.859912,201,5bda8d6aa1e744e7ab9117a3abb5e515,start,rule2_orphan_pulse,42:8,8,42,video,radar,1785685976.771,1785685980.844,4.073,19.073,fisheye,"orphan on detector '8': orphan pulse duration=4.073s window=[1785685971.771, 1785685985.844]",8:31:42,1,bca129c5794140a78156aac95ecf89e2
1785686028.237,2026-08-02 09:53:48.236981,201,d62a9c1e1f6341489b1c66c5436ac80d,start,rule2_orphan_pulse,22:39,39,22,radar,video,1785686022.022,1785686023.141,1.119,16.119,fisheye,"orphan on detector '22': orphan pulse duration=1.119s window=[1785686017.022, 1785686028.141]",4:22:39,0,
1785686028.951,2026-08-02 09:53:48.951411,201,14c8f008d628422899de0db319340d7c,start,rule2_orphan_pulse,24:38,38,24,radar,video,1785686023.141,1785686023.886,0.746,15.746,fisheye,"orphan on detector '24': orphan pulse duration=0.746s window=[1785686018.141, 1785686028.886]",7:24:38,0,
1785686048.533,2026-08-02 09:54:08.533268,201,a414ebc623624507a1e39a3a29bcba86,start,rule1_continuous_disagreement,26:33,33,26,radar,video,1785686043.494,,5.039,300.0,fisheye,"detector '26' ON, detector '33' OFF for 5.039s (threshold=5.0s)",26:33,0,
1785686067.002,2026-08-02 09:54:27.001717,201,ed4922cf7db04bb4a0fae140266053b7,start,rule2_orphan_pulse,30:41,41,30,radar,video,1785686059.302,1785686061.948,2.646,17.646,fisheye,"orphan on detector '30': orphan pulse duration=2.646s window=[1785686054.302, 1785686066.948]",3:30:41,0,
1785686068.115,2026-08-02 09:54:28.115151,201,a414ebc623624507a1e39a3a29bcba86,stop,rule1_continuous_disagreement,26:33,33,26,radar,video,,,0.0,300.0,fisheye,Rule 1 recording stopped after 5.0s post-roll,26:33,0,
1785686068.520,2026-08-02 09:54:28.520497,201,ee65655aebcc4582964f021aaeca85d9,start,rule2_orphan_pulse,3:41,3,41,video,radar,1785686061.562,1785686063.430,1.869,16.869,fisheye,"orphan on detector '3': orphan pulse duration=1.869s window=[1785686056.562, 1785686068.430]",3:30:41,0,
1785686162.085,2026-08-02 09:56:02.084916,201,43461b6d087b44be9a9075fd35e6af6e,start,rule2_orphan_pulse,26:33,33,26,radar,video,1785686155.550,1785686157.044,1.494,16.494,fisheye,"orphan on detector '26': orphan pulse duration=1.494s window=[1785686150.550, 1785686162.044]",26:33,0,
1785686170.782,2026-08-02 09:56:10.781926,201,2477c14a47384690b94a4666ef8a6254,start,rule1_continuous_disagreement,2:46,2,46,video,radar,1785686165.736,,5.046,300.0,fisheye,"detector '46' ON, detector '2' OFF for 5.046s (threshold=5.0s)",2:17:46,0,
1785686182.796,2026-08-02 09:56:22.795630,201,2477c14a47384690b94a4666ef8a6254,stop,rule1_continuous_disagreement,2:46,2,46,video,radar,,,0.0,300.0,fisheye,Rule 1 recording stopped after 5.1s post-roll,2:17:46,0,
1785686228.094,2026-08-02 09:57:08.093800,201,c7c5f1cfe0b14347a731442c8bdcf3cf,start,rule1_continuous_disagreement,22:39,39,22,radar,video,1785686223.047,,5.047,300.0,fisheye,"detector '39' ON, detector '22' OFF for 5.047s (threshold=5.0s)",4:22:39,0,
1785686228.097,2026-08-02 09:57:08.096965,201,dbda6fd30adb4a30ab8e184f7fd56f22,start,rule1_continuous_disagreement,39:4,4,39,video,radar,1785686223.047,,5.05,300.0,fisheye,"detector '39' ON, detector '4' OFF for 5.05s (threshold=5.0s)",4:22:39,1,c7c5f1cfe0b14347a731442c8bdcf3cf
1785686244.164,2026-08-02 09:57:24.164216,201,a3ba883246894ce395a5e8aa781055e3,start,rule2_orphan_pulse,42:8,8,42,video,radar,1785686234.171,1785686239.076,4.905,19.905,fisheye,"orphan on detector '8': orphan pulse duration=4.905s window=[1785686229.171, 1785686244.076]",8:31:42,0,
1785686268.571,2026-08-02 09:57:48.570754,201,236d8b2c0e9b453caf8918240770a173,start,rule1_continuous_disagreement,2:46,2,46,video,radar,1785686263.525,,5.046,300.0,fisheye,"detector '2' ON, detector '46' OFF for 5.046s (threshold=5.0s)",2:17:46,0,
1785686276.840,2026-08-02 09:57:56.840283,201,abf8cd7d1c2746bc81964fe5c05c9452,start,rule2_orphan_pulse,29:43,43,29,radar,video,1785686270.544,1785686271.760,1.215,16.215,fisheye,"orphan on detector '43': orphan pulse duration=1.215s window=[1785686265.544, 1785686276.760]",29:43,0,
1785686296.725,2026-08-02 09:58:16.724848,201,236d8b2c0e9b453caf8918240770a173,stop,rule1_continuous_disagreement,2:46,2,46,video,radar,,,0.0,300.0,fisheye,Rule 1 recording stopped after 5.0s post-roll,2:17:46,0,
1785686300.159,2026-08-02 09:58:20.158715,201,c7c5f1cfe0b14347a731442c8bdcf3cf,stop,rule1_continuous_disagreement,22:39,39,22,radar,video,,,0.0,300.0,fisheye,Rule 1 recording stopped after 5.1s post-roll,4:22:39,0,
1785686332.999,2026-08-02 09:58:52.998519,201,761ee032734949139c608ac89946d6f5,start,rule1_continuous_disagreement,42:8,8,42,video,radar,1785686327.960,,5.039,300.0,fisheye,"detector '8' ON, detector '42' OFF for 5.039s (threshold=5.0s)",8:31:42,0,
1785686339.454,2026-08-02 09:58:59.454267,201,761ee032734949139c608ac89946d6f5,stop,rule1_continuous_disagreement,42:8,8,42,video,radar,,,0.0,300.0,fisheye,Rule 1 recording stopped after 5.0s post-roll,8:31:42,0,
1785686399.136,2026-08-02 09:59:59.136027,201,f3e9411aa0fa48f2868554d161327c79,start,rule1_continuous_disagreement,30:41,41,30,radar,video,1785686394.076,,5.06,300.0,fisheye,"detector '30' ON, detector '41' OFF for 5.06s (threshold=5.0s)",3:30:41,0,
1785686408.795,2026-08-02 10:00:08.795189,201,f3e9411aa0fa48f2868554d161327c79,stop,rule1_continuous_disagreement,30:41,41,30,radar,video,,,0.0,300.0,fisheye,Rule 1 recording stopped after 5.1s post-roll,3:30:41,0,
1785686421.269,2026-08-02 10:00:21.268684,201,bdaca9db979c42429a582e71f7018110,start,rule2_orphan_pulse,29:43,43,29,radar,video,1785686415.076,1785686416.187,1.111,16.111,fisheye,"orphan on detector '29': orphan pulse duration=1.111s window=[1785686410.076, 1785686421.187]",29:43,0,
1785686423.617,2026-08-02 10:00:23.616746,201,a6e93a21aa0f41f78d0488f3ecfef5b0,start,rule1_continuous_disagreement,31:42,42,31,radar,video,1785686418.525,,5.092,300.0,fisheye,"detector '42' ON, detector '31' OFF for 5.092s (threshold=5.0s)",8:31:42,0,
1785686428.752,2026-08-02 10:00:28.751916,201,a6e93a21aa0f41f78d0488f3ecfef5b0,stop,rule1_continuous_disagreement,31:42,42,31,radar,video,,,0.0,300.0,fisheye,Rule 1 recording stopped after 5.0s post-roll,8:31:42,0,
1785686471.483,2026-08-02 10:01:11.482982,201,605b825ffcd346eda20c75a8b942ade7,start,rule2_orphan_pulse,26:33,33,26,radar,video,1785686464.970,1785686466.472,1.502,16.502,fisheye,"orphan on detector '26': orphan pulse duration=1.502s window=[1785686459.970, 1785686471.472]",26:33,0,
1785686550.494,2026-08-02 10:02:30.493526,201,295e10877e264370a3fe1f36f3c159d2,start,rule1_continuous_disagreement,31:8,31,8,video,video,1785686545.459,,5.035,300.0,fisheye,"detector '8' ON, detector '31' OFF for 5.035s (threshold=5.0s)",8:31:42,0,
1785686550.503,2026-08-02 10:02:30.502734,201,f2dcfb64b00842298deb38c95207150f,start,rule1_continuous_disagreement,42:8,8,42,video,radar,1785686545.459,,5.044,300.0,fisheye,"detector '8' ON, detector '42' OFF for 5.044s (threshold=5.0s)",8:31:42,1,295e10877e264370a3fe1f36f3c159d2
1785686563.614,2026-08-02 10:02:43.614166,201,295e10877e264370a3fe1f36f3c159d2,stop,rule1_continuous_disagreement,31:8,31,8,video,video,,,0.0,300.0,fisheye,Rule 1 recording stopped after 5.0s post-roll,8:31:42,0,
1785686591.453,2026-08-02 10:03:11.453395,201,7dcd1d99643d45eaa3d40919325ad1fd,start,rule1_continuous_disagreement,22:39,39,22,radar,video,1785686586.405,,5.048,300.0,fisheye,"detector '39' ON, detector '22' OFF for 5.048s (threshold=5.0s)",4:22:39,0,
1785686591.462,2026-08-02 10:03:11.461656,201,03371dc6a27e42bd8b08fb20fbff9460,start,rule1_continuous_disagreement,39:4,4,39,video,radar,1785686586.406,,5.056,300.0,fisheye,"detector '39' ON, detector '4' OFF for 5.056s (threshold=5.0s)",4:22:39,1,7dcd1d99643d45eaa3d40919325ad1fd
1785686599.022,2026-08-02 10:03:19.021717,201,7dcd1d99643d45eaa3d40919325ad1fd,stop,rule1_continuous_disagreement,22:39,39,22,radar,video,,,0.0,300.0,fisheye,Rule 1 recording stopped after 5.0s post-roll,4:22:39,0,
1785686633.100,2026-08-02 10:03:53.099920,201,b9cef620c14c4ef0aa7f41be4f0eb46a,start,rule2_orphan_pulse,42:8,8,42,video,radar,1785686626.948,1785686628.045,1.097,16.097,fisheye,"orphan on detector '8': orphan pulse duration=1.097s window=[1785686621.948, 1785686633.045]",8:31:42,0,
1785686633.812,2026-08-02 10:03:53.811680,201,bf2eba8ab02e4c039bf358de304990ce,start,rule2_orphan_pulse,31:42,42,31,radar,video,1785686626.580,1785686628.793,2.212,17.212,fisheye,"orphan on detector '31': orphan pulse duration=2.212s window=[1785686621.580, 1785686633.793]",8:31:42,1,b9cef620c14c4ef0aa7f41be4f0eb46a
1785686799.695,2026-08-02 10:06:39.695457,201,13f52096ad2344318b566543f3e09b78,start,rule1_continuous_disagreement,30:41,41,30,radar,video,1785686794.652,,5.043,300.0,fisheye,"detector '41' ON, detector '30' OFF for 5.043s (threshold=5.0s)",3:30:41,0,
1785686800.808,2026-08-02 10:06:40.808195,201,20c3af8307cc4efcb7c10e34278c2227,start,rule1_continuous_disagreement,3:41,3,41,video,radar,1785686795.760,,5.048,300.0,fisheye,"detector '41' ON, detector '3' OFF for 5.048s (threshold=5.0s)",3:30:41,0,
1785686807.972,2026-08-02 10:06:47.972272,201,13f52096ad2344318b566543f3e09b78,stop,rule1_continuous_disagreement,30:41,41,30,radar,video,,,0.0,300.0,fisheye,Rule 1 recording stopped after 5.0s post-roll,3:30:41,0,
1785686808.686,2026-08-02 10:06:48.686217,201,20c3af8307cc4efcb7c10e34278c2227,stop,rule1_continuous_disagreement,3:41,3,41,video,radar,,,0.0,300.0,fisheye,Rule 1 recording stopped after 5.1s post-roll,3:30:41,0,
1785686949.780,2026-08-02 10:09:09.780318,201,52f47f9ec8a047e58992e25baaf47e07,start,rule2_orphan_pulse,31:8,31,8,video,video,1785686939.938,1785686944.721,4.782,19.782,fisheye,"orphan on detector '8': orphan pulse duration=4.782s window=[1785686934.938, 1785686949.721]",8:31:42,0,
1785686949.791,2026-08-02 10:09:09.791155,201,d507f15bd8cb4e46b82508802ef531b0,start,rule2_orphan_pulse,42:8,8,42,video,radar,1785686939.938,1785686944.721,4.782,19.782,fisheye,"orphan on detector '8': orphan pulse duration=4.782s window=[1785686934.938, 1785686949.721]",8:31:42,1,52f47f9ec8a047e58992e25baaf47e07
1785686964.131,2026-08-02 10:09:24.131396,201,2ba628ab61d74a14b150721e411759d8,start,rule2_orphan_pulse,30:41,41,30,radar,video,1785686958.012,1785686959.108,1.096,16.096,fisheye,"orphan on detector '30': orphan pulse duration=1.096s window=[1785686953.012, 1785686964.108]",3:30:41,0,
1785686965.646,2026-08-02 10:09:25.645880,201,6ef1d80b0a834cd4b0bb235479420999,start,rule2_orphan_pulse,3:41,3,41,video,radar,1785686959.469,1785686960.592,1.122,16.122,fisheye,"orphan on detector '3': orphan pulse duration=1.122s window=[1785686954.469, 1785686965.592]",3:30:41,0,
1785687084.816,2026-08-02 10:11:24.816388,201,71bb546a12144648a20ffddb51376052,start,rule2_orphan_pulse,31:8,31,8,video,video,1785687075.161,1785687079.792,4.631,19.631,fisheye,"orphan on detector '8': orphan pulse duration=4.631s window=[1785687070.161, 1785687084.792]",8:31:42,0,
1785687084.817,2026-08-02 10:11:24.817492,201,4776e1ecbe05441d99ce77fd9c2d51cb,start,rule2_orphan_pulse,42:8,8,42,video,radar,1785687075.161,1785687079.792,4.631,19.631,fisheye,"orphan on detector '8': orphan pulse duration=4.631s window=[1785687070.161, 1785687084.792]",8:31:42,1,71bb546a12144648a20ffddb51376052
1785687145.323,2026-08-02 10:12:25.323116,201,ebf3aaea35ea410980f1cd9e949d80a0,start,rule1_continuous_disagreement,31:8,31,8,video,video,1785687140.271,,5.052,300.0,fisheye,"detector '8' ON, detector '31' OFF for 5.052s (threshold=5.0s)",8:31:42,0,
1785687146.939,2026-08-02 10:12:26.938623,201,62eab7cef2c7464f959a909d4eda2c76,start,rule1_continuous_disagreement,42:8,8,42,video,radar,1785687141.892,,5.047,300.0,fisheye,"detector '8' ON, detector '42' OFF for 5.047s (threshold=5.0s)",8:31:42,0,
1785687152.789,2026-08-02 10:12:32.788714,201,ebf3aaea35ea410980f1cd9e949d80a0,stop,rule1_continuous_disagreement,31:8,31,8,video,video,,,0.0,300.0,fisheye,Rule 1 recording stopped after 5.0s post-roll,8:31:42,0,
1785687152.791,2026-08-02 10:12:32.790774,201,62eab7cef2c7464f959a909d4eda2c76,stop,rule1_continuous_disagreement,42:8,8,42,video,radar,,,0.0,300.0,fisheye,Rule 1 recording stopped after 5.0s post-roll,8:31:42,0,
1785687157.937,2026-08-02 10:12:37.937032,201,b559b06d41314ce2abe89d2e639557e8,start,rule2_orphan_pulse,30:41,41,30,radar,video,1785687151.784,1785687152.920,1.136,16.136,fisheye,"orphan on detector '30': orphan pulse duration=1.136s window=[1785687146.784, 1785687157.920]",3:30:41,0,
1785687159.755,2026-08-02 10:12:39.754778,201,d090b9043ede4f61bda5b639f3f97d58,start,rule2_orphan_pulse,3:41,3,41,video,radar,1785687153.284,1785687154.743,1.459,16.459,fisheye,"orphan on detector '3': orphan pulse duration=1.459s window=[1785687148.284, 1785687159.743]",3:30:41,0,
1785687179.241,2026-08-02 10:12:59.241431,201,28f7a932440c4c01a879fa2449303c86,start,rule1_continuous_disagreement,29:43,43,29,radar,video,1785687174.200,,5.041,300.0,fisheye,"detector '43' ON, detector '29' OFF for 5.041s (threshold=5.0s)",29:43,0,
1785687185.908,2026-08-02 10:13:05.908442,201,28f7a932440c4c01a879fa2449303c86,stop,rule1_continuous_disagreement,29:43,43,29,radar,video,,,0.0,300.0,fisheye,Rule 1 recording stopped after 5.1s post-roll,29:43,0,
1785687248.458,2026-08-02 10:14:08.458486,201,10497aebb2ef441c80c723cd8cc54164,start,rule1_continuous_disagreement,30:41,41,30,radar,video,1785687243.417,,5.041,300.0,fisheye,"detector '41' ON, detector '30' OFF for 5.041s (threshold=5.0s)",3:30:41,0,
1785687249.874,2026-08-02 10:14:09.874454,201,14ff01161a1c47a28ee723fc96c146b4,start,rule1_continuous_disagreement,3:41,3,41,video,radar,1785687244.834,,5.04,300.0,fisheye,"detector '41' ON, detector '3' OFF for 5.04s (threshold=5.0s)",3:30:41,0,
1785687252.501,2026-08-02 10:14:12.500819,201,02ae3902cf4a4866beb067a7dd7b9f52,start,rule1_continuous_disagreement,22:39,39,22,radar,video,1785687247.452,,5.049,300.0,fisheye,"detector '39' ON, detector '22' OFF for 5.049s (threshold=5.0s)",4:22:39,0,
1785687253.313,2026-08-02 10:14:13.313079,201,8685b013e3a54b5aa69f67728bc22e61,start,rule1_continuous_disagreement,39:4,4,39,video,radar,1785687248.257,,5.056,300.0,fisheye,"detector '39' ON, detector '4' OFF for 5.056s (threshold=5.0s)",4:22:39,1,02ae3902cf4a4866beb067a7dd7b9f52
1785687256.948,2026-08-02 10:14:16.947717,201,c8deca474bdb49eab6849b3897c737ef,start,rule1_continuous_disagreement,31:8,31,8,video,video,1785687251.897,,5.051,300.0,fisheye,"detector '8' ON, detector '31' OFF for 5.051s (threshold=5.0s)",8:31:42,0,
1785687257.661,2026-08-02 10:14:17.660562,201,3f09bb4d19a34b54ba0b067d17be292e,start,rule1_continuous_disagreement,42:8,8,42,video,radar,1785687252.608,,5.053,300.0,fisheye,"detector '8' ON, detector '42' OFF for 5.053s (threshold=5.0s)",8:31:42,1,c8deca474bdb49eab6849b3897c737ef
1785687264.030,2026-08-02 10:14:24.029554,201,c8deca474bdb49eab6849b3897c737ef,stop,rule1_continuous_disagreement,31:8,31,8,video,video,,,0.0,300.0,fisheye,Rule 1 recording stopped after 5.1s post-roll,8:31:42,0,
1785687284.416,2026-08-02 10:14:44.415654,201,10497aebb2ef441c80c723cd8cc54164,stop,rule1_continuous_disagreement,30:41,41,30,radar,video,,,0.0,300.0,fisheye,Rule 1 recording stopped after 5.1s post-roll,3:30:41,0,
1785687284.828,2026-08-02 10:14:44.827838,201,02ae3902cf4a4866beb067a7dd7b9f52,stop,rule1_continuous_disagreement,22:39,39,22,radar,video,,,0.0,300.0,fisheye,Rule 1 recording stopped after 5.1s post-roll,4:22:39,0,
1785687285.538,2026-08-02 10:14:45.537735,201,14ff01161a1c47a28ee723fc96c146b4,stop,rule1_continuous_disagreement,3:41,3,41,video,radar,,,0.0,300.0,fisheye,Rule 1 recording stopped after 5.1s post-roll,3:30:41,0,
1785687338.706,2026-08-02 10:15:38.705552,201,8800ae26d8784ab6a05930fb39023363,start,rule1_continuous_disagreement,42:8,8,42,video,radar,1785687333.653,,5.053,300.0,fisheye,"detector '8' ON, detector '42' OFF for 5.053s (threshold=5.0s)",8:31:42,0,
1785687349.518,2026-08-02 10:15:49.518456,201,a6ada6e376c24bdfa977a9c6dc9b4dfe,start,rule1_continuous_disagreement,30:41,41,30,radar,video,1785687344.474,,5.044,300.0,fisheye,"detector '30' ON, detector '41' OFF for 5.044s (threshold=5.0s)",3:30:41,0,
1785687350.633,2026-08-02 10:15:50.633201,201,817f9033befd4d5ebd7c1cc47743b31a,start,rule1_continuous_disagreement,3:41,3,41,video,radar,1785687345.585,,5.048,300.0,fisheye,"detector '3' ON, detector '41' OFF for 5.048s (threshold=5.0s)",3:30:41,0,
1785687350.940,2026-08-02 10:15:50.940451,201,8800ae26d8784ab6a05930fb39023363,stop,rule1_continuous_disagreement,42:8,8,42,video,radar,,,0.0,300.0,fisheye,Rule 1 recording stopped after 5.1s post-roll,8:31:42,0,
1785687352.052,2026-08-02 10:15:52.052296,201,39374c59013a4391bce743b0f6dbbce6,start,rule2_orphan_pulse,31:42,42,31,radar,video,1785687345.880,1785687347.025,1.145,16.145,fisheye,"orphan on detector '31': orphan pulse duration=1.145s window=[1785687340.880, 1785687352.025]",8:31:42,0,
1785687359.518,2026-08-02 10:15:59.518494,201,a6ada6e376c24bdfa977a9c6dc9b4dfe,stop,rule1_continuous_disagreement,30:41,41,30,radar,video,,,0.0,300.0,fisheye,Rule 1 recording stopped after 5.0s post-roll,3:30:41,0,
1785687364.771,2026-08-02 10:16:04.771471,201,817f9033befd4d5ebd7c1cc47743b31a,stop,rule1_continuous_disagreement,3:41,3,41,video,radar,,,0.0,300.0,fisheye,Rule 1 recording stopped after 5.0s post-roll,3:30:41,0,
1785687380.085,2026-08-02 10:16:20.085061,201,c649e4e45a7b40d4a9c1468a52314a5b,start,rule2_orphan_pulse,3:30,30,3,video,video,1785687371.207,1785687375.081,3.873,18.873,fisheye,"orphan on detector '3': orphan pulse duration=3.873s window=[1785687366.207, 1785687380.081]",3:30:41,0,
1785687380.087,2026-08-02 10:16:20.087067,201,524be5eb271b4fb4963bbe941f16fbca,start,rule2_orphan_pulse,3:41,3,41,video,radar,1785687371.207,1785687375.081,3.873,18.873,fisheye,"orphan on detector '3': orphan pulse duration=3.873s window=[1785687366.207, 1785687380.081]",3:30:41,1,c649e4e45a7b40d4a9c1468a52314a5b
1785687398.558,2026-08-02 10:16:38.557857,201,4856beb15e874ff2b254abc4e550597c,start,rule1_continuous_disagreement,31:8,31,8,video,video,1785687393.518,,5.04,300.0,fisheye,"detector '8' ON, detector '31' OFF for 5.04s (threshold=5.0s)",8:31:42,0,
1785687403.914,2026-08-02 10:16:43.913988,201,4856beb15e874ff2b254abc4e550597c,stop,rule1_continuous_disagreement,31:8,31,8,video,video,,,0.0,300.0,fisheye,Rule 1 recording stopped after 5.0s post-roll,8:31:42,0,
1785687403.916,2026-08-02 10:16:43.916198,201,3e1a17007afb4e7eb2f900ac3be781bc,start,rule2_orphan_pulse,42:8,8,42,video,radar,1785687393.895,1785687398.868,4.973,19.973,fisheye,"orphan on detector '8': orphan pulse duration=4.973s window=[1785687388.895, 1785687403.868]",8:31:42,0,
1785687417.021,2026-08-02 10:16:57.020645,201,74d3d7d3f6ae4573939df3e737e307a3,start,rule2_orphan_pulse,30:41,41,30,radar,video,1785687408.463,1785687412.000,3.537,18.537,fisheye,"orphan on detector '30': orphan pulse duration=3.537s window=[1785687403.463, 1785687417.000]",3:30:41,0,
1785687417.024,2026-08-02 10:16:57.024420,201,e84e15320fab404fb8377113e6065f83,start,rule2_orphan_pulse,3:30,30,3,video,video,1785687408.463,1785687412.000,3.537,18.537,fisheye,"orphan on detector '30': orphan pulse duration=3.537s window=[1785687403.463, 1785687417.000]",3:30:41,1,74d3d7d3f6ae4573939df3e737e307a3
1785687478.172,2026-08-02 10:17:58.172315,201,c7b30d0da4b649619eab1a045eba5e86,start,rule1_continuous_disagreement,31:8,31,8,video,video,1785687473.125,,5.047,300.0,fisheye,"detector '8' ON, detector '31' OFF for 5.047s (threshold=5.0s)",8:31:42,0,
1785687478.177,2026-08-02 10:17:58.177339,201,cc40d52f7ec64ed8a38d0dd538ebdb0c,start,rule1_continuous_disagreement,42:8,8,42,video,radar,1785687473.125,,5.052,300.0,fisheye,"detector '8' ON, detector '42' OFF for 5.052s (threshold=5.0s)",8:31:42,1,c7b30d0da4b649619eab1a045eba5e86
1785687484.921,2026-08-02 10:18:04.921232,201,c7b30d0da4b649619eab1a045eba5e86,stop,rule1_continuous_disagreement,31:8,31,8,video,video,,,0.0,300.0,fisheye,Rule 1 recording stopped after 5.0s post-roll,8:31:42,0,
1785687553.806,2026-08-02 10:19:13.805548,201,21c46ce852b247bbb8900c4fca8191e6,start,rule1_continuous_disagreement,30:41,41,30,radar,video,1785687548.766,,5.04,300.0,fisheye,"detector '30' ON, detector '41' OFF for 5.04s (threshold=5.0s)",3:30:41,0,
1785687560.167,2026-08-02 10:19:20.166865,201,32fba74584024daf8f511bd469925578,start,rule1_continuous_disagreement,3:41,3,41,video,radar,1785687555.121,,5.046,300.0,fisheye,"detector '3' ON, detector '41' OFF for 5.046s (threshold=5.0s)",3:30:41,0,
1785687629.960,2026-08-02 10:20:29.960492,201,c1216e66d5534d429b5c84d35bac9af7,start,rule1_continuous_disagreement,22:39,39,22,radar,video,1785687624.911,,5.049,300.0,fisheye,"detector '39' ON, detector '22' OFF for 5.049s (threshold=5.0s)",4:22:39,0,
1785687629.965,2026-08-02 10:20:29.965205,201,a95a592327df467ebc52915867416366,start,rule1_continuous_disagreement,39:4,4,39,video,radar,1785687624.912,,5.053,300.0,fisheye,"detector '39' ON, detector '4' OFF for 5.053s (threshold=5.0s)",4:22:39,1,c1216e66d5534d429b5c84d35bac9af7
1785687635.735,2026-08-02 10:20:35.735476,201,21c46ce852b247bbb8900c4fca8191e6,stop,rule1_continuous_disagreement,30:41,41,30,radar,video,,,0.0,300.0,fisheye,Rule 1 recording stopped after 5.1s post-roll,3:30:41,0,
1785687637.354,2026-08-02 10:20:37.353916,201,32fba74584024daf8f511bd469925578,stop,rule1_continuous_disagreement,3:41,3,41,video,radar,,,0.0,300.0,fisheye,Rule 1 recording stopped after 5.1s post-roll,3:30:41,0,
1785687722.933,2026-08-02 10:22:02.933250,201,fcfd4e55306e4ef0bd20646a8a505f19,start,rule2_orphan_pulse,26:33,33,26,radar,video,1785687716.023,1785687717.923,1.899,16.899,fisheye,"orphan on detector '26': orphan pulse duration=1.899s window=[1785687711.023, 1785687722.923]",26:33,0,
1785687753.515,2026-08-02 10:22:33.515134,201,c1216e66d5534d429b5c84d35bac9af7,stop,rule1_continuous_disagreement,22:39,39,22,radar,video,,,0.0,300.0,fisheye,Rule 1 recording stopped after 5.0s post-roll,4:22:39,0,
1785687938.437,2026-08-02 10:25:38.436699,201,f4513349932e4751a9e3c2a295128b4c,start,rule1_continuous_disagreement,22:39,39,22,radar,video,1785687933.388,,5.049,300.0,fisheye,"detector '39' ON, detector '22' OFF for 5.049s (threshold=5.0s)",4:22:39,0,
1785687938.441,2026-08-02 10:25:38.440744,201,eff1526f2aaf433a96384a9ca5495ba6,start,rule1_continuous_disagreement,39:4,4,39,video,radar,1785687933.388,,5.053,300.0,fisheye,"detector '39' ON, detector '4' OFF for 5.053s (threshold=5.0s)",4:22:39,1,f4513349932e4751a9e3c2a295128b4c
1785687943.882,2026-08-02 10:25:43.882191,201,f4513349932e4751a9e3c2a295128b4c,stop,rule1_continuous_disagreement,22:39,39,22,radar,video,,,0.0,300.0,fisheye,Rule 1 recording stopped after 5.0s post-roll,4:22:39,0,
1785688006.596,2026-08-02 10:26:46.595567,201,809556f5dd1a449c8049980628e44719,start,rule2_orphan_pulse,31:8,31,8,video,video,1785687996.721,1785688001.511,4.79,19.79,fisheye,"orphan on detector '8': orphan pulse duration=4.79s window=[1785687991.721, 1785688006.511]",8:31:42,0,
1785688006.598,2026-08-02 10:26:46.598090,201,eb6984badd5b4d3e91c02f5528893457,start,rule2_orphan_pulse,42:8,8,42,video,radar,1785687996.721,1785688001.511,4.79,19.79,fisheye,"orphan on detector '8': orphan pulse duration=4.79s window=[1785687991.721, 1785688006.511]",8:31:42,1,809556f5dd1a449c8049980628e44719
1785688194.461,2026-08-02 10:29:54.460764,201,05f94bf0d71d4e868479d74884ab620b,start,rule2_orphan_pulse,29:43,43,29,radar,video,1785688187.875,1785688189.397,1.522,16.522,fisheye,"orphan on detector '29': orphan pulse duration=1.522s window=[1785688182.875, 1785688194.397]",29:43,0,
1785688267.901,2026-08-02 10:31:07.900757,201,b098bfb7cb55404183a3ad75bd9c7c7a,start,rule1_continuous_disagreement,30:41,41,30,radar,video,1785688262.858,,5.043,300.0,fisheye,"detector '30' ON, detector '41' OFF for 5.043s (threshold=5.0s)",3:30:41,0,
1785688267.905,2026-08-02 10:31:07.904784,201,94a381bdb4134f99b37f1cad47395a1f,start,rule1_continuous_disagreement,3:41,3,41,video,radar,1785688262.858,,5.047,300.0,fisheye,"detector '3' ON, detector '41' OFF for 5.047s (threshold=5.0s)",3:30:41,1,b098bfb7cb55404183a3ad75bd9c7c7a
1785688290.168,2026-08-02 10:31:30.167632,201,b098bfb7cb55404183a3ad75bd9c7c7a,stop,rule1_continuous_disagreement,30:41,41,30,radar,video,,,0.0,300.0,fisheye,Rule 1 recording stopped after 5.0s post-roll,3:30:41,0,
1785688346.255,2026-08-02 10:32:26.255151,201,432c43d8565543b2be890f0b1b67c94b,start,rule2_orphan_pulse,31:8,31,8,video,video,1785688336.297,1785688341.166,4.869,19.869,fisheye,"orphan on detector '8': orphan pulse duration=4.869s window=[1785688331.297, 1785688346.166]",8:31:42,0,
1785688346.259,2026-08-02 10:32:26.259418,201,307e05ceb34e41ffbbc4b8270780a775,start,rule2_orphan_pulse,42:8,8,42,video,radar,1785688336.297,1785688341.166,4.869,19.869,fisheye,"orphan on detector '8': orphan pulse duration=4.869s window=[1785688331.297, 1785688346.166]",8:31:42,1,432c43d8565543b2be890f0b1b67c94b
1785688375.738,2026-08-02 10:32:55.738241,201,449ea6fb9c174e318b274d053a5d1535,start,rule1_continuous_disagreement,39:4,4,39,video,radar,1785688370.693,,5.045,300.0,fisheye,"detector '39' ON, detector '4' OFF for 5.045s (threshold=5.0s)",4:22:39,0,
1785688376.449,2026-08-02 10:32:56.449408,201,7d714e745e49486587bf1c700520675f,start,rule1_continuous_disagreement,22:39,39,22,radar,video,1785688371.401,,5.048,300.0,fisheye,"detector '39' ON, detector '22' OFF for 5.048s (threshold=5.0s)",4:22:39,1,449ea6fb9c174e318b274d053a5d1535
1785688398.036,2026-08-02 10:33:18.035733,201,449ea6fb9c174e318b274d053a5d1535,stop,rule1_continuous_disagreement,39:4,4,39,video,radar,,,0.0,300.0,fisheye,Rule 1 recording stopped after 5.0s post-roll,4:22:39,0,
1785688527.990,2026-08-02 10:35:27.989817,201,a329bd2d381e4142a8ecd21b88bf75e3,start,rule2_orphan_pulse,29:43,43,29,radar,video,1785688521.124,1785688522.966,1.842,16.842,fisheye,"orphan on detector '29': orphan pulse duration=1.842s window=[1785688516.124, 1785688527.966]",29:43,0,
1785688536.682,2026-08-02 10:35:36.681725,201,81ba7638146a495b988e808b9ddaa332,start,rule2_orphan_pulse,29:43,43,29,radar,video,1785688529.666,1785688531.607,1.941,16.941,fisheye,"orphan on detector '29': orphan pulse duration=1.941s window=[1785688524.666, 1785688536.607]",29:43,0,
1785688707.689,2026-08-02 10:38:27.689430,201,33e5593903504de788bdd8d0c08bac65,start,rule2_orphan_pulse,29:43,43,29,radar,video,1785688698.451,1785688702.636,4.186,19.186,fisheye,"orphan on detector '43': orphan pulse duration=4.186s window=[1785688693.451, 1785688707.636]",29:43,0,
1785688714.846,2026-08-02 10:38:34.845848,201,9066e3afd47a4b2cb881e0790a4d5e4f,start,rule1_continuous_disagreement,31:8,31,8,video,video,1785688709.809,,5.037,300.0,fisheye,"detector '8' ON, detector '31' OFF for 5.037s (threshold=5.0s)",8:31:42,0,
1785688714.848,2026-08-02 10:38:34.847853,201,4b9e196556e64c6993411651af770237,start,rule1_continuous_disagreement,42:8,8,42,video,radar,1785688709.809,,5.039,300.0,fisheye,"detector '8' ON, detector '42' OFF for 5.039s (threshold=5.0s)",8:31:42,1,9066e3afd47a4b2cb881e0790a4d5e4f
1785688721.903,2026-08-02 10:38:41.903021,201,9066e3afd47a4b2cb881e0790a4d5e4f,stop,rule1_continuous_disagreement,31:8,31,8,video,video,,,0.0,300.0,fisheye,Rule 1 recording stopped after 5.0s post-roll,8:31:42,0,
1785688865.813,2026-08-02 10:41:05.813116,201,5b4aa7fb765049f2aa857dae676e6bf9,start,rule1_continuous_disagreement,31:8,31,8,video,video,1785688860.763,,5.05,300.0,fisheye,"detector '8' ON, detector '31' OFF for 5.05s (threshold=5.0s)",8:31:42,0,
1785688865.813,2026-08-02 10:41:05.813116,201,bc2f7ae06c584472b4815f3bd5f77679,start,rule1_continuous_disagreement,42:8,8,42,video,radar,1785688860.763,,5.05,300.0,fisheye,"detector '8' ON, detector '42' OFF for 5.05s (threshold=5.0s)",8:31:42,1,5b4aa7fb765049f2aa857dae676e6bf9
1785688871.070,2026-08-02 10:41:11.070473,201,5b4aa7fb765049f2aa857dae676e6bf9,stop,rule1_continuous_disagreement,31:8,31,8,video,video,,,0.0,300.0,fisheye,Rule 1 recording stopped after 5.0s post-roll,8:31:42,0,
1785688878.228,2026-08-02 10:41:18.227777,201,64073d46a3ac47f788a6407222eef025,start,rule1_continuous_disagreement,26:33,33,26,radar,video,1785688873.187,,5.041,300.0,fisheye,"detector '26' ON, detector '33' OFF for 5.041s (threshold=5.0s)",26:33,0,
1785688886.940,2026-08-02 10:41:26.939596,201,64073d46a3ac47f788a6407222eef025,stop,rule1_continuous_disagreement,26:33,33,26,radar,video,,,0.0,300.0,fisheye,Rule 1 recording stopped after 5.1s post-roll,26:33,0,
1785688967.111,2026-08-02 10:42:47.110685,201,8854ff2c71584ad3b0317b730d58a94a,start,rule1_continuous_disagreement,31:8,31,8,video,video,1785688962.077,,5.034,300.0,fisheye,"detector '8' ON, detector '31' OFF for 5.034s (threshold=5.0s)",8:31:42,0,
1785688967.111,2026-08-02 10:42:47.110685,201,4d31cf14da504fd2a7a388bfa93f9e07,start,rule1_continuous_disagreement,42:8,8,42,video,radar,1785688962.077,,5.034,300.0,fisheye,"detector '8' ON, detector '42' OFF for 5.034s (threshold=5.0s)",8:31:42,1,8854ff2c71584ad3b0317b730d58a94a
1785688972.755,2026-08-02 10:42:52.754613,201,8854ff2c71584ad3b0317b730d58a94a,stop,rule1_continuous_disagreement,31:8,31,8,video,video,,,0.0,300.0,fisheye,Rule 1 recording stopped after 5.0s post-roll,8:31:42,0,
1785688989.194,2026-08-02 10:43:09.194402,201,6905ebc0f54c42039aa0edd21148de00,start,rule2_orphan_pulse,31:42,42,31,radar,video,1785688983.374,1785688984.124,0.749,15.748999999999999,fisheye,"orphan on detector '31': orphan pulse duration=0.749s window=[1785688978.374, 1785688989.124]",8:31:42,0,
1785688995.868,2026-08-02 10:43:15.867608,201,b235dbd432774b779a313a1a668587c4,start,rule2_orphan_pulse,31:42,42,31,radar,video,1785688989.335,1785688990.829,1.495,16.495,fisheye,"orphan on detector '31': orphan pulse duration=1.495s window=[1785688984.335, 1785688995.829]",8:31:42,0,
1785689042.074,2026-08-02 10:44:02.074331,201,01eaa544c96e4503adaaf188879a2cc7,start,rule1_continuous_disagreement,22:39,39,22,radar,video,1785689037.036,,5.038,300.0,fisheye,"detector '39' ON, detector '22' OFF for 5.038s (threshold=5.0s)",4:22:39,0,
1785689042.076,2026-08-02 10:44:02.076358,201,8372f3d9d0bf4a25a78924599334fa13,start,rule1_continuous_disagreement,39:4,4,39,video,radar,1785689037.036,,5.04,300.0,fisheye,"detector '39' ON, detector '4' OFF for 5.04s (threshold=5.0s)",4:22:39,1,01eaa544c96e4503adaaf188879a2cc7
1785689047.420,2026-08-02 10:44:07.420291,201,01eaa544c96e4503adaaf188879a2cc7,stop,rule1_continuous_disagreement,22:39,39,22,radar,video,,,0.0,300.0,fisheye,Rule 1 recording stopped after 5.0s post-roll,4:22:39,0,
1785689121.618,2026-08-02 10:45:21.618084,201,35296d04a72346678df2aad5d137d43b,start,rule2_orphan_pulse,31:42,42,31,radar,video,1785689115.768,1785689116.519,0.751,15.751000000000001,fisheye,"orphan on detector '42': orphan pulse duration=0.751s window=[1785689110.768, 1785689121.519]",8:31:42,0,
1785689121.618,2026-08-02 10:45:21.618084,201,a6bdc758b2ea4350b1269df08777f579,start,rule2_orphan_pulse,42:8,8,42,video,radar,1785689115.768,1785689116.519,0.751,15.751000000000001,fisheye,"orphan on detector '42': orphan pulse duration=0.751s window=[1785689110.768, 1785689121.519]",8:31:42,1,35296d04a72346678df2aad5d137d43b
1785689182.739,2026-08-02 10:46:22.738587,201,cfa4ac44ed9841e99d8a4796c26f8221,start,rule1_continuous_disagreement,26:33,33,26,radar,video,1785689177.690,,5.049,300.0,fisheye,"detector '26' ON, detector '33' OFF for 5.049s (threshold=5.0s)",26:33,0,
1785689189.387,2026-08-02 10:46:29.386812,201,cfa4ac44ed9841e99d8a4796c26f8221,stop,rule1_continuous_disagreement,26:33,33,26,radar,video,,,0.0,300.0,fisheye,Rule 1 recording stopped after 5.0s post-roll,26:33,0,
1785689212.388,2026-08-02 10:46:52.388049,201,145698d6260a4a9ca6346f8c7399274e,start,rule1_continuous_disagreement,22:39,39,22,radar,video,1785689207.346,,5.042,300.0,fisheye,"detector '22' ON, detector '39' OFF for 5.042s (threshold=5.0s)",4:22:39,0,
1785689212.388,2026-08-02 10:46:52.388049,201,246940b542df46a08ad0147563128852,start,rule1_continuous_disagreement,39:4,4,39,video,radar,1785689207.346,,5.042,300.0,fisheye,"detector '4' ON, detector '39' OFF for 5.042s (threshold=5.0s)",4:22:39,1,145698d6260a4a9ca6346f8c7399274e
1785689218.657,2026-08-02 10:46:58.657478,201,145698d6260a4a9ca6346f8c7399274e,stop,rule1_continuous_disagreement,22:39,39,22,radar,video,,,0.0,300.0,fisheye,Rule 1 recording stopped after 5.1s post-roll,4:22:39,0,
1785689264.577,2026-08-02 10:47:44.577281,201,1f9456e430c647efb2f78b3097aab1c2,start,rule2_orphan_pulse,2:46,2,46,video,radar,1785689258.818,1785689259.570,0.752,15.751999999999999,fisheye,"orphan on detector '46': orphan pulse duration=0.752s window=[1785689253.818, 1785689264.570]",2:17:46,0,
1785689266.101,2026-08-02 10:47:46.100975,201,55c9d242f2af472ebc168a4cfb4cdd8a,start,rule2_orphan_pulse,17:2,17,2,video,video,1785689259.570,1785689261.031,1.462,16.462,fisheye,"orphan on detector '17': orphan pulse duration=1.462s window=[1785689254.570, 1785689266.031]",2:17:46,0,
1785689283.751,2026-08-02 10:48:03.751134,201,f66d6fb8a17a4ee8a692b9af3a46f560,start,rule1_continuous_disagreement,22:39,39,22,radar,video,1785689278.699,,5.052,300.0,fisheye,"detector '39' ON, detector '22' OFF for 5.052s (threshold=5.0s)",4:22:39,0,
1785689283.756,2026-08-02 10:48:03.756219,201,6e334b56bf6f4107953dcfa7a9e4f35b,start,rule1_continuous_disagreement,39:4,4,39,video,radar,1785689278.699,,5.057,300.0,fisheye,"detector '39' ON, detector '4' OFF for 5.057s (threshold=5.0s)",4:22:39,1,f66d6fb8a17a4ee8a692b9af3a46f560
1785689293.554,2026-08-02 10:48:13.554332,201,f66d6fb8a17a4ee8a692b9af3a46f560,stop,rule1_continuous_disagreement,22:39,39,22,radar,video,,,0.0,300.0,fisheye,Rule 1 recording stopped after 5.0s post-roll,4:22:39,0,
1785689312.822,2026-08-02 10:48:32.821522,201,6c186e697c6b4ccdaf03ca83e5350695,start,rule2_orphan_pulse,29:43,43,29,radar,video,1785689307.005,1785689307.767,0.762,15.762,fisheye,"orphan on detector '29': orphan pulse duration=0.762s window=[1785689302.005, 1785689312.767]",29:43,0,
1785689382.714,2026-08-02 10:49:42.713864,201,6b1e2494cd7a4f30adb828ca5fdedcc1,start,rule1_continuous_disagreement,22:39,39,22,radar,video,1785689377.673,,5.041,300.0,fisheye,"detector '39' ON, detector '22' OFF for 5.041s (threshold=5.0s)",4:22:39,0,
1785689382.719,2026-08-02 10:49:42.719053,201,ed5733b630a24f52809e49f290b5c2b8,start,rule1_continuous_disagreement,39:4,4,39,video,radar,1785689377.673,,5.046,300.0,fisheye,"detector '39' ON, detector '4' OFF for 5.046s (threshold=5.0s)",4:22:39,1,6b1e2494cd7a4f30adb828ca5fdedcc1
1785689391.000,2026-08-02 10:49:50.999980,201,5fead57ca699458db9070701975e5342,start,rule2_orphan_pulse,26:33,33,26,radar,video,1785689384.690,1785689385.936,1.246,16.246000000000002,fisheye,"orphan on detector '26': orphan pulse duration=1.246s window=[1785689379.690, 1785689390.936]",26:33,0,
1785689443.185,2026-08-02 10:50:43.184506,201,6b1e2494cd7a4f30adb828ca5fdedcc1,stop,rule1_continuous_disagreement,22:39,39,22,radar,video,,,0.0,300.0,fisheye,Rule 1 recording stopped after 5.1s post-roll,4:22:39,0,
1785689516.423,2026-08-02 10:51:56.423082,201,246e6821e23943bbbaf57804e7448aea,start,rule1_continuous_disagreement,24:38,38,24,radar,video,1785689511.387,,5.036,300.0,fisheye,"detector '38' ON, detector '24' OFF for 5.036s (threshold=5.0s)",7:24:38,0,
1785689516.430,2026-08-02 10:51:56.430403,201,bec102c638414e5588281dc8f4307bd6,start,rule1_continuous_disagreement,38:7,7,38,video,radar,1785689511.386,,5.044,300.0,fisheye,"detector '38' ON, detector '7' OFF for 5.044s (threshold=5.0s)",7:24:38,1,246e6821e23943bbbaf57804e7448aea
1785689547.713,2026-08-02 10:52:27.713355,201,20fc00a909b347118a005d1274c359cc,start,rule1_continuous_disagreement,31:8,31,8,video,video,1785689542.667,,5.046,300.0,fisheye,"detector '8' ON, detector '31' OFF for 5.046s (threshold=5.0s)",8:31:42,0,
1785689547.713,2026-08-02 10:52:27.713355,201,19846e511943414e94406ddf405e4783,start,rule1_continuous_disagreement,42:8,8,42,video,radar,1785689542.667,,5.046,300.0,fisheye,"detector '8' ON, detector '42' OFF for 5.046s (threshold=5.0s)",8:31:42,1,20fc00a909b347118a005d1274c359cc
1785689551.855,2026-08-02 10:52:31.855012,201,246e6821e23943bbbaf57804e7448aea,stop,rule1_continuous_disagreement,24:38,38,24,radar,video,,,0.0,300.0,fisheye,Rule 1 recording stopped after 5.0s post-roll,7:24:38,0,
1785689556.801,2026-08-02 10:52:36.801048,201,20fc00a909b347118a005d1274c359cc,stop,rule1_continuous_disagreement,31:8,31,8,video,video,,,0.0,300.0,fisheye,Rule 1 recording stopped after 5.0s post-roll,8:31:42,0,
1785689561.948,2026-08-02 10:52:41.947972,201,8fbf02450c4746dbb619ebb200f81bb8,start,rule2_orphan_pulse,30:41,41,30,radar,video,1785689555.399,1785689556.893,1.494,16.494,fisheye,"orphan on detector '30': orphan pulse duration=1.494s window=[1785689550.399, 1785689561.893]",3:30:41,0,
1785689562.657,2026-08-02 10:52:42.656956,201,6c39c05ca416401f8a942e53d5da08b7,start,rule2_orphan_pulse,3:41,3,41,video,radar,1785689556.512,1785689557.634,1.121,16.121000000000002,fisheye,"orphan on detector '3': orphan pulse duration=1.121s window=[1785689551.512, 1785689562.634]",3:30:41,1,8fbf02450c4746dbb619ebb200f81bb8
1785689605.557,2026-08-02 10:53:25.556882,201,25da8f53283e47d9b97d7ec32b55586f,start,rule1_continuous_disagreement,22:39,39,22,radar,video,1785689600.509,,5.048,300.0,fisheye,"detector '39' ON, detector '22' OFF for 5.048s (threshold=5.0s)",4:22:39,0,
1785689605.559,2026-08-02 10:53:25.558890,201,d4dc9a6542ea41b7a8585db3ce18614a,start,rule1_continuous_disagreement,39:4,4,39,video,radar,1785689600.509,,5.05,300.0,fisheye,"detector '39' ON, detector '4' OFF for 5.05s (threshold=5.0s)",4:22:39,1,25da8f53283e47d9b97d7ec32b55586f
1785689612.320,2026-08-02 10:53:32.320284,201,25da8f53283e47d9b97d7ec32b55586f,stop,rule1_continuous_disagreement,22:39,39,22,radar,video,,,0.0,300.0,fisheye,Rule 1 recording stopped after 5.0s post-roll,4:22:39,0,
1785689618.275,2026-08-02 10:53:38.274866,201,dbb3a5308a474aa2b28b62c1ddcfad56,start,rule2_orphan_pulse,30:41,41,30,radar,video,1785689612.421,1785689613.178,0.756,15.756,fisheye,"orphan on detector '30': orphan pulse duration=0.756s window=[1785689607.421, 1785689618.178]",3:30:41,0,
1785689618.998,2026-08-02 10:53:38.997567,201,52e053c7903c4b2e8b67090649988209,start,rule2_orphan_pulse,3:41,3,41,video,radar,1785689612.799,1785689613.928,1.129,16.128999999999998,fisheye,"orphan on detector '3': orphan pulse duration=1.129s window=[1785689607.799, 1785689618.928]",3:30:41,1,dbb3a5308a474aa2b28b62c1ddcfad56
1785689735.206,2026-08-02 10:55:35.205547,201,14648f1f70b849839651acb4e619a3c1,start,rule2_orphan_pulse,17:2,17,2,video,video,1785689729.365,1785689730.118,0.753,15.753,fisheye,"orphan on detector '2': orphan pulse duration=0.753s window=[1785689724.365, 1785689735.118]",2:17:46,0,
1785689735.210,2026-08-02 10:55:35.209806,201,4c771fadea964c36a4f9393cb54808c0,start,rule2_orphan_pulse,2:46,2,46,video,radar,1785689729.365,1785689730.118,0.753,15.753,fisheye,"orphan on detector '2': orphan pulse duration=0.753s window=[1785689724.365, 1785689735.118]",2:17:46,1,14648f1f70b849839651acb4e619a3c1
1785689735.614,2026-08-02 10:55:35.613842,201,b4e820e84ddb49bc81b8da29db2e6608,start,rule1_continuous_disagreement,22:39,39,22,radar,video,1785689730.558,,5.056,300.0,fisheye,"detector '39' ON, detector '22' OFF for 5.056s (threshold=5.0s)",4:22:39,0,
1785689735.619,2026-08-02 10:55:35.618901,201,e776e1481bd240acbdcad31b860bca13,start,rule1_continuous_disagreement,39:4,4,39,video,radar,1785689730.558,,5.061,300.0,fisheye,"detector '39' ON, detector '4' OFF for 5.061s (threshold=5.0s)",4:22:39,1,b4e820e84ddb49bc81b8da29db2e6608
1785689736.429,2026-08-02 10:55:36.429106,201,336acdb93733422b82e69ca8cea1b748,start,rule1_continuous_disagreement,31:8,31,8,video,video,1785689731.364,,5.065,300.0,fisheye,"detector '8' ON, detector '31' OFF for 5.065s (threshold=5.0s)",8:31:42,0,
1785689736.433,2026-08-02 10:55:36.433452,201,eaafd3eca7384e02b6bc6b944af217a8,start,rule1_continuous_disagreement,42:8,8,42,video,radar,1785689731.363,,5.07,300.0,fisheye,"detector '8' ON, detector '42' OFF for 5.07s (threshold=5.0s)",8:31:42,1,336acdb93733422b82e69ca8cea1b748
1785689740.875,2026-08-02 10:55:40.874545,201,b4e820e84ddb49bc81b8da29db2e6608,stop,rule1_continuous_disagreement,22:39,39,22,radar,video,,,0.0,300.0,fisheye,Rule 1 recording stopped after 5.0s post-roll,4:22:39,0,
1785689743.904,2026-08-02 10:55:43.904354,201,336acdb93733422b82e69ca8cea1b748,stop,rule1_continuous_disagreement,31:8,31,8,video,video,,,0.0,300.0,fisheye,Rule 1 recording stopped after 5.0s post-roll,8:31:42,0,
1785689807.422,2026-08-02 10:56:47.422387,201,381dadf021a7429483f7adacefd3bd45,start,rule1_continuous_disagreement,17:46,46,17,radar,video,1785689802.378,,5.044,300.0,fisheye,"detector '17' ON, detector '46' OFF for 5.044s (threshold=5.0s)",2:17:46,0,
1785689807.428,2026-08-02 10:56:47.427842,201,859ae3f42ff44205a00c0a2926c3816f,start,rule1_continuous_disagreement,2:46,2,46,video,radar,1785689802.379,,5.049,300.0,fisheye,"detector '2' ON, detector '46' OFF for 5.049s (threshold=5.0s)",2:17:46,1,381dadf021a7429483f7adacefd3bd45
1785689830.552,2026-08-02 10:57:10.551507,201,381dadf021a7429483f7adacefd3bd45,stop,rule1_continuous_disagreement,17:46,46,17,radar,video,,,0.0,300.0,fisheye,Rule 1 recording stopped after 5.0s post-roll,2:17:46,0,
1785689840.646,2026-08-02 10:57:20.645503,201,521cea6596ea43e1be4da1d0b3942983,start,rule1_continuous_disagreement,31:8,31,8,video,video,1785689835.590,,5.056,300.0,fisheye,"detector '8' ON, detector '31' OFF for 5.056s (threshold=5.0s)",8:31:42,0,
1785689840.647,2026-08-02 10:57:20.647250,201,595bf9ab2798483da217cb7bd5dc34d2,start,rule1_continuous_disagreement,42:8,8,42,video,radar,1785689835.589,,5.058,300.0,fisheye,"detector '8' ON, detector '42' OFF for 5.058s (threshold=5.0s)",8:31:42,1,521cea6596ea43e1be4da1d0b3942983
1785689861.046,2026-08-02 10:57:41.045904,201,521cea6596ea43e1be4da1d0b3942983,stop,rule1_continuous_disagreement,31:8,31,8,video,video,,,0.0,300.0,fisheye,Rule 1 recording stopped after 5.1s post-roll,8:31:42,0,
1785689874.160,2026-08-02 10:57:54.159914,201,4d62b1765ef440e9abea68af6696f509,start,rule2_orphan_pulse,30:41,41,30,radar,video,1785689866.492,1785689869.096,2.604,17.604,fisheye,"orphan on detector '30': orphan pulse duration=2.604s window=[1785689861.492, 1785689874.096]",3:30:41,0,
1785689875.570,2026-08-02 10:57:55.569969,201,259ebf992c9740c0bf3964db0dd92ce6,start,rule2_orphan_pulse,3:41,3,41,video,radar,1785689868.365,1785689870.567,2.202,17.201999999999998,fisheye,"orphan on detector '3': orphan pulse duration=2.202s window=[1785689863.365, 1785689875.567]",3:30:41,0,
1785689988.337,2026-08-02 10:59:48.336608,201,1b9466f97c54409b88306c20b52cbfbc,start,rule2_orphan_pulse,31:8,31,8,video,video,1785689979.177,1785689983.311,4.133,19.133,fisheye,"orphan on detector '8': orphan pulse duration=4.133s window=[1785689974.177, 1785689988.311]",8:31:42,0,
1785689988.337,2026-08-02 10:59:48.336608,201,208d2696eb5945b196057a976b02c0cc,start,rule2_orphan_pulse,42:8,8,42,video,radar,1785689979.177,1785689983.311,4.133,19.133,fisheye,"orphan on detector '8': orphan pulse duration=4.133s window=[1785689974.177, 1785689988.311]",8:31:42,1,1b9466f97c54409b88306c20b52cbfbc
1785690010.117,2026-08-02 11:00:10.116803,201,3b1a4d9540bd45118fa3c2c3e7626fce,start,rule1_continuous_disagreement,22:39,39,22,radar,video,1785690005.078,,5.039,300.0,fisheye,"detector '39' ON, detector '22' OFF for 5.039s (threshold=5.0s)",4:22:39,0,
1785690010.123,2026-08-02 11:00:10.122958,201,fb0df350657a4d589f1a938e34c1aa38,start,rule1_continuous_disagreement,39:4,4,39,video,radar,1785690005.078,,5.045,300.0,fisheye,"detector '39' ON, detector '4' OFF for 5.045s (threshold=5.0s)",4:22:39,1,3b1a4d9540bd45118fa3c2c3e7626fce
1785690061.785,2026-08-02 11:01:01.784796,201,b8fd53698a5441e4ac0ceff03dfea5ee,start,rule2_orphan_pulse,26:33,33,26,radar,video,1785690054.089,1785690056.744,2.656,17.656,fisheye,"orphan on detector '26': orphan pulse duration=2.656s window=[1785690049.089, 1785690061.744]",26:33,0,
1785690069.361,2026-08-02 11:01:09.361212,201,c080fc77f8694b0b966cccedb555c2ca,start,rule1_continuous_disagreement,42:8,8,42,video,radar,1785690064.311,,5.05,300.0,fisheye,"detector '8' ON, detector '42' OFF for 5.05s (threshold=5.0s)",8:31:42,0,
1785690074.621,2026-08-02 11:01:14.620882,201,c080fc77f8694b0b966cccedb555c2ca,stop,rule1_continuous_disagreement,42:8,8,42,video,radar,,,0.0,300.0,fisheye,Rule 1 recording stopped after 5.1s post-roll,8:31:42,0,
1785690077.650,2026-08-02 11:01:17.649983,201,f11016991d7847779c8d087bc5eadb9a,start,rule1_continuous_disagreement,30:41,41,30,radar,video,1785690072.602,,5.048,300.0,fisheye,"detector '30' ON, detector '41' OFF for 5.048s (threshold=5.0s)",3:30:41,0,
1785690077.659,2026-08-02 11:01:17.658636,201,f598ab216b29485098e77bed332137ff,start,rule1_continuous_disagreement,3:41,3,41,video,radar,1785690072.602,,5.057,300.0,fisheye,"detector '3' ON, detector '41' OFF for 5.057s (threshold=5.0s)",3:30:41,1,f11016991d7847779c8d087bc5eadb9a
1785690097.923,2026-08-02 11:01:37.923097,201,3b1a4d9540bd45118fa3c2c3e7626fce,stop,rule1_continuous_disagreement,22:39,39,22,radar,video,,,0.0,300.0,fisheye,Rule 1 recording stopped after 5.0s post-roll,4:22:39,0,
1785690114.261,2026-08-02 11:01:54.260844,201,f11016991d7847779c8d087bc5eadb9a,stop,rule1_continuous_disagreement,30:41,41,30,radar,video,,,0.0,300.0,fisheye,Rule 1 recording stopped after 5.0s post-roll,3:30:41,0,
1785690189.312,2026-08-02 11:03:09.311811,201,3c95c7f1286a4bd89f84f4ac521fb278,start,rule1_continuous_disagreement,31:8,31,8,video,video,1785690184.271,,5.041,300.0,fisheye,"detector '8' ON, detector '31' OFF for 5.041s (threshold=5.0s)",8:31:42,0,
1785690189.316,2026-08-02 11:03:09.315856,201,a21fa2c7660546f78dda64f03b57a607,start,rule1_continuous_disagreement,42:8,8,42,video,radar,1785690184.271,,5.045,300.0,fisheye,"detector '8' ON, detector '42' OFF for 5.045s (threshold=5.0s)",8:31:42,1,3c95c7f1286a4bd89f84f4ac521fb278
1785690195.274,2026-08-02 11:03:15.274361,201,3c95c7f1286a4bd89f84f4ac521fb278,stop,rule1_continuous_disagreement,31:8,31,8,video,video,,,0.0,300.0,fisheye,Rule 1 recording stopped after 5.0s post-roll,8:31:42,0,
1785690207.796,2026-08-02 11:03:27.796155,201,0e4b15f3f9824d438c77faf2544e42ab,start,rule1_continuous_disagreement,22:39,39,22,radar,video,1785690202.753,,5.043,300.0,fisheye,"detector '39' ON, detector '22' OFF for 5.043s (threshold=5.0s)",4:22:39,0,
1785690207.802,2026-08-02 11:03:27.802292,201,0f6e604a05bc4e80bd6bf6d72e2f1e42,start,rule1_continuous_disagreement,39:4,4,39,video,radar,1785690202.753,,5.049,300.0,fisheye,"detector '39' ON, detector '4' OFF for 5.049s (threshold=5.0s)",4:22:39,1,0e4b15f3f9824d438c77faf2544e42ab
1785690216.592,2026-08-02 11:03:36.592456,201,0e4b15f3f9824d438c77faf2544e42ab,stop,rule1_continuous_disagreement,22:39,39,22,radar,video,,,0.0,300.0,fisheye,Rule 1 recording stopped after 5.0s post-roll,4:22:39,0,
1785690216.904,2026-08-02 11:03:36.904194,201,6ec9448654714c3887403d59dce59ab8,start,rule2_orphan_pulse,31:42,42,31,radar,video,1785690210.400,1785690211.882,1.482,16.482,fisheye,"orphan on detector '31': orphan pulse duration=1.482s window=[1785690205.400, 1785690216.882]",8:31:42,0,
1785690275.412,2026-08-02 11:04:35.412392,201,cad86ccaf11e4dcf84bdbe08b5ce4dfb,start,rule2_orphan_pulse,31:8,31,8,video,video,1785690265.501,1785690270.386,4.885,19.884999999999998,fisheye,"orphan on detector '8': orphan pulse duration=4.885s window=[1785690260.501, 1785690275.386]",8:31:42,0,
1785690275.414,2026-08-02 11:04:35.414411,201,4cb4efbfc71b4119b66a0c631e7c974a,start,rule2_orphan_pulse,42:8,8,42,video,radar,1785690265.501,1785690270.386,4.885,19.884999999999998,fisheye,"orphan on detector '8': orphan pulse duration=4.885s window=[1785690260.501, 1785690275.386]",8:31:42,1,cad86ccaf11e4dcf84bdbe08b5ce4dfb
1785690354.005,2026-08-02 11:05:54.004946,201,7f73e6f779834a2981dbc10aad7909c0,start,rule1_continuous_disagreement,30:41,41,30,radar,video,1785690348.964,,5.041,300.0,fisheye,"detector '30' ON, detector '41' OFF for 5.041s (threshold=5.0s)",3:30:41,0,
1785690354.008,2026-08-02 11:05:54.008387,201,5bc457a1df134bf9a1ea202ef4a424dd,start,rule1_continuous_disagreement,3:41,3,41,video,radar,1785690348.963,,5.045,300.0,fisheye,"detector '3' ON, detector '41' OFF for 5.045s (threshold=5.0s)",3:30:41,1,7f73e6f779834a2981dbc10aad7909c0
1785690370.061,2026-08-02 11:06:10.060775,201,7f73e6f779834a2981dbc10aad7909c0,stop,rule1_continuous_disagreement,30:41,41,30,radar,video,,,0.0,300.0,fisheye,Rule 1 recording stopped after 5.1s post-roll,3:30:41,0,
1785690373.000,2026-08-02 11:06:12.999827,201,284608b0825d469cb4f56b4b23330fdf,start,rule2_orphan_pulse,29:43,43,29,radar,video,1785690367.202,1785690367.963,0.761,15.761,fisheye,"orphan on detector '29': orphan pulse duration=0.761s window=[1785690362.202, 1785690372.963]",29:43,0,
1785690379.366,2026-08-02 11:06:19.366412,201,a0f2a900ea30466d957fd8ac4602be56,start,rule2_orphan_pulse,29:43,43,29,radar,video,1785690373.511,1785690374.290,0.779,15.779,fisheye,"orphan on detector '29': orphan pulse duration=0.779s window=[1785690368.511, 1785690379.290]",29:43,0,
1785690381.284,2026-08-02 11:06:21.283743,201,31637de112eb4309b655624430a00f11,start,rule1_continuous_disagreement,42:8,8,42,video,radar,1785690376.235,,5.049,300.0,fisheye,"detector '8' ON, detector '42' OFF for 5.049s (threshold=5.0s)",8:31:42,0,
1785690383.912,2026-08-02 11:06:23.912110,201,c7eb746da4ec4aca83ec3c9f9b19e367,start,rule1_continuous_disagreement,31:42,42,31,radar,video,1785690378.863,,5.049,300.0,fisheye,"detector '31' ON, detector '42' OFF for 5.049s (threshold=5.0s)",8:31:42,0,
1785690393.612,2026-08-02 11:06:33.611657,201,31637de112eb4309b655624430a00f11,stop,rule1_continuous_disagreement,42:8,8,42,video,radar,,,0.0,300.0,fisheye,Rule 1 recording stopped after 5.1s post-roll,8:31:42,0,
1785690394.019,2026-08-02 11:06:34.018541,201,c7eb746da4ec4aca83ec3c9f9b19e367,stop,rule1_continuous_disagreement,31:42,42,31,radar,video,,,0.0,300.0,fisheye,Rule 1 recording stopped after 5.1s post-roll,8:31:42,0,
1785690433.578,2026-08-02 11:07:13.577543,201,d69ca0373d5a4044941aacc5267a4d3f,start,rule1_continuous_disagreement,31:8,31,8,video,video,1785690428.533,,5.045,300.0,fisheye,"detector '8' ON, detector '31' OFF for 5.045s (threshold=5.0s)",8:31:42,0,
1785690441.861,2026-08-02 11:07:21.860982,201,d69ca0373d5a4044941aacc5267a4d3f,stop,rule1_continuous_disagreement,31:8,31,8,video,video,,,0.0,300.0,fisheye,Rule 1 recording stopped after 5.0s post-roll,8:31:42,0,
1785690447.830,2026-08-02 11:07:27.830337,201,e57fd2b5097d49e7baec66172c71d5f5,start,rule2_orphan_pulse,30:41,41,30,radar,video,1785690441.627,1785690442.732,1.106,16.106,fisheye,"orphan on detector '30': orphan pulse duration=1.106s window=[1785690436.627, 1785690447.732]",3:30:41,0,
1785690454.501,2026-08-02 11:07:34.500598,201,47e97d83222542bbafa7af4af8d0c5f7,start,rule1_continuous_disagreement,17:46,46,17,radar,video,1785690449.447,,5.054,300.0,fisheye,"detector '17' ON, detector '46' OFF for 5.054s (threshold=5.0s)",2:17:46,0,
1785690454.505,2026-08-02 11:07:34.504621,201,55984326c3b44e8f90c69e711b6fb47e,start,rule1_continuous_disagreement,2:46,2,46,video,radar,1785690449.447,,5.058,300.0,fisheye,"detector '2' ON, detector '46' OFF for 5.058s (threshold=5.0s)",2:17:46,1,47e97d83222542bbafa7af4af8d0c5f7
1785690490.387,2026-08-02 11:08:10.386964,201,abf3c493427d43c89eceb10e32187b1c,start,rule1_continuous_disagreement,42:8,8,42,video,radar,1785690485.349,,5.038,300.0,fisheye,"detector '8' ON, detector '42' OFF for 5.038s (threshold=5.0s)",8:31:42,0,
1785690494.831,2026-08-02 11:08:14.830764,201,df2b228ad6d740b5a9f89f9d29ec3cdc,start,rule2_orphan_pulse,31:42,42,31,radar,video,1785690488.288,1785690489.795,1.507,16.506999999999998,fisheye,"orphan on detector '31': orphan pulse duration=1.507s window=[1785690483.288, 1785690494.795]",8:31:42,0,
1785690497.453,2026-08-02 11:08:17.452716,201,abf3c493427d43c89eceb10e32187b1c,stop,rule1_continuous_disagreement,42:8,8,42,video,radar,,,0.0,300.0,fisheye,Rule 1 recording stopped after 5.0s post-roll,8:31:42,0,
1785690504.021,2026-08-02 11:08:24.021316,201,25b1ac8d00304ca98bd824c1800be863,start,rule2_orphan_pulse,3:30,30,3,video,video,1785690496.437,1785690498.998,2.561,17.561,fisheye,"orphan on detector '3': orphan pulse duration=2.561s window=[1785690491.437, 1785690503.998]",3:30:41,0,
1785690504.031,2026-08-02 11:08:24.030685,201,50a993900ad74833a39bcd21adbd4cf4,start,rule2_orphan_pulse,3:41,3,41,video,radar,1785690496.437,1785690498.998,2.561,17.561,fisheye,"orphan on detector '3': orphan pulse duration=2.561s window=[1785690491.437, 1785690503.998]",3:30:41,1,25b1ac8d00304ca98bd824c1800be863
1785690506.661,2026-08-02 11:08:26.660682,201,54b1978630bd45c2a2ecfab2b7ae00e7,start,rule2_orphan_pulse,31:42,42,31,radar,video,1785690500.814,1785690501.613,0.799,15.799,fisheye,"orphan on detector '42': orphan pulse duration=0.799s window=[1785690495.814, 1785690506.613]",8:31:42,0,
1785690506.664,2026-08-02 11:08:26.664100,201,a289503da52d4ed7abe98602e6d14956,start,rule2_orphan_pulse,42:8,8,42,video,radar,1785690500.814,1785690501.613,0.799,15.799,fisheye,"orphan on detector '42': orphan pulse duration=0.799s window=[1785690495.814, 1785690506.613]",8:31:42,1,54b1978630bd45c2a2ecfab2b7ae00e7
1785690511.910,2026-08-02 11:08:31.909801,201,47e97d83222542bbafa7af4af8d0c5f7,stop,rule1_continuous_disagreement,17:46,46,17,radar,video,,,0.0,300.0,fisheye,Rule 1 recording stopped after 5.0s post-roll,2:17:46,0,
1785690543.400,2026-08-02 11:09:03.400084,201,c459f4dfce8b49c0afb143089c3bd59e,start,rule1_continuous_disagreement,26:33,33,26,radar,video,1785690538.355,,5.045,300.0,fisheye,"detector '26' ON, detector '33' OFF for 5.045s (threshold=5.0s)",26:33,0,
1785690552.699,2026-08-02 11:09:12.698822,201,c459f4dfce8b49c0afb143089c3bd59e,stop,rule1_continuous_disagreement,26:33,33,26,radar,video,,,0.0,300.0,fisheye,Rule 1 recording stopped after 5.1s post-roll,26:33,0,
1785690579.848,2026-08-02 11:09:39.848240,201,56cc04df4b1e4b02a2351aa0671b2bb6,start,rule1_continuous_disagreement,30:41,41,30,radar,video,1785690574.801,,5.047,300.0,fisheye,"detector '41' ON, detector '30' OFF for 5.047s (threshold=5.0s)",3:30:41,0,
1785690579.858,2026-08-02 11:09:39.858221,201,b12a79500e11407ca0ca2719929950b5,start,rule1_continuous_disagreement,3:41,3,41,video,radar,1785690574.801,,5.057,300.0,fisheye,"detector '41' ON, detector '3' OFF for 5.057s (threshold=5.0s)",3:30:41,1,56cc04df4b1e4b02a2351aa0671b2bb6
1785690597.920,2026-08-02 11:09:57.919645,201,d965dbfa70aa4b4db59e4bb3989ae058,start,rule1_continuous_disagreement,31:8,31,8,video,video,1785690592.876,,5.044,300.0,fisheye,"detector '8' ON, detector '31' OFF for 5.044s (threshold=5.0s)",8:31:42,0,
1785690597.923,2026-08-02 11:09:57.922695,201,3310e333c1464f46b96a372f57d52246,start,rule1_continuous_disagreement,42:8,8,42,video,radar,1785690592.876,,5.047,300.0,fisheye,"detector '8' ON, detector '42' OFF for 5.047s (threshold=5.0s)",8:31:42,1,d965dbfa70aa4b4db59e4bb3989ae058
1785690604.084,2026-08-02 11:10:04.083715,201,d965dbfa70aa4b4db59e4bb3989ae058,stop,rule1_continuous_disagreement,31:8,31,8,video,video,,,0.0,300.0,fisheye,Rule 1 recording stopped after 5.1s post-roll,8:31:42,0,
1785690656.223,2026-08-02 11:10:56.223444,201,202aa8a1220140b8944cb9953a710d7b,start,rule2_orphan_pulse,31:42,42,31,radar,video,1785690648.520,1785690651.130,2.61,17.61,fisheye,"orphan on detector '31': orphan pulse duration=2.61s window=[1785690643.520, 1785690656.130]",8:31:42,0,
1785690664.810,2026-08-02 11:11:04.809797,201,676bd43a97644898b9364842a032831b,start,rule2_orphan_pulse,31:42,42,31,radar,video,1785690658.605,1785690659.715,1.111,16.111,fisheye,"orphan on detector '31': orphan pulse duration=1.111s window=[1785690653.605, 1785690664.715]",8:31:42,0,
1785690668.957,2026-08-02 11:11:08.957291,201,b2d721aa25b14b29bdea70688c04875c,start,rule1_continuous_disagreement,22:39,39,22,radar,video,1785690663.903,,5.054,300.0,fisheye,"detector '39' ON, detector '22' OFF for 5.054s (threshold=5.0s)",4:22:39,0,
1785690668.959,2026-08-02 11:11:08.958568,201,f1d48d91c62644c79b135a5c202cd8e0,start,rule1_continuous_disagreement,39:4,4,39,video,radar,1785690663.904,,5.055,300.0,fisheye,"detector '39' ON, detector '4' OFF for 5.055s (threshold=5.0s)",4:22:39,1,b2d721aa25b14b29bdea70688c04875c
1785690673.101,2026-08-02 11:11:13.100647,201,56cc04df4b1e4b02a2351aa0671b2bb6,stop,rule1_continuous_disagreement,30:41,41,30,radar,video,,,0.0,300.0,fisheye,Rule 1 recording stopped after 5.1s post-roll,3:30:41,0,
1785690688.954,2026-08-02 11:11:28.954340,201,8ec070f22ed84a71969073f2f6fcc8db,start,rule2_orphan_pulse,30:41,41,30,radar,video,1785690682.822,1785690683.919,1.096,16.096,fisheye,"orphan on detector '30': orphan pulse duration=1.096s window=[1785690677.822, 1785690688.919]",3:30:41,0,
1785690688.961,2026-08-02 11:11:28.961073,201,ed0c569f9eab4512bd6effbeab7c06cf,start,rule2_orphan_pulse,3:30,30,3,video,video,1785690682.822,1785690683.919,1.096,16.096,fisheye,"orphan on detector '30': orphan pulse duration=1.096s window=[1785690677.822, 1785690688.919]",3:30:41,1,8ec070f22ed84a71969073f2f6fcc8db
1785692136.595,2026-08-02 11:35:36.594694,201,b2d721aa25b14b29bdea70688c04875c,stop,rule1_continuous_disagreement,22:39,39,22,radar,video,,,0.0,300.0,fisheye,Rule 1 recording stopped after 5.0s post-roll,4:22:39,0,
1785692272.070,2026-08-02 11:37:52.070463,201,797d7d82a22249cdb784adf49f35ab0f,start,rule2_orphan_pulse,3:30,30,3,video,video,1785692264.769,1785692267.044,2.275,17.275,fisheye,"orphan on detector '3': orphan pulse duration=2.275s window=[1785692259.769, 1785692272.044]",3:30:41,0,
1785692272.070,2026-08-02 11:37:52.070463,201,f34f00a7c8d54ce08b578ff56b73bc31,start,rule2_orphan_pulse,3:41,3,41,video,radar,1785692264.769,1785692267.044,2.275,17.275,fisheye,"orphan on detector '3': orphan pulse duration=2.275s window=[1785692259.769, 1785692272.044]",3:30:41,1,797d7d82a22249cdb784adf49f35ab0f
1785692333.826,2026-08-02 11:38:53.825570,201,7d4a195ee72e4e2ea6abbc3942427b98,start,rule2_orphan_pulse,3:30,30,3,video,video,1785692325.781,1785692328.782,3.0,18.0,fisheye,"orphan on detector '3': orphan pulse duration=3.0s window=[1785692320.781, 1785692333.782]",3:30:41,0,
1785692333.830,2026-08-02 11:38:53.829614,201,866813a628e1405bab9df568163d36a4,start,rule2_orphan_pulse,3:41,3,41,video,radar,1785692325.781,1785692328.782,3.0,18.0,fisheye,"orphan on detector '3': orphan pulse duration=3.0s window=[1785692320.781, 1785692333.782]",3:30:41,1,7d4a195ee72e4e2ea6abbc3942427b98
1785692435.458,2026-08-02 11:40:35.458493,201,6fd8634e39d84a7791a351724839f115,start,rule1_continuous_disagreement,31:8,31,8,video,video,1785692430.416,,5.042,300.0,fisheye,"detector '8' ON, detector '31' OFF for 5.042s (threshold=5.0s)",8:31:42,0,
1785692435.461,2026-08-02 11:40:35.461285,201,89161c9b81e646c0b9b246da2e9ea8dc,start,rule1_continuous_disagreement,42:8,8,42,video,radar,1785692430.416,,5.045,300.0,fisheye,"detector '8' ON, detector '42' OFF for 5.045s (threshold=5.0s)",8:31:42,1,6fd8634e39d84a7791a351724839f115
1785692440.824,2026-08-02 11:40:40.824095,201,1c32535cd19045aa98da8f2db8c9728e,start,rule1_continuous_disagreement,2:46,2,46,video,radar,1785692435.767,,5.057,300.0,fisheye,"detector '46' ON, detector '2' OFF for 5.057s (threshold=5.0s)",2:17:46,0,
1785692442.135,2026-08-02 11:40:42.135402,201,6fd8634e39d84a7791a351724839f115,stop,rule1_continuous_disagreement,31:8,31,8,video,video,,,0.0,300.0,fisheye,Rule 1 recording stopped after 5.1s post-roll,8:31:42,0,
1785692469.794,2026-08-02 11:41:09.794175,201,1c32535cd19045aa98da8f2db8c9728e,stop,rule1_continuous_disagreement,2:46,2,46,video,radar,,,0.0,300.0,fisheye,Rule 1 recording stopped after 5.0s post-roll,2:17:46,0,
1785692530.616,2026-08-02 11:42:10.616471,201,e5f3a530684343bb9352c221318c0187,start,rule1_continuous_disagreement,22:39,39,22,radar,video,1785692525.584,,5.032,300.0,fisheye,"detector '39' ON, detector '22' OFF for 5.032s (threshold=5.0s)",4:22:39,0,
1785692530.620,2026-08-02 11:42:10.620131,201,46f182125f664dce9dcbbcadb65daa51,start,rule1_continuous_disagreement,39:4,4,39,video,radar,1785692525.585,,5.035,300.0,fisheye,"detector '39' ON, detector '4' OFF for 5.035s (threshold=5.0s)",4:22:39,1,e5f3a530684343bb9352c221318c0187
1785692549.496,2026-08-02 11:42:29.495530,201,93a4b3714a6c4730a1fc4fbdcc373015,start,rule1_continuous_disagreement,42:8,8,42,video,radar,1785692544.445,,5.051,300.0,fisheye,"detector '8' ON, detector '42' OFF for 5.051s (threshold=5.0s)",8:31:42,0,
1785692555.845,2026-08-02 11:42:35.844959,201,93a4b3714a6c4730a1fc4fbdcc373015,stop,rule1_continuous_disagreement,42:8,8,42,video,radar,,,0.0,300.0,fisheye,Rule 1 recording stopped after 5.0s post-roll,8:31:42,0,
1785692556.153,2026-08-02 11:42:36.152525,201,052bccdcbecd4091a1d9e20321e526c7,start,rule2_orphan_pulse,31:42,42,31,radar,video,1785692550.092,1785692551.056,0.964,15.964,fisheye,"orphan on detector '31': orphan pulse duration=0.964s window=[1785692545.092, 1785692556.056]",8:31:42,0,
1785692584.498,2026-08-02 11:43:04.498232,201,7580492ee81e4996a7a8877b90670c61,start,rule1_continuous_disagreement,17:46,46,17,radar,video,1785692579.459,,5.039,300.0,fisheye,"detector '17' ON, detector '46' OFF for 5.039s (threshold=5.0s)",2:17:46,0,
1785692584.502,2026-08-02 11:43:04.502029,201,9cf952d0ba9a42609ade3cd615c2a22b,start,rule1_continuous_disagreement,2:46,2,46,video,radar,1785692579.459,,5.043,300.0,fisheye,"detector '2' ON, detector '46' OFF for 5.043s (threshold=5.0s)",2:17:46,1,7580492ee81e4996a7a8877b90670c61
1785692607.908,2026-08-02 11:43:27.908416,201,7580492ee81e4996a7a8877b90670c61,stop,rule1_continuous_disagreement,17:46,46,17,radar,video,,,0.0,300.0,fisheye,Rule 1 recording stopped after 5.0s post-roll,2:17:46,0,
1785692625.065,2026-08-02 11:43:45.064955,201,9988f818c4834f9b8bb5534d378a119a,start,rule2_orphan_pulse,31:8,31,8,video,video,1785692615.152,1785692620.026,4.875,19.875,fisheye,"orphan on detector '8': orphan pulse duration=4.875s window=[1785692610.152, 1785692625.026]",8:31:42,0,
1785692625.065,2026-08-02 11:43:45.064955,201,4adb11392d4c4b6cbf6ea29f0f444c51,start,rule2_orphan_pulse,42:8,8,42,video,radar,1785692615.152,1785692620.026,4.875,19.875,fisheye,"orphan on detector '8': orphan pulse duration=4.875s window=[1785692610.152, 1785692625.026]",8:31:42,1,9988f818c4834f9b8bb5534d378a119a
1785692635.156,2026-08-02 11:43:55.155536,201,cdb3cd95bf464eb3adde4f012ae49385,start,rule1_continuous_disagreement,17:46,46,17,radar,video,1785692630.111,,5.045,300.0,fisheye,"detector '46' ON, detector '17' OFF for 5.045s (threshold=5.0s)",2:17:46,0,
1785692635.160,2026-08-02 11:43:55.159660,201,23ed0c9f164e4a5787224af4275a6bb3,start,rule1_continuous_disagreement,17:2,17,2,video,video,1785692630.110,,5.05,300.0,fisheye,"detector '2' ON, detector '17' OFF for 5.05s (threshold=5.0s)",2:17:46,1,cdb3cd95bf464eb3adde4f012ae49385
1785692648.561,2026-08-02 11:44:08.561314,201,e5f3a530684343bb9352c221318c0187,stop,rule1_continuous_disagreement,22:39,39,22,radar,video,,,0.0,300.0,fisheye,Rule 1 recording stopped after 5.0s post-roll,4:22:39,0,
1785692676.899,2026-08-02 11:44:36.898990,201,cdb3cd95bf464eb3adde4f012ae49385,stop,rule1_continuous_disagreement,17:46,46,17,radar,video,,,0.0,300.0,fisheye,Rule 1 recording stopped after 5.0s post-roll,2:17:46,0,
1785692696.464,2026-08-02 11:44:56.463642,201,a041467da8664ea6ab0b18c8f858d936,start,rule1_continuous_disagreement,42:8,8,42,video,radar,1785692691.426,,5.038,300.0,fisheye,"detector '8' ON, detector '42' OFF for 5.038s (threshold=5.0s)",8:31:42,0,
1785692703.726,2026-08-02 11:45:03.725553,201,8a98ba9abddd4b9294d67e786a4882ea,start,rule2_orphan_pulse,31:42,42,31,radar,video,1785692697.973,1785692698.638,0.665,15.665,fisheye,"orphan on detector '31': orphan pulse duration=0.665s window=[1785692692.973, 1785692703.638]",8:31:42,0,
1785692707.456,2026-08-02 11:45:07.455913,201,a041467da8664ea6ab0b18c8f858d936,stop,rule1_continuous_disagreement,42:8,8,42,video,radar,,,0.0,300.0,fisheye,Rule 1 recording stopped after 5.0s post-roll,8:31:42,0,
1785692732.284,2026-08-02 11:45:32.283643,201,6e577d23209f464b868a9c456b826d4c,start,rule2_orphan_pulse,26:33,33,26,radar,video,1785692725.533,1785692727.204,1.671,16.671,fisheye,"orphan on detector '26': orphan pulse duration=1.671s window=[1785692720.533, 1785692732.204]",26:33,0,
1785692734.206,2026-08-02 11:45:34.206052,201,4734b70feabe4c68bb3c73adb087a77c,start,rule2_orphan_pulse,31:42,42,31,radar,video,1785692727.546,1785692729.152,1.606,16.606,fisheye,"orphan on detector '42': orphan pulse duration=1.606s window=[1785692722.546, 1785692734.152]",8:31:42,0,
1785692734.208,2026-08-02 11:45:34.208063,201,55bbc4d62c2347aaa9ce48b6d2ed2067,start,rule2_orphan_pulse,42:8,8,42,video,radar,1785692727.546,1785692729.152,1.606,16.606,fisheye,"orphan on detector '42': orphan pulse duration=1.606s window=[1785692722.546, 1785692734.152]",8:31:42,1,4734b70feabe4c68bb3c73adb087a77c
1785692773.845,2026-08-02 11:46:13.844998,201,6b284fcd979b42f29a0fe514c1b7869b,start,rule1_continuous_disagreement,31:8,31,8,video,video,1785692768.804,,5.041,300.0,fisheye,"detector '8' ON, detector '31' OFF for 5.041s (threshold=5.0s)",8:31:42,0,
1785692780.108,2026-08-02 11:46:20.107820,201,425d4cb5b19b4f2288fed40c624f9364,start,rule2_orphan_pulse,26:33,33,26,radar,video,1785692774.039,1785692775.040,1.001,16.000999999999998,fisheye,"orphan on detector '26': orphan pulse duration=1.001s window=[1785692769.039, 1785692780.040]",26:33,0,
1785692783.042,2026-08-02 11:46:23.041852,201,0e8610f6a3554d72b40901f79b798532,start,rule2_orphan_pulse,31:42,42,31,radar,video,1785692777.041,1785692778.027,0.985,15.985,fisheye,"orphan on detector '31': orphan pulse duration=0.985s window=[1785692772.041, 1785692783.027]",8:31:42,0,
1785692783.153,2026-08-02 11:46:23.152784,201,6b284fcd979b42f29a0fe514c1b7869b,stop,rule1_continuous_disagreement,31:8,31,8,video,video,,,0.0,300.0,fisheye,Rule 1 recording stopped after 5.1s post-roll,8:31:42,0,
1785692798.177,2026-08-02 11:46:38.176837,201,1bb999e912934b05b3891b23ba08e5fd,start,rule2_orphan_pulse,31:42,42,31,radar,video,1785692792.150,1785692793.138,0.988,15.988,fisheye,"orphan on detector '42': orphan pulse duration=0.988s window=[1785692787.150, 1785692798.138]",8:31:42,0,
1785692798.180,2026-08-02 11:46:38.179892,201,ac38c278130a475fbd8571c72dace561,start,rule2_orphan_pulse,42:8,8,42,video,radar,1785692792.150,1785692793.138,0.988,15.988,fisheye,"orphan on detector '42': orphan pulse duration=0.988s window=[1785692787.150, 1785692798.138]",8:31:42,1,1bb999e912934b05b3891b23ba08e5fd
1785692810.804,2026-08-02 11:46:50.804261,201,497e44ca43ee4c9e9a8d96188921a406,start,rule2_orphan_pulse,26:33,33,26,radar,video,1785692804.099,1785692805.750,1.651,16.651,fisheye,"orphan on detector '26': orphan pulse duration=1.651s window=[1785692799.099, 1785692810.750]",26:33,0,
1785692833.712,2026-08-02 11:47:13.711662,201,78520e9cd3b148e2b6cac13aa6fbd905,start,rule1_continuous_disagreement,22:39,39,22,radar,video,1785692828.666,,5.046,300.0,fisheye,"detector '39' ON, detector '22' OFF for 5.046s (threshold=5.0s)",4:22:39,0,
1785692833.714,2026-08-02 11:47:13.714344,201,515df14fda7940e1aed86a4bc17e55b0,start,rule1_continuous_disagreement,39:4,4,39,video,radar,1785692828.665,,5.049,300.0,fisheye,"detector '39' ON, detector '4' OFF for 5.049s (threshold=5.0s)",4:22:39,1,78520e9cd3b148e2b6cac13aa6fbd905
1785692871.264,2026-08-02 11:47:51.264232,201,63da0abf65fc4244b67ec6171c7eeedd,start,rule2_orphan_pulse,31:42,42,31,radar,video,1785692864.219,1785692866.215,1.995,16.995,fisheye,"orphan on detector '42': orphan pulse duration=1.995s window=[1785692859.219, 1785692871.215]",8:31:42,0,
1785692871.268,2026-08-02 11:47:51.268248,201,4f24941baa2c4bff9030fd4191f82a2b,start,rule2_orphan_pulse,42:8,8,42,video,radar,1785692864.219,1785692866.215,1.995,16.995,fisheye,"orphan on detector '42': orphan pulse duration=1.995s window=[1785692859.219, 1785692871.215]",8:31:42,1,63da0abf65fc4244b67ec6171c7eeedd
1785692883.773,2026-08-02 11:48:03.772666,201,06b1adc90f67456eb229701c7267ff6b,start,rule2_orphan_pulse,3:30,30,3,video,video,1785692874.829,1785692878.739,3.91,18.91,fisheye,"orphan on detector '3': orphan pulse duration=3.91s window=[1785692869.829, 1785692883.739]",3:30:41,0,
1785692883.773,2026-08-02 11:48:03.772666,201,d3a38f99b6aa4f40b117ef0b7b4cf17a,start,rule2_orphan_pulse,3:41,3,41,video,radar,1785692874.829,1785692878.739,3.91,18.91,fisheye,"orphan on detector '3': orphan pulse duration=3.91s window=[1785692869.829, 1785692883.739]",3:30:41,1,06b1adc90f67456eb229701c7267ff6b
1785692899.915,2026-08-02 11:48:19.914813,201,5f1f3e53c4b14ec6bb0d8a0af75dfe23,start,rule2_orphan_pulse,31:42,42,31,radar,video,1785692894.175,1785692894.846,0.671,15.671,fisheye,"orphan on detector '42': orphan pulse duration=0.671s window=[1785692889.175, 1785692899.846]",8:31:42,0,
1785692900.320,2026-08-02 11:48:20.319541,201,f368f339cb46417d914d7918264ace8c,start,rule1_continuous_disagreement,31:8,31,8,video,video,1785692895.267,,5.053,300.0,fisheye,"detector '8' ON, detector '31' OFF for 5.053s (threshold=5.0s)",8:31:42,0,
1785692900.325,2026-08-02 11:48:20.325343,201,b012020de0ce4b1ea890d03563af27f6,start,rule1_continuous_disagreement,42:8,8,42,video,radar,1785692895.267,,5.058,300.0,fisheye,"detector '8' ON, detector '42' OFF for 5.058s (threshold=5.0s)",8:31:42,1,f368f339cb46417d914d7918264ace8c
1785692914.854,2026-08-02 11:48:34.854465,201,f368f339cb46417d914d7918264ace8c,stop,rule1_continuous_disagreement,31:8,31,8,video,video,,,0.0,300.0,fisheye,Rule 1 recording stopped after 5.0s post-roll,8:31:42,0,
1785692927.975,2026-08-02 11:48:47.974958,201,6f741d85f5a44afa8898569697c8de46,start,rule2_orphan_pulse,3:30,30,3,video,video,1785692922.268,1785692922.928,0.66,15.66,fisheye,"orphan on detector '3': orphan pulse duration=0.66s window=[1785692917.268, 1785692927.928]",3:30:41,0,
1785692927.977,2026-08-02 11:48:47.977089,201,905b53a1eead4465a6283ed355c21166,start,rule2_orphan_pulse,3:41,3,41,video,radar,1785692922.268,1785692922.928,0.66,15.66,fisheye,"orphan on detector '3': orphan pulse duration=0.66s window=[1785692917.268, 1785692927.928]",3:30:41,1,6f741d85f5a44afa8898569697c8de46
1785692932.221,2026-08-02 11:48:52.221092,201,a0f8dd93e475464b8b2772202b58443d,start,rule2_orphan_pulse,31:42,42,31,radar,video,1785692926.192,1785692927.198,1.006,16.006,fisheye,"orphan on detector '42': orphan pulse duration=1.006s window=[1785692921.192, 1785692932.198]",8:31:42,0,
1785692932.225,2026-08-02 11:48:52.224883,201,2f465ffe06da4da083cae27dcf17a4f1,start,rule2_orphan_pulse,42:8,8,42,video,radar,1785692926.192,1785692927.198,1.006,16.006,fisheye,"orphan on detector '42': orphan pulse duration=1.006s window=[1785692921.192, 1785692932.198]",8:31:42,1,a0f8dd93e475464b8b2772202b58443d
1785692933.233,2026-08-02 11:48:53.233033,201,8b270f881cdc477f91c56c1694574a15,start,rule2_orphan_pulse,3:30,30,3,video,video,1785692923.909,1785692928.195,4.286,19.286,fisheye,"orphan on detector '3': orphan pulse duration=4.286s window=[1785692918.909, 1785692933.195]",3:30:41,0,
1785692933.236,2026-08-02 11:48:53.236153,201,61e0108ba21d4f68a4aec6385a974eeb,start,rule2_orphan_pulse,3:41,3,41,video,radar,1785692923.909,1785692928.195,4.286,19.286,fisheye,"orphan on detector '3': orphan pulse duration=4.286s window=[1785692918.909, 1785692933.195]",3:30:41,1,8b270f881cdc477f91c56c1694574a15
1785692977.001,2026-08-02 11:49:37.000670,201,a60eec2af7bf4fdb8525a50170b2f131,start,rule2_orphan_pulse,30:41,41,30,radar,video,1785692970.619,1785692971.943,1.325,16.325,fisheye,"orphan on detector '30': orphan pulse duration=1.325s window=[1785692965.619, 1785692976.943]",3:30:41,0,
1785692977.003,2026-08-02 11:49:37.002676,201,b523a972d8d84f29bce1824433126608,start,rule2_orphan_pulse,3:30,30,3,video,video,1785692970.619,1785692971.943,1.325,16.325,fisheye,"orphan on detector '30': orphan pulse duration=1.325s window=[1785692965.619, 1785692976.943]",3:30:41,1,a60eec2af7bf4fdb8525a50170b2f131
1785692999.386,2026-08-02 11:49:59.386107,201,78520e9cd3b148e2b6cac13aa6fbd905,stop,rule1_continuous_disagreement,22:39,39,22,radar,video,,,0.0,300.0,fisheye,Rule 1 recording stopped after 5.0s post-roll,4:22:39,0,
1785693034.757,2026-08-02 11:50:34.756503,201,518144cd62a94247b6f4768fc23a9a8a,start,rule2_orphan_pulse,3:30,30,3,video,video,1785693026.743,1785693029.710,2.967,17.967,fisheye,"orphan on detector '3': orphan pulse duration=2.967s window=[1785693021.743, 1785693034.710]",3:30:41,0,
1785693034.759,2026-08-02 11:50:34.758785,201,750c4b3c960847d5a022eab0888e392d,start,rule2_orphan_pulse,3:41,3,41,video,radar,1785693026.743,1785693029.710,2.967,17.967,fisheye,"orphan on detector '3': orphan pulse duration=2.967s window=[1785693021.743, 1785693034.710]",3:30:41,1,518144cd62a94247b6f4768fc23a9a8a
1785693112.147,2026-08-02 11:51:52.146784,201,cffa5b0c600f423d919141d62586879f,start,rule1_continuous_disagreement,17:46,46,17,radar,video,1785693107.105,,5.042,300.0,fisheye,"detector '17' ON, detector '46' OFF for 5.042s (threshold=5.0s)",2:17:46,0,
1785693112.147,2026-08-02 11:51:52.146784,201,12762b5ba22d4ed7acde73fca12289b9,start,rule1_continuous_disagreement,2:46,2,46,video,radar,1785693107.105,,5.042,300.0,fisheye,"detector '2' ON, detector '46' OFF for 5.042s (threshold=5.0s)",2:17:46,1,cffa5b0c600f423d919141d62586879f
1785693135.051,2026-08-02 11:52:15.051414,201,cffa5b0c600f423d919141d62586879f,stop,rule1_continuous_disagreement,17:46,46,17,radar,video,,,0.0,300.0,fisheye,Rule 1 recording stopped after 5.0s post-roll,2:17:46,0,
1785693137.478,2026-08-02 11:52:17.477947,201,a868c17f196c4e2c893e603e15e0e836,start,rule1_continuous_disagreement,31:8,31,8,video,video,1785693132.431,,5.047,300.0,fisheye,"detector '8' ON, detector '31' OFF for 5.047s (threshold=5.0s)",8:31:42,0,
1785693137.483,2026-08-02 11:52:17.483281,201,57f4501d4c464997a2cd6c47b451ec13,start,rule1_continuous_disagreement,42:8,8,42,video,radar,1785693132.430,,5.053,300.0,fisheye,"detector '8' ON, detector '42' OFF for 5.053s (threshold=5.0s)",8:31:42,1,a868c17f196c4e2c893e603e15e0e836
1785693141.021,2026-08-02 11:52:21.021261,201,116f1db9f3f04944a80d30efdff5ae66,start,rule1_continuous_disagreement,30:41,41,30,radar,video,1785693135.966,,5.055,300.0,fisheye,"detector '30' ON, detector '41' OFF for 5.055s (threshold=5.0s)",3:30:41,0,
1785693141.428,2026-08-02 11:52:21.427967,201,6e9314f1c7454de4a97814171bf487df,start,rule1_continuous_disagreement,3:41,3,41,video,radar,1785693136.369,,5.059,300.0,fisheye,"detector '3' ON, detector '41' OFF for 5.059s (threshold=5.0s)",3:30:41,1,116f1db9f3f04944a80d30efdff5ae66
1785693142.745,2026-08-02 11:52:22.744632,201,a868c17f196c4e2c893e603e15e0e836,stop,rule1_continuous_disagreement,31:8,31,8,video,video,,,0.0,300.0,fisheye,Rule 1 recording stopped after 5.1s post-roll,8:31:42,0,
1785693206.511,2026-08-02 11:53:26.511276,201,2f095b11a4724e7abd3de14f183a4370,start,rule2_orphan_pulse,29:43,43,29,radar,video,1785693200.749,1785693201.477,0.728,15.728,fisheye,"orphan on detector '29': orphan pulse duration=0.728s window=[1785693195.749, 1785693206.477]",29:43,0,
1785693208.226,2026-08-02 11:53:28.226319,201,116f1db9f3f04944a80d30efdff5ae66,stop,rule1_continuous_disagreement,30:41,41,30,radar,video,,,0.0,300.0,fisheye,Rule 1 recording stopped after 5.1s post-roll,3:30:41,0,
1785693218.330,2026-08-02 11:53:38.329897,201,744cd4ab84104b91bd43e3af74228b25,start,rule1_continuous_disagreement,31:42,42,31,radar,video,1785693213.273,,5.057,300.0,fisheye,"detector '31' ON, detector '42' OFF for 5.057s (threshold=5.0s)",8:31:42,0,
1785693218.333,2026-08-02 11:53:38.332910,201,6425f81cff5f44b3a8b4c782e1f3f3ed,start,rule1_continuous_disagreement,42:8,8,42,video,radar,1785693213.273,,5.06,300.0,fisheye,"detector '8' ON, detector '42' OFF for 5.06s (threshold=5.0s)",8:31:42,1,744cd4ab84104b91bd43e3af74228b25
1785693219.548,2026-08-02 11:53:39.548138,201,c52ffb7808be474a8c87288e5e109a6a,start,rule2_orphan_pulse,29:43,43,29,radar,video,1785693212.250,1785693214.539,2.289,17.289,fisheye,"orphan on detector '29': orphan pulse duration=2.289s window=[1785693207.250, 1785693219.539]",29:43,0,
1785693235.173,2026-08-02 11:53:55.172751,201,5838b15ec9b44d0caa3e7988df165e5b,start,rule2_orphan_pulse,29:43,43,29,radar,video,1785693228.133,1785693230.094,1.961,16.961,fisheye,"orphan on detector '29': orphan pulse duration=1.961s window=[1785693223.133, 1785693235.094]",29:43,0,
1785693243.850,2026-08-02 11:54:03.849576,201,744cd4ab84104b91bd43e3af74228b25,stop,rule1_continuous_disagreement,31:42,42,31,radar,video,,,0.0,300.0,fisheye,Rule 1 recording stopped after 5.0s post-roll,8:31:42,0,
1785693318.386,2026-08-02 11:55:18.385606,201,0748b70a756e4118999a26b59acf845f,start,rule1_continuous_disagreement,42:8,8,42,video,radar,1785693313.330,,5.056,300.0,fisheye,"detector '8' ON, detector '42' OFF for 5.056s (threshold=5.0s)",8:31:42,0,
1785693325.256,2026-08-02 11:55:25.255503,201,0748b70a756e4118999a26b59acf845f,stop,rule1_continuous_disagreement,42:8,8,42,video,radar,,,0.0,300.0,fisheye,Rule 1 recording stopped after 5.0s post-roll,8:31:42,0,
1785693325.861,2026-08-02 11:55:25.861448,201,ab42951e845646148a25bbc97bbf8e5a,start,rule2_orphan_pulse,31:42,42,31,radar,video,1785693319.519,1785693320.811,1.291,16.291,fisheye,"orphan on detector '31': orphan pulse duration=1.291s window=[1785693314.519, 1785693325.811]",8:31:42,0,
1785693401.364,2026-08-02 11:56:41.363838,201,f02ef323a8cc435fa60b6500be75547b,start,rule1_continuous_disagreement,31:8,31,8,video,video,1785693396.329,,5.035,300.0,fisheye,"detector '8' ON, detector '31' OFF for 5.035s (threshold=5.0s)",8:31:42,0,
1785693401.973,2026-08-02 11:56:41.973269,201,d1bb2548afa44de9b1771eb42e3ed3f6,start,rule2_orphan_pulse,31:42,42,31,radar,video,1785693396.272,1785693396.944,0.672,15.672,fisheye,"orphan on detector '31': orphan pulse duration=0.672s window=[1785693391.272, 1785693401.944]",8:31:42,1,f02ef323a8cc435fa60b6500be75547b
1785693402.076,2026-08-02 11:56:42.076500,201,98504b5b62cd4d30b9f5ff0c61398fdd,start,rule1_continuous_disagreement,42:8,8,42,video,radar,1785693397.033,,5.044,300.0,fisheye,"detector '8' ON, detector '42' OFF for 5.044s (threshold=5.0s)",8:31:42,1,f02ef323a8cc435fa60b6500be75547b
1785693407.932,2026-08-02 11:56:47.931745,201,f02ef323a8cc435fa60b6500be75547b,stop,rule1_continuous_disagreement,31:8,31,8,video,video,,,0.0,300.0,fisheye,Rule 1 recording stopped after 5.0s post-roll,8:31:42,0,
1785693408.540,2026-08-02 11:56:48.540421,201,bf11dc6d91084f97811a65b637d47d5c,start,rule1_continuous_disagreement,3:30,30,3,video,video,1785693403.493,,5.047,300.0,fisheye,"detector '3' ON, detector '30' OFF for 5.047s (threshold=5.0s)",3:30:41,0,
1785693409.760,2026-08-02 11:56:49.759853,201,8f79b558a6ae415ab0c01c47d70e1034,start,rule2_orphan_pulse,30:41,41,30,radar,video,1785693403.771,1785693404.755,0.984,15.984,fisheye,"orphan on detector '41': orphan pulse duration=0.984s window=[1785693398.771, 1785693409.755]",3:30:41,0,
1785693409.863,2026-08-02 11:56:49.862886,201,67e4658d37d1463fafc15c810e0bee02,start,rule1_continuous_disagreement,3:41,3,41,video,radar,1785693404.802,,5.061,300.0,fisheye,"detector '3' ON, detector '41' OFF for 5.061s (threshold=5.0s)",3:30:41,0,
1785693415.013,2026-08-02 11:56:55.013088,201,3b375d86b69b4870843affb093a584d0,start,rule1_continuous_disagreement,22:39,39,22,radar,video,1785693409.967,,5.046,300.0,fisheye,"detector '39' ON, detector '22' OFF for 5.046s (threshold=5.0s)",4:22:39,0,
1785693415.317,2026-08-02 11:56:55.317147,201,059db91668b34677928bf03da59ada94,start,rule1_continuous_disagreement,39:4,4,39,video,radar,1785693410.272,,5.045,300.0,fisheye,"detector '39' ON, detector '4' OFF for 5.045s (threshold=5.0s)",4:22:39,1,3b375d86b69b4870843affb093a584d0
1785693418.843,2026-08-02 11:56:58.843253,201,bf11dc6d91084f97811a65b637d47d5c,stop,rule1_continuous_disagreement,3:30,30,3,video,video,,,0.0,300.0,fisheye,Rule 1 recording stopped after 5.0s post-roll,3:30:41,0,
1785693418.846,2026-08-02 11:56:58.845891,201,67e4658d37d1463fafc15c810e0bee02,stop,rule1_continuous_disagreement,3:41,3,41,video,radar,,,0.0,300.0,fisheye,Rule 1 recording stopped after 5.0s post-roll,3:30:41,0,
1785693441.869,2026-08-02 11:57:21.869450,201,6077cee690344d1ab9b43153d05e3df1,start,rule2_orphan_pulse,31:42,42,31,radar,video,1785693434.859,1785693436.813,1.954,16.954,fisheye,"orphan on detector '31': orphan pulse duration=1.954s window=[1785693429.859, 1785693441.813]",8:31:42,0,
1785693469.714,2026-08-02 11:57:49.713990,201,3b375d86b69b4870843affb093a584d0,stop,rule1_continuous_disagreement,22:39,39,22,radar,video,,,0.0,300.0,fisheye,Rule 1 recording stopped after 5.0s post-roll,4:22:39,0,
1785693497.252,2026-08-02 11:58:17.252455,201,8f5f0e1135d24050be3ecaf7ccb16dc9,start,rule1_continuous_disagreement,30:41,41,30,radar,video,1785693492.206,,5.046,300.0,fisheye,"detector '41' ON, detector '30' OFF for 5.046s (threshold=5.0s)",3:30:41,0,
1785693498.871,2026-08-02 11:58:18.871414,201,b9eae5c9d0c649a387f0b39853ea058c,start,rule1_continuous_disagreement,3:41,3,41,video,radar,1785693493.821,,5.05,300.0,fisheye,"detector '41' ON, detector '3' OFF for 5.05s (threshold=5.0s)",3:30:41,0,
1785693510.681,2026-08-02 11:58:30.681102,201,8f5f0e1135d24050be3ecaf7ccb16dc9,stop,rule1_continuous_disagreement,30:41,41,30,radar,video,,,0.0,300.0,fisheye,Rule 1 recording stopped after 5.0s post-roll,3:30:41,0,
1785693512.299,2026-08-02 11:58:32.299112,201,b9eae5c9d0c649a387f0b39853ea058c,stop,rule1_continuous_disagreement,3:41,3,41,video,radar,,,0.0,300.0,fisheye,Rule 1 recording stopped after 5.0s post-roll,3:30:41,0,
1785693599.324,2026-08-02 11:59:59.324239,201,6a8e231101954906bb8b5eb2881acba3,start,rule2_orphan_pulse,29:43,43,29,radar,video,1785693593.274,1785693594.255,0.981,15.981,fisheye,"orphan on detector '29': orphan pulse duration=0.981s window=[1785693588.274, 1785693599.255]",29:43,0,
1785693613.854,2026-08-02 12:00:13.854415,201,0ea69c8cf1374780bb08fedf7f7ea773,start,rule2_orphan_pulse,3:30,30,3,video,video,1785693606.273,1785693608.844,2.571,17.570999999999998,fisheye,"orphan on detector '3': orphan pulse duration=2.571s window=[1785693601.273, 1785693613.844]",3:30:41,0,
1785693613.856,2026-08-02 12:00:13.856459,201,6616417172f74aa2add62ba038bc7a1c,start,rule2_orphan_pulse,3:41,3,41,video,radar,1785693606.273,1785693608.844,2.571,17.570999999999998,fisheye,"orphan on detector '3': orphan pulse duration=2.571s window=[1785693601.273, 1785693613.844]",3:30:41,1,0ea69c8cf1374780bb08fedf7f7ea773
1785693632.624,2026-08-02 12:00:32.623783,201,9abd338829384951832ba8a22790e55d,start,rule1_continuous_disagreement,30:41,41,30,radar,video,1785693627.580,,5.044,300.0,fisheye,"detector '30' ON, detector '41' OFF for 5.044s (threshold=5.0s)",3:30:41,0,
1785693678.926,2026-08-02 12:01:18.926320,201,d504ee4640f94f76abc6a3bf5edc1c2e,start,rule1_continuous_disagreement,3:41,3,41,video,radar,1785693673.877,,5.049,300.0,fisheye,"detector '3' ON, detector '41' OFF for 5.049s (threshold=5.0s)",3:30:41,0,
1785693709.489,2026-08-02 12:01:49.488954,201,23ee03254eab43d6b70ba6bf2e784747,start,rule1_continuous_disagreement,31:8,31,8,video,video,1785693704.455,,5.034,300.0,fisheye,"detector '8' ON, detector '31' OFF for 5.034s (threshold=5.0s)",8:31:42,0,
1785693713.628,2026-08-02 12:01:53.627869,201,5cafbe9c35174cadb79730d3489f165a,start,rule2_orphan_pulse,31:42,42,31,radar,video,1785693707.590,1785693708.590,0.999,15.998999999999999,fisheye,"orphan on detector '42': orphan pulse duration=0.999s window=[1785693702.590, 1785693713.590]",8:31:42,0,
1785693718.473,2026-08-02 12:01:58.473119,201,a10d3184770542d09cbb7ebc821e83b0,start,rule1_continuous_disagreement,42:8,8,42,video,radar,1785693713.425,,5.048,300.0,fisheye,"detector '8' ON, detector '42' OFF for 5.048s (threshold=5.0s)",8:31:42,0,
1785693725.734,2026-08-02 12:02:05.734351,201,a10d3184770542d09cbb7ebc821e83b0,stop,rule1_continuous_disagreement,42:8,8,42,video,radar,,,0.0,300.0,fisheye,Rule 1 recording stopped after 5.0s post-roll,8:31:42,0,
1785693726.250,2026-08-02 12:02:06.250280,201,5d488ed235094386b193b624ea25cb62,start,rule2_orphan_pulse,31:42,42,31,radar,video,1785693720.280,1785693721.242,0.961,15.961,fisheye,"orphan on detector '31': orphan pulse duration=0.961s window=[1785693715.280, 1785693726.242]",8:31:42,0,
1785693726.354,2026-08-02 12:02:06.353839,201,23ee03254eab43d6b70ba6bf2e784747,stop,rule1_continuous_disagreement,31:8,31,8,video,video,,,0.0,300.0,fisheye,Rule 1 recording stopped after 5.1s post-roll,8:31:42,0,
1785693739.684,2026-08-02 12:02:19.683701,201,9abd338829384951832ba8a22790e55d,stop,rule1_continuous_disagreement,30:41,41,30,radar,video,,,0.0,300.0,fisheye,Rule 1 recording stopped after 5.1s post-roll,3:30:41,0,
1785693747.151,2026-08-02 12:02:27.151216,201,d504ee4640f94f76abc6a3bf5edc1c2e,stop,rule1_continuous_disagreement,3:41,3,41,video,radar,,,0.0,300.0,fisheye,Rule 1 recording stopped after 5.0s post-roll,3:30:41,0,
1785693769.939,2026-08-02 12:02:49.939378,201,22a377a9a3034da697421bf1cac995bf,start,rule2_orphan_pulse,3:30,30,3,video,video,1785693760.960,1785693764.931,3.972,18.972,fisheye,"orphan on detector '3': orphan pulse duration=3.972s window=[1785693755.960, 1785693769.931]",3:30:41,0,
1785693769.945,2026-08-02 12:02:49.945466,201,4628d7bd5ae046a6abffa1aa1b446612,start,rule2_orphan_pulse,3:41,3,41,video,radar,1785693760.960,1785693764.931,3.972,18.972,fisheye,"orphan on detector '3': orphan pulse duration=3.972s window=[1785693755.960, 1785693769.931]",3:30:41,1,22a377a9a3034da697421bf1cac995bf
1785693848.960,2026-08-02 12:04:08.960448,201,97541d5835894be099834901dc1f9a89,start,rule1_continuous_disagreement,26:33,33,26,radar,video,1785693843.915,,5.045,300.0,fisheye,"detector '26' ON, detector '33' OFF for 5.045s (threshold=5.0s)",26:33,0,
1785693872.875,2026-08-02 12:04:32.874506,201,1e9e47030bc9440ea4cbc04a89ab1265,start,rule1_continuous_disagreement,17:46,46,17,radar,video,1785693867.825,,5.05,300.0,fisheye,"detector '17' ON, detector '46' OFF for 5.05s (threshold=5.0s)",2:17:46,0,
1785693880.053,2026-08-02 12:04:40.052547,201,1e9e47030bc9440ea4cbc04a89ab1265,stop,rule1_continuous_disagreement,17:46,46,17,radar,video,,,0.0,300.0,fisheye,Rule 1 recording stopped after 5.1s post-roll,2:17:46,0,
1785693883.191,2026-08-02 12:04:43.190742,201,97541d5835894be099834901dc1f9a89,stop,rule1_continuous_disagreement,26:33,33,26,radar,video,,,0.0,300.0,fisheye,Rule 1 recording stopped after 5.1s post-roll,26:33,0,
1785693895.006,2026-08-02 12:04:55.006213,201,849129e59e9d4942a41e545ba32ccc4f,start,rule1_continuous_disagreement,42:8,8,42,video,radar,1785693889.958,,5.048,300.0,fisheye,"detector '8' ON, detector '42' OFF for 5.048s (threshold=5.0s)",8:31:42,0,
1785693895.721,2026-08-02 12:04:55.720730,201,d5c57f8c932348c2b1a7396b26bc0334,start,rule1_continuous_disagreement,29:43,43,29,radar,video,1785693890.665,,5.056,300.0,fisheye,"detector '29' ON, detector '43' OFF for 5.056s (threshold=5.0s)",29:43,0,
1785693896.028,2026-08-02 12:04:56.028363,201,3cb6efeb32414f88aadb1b1b0951f274,start,rule2_orphan_pulse,31:42,42,31,radar,video,1785693889.934,1785693890.991,1.057,16.057000000000002,fisheye,"orphan on detector '31': orphan pulse duration=1.057s window=[1785693884.934, 1785693895.991]",8:31:42,0,
1785693896.133,2026-08-02 12:04:56.132605,201,f3d7c4a9e8fc40d8a4ab2e91e9571933,start,rule1_continuous_disagreement,31:8,31,8,video,video,1785693891.071,,5.062,300.0,fisheye,"detector '8' ON, detector '31' OFF for 5.062s (threshold=5.0s)",8:31:42,0,
1785693903.096,2026-08-02 12:05:03.095768,201,d5c57f8c932348c2b1a7396b26bc0334,stop,rule1_continuous_disagreement,29:43,43,29,radar,video,,,0.0,300.0,fisheye,Rule 1 recording stopped after 5.0s post-roll,29:43,0,
1785693903.099,2026-08-02 12:05:03.098633,201,f3d7c4a9e8fc40d8a4ab2e91e9571933,stop,rule1_continuous_disagreement,31:8,31,8,video,video,,,0.0,300.0,fisheye,Rule 1 recording stopped after 5.0s post-roll,8:31:42,0,
1785693903.101,2026-08-02 12:05:03.100686,201,849129e59e9d4942a41e545ba32ccc4f,stop,rule1_continuous_disagreement,42:8,8,42,video,radar,,,0.0,300.0,fisheye,Rule 1 recording stopped after 5.0s post-roll,8:31:42,0,
1785693904.109,2026-08-02 12:05:04.108822,201,712d7e6e7f304e88a154f4ae5d0e52e4,start,rule2_orphan_pulse,22:4,22,4,video,video,1785693898.006,1785693899.050,1.044,16.044,fisheye,"orphan on detector '4': orphan pulse duration=1.044s window=[1785693893.006, 1785693904.050]",4:22:39,0,
1785693905.425,2026-08-02 12:05:05.424965,201,23a4c65b87344924859b4231055fc52a,start,rule2_orphan_pulse,22:39,39,22,radar,video,1785693898.346,1785693900.364,2.018,17.018,fisheye,"orphan on detector '39': orphan pulse duration=2.018s window=[1785693893.346, 1785693905.364]",4:22:39,0,
1785693906.438,2026-08-02 12:05:06.437983,201,58ad8f5e64c045bebc46a9810c41ea49,start,rule1_continuous_disagreement,39:4,4,39,video,radar,1785693901.382,,5.056,300.0,fisheye,"detector '39' ON, detector '4' OFF for 5.056s (threshold=5.0s)",4:22:39,0,
1785693932.663,2026-08-02 12:05:32.663439,201,c102fb82689d4cd6ab1b685747426457,start,rule2_orphan_pulse,29:43,43,29,radar,video,1785693925.511,1785693927.585,2.074,17.073999999999998,fisheye,"orphan on detector '29': orphan pulse duration=2.074s window=[1785693920.511, 1785693932.585]",29:43,0,
1785693970.557,2026-08-02 12:06:10.557004,201,4e1b4e73b64044e58d0651f0320428ea,start,rule1_continuous_disagreement,22:39,39,22,radar,video,1785693965.509,,5.048,300.0,fisheye,"detector '39' ON, detector '22' OFF for 5.048s (threshold=5.0s)",4:22:39,0,
1785694019.325,2026-08-02 12:06:59.324957,201,8c620b4efe0e41e98f5e7beae805e1b8,start,rule2_orphan_pulse,3:30,30,3,video,video,1785694011.386,1785694014.289,2.903,17.903,fisheye,"orphan on detector '3': orphan pulse duration=2.903s window=[1785694006.386, 1785694019.289]",3:30:41,0,
1785694019.329,2026-08-02 12:06:59.329139,201,7a619fe88b234e239984408e76d37a80,start,rule2_orphan_pulse,3:41,3,41,video,radar,1785694011.386,1785694014.289,2.903,17.903,fisheye,"orphan on detector '3': orphan pulse duration=2.903s window=[1785694006.386, 1785694019.289]",3:30:41,1,8c620b4efe0e41e98f5e7beae805e1b8
1785694071.901,2026-08-02 12:07:51.900816,201,f7266214caf048bcb88ab7dee472de3c,start,rule1_continuous_disagreement,31:8,31,8,video,video,1785694066.865,,5.036,300.0,fisheye,"detector '8' ON, detector '31' OFF for 5.036s (threshold=5.0s)",8:31:42,0,
1785694071.906,2026-08-02 12:07:51.905717,201,738ee42a2e64428085d0c070c07f68cb,start,rule1_continuous_disagreement,42:8,8,42,video,radar,1785694066.865,,5.041,300.0,fisheye,"detector '8' ON, detector '42' OFF for 5.041s (threshold=5.0s)",8:31:42,1,f7266214caf048bcb88ab7dee472de3c
1785694074.225,2026-08-02 12:07:54.224995,201,4e1b4e73b64044e58d0651f0320428ea,stop,rule1_continuous_disagreement,22:39,39,22,radar,video,,,0.0,300.0,fisheye,Rule 1 recording stopped after 5.0s post-roll,4:22:39,0,
1785694074.228,2026-08-02 12:07:54.227525,201,58ad8f5e64c045bebc46a9810c41ea49,stop,rule1_continuous_disagreement,39:4,4,39,video,radar,,,0.0,300.0,fisheye,Rule 1 recording stopped after 5.0s post-roll,4:22:39,0,
1785694078.467,2026-08-02 12:07:58.467254,201,f7266214caf048bcb88ab7dee472de3c,stop,rule1_continuous_disagreement,31:8,31,8,video,video,,,0.0,300.0,fisheye,Rule 1 recording stopped after 5.0s post-roll,8:31:42,0,
1785694083.008,2026-08-02 12:08:03.007892,201,5393d6104d7b44fb81aceea285087665,start,rule2_orphan_pulse,3:30,30,3,video,video,1785694074.704,1785694077.961,3.256,18.256,fisheye,"orphan on detector '3': orphan pulse duration=3.256s window=[1785694069.704, 1785694082.961]",3:30:41,0,
1785694083.012,2026-08-02 12:08:03.011570,201,45c0c0e1d5c74faeaad04e1e13b04a11,start,rule2_orphan_pulse,3:41,3,41,video,radar,1785694074.704,1785694077.961,3.256,18.256,fisheye,"orphan on detector '3': orphan pulse duration=3.256s window=[1785694069.704, 1785694082.961]",3:30:41,1,5393d6104d7b44fb81aceea285087665
1785694094.702,2026-08-02 12:08:14.701724,201,e4610442a3d8480caffea06e7d0fc24c,start,rule2_orphan_pulse,30:41,41,30,radar,video,1785694085.082,1785694089.609,4.527,19.527,fisheye,"orphan on detector '30': orphan pulse duration=4.527s window=[1785694080.082, 1785694094.609]",3:30:41,0,
1785694098.943,2026-08-02 12:08:18.942683,201,238b885fa4484b0e97750ff38ef6b903,start,rule2_orphan_pulse,3:41,3,41,video,radar,1785694091.602,1785694093.895,2.293,17.293,fisheye,"orphan on detector '3': orphan pulse duration=2.293s window=[1785694086.602, 1785694098.895]",3:30:41,0,
1785694110.146,2026-08-02 12:08:30.146304,201,b9da00808b004084a5458fe506ac1ca3,start,rule1_continuous_disagreement,3:30,30,3,video,video,1785694105.107,,5.039,300.0,fisheye,"detector '3' ON, detector '30' OFF for 5.039s (threshold=5.0s)",3:30:41,0,
1785694116.210,2026-08-02 12:08:36.209767,201,b9da00808b004084a5458fe506ac1ca3,stop,rule1_continuous_disagreement,3:30,30,3,video,video,,,0.0,300.0,fisheye,Rule 1 recording stopped after 5.0s post-roll,3:30:41,0,
1785694139.308,2026-08-02 12:08:59.308082,201,45f8e41f5ffb4806a6edab286cc79d43,start,rule1_continuous_disagreement,22:39,39,22,radar,video,1785694134.267,,5.041,300.0,fisheye,"detector '39' ON, detector '22' OFF for 5.041s (threshold=5.0s)",4:22:39,0,
1785694139.311,2026-08-02 12:08:59.310697,201,a7a171f625334858afa421b612ee67a2,start,rule1_continuous_disagreement,39:4,4,39,video,radar,1785694134.267,,5.044,300.0,fisheye,"detector '39' ON, detector '4' OFF for 5.044s (threshold=5.0s)",4:22:39,1,45f8e41f5ffb4806a6edab286cc79d43
1785694152.332,2026-08-02 12:09:12.331638,201,21dd49e711614fbcb89b872cc6abeadc,start,rule2_orphan_pulse,3:30,30,3,video,video,1785694144.980,1785694147.309,2.329,17.329,fisheye,"orphan on detector '3': orphan pulse duration=2.329s window=[1785694139.980, 1785694152.309]",3:30:41,0,
1785694152.339,2026-08-02 12:09:12.339430,201,bf799ac255754d51810d332f7f1ca366,start,rule2_orphan_pulse,3:41,3,41,video,radar,1785694144.980,1785694147.309,2.329,17.329,fisheye,"orphan on detector '3': orphan pulse duration=2.329s window=[1785694139.980, 1785694152.309]",3:30:41,1,21dd49e711614fbcb89b872cc6abeadc
1785694200.383,2026-08-02 12:10:00.382711,201,b24096bad53345e7a22bbf4c3836b3bf,start,rule2_orphan_pulse,3:30,30,3,video,video,1785694194.311,1785694195.329,1.018,16.018,fisheye,"orphan on detector '3': orphan pulse duration=1.018s window=[1785694189.311, 1785694200.329]",3:30:41,0,
1785694200.386,2026-08-02 12:10:00.385729,201,4cf087a5cfc2444292f4c053744a4e64,start,rule2_orphan_pulse,3:41,3,41,video,radar,1785694194.311,1785694195.329,1.018,16.018,fisheye,"orphan on detector '3': orphan pulse duration=1.018s window=[1785694189.311, 1785694200.329]",3:30:41,1,b24096bad53345e7a22bbf4c3836b3bf
1785694224.601,2026-08-02 12:10:24.600912,201,d5cca0e84f0f4daaa2e466fabd787fd2,start,rule1_continuous_disagreement,31:8,31,8,video,video,1785694219.550,,5.051,300.0,fisheye,"detector '8' ON, detector '31' OFF for 5.051s (threshold=5.0s)",8:31:42,0,
1785694224.603,2026-08-02 12:10:24.603432,201,a31f05f063d545c6aa6e95adbd399034,start,rule1_continuous_disagreement,42:8,8,42,video,radar,1785694219.549,,5.054,300.0,fisheye,"detector '8' ON, detector '42' OFF for 5.054s (threshold=5.0s)",8:31:42,1,d5cca0e84f0f4daaa2e466fabd787fd2
1785694233.590,2026-08-02 12:10:33.589583,201,d5cca0e84f0f4daaa2e466fabd787fd2,stop,rule1_continuous_disagreement,31:8,31,8,video,video,,,0.0,300.0,fisheye,Rule 1 recording stopped after 5.0s post-roll,8:31:42,0,
1785694246.703,2026-08-02 12:10:46.702612,201,4d3f0cff16484000b73c40a03c0a6480,start,rule2_orphan_pulse,30:41,41,30,radar,video,1785694240.065,1785694241.646,1.58,16.58,fisheye,"orphan on detector '30': orphan pulse duration=1.58s window=[1785694235.065, 1785694246.646]",3:30:41,0,
1785694246.706,2026-08-02 12:10:46.705624,201,45f8e41f5ffb4806a6edab286cc79d43,stop,rule1_continuous_disagreement,22:39,39,22,radar,video,,,0.0,300.0,fisheye,Rule 1 recording stopped after 5.0s post-roll,4:22:39,0,
1785694247.312,2026-08-02 12:10:47.312046,201,635b8c71de774896b45ea1ec32c83d7f,start,rule2_orphan_pulse,3:41,3,41,video,radar,1785694240.371,1785694242.282,1.912,16.912,fisheye,"orphan on detector '3': orphan pulse duration=1.912s window=[1785694235.371, 1785694247.282]",3:30:41,1,4d3f0cff16484000b73c40a03c0a6480
1785694250.045,2026-08-02 12:10:50.044506,201,f7df2d39f2aa45a895f96ba86ac14e77,start,rule2_orphan_pulse,31:8,31,8,video,video,1785694242.949,1785694244.958,2.009,17.009,fisheye,"orphan on detector '8': orphan pulse duration=2.009s window=[1785694237.949, 1785694249.958]",8:31:42,0,
1785694250.051,2026-08-02 12:10:50.050710,201,36a4f0b3093444bdbb4ab94dc4fcc88a,start,rule2_orphan_pulse,42:8,8,42,video,radar,1785694242.949,1785694244.958,2.009,17.009,fisheye,"orphan on detector '8': orphan pulse duration=2.009s window=[1785694237.949, 1785694249.958]",8:31:42,1,f7df2d39f2aa45a895f96ba86ac14e77
1785694256.612,2026-08-02 12:10:56.612402,201,8a510b32134049f2870ee7222b5d4ae0,start,rule2_orphan_pulse,31:8,31,8,video,video,1785694249.887,1785694251.517,1.629,16.628999999999998,fisheye,"orphan on detector '8': orphan pulse duration=1.629s window=[1785694244.887, 1785694256.517]",8:31:42,0,
1785694256.616,2026-08-02 12:10:56.615538,201,b7ff6a4a73e6493e85469eb2399e0fa5,start,rule2_orphan_pulse,42:8,8,42,video,radar,1785694249.887,1785694251.517,1.629,16.628999999999998,fisheye,"orphan on detector '8': orphan pulse duration=1.629s window=[1785694244.887, 1785694256.517]",8:31:42,1,8a510b32134049f2870ee7222b5d4ae0
1785694257.925,2026-08-02 12:10:57.925170,201,05807a46ada84255acff76a666cc995b,start,rule1_continuous_disagreement,29:43,43,29,radar,video,1785694252.874,,5.051,300.0,fisheye,"detector '43' ON, detector '29' OFF for 5.051s (threshold=5.0s)",29:43,0,
1785694280.142,2026-08-02 12:11:20.142332,201,05807a46ada84255acff76a666cc995b,stop,rule1_continuous_disagreement,29:43,43,29,radar,video,,,0.0,300.0,fisheye,Rule 1 recording stopped after 5.0s post-roll,29:43,0,
1785694336.890,2026-08-02 12:12:16.890042,201,20782584259a4224ae41aa47a185d402,start,rule1_continuous_disagreement,42:8,8,42,video,radar,1785694331.847,,5.043,300.0,fisheye,"detector '8' ON, detector '42' OFF for 5.043s (threshold=5.0s)",8:31:42,0,
1785694340.115,2026-08-02 12:12:20.114764,201,46393bba594b4f61b802fdea5a817f96,start,rule1_continuous_disagreement,17:46,46,17,radar,video,1785694335.070,,5.045,300.0,fisheye,"detector '17' ON, detector '46' OFF for 5.045s (threshold=5.0s)",2:17:46,0,
1785694340.118,2026-08-02 12:12:20.118442,201,4c5a51fdda7e40e4883be446a74bd8d1,start,rule1_continuous_disagreement,2:46,2,46,video,radar,1785694335.069,,5.049,300.0,fisheye,"detector '2' ON, detector '46' OFF for 5.049s (threshold=5.0s)",2:17:46,1,46393bba594b4f61b802fdea5a817f96
1785694343.045,2026-08-02 12:12:23.045139,201,20782584259a4224ae41aa47a185d402,stop,rule1_continuous_disagreement,42:8,8,42,video,radar,,,0.0,300.0,fisheye,Rule 1 recording stopped after 5.0s post-roll,8:31:42,0,
1785694343.956,2026-08-02 12:12:23.956052,201,2ea9b6d77e064775a6eb1364eac584fa,start,rule2_orphan_pulse,31:42,42,31,radar,video,1785694337.588,1785694338.868,1.281,16.281,fisheye,"orphan on detector '31': orphan pulse duration=1.281s window=[1785694332.588, 1785694343.868]",8:31:42,0,
1785694359.758,2026-08-02 12:12:39.758147,201,46393bba594b4f61b802fdea5a817f96,stop,rule1_continuous_disagreement,17:46,46,17,radar,video,,,0.0,300.0,fisheye,Rule 1 recording stopped after 5.0s post-roll,2:17:46,0,
1785694367.017,2026-08-02 12:12:47.017095,201,f569af04b27445e2b77165894c9c71c8,start,rule1_continuous_disagreement,30:41,41,30,radar,video,1785694361.978,,5.039,300.0,fisheye,"detector '30' ON, detector '41' OFF for 5.039s (threshold=5.0s)",3:30:41,0,
1785694367.021,2026-08-02 12:12:47.020554,201,ece3ac88ce4748f08bc5ddc099f634b1,start,rule1_continuous_disagreement,3:41,3,41,video,radar,1785694361.979,,5.042,300.0,fisheye,"detector '3' ON, detector '41' OFF for 5.042s (threshold=5.0s)",3:30:41,1,f569af04b27445e2b77165894c9c71c8
1785694369.944,2026-08-02 12:12:49.944392,201,5435d6057b2a461782e5a49fdeeaca8c,start,rule2_orphan_pulse,31:42,42,31,radar,video,1785694363.581,1785694364.878,1.297,16.297,fisheye,"orphan on detector '31': orphan pulse duration=1.297s window=[1785694358.581, 1785694369.878]",8:31:42,0,
1785694403.610,2026-08-02 12:13:23.609527,201,b1149636be31443e867e12f28163b753,start,rule1_continuous_disagreement,42:8,8,42,video,radar,1785694398.576,,5.034,300.0,fisheye,"detector '8' ON, detector '42' OFF for 5.034s (threshold=5.0s)",8:31:42,0,
1785694404.317,2026-08-02 12:13:24.316688,201,7cd405e18a2749cc8528fd1efecf4d23,start,rule2_orphan_pulse,31:42,42,31,radar,video,1785694398.224,1785694399.245,1.021,16.021,fisheye,"orphan on detector '31': orphan pulse duration=1.021s window=[1785694393.224, 1785694404.245]",8:31:42,1,b1149636be31443e867e12f28163b753
1785694412.274,2026-08-02 12:13:32.273723,201,b1149636be31443e867e12f28163b753,stop,rule1_continuous_disagreement,42:8,8,42,video,radar,,,0.0,300.0,fisheye,Rule 1 recording stopped after 5.0s post-roll,8:31:42,0,
1785694426.316,2026-08-02 12:13:46.315557,201,f569af04b27445e2b77165894c9c71c8,stop,rule1_continuous_disagreement,30:41,41,30,radar,video,,,0.0,300.0,fisheye,Rule 1 recording stopped after 5.1s post-roll,3:30:41,0,
1785694427.932,2026-08-02 12:13:47.932294,201,d8b26391522348988a51dce96bc4d65a,start,rule2_orphan_pulse,29:43,43,29,radar,video,1785694421.921,1785694422.900,0.979,15.979,fisheye,"orphan on detector '29': orphan pulse duration=0.979s window=[1785694416.921, 1785694427.900]",29:43,0,
1785694510.221,2026-08-02 12:15:10.221222,201,907afce26e19452db0d1dd1985ee4a49,start,rule1_continuous_disagreement,17:46,46,17,radar,video,1785694505.191,,5.03,300.0,fisheye,"detector '17' ON, detector '46' OFF for 5.03s (threshold=5.0s)",2:17:46,0,
1785694510.221,2026-08-02 12:15:10.221222,201,80b0e307cc7044c9b68e993beda878f4,start,rule1_continuous_disagreement,2:46,2,46,video,radar,1785694505.191,,5.03,300.0,fisheye,"detector '2' ON, detector '46' OFF for 5.03s (threshold=5.0s)",2:17:46,1,907afce26e19452db0d1dd1985ee4a49
1785694520.504,2026-08-02 12:15:20.504450,201,fd9ff514cf414f35a9111501045e08b4,start,rule1_continuous_disagreement,31:8,31,8,video,video,1785694515.461,,5.043,300.0,fisheye,"detector '8' ON, detector '31' OFF for 5.043s (threshold=5.0s)",8:31:42,0,
1785694520.509,2026-08-02 12:15:20.509094,201,77a420ec671241ae83f3b430d1f7603d,start,rule1_continuous_disagreement,42:8,8,42,video,radar,1785694515.462,,5.047,300.0,fisheye,"detector '8' ON, detector '42' OFF for 5.047s (threshold=5.0s)",8:31:42,1,fd9ff514cf414f35a9111501045e08b4
1785694528.480,2026-08-02 12:15:28.479948,201,bf538970acbc4d1e9c08dfc8b6188fe8,start,rule2_orphan_pulse,31:42,42,31,radar,video,1785694520.859,1785694523.447,2.588,17.588,fisheye,"orphan on detector '31': orphan pulse duration=2.588s window=[1785694515.859, 1785694528.447]",8:31:42,0,
1785694528.585,2026-08-02 12:15:28.585264,201,fd9ff514cf414f35a9111501045e08b4,stop,rule1_continuous_disagreement,31:8,31,8,video,video,,,0.0,300.0,fisheye,Rule 1 recording stopped after 5.0s post-roll,8:31:42,0,
1785694564.169,2026-08-02 12:16:04.169167,201,b3ac699d5b914f149799c00420e2f616,start,rule2_orphan_pulse,42:8,8,42,video,radar,1785694557.748,1785694559.105,1.356,16.356,fisheye,"orphan on detector '8': orphan pulse duration=1.356s window=[1785694552.748, 1785694564.105]",8:31:42,0,
1785694565.888,2026-08-02 12:16:05.887814,201,0d0694af07cc4dae8ef150ab63ba9f01,start,rule2_orphan_pulse,31:42,42,31,radar,video,1785694559.446,1785694560.799,1.353,16.353,fisheye,"orphan on detector '31': orphan pulse duration=1.353s window=[1785694554.446, 1785694565.799]",8:31:42,0,
1785694583.934,2026-08-02 12:16:23.934117,201,907afce26e19452db0d1dd1985ee4a49,stop,rule1_continuous_disagreement,17:46,46,17,radar,video,,,0.0,300.0,fisheye,Rule 1 recording stopped after 5.0s post-roll,2:17:46,0,
1785694587.283,2026-08-02 12:16:27.282644,201,12bf35061236403089920aad00ca906f,start,rule1_continuous_disagreement,31:8,31,8,video,video,1785694582.208,,5.075,300.0,fisheye,"detector '8' ON, detector '31' OFF for 5.075s (threshold=5.0s)",8:31:42,0,
1785694587.284,2026-08-02 12:16:27.284297,201,469861fdb1f34b9091520d538d2cb18f,start,rule1_continuous_disagreement,42:8,8,42,video,radar,1785694582.208,,5.076,300.0,fisheye,"detector '8' ON, detector '42' OFF for 5.076s (threshold=5.0s)",8:31:42,1,12bf35061236403089920aad00ca906f
1785694596.671,2026-08-02 12:16:36.670520,201,12bf35061236403089920aad00ca906f,stop,rule1_continuous_disagreement,31:8,31,8,video,video,,,0.0,300.0,fisheye,Rule 1 recording stopped after 5.0s post-roll,8:31:42,0,
1785694636.288,2026-08-02 12:17:16.287719,201,c8f2f44ab51d470db53032e8bb822712,start,rule2_orphan_pulse,3:30,30,3,video,video,1785694626.493,1785694631.262,4.77,19.77,fisheye,"orphan on detector '3': orphan pulse duration=4.77s window=[1785694621.493, 1785694636.262]",3:30:41,0,
1785694636.291,2026-08-02 12:17:16.290689,201,9e4877a30aa346eeae0788eb96328b1c,start,rule2_orphan_pulse,3:41,3,41,video,radar,1785694626.493,1785694631.262,4.77,19.77,fisheye,"orphan on detector '3': orphan pulse duration=4.77s window=[1785694621.493, 1785694636.262]",3:30:41,1,c8f2f44ab51d470db53032e8bb822712
1785694643.253,2026-08-02 12:17:23.253306,201,e47aa80380514edc89d0409edffcdb3c,start,rule1_continuous_disagreement,26:33,33,26,radar,video,1785694638.209,,5.044,300.0,fisheye,"detector '26' ON, detector '33' OFF for 5.044s (threshold=5.0s)",26:33,0,
1785694667.687,2026-08-02 12:17:47.686669,201,226d4276501c4b0cbf8ef592253c0c69,start,rule2_orphan_pulse,31:8,31,8,video,video,1785694658.302,1785694662.618,4.316,19.316,fisheye,"orphan on detector '8': orphan pulse duration=4.316s window=[1785694653.302, 1785694667.618]",8:31:42,0,
1785694670.009,2026-08-02 12:17:50.009076,201,e47aa80380514edc89d0409edffcdb3c,stop,rule1_continuous_disagreement,26:33,33,26,radar,video,,,0.0,300.0,fisheye,Rule 1 recording stopped after 5.1s post-roll,26:33,0,
1785694714.474,2026-08-02 12:18:34.474222,201,eb5aa9d8e7314084b409efb24323c155,start,rule1_continuous_disagreement,17:46,46,17,radar,video,1785694709.440,,5.034,300.0,fisheye,"detector '17' ON, detector '46' OFF for 5.034s (threshold=5.0s)",2:17:46,0,
1785694714.478,2026-08-02 12:18:34.478231,201,e333938ca9074a0a89ee222805ed493e,start,rule1_continuous_disagreement,2:46,2,46,video,radar,1785694709.440,,5.038,300.0,fisheye,"detector '2' ON, detector '46' OFF for 5.038s (threshold=5.0s)",2:17:46,1,eb5aa9d8e7314084b409efb24323c155
1785694720.638,2026-08-02 12:18:40.637586,201,696b76d6809f4d2c9ee9d0684663e651,start,rule1_continuous_disagreement,42:8,8,42,video,radar,1785694715.591,,5.047,300.0,fisheye,"detector '8' ON, detector '42' OFF for 5.047s (threshold=5.0s)",8:31:42,0,
1785694725.983,2026-08-02 12:18:45.983316,201,696b76d6809f4d2c9ee9d0684663e651,stop,rule1_continuous_disagreement,42:8,8,42,video,radar,,,0.0,300.0,fisheye,Rule 1 recording stopped after 5.0s post-roll,8:31:42,0,
1785694726.693,2026-08-02 12:18:46.693192,201,2959328c7bcf4c059f75037adbcfde5b,start,rule2_orphan_pulse,31:42,42,31,radar,video,1785694719.581,1785694721.618,2.037,17.037,fisheye,"orphan on detector '31': orphan pulse duration=2.037s window=[1785694714.581, 1785694726.618]",8:31:42,0,
1785694755.023,2026-08-02 12:19:15.022539,201,eb5aa9d8e7314084b409efb24323c155,stop,rule1_continuous_disagreement,17:46,46,17,radar,video,,,0.0,300.0,fisheye,Rule 1 recording stopped after 5.0s post-roll,2:17:46,0,
1785694777.313,2026-08-02 12:19:37.313163,201,bf9bef2f43194d1c8877d0b5a45b0d04,start,rule2_orphan_pulse,31:8,31,8,video,video,1785694767.423,1785694772.269,4.846,19.846,fisheye,"orphan on detector '8': orphan pulse duration=4.846s window=[1785694762.423, 1785694777.269]",8:31:42,0,
1785694777.316,2026-08-02 12:19:37.315681,201,59350fc2c53745c991da6efc60e54433,start,rule2_orphan_pulse,42:8,8,42,video,radar,1785694767.423,1785694772.269,4.846,19.846,fisheye,"orphan on detector '8': orphan pulse duration=4.846s window=[1785694762.423, 1785694777.269]",8:31:42,1,bf9bef2f43194d1c8877d0b5a45b0d04
1785694838.291,2026-08-02 12:20:38.290565,201,af07c5df218a4bb6b180d2ee3cea0952,start,rule2_orphan_pulse,29:43,43,29,radar,video,1785694831.691,1785694833.286,1.595,16.595,fisheye,"orphan on detector '29': orphan pulse duration=1.595s window=[1785694826.691, 1785694838.286]",29:43,0,
1785694903.760,2026-08-02 12:21:43.760301,201,cf8857ee8fd84b44a33fc10143963f9b,start,rule2_orphan_pulse,3:30,30,3,video,video,1785694895.810,1785694898.752,2.942,17.942,fisheye,"orphan on detector '3': orphan pulse duration=2.942s window=[1785694890.810, 1785694903.752]",3:30:41,0,
1785694903.766,2026-08-02 12:21:43.766493,201,4c62effcda7347a4b584a10653f5dcd2,start,rule2_orphan_pulse,3:41,3,41,video,radar,1785694895.810,1785694898.752,2.942,17.942,fisheye,"orphan on detector '3': orphan pulse duration=2.942s window=[1785694890.810, 1785694903.752]",3:30:41,1,cf8857ee8fd84b44a33fc10143963f9b
1785694920.902,2026-08-02 12:22:00.902320,201,b9a81569c71c43418f42e26b0a07dc7a,start,rule1_continuous_disagreement,22:39,39,22,radar,video,1785694915.864,,5.038,300.0,fisheye,"detector '39' ON, detector '22' OFF for 5.038s (threshold=5.0s)",4:22:39,0,
1785694922.531,2026-08-02 12:22:02.530552,201,0da55aedfd46421292eaf7422afe7fdb,start,rule1_continuous_disagreement,39:4,4,39,video,radar,1785694917.475,,5.056,300.0,fisheye,"detector '39' ON, detector '4' OFF for 5.056s (threshold=5.0s)",4:22:39,0,
1785694991.864,2026-08-02 12:23:11.864053,201,b9a81569c71c43418f42e26b0a07dc7a,stop,rule1_continuous_disagreement,22:39,39,22,radar,video,,,0.0,300.0,fisheye,Rule 1 recording stopped after 5.0s post-roll,4:22:39,0,
1785694991.864,2026-08-02 12:23:11.864053,201,0da55aedfd46421292eaf7422afe7fdb,stop,rule1_continuous_disagreement,39:4,4,39,video,radar,,,0.0,300.0,fisheye,Rule 1 recording stopped after 5.0s post-roll,4:22:39,0,
1785695012.338,2026-08-02 12:23:32.337984,201,258ccc7def384dc591ee67fa077a6717,start,rule2_orphan_pulse,3:30,30,3,video,video,1785695004.947,1785695007.318,2.37,17.37,fisheye,"orphan on detector '3': orphan pulse duration=2.37s window=[1785694999.947, 1785695012.318]",3:30:41,0,
1785695012.644,2026-08-02 12:23:32.644173,201,e52bc4d43a6641ac937a2ead829320d1,start,rule2_orphan_pulse,30:41,41,30,radar,video,1785695005.279,1785695007.634,2.354,17.354,fisheye,"orphan on detector '41': orphan pulse duration=2.354s window=[1785695000.279, 1785695012.634]",3:30:41,1,258ccc7def384dc591ee67fa077a6717
1785695015.274,2026-08-02 12:23:35.273680,201,73e8c22936ec484e96dca1c3626d648d,start,rule2_orphan_pulse,31:8,31,8,video,video,1785695009.284,1785695010.253,0.969,15.969000000000001,fisheye,"orphan on detector '8': orphan pulse duration=0.969s window=[1785695004.284, 1785695015.253]",8:31:42,0,
1785695015.279,2026-08-02 12:23:35.279386,201,73187f82bb42426d9eafa139b455d1f0,start,rule2_orphan_pulse,42:8,8,42,video,radar,1785695009.284,1785695010.253,0.969,15.969000000000001,fisheye,"orphan on detector '8': orphan pulse duration=0.969s window=[1785695004.284, 1785695015.253]",8:31:42,1,73e8c22936ec484e96dca1c3626d648d
1785695043.892,2026-08-02 12:24:03.891886,201,4d0736b17c55445ca58180c204ca419d,start,rule2_orphan_pulse,3:30,30,3,video,video,1785695037.153,1785695038.810,1.657,16.657,fisheye,"orphan on detector '3': orphan pulse duration=1.657s window=[1785695032.153, 1785695043.810]",3:30:41,0,
1785695043.899,2026-08-02 12:24:03.898793,201,218266618fa94404b8e88ce05ef8cb10,start,rule2_orphan_pulse,3:41,3,41,video,radar,1785695037.153,1785695038.810,1.657,16.657,fisheye,"orphan on detector '3': orphan pulse duration=1.657s window=[1785695032.153, 1785695043.810]",3:30:41,1,4d0736b17c55445ca58180c204ca419d
1785695100.869,2026-08-02 12:25:00.869102,201,c6937f5ab4284e55a2371c8af8cae0f9,start,rule1_continuous_disagreement,31:42,42,31,radar,video,1785695095.825,,5.044,300.0,fisheye,"detector '42' ON, detector '31' OFF for 5.044s (threshold=5.0s)",8:31:42,0,
1785695100.869,2026-08-02 12:25:00.869102,201,b5038cd359714fa3a6de7e567adfdb12,start,rule1_continuous_disagreement,42:8,8,42,video,radar,1785695095.825,,5.044,300.0,fisheye,"detector '42' ON, detector '8' OFF for 5.044s (threshold=5.0s)",8:31:42,1,c6937f5ab4284e55a2371c8af8cae0f9
1785695110.957,2026-08-02 12:25:10.957245,201,86a4dce510a74d898d74b96f1747790c,start,rule2_orphan_pulse,31:8,31,8,video,video,1785695105.263,1785695105.925,0.662,15.661999999999999,fisheye,"orphan on detector '8': orphan pulse duration=0.662s window=[1785695100.263, 1785695110.925]",8:31:42,0,
1785695111.063,2026-08-02 12:25:11.063088,201,c6937f5ab4284e55a2371c8af8cae0f9,stop,rule1_continuous_disagreement,31:42,42,31,radar,video,,,0.0,300.0,fisheye,Rule 1 recording stopped after 5.0s post-roll,8:31:42,0,
1785695162.761,2026-08-02 12:26:02.761198,201,9a715fbdd9824469b86c9e51aee3e02b,start,rule2_orphan_pulse,3:30,30,3,video,video,1785695155.646,1785695157.715,2.069,17.069,fisheye,"orphan on detector '3': orphan pulse duration=2.069s window=[1785695150.646, 1785695162.715]",3:30:41,0,
1785695162.766,2026-08-02 12:26:02.765517,201,85953f64b3d0473e9c6fe1157cb8157b,start,rule2_orphan_pulse,3:41,3,41,video,radar,1785695155.646,1785695157.715,2.069,17.069,fisheye,"orphan on detector '3': orphan pulse duration=2.069s window=[1785695150.646, 1785695162.715]",3:30:41,1,9a715fbdd9824469b86c9e51aee3e02b
1785695164.782,2026-08-02 12:26:04.781672,201,f2747773120c46568e923c12dae3ad4c,start,rule1_continuous_disagreement,31:42,42,31,radar,video,1785695159.736,,5.046,300.0,fisheye,"detector '31' ON, detector '42' OFF for 5.046s (threshold=5.0s)",8:31:42,0,
1785695164.786,2026-08-02 12:26:04.786279,201,d7ef87f5f0d24d2ea9a1bdf247ab8bde,start,rule1_continuous_disagreement,42:8,8,42,video,radar,1785695159.735,,5.051,300.0,fisheye,"detector '8' ON, detector '42' OFF for 5.051s (threshold=5.0s)",8:31:42,1,f2747773120c46568e923c12dae3ad4c
1785695177.497,2026-08-02 12:26:17.496817,201,227765d9a6b64a0485a4340d41e5c040,start,rule2_orphan_pulse,3:30,30,3,video,video,1785695169.522,1785695172.471,2.95,17.95,fisheye,"orphan on detector '3': orphan pulse duration=2.95s window=[1785695164.522, 1785695177.471]",3:30:41,0,
1785695177.499,2026-08-02 12:26:17.499473,201,70f46771388640bab2069b9bcbcdcd9c,start,rule2_orphan_pulse,3:41,3,41,video,radar,1785695169.522,1785695172.471,2.95,17.95,fisheye,"orphan on detector '3': orphan pulse duration=2.95s window=[1785695164.522, 1785695177.471]",3:30:41,1,227765d9a6b64a0485a4340d41e5c040
1785695184.652,2026-08-02 12:26:24.652262,201,f2747773120c46568e923c12dae3ad4c,stop,rule1_continuous_disagreement,31:42,42,31,radar,video,,,0.0,300.0,fisheye,Rule 1 recording stopped after 5.0s post-roll,8:31:42,0,
1785695184.860,2026-08-02 12:26:24.859516,201,71d6a1b812434904b406979814e18dc2,start,rule2_orphan_pulse,3:30,30,3,video,video,1785695177.631,1785695179.853,2.222,17.222,fisheye,"orphan on detector '3': orphan pulse duration=2.222s window=[1785695172.631, 1785695184.853]",3:30:41,0,
1785695184.862,2026-08-02 12:26:24.861983,201,e3506f4dda0142b8945a88971c1e3ab6,start,rule2_orphan_pulse,3:41,3,41,video,radar,1785695177.631,1785695179.853,2.222,17.222,fisheye,"orphan on detector '3': orphan pulse duration=2.222s window=[1785695172.631, 1785695184.853]",3:30:41,1,71d6a1b812434904b406979814e18dc2
1785695204.929,2026-08-02 12:26:44.929148,201,c1b0bc645e1a409ca1c268ec2a0887b0,start,rule2_orphan_pulse,3:30,30,3,video,video,1785695196.638,1785695199.923,3.286,18.286,fisheye,"orphan on detector '3': orphan pulse duration=3.286s window=[1785695191.638, 1785695204.923]",3:30:41,0,
1785695204.931,2026-08-02 12:26:44.931344,201,ad51636894d345db829c75b13555a4de,start,rule2_orphan_pulse,3:41,3,41,video,radar,1785695196.638,1785695199.923,3.286,18.286,fisheye,"orphan on detector '3': orphan pulse duration=3.286s window=[1785695191.638, 1785695204.923]",3:30:41,1,c1b0bc645e1a409ca1c268ec2a0887b0
1785695251.494,2026-08-02 12:27:31.494079,201,703432178fcd4175b67eeffe562c3396,start,rule2_orphan_pulse,3:30,30,3,video,video,1785695242.909,1785695246.474,3.565,18.564999999999998,fisheye,"orphan on detector '3': orphan pulse duration=3.565s window=[1785695237.909, 1785695251.474]",3:30:41,0,
1785695251.494,2026-08-02 12:27:31.494079,201,9e306f8368524b22848b29affb8ea29b,start,rule2_orphan_pulse,3:41,3,41,video,radar,1785695242.909,1785695246.474,3.565,18.564999999999998,fisheye,"orphan on detector '3': orphan pulse duration=3.565s window=[1785695237.909, 1785695251.474]",3:30:41,1,703432178fcd4175b67eeffe562c3396
1785695267.522,2026-08-02 12:27:47.522008,201,098e1982cf3a472da16897967ba7febc,start,rule2_orphan_pulse,3:30,30,3,video,video,1785695260.188,1785695262.478,2.291,17.291,fisheye,"orphan on detector '3': orphan pulse duration=2.291s window=[1785695255.188, 1785695267.478]",3:30:41,0,
1785695267.523,2026-08-02 12:27:47.523118,201,55a166483f6544269d708dd43f2535e3,start,rule2_orphan_pulse,3:41,3,41,video,radar,1785695260.188,1785695262.478,2.291,17.291,fisheye,"orphan on detector '3': orphan pulse duration=2.291s window=[1785695255.188, 1785695267.478]",3:30:41,1,098e1982cf3a472da16897967ba7febc
1785695295.838,2026-08-02 12:28:15.838379,201,c99b6cc30bf545d0a90b1c65c32a4aaf,start,rule1_continuous_disagreement,26:33,33,26,radar,video,1785695290.801,,5.037,300.0,fisheye,"detector '26' ON, detector '33' OFF for 5.037s (threshold=5.0s)",26:33,0,
1785695316.698,2026-08-02 12:28:36.698340,201,d0700dba5c22403d9f528d1a77628ab5,start,rule1_continuous_disagreement,30:41,41,30,radar,video,1785695311.658,,5.04,300.0,fisheye,"detector '30' ON, detector '41' OFF for 5.04s (threshold=5.0s)",3:30:41,0,
1785695317.406,2026-08-02 12:28:37.405527,201,c99b6cc30bf545d0a90b1c65c32a4aaf,stop,rule1_continuous_disagreement,26:33,33,26,radar,video,,,0.0,300.0,fisheye,Rule 1 recording stopped after 5.0s post-roll,26:33,0,
1785695324.779,2026-08-02 12:28:44.779498,201,d0700dba5c22403d9f528d1a77628ab5,stop,rule1_continuous_disagreement,30:41,41,30,radar,video,,,0.0,300.0,fisheye,Rule 1 recording stopped after 5.1s post-roll,3:30:41,0,
1785695369.570,2026-08-02 12:29:29.570308,201,97cd48b26bc24300ad3478db0956beea,start,rule1_continuous_disagreement,22:39,39,22,radar,video,1785695364.530,,5.04,300.0,fisheye,"detector '39' ON, detector '22' OFF for 5.04s (threshold=5.0s)",4:22:39,0,
1785695369.573,2026-08-02 12:29:29.573447,201,b5160a61e59c43a4aaa92f00d2483d1b,start,rule1_continuous_disagreement,39:4,4,39,video,radar,1785695364.530,,5.043,300.0,fisheye,"detector '39' ON, detector '4' OFF for 5.043s (threshold=5.0s)",4:22:39,1,97cd48b26bc24300ad3478db0956beea
1785695373.911,2026-08-02 12:29:33.910741,201,e6048bc778d2401581bd1f63d9b59e5c,start,rule2_orphan_pulse,3:30,30,3,video,video,1785695365.155,1785695368.819,3.663,18.663,fisheye,"orphan on detector '3': orphan pulse duration=3.663s window=[1785695360.155, 1785695373.819]",3:30:41,0,
1785695373.913,2026-08-02 12:29:33.912750,201,3810f5fc51514529b94f3b6823e3efa2,start,rule2_orphan_pulse,3:41,3,41,video,radar,1785695365.155,1785695368.819,3.663,18.663,fisheye,"orphan on detector '3': orphan pulse duration=3.663s window=[1785695360.155, 1785695373.819]",3:30:41,1,e6048bc778d2401581bd1f63d9b59e5c
1785695457.804,2026-08-02 12:30:57.804121,201,8c3874de92d64b6c8b823255d9d2919c,start,rule1_continuous_disagreement,2:46,2,46,video,radar,1785695452.751,,5.053,300.0,fisheye,"detector '2' ON, detector '46' OFF for 5.053s (threshold=5.0s)",2:17:46,0,
1785695463.655,2026-08-02 12:31:03.654684,201,85af15ae158f4ec78d7f0bf47561f334,start,rule2_orphan_pulse,3:30,30,3,video,video,1785695456.051,1785695458.567,2.515,17.515,fisheye,"orphan on detector '3': orphan pulse duration=2.515s window=[1785695451.051, 1785695463.567]",3:30:41,0,
1785695463.658,2026-08-02 12:31:03.658492,201,00355d4531434969b16d0bd5dbef0432,start,rule2_orphan_pulse,3:41,3,41,video,radar,1785695456.051,1785695458.567,2.515,17.515,fisheye,"orphan on detector '3': orphan pulse duration=2.515s window=[1785695451.051, 1785695463.567]",3:30:41,1,85af15ae158f4ec78d7f0bf47561f334
1785695466.886,2026-08-02 12:31:06.886409,201,8c3874de92d64b6c8b823255d9d2919c,stop,rule1_continuous_disagreement,2:46,2,46,video,radar,,,0.0,300.0,fisheye,Rule 1 recording stopped after 5.0s post-roll,2:17:46,0,
1785695473.964,2026-08-02 12:31:13.964418,201,c85bfbb7d3484b61bfe7601f94d208d9,start,rule2_orphan_pulse,3:30,30,3,video,video,1785695465.666,1785695468.865,3.199,18.198999999999998,fisheye,"orphan on detector '3': orphan pulse duration=3.199s window=[1785695460.666, 1785695473.865]",3:30:41,0,
1785695473.964,2026-08-02 12:31:13.964418,201,d607ef19725f48f6b4112355d594f7a9,start,rule2_orphan_pulse,3:41,3,41,video,radar,1785695465.666,1785695468.865,3.199,18.198999999999998,fisheye,"orphan on detector '3': orphan pulse duration=3.199s window=[1785695460.666, 1785695473.865]",3:30:41,1,c85bfbb7d3484b61bfe7601f94d208d9
1785695502.920,2026-08-02 12:31:42.920226,201,97cd48b26bc24300ad3478db0956beea,stop,rule1_continuous_disagreement,22:39,39,22,radar,video,,,0.0,300.0,fisheye,Rule 1 recording stopped after 5.0s post-roll,4:22:39,0,
1785695553.636,2026-08-02 12:32:33.635732,201,d3939f0b48724fedbc37602e29c62442,start,rule1_continuous_disagreement,42:8,8,42,video,radar,1785695548.583,,5.053,300.0,fisheye,"detector '8' ON, detector '42' OFF for 5.053s (threshold=5.0s)",8:31:42,0,
1785695559.187,2026-08-02 12:32:39.187378,201,d3939f0b48724fedbc37602e29c62442,stop,rule1_continuous_disagreement,42:8,8,42,video,radar,,,0.0,300.0,fisheye,Rule 1 recording stopped after 5.0s post-roll,8:31:42,0,
1785695602.556,2026-08-02 12:33:22.556081,201,9a9c869b7b3b4debb8271797d605116b,start,rule2_orphan_pulse,31:8,31,8,video,video,1785695596.569,1785695597.550,0.981,15.981,fisheye,"orphan on detector '8': orphan pulse duration=0.981s window=[1785695591.569, 1785695602.550]",8:31:42,0,
1785695602.558,2026-08-02 12:33:22.557715,201,2ae6c2bc90f3401b803eff1e3281453c,start,rule2_orphan_pulse,42:8,8,42,video,radar,1785695596.569,1785695597.550,0.981,15.981,fisheye,"orphan on detector '8': orphan pulse duration=0.981s window=[1785695591.569, 1785695602.550]",8:31:42,1,9a9c869b7b3b4debb8271797d605116b
1785695606.295,2026-08-02 12:33:26.294638,201,2000b0a455ec43fdb244c9bf26145660,start,rule2_orphan_pulse,29:43,43,29,radar,video,1785695597.550,1785695601.202,3.652,18.652,fisheye,"orphan on detector '43': orphan pulse duration=3.652s window=[1785695592.550, 1785695606.202]",29:43,0,
1785695620.621,2026-08-02 12:33:40.620539,201,8e9ee2a001c6436ca43679b2d9c45302,start,rule2_orphan_pulse,26:33,33,26,radar,video,1785695613.951,1785695615.552,1.6,16.6,fisheye,"orphan on detector '26': orphan pulse duration=1.6s window=[1785695608.951, 1785695620.552]",26:33,0,
1785695634.141,2026-08-02 12:33:54.141223,201,381f107465f945a5a6f4f0932712ff91,start,rule1_continuous_disagreement,22:39,39,22,radar,video,1785695629.101,,5.04,300.0,fisheye,"detector '39' ON, detector '22' OFF for 5.04s (threshold=5.0s)",4:22:39,0,
1785695634.143,2026-08-02 12:33:54.143236,201,adb0514ca55644d6aa0be09758ed7c62,start,rule1_continuous_disagreement,39:4,4,39,video,radar,1785695629.101,,5.042,300.0,fisheye,"detector '39' ON, detector '4' OFF for 5.042s (threshold=5.0s)",4:22:39,1,381f107465f945a5a6f4f0932712ff91
1785695646.845,2026-08-02 12:34:06.845145,201,c3ba369422d842e5bad2d30690b968fd,start,rule2_orphan_pulse,31:8,31,8,video,video,1785695640.181,1785695641.839,1.657,16.657,fisheye,"orphan on detector '8': orphan pulse duration=1.657s window=[1785695635.181, 1785695646.839]",8:31:42,0,
1785695646.845,2026-08-02 12:34:06.845145,201,4bff4c1f03424fa992add7a3c1150b49,start,rule2_orphan_pulse,42:8,8,42,video,radar,1785695640.181,1785695641.839,1.657,16.657,fisheye,"orphan on detector '8': orphan pulse duration=1.657s window=[1785695635.181, 1785695646.839]",8:31:42,1,c3ba369422d842e5bad2d30690b968fd
1785695654.016,2026-08-02 12:34:14.015754,201,60b9e6364430475893c4175fd89af2c4,start,rule2_orphan_pulse,29:43,43,29,radar,video,1785695646.554,1785695648.939,2.384,17.384,fisheye,"orphan on detector '43': orphan pulse duration=2.384s window=[1785695641.554, 1785695653.939]",29:43,0,
1785695660.582,2026-08-02 12:34:20.581595,201,381f107465f945a5a6f4f0932712ff91,stop,rule1_continuous_disagreement,22:39,39,22,radar,video,,,0.0,300.0,fisheye,Rule 1 recording stopped after 5.1s post-roll,4:22:39,0,
1785695666.528,2026-08-02 12:34:26.527550,201,449afcec96dc48e1ae17c804cb348de2,start,rule2_orphan_pulse,31:8,31,8,video,video,1785695660.240,1785695661.511,1.271,16.271,fisheye,"orphan on detector '8': orphan pulse duration=1.271s window=[1785695655.240, 1785695666.511]",8:31:42,0,
1785695666.533,2026-08-02 12:34:26.533376,201,f6c6a23aed8347a499333d6c009ee0b3,start,rule2_orphan_pulse,42:8,8,42,video,radar,1785695660.240,1785695661.511,1.271,16.271,fisheye,"orphan on detector '8': orphan pulse duration=1.271s window=[1785695655.240, 1785695666.511]",8:31:42,1,449afcec96dc48e1ae17c804cb348de2
1785695692.972,2026-08-02 12:34:52.971669,201,75e54dcc36a54dc696a3e21ffa9b0f35,start,rule2_orphan_pulse,3:30,30,3,video,video,1785695684.623,1785695687.904,3.281,18.281,fisheye,"orphan on detector '3': orphan pulse duration=3.281s window=[1785695679.623, 1785695692.904]",3:30:41,0,
1785695692.974,2026-08-02 12:34:52.973752,201,63066d1c370749bc81e4bc8b476c9515,start,rule2_orphan_pulse,3:41,3,41,video,radar,1785695684.623,1785695687.904,3.281,18.281,fisheye,"orphan on detector '3': orphan pulse duration=3.281s window=[1785695679.623, 1785695692.904]",3:30:41,1,75e54dcc36a54dc696a3e21ffa9b0f35
1785695756.417,2026-08-02 12:35:56.416908,201,df13e9064612436d92bfc84d3dc63789,start,rule2_orphan_pulse,30:41,41,30,radar,video,1785695750.126,1785695751.417,1.291,16.291,fisheye,"orphan on detector '30': orphan pulse duration=1.291s window=[1785695745.126, 1785695756.417]",3:30:41,0,
1785695756.421,2026-08-02 12:35:56.420710,201,b596fe6d709040f093cba2a2af2ff271,start,rule2_orphan_pulse,3:30,30,3,video,video,1785695750.126,1785695751.417,1.291,16.291,fisheye,"orphan on detector '30': orphan pulse duration=1.291s window=[1785695745.126, 1785695756.417]",3:30:41,1,df13e9064612436d92bfc84d3dc63789
1785695772.063,2026-08-02 12:36:12.062875,201,f149436992e94b16936620c57d68e0bf,start,rule2_orphan_pulse,31:8,31,8,video,video,1785695765.975,1785695766.972,0.997,15.997,fisheye,"orphan on detector '8': orphan pulse duration=0.997s window=[1785695760.975, 1785695771.972]",8:31:42,0,
1785695772.066,2026-08-02 12:36:12.066090,201,99db4638e9c1432bbccb50eab3b7717d,start,rule2_orphan_pulse,42:8,8,42,video,radar,1785695765.975,1785695766.972,0.997,15.997,fisheye,"orphan on detector '8': orphan pulse duration=0.997s window=[1785695760.975, 1785695771.972]",8:31:42,1,f149436992e94b16936620c57d68e0bf
1785695775.709,2026-08-02 12:36:15.708860,201,ac9be680290749848c32f04ab9de13b0,start,rule2_orphan_pulse,29:43,43,29,radar,video,1785695767.626,1785695770.625,2.999,17.999000000000002,fisheye,"orphan on detector '43': orphan pulse duration=2.999s window=[1785695762.626, 1785695775.625]",29:43,0,
1785695819.005,2026-08-02 12:36:59.004708,201,095e090f218c4f68ad4f7ae108a436de,start,rule2_orphan_pulse,42:8,8,42,video,radar,1785695809.102,1785695813.967,4.865,19.865000000000002,fisheye,"orphan on detector '8': orphan pulse duration=4.865s window=[1785695804.102, 1785695818.967]",8:31:42,0,
1785695830.142,2026-08-02 12:37:10.142336,201,027b91afe2664e55880ce20c4bb5cfe3,start,rule2_orphan_pulse,31:42,42,31,radar,video,1785695824.449,1785695825.114,0.664,15.664,fisheye,"orphan on detector '31': orphan pulse duration=0.664s window=[1785695819.449, 1785695830.114]",8:31:42,0,
1785695831.267,2026-08-02 12:37:11.266599,201,21d521607d3642409c2ed06b179eac3d,start,rule1_continuous_disagreement,31:8,31,8,video,video,1785695826.211,,5.056,300.0,fisheye,"detector '8' ON, detector '31' OFF for 5.056s (threshold=5.0s)",8:31:42,0,
1785695831.268,2026-08-02 12:37:11.268154,201,e4341f44664146989aa54baf762fba1c,start,rule1_continuous_disagreement,42:8,8,42,video,radar,1785695826.210,,5.058,300.0,fisheye,"detector '8' ON, detector '42' OFF for 5.058s (threshold=5.0s)",8:31:42,1,21d521607d3642409c2ed06b179eac3d
1785695838.537,2026-08-02 12:37:18.537047,201,21d521607d3642409c2ed06b179eac3d,stop,rule1_continuous_disagreement,31:8,31,8,video,video,,,0.0,300.0,fisheye,Rule 1 recording stopped after 5.0s post-roll,8:31:42,0,
1785696006.854,2026-08-02 12:40:06.854152,201,59c0a4c87dee48d08b2f29c60540df10,start,rule2_orphan_pulse,3:30,30,3,video,video,1785695999.211,1785696001.848,2.637,17.637,fisheye,"orphan on detector '3': orphan pulse duration=2.637s window=[1785695994.211, 1785696006.848]",3:30:41,0,
1785696006.856,2026-08-02 12:40:06.856335,201,75ee037a9f394987b1cdc62608a119f2,start,rule2_orphan_pulse,3:41,3,41,video,radar,1785695999.211,1785696001.848,2.637,17.637,fisheye,"orphan on detector '3': orphan pulse duration=2.637s window=[1785695994.211, 1785696006.848]",3:30:41,1,59c0a4c87dee48d08b2f29c60540df10
1785696128.496,2026-08-02 12:42:08.495970,201,74a010641fe6440daec2bdc27d0ae8f2,start,rule1_continuous_disagreement,2:46,2,46,video,radar,1785696123.454,,5.042,300.0,fisheye,"detector '2' ON, detector '46' OFF for 5.042s (threshold=5.0s)",2:17:46,0,
1785696132.842,2026-08-02 12:42:12.841643,201,1004125bc1934d7397980119addffe0a,start,rule1_continuous_disagreement,31:8,31,8,video,video,1785696127.792,,5.05,300.0,fisheye,"detector '8' ON, detector '31' OFF for 5.05s (threshold=5.0s)",8:31:42,0,
1785696132.844,2026-08-02 12:42:12.843647,201,dab157dbf0d14a79b652e5d3167218f9,start,rule1_continuous_disagreement,42:8,8,42,video,radar,1785696127.792,,5.052,300.0,fisheye,"detector '8' ON, detector '42' OFF for 5.052s (threshold=5.0s)",8:31:42,1,1004125bc1934d7397980119addffe0a
1785696133.457,2026-08-02 12:42:13.457458,201,c6bc8de8e77b492f81023162b2bbfaa1,start,rule1_continuous_disagreement,17:46,46,17,radar,video,1785696128.395,,5.062,300.0,fisheye,"detector '17' ON, detector '46' OFF for 5.062s (threshold=5.0s)",2:17:46,0,
1785696138.807,2026-08-02 12:42:18.806972,201,1004125bc1934d7397980119addffe0a,stop,rule1_continuous_disagreement,31:8,31,8,video,video,,,0.0,300.0,fisheye,Rule 1 recording stopped after 5.0s post-roll,8:31:42,0,
1785696183.194,2026-08-02 12:43:03.194352,201,b6f9d51120d4468298fb9ca595079f0d,start,rule2_orphan_pulse,31:42,42,31,radar,video,1785696177.432,1785696178.102,0.67,15.67,fisheye,"orphan on detector '31': orphan pulse duration=0.67s window=[1785696172.432, 1785696183.102]",8:31:42,0,
1785696188.540,2026-08-02 12:43:08.539821,201,ece31856cbd7476c870bf8160d459ca2,start,rule2_orphan_pulse,22:39,39,22,radar,video,1785696182.492,1785696183.467,0.975,15.975,fisheye,"orphan on detector '39': orphan pulse duration=0.975s window=[1785696177.492, 1785696188.467]",4:22:39,0,
1785696188.542,2026-08-02 12:43:08.541854,201,6d075a69ec39478a9e49399a6265237b,start,rule2_orphan_pulse,39:4,4,39,video,radar,1785696182.492,1785696183.467,0.975,15.975,fisheye,"orphan on detector '39': orphan pulse duration=0.975s window=[1785696177.492, 1785696188.467]",4:22:39,1,ece31856cbd7476c870bf8160d459ca2
1785696196.514,2026-08-02 12:43:16.514011,201,f3bd5530d7d749089decb0cb13b704ec,start,rule2_orphan_pulse,22:39,39,22,radar,video,1785696190.491,1785696191.498,1.007,16.006999999999998,fisheye,"orphan on detector '39': orphan pulse duration=1.007s window=[1785696185.491, 1785696196.498]",4:22:39,0,
1785696196.516,2026-08-02 12:43:16.516076,201,d808fa6d5dc64378ac61ac9c5a2bc9b6,start,rule2_orphan_pulse,39:4,4,39,video,radar,1785696190.491,1785696191.498,1.007,16.006999999999998,fisheye,"orphan on detector '39': orphan pulse duration=1.007s window=[1785696185.491, 1785696196.498]",4:22:39,1,f3bd5530d7d749089decb0cb13b704ec
1785696203.977,2026-08-02 12:43:23.976663,201,b5260fed821c4cd9a4f052524ad47479,start,rule1_continuous_disagreement,30:41,41,30,radar,video,1785696198.932,,5.045,300.0,fisheye,"detector '41' ON, detector '30' OFF for 5.045s (threshold=5.0s)",3:30:41,0,
1785696209.724,2026-08-02 12:43:29.724411,201,b5260fed821c4cd9a4f052524ad47479,stop,rule1_continuous_disagreement,30:41,41,30,radar,video,,,0.0,300.0,fisheye,Rule 1 recording stopped after 5.0s post-roll,3:30:41,0,
1785696243.893,2026-08-02 12:44:03.893113,201,756dfe8ab965479ab721d00c11ea87ae,start,rule1_continuous_disagreement,31:8,31,8,video,video,1785696238.846,,5.047,300.0,fisheye,"detector '8' ON, detector '31' OFF for 5.047s (threshold=5.0s)",8:31:42,0,
1785696243.893,2026-08-02 12:44:03.893113,201,4d6fb76f0b7249a8991b37909aeebb5c,start,rule1_continuous_disagreement,42:8,8,42,video,radar,1785696238.846,,5.047,300.0,fisheye,"detector '8' ON, detector '42' OFF for 5.047s (threshold=5.0s)",8:31:42,1,756dfe8ab965479ab721d00c11ea87ae
1785696249.033,2026-08-02 12:44:09.033438,201,756dfe8ab965479ab721d00c11ea87ae,stop,rule1_continuous_disagreement,31:8,31,8,video,video,,,0.0,300.0,fisheye,Rule 1 recording stopped after 5.0s post-roll,8:31:42,0,
1785696261.574,2026-08-02 12:44:21.574211,201,7e0d41ad5ef64085af80c1a41edcf569,start,rule1_continuous_disagreement,22:39,39,22,radar,video,1785696256.526,,5.048,300.0,fisheye,"detector '39' ON, detector '22' OFF for 5.048s (threshold=5.0s)",4:22:39,0,
1785696261.576,2026-08-02 12:44:21.576238,201,662897945c2a412c8e60ccface1b4ea6,start,rule1_continuous_disagreement,39:4,4,39,video,radar,1785696256.526,,5.05,300.0,fisheye,"detector '39' ON, detector '4' OFF for 5.05s (threshold=5.0s)",4:22:39,1,7e0d41ad5ef64085af80c1a41edcf569
1785696272.292,2026-08-02 12:44:32.292240,201,2ab2e907a750498cb41b7d3f99b5be7c,start,rule1_continuous_disagreement,31:8,31,8,video,video,1785696267.250,,5.042,300.0,fisheye,"detector '8' ON, detector '31' OFF for 5.042s (threshold=5.0s)",8:31:42,0,
1785696277.949,2026-08-02 12:44:37.949322,201,2ab2e907a750498cb41b7d3f99b5be7c,stop,rule1_continuous_disagreement,31:8,31,8,video,video,,,0.0,300.0,fisheye,Rule 1 recording stopped after 5.0s post-roll,8:31:42,0,
1785696279.265,2026-08-02 12:44:39.265027,201,c6bc8de8e77b492f81023162b2bbfaa1,stop,rule1_continuous_disagreement,17:46,46,17,radar,video,,,0.0,300.0,fisheye,Rule 1 recording stopped after 5.1s post-roll,2:17:46,0,
1785696284.509,2026-08-02 12:44:44.508832,201,74a010641fe6440daec2bdc27d0ae8f2,stop,rule1_continuous_disagreement,2:46,2,46,video,radar,,,0.0,300.0,fisheye,Rule 1 recording stopped after 5.0s post-roll,2:17:46,0,
1785696288.237,2026-08-02 12:44:48.236954,201,f553efa9223d41d58f22c5cd20f44999,start,rule1_continuous_disagreement,42:8,8,42,video,radar,1785696283.197,,5.04,300.0,fisheye,"detector '8' ON, detector '42' OFF for 5.04s (threshold=5.0s)",8:31:42,0,
1785696295.405,2026-08-02 12:44:55.405348,201,f553efa9223d41d58f22c5cd20f44999,stop,rule1_continuous_disagreement,42:8,8,42,video,radar,,,0.0,300.0,fisheye,Rule 1 recording stopped after 5.1s post-roll,8:31:42,0,
1785696305.405,2026-08-02 12:45:05.405156,201,7e0d41ad5ef64085af80c1a41edcf569,stop,rule1_continuous_disagreement,22:39,39,22,radar,video,,,0.0,300.0,fisheye,Rule 1 recording stopped after 5.1s post-roll,4:22:39,0,
1785696319.839,2026-08-02 12:45:19.839211,201,d245c5bec32645d7bdfcfb7c929dad51,start,rule1_continuous_disagreement,30:41,41,30,radar,video,1785696314.793,,5.046,300.0,fisheye,"detector '30' ON, detector '41' OFF for 5.046s (threshold=5.0s)",3:30:41,0,
1785696319.842,2026-08-02 12:45:19.842107,201,38b25e7d50574d05aab6419763a1add9,start,rule1_continuous_disagreement,3:41,3,41,video,radar,1785696314.793,,5.049,300.0,fisheye,"detector '3' ON, detector '41' OFF for 5.049s (threshold=5.0s)",3:30:41,1,d245c5bec32645d7bdfcfb7c929dad51
1785696360.990,2026-08-02 12:46:00.989984,201,be17e9282ed24463b1e3772b18ad1227,start,rule1_continuous_disagreement,42:8,8,42,video,radar,1785696355.945,,5.045,300.0,fisheye,"detector '8' ON, detector '42' OFF for 5.045s (threshold=5.0s)",8:31:42,0,
1785696374.329,2026-08-02 12:46:14.329223,201,be17e9282ed24463b1e3772b18ad1227,stop,rule1_continuous_disagreement,42:8,8,42,video,radar,,,0.0,300.0,fisheye,Rule 1 recording stopped after 5.1s post-roll,8:31:42,0,
1785696382.114,2026-08-02 12:46:22.114338,201,783a7b862db240fdbe74d5f0137d3f38,start,rule1_continuous_disagreement,17:46,46,17,radar,video,1785696377.059,,5.055,300.0,fisheye,"detector '17' ON, detector '46' OFF for 5.055s (threshold=5.0s)",2:17:46,0,
1785696382.114,2026-08-02 12:46:22.114338,201,3a725838e237421b9c43b1fc035f6adc,start,rule1_continuous_disagreement,2:46,2,46,video,radar,1785696377.059,,5.055,300.0,fisheye,"detector '2' ON, detector '46' OFF for 5.055s (threshold=5.0s)",2:17:46,1,783a7b862db240fdbe74d5f0137d3f38
1785696387.879,2026-08-02 12:46:27.879033,201,d245c5bec32645d7bdfcfb7c929dad51,stop,rule1_continuous_disagreement,30:41,41,30,radar,video,,,0.0,300.0,fisheye,Rule 1 recording stopped after 5.0s post-roll,3:30:41,0,
1785696408.973,2026-08-02 12:46:48.972570,201,a85136e10d1f4126a5eac7d9508fcb32,start,rule2_orphan_pulse,3:30,30,3,video,video,1785696399.721,1785696403.957,4.236,19.236,fisheye,"orphan on detector '3': orphan pulse duration=4.236s window=[1785696394.721, 1785696408.957]",3:30:41,0,
1785696408.977,2026-08-02 12:46:48.976592,201,a976b25cc75c48ca81032de07a0518d7,start,rule2_orphan_pulse,3:41,3,41,video,radar,1785696399.721,1785696403.957,4.236,19.236,fisheye,"orphan on detector '3': orphan pulse duration=4.236s window=[1785696394.721, 1785696408.957]",3:30:41,1,a85136e10d1f4126a5eac7d9508fcb32
1785696416.152,2026-08-02 12:46:56.152211,201,94a141bf58ca40bab0bd7d202939e1fb,start,rule2_orphan_pulse,38:7,7,38,video,radar,1785696410.133,1785696411.077,0.945,15.945,fisheye,"orphan on detector '7': orphan pulse duration=0.945s window=[1785696405.133, 1785696416.077]",7:24:38,0,
1785696449.260,2026-08-02 12:47:29.260475,201,783a7b862db240fdbe74d5f0137d3f38,stop,rule1_continuous_disagreement,17:46,46,17,radar,video,,,0.0,300.0,fisheye,Rule 1 recording stopped after 5.0s post-roll,2:17:46,0,
1785696477.700,2026-08-02 12:47:57.699762,201,2206037fe251454291b3fcff47c9acae,start,rule2_orphan_pulse,29:43,43,29,radar,video,1785696471.336,1785696472.638,1.302,16.302,fisheye,"orphan on detector '43': orphan pulse duration=1.302s window=[1785696466.336, 1785696477.638]",29:43,0,
1785696494.041,2026-08-02 12:48:14.040529,201,144787d3873947299675a66aa1d1fca7,start,rule1_continuous_disagreement,30:41,41,30,radar,video,1785696488.994,,5.047,300.0,fisheye,"detector '30' ON, detector '41' OFF for 5.047s (threshold=5.0s)",3:30:41,0,
1785696494.045,2026-08-02 12:48:14.045098,201,f625b36b4e944ec9a694eca9f80383e1,start,rule1_continuous_disagreement,3:41,3,41,video,radar,1785696488.993,,5.052,300.0,fisheye,"detector '3' ON, detector '41' OFF for 5.052s (threshold=5.0s)",3:30:41,1,144787d3873947299675a66aa1d1fca7
1785696594.084,2026-08-02 12:49:54.084006,201,50dde385c8da43dbbd3dadae557fe907,start,rule2_orphan_pulse,29:43,43,29,radar,video,1785696588.396,1785696589.062,0.666,15.666,fisheye,"orphan on detector '29': orphan pulse duration=0.666s window=[1785696583.396, 1785696594.062]",29:43,0,
1785696594.191,2026-08-02 12:49:54.191493,201,144787d3873947299675a66aa1d1fca7,stop,rule1_continuous_disagreement,30:41,41,30,radar,video,,,0.0,300.0,fisheye,Rule 1 recording stopped after 5.0s post-roll,3:30:41,0,
1785696605.082,2026-08-02 12:50:05.082181,201,cc39bf28520a4ead8beee6a5ef68558e,start,rule1_continuous_disagreement,31:42,42,31,radar,video,1785696600.042,,5.04,300.0,fisheye,"detector '31' ON, detector '42' OFF for 5.04s (threshold=5.0s)",8:31:42,0,
1785696605.085,2026-08-02 12:50:05.084862,201,d9c8018a12db45628ea740e648182d80,start,rule1_continuous_disagreement,42:8,8,42,video,radar,1785696600.042,,5.043,300.0,fisheye,"detector '8' ON, detector '42' OFF for 5.043s (threshold=5.0s)",8:31:42,1,cc39bf28520a4ead8beee6a5ef68558e
1785696633.561,2026-08-02 12:50:33.560742,201,cc39bf28520a4ead8beee6a5ef68558e,stop,rule1_continuous_disagreement,31:42,42,31,radar,video,,,0.0,300.0,fisheye,Rule 1 recording stopped after 5.0s post-roll,8:31:42,0,
1785696641.632,2026-08-02 12:50:41.631742,201,4f592a34c9d74fad88d7e123b8e36e58,start,rule2_orphan_pulse,3:30,30,3,video,video,1785696633.315,1785696636.555,3.24,18.240000000000002,fisheye,"orphan on detector '3': orphan pulse duration=3.24s window=[1785696628.315, 1785696641.555]",3:30:41,0,
1785696641.633,2026-08-02 12:50:41.632855,201,e47f83e8e00e4e05a1fb5eaaeb8fd27f,start,rule2_orphan_pulse,3:41,3,41,video,radar,1785696633.315,1785696636.555,3.24,18.240000000000002,fisheye,"orphan on detector '3': orphan pulse duration=3.24s window=[1785696628.315, 1785696641.555]",3:30:41,1,4f592a34c9d74fad88d7e123b8e36e58
1785696643.246,2026-08-02 12:50:43.245887,201,73b44adcf99c4f5a80cc79c610a8c679,start,rule2_orphan_pulse,29:43,43,29,radar,video,1785696636.888,1785696638.216,1.327,16.326999999999998,fisheye,"orphan on detector '43': orphan pulse duration=1.327s window=[1785696631.888, 1785696643.216]",29:43,0,
1785696653.734,2026-08-02 12:50:53.733664,201,33bb487303ba436c918ad48f500c4463,start,rule2_orphan_pulse,3:30,30,3,video,video,1785696646.078,1785696648.698,2.619,17.619,fisheye,"orphan on detector '3': orphan pulse duration=2.619s window=[1785696641.078, 1785696653.698]",3:30:41,0,
1785696653.736,2026-08-02 12:50:53.735692,201,34c5c092fd694384bd00052f51e0c581,start,rule2_orphan_pulse,3:41,3,41,video,radar,1785696646.078,1785696648.698,2.619,17.619,fisheye,"orphan on detector '3': orphan pulse duration=2.619s window=[1785696641.078, 1785696653.698]",3:30:41,1,33bb487303ba436c918ad48f500c4463
1785696680.078,2026-08-02 12:51:20.078083,201,a163292c2d0a4a8689581d8d10c30dea,start,rule2_orphan_pulse,3:30,30,3,video,video,1785696671.822,1785696675.053,3.23,18.23,fisheye,"orphan on detector '3': orphan pulse duration=3.23s window=[1785696666.822, 1785696680.053]",3:30:41,0,
1785696680.086,2026-08-02 12:51:20.085676,201,d4c6d08ea1674f039ba9eb69a64886aa,start,rule2_orphan_pulse,3:41,3,41,video,radar,1785696671.822,1785696675.053,3.23,18.23,fisheye,"orphan on detector '3': orphan pulse duration=3.23s window=[1785696666.822, 1785696680.053]",3:30:41,1,a163292c2d0a4a8689581d8d10c30dea
1785696708.315,2026-08-02 12:51:48.315137,201,e6d86a13acf9475197e89730c8102176,start,rule1_continuous_disagreement,29:43,43,29,radar,video,1785696703.272,,5.043,300.0,fisheye,"detector '43' ON, detector '29' OFF for 5.043s (threshold=5.0s)",29:43,0,
1785696784.276,2026-08-02 12:53:04.275830,201,e6d86a13acf9475197e89730c8102176,stop,rule1_continuous_disagreement,29:43,43,29,radar,video,,,0.0,300.0,fisheye,Rule 1 recording stopped after 5.0s post-roll,29:43,0,
1785696859.476,2026-08-02 12:54:19.475520,201,4448f007b5024d7ea086fd56edc7f936,start,rule2_orphan_pulse,3:30,30,3,video,video,1785696850.957,1785696854.415,3.458,18.458,fisheye,"orphan on detector '3': orphan pulse duration=3.458s window=[1785696845.957, 1785696859.415]",3:30:41,0,
1785696994.104,2026-08-02 12:56:34.103914,201,88abb2926c1c48db973e14bb5746ebbb,start,rule2_orphan_pulse,31:42,42,31,radar,video,1785696988.426,1785696989.086,0.66,15.66,fisheye,"orphan on detector '31': orphan pulse duration=0.66s window=[1785696983.426, 1785696994.086]",8:31:42,0,
1785696994.112,2026-08-02 12:56:34.111983,201,1bebf10178c04c5793c655363192c59d,start,rule2_orphan_pulse,31:8,31,8,video,video,1785696988.426,1785696989.086,0.66,15.66,fisheye,"orphan on detector '31': orphan pulse duration=0.66s window=[1785696983.426, 1785696994.086]",8:31:42,1,88abb2926c1c48db973e14bb5746ebbb
1785697021.737,2026-08-02 12:57:01.736551,201,19ba688fee08439b955827e75d6ec495,start,rule2_orphan_pulse,3:30,30,3,video,video,1785697014.423,1785697016.694,2.271,17.271,fisheye,"orphan on detector '3': orphan pulse duration=2.271s window=[1785697009.423, 1785697021.694]",3:30:41,0,
1785697021.739,2026-08-02 12:57:01.738586,201,65508f55d70741008d323faa0cca1f8b,start,rule2_orphan_pulse,3:41,3,41,video,radar,1785697014.423,1785697016.694,2.271,17.271,fisheye,"orphan on detector '3': orphan pulse duration=2.271s window=[1785697009.423, 1785697021.694]",3:30:41,1,19ba688fee08439b955827e75d6ec495
1785697058.986,2026-08-02 12:57:38.986006,201,690faa08d2704124b137091aea7b390c,start,rule2_orphan_pulse,42:8,8,42,video,radar,1785697051.631,1785697053.887,2.256,17.256,fisheye,"orphan on detector '8': orphan pulse duration=2.256s window=[1785697046.631, 1785697058.887]",8:31:42,0,
1785697121.772,2026-08-02 12:58:41.772400,201,a4ad864d62df4bb3afd26b062faef92f,start,rule2_orphan_pulse,29:43,43,29,radar,video,1785697114.377,1785697116.711,2.334,17.334,fisheye,"orphan on detector '29': orphan pulse duration=2.334s window=[1785697109.377, 1785697121.711]",29:43,0,
1785697129.350,2026-08-02 12:58:49.349969,201,b8c7b4aea730438fa41c3d4fb0c8965a,start,rule1_continuous_disagreement,31:42,42,31,radar,video,1785697124.300,,5.05,300.0,fisheye,"detector '31' ON, detector '42' OFF for 5.05s (threshold=5.0s)",8:31:42,0,
1785697129.353,2026-08-02 12:58:49.353162,201,48113b23685141e098f5ec54678f50a5,start,rule1_continuous_disagreement,42:8,8,42,video,radar,1785697124.299,,5.054,300.0,fisheye,"detector '8' ON, detector '42' OFF for 5.054s (threshold=5.0s)",8:31:42,1,b8c7b4aea730438fa41c3d4fb0c8965a
1785697157.502,2026-08-02 12:59:17.501504,201,b8c7b4aea730438fa41c3d4fb0c8965a,stop,rule1_continuous_disagreement,31:42,42,31,radar,video,,,0.0,300.0,fisheye,Rule 1 recording stopped after 5.0s post-roll,8:31:42,0,
1785697157.910,2026-08-02 12:59:17.910016,201,f0bb110001d94d8296d17f86d53d2138,start,rule1_continuous_disagreement,24:38,38,24,radar,video,1785697152.855,,5.055,300.0,fisheye,"detector '24' ON, detector '38' OFF for 5.055s (threshold=5.0s)",7:24:38,0,
1785697166.601,2026-08-02 12:59:26.600913,201,f0bb110001d94d8296d17f86d53d2138,stop,rule1_continuous_disagreement,24:38,38,24,radar,video,,,0.0,300.0,fisheye,Rule 1 recording stopped after 5.1s post-roll,7:24:38,0,
1785697293.891,2026-08-02 13:01:33.891385,201,3211662ae2d3467584bc16fce3409266,start,rule2_orphan_pulse,31:42,42,31,radar,video,1785697287.818,1785697288.815,0.997,15.997,fisheye,"orphan on detector '31': orphan pulse duration=0.997s window=[1785697282.818, 1785697293.815]",8:31:42,0,
1785697293.893,2026-08-02 13:01:33.893395,201,01eb39480be94456a64994fc90f4d878,start,rule2_orphan_pulse,31:8,31,8,video,video,1785697287.818,1785697288.815,0.997,15.997,fisheye,"orphan on detector '31': orphan pulse duration=0.997s window=[1785697282.818, 1785697293.815]",8:31:42,1,3211662ae2d3467584bc16fce3409266
1785697368.657,2026-08-02 13:02:48.657393,201,5fef20272ad74fd1904e3249d391ec92,start,rule1_continuous_disagreement,22:39,39,22,radar,video,1785697363.623,,5.034,300.0,fisheye,"detector '39' ON, detector '22' OFF for 5.034s (threshold=5.0s)",4:22:39,0,
1785697370.690,2026-08-02 13:02:50.689618,201,1befd7f640694f86ad52729d534bb201,start,rule1_continuous_disagreement,39:4,4,39,video,radar,1785697365.638,,5.052,300.0,fisheye,"detector '39' ON, detector '4' OFF for 5.052s (threshold=5.0s)",4:22:39,0,
1785697441.093,2026-08-02 13:04:01.093299,201,b4b741b805b84f74a008408fddde7e76,start,rule1_continuous_disagreement,17:46,46,17,radar,video,1785697436.044,,5.049,300.0,fisheye,"detector '17' ON, detector '46' OFF for 5.049s (threshold=5.0s)",2:17:46,0,
1785697441.099,2026-08-02 13:04:01.099442,201,7a877560e88340a3b0921dfbce06b3b3,start,rule1_continuous_disagreement,2:46,2,46,video,radar,1785697436.043,,5.056,300.0,fisheye,"detector '2' ON, detector '46' OFF for 5.056s (threshold=5.0s)",2:17:46,1,b4b741b805b84f74a008408fddde7e76
1785697450.368,2026-08-02 13:04:10.367658,201,b4b741b805b84f74a008408fddde7e76,stop,rule1_continuous_disagreement,17:46,46,17,radar,video,,,0.0,300.0,fisheye,Rule 1 recording stopped after 5.0s post-roll,2:17:46,0,
1785697475.383,2026-08-02 13:04:35.382990,201,01a194b2725c4954ac02053d92052d0b,start,rule1_continuous_disagreement,42:8,8,42,video,radar,1785697470.344,,5.039,300.0,fisheye,"detector '8' ON, detector '42' OFF for 5.039s (threshold=5.0s)",8:31:42,0,
1785697477.406,2026-08-02 13:04:37.406491,201,5fef20272ad74fd1904e3249d391ec92,stop,rule1_continuous_disagreement,22:39,39,22,radar,video,,,0.0,300.0,fisheye,Rule 1 recording stopped after 5.0s post-roll,4:22:39,0,
1785697477.412,2026-08-02 13:04:37.411945,201,1befd7f640694f86ad52729d534bb201,stop,rule1_continuous_disagreement,39:4,4,39,video,radar,,,0.0,300.0,fisheye,Rule 1 recording stopped after 5.1s post-roll,4:22:39,0,
1785697478.022,2026-08-02 13:04:38.021780,201,7791fbf0f89d4e6ebb830c6ff0d02960,start,rule1_continuous_disagreement,31:8,31,8,video,video,1785697472.963,,5.059,300.0,fisheye,"detector '8' ON, detector '31' OFF for 5.059s (threshold=5.0s)",8:31:42,0,
1785697483.473,2026-08-02 13:04:43.472984,201,01a194b2725c4954ac02053d92052d0b,stop,rule1_continuous_disagreement,42:8,8,42,video,radar,,,0.0,300.0,fisheye,Rule 1 recording stopped after 5.0s post-roll,8:31:42,0,
1785697484.491,2026-08-02 13:04:44.491082,201,7791fbf0f89d4e6ebb830c6ff0d02960,stop,rule1_continuous_disagreement,31:8,31,8,video,video,,,0.0,300.0,fisheye,Rule 1 recording stopped after 5.1s post-roll,8:31:42,0,
1785697532.934,2026-08-02 13:05:32.933698,201,c216e7c2825e44139ccb7e6220f0beb0,start,rule1_continuous_disagreement,31:42,42,31,radar,video,1785697527.903,,5.031,300.0,fisheye,"detector '42' ON, detector '31' OFF for 5.031s (threshold=5.0s)",8:31:42,0,
1785697538.084,2026-08-02 13:05:38.084489,201,c216e7c2825e44139ccb7e6220f0beb0,stop,rule1_continuous_disagreement,31:42,42,31,radar,video,,,0.0,300.0,fisheye,Rule 1 recording stopped after 5.0s post-roll,8:31:42,0,
1785697594.997,2026-08-02 13:06:34.996791,201,6ec4efd703384fa382d357f9faa8fef3,start,rule1_continuous_disagreement,31:8,31,8,video,video,1785697589.952,,5.045,300.0,fisheye,"detector '8' ON, detector '31' OFF for 5.045s (threshold=5.0s)",8:31:42,0,
1785697595.001,2026-08-02 13:06:35.000841,201,72940795f86c404cb989c6c9a510edc0,start,rule1_continuous_disagreement,42:8,8,42,video,radar,1785697589.952,,5.049,300.0,fisheye,"detector '8' ON, detector '42' OFF for 5.049s (threshold=5.0s)",8:31:42,1,6ec4efd703384fa382d357f9faa8fef3
1785697608.933,2026-08-02 13:06:48.933343,201,4ecce1894746431cbf9c9d9c595cac40,start,rule2_orphan_pulse,31:42,42,31,radar,video,1785697602.948,1785697603.921,0.974,15.974,fisheye,"orphan on detector '31': orphan pulse duration=0.974s window=[1785697597.948, 1785697608.921]",8:31:42,0,
1785697609.040,2026-08-02 13:06:49.040396,201,6ec4efd703384fa382d357f9faa8fef3,stop,rule1_continuous_disagreement,31:8,31,8,video,video,,,0.0,300.0,fisheye,Rule 1 recording stopped after 5.1s post-roll,8:31:42,0,
1785697678.545,2026-08-02 13:07:58.544547,201,34359106b1bd47868c5f425b9954db96,start,rule1_continuous_disagreement,22:39,39,22,radar,video,1785697673.495,,5.05,300.0,fisheye,"detector '39' ON, detector '22' OFF for 5.05s (threshold=5.0s)",4:22:39,0,
1785697678.545,2026-08-02 13:07:58.544547,201,178853dabc1147b495cd5058ea1b5031,start,rule1_continuous_disagreement,39:4,4,39,video,radar,1785697673.495,,5.05,300.0,fisheye,"detector '39' ON, detector '4' OFF for 5.05s (threshold=5.0s)",4:22:39,1,34359106b1bd47868c5f425b9954db96
1785697713.765,2026-08-02 13:08:33.765410,201,246b87d5a8ca41a89245a5b1cef1f99d,start,rule1_continuous_disagreement,24:38,38,24,radar,video,1785697708.722,,5.043,300.0,fisheye,"detector '24' ON, detector '38' OFF for 5.043s (threshold=5.0s)",7:24:38,0,
1785697714.473,2026-08-02 13:08:34.473113,201,34359106b1bd47868c5f425b9954db96,stop,rule1_continuous_disagreement,22:39,39,22,radar,video,,,0.0,300.0,fisheye,Rule 1 recording stopped after 5.0s post-roll,4:22:39,0,
1785697720.325,2026-08-02 13:08:40.325275,201,246b87d5a8ca41a89245a5b1cef1f99d,stop,rule1_continuous_disagreement,24:38,38,24,radar,video,,,0.0,300.0,fisheye,Rule 1 recording stopped after 5.0s post-roll,7:24:38,0,
1785697749.572,2026-08-02 13:09:09.572322,201,57b7a31a370e49a5ac2c767d64794dc6,start,rule1_continuous_disagreement,17:46,46,17,radar,video,1785697744.530,,5.042,300.0,fisheye,"detector '17' ON, detector '46' OFF for 5.042s (threshold=5.0s)",2:17:46,0,
1785697749.579,2026-08-02 13:09:09.578504,201,efaeeeb56e7144fcbb6b00bea3682ac9,start,rule1_continuous_disagreement,2:46,2,46,video,radar,1785697744.531,,5.048,300.0,fisheye,"detector '2' ON, detector '46' OFF for 5.048s (threshold=5.0s)",2:17:46,1,57b7a31a370e49a5ac2c767d64794dc6
1785697798.292,2026-08-02 13:09:58.291756,201,57b7a31a370e49a5ac2c767d64794dc6,stop,rule1_continuous_disagreement,17:46,46,17,radar,video,,,0.0,300.0,fisheye,Rule 1 recording stopped after 5.0s post-roll,2:17:46,0,
1785697801.228,2026-08-02 13:10:01.228195,201,3a129d1a20da43efbce789c089839507,start,rule1_continuous_disagreement,31:8,31,8,video,video,1785697796.174,,5.054,300.0,fisheye,"detector '8' ON, detector '31' OFF for 5.054s (threshold=5.0s)",8:31:42,0,
1785697807.686,2026-08-02 13:10:07.685806,201,3a129d1a20da43efbce789c089839507,stop,rule1_continuous_disagreement,31:8,31,8,video,video,,,0.0,300.0,fisheye,Rule 1 recording stopped after 5.0s post-roll,8:31:42,0,
1785697812.928,2026-08-02 13:10:12.927782,201,8a02b9c9575749a29e47bffa1013dff8,start,rule1_continuous_disagreement,30:41,41,30,radar,video,1785697807.890,,5.038,300.0,fisheye,"detector '30' ON, detector '41' OFF for 5.038s (threshold=5.0s)",3:30:41,0,
1785697812.932,2026-08-02 13:10:12.931660,201,a525c6376f7a49a1b8ea892861d1c9cf,start,rule1_continuous_disagreement,3:41,3,41,video,radar,1785697807.890,,5.042,300.0,fisheye,"detector '3' ON, detector '41' OFF for 5.042s (threshold=5.0s)",3:30:41,1,8a02b9c9575749a29e47bffa1013dff8
1785697831.901,2026-08-02 13:10:31.900575,201,eda3e2c453fe4ca1aec337ae5512903e,start,rule1_continuous_disagreement,26:33,33,26,radar,video,1785697826.856,,5.045,300.0,fisheye,"detector '26' ON, detector '33' OFF for 5.045s (threshold=5.0s)",26:33,0,
1785697853.104,2026-08-02 13:10:53.104337,201,eda3e2c453fe4ca1aec337ae5512903e,stop,rule1_continuous_disagreement,26:33,33,26,radar,video,,,0.0,300.0,fisheye,Rule 1 recording stopped after 5.1s post-roll,26:33,0,
1785697877.938,2026-08-02 13:11:17.937542,201,63bf1ef850934e39841fa7224884fbc3,start,rule1_continuous_disagreement,39:4,4,39,video,radar,1785697872.878,,5.06,300.0,fisheye,"detector '39' ON, detector '4' OFF for 5.06s (threshold=5.0s)",4:22:39,0,
1785697883.906,2026-08-02 13:11:23.905882,201,63bf1ef850934e39841fa7224884fbc3,stop,rule1_continuous_disagreement,39:4,4,39,video,radar,,,0.0,300.0,fisheye,Rule 1 recording stopped after 5.1s post-roll,4:22:39,0,
1785697886.941,2026-08-02 13:11:26.941282,201,4de55dab058f403ba0bef895955f8828,start,rule2_orphan_pulse,31:42,42,31,radar,video,1785697880.524,1785697881.872,1.348,16.348,fisheye,"orphan on detector '31': orphan pulse duration=1.348s window=[1785697875.524, 1785697886.872]",8:31:42,0,
1785697898.854,2026-08-02 13:11:38.853555,201,8a02b9c9575749a29e47bffa1013dff8,stop,rule1_continuous_disagreement,30:41,41,30,radar,video,,,0.0,300.0,fisheye,Rule 1 recording stopped after 5.0s post-roll,3:30:41,0,
1785697903.194,2026-08-02 13:11:43.193864,201,64b3a3369db5414e9a79ef905f73dd8b,start,rule2_orphan_pulse,29:43,43,29,radar,video,1785697896.118,1785697898.149,2.031,17.031,fisheye,"orphan on detector '29': orphan pulse duration=2.031s window=[1785697891.118, 1785697903.149]",29:43,0,
1785697935.766,2026-08-02 13:12:15.766468,201,88cc651672e8493795d2e5a56ecb0e2e,start,rule1_continuous_disagreement,24:7,24,7,video,video,1785697930.719,,5.047,300.0,fisheye,"detector '24' ON, detector '7' OFF for 5.047s (threshold=5.0s)",7:24:38,0,
1785697942.121,2026-08-02 13:12:22.121071,201,88cc651672e8493795d2e5a56ecb0e2e,stop,rule1_continuous_disagreement,24:7,24,7,video,video,,,0.0,300.0,fisheye,Rule 1 recording stopped after 5.0s post-roll,7:24:38,0,
1785697959.978,2026-08-02 13:12:39.977541,201,51ccd0a2ecb5443697395a7198f16146,start,rule1_continuous_disagreement,31:8,31,8,video,video,1785697954.929,,5.049,300.0,fisheye,"detector '8' ON, detector '31' OFF for 5.049s (threshold=5.0s)",8:31:42,0,
1785697959.980,2026-08-02 13:12:39.979547,201,7a29a957633f49cd89ee025b99f67651,start,rule1_continuous_disagreement,42:8,8,42,video,radar,1785697954.928,,5.052,300.0,fisheye,"detector '8' ON, detector '42' OFF for 5.052s (threshold=5.0s)",8:31:42,1,51ccd0a2ecb5443697395a7198f16146
1785697966.035,2026-08-02 13:12:46.034862,201,6a07b59c6e0f4e53946f04d119f59467,start,rule2_orphan_pulse,31:42,42,31,radar,video,1785697960.270,1785697960.968,0.698,15.698,fisheye,"orphan on detector '31': orphan pulse duration=0.698s window=[1785697955.270, 1785697965.968]",8:31:42,0,
1785697966.341,2026-08-02 13:12:46.340741,201,51ccd0a2ecb5443697395a7198f16146,stop,rule1_continuous_disagreement,31:8,31,8,video,video,,,0.0,300.0,fisheye,Rule 1 recording stopped after 5.0s post-roll,8:31:42,0,
1785698013.558,2026-08-02 13:13:33.557548,201,8b327a6a384146c5a5ba1392ea2dadaa,start,rule2_orphan_pulse,3:41,3,41,video,radar,1785698006.328,1785698008.521,2.194,17.194,fisheye,"orphan on detector '41': orphan pulse duration=2.194s window=[1785698001.328, 1785698013.521]",3:30:41,0,
1785698085.788,2026-08-02 13:14:45.788192,201,d2ddd0a560af4ded858574cebd0e0c86,start,rule1_continuous_disagreement,31:42,42,31,radar,video,1785698080.743,,5.045,300.0,fisheye,"detector '42' ON, detector '31' OFF for 5.045s (threshold=5.0s)",8:31:42,0,
1785698085.790,2026-08-02 13:14:45.790202,201,d98610d8544b45749d83145885733f32,start,rule1_continuous_disagreement,31:8,31,8,video,video,1785698080.743,,5.047,300.0,fisheye,"detector '8' ON, detector '31' OFF for 5.047s (threshold=5.0s)",8:31:42,1,d2ddd0a560af4ded858574cebd0e0c86
1785698096.579,2026-08-02 13:14:56.578611,201,f812f55646fd4bc9b5903812c7798d64,start,rule2_orphan_pulse,29:43,43,29,radar,video,1785698087.117,1785698091.489,4.372,19.372,fisheye,"orphan on detector '43': orphan pulse duration=4.372s window=[1785698082.117, 1785698096.489]",29:43,0,
1785698103.245,2026-08-02 13:15:03.245000,201,051aa0888b40442b98a8b617c4aed47c,start,rule1_continuous_disagreement,42:8,8,42,video,radar,1785698098.203,,5.042,300.0,fisheye,"detector '42' ON, detector '8' OFF for 5.042s (threshold=5.0s)",8:31:42,0,
1785698117.878,2026-08-02 13:15:17.878230,201,d2ddd0a560af4ded858574cebd0e0c86,stop,rule1_continuous_disagreement,31:42,42,31,radar,video,,,0.0,300.0,fisheye,Rule 1 recording stopped after 5.0s post-roll,8:31:42,0,
1785698117.878,2026-08-02 13:15:17.878230,201,051aa0888b40442b98a8b617c4aed47c,stop,rule1_continuous_disagreement,42:8,8,42,video,radar,,,0.0,300.0,fisheye,Rule 1 recording stopped after 5.0s post-roll,8:31:42,0,
1785698281.480,2026-08-02 13:18:01.479956,201,3b3789082e384be684fa623f7b17afeb,start,rule1_continuous_disagreement,31:8,31,8,video,video,1785698276.438,,5.042,300.0,fisheye,"detector '8' ON, detector '31' OFF for 5.042s (threshold=5.0s)",8:31:42,0,
1785698283.096,2026-08-02 13:18:03.095730,201,1c9d09b55cfb45b19c38e59c0ab6a467,start,rule2_orphan_pulse,31:42,42,31,radar,video,1785698274.408,1785698278.058,3.65,18.65,fisheye,"orphan on detector '42': orphan pulse duration=3.65s window=[1785698269.408, 1785698283.058]",8:31:42,0,
1785698283.201,2026-08-02 13:18:03.201204,201,a927ba4455cb4c7291f7124f572c3e54,start,rule1_continuous_disagreement,42:8,8,42,video,radar,1785698278.155,,5.046,300.0,fisheye,"detector '8' ON, detector '42' OFF for 5.046s (threshold=5.0s)",8:31:42,0,
1785698294.810,2026-08-02 13:18:14.810038,201,3b3789082e384be684fa623f7b17afeb,stop,rule1_continuous_disagreement,31:8,31,8,video,video,,,0.0,300.0,fisheye,Rule 1 recording stopped after 5.0s post-roll,8:31:42,0,
1785698294.812,2026-08-02 13:18:14.812090,201,a927ba4455cb4c7291f7124f572c3e54,stop,rule1_continuous_disagreement,42:8,8,42,video,radar,,,0.0,300.0,fisheye,Rule 1 recording stopped after 5.0s post-roll,8:31:42,0,
1785698334.829,2026-08-02 13:18:54.829479,201,4897966aeb0944908b07f8e52114bae2,start,rule1_continuous_disagreement,22:39,39,22,radar,video,1785698329.785,,5.044,300.0,fisheye,"detector '39' ON, detector '22' OFF for 5.044s (threshold=5.0s)",4:22:39,0,
1785698336.449,2026-08-02 13:18:56.449041,201,b16df52822874973af05ad2d5263a28d,start,rule1_continuous_disagreement,39:4,4,39,video,radar,1785698331.399,,5.05,300.0,fisheye,"detector '39' ON, detector '4' OFF for 5.05s (threshold=5.0s)",4:22:39,0,
1785698397.889,2026-08-02 13:19:57.888852,201,99bbb9d0f676418f82a5efcd935444a4,start,rule2_orphan_pulse,30:41,41,30,radar,video,1785698390.864,1785698392.799,1.935,16.935000000000002,fisheye,"orphan on detector '30': orphan pulse duration=1.935s window=[1785698385.864, 1785698397.799]",3:30:41,0,
1785698400.109,2026-08-02 13:20:00.108683,201,bda24824679245509f6934d843aaeb3f,start,rule1_continuous_disagreement,3:30,30,3,video,video,1785698395.070,,5.039,300.0,fisheye,"detector '30' ON, detector '3' OFF for 5.039s (threshold=5.0s)",3:30:41,0,
1785698400.115,2026-08-02 13:20:00.114613,201,10d9ce098e6046f99b60b52a5b205add,start,rule2_orphan_pulse,3:41,3,41,video,radar,1785698393.433,1785698395.031,1.598,16.598,fisheye,"orphan on detector '3': orphan pulse duration=1.598s window=[1785698388.433, 1785698400.031]",3:30:41,1,bda24824679245509f6934d843aaeb3f
1785698405.554,2026-08-02 13:20:05.554316,201,bda24824679245509f6934d843aaeb3f,stop,rule1_continuous_disagreement,3:30,30,3,video,video,,,0.0,300.0,fisheye,Rule 1 recording stopped after 5.0s post-roll,3:30:41,0,
1785698440.449,2026-08-02 13:20:40.448661,201,4897966aeb0944908b07f8e52114bae2,stop,rule1_continuous_disagreement,22:39,39,22,radar,video,,,0.0,300.0,fisheye,Rule 1 recording stopped after 5.0s post-roll,4:22:39,0,
1785698440.455,2026-08-02 13:20:40.455294,201,b16df52822874973af05ad2d5263a28d,stop,rule1_continuous_disagreement,39:4,4,39,video,radar,,,0.0,300.0,fisheye,Rule 1 recording stopped after 5.0s post-roll,4:22:39,0,
1785698478.876,2026-08-02 13:21:18.876135,201,a3f3047c4c944441bf5415b48fc345e3,start,rule1_continuous_disagreement,22:39,39,22,radar,video,1785698473.839,,5.037,300.0,fisheye,"detector '22' ON, detector '39' OFF for 5.037s (threshold=5.0s)",4:22:39,0,
1785698484.329,2026-08-02 13:21:24.329226,201,a3f3047c4c944441bf5415b48fc345e3,stop,rule1_continuous_disagreement,22:39,39,22,radar,video,,,0.0,300.0,fisheye,Rule 1 recording stopped after 5.0s post-roll,4:22:39,0,
1785698493.604,2026-08-02 13:21:33.603915,201,d7c76c7905f9474dad73cb9229cc7be3,start,rule2_orphan_pulse,31:8,31,8,video,video,1785698487.587,1785698488.539,0.952,15.952,fisheye,"orphan on detector '8': orphan pulse duration=0.952s window=[1785698482.587, 1785698493.539]",8:31:42,0,
1785698493.607,2026-08-02 13:21:33.606993,201,725b31f1299e43f19646613aa44cb5f5,start,rule2_orphan_pulse,42:8,8,42,video,radar,1785698487.587,1785698488.539,0.952,15.952,fisheye,"orphan on detector '8': orphan pulse duration=0.952s window=[1785698482.587, 1785698493.539]",8:31:42,1,d7c76c7905f9474dad73cb9229cc7be3
1785698497.845,2026-08-02 13:21:37.844869,201,357f9910a3474d41a2acaddafc83f014,start,rule1_continuous_disagreement,29:43,43,29,radar,video,1785698492.797,,5.048,300.0,fisheye,"detector '43' ON, detector '29' OFF for 5.048s (threshold=5.0s)",29:43,0,
1785698499.062,2026-08-02 13:21:39.062099,201,15ef57c1ded944648275b07301cd8541,start,rule2_orphan_pulse,31:8,31,8,video,video,1785698492.378,1785698493.962,1.584,16.584,fisheye,"orphan on detector '8': orphan pulse duration=1.584s window=[1785698487.378, 1785698498.962]",8:31:42,0,
1785698499.068,2026-08-02 13:21:39.068235,201,7583e6716d234e938aea709b9e675846,start,rule2_orphan_pulse,42:8,8,42,video,radar,1785698492.378,1785698493.962,1.584,16.584,fisheye,"orphan on detector '8': orphan pulse duration=1.584s window=[1785698487.378, 1785698498.962]",8:31:42,1,15ef57c1ded944648275b07301cd8541
1785698504.511,2026-08-02 13:21:44.511018,201,357f9910a3474d41a2acaddafc83f014,stop,rule1_continuous_disagreement,29:43,43,29,radar,video,,,0.0,300.0,fisheye,Rule 1 recording stopped after 5.0s post-roll,29:43,0,
1785698520.431,2026-08-02 13:22:00.431470,201,ff697ab8b9ac49a591a972c36aba9187,start,rule2_orphan_pulse,29:43,43,29,radar,video,1785698514.374,1785698515.357,0.983,15.983,fisheye,"orphan on detector '43': orphan pulse duration=0.983s window=[1785698509.374, 1785698520.357]",29:43,0,
1785698634.736,2026-08-02 13:23:54.736002,201,8a4c32b0d7e744fbb256e8928bdd887a,start,rule2_orphan_pulse,30:41,41,30,radar,video,1785698627.704,1785698629.689,1.985,16.985,fisheye,"orphan on detector '30': orphan pulse duration=1.985s window=[1785698622.704, 1785698634.689]",3:30:41,0,
1785698635.044,2026-08-02 13:23:55.043557,201,ffad08ffb6fb42cba52792b30b92f6b5,start,rule2_orphan_pulse,3:41,3,41,video,radar,1785698627.704,1785698630.020,2.316,17.316,fisheye,"orphan on detector '3': orphan pulse duration=2.316s window=[1785698622.704, 1785698635.020]",3:30:41,1,8a4c32b0d7e744fbb256e8928bdd887a
1785698673.157,2026-08-02 13:24:33.157185,201,87cbcf96b7524f59880bad11d83e0cf9,start,rule1_continuous_disagreement,38:7,7,38,video,radar,1785698668.123,,5.034,300.0,fisheye,"detector '7' ON, detector '38' OFF for 5.034s (threshold=5.0s)",7:24:38,0,
1785698680.623,2026-08-02 13:24:40.622921,201,87cbcf96b7524f59880bad11d83e0cf9,stop,rule1_continuous_disagreement,38:7,7,38,video,radar,,,0.0,300.0,fisheye,Rule 1 recording stopped after 5.0s post-roll,7:24:38,0,
1785698705.931,2026-08-02 13:25:05.930675,201,4acbf79e4f02445da9c4d485c4f62524,start,rule2_orphan_pulse,42:8,8,42,video,radar,1785698696.521,1785698700.845,4.324,19.323999999999998,fisheye,"orphan on detector '8': orphan pulse duration=4.324s window=[1785698691.521, 1785698705.845]",8:31:42,0,
1785698706.943,2026-08-02 13:25:06.943305,201,c5a4c4347709458db6a6dbddf6816360,start,rule2_orphan_pulse,31:42,42,31,radar,video,1785698701.196,1785698701.850,0.653,15.653,fisheye,"orphan on detector '31': orphan pulse duration=0.653s window=[1785698696.196, 1785698706.850]",8:31:42,0,
1785698773.610,2026-08-02 13:26:13.610086,201,82c9cc0299e54f54b078d0dc2a250ce0,start,rule1_continuous_disagreement,22:39,39,22,radar,video,1785698768.569,,5.041,300.0,fisheye,"detector '39' ON, detector '22' OFF for 5.041s (threshold=5.0s)",4:22:39,0,
1785698773.614,2026-08-02 13:26:13.613784,201,2d8201cf105e49fe9e819842db13f4ce,start,rule1_continuous_disagreement,39:4,4,39,video,radar,1785698768.569,,5.045,300.0,fisheye,"detector '39' ON, detector '4' OFF for 5.045s (threshold=5.0s)",4:22:39,1,82c9cc0299e54f54b078d0dc2a250ce0
1785698784.113,2026-08-02 13:26:24.112808,201,7fb8e330da384e8593e32726569e1c7a,start,rule2_orphan_pulse,30:41,41,30,radar,video,1785698777.447,1785698779.108,1.661,16.661,fisheye,"orphan on detector '30': orphan pulse duration=1.661s window=[1785698772.447, 1785698784.108]",3:30:41,0,
1785698785.128,2026-08-02 13:26:25.128282,201,c59498838d9d4937ad044d10353663cb,start,rule2_orphan_pulse,3:41,3,41,video,radar,1785698778.438,1785698780.102,1.664,16.664,fisheye,"orphan on detector '3': orphan pulse duration=1.664s window=[1785698773.438, 1785698785.102]",3:30:41,0,
1785698803.581,2026-08-02 13:26:43.580734,201,075cb19e73ae47729998c417fce1a45f,start,rule1_continuous_disagreement,31:42,42,31,radar,video,1785698798.534,,5.047,300.0,fisheye,"detector '31' ON, detector '42' OFF for 5.047s (threshold=5.0s)",8:31:42,0,
1785698803.581,2026-08-02 13:26:43.580734,201,73714142c12b47a2a1a311c69c36f2a6,start,rule1_continuous_disagreement,42:8,8,42,video,radar,1785698798.534,,5.047,300.0,fisheye,"detector '8' ON, detector '42' OFF for 5.047s (threshold=5.0s)",8:31:42,1,075cb19e73ae47729998c417fce1a45f
1785698815.181,2026-08-02 13:26:55.181353,201,82c9cc0299e54f54b078d0dc2a250ce0,stop,rule1_continuous_disagreement,22:39,39,22,radar,video,,,0.0,300.0,fisheye,Rule 1 recording stopped after 5.1s post-roll,4:22:39,0,
1785698860.863,2026-08-02 13:27:40.862810,201,075cb19e73ae47729998c417fce1a45f,stop,rule1_continuous_disagreement,31:42,42,31,radar,video,,,0.0,300.0,fisheye,Rule 1 recording stopped after 5.0s post-roll,8:31:42,0,
1785698878.516,2026-08-02 13:27:58.515852,201,0639cc0db1a44f1bad1c31949ea9e214,start,rule2_orphan_pulse,29:43,43,29,radar,video,1785698872.127,1785698873.465,1.339,16.339,fisheye,"orphan on detector '29': orphan pulse duration=1.339s window=[1785698867.127, 1785698878.465]",29:43,0,
1785698927.933,2026-08-02 13:28:47.933361,201,47e448f8c5974c0c9205a31e597850eb,start,rule1_continuous_disagreement,42:8,8,42,video,radar,1785698922.889,,5.044,300.0,fisheye,"detector '8' ON, detector '42' OFF for 5.044s (threshold=5.0s)",8:31:42,0,
1785698933.500,2026-08-02 13:28:53.499514,201,47e448f8c5974c0c9205a31e597850eb,stop,rule1_continuous_disagreement,42:8,8,42,video,radar,,,0.0,300.0,fisheye,Rule 1 recording stopped after 5.1s post-roll,8:31:42,0,
1785699009.957,2026-08-02 13:30:09.957355,201,8d4f93dc49c4403284f6d7353ff84411,start,rule1_continuous_disagreement,31:8,31,8,video,video,1785699004.916,,5.041,300.0,fisheye,"detector '8' ON, detector '31' OFF for 5.041s (threshold=5.0s)",8:31:42,0,
1785699009.960,2026-08-02 13:30:09.959906,201,e12f848394a242b9af9fe085cf8785a7,start,rule1_continuous_disagreement,42:8,8,42,video,radar,1785699004.916,,5.044,300.0,fisheye,"detector '8' ON, detector '42' OFF for 5.044s (threshold=5.0s)",8:31:42,1,8d4f93dc49c4403284f6d7353ff84411
1785699023.787,2026-08-02 13:30:23.786741,201,839345e618354721af5420018e21a141,start,rule2_orphan_pulse,31:42,42,31,radar,video,1785699018.082,1785699018.744,0.662,15.661999999999999,fisheye,"orphan on detector '31': orphan pulse duration=0.662s window=[1785699013.082, 1785699023.744]",8:31:42,0,
1785699030.546,2026-08-02 13:30:30.545629,201,e753d8463de14a05a5b1aff7e3035669,start,rule2_orphan_pulse,31:42,42,31,radar,video,1785699024.227,1785699025.533,1.306,16.306,fisheye,"orphan on detector '31': orphan pulse duration=1.306s window=[1785699019.227, 1785699030.533]",8:31:42,0,
1785699030.651,2026-08-02 13:30:30.651288,201,8d4f93dc49c4403284f6d7353ff84411,stop,rule1_continuous_disagreement,31:8,31,8,video,video,,,0.0,300.0,fisheye,Rule 1 recording stopped after 5.0s post-roll,8:31:42,0,
1785699036.196,2026-08-02 13:30:36.195634,201,f57cc2f5af0a45d7b8081570b08e4026,start,rule2_orphan_pulse,3:41,3,41,video,radar,1785699030.126,1785699031.119,0.993,15.993,fisheye,"orphan on detector '3': orphan pulse duration=0.993s window=[1785699025.126, 1785699036.119]",3:30:41,0,
1785699039.828,2026-08-02 13:30:39.828424,201,e7f6114e25194c4eb543798358581433,start,rule1_continuous_disagreement,22:39,39,22,radar,video,1785699034.785,,5.043,300.0,fisheye,"detector '39' ON, detector '22' OFF for 5.043s (threshold=5.0s)",4:22:39,0,
1785699039.832,2026-08-02 13:30:39.832014,201,782979c6b3e64789a0f71ec4b0e8ea3d,start,rule1_continuous_disagreement,39:4,4,39,video,radar,1785699034.785,,5.047,300.0,fisheye,"detector '39' ON, detector '4' OFF for 5.047s (threshold=5.0s)",4:22:39,1,e7f6114e25194c4eb543798358581433
1785699074.825,2026-08-02 13:31:14.824565,201,e81ca996683f4b378c2db6f76bb06cc3,start,rule1_continuous_disagreement,26:33,33,26,radar,video,1785699069.782,,5.043,300.0,fisheye,"detector '26' ON, detector '33' OFF for 5.043s (threshold=5.0s)",26:33,0,
1785699087.245,2026-08-02 13:31:27.244538,201,e81ca996683f4b378c2db6f76bb06cc3,stop,rule1_continuous_disagreement,26:33,33,26,radar,video,,,0.0,300.0,fisheye,Rule 1 recording stopped after 5.0s post-roll,26:33,0,
1785699099.850,2026-08-02 13:31:39.849668,201,cb780ec87f7d4401a6f46bb1e377bcc4,start,rule2_orphan_pulse,31:42,42,31,radar,video,1785699093.831,1785699094.782,0.951,15.951,fisheye,"orphan on detector '31': orphan pulse duration=0.951s window=[1785699088.831, 1785699099.782]",8:31:42,0,
1785699133.212,2026-08-02 13:32:13.212394,201,e320ad31c8224f0292b29b5131660e44,start,rule1_continuous_disagreement,31:42,42,31,radar,video,1785699128.168,,5.044,300.0,fisheye,"detector '42' ON, detector '31' OFF for 5.044s (threshold=5.0s)",8:31:42,0,
1785699133.820,2026-08-02 13:32:13.819839,201,56feaa9579c84ba989016d4f975516ad,start,rule1_continuous_disagreement,42:8,8,42,video,radar,1785699128.773,,5.047,300.0,fisheye,"detector '42' ON, detector '8' OFF for 5.047s (threshold=5.0s)",8:31:42,1,e320ad31c8224f0292b29b5131660e44
1785699201.045,2026-08-02 13:33:21.045417,201,e7f6114e25194c4eb543798358581433,stop,rule1_continuous_disagreement,22:39,39,22,radar,video,,,0.0,300.0,fisheye,Rule 1 recording stopped after 5.0s post-roll,4:22:39,0,
1785699201.354,2026-08-02 13:33:21.353833,201,e320ad31c8224f0292b29b5131660e44,stop,rule1_continuous_disagreement,31:42,42,31,radar,video,,,0.0,300.0,fisheye,Rule 1 recording stopped after 5.0s post-roll,8:31:42,0,
1785699226.026,2026-08-02 13:33:46.025879,201,30de6e5d8d944f82ab61543549546737,start,rule1_continuous_disagreement,17:2,17,2,video,video,1785699220.995,,5.031,300.0,fisheye,"detector '17' ON, detector '2' OFF for 5.031s (threshold=5.0s)",2:17:46,0,
1785699226.029,2026-08-02 13:33:46.029081,201,c3b90ada0977485dae3814cbafd51dff,start,rule1_continuous_disagreement,2:46,2,46,video,radar,1785699220.994,,5.035,300.0,fisheye,"detector '46' ON, detector '2' OFF for 5.035s (threshold=5.0s)",2:17:46,1,30de6e5d8d944f82ab61543549546737
1785699232.678,2026-08-02 13:33:52.678044,201,30de6e5d8d944f82ab61543549546737,stop,rule1_continuous_disagreement,17:2,17,2,video,video,,,0.0,300.0,fisheye,Rule 1 recording stopped after 5.0s post-roll,2:17:46,0,
1785699266.130,2026-08-02 13:34:26.130366,201,102a339df7284677a3166a0bdf52bcf8,start,rule1_continuous_disagreement,22:39,39,22,radar,video,1785699261.088,,5.042,300.0,fisheye,"detector '39' ON, detector '22' OFF for 5.042s (threshold=5.0s)",4:22:39,0,
1785699266.135,2026-08-02 13:34:26.134746,201,54d13f1e7dce4d9f87825485dcf09c5a,start,rule1_continuous_disagreement,39:4,4,39,video,radar,1785699261.089,,5.046,300.0,fisheye,"detector '39' ON, detector '4' OFF for 5.046s (threshold=5.0s)",4:22:39,1,102a339df7284677a3166a0bdf52bcf8
1785699275.811,2026-08-02 13:34:35.810683,201,7bfbfa38e34e4a3db64e3ad898461897,start,rule1_continuous_disagreement,26:33,33,26,radar,video,1785699270.775,,5.036,300.0,fisheye,"detector '26' ON, detector '33' OFF for 5.036s (threshold=5.0s)",26:33,0,
1785699283.583,2026-08-02 13:34:43.582809,201,7bfbfa38e34e4a3db64e3ad898461897,stop,rule1_continuous_disagreement,26:33,33,26,radar,video,,,0.0,300.0,fisheye,Rule 1 recording stopped after 5.0s post-roll,26:33,0,
1785699300.122,2026-08-02 13:35:00.122312,201,821f62d33ae741649aff13cc3cb8448f,start,rule1_continuous_disagreement,29:43,43,29,radar,video,1785699295.078,,5.044,300.0,fisheye,"detector '43' ON, detector '29' OFF for 5.044s (threshold=5.0s)",29:43,0,
1785699311.320,2026-08-02 13:35:11.320068,201,4159c28eb56340839386ee6a07673787,start,rule2_orphan_pulse,3:30,30,3,video,video,1785699302.592,1785699306.228,3.636,18.636,fisheye,"orphan on detector '3': orphan pulse duration=3.636s window=[1785699297.592, 1785699311.228]",3:30:41,0,
1785699311.324,2026-08-02 13:35:11.323582,201,db731eb0156b493e888d2ac050ca087e,start,rule2_orphan_pulse,3:41,3,41,video,radar,1785699302.592,1785699306.228,3.636,18.636,fisheye,"orphan on detector '3': orphan pulse duration=3.636s window=[1785699297.592, 1785699311.228]",3:30:41,1,4159c28eb56340839386ee6a07673787
1785699314.650,2026-08-02 13:35:14.649924,201,c9b53942cb404a4a8e3c6ccdc3c2e585,start,rule1_continuous_disagreement,17:46,46,17,radar,video,1785699309.609,,5.041,300.0,fisheye,"detector '17' ON, detector '46' OFF for 5.041s (threshold=5.0s)",2:17:46,0,
1785699314.658,2026-08-02 13:35:14.658200,201,c6ba4bb3f6b24dd3bb3e47fcb6150738,start,rule1_continuous_disagreement,2:46,2,46,video,radar,1785699309.608,,5.05,300.0,fisheye,"detector '2' ON, detector '46' OFF for 5.05s (threshold=5.0s)",2:17:46,1,c9b53942cb404a4a8e3c6ccdc3c2e585
1785699323.030,2026-08-02 13:35:23.030123,201,c9b53942cb404a4a8e3c6ccdc3c2e585,stop,rule1_continuous_disagreement,17:46,46,17,radar,video,,,0.0,300.0,fisheye,Rule 1 recording stopped after 5.0s post-roll,2:17:46,0,
1785699343.795,2026-08-02 13:35:43.795220,201,821f62d33ae741649aff13cc3cb8448f,stop,rule1_continuous_disagreement,29:43,43,29,radar,video,,,0.0,300.0,fisheye,Rule 1 recording stopped after 5.0s post-roll,29:43,0,
1785699347.927,2026-08-02 13:35:47.926556,201,ff4ff6198c474066aae8fe2e6e39c9a7,start,rule2_orphan_pulse,31:8,31,8,video,video,1785699338.018,1785699342.903,4.885,19.884999999999998,fisheye,"orphan on detector '8': orphan pulse duration=4.885s window=[1785699333.018, 1785699347.903]",8:31:42,0,
1785699347.933,2026-08-02 13:35:47.932573,201,0f605a448f9e49beb14896d078450c0c,start,rule2_orphan_pulse,42:8,8,42,video,radar,1785699338.018,1785699342.903,4.885,19.884999999999998,fisheye,"orphan on detector '8': orphan pulse duration=4.885s window=[1785699333.018, 1785699347.903]",8:31:42,1,ff4ff6198c474066aae8fe2e6e39c9a7
1785699365.272,2026-08-02 13:36:05.271826,201,7082886365154a65aa72169601d740f5,start,rule2_orphan_pulse,30:41,41,30,radar,video,1785699358.983,1785699360.252,1.268,16.268,fisheye,"orphan on detector '30': orphan pulse duration=1.268s window=[1785699353.983, 1785699365.252]",3:30:41,0,
1785699366.984,2026-08-02 13:36:06.984068,201,d95c73a9f32f46b1bdf712a508342869,start,rule2_orphan_pulse,3:41,3,41,video,radar,1785699360.573,1785699361.896,1.323,16.323,fisheye,"orphan on detector '3': orphan pulse duration=1.323s window=[1785699355.573, 1785699366.896]",3:30:41,0,
1785699381.008,2026-08-02 13:36:21.007793,201,07f55bb6f36040ccb3b524859fb62cb2,start,rule2_orphan_pulse,31:42,42,31,radar,video,1785699374.369,1785699375.955,1.586,16.586,fisheye,"orphan on detector '31': orphan pulse duration=1.586s window=[1785699369.369, 1785699380.955]",8:31:42,0,
1785699403.404,2026-08-02 13:36:43.404386,201,102a339df7284677a3166a0bdf52bcf8,stop,rule1_continuous_disagreement,22:39,39,22,radar,video,,,0.0,300.0,fisheye,Rule 1 recording stopped after 5.0s post-roll,4:22:39,0,
1785699408.866,2026-08-02 13:36:48.865672,201,5b0ad8a9d71c47fe900096829b37f745,start,rule1_continuous_disagreement,29:43,43,29,radar,video,1785699403.810,,5.056,300.0,fisheye,"detector '43' ON, detector '29' OFF for 5.056s (threshold=5.0s)",29:43,0,
1785699433.381,2026-08-02 13:37:13.381129,201,0ae37a063c5043228baa44c6d4989a0a,start,rule1_continuous_disagreement,22:39,39,22,radar,video,1785699428.346,,5.035,300.0,fisheye,"detector '39' ON, detector '22' OFF for 5.035s (threshold=5.0s)",4:22:39,0,
1785699438.721,2026-08-02 13:37:18.721302,201,0ae37a063c5043228baa44c6d4989a0a,stop,rule1_continuous_disagreement,22:39,39,22,radar,video,,,0.0,300.0,fisheye,Rule 1 recording stopped after 5.0s post-roll,4:22:39,0,
1785699443.662,2026-08-02 13:37:23.662280,201,5b0ad8a9d71c47fe900096829b37f745,stop,rule1_continuous_disagreement,29:43,43,29,radar,video,,,0.0,300.0,fisheye,Rule 1 recording stopped after 5.0s post-roll,29:43,0,
1785699451.737,2026-08-02 13:37:31.736513,201,91c134106a604e9f88d0c411afc480d9,start,rule2_orphan_pulse,30:41,41,30,radar,video,1785699444.404,1785699446.705,2.301,17.301000000000002,fisheye,"orphan on detector '30': orphan pulse duration=2.301s window=[1785699439.404, 1785699451.705]",3:30:41,0,
1785699451.740,2026-08-02 13:37:31.740140,201,e3c29476ed794343bd5a2aa6499ddaa5,start,rule2_orphan_pulse,3:30,30,3,video,video,1785699444.404,1785699446.705,2.301,17.301000000000002,fisheye,"orphan on detector '30': orphan pulse duration=2.301s window=[1785699439.404, 1785699451.705]",3:30:41,1,91c134106a604e9f88d0c411afc480d9
1785699469.091,2026-08-02 13:37:49.090983,201,e2982089da544adc92742b8f02f1538b,start,rule2_orphan_pulse,31:8,31,8,video,video,1785699459.655,1785699463.998,4.343,19.343,fisheye,"orphan on detector '8': orphan pulse duration=4.343s window=[1785699454.655, 1785699468.998]",8:31:42,0,
1785699469.095,2026-08-02 13:37:49.095002,201,bc8c2e679d1d4d529b3e430b8f0d70c6,start,rule2_orphan_pulse,42:8,8,42,video,radar,1785699459.655,1785699463.998,4.343,19.343,fisheye,"orphan on detector '8': orphan pulse duration=4.343s window=[1785699454.655, 1785699468.998]",8:31:42,1,e2982089da544adc92742b8f02f1538b
1785699494.486,2026-08-02 13:38:14.485754,201,afe8dfbf331d4d0f9ed174a0269d185f,start,rule1_continuous_disagreement,29:43,43,29,radar,video,1785699489.442,,5.044,300.0,fisheye,"detector '43' ON, detector '29' OFF for 5.044s (threshold=5.0s)",29:43,0,
1785699513.036,2026-08-02 13:38:33.036430,201,7283269dcc14475aa4f9afaf1cd2b836,start,rule1_continuous_disagreement,17:46,46,17,radar,video,1785699508.001,,5.035,300.0,fisheye,"detector '17' ON, detector '46' OFF for 5.035s (threshold=5.0s)",2:17:46,0,
1785699513.040,2026-08-02 13:38:33.039512,201,f10b93c5216e4148825aaa797472684b,start,rule1_continuous_disagreement,2:46,2,46,video,radar,1785699508.002,,5.038,300.0,fisheye,"detector '2' ON, detector '46' OFF for 5.038s (threshold=5.0s)",2:17:46,1,7283269dcc14475aa4f9afaf1cd2b836
1785699521.108,2026-08-02 13:38:41.107623,201,afe8dfbf331d4d0f9ed174a0269d185f,stop,rule1_continuous_disagreement,29:43,43,29,radar,video,,,0.0,300.0,fisheye,Rule 1 recording stopped after 5.0s post-roll,29:43,0,
1785699534.047,2026-08-02 13:38:54.046777,201,7283269dcc14475aa4f9afaf1cd2b836,stop,rule1_continuous_disagreement,17:46,46,17,radar,video,,,0.0,300.0,fisheye,Rule 1 recording stopped after 5.1s post-roll,2:17:46,0,
1785699535.272,2026-08-02 13:38:55.271572,201,d3c786233fdb4174ab07143b41151d0e,start,rule2_orphan_pulse,31:42,42,31,radar,video,1785699527.887,1785699530.234,2.347,17.347,fisheye,"orphan on detector '31': orphan pulse duration=2.347s window=[1785699522.887, 1785699535.234]",8:31:42,0,
1785699559.112,2026-08-02 13:39:19.111872,201,9bc75312d71d49aea1781d9d3e462d04,start,rule1_continuous_disagreement,42:8,8,42,video,radar,1785699554.057,,5.055,300.0,fisheye,"detector '8' ON, detector '42' OFF for 5.055s (threshold=5.0s)",8:31:42,0,
1785699561.648,2026-08-02 13:39:21.648146,201,c4dd4e811f1f4536a5cdefc15310c7b0,start,rule1_continuous_disagreement,29:43,43,29,radar,video,1785699556.584,,5.064,300.0,fisheye,"detector '43' ON, detector '29' OFF for 5.064s (threshold=5.0s)",29:43,0,
1785699561.651,2026-08-02 13:39:21.650676,201,64cb72550fa64de0b7f242c2b5553047,start,rule1_continuous_disagreement,31:8,31,8,video,video,1785699556.585,,5.066,300.0,fisheye,"detector '8' ON, detector '31' OFF for 5.066s (threshold=5.0s)",8:31:42,0,
1785699568.512,2026-08-02 13:39:28.511901,201,61d4fa2eda714a1b87979e5925e4d755,start,rule2_orphan_pulse,31:42,42,31,radar,video,1785699562.148,1785699563.445,1.297,16.297,fisheye,"orphan on detector '31': orphan pulse duration=1.297s window=[1785699557.148, 1785699568.445]",8:31:42,0,
1785699568.918,2026-08-02 13:39:28.918098,201,64cb72550fa64de0b7f242c2b5553047,stop,rule1_continuous_disagreement,31:8,31,8,video,video,,,0.0,300.0,fisheye,Rule 1 recording stopped after 5.0s post-roll,8:31:42,0,
1785699568.922,2026-08-02 13:39:28.921716,201,9bc75312d71d49aea1781d9d3e462d04,stop,rule1_continuous_disagreement,42:8,8,42,video,radar,,,0.0,300.0,fisheye,Rule 1 recording stopped after 5.1s post-roll,8:31:42,0,
1785699593.525,2026-08-02 13:39:53.525043,201,c4dd4e811f1f4536a5cdefc15310c7b0,stop,rule1_continuous_disagreement,29:43,43,29,radar,video,,,0.0,300.0,fisheye,Rule 1 recording stopped after 5.0s post-roll,29:43,0,
1785699645.452,2026-08-02 13:40:45.451525,201,784488e04fae483aa07c12416a908a2e,start,rule1_continuous_disagreement,26:33,33,26,radar,video,1785699640.404,,5.048,300.0,fisheye,"detector '26' ON, detector '33' OFF for 5.048s (threshold=5.0s)",26:33,0,
1785699666.535,2026-08-02 13:41:06.534964,201,784488e04fae483aa07c12416a908a2e,stop,rule1_continuous_disagreement,26:33,33,26,radar,video,,,0.0,300.0,fisheye,Rule 1 recording stopped after 5.0s post-roll,26:33,0,
1785699673.810,2026-08-02 13:41:13.809989,201,cf4c1bb63106490e85aee67f6ef22963,start,rule1_continuous_disagreement,17:46,46,17,radar,video,1785699668.763,,5.047,300.0,fisheye,"detector '17' ON, detector '46' OFF for 5.047s (threshold=5.0s)",2:17:46,0,
1785699673.813,2026-08-02 13:41:13.813432,201,0a8841c6e0ea43ca8fcea62f387ec6a1,start,rule1_continuous_disagreement,2:46,2,46,video,radar,1785699668.762,,5.051,300.0,fisheye,"detector '2' ON, detector '46' OFF for 5.051s (threshold=5.0s)",2:17:46,1,cf4c1bb63106490e85aee67f6ef22963
1785699689.151,2026-08-02 13:41:29.150804,201,d13c6441530d4250b8a2331fc72abddf,start,rule1_continuous_disagreement,31:8,31,8,video,video,1785699684.104,,5.047,300.0,fisheye,"detector '8' ON, detector '31' OFF for 5.047s (threshold=5.0s)",8:31:42,0,
1785699689.154,2026-08-02 13:41:29.154412,201,c98bd20ce78f42a6b98ebc1cde389a7b,start,rule1_continuous_disagreement,42:8,8,42,video,radar,1785699684.103,,5.051,300.0,fisheye,"detector '8' ON, detector '42' OFF for 5.051s (threshold=5.0s)",8:31:42,1,d13c6441530d4250b8a2331fc72abddf
1785699695.302,2026-08-02 13:41:35.302103,201,cf4c1bb63106490e85aee67f6ef22963,stop,rule1_continuous_disagreement,17:46,46,17,radar,video,,,0.0,300.0,fisheye,Rule 1 recording stopped after 5.0s post-roll,2:17:46,0,
1785699700.446,2026-08-02 13:41:40.445719,201,d13c6441530d4250b8a2331fc72abddf,stop,rule1_continuous_disagreement,31:8,31,8,video,video,,,0.0,300.0,fisheye,Rule 1 recording stopped after 5.0s post-roll,8:31:42,0,
1785699711.553,2026-08-02 13:41:51.552588,201,4032c2fc20334ea59d0da9bb601f0488,start,rule2_orphan_pulse,3:41,3,41,video,radar,1785699705.879,1785699706.544,0.665,15.665,fisheye,"orphan on detector '3': orphan pulse duration=0.665s window=[1785699700.879, 1785699711.544]",3:30:41,0,
1785699729.005,2026-08-02 13:42:09.005265,201,ae83b620e3c6443884d2538545484a27,start,rule1_continuous_disagreement,17:46,46,17,radar,video,1785699723.964,,5.041,300.0,fisheye,"detector '17' ON, detector '46' OFF for 5.041s (threshold=5.0s)",2:17:46,0,
1785699733.240,2026-08-02 13:42:13.239618,201,9aac934eab734f2fa7fc7f0107e944c1,start,rule1_continuous_disagreement,2:46,2,46,video,radar,1785699728.201,,5.039,300.0,fisheye,"detector '2' ON, detector '46' OFF for 5.039s (threshold=5.0s)",2:17:46,0,
1785699741.318,2026-08-02 13:42:21.317966,201,ae83b620e3c6443884d2538545484a27,stop,rule1_continuous_disagreement,17:46,46,17,radar,video,,,0.0,300.0,fisheye,Rule 1 recording stopped after 5.0s post-roll,2:17:46,0,
1785699743.649,2026-08-02 13:42:23.649171,201,9aac934eab734f2fa7fc7f0107e944c1,stop,rule1_continuous_disagreement,2:46,2,46,video,radar,,,0.0,300.0,fisheye,Rule 1 recording stopped after 5.1s post-roll,2:17:46,0,
1785699761.003,2026-08-02 13:42:41.002798,201,635928180f8649a9a149ee980d7ed9ce,start,rule1_continuous_disagreement,31:8,31,8,video,video,1785699755.959,,5.044,300.0,fisheye,"detector '8' ON, detector '31' OFF for 5.044s (threshold=5.0s)",8:31:42,0,
1785699761.006,2026-08-02 13:42:41.006288,201,181a5f1897a742b18ff72ed7c8b0088c,start,rule1_continuous_disagreement,42:8,8,42,video,radar,1785699755.958,,5.048,300.0,fisheye,"detector '8' ON, detector '42' OFF for 5.048s (threshold=5.0s)",8:31:42,1,635928180f8649a9a149ee980d7ed9ce
1785699769.390,2026-08-02 13:42:49.390259,201,635928180f8649a9a149ee980d7ed9ce,stop,rule1_continuous_disagreement,31:8,31,8,video,video,,,0.0,300.0,fisheye,Rule 1 recording stopped after 5.0s post-roll,8:31:42,0,
1785699770.707,2026-08-02 13:42:50.706742,201,cfee12871d7e46f19d055ca9194ee019,start,rule1_continuous_disagreement,29:43,43,29,radar,video,1785699765.657,,5.05,300.0,fisheye,"detector '43' ON, detector '29' OFF for 5.05s (threshold=5.0s)",29:43,0,
1785699776.474,2026-08-02 13:42:56.473755,201,2cc5eff24f9d438594eda187bf24bd6b,start,rule2_orphan_pulse,30:41,41,30,radar,video,1785699769.982,1785699771.377,1.396,16.396,fisheye,"orphan on detector '30': orphan pulse duration=1.396s window=[1785699764.982, 1785699776.377]",3:30:41,0,
1785699777.493,2026-08-02 13:42:57.493350,201,723ee2b7bced48528b8d95d1f40ecf06,start,rule2_orphan_pulse,3:41,3,41,video,radar,1785699771.028,1785699772.399,1.371,16.371000000000002,fisheye,"orphan on detector '3': orphan pulse duration=1.371s window=[1785699766.028, 1785699777.399]",3:30:41,0,
1785699782.734,2026-08-02 13:43:02.734319,201,d6316b9ef5284d4993d930e74263c248,start,rule2_orphan_pulse,3:41,3,41,video,radar,1785699776.085,1785699777.731,1.646,16.646,fisheye,"orphan on detector '3': orphan pulse duration=1.646s window=[1785699771.085, 1785699782.731]",3:30:41,0,
1785699790.820,2026-08-02 13:43:10.819681,201,b2563cf7a8e94e5abb11ab10ade20307,start,rule1_continuous_disagreement,3:30,30,3,video,video,1785699785.766,,5.054,300.0,fisheye,"detector '30' ON, detector '3' OFF for 5.054s (threshold=5.0s)",3:30:41,0,
1785699817.035,2026-08-02 13:43:37.035465,201,c3acd35e09b341be89b94af9707d924b,start,rule2_orphan_pulse,3:41,3,41,video,radar,1785699810.664,1785699811.937,1.274,16.274,fisheye,"orphan on detector '3': orphan pulse duration=1.274s window=[1785699805.664, 1785699816.937]",3:30:41,0,
1785699823.184,2026-08-02 13:43:43.183969,201,8d639fec276c424a988293d9991ff213,start,rule1_continuous_disagreement,30:41,41,30,radar,video,1785699818.147,,5.037,300.0,fisheye,"detector '30' ON, detector '41' OFF for 5.037s (threshold=5.0s)",3:30:41,0,
1785699824.403,2026-08-02 13:43:44.402866,201,7f29fa7c9fe043e8bae3f1e66e460b03,start,rule2_orphan_pulse,3:41,3,41,video,radar,1785699818.084,1785699819.382,1.298,16.298000000000002,fisheye,"orphan on detector '3': orphan pulse duration=1.298s window=[1785699813.084, 1785699824.382]",3:30:41,0,
1785699842.549,2026-08-02 13:44:02.549193,201,cfee12871d7e46f19d055ca9194ee019,stop,rule1_continuous_disagreement,29:43,43,29,radar,video,,,0.0,300.0,fisheye,Rule 1 recording stopped after 5.0s post-roll,29:43,0,
1785699929.007,2026-08-02 13:45:29.006867,201,8d639fec276c424a988293d9991ff213,stop,rule1_continuous_disagreement,30:41,41,30,radar,video,,,0.0,300.0,fisheye,Rule 1 recording stopped after 5.0s post-roll,3:30:41,0,
1785699931.639,2026-08-02 13:45:31.639094,201,b2563cf7a8e94e5abb11ab10ade20307,stop,rule1_continuous_disagreement,3:30,30,3,video,video,,,0.0,300.0,fisheye,Rule 1 recording stopped after 5.1s post-roll,3:30:41,0,
1785699936.487,2026-08-02 13:45:36.486522,201,38bba8f7ae264e5cb35dc0e28b6d6ae9,start,rule2_orphan_pulse,30:41,41,30,radar,video,1785699929.483,1785699931.469,1.986,16.986,fisheye,"orphan on detector '41': orphan pulse duration=1.986s window=[1785699924.483, 1785699936.469]",3:30:41,0,
1785699953.845,2026-08-02 13:45:53.844636,201,0421d90ff8d04068807f2aee11a49cf4,start,rule2_orphan_pulse,29:43,43,29,radar,video,1785699947.781,1785699948.780,0.998,15.998000000000001,fisheye,"orphan on detector '29': orphan pulse duration=0.998s window=[1785699942.781, 1785699953.780]",29:43,0,
1785699953.847,2026-08-02 13:45:53.846644,201,592c1c1ed018457fafbd5aa8104f6b29,start,rule1_continuous_disagreement,31:42,42,31,radar,video,1785699948.803,,5.044,300.0,fisheye,"detector '42' ON, detector '31' OFF for 5.044s (threshold=5.0s)",8:31:42,0,
1785699953.851,2026-08-02 13:45:53.851064,201,f76c7cd8a8584495a38ce7d214d07e22,start,rule1_continuous_disagreement,31:8,31,8,video,video,1785699948.802,,5.049,300.0,fisheye,"detector '8' ON, detector '31' OFF for 5.049s (threshold=5.0s)",8:31:42,1,592c1c1ed018457fafbd5aa8104f6b29
1785699969.879,2026-08-02 13:46:09.879429,201,5890244f88e4418e9e34af5d5f01d3a4,start,rule2_orphan_pulse,30:41,41,30,radar,video,1785699962.850,1785699964.782,1.932,16.932000000000002,fisheye,"orphan on detector '30': orphan pulse duration=1.932s window=[1785699957.850, 1785699969.782]",3:30:41,0,
1785699970.487,2026-08-02 13:46:10.486891,201,592c1c1ed018457fafbd5aa8104f6b29,stop,rule1_continuous_disagreement,31:42,42,31,radar,video,,,0.0,300.0,fisheye,Rule 1 recording stopped after 5.0s post-roll,8:31:42,0,
1785699971.406,2026-08-02 13:46:11.405702,201,e7a1d43adc5d4047bb8f487637c41a52,start,rule2_orphan_pulse,3:41,3,41,video,radar,1785699962.850,1785699966.394,3.544,18.544,fisheye,"orphan on detector '3': orphan pulse duration=3.544s window=[1785699957.850, 1785699971.394]",3:30:41,0,
1785699975.747,2026-08-02 13:46:15.747471,201,939da476ee44467896a3d9557d0dd3f1,start,rule1_continuous_disagreement,22:39,39,22,radar,video,1785699970.694,,5.053,300.0,fisheye,"detector '39' ON, detector '22' OFF for 5.053s (threshold=5.0s)",4:22:39,0,
1785699975.752,2026-08-02 13:46:15.751608,201,9b47d3d27a5f4fe7bc321af760ea0eb0,start,rule1_continuous_disagreement,39:4,4,39,video,radar,1785699970.695,,5.057,300.0,fisheye,"detector '39' ON, detector '4' OFF for 5.057s (threshold=5.0s)",4:22:39,1,939da476ee44467896a3d9557d0dd3f1
1785700003.590,2026-08-02 13:46:43.589505,201,083a022397df432bb0ee6ae12c1ec376,start,rule1_continuous_disagreement,42:8,8,42,video,radar,1785699998.542,,5.048,300.0,fisheye,"detector '8' ON, detector '42' OFF for 5.048s (threshold=5.0s)",8:31:42,0,
1785700010.569,2026-08-02 13:46:50.569093,201,083a022397df432bb0ee6ae12c1ec376,stop,rule1_continuous_disagreement,42:8,8,42,video,radar,,,0.0,300.0,fisheye,Rule 1 recording stopped after 5.1s post-roll,8:31:42,0,
1785700031.257,2026-08-02 13:47:11.257021,201,6a94bb2808bb4078aac804dae429dda4,start,rule2_orphan_pulse,42:8,8,42,video,radar,1785700021.192,1785700026.178,4.986,19.986,fisheye,"orphan on detector '8': orphan pulse duration=4.986s window=[1785700016.192, 1785700031.178]",8:31:42,0,
1785700031.563,2026-08-02 13:47:11.563032,201,5925a8fb328e4c2d835a65d654cf8401,start,rule2_orphan_pulse,31:42,42,31,radar,video,1785700025.506,1785700026.502,0.996,15.996,fisheye,"orphan on detector '31': orphan pulse duration=0.996s window=[1785700020.506, 1785700031.502]",8:31:42,1,6a94bb2808bb4078aac804dae429dda4
1785700090.958,2026-08-02 13:48:10.958251,201,c75b10735a6045dc9cc7b9d73678d52c,start,rule1_continuous_disagreement,31:8,31,8,video,video,1785700085.917,,5.041,300.0,fisheye,"detector '8' ON, detector '31' OFF for 5.041s (threshold=5.0s)",8:31:42,0,
1785700096.616,2026-08-02 13:48:16.616252,201,9bdb883bc57d4d4993deecacb3c2ae67,start,rule1_continuous_disagreement,17:46,46,17,radar,video,1785700091.570,,5.046,300.0,fisheye,"detector '46' ON, detector '17' OFF for 5.046s (threshold=5.0s)",2:17:46,0,
1785700096.616,2026-08-02 13:48:16.616252,201,2db47c70109445d582e6a14274525eb2,start,rule1_continuous_disagreement,17:2,17,2,video,video,1785700091.570,,5.046,300.0,fisheye,"detector '2' ON, detector '17' OFF for 5.046s (threshold=5.0s)",2:17:46,1,9bdb883bc57d4d4993deecacb3c2ae67
1785700097.225,2026-08-02 13:48:17.225100,201,c75b10735a6045dc9cc7b9d73678d52c,stop,rule1_continuous_disagreement,31:8,31,8,video,video,,,0.0,300.0,fisheye,Rule 1 recording stopped after 5.1s post-roll,8:31:42,0,
1785700109.340,2026-08-02 13:48:29.339693,201,9bdb883bc57d4d4993deecacb3c2ae67,stop,rule1_continuous_disagreement,17:46,46,17,radar,video,,,0.0,300.0,fisheye,Rule 1 recording stopped after 5.0s post-roll,2:17:46,0,
1785700119.012,2026-08-02 13:48:39.012403,201,939da476ee44467896a3d9557d0dd3f1,stop,rule1_continuous_disagreement,22:39,39,22,radar,video,,,0.0,300.0,fisheye,Rule 1 recording stopped after 5.0s post-roll,4:22:39,0,
1785700159.613,2026-08-02 13:49:19.612875,201,4491fdd36adb444f98d3d32fd858bd4a,start,rule2_orphan_pulse,29:43,43,29,radar,video,1785700152.486,1785700154.574,2.088,17.088,fisheye,"orphan on detector '29': orphan pulse duration=2.088s window=[1785700147.486, 1785700159.574]",29:43,0,
1785700164.763,2026-08-02 13:49:24.762956,201,6c8280d67c58460aab8a4b664e44d574,start,rule2_orphan_pulse,29:43,43,29,radar,video,1785700154.904,1785700159.696,4.792,19.792,fisheye,"orphan on detector '29': orphan pulse duration=4.792s window=[1785700149.904, 1785700164.696]",29:43,0,
1785700184.223,2026-08-02 13:49:44.223293,201,3849ef9771e548d0a2a7b86c73b79565,start,rule1_continuous_disagreement,31:42,42,31,radar,video,1785700179.183,,5.04,300.0,fisheye,"detector '42' ON, detector '31' OFF for 5.04s (threshold=5.0s)",8:31:42,0,
1785700184.227,2026-08-02 13:49:44.227336,201,3239736088a04ed580b13ca3cf38e4d0,start,rule1_continuous_disagreement,42:8,8,42,video,radar,1785700179.183,,5.044,300.0,fisheye,"detector '42' ON, detector '8' OFF for 5.044s (threshold=5.0s)",8:31:42,1,3849ef9771e548d0a2a7b86c73b79565
1785700184.530,2026-08-02 13:49:44.530452,201,bf7f95b434cb44b6925bea2e7b430fd5,start,rule1_continuous_disagreement,26:33,33,26,radar,video,1785700179.485,,5.045,300.0,fisheye,"detector '26' ON, detector '33' OFF for 5.045s (threshold=5.0s)",26:33,0,
1785700193.098,2026-08-02 13:49:53.098444,201,bf7f95b434cb44b6925bea2e7b430fd5,stop,rule1_continuous_disagreement,26:33,33,26,radar,video,,,0.0,300.0,fisheye,Rule 1 recording stopped after 5.0s post-roll,26:33,0,
1785700196.930,2026-08-02 13:49:56.929808,201,3d536fbb6ebc47c5b0eaca8233394bfa,start,rule2_orphan_pulse,30:41,41,30,radar,video,1785700190.578,1785700191.922,1.344,16.344,fisheye,"orphan on detector '30': orphan pulse duration=1.344s window=[1785700185.578, 1785700196.922]",3:30:41,0,
1785700235.723,2026-08-02 13:50:35.723011,201,b9cc4527f5a94a13a1131eea50174d3c,start,rule1_continuous_disagreement,17:46,46,17,radar,video,1785700230.683,,5.04,300.0,fisheye,"detector '17' ON, detector '46' OFF for 5.04s (threshold=5.0s)",2:17:46,0,
1785700235.727,2026-08-02 13:50:35.726761,201,75fdec49f2174523a3bb4c13a38de5e8,start,rule1_continuous_disagreement,2:46,2,46,video,radar,1785700230.683,,5.044,300.0,fisheye,"detector '2' ON, detector '46' OFF for 5.044s (threshold=5.0s)",2:17:46,1,b9cc4527f5a94a13a1131eea50174d3c
1785700248.936,2026-08-02 13:50:48.935564,201,bfdfcb1b91f04f738aeb5cb52cd6d1c3,start,rule2_orphan_pulse,31:8,31,8,video,video,1785700239.215,1785700243.926,4.711,19.711,fisheye,"orphan on detector '8': orphan pulse duration=4.711s window=[1785700234.215, 1785700248.926]",8:31:42,0,
1785700287.797,2026-08-02 13:51:27.796803,201,b9cc4527f5a94a13a1131eea50174d3c,stop,rule1_continuous_disagreement,17:46,46,17,radar,video,,,0.0,300.0,fisheye,Rule 1 recording stopped after 5.1s post-roll,2:17:46,0,
1785700293.458,2026-08-02 13:51:33.457931,201,3849ef9771e548d0a2a7b86c73b79565,stop,rule1_continuous_disagreement,31:42,42,31,radar,video,,,0.0,300.0,fisheye,Rule 1 recording stopped after 5.0s post-roll,8:31:42,0,
1785700316.254,2026-08-02 13:51:56.254261,201,15335e16f5924ae1adb79b7b3f916fcb,start,rule2_orphan_pulse,31:42,42,31,radar,video,1785700309.888,1785700311.171,1.282,16.282,fisheye,"orphan on detector '31': orphan pulse duration=1.282s window=[1785700304.888, 1785700316.171]",8:31:42,0,
1785700317.267,2026-08-02 13:51:57.267146,201,c82edf00db224370a74e2aef7d7c7521,start,rule1_continuous_disagreement,31:8,31,8,video,video,1785700312.224,,5.043,300.0,fisheye,"detector '8' ON, detector '31' OFF for 5.043s (threshold=5.0s)",8:31:42,0,
1785700326.052,2026-08-02 13:52:06.051878,201,c82edf00db224370a74e2aef7d7c7521,stop,rule1_continuous_disagreement,31:8,31,8,video,video,,,0.0,300.0,fisheye,Rule 1 recording stopped after 5.0s post-roll,8:31:42,0,
1785700352.866,2026-08-02 13:52:32.865828,201,bda3441f7c0a43b8bca737bbdbbb2e16,start,rule1_continuous_disagreement,17:46,46,17,radar,video,1785700347.831,,5.035,300.0,fisheye,"detector '17' ON, detector '46' OFF for 5.035s (threshold=5.0s)",2:17:46,0,
1785700352.870,2026-08-02 13:52:32.869996,201,c08d88fb27c8460b86aa2b6e1b48d118,start,rule1_continuous_disagreement,2:46,2,46,video,radar,1785700347.831,,5.039,300.0,fisheye,"detector '2' ON, detector '46' OFF for 5.039s (threshold=5.0s)",2:17:46,1,bda3441f7c0a43b8bca737bbdbbb2e16
1785700359.630,2026-08-02 13:52:39.629897,201,7072e775b4954c6ebd08d226a3e07415,start,rule2_orphan_pulse,22:39,39,22,radar,video,1785700353.618,1785700354.556,0.939,15.939,fisheye,"orphan on detector '39': orphan pulse duration=0.939s window=[1785700348.618, 1785700359.556]",4:22:39,0,
1785700359.632,2026-08-02 13:52:39.631817,201,a292bca7cf4a43449db3b1c03b1fff39,start,rule2_orphan_pulse,39:4,4,39,video,radar,1785700353.618,1785700354.556,0.939,15.939,fisheye,"orphan on detector '39': orphan pulse duration=0.939s window=[1785700348.618, 1785700359.556]",4:22:39,1,7072e775b4954c6ebd08d226a3e07415
1785700383.069,2026-08-02 13:53:03.069425,201,bda3441f7c0a43b8bca737bbdbbb2e16,stop,rule1_continuous_disagreement,17:46,46,17,radar,video,,,0.0,300.0,fisheye,Rule 1 recording stopped after 5.0s post-roll,2:17:46,0,
1785700393.976,2026-08-02 13:53:13.976042,201,77514b7c30f8404296e31d367c3c1d7c,start,rule1_continuous_disagreement,22:39,39,22,radar,video,1785700388.921,,5.055,300.0,fisheye,"detector '39' ON, detector '22' OFF for 5.055s (threshold=5.0s)",4:22:39,0,
1785700393.976,2026-08-02 13:53:13.976042,201,5514f966e9d947528a7c46a67dc8697f,start,rule1_continuous_disagreement,39:4,4,39,video,radar,1785700388.921,,5.055,300.0,fisheye,"detector '39' ON, detector '4' OFF for 5.055s (threshold=5.0s)",4:22:39,1,77514b7c30f8404296e31d367c3c1d7c
1785700491.028,2026-08-02 13:54:51.027918,201,77514b7c30f8404296e31d367c3c1d7c,stop,rule1_continuous_disagreement,22:39,39,22,radar,video,,,0.0,300.0,fisheye,Rule 1 recording stopped after 5.0s post-roll,4:22:39,0,
1785700513.024,2026-08-02 13:55:13.024485,201,0d03c9324c7949d98ca45512e917a178,start,rule1_continuous_disagreement,17:46,46,17,radar,video,1785700507.978,,5.046,300.0,fisheye,"detector '17' ON, detector '46' OFF for 5.046s (threshold=5.0s)",2:17:46,0,
1785700513.026,2026-08-02 13:55:13.026006,201,92f372100e8447ceb85856bcc6b00cfc,start,rule1_continuous_disagreement,2:46,2,46,video,radar,1785700507.978,,5.048,300.0,fisheye,"detector '2' ON, detector '46' OFF for 5.048s (threshold=5.0s)",2:17:46,1,0d03c9324c7949d98ca45512e917a178
1785700534.208,2026-08-02 13:55:34.208464,201,0d03c9324c7949d98ca45512e917a178,stop,rule1_continuous_disagreement,17:46,46,17,radar,video,,,0.0,300.0,fisheye,Rule 1 recording stopped after 5.0s post-roll,2:17:46,0,
1785700552.447,2026-08-02 13:55:52.446823,201,f3d26234434c41baa741a99d8b5f571d,start,rule1_continuous_disagreement,42:8,8,42,video,radar,1785700547.410,,5.037,300.0,fisheye,"detector '8' ON, detector '42' OFF for 5.037s (threshold=5.0s)",8:31:42,0,
1785700556.181,2026-08-02 13:55:56.180844,201,9e91a9c99e4940dcbfe563f1c04c90d4,start,rule1_continuous_disagreement,22:39,39,22,radar,video,1785700551.134,,5.047,300.0,fisheye,"detector '39' ON, detector '22' OFF for 5.047s (threshold=5.0s)",4:22:39,0,
1785700556.185,2026-08-02 13:55:56.184636,201,053f6e11e86c45bca113fdc764faaf40,start,rule1_continuous_disagreement,39:4,4,39,video,radar,1785700551.134,,5.051,300.0,fisheye,"detector '39' ON, detector '4' OFF for 5.051s (threshold=5.0s)",4:22:39,1,9e91a9c99e4940dcbfe563f1c04c90d4
1785700558.399,2026-08-02 13:55:58.398908,201,f3d26234434c41baa741a99d8b5f571d,stop,rule1_continuous_disagreement,42:8,8,42,video,radar,,,0.0,300.0,fisheye,Rule 1 recording stopped after 5.0s post-roll,8:31:42,0,
1785700558.711,2026-08-02 13:55:58.710754,201,a9e235e0c6ba4661865241a4573a30c5,start,rule2_orphan_pulse,31:42,42,31,radar,video,1785700552.346,1785700553.670,1.324,16.323999999999998,fisheye,"orphan on detector '31': orphan pulse duration=1.324s window=[1785700547.346, 1785700558.670]",8:31:42,0,
1785700618.836,2026-08-02 13:56:58.835644,201,2462d9882ed74dbda8f5e7eaf770d11b,start,rule2_orphan_pulse,3:30,30,3,video,video,1785700609.902,1785700613.783,3.881,18.881,fisheye,"orphan on detector '3': orphan pulse duration=3.881s window=[1785700604.902, 1785700618.783]",3:30:41,0,
1785700618.836,2026-08-02 13:56:58.835644,201,620b2dc4918c423492dedacdbb55b441,start,rule2_orphan_pulse,3:41,3,41,video,radar,1785700609.902,1785700613.783,3.881,18.881,fisheye,"orphan on detector '3': orphan pulse duration=3.881s window=[1785700604.902, 1785700618.783]",3:30:41,1,2462d9882ed74dbda8f5e7eaf770d11b
1785700674.129,2026-08-02 13:57:54.128826,201,9e91a9c99e4940dcbfe563f1c04c90d4,stop,rule1_continuous_disagreement,22:39,39,22,radar,video,,,0.0,300.0,fisheye,Rule 1 recording stopped after 5.0s post-roll,4:22:39,0,
1785700690.055,2026-08-02 13:58:10.055482,201,48a54cbab3254a468c2fa84d534f1959,start,rule1_continuous_disagreement,22:39,39,22,radar,video,1785700685.018,,5.037,300.0,fisheye,"detector '39' ON, detector '22' OFF for 5.037s (threshold=5.0s)",4:22:39,0,
1785700690.058,2026-08-02 13:58:10.057540,201,1fdf431a08184c02a0cfdb1f6b67c4b4,start,rule1_continuous_disagreement,39:4,4,39,video,radar,1785700685.018,,5.04,300.0,fisheye,"detector '39' ON, detector '4' OFF for 5.04s (threshold=5.0s)",4:22:39,1,48a54cbab3254a468c2fa84d534f1959
1785700695.917,2026-08-02 13:58:15.916525,201,2143a55ae00d41b1b1dbd974edb24187,start,rule2_orphan_pulse,3:41,3,41,video,radar,1785700689.610,1785700690.915,1.304,16.304000000000002,fisheye,"orphan on detector '3': orphan pulse duration=1.304s window=[1785700684.610, 1785700695.915]",3:30:41,0,
1785700696.931,2026-08-02 13:58:16.930666,201,b4aa16ce167140bbb4b73fc1c57bf9aa,start,rule2_orphan_pulse,30:41,41,30,radar,video,1785700690.585,1785700691.926,1.341,16.341,fisheye,"orphan on detector '30': orphan pulse duration=1.341s window=[1785700685.585, 1785700696.926]",3:30:41,0,
1785700718.628,2026-08-02 13:58:38.627950,201,6e6c66b3b7f84bc190a338e1057a8276,start,rule2_orphan_pulse,3:41,3,41,video,radar,1785700708.753,1785700713.566,4.813,19.813,fisheye,"orphan on detector '3': orphan pulse duration=4.813s window=[1785700703.753, 1785700718.566]",3:30:41,0,
1785700727.709,2026-08-02 13:58:47.708656,201,62ef213c46324719bfa1cd6b02a24a82,start,rule2_orphan_pulse,3:30,30,3,video,video,1785700719.713,1785700722.704,2.99,17.990000000000002,fisheye,"orphan on detector '3': orphan pulse duration=2.99s window=[1785700714.713, 1785700727.704]",3:30:41,0,
1785700727.712,2026-08-02 13:58:47.711662,201,302eb2f84a904b0eb3982e08370c1ba7,start,rule2_orphan_pulse,3:41,3,41,video,radar,1785700719.713,1785700722.704,2.99,17.990000000000002,fisheye,"orphan on detector '3': orphan pulse duration=2.99s window=[1785700714.713, 1785700727.704]",3:30:41,1,62ef213c46324719bfa1cd6b02a24a82
1785700741.225,2026-08-02 13:59:01.224808,201,2230644c34ee4590ab1c60beefc40e82,start,rule1_continuous_disagreement,3:30,30,3,video,video,1785700736.186,,5.039,300.0,fisheye,"detector '3' ON, detector '30' OFF for 5.039s (threshold=5.0s)",3:30:41,0,
1785700741.228,2026-08-02 13:59:01.228204,201,116d99484aea45cfa9ee04b4f8f8696f,start,rule1_continuous_disagreement,3:41,3,41,video,radar,1785700736.186,,5.042,300.0,fisheye,"detector '3' ON, detector '41' OFF for 5.042s (threshold=5.0s)",3:30:41,1,2230644c34ee4590ab1c60beefc40e82
1785700746.576,2026-08-02 13:59:06.576296,201,2230644c34ee4590ab1c60beefc40e82,stop,rule1_continuous_disagreement,3:30,30,3,video,video,,,0.0,300.0,fisheye,Rule 1 recording stopped after 5.0s post-roll,3:30:41,0,
1785700763.631,2026-08-02 13:59:23.631282,201,d3dd4e1bcff64962bcda3876816572d2,start,rule2_orphan_pulse,30:41,41,30,radar,video,1785700756.933,1785700758.581,1.648,16.648,fisheye,"orphan on detector '30': orphan pulse duration=1.648s window=[1785700751.933, 1785700763.581]",3:30:41,0,
1785700789.037,2026-08-02 13:59:49.036873,201,25df825000e940bda93bab42b866ac65,start,rule2_orphan_pulse,3:41,3,41,video,radar,1785700780.315,1785700783.950,3.636,18.636,fisheye,"orphan on detector '3': orphan pulse duration=3.636s window=[1785700775.315, 1785700788.950]",3:30:41,0,
1785700790.049,2026-08-02 13:59:50.049196,201,95fdc06cea304ad19ce39e2b9686bcc3,start,rule1_continuous_disagreement,31:8,31,8,video,video,1785700785.005,,5.044,300.0,fisheye,"detector '8' ON, detector '31' OFF for 5.044s (threshold=5.0s)",8:31:42,0,
1785700790.049,2026-08-02 13:59:50.049196,201,921bfe1e35b24f1e9072cd00a676936f,start,rule1_continuous_disagreement,42:8,8,42,video,radar,1785700785.005,,5.044,300.0,fisheye,"detector '8' ON, detector '42' OFF for 5.044s (threshold=5.0s)",8:31:42,1,95fdc06cea304ad19ce39e2b9686bcc3
1785700798.321,2026-08-02 13:59:58.321482,201,95fdc06cea304ad19ce39e2b9686bcc3,stop,rule1_continuous_disagreement,31:8,31,8,video,video,,,0.0,300.0,fisheye,Rule 1 recording stopped after 5.0s post-roll,8:31:42,0,
1785700853.146,2026-08-02 14:00:53.146117,201,99f7d6d959384ce8abc2f393f8c7478b,start,rule2_orphan_pulse,3:30,30,3,video,video,1785700843.897,1785700848.105,4.208,19.208,fisheye,"orphan on detector '3': orphan pulse duration=4.208s window=[1785700838.897, 1785700853.105]",3:30:41,0,
1785700853.149,2026-08-02 14:00:53.149184,201,02730501f71e4ffc9f65ad109c79d429,start,rule2_orphan_pulse,3:41,3,41,video,radar,1785700843.897,1785700848.105,4.208,19.208,fisheye,"orphan on detector '3': orphan pulse duration=4.208s window=[1785700838.897, 1785700853.105]",3:30:41,1,99f7d6d959384ce8abc2f393f8c7478b
1785700862.134,2026-08-02 14:01:02.134203,201,48a54cbab3254a468c2fa84d534f1959,stop,rule1_continuous_disagreement,22:39,39,22,radar,video,,,0.0,300.0,fisheye,Rule 1 recording stopped after 5.1s post-roll,4:22:39,0,
1785700866.171,2026-08-02 14:01:06.171079,201,8f583d0831d64cb18910ed8f64f507a1,start,rule1_continuous_disagreement,30:41,41,30,radar,video,1785700861.125,,5.046,300.0,fisheye,"detector '30' ON, detector '41' OFF for 5.046s (threshold=5.0s)",3:30:41,0,
1785700879.376,2026-08-02 14:01:19.376043,201,8f583d0831d64cb18910ed8f64f507a1,stop,rule1_continuous_disagreement,30:41,41,30,radar,video,,,0.0,300.0,fisheye,Rule 1 recording stopped after 5.0s post-roll,3:30:41,0,
1785700884.020,2026-08-02 14:01:24.019959,201,934d46ca854742a880d57d719ee6594f,start,rule2_orphan_pulse,29:43,43,29,radar,video,1785700877.596,1785700878.945,1.348,16.348,fisheye,"orphan on detector '29': orphan pulse duration=1.348s window=[1785700872.596, 1785700883.945]",29:43,0,
1785700884.022,2026-08-02 14:01:24.021973,201,36f5390ccfa946a49c0743829655fd14,start,rule2_orphan_pulse,22:39,39,22,radar,video,1785700875.584,1785700878.945,3.361,18.361,fisheye,"orphan on detector '39': orphan pulse duration=3.361s window=[1785700870.584, 1785700883.945]",4:22:39,0,
1785700884.025,2026-08-02 14:01:24.024543,201,9e9f3da1b8cc4718a3292e59129d92b1,start,rule2_orphan_pulse,39:4,4,39,video,radar,1785700875.584,1785700878.945,3.361,18.361,fisheye,"orphan on detector '39': orphan pulse duration=3.361s window=[1785700870.584, 1785700883.945]",4:22:39,1,36f5390ccfa946a49c0743829655fd14
1785700945.004,2026-08-02 14:02:25.003596,201,95e4769718cc4980a60b6b1b33f6d64f,start,rule2_orphan_pulse,31:8,31,8,video,video,1785700935.097,1785700939.950,4.853,19.853,fisheye,"orphan on detector '8': orphan pulse duration=4.853s window=[1785700930.097, 1785700944.950]",8:31:42,0,
1785700945.006,2026-08-02 14:02:25.006113,201,8afef360943e42fbae0cc8e95baba268,start,rule2_orphan_pulse,42:8,8,42,video,radar,1785700935.097,1785700939.950,4.853,19.853,fisheye,"orphan on detector '8': orphan pulse duration=4.853s window=[1785700930.097, 1785700944.950]",8:31:42,1,95e4769718cc4980a60b6b1b33f6d64f
1785701057.558,2026-08-02 14:04:17.558109,201,2af228632eff432e8311fbd001da2056,start,rule1_continuous_disagreement,22:39,39,22,radar,video,1785701052.518,,5.04,300.0,fisheye,"detector '39' ON, detector '22' OFF for 5.04s (threshold=5.0s)",4:22:39,0,
1785701057.561,2026-08-02 14:04:17.560879,201,8908766148db45b1a3e1f5db74a3f5fb,start,rule1_continuous_disagreement,39:4,4,39,video,radar,1785701052.518,,5.043,300.0,fisheye,"detector '39' ON, detector '4' OFF for 5.043s (threshold=5.0s)",4:22:39,1,2af228632eff432e8311fbd001da2056
1785701057.561,2026-08-02 14:04:17.560879,201,4d2a227129e946b2a9833d034473dc8e,start,rule1_continuous_disagreement,31:8,31,8,video,video,1785701052.518,,5.043,300.0,fisheye,"detector '8' ON, detector '31' OFF for 5.043s (threshold=5.0s)",8:31:42,0,
1785701057.563,2026-08-02 14:04:17.562876,201,ea4b4d89f908430abb04e39f47b7b059,start,rule1_continuous_disagreement,42:8,8,42,video,radar,1785701052.518,,5.045,300.0,fisheye,"detector '8' ON, detector '42' OFF for 5.045s (threshold=5.0s)",8:31:42,1,4d2a227129e946b2a9833d034473dc8e
1785701063.024,2026-08-02 14:04:23.023814,201,4d2a227129e946b2a9833d034473dc8e,stop,rule1_continuous_disagreement,31:8,31,8,video,video,,,0.0,300.0,fisheye,Rule 1 recording stopped after 5.1s post-roll,8:31:42,0,
1785701077.533,2026-08-02 14:04:37.532602,201,8206e6f68f1c4e80bf7db1e80fe48372,start,rule2_orphan_pulse,29:43,43,29,radar,video,1785701070.152,1785701072.437,2.285,17.285,fisheye,"orphan on detector '29': orphan pulse duration=2.285s window=[1785701065.152, 1785701077.437]",29:43,0,
1785701086.920,2026-08-02 14:04:46.919599,201,7aa9559459444dcf83ca2550393c3185,start,rule2_orphan_pulse,29:43,43,29,radar,video,1785701079.586,1785701081.856,2.27,17.27,fisheye,"orphan on detector '29': orphan pulse duration=2.27s window=[1785701074.586, 1785701086.856]",29:43,0,
1785701089.543,2026-08-02 14:04:49.543072,201,9c0b827c620c40b6a73ac00ffdd4a31d,start,rule1_continuous_disagreement,31:42,42,31,radar,video,1785701084.500,,5.043,300.0,fisheye,"detector '31' ON, detector '42' OFF for 5.043s (threshold=5.0s)",8:31:42,0,
1785701089.545,2026-08-02 14:04:49.545084,201,f8becdb5660d4d3794e53703ed02863c,start,rule1_continuous_disagreement,42:8,8,42,video,radar,1785701084.500,,5.045,300.0,fisheye,"detector '8' ON, detector '42' OFF for 5.045s (threshold=5.0s)",8:31:42,1,9c0b827c620c40b6a73ac00ffdd4a31d
1785701103.166,2026-08-02 14:05:03.166218,201,9c0b827c620c40b6a73ac00ffdd4a31d,stop,rule1_continuous_disagreement,31:42,42,31,radar,video,,,0.0,300.0,fisheye,Rule 1 recording stopped after 5.0s post-roll,8:31:42,0,
1785701113.354,2026-08-02 14:05:13.353552,201,486bf23a7c6c426fbf7e5170d80b6ec4,start,rule1_continuous_disagreement,29:43,43,29,radar,video,1785701108.315,,5.039,300.0,fisheye,"detector '43' ON, detector '29' OFF for 5.039s (threshold=5.0s)",29:43,0,
1785701252.216,2026-08-02 14:07:32.216300,201,2af228632eff432e8311fbd001da2056,stop,rule1_continuous_disagreement,22:39,39,22,radar,video,,,0.0,300.0,fisheye,Rule 1 recording stopped after 5.0s post-roll,4:22:39,0,
1785701274.696,2026-08-02 14:07:54.695998,201,e4f5decf6e014d2aafbd0e5ab8923934,start,rule1_continuous_disagreement,26:33,33,26,radar,video,1785701269.662,,5.034,300.0,fisheye,"detector '26' ON, detector '33' OFF for 5.034s (threshold=5.0s)",26:33,0,
1785701284.774,2026-08-02 14:08:04.773762,201,6787ae08ed2740628b164f5f42223acf,start,rule1_continuous_disagreement,17:46,46,17,radar,video,1785701279.737,,5.037,300.0,fisheye,"detector '17' ON, detector '46' OFF for 5.037s (threshold=5.0s)",2:17:46,0,
1785701284.774,2026-08-02 14:08:04.773762,201,47220ca209724232ac6b648901561b21,start,rule1_continuous_disagreement,2:46,2,46,video,radar,1785701279.737,,5.037,300.0,fisheye,"detector '2' ON, detector '46' OFF for 5.037s (threshold=5.0s)",2:17:46,1,6787ae08ed2740628b164f5f42223acf
1785701286.796,2026-08-02 14:08:06.795691,201,e4f5decf6e014d2aafbd0e5ab8923934,stop,rule1_continuous_disagreement,26:33,33,26,radar,video,,,0.0,300.0,fisheye,Rule 1 recording stopped after 5.0s post-roll,26:33,0,
1785701297.089,2026-08-02 14:08:17.089359,201,486bf23a7c6c426fbf7e5170d80b6ec4,stop,rule1_continuous_disagreement,29:43,43,29,radar,video,,,0.0,300.0,fisheye,Rule 1 recording stopped after 5.0s post-roll,29:43,0,
1785701322.708,2026-08-02 14:08:42.707672,201,6787ae08ed2740628b164f5f42223acf,stop,rule1_continuous_disagreement,17:46,46,17,radar,video,,,0.0,300.0,fisheye,Rule 1 recording stopped after 5.0s post-roll,2:17:46,0,
1785701345.822,2026-08-02 14:09:05.821736,201,bc05283e614245ff9a00156c156031b6,start,rule1_continuous_disagreement,31:8,31,8,video,video,1785701340.773,,5.049,300.0,fisheye,"detector '8' ON, detector '31' OFF for 5.049s (threshold=5.0s)",8:31:42,0,
1785701345.828,2026-08-02 14:09:05.827773,201,981a8af58d7b4758aeea80da6ba8de87,start,rule1_continuous_disagreement,42:8,8,42,video,radar,1785701340.773,,5.055,300.0,fisheye,"detector '8' ON, detector '42' OFF for 5.055s (threshold=5.0s)",8:31:42,1,bc05283e614245ff9a00156c156031b6
1785701354.008,2026-08-02 14:09:14.007783,201,80430a8328504684b36f576a296c8c5a,start,rule1_continuous_disagreement,30:41,41,30,radar,video,1785701348.955,,5.053,300.0,fisheye,"detector '30' ON, detector '41' OFF for 5.053s (threshold=5.0s)",3:30:41,0,
1785701354.008,2026-08-02 14:09:14.007783,201,89cd7b78127749ae84173982237f2d74,start,rule1_continuous_disagreement,3:41,3,41,video,radar,1785701348.955,,5.053,300.0,fisheye,"detector '3' ON, detector '41' OFF for 5.053s (threshold=5.0s)",3:30:41,1,80430a8328504684b36f576a296c8c5a
1785701356.328,2026-08-02 14:09:16.327838,201,bc05283e614245ff9a00156c156031b6,stop,rule1_continuous_disagreement,31:8,31,8,video,video,,,0.0,300.0,fisheye,Rule 1 recording stopped after 5.0s post-roll,8:31:42,0,
1785701416.347,2026-08-02 14:10:16.346864,201,08e3bbb2521c4794b814577bd038677e,start,rule1_continuous_disagreement,29:43,43,29,radar,video,1785701411.308,,5.039,300.0,fisheye,"detector '43' ON, detector '29' OFF for 5.039s (threshold=5.0s)",29:43,0,
1785701423.813,2026-08-02 14:10:23.813475,201,02d11acb42e54ba68596ff234dcdb0f5,start,rule2_orphan_pulse,31:8,31,8,video,video,1785701417.435,1785701418.770,1.336,16.336,fisheye,"orphan on detector '8': orphan pulse duration=1.336s window=[1785701412.435, 1785701423.770]",8:31:42,0,
1785701423.815,2026-08-02 14:10:23.815482,201,431f58e604084dd2b79bc7800bdf1c51,start,rule2_orphan_pulse,42:8,8,42,video,radar,1785701417.435,1785701418.770,1.336,16.336,fisheye,"orphan on detector '8': orphan pulse duration=1.336s window=[1785701412.435, 1785701423.770]",8:31:42,1,02d11acb42e54ba68596ff234dcdb0f5
1785701453.459,2026-08-02 14:10:53.459456,201,08e3bbb2521c4794b814577bd038677e,stop,rule1_continuous_disagreement,29:43,43,29,radar,video,,,0.0,300.0,fisheye,Rule 1 recording stopped after 5.0s post-roll,29:43,0,
1785701463.354,2026-08-02 14:11:03.354065,201,0ed4af9af1844fea81d0812d72655714,start,rule2_orphan_pulse,31:42,42,31,radar,video,1785701456.641,1785701458.281,1.64,16.64,fisheye,"orphan on detector '31': orphan pulse duration=1.64s window=[1785701451.641, 1785701463.281]",8:31:42,0,
1785701475.472,2026-08-02 14:11:15.471726,201,80430a8328504684b36f576a296c8c5a,stop,rule1_continuous_disagreement,30:41,41,30,radar,video,,,0.0,300.0,fisheye,Rule 1 recording stopped after 5.0s post-roll,3:30:41,0,
1785701557.067,2026-08-02 14:12:37.066789,201,8971e501fac546c4b20cc52dce2bd1a6,start,rule1_continuous_disagreement,31:8,31,8,video,video,1785701552.033,,5.034,300.0,fisheye,"detector '8' ON, detector '31' OFF for 5.034s (threshold=5.0s)",8:31:42,0,
1785701557.067,2026-08-02 14:12:37.066789,201,098e1be595bd433a8d050a0a4ea42b55,start,rule1_continuous_disagreement,42:8,8,42,video,radar,1785701552.033,,5.034,300.0,fisheye,"detector '8' ON, detector '42' OFF for 5.034s (threshold=5.0s)",8:31:42,1,8971e501fac546c4b20cc52dce2bd1a6
1785701563.025,2026-08-02 14:12:43.025135,201,8971e501fac546c4b20cc52dce2bd1a6,stop,rule1_continuous_disagreement,31:8,31,8,video,video,,,0.0,300.0,fisheye,Rule 1 recording stopped after 5.0s post-roll,8:31:42,0,
1785701587.260,2026-08-02 14:13:07.260177,201,f9d49c5c760c471cbf18703bfb1f1741,start,rule1_continuous_disagreement,22:39,39,22,radar,video,1785701582.206,,5.054,300.0,fisheye,"detector '39' ON, detector '22' OFF for 5.054s (threshold=5.0s)",4:22:39,0,
1785701587.265,2026-08-02 14:13:07.264992,201,48d8de4ed62745138fb7b94b8991d8a2,start,rule1_continuous_disagreement,39:4,4,39,video,radar,1785701582.206,,5.059,300.0,fisheye,"detector '39' ON, detector '4' OFF for 5.059s (threshold=5.0s)",4:22:39,1,f9d49c5c760c471cbf18703bfb1f1741
1785701604.302,2026-08-02 14:13:24.302188,201,e379e102132047deb90eb1c7a6caa660,start,rule2_orphan_pulse,31:42,42,31,radar,video,1785701598.241,1785701599.240,1.0,16.0,fisheye,"orphan on detector '31': orphan pulse duration=1.0s window=[1785701593.241, 1785701604.240]",8:31:42,0,
1785701614.079,2026-08-02 14:13:34.079043,201,2f23db4769ad40269445518d2b9389ce,start,rule2_orphan_pulse,30:41,41,30,radar,video,1785701608.042,1785701609.005,0.962,15.962,fisheye,"orphan on detector '30': orphan pulse duration=0.962s window=[1785701603.042, 1785701614.005]",3:30:41,0,
1785701616.402,2026-08-02 14:13:36.401693,201,b12f3fe95e8946c5bf43ae5de30e0228,start,rule2_orphan_pulse,3:41,3,41,video,radar,1785701609.654,1785701611.305,1.651,16.651,fisheye,"orphan on detector '3': orphan pulse duration=1.651s window=[1785701604.654, 1785701616.305]",3:30:41,0,
1785701622.552,2026-08-02 14:13:42.551615,201,d01c8f1c6e9447439deef9fc919b9fba,start,rule1_continuous_disagreement,31:8,31,8,video,video,1785701617.511,,5.041,300.0,fisheye,"detector '8' ON, detector '31' OFF for 5.041s (threshold=5.0s)",8:31:42,0,
1785701622.557,2026-08-02 14:13:42.557139,201,992e666a574c45f1ba88b41911de35f6,start,rule1_continuous_disagreement,42:8,8,42,video,radar,1785701617.511,,5.046,300.0,fisheye,"detector '8' ON, detector '42' OFF for 5.046s (threshold=5.0s)",8:31:42,1,d01c8f1c6e9447439deef9fc919b9fba
1785701627.897,2026-08-02 14:13:47.896520,201,d01c8f1c6e9447439deef9fc919b9fba,stop,rule1_continuous_disagreement,31:8,31,8,video,video,,,0.0,300.0,fisheye,Rule 1 recording stopped after 5.0s post-roll,8:31:42,0,
1785701637.586,2026-08-02 14:13:57.585953,201,d8dea2abe1454a4582c7c68dd22b4356,start,rule2_orphan_pulse,3:30,30,3,video,video,1785701631.200,1785701632.489,1.288,16.288,fisheye,"orphan on detector '3': orphan pulse duration=1.288s window=[1785701626.200, 1785701637.489]",3:30:41,0,
1785701637.588,2026-08-02 14:13:57.588478,201,3f0ff79bf38b46ababcb002b91cd0d12,start,rule2_orphan_pulse,3:41,3,41,video,radar,1785701631.200,1785701632.489,1.288,16.288,fisheye,"orphan on detector '3': orphan pulse duration=1.288s window=[1785701626.200, 1785701637.489]",3:30:41,1,d8dea2abe1454a4582c7c68dd22b4356
1785701645.242,2026-08-02 14:14:05.241989,201,f9d49c5c760c471cbf18703bfb1f1741,stop,rule1_continuous_disagreement,22:39,39,22,radar,video,,,0.0,300.0,fisheye,Rule 1 recording stopped after 5.0s post-roll,4:22:39,0,
1785701664.105,2026-08-02 14:14:24.105489,201,73f429f796a142edae7cfa3f70ba8f7c,start,rule2_orphan_pulse,31:8,31,8,video,video,1785701655.163,1785701659.053,3.89,18.89,fisheye,"orphan on detector '8': orphan pulse duration=3.89s window=[1785701650.163, 1785701664.053]",8:31:42,0,
1785701664.110,2026-08-02 14:14:24.110489,201,2507f45fbca44a4389bb187c4ef7a65d,start,rule2_orphan_pulse,42:8,8,42,video,radar,1785701655.163,1785701659.053,3.89,18.89,fisheye,"orphan on detector '8': orphan pulse duration=3.89s window=[1785701650.163, 1785701664.053]",8:31:42,1,73f429f796a142edae7cfa3f70ba8f7c
1785701671.271,2026-08-02 14:14:31.271190,201,abf43e9f15ff481ba814d27a899b56d1,start,rule1_continuous_disagreement,22:39,39,22,radar,video,1785701666.230,,5.041,300.0,fisheye,"detector '39' ON, detector '22' OFF for 5.041s (threshold=5.0s)",4:22:39,0,
1785701671.271,2026-08-02 14:14:31.271190,201,a72fe3372cb44bd8b9d2195bc1ef1938,start,rule1_continuous_disagreement,39:4,4,39,video,radar,1785701666.230,,5.041,300.0,fisheye,"detector '39' ON, detector '4' OFF for 5.041s (threshold=5.0s)",4:22:39,1,abf43e9f15ff481ba814d27a899b56d1
1785701695.180,2026-08-02 14:14:55.180015,201,abf43e9f15ff481ba814d27a899b56d1,stop,rule1_continuous_disagreement,22:39,39,22,radar,video,,,0.0,300.0,fisheye,Rule 1 recording stopped after 5.0s post-roll,4:22:39,0,
1785701734.545,2026-08-02 14:15:34.544638,201,e77c4fbe8dc644b48f8627f1a40c8fbe,start,rule2_orphan_pulse,42:8,8,42,video,radar,1785701727.873,1785701729.539,1.666,16.666,fisheye,"orphan on detector '8': orphan pulse duration=1.666s window=[1785701722.873, 1785701734.539]",8:31:42,0,
1785701735.555,2026-08-02 14:15:35.555465,201,5461fb85958d44e1889105bf39a8e66c,start,rule2_orphan_pulse,31:42,42,31,radar,video,1785701728.207,1785701730.531,2.324,17.323999999999998,fisheye,"orphan on detector '31': orphan pulse duration=2.324s window=[1785701723.207, 1785701735.531]",8:31:42,0,
1785701843.162,2026-08-02 14:17:23.161677,201,ff1b3479e9de4362a5d97a633e6fd4b4,start,rule2_orphan_pulse,31:8,31,8,video,video,1785701833.121,1785701838.061,4.94,19.94,fisheye,"orphan on detector '8': orphan pulse duration=4.94s window=[1785701828.121, 1785701843.061]",8:31:42,0,
1785701843.165,2026-08-02 14:17:23.165279,201,03de72bf463c4d1988f4c470abf880b2,start,rule2_orphan_pulse,42:8,8,42,video,radar,1785701833.121,1785701838.061,4.94,19.94,fisheye,"orphan on detector '8': orphan pulse duration=4.94s window=[1785701828.121, 1785701843.061]",8:31:42,1,ff1b3479e9de4362a5d97a633e6fd4b4
1785701847.100,2026-08-02 14:17:27.099574,201,7cc1edcc98ec4b6b801e4140ec962a21,start,rule1_continuous_disagreement,22:39,39,22,radar,video,1785701842.049,,5.051,300.0,fisheye,"detector '39' ON, detector '22' OFF for 5.051s (threshold=5.0s)",4:22:39,0,
1785701847.102,2026-08-02 14:17:27.101735,201,78b492e3490c40bf88f84b077db5e39e,start,rule1_continuous_disagreement,39:4,4,39,video,radar,1785701842.049,,5.053,300.0,fisheye,"detector '39' ON, detector '4' OFF for 5.053s (threshold=5.0s)",4:22:39,1,7cc1edcc98ec4b6b801e4140ec962a21
1785701866.256,2026-08-02 14:17:46.255987,201,7cc1edcc98ec4b6b801e4140ec962a21,stop,rule1_continuous_disagreement,22:39,39,22,radar,video,,,0.0,300.0,fisheye,Rule 1 recording stopped after 5.0s post-roll,4:22:39,0,
1785701949.458,2026-08-02 14:19:09.457997,201,db2829aa92464f728957082dc96dd2c7,start,rule1_continuous_disagreement,31:8,31,8,video,video,1785701944.405,,5.053,300.0,fisheye,"detector '8' ON, detector '31' OFF for 5.053s (threshold=5.0s)",8:31:42,0,
1785701949.461,2026-08-02 14:19:09.461008,201,dad7b407487a42ccbf19b7220758bc77,start,rule1_continuous_disagreement,42:8,8,42,video,radar,1785701944.405,,5.056,300.0,fisheye,"detector '8' ON, detector '42' OFF for 5.056s (threshold=5.0s)",8:31:42,1,db2829aa92464f728957082dc96dd2c7
1785701954.721,2026-08-02 14:19:14.721500,201,db2829aa92464f728957082dc96dd2c7,stop,rule1_continuous_disagreement,31:8,31,8,video,video,,,0.0,300.0,fisheye,Rule 1 recording stopped after 5.1s post-roll,8:31:42,0,
1785701987.403,2026-08-02 14:19:47.403102,201,6f9ffb88c63b4a72810351790bae69e2,start,rule2_orphan_pulse,31:42,42,31,radar,video,1785701981.024,1785701982.391,1.367,16.367,fisheye,"orphan on detector '31': orphan pulse duration=1.367s window=[1785701976.024, 1785701987.391]",8:31:42,0,
1785702031.169,2026-08-02 14:20:31.168689,201,4cfad37022224a0f93345f4f12194717,start,rule1_continuous_disagreement,31:8,31,8,video,video,1785702026.128,,5.041,300.0,fisheye,"detector '8' ON, detector '31' OFF for 5.041s (threshold=5.0s)",8:31:42,0,
1785702031.169,2026-08-02 14:20:31.168689,201,9f21484f83f74f129564a0a3f8c40015,start,rule1_continuous_disagreement,42:8,8,42,video,radar,1785702026.128,,5.041,300.0,fisheye,"detector '8' ON, detector '42' OFF for 5.041s (threshold=5.0s)",8:31:42,1,4cfad37022224a0f93345f4f12194717
1785702050.827,2026-08-02 14:20:50.826832,201,4bf3ed41a6c148db924855afa7e0b59a,start,rule1_continuous_disagreement,29:43,43,29,radar,video,1785702045.790,,5.037,300.0,fisheye,"detector '43' ON, detector '29' OFF for 5.037s (threshold=5.0s)",29:43,0,
1785702053.454,2026-08-02 14:20:53.454367,201,4cfad37022224a0f93345f4f12194717,stop,rule1_continuous_disagreement,31:8,31,8,video,video,,,0.0,300.0,fisheye,Rule 1 recording stopped after 5.0s post-roll,8:31:42,0,
1785702056.279,2026-08-02 14:20:56.278982,201,4bf3ed41a6c148db924855afa7e0b59a,stop,rule1_continuous_disagreement,29:43,43,29,radar,video,,,0.0,300.0,fisheye,Rule 1 recording stopped after 5.0s post-roll,29:43,0,
1785702066.069,2026-08-02 14:21:06.069251,201,0b877af7ff3c4181a6d23ab760dbc73f,start,rule1_continuous_disagreement,22:39,39,22,radar,video,1785702061.025,,5.044,300.0,fisheye,"detector '39' ON, detector '22' OFF for 5.044s (threshold=5.0s)",4:22:39,0,
1785702067.996,2026-08-02 14:21:07.996487,201,0ce9df78204e4dc1bf136a9f51bf75f7,start,rule1_continuous_disagreement,39:4,4,39,video,radar,1785702062.941,,5.055,300.0,fisheye,"detector '39' ON, detector '4' OFF for 5.055s (threshold=5.0s)",4:22:39,0,
1785702083.431,2026-08-02 14:21:23.430657,201,0d68702a49d14329ae10478e36ef89f0,start,rule2_orphan_pulse,29:43,43,29,radar,video,1785702077.697,1785702078.364,0.666,15.666,fisheye,"orphan on detector '29': orphan pulse duration=0.666s window=[1785702072.697, 1785702083.364]",29:43,0,
1785702127.021,2026-08-02 14:22:07.021228,201,0b877af7ff3c4181a6d23ab760dbc73f,stop,rule1_continuous_disagreement,22:39,39,22,radar,video,,,0.0,300.0,fisheye,Rule 1 recording stopped after 5.0s post-roll,4:22:39,0,
1785702127.024,2026-08-02 14:22:07.024280,201,0ce9df78204e4dc1bf136a9f51bf75f7,stop,rule1_continuous_disagreement,39:4,4,39,video,radar,,,0.0,300.0,fisheye,Rule 1 recording stopped after 5.0s post-roll,4:22:39,0,
1785702128.742,2026-08-02 14:22:08.741737,201,5b69209b762a4a659f46f8551eab8559,start,rule1_continuous_disagreement,42:8,8,42,video,radar,1785702123.692,,5.05,300.0,fisheye,"detector '8' ON, detector '42' OFF for 5.05s (threshold=5.0s)",8:31:42,0,
1785702134.000,2026-08-02 14:22:14.000307,201,5b69209b762a4a659f46f8551eab8559,stop,rule1_continuous_disagreement,42:8,8,42,video,radar,,,0.0,300.0,fisheye,Rule 1 recording stopped after 5.1s post-roll,8:31:42,0,
1785702134.611,2026-08-02 14:22:14.610666,201,341b2a911da34e7d868fd0998deeda2b,start,rule2_orphan_pulse,31:42,42,31,radar,video,1785702128.893,1785702129.565,0.672,15.672,fisheye,"orphan on detector '31': orphan pulse duration=0.672s window=[1785702123.893, 1785702134.565]",8:31:42,0,
1785702192.138,2026-08-02 14:23:12.138292,201,754cefc0d0e6494987dfd1dc1870d759,start,rule1_continuous_disagreement,22:39,39,22,radar,video,1785702187.098,,5.04,300.0,fisheye,"detector '39' ON, detector '22' OFF for 5.04s (threshold=5.0s)",4:22:39,0,
1785702192.146,2026-08-02 14:23:12.146209,201,e76b30bea8f5456a8e5762ef226516ee,start,rule1_continuous_disagreement,39:4,4,39,video,radar,1785702187.098,,5.048,300.0,fisheye,"detector '39' ON, detector '4' OFF for 5.048s (threshold=5.0s)",4:22:39,1,754cefc0d0e6494987dfd1dc1870d759
1785702225.245,2026-08-02 14:23:45.244501,201,754cefc0d0e6494987dfd1dc1870d759,stop,rule1_continuous_disagreement,22:39,39,22,radar,video,,,0.0,300.0,fisheye,Rule 1 recording stopped after 5.0s post-roll,4:22:39,0,
1785702240.886,2026-08-02 14:24:00.886463,201,c6c740d46dde4325bf29eb736e4eaf31,start,rule2_orphan_pulse,17:2,17,2,video,video,1785702235.177,1785702235.853,0.675,15.675,fisheye,"orphan on detector '2': orphan pulse duration=0.675s window=[1785702230.177, 1785702240.853]",2:17:46,0,
1785702240.892,2026-08-02 14:24:00.892479,201,8aaa855ab41f428f844404d8011736f2,start,rule2_orphan_pulse,2:46,2,46,video,radar,1785702235.177,1785702235.853,0.675,15.675,fisheye,"orphan on detector '2': orphan pulse duration=0.675s window=[1785702230.177, 1785702240.853]",2:17:46,1,c6c740d46dde4325bf29eb736e4eaf31
1785702242.915,2026-08-02 14:24:02.915262,201,2f72f1cba60e4b1aae0ac90a8fbe748b,start,rule1_continuous_disagreement,31:8,31,8,video,video,1785702237.864,,5.051,300.0,fisheye,"detector '8' ON, detector '31' OFF for 5.051s (threshold=5.0s)",8:31:42,0,
1785702242.923,2026-08-02 14:24:02.922984,201,729dc07a72154001a6485536ea960d18,start,rule1_continuous_disagreement,42:8,8,42,video,radar,1785702237.864,,5.059,300.0,fisheye,"detector '8' ON, detector '42' OFF for 5.059s (threshold=5.0s)",8:31:42,1,2f72f1cba60e4b1aae0ac90a8fbe748b
1785702249.172,2026-08-02 14:24:09.171832,201,2f72f1cba60e4b1aae0ac90a8fbe748b,stop,rule1_continuous_disagreement,31:8,31,8,video,video,,,0.0,300.0,fisheye,Rule 1 recording stopped after 5.0s post-roll,8:31:42,0,
1785702327.590,2026-08-02 14:25:27.589779,201,2c60b31c53944b8e81183b57c679ed3d,start,rule2_orphan_pulse,31:42,42,31,radar,video,1785702321.860,1785702322.505,0.645,15.645,fisheye,"orphan on detector '31': orphan pulse duration=0.645s window=[1785702316.860, 1785702327.505]",8:31:42,0,
1785702423.508,2026-08-02 14:27:03.508404,201,05312e62033b4ae6a02fe2bad7fe4280,start,rule2_orphan_pulse,31:8,31,8,video,video,1785702413.546,1785702418.433,4.887,19.887,fisheye,"orphan on detector '8': orphan pulse duration=4.887s window=[1785702408.546, 1785702423.433]",8:31:42,0,
1785702423.514,2026-08-02 14:27:03.513664,201,2f094cb32402404b8ff6ca738c8dc6bd,start,rule2_orphan_pulse,42:8,8,42,video,radar,1785702413.546,1785702418.433,4.887,19.887,fisheye,"orphan on detector '8': orphan pulse duration=4.887s window=[1785702408.546, 1785702423.433]",8:31:42,1,05312e62033b4ae6a02fe2bad7fe4280
1785702430.674,2026-08-02 14:27:10.673560,201,5e692f7cac1d40dd832007139da373fc,start,rule1_continuous_disagreement,30:41,41,30,radar,video,1785702425.633,,5.041,300.0,fisheye,"detector '30' ON, detector '41' OFF for 5.041s (threshold=5.0s)",3:30:41,0,
1785702430.676,2026-08-02 14:27:10.675573,201,215b95887b2b4fcf9990f78666496e4f,start,rule1_continuous_disagreement,3:41,3,41,video,radar,1785702425.633,,5.043,300.0,fisheye,"detector '3' ON, detector '41' OFF for 5.043s (threshold=5.0s)",3:30:41,1,5e692f7cac1d40dd832007139da373fc
1785702437.127,2026-08-02 14:27:17.126773,201,5e692f7cac1d40dd832007139da373fc,stop,rule1_continuous_disagreement,30:41,41,30,radar,video,,,0.0,300.0,fisheye,Rule 1 recording stopped after 5.0s post-roll,3:30:41,0,
1785702493.519,2026-08-02 14:28:13.519397,201,dbfbfe69817b4cd093b07e506707496f,start,rule2_orphan_pulse,31:8,31,8,video,video,1785702483.510,1785702488.448,4.938,19.938,fisheye,"orphan on detector '8': orphan pulse duration=4.938s window=[1785702478.510, 1785702493.448]",8:31:42,0,
1785702493.524,2026-08-02 14:28:13.523808,201,9a2d12cd46104314bb078ffdf907804f,start,rule2_orphan_pulse,42:8,8,42,video,radar,1785702483.510,1785702488.448,4.938,19.938,fisheye,"orphan on detector '8': orphan pulse duration=4.938s window=[1785702478.510, 1785702493.448]",8:31:42,1,dbfbfe69817b4cd093b07e506707496f
1785702558.509,2026-08-02 14:29:18.508985,201,7ab0f862ab8c4780a620b8d1d06cc67f,start,rule2_orphan_pulse,42:8,8,42,video,radar,1785702549.100,1785702553.445,4.345,19.345,fisheye,"orphan on detector '8': orphan pulse duration=4.345s window=[1785702544.100, 1785702558.445]",8:31:42,0,
1785702631.830,2026-08-02 14:30:31.830330,201,f246b233c582428caed9e24efc00162e,start,rule2_orphan_pulse,24:38,38,24,radar,video,1785702625.814,1785702626.804,0.99,15.99,fisheye,"orphan on detector '24': orphan pulse duration=0.99s window=[1785702620.814, 1785702631.804]",7:24:38,0,
1785702682.888,2026-08-02 14:31:22.888355,201,e7f3f534542d46568e879ff5cf089594,start,rule2_orphan_pulse,3:30,30,3,video,video,1785702676.161,1785702677.835,1.674,16.674,fisheye,"orphan on detector '3': orphan pulse duration=1.674s window=[1785702671.161, 1785702682.835]",3:30:41,0,
1785702682.891,2026-08-02 14:31:22.891461,201,a2bf7a37719d48c296b30a5035126f4f,start,rule2_orphan_pulse,3:41,3,41,video,radar,1785702676.161,1785702677.835,1.674,16.674,fisheye,"orphan on detector '3': orphan pulse duration=1.674s window=[1785702671.161, 1785702682.835]",3:30:41,1,e7f3f534542d46568e879ff5cf089594
1785702686.624,2026-08-02 14:31:26.624409,201,33b3b564d9bc4ca8ba852a583dd5e662,start,rule1_continuous_disagreement,17:46,46,17,radar,video,1785702681.580,,5.044,300.0,fisheye,"detector '17' ON, detector '46' OFF for 5.044s (threshold=5.0s)",2:17:46,0,
1785702686.630,2026-08-02 14:31:26.629554,201,e94793105a7b4c2098fc89801ddfbdcb,start,rule1_continuous_disagreement,2:46,2,46,video,radar,1785702681.581,,5.049,300.0,fisheye,"detector '2' ON, detector '46' OFF for 5.049s (threshold=5.0s)",2:17:46,1,33b3b564d9bc4ca8ba852a583dd5e662
1785702704.084,2026-08-02 14:31:44.083670,201,a416ef64b8be48e0839fc0b9aa5abf83,start,rule2_orphan_pulse,42:8,8,42,video,radar,1785702694.096,1785702699.019,4.923,19.923000000000002,fisheye,"orphan on detector '8': orphan pulse duration=4.923s window=[1785702689.096, 1785702704.019]",8:31:42,0,
1785702707.115,2026-08-02 14:31:47.115034,201,25ef7b16870049408b5d777dcb1c6447,start,rule2_orphan_pulse,30:41,41,30,radar,video,1785702701.332,1785702702.044,0.712,15.712,fisheye,"orphan on detector '30': orphan pulse duration=0.712s window=[1785702696.332, 1785702707.044]",3:30:41,0,
1785702709.737,2026-08-02 14:31:49.737082,201,6c36f76d5bdf4a36bd8da012562c70c6,start,rule2_orphan_pulse,3:41,3,41,video,radar,1785702703.347,1785702704.644,1.296,16.296,fisheye,"orphan on detector '3': orphan pulse duration=1.296s window=[1785702698.347, 1785702709.644]",3:30:41,0,
1785702710.048,2026-08-02 14:31:50.047813,201,33b3b564d9bc4ca8ba852a583dd5e662,stop,rule1_continuous_disagreement,17:46,46,17,radar,video,,,0.0,300.0,fisheye,Rule 1 recording stopped after 5.0s post-roll,2:17:46,0,
1785702750.775,2026-08-02 14:32:30.774872,201,570593744cdd470eadbdff6ea60a5f9c,start,rule2_orphan_pulse,31:42,42,31,radar,video,1785702744.432,1785702745.727,1.295,16.295,fisheye,"orphan on detector '31': orphan pulse duration=1.295s window=[1785702739.432, 1785702750.727]",8:31:42,0,
1785702808.181,2026-08-02 14:33:28.181063,201,2537d67739be4164bb7d4d9a1ecf0c7d,start,rule1_continuous_disagreement,17:46,46,17,radar,video,1785702803.123,,5.058,300.0,fisheye,"detector '17' ON, detector '46' OFF for 5.058s (threshold=5.0s)",2:17:46,0,
1785702808.487,2026-08-02 14:33:28.486606,201,b66a0d14e0534c80a74f344effffec9d,start,rule2_orphan_pulse,29:43,43,29,radar,video,1785702802.455,1785702803.432,0.977,15.977,fisheye,"orphan on detector '29': orphan pulse duration=0.977s window=[1785702797.455, 1785702808.432]",29:43,0,
1785702809.807,2026-08-02 14:33:29.806595,201,14822cb478bd4fd38e07cc8238d0190c,start,rule1_continuous_disagreement,2:46,2,46,video,radar,1785702804.740,,5.067,300.0,fisheye,"detector '2' ON, detector '46' OFF for 5.067s (threshold=5.0s)",2:17:46,0,
1785702888.019,2026-08-02 14:34:48.018880,201,2537d67739be4164bb7d4d9a1ecf0c7d,stop,rule1_continuous_disagreement,17:46,46,17,radar,video,,,0.0,300.0,fisheye,Rule 1 recording stopped after 5.1s post-roll,2:17:46,0,
1785702890.953,2026-08-02 14:34:50.953181,201,14822cb478bd4fd38e07cc8238d0190c,stop,rule1_continuous_disagreement,2:46,2,46,video,radar,,,0.0,300.0,fisheye,Rule 1 recording stopped after 5.1s post-roll,2:17:46,0,
1785702895.197,2026-08-02 14:34:55.196513,201,f64f0c22b8bc4cf98c9e746a85bb1ab9,start,rule1_continuous_disagreement,22:39,39,22,radar,video,1785702890.145,,5.052,300.0,fisheye,"detector '39' ON, detector '22' OFF for 5.052s (threshold=5.0s)",4:22:39,0,
1785702895.199,2026-08-02 14:34:55.198633,201,e1fec8a70c02409a8247d3f597e9c41a,start,rule1_continuous_disagreement,39:4,4,39,video,radar,1785702890.145,,5.054,300.0,fisheye,"detector '39' ON, detector '4' OFF for 5.054s (threshold=5.0s)",4:22:39,1,f64f0c22b8bc4cf98c9e746a85bb1ab9
1785702902.867,2026-08-02 14:35:02.866670,201,27a07a946d7747a2b56ca8af6924128f,start,rule1_continuous_disagreement,42:8,8,42,video,radar,1785702897.824,,5.043,300.0,fisheye,"detector '8' ON, detector '42' OFF for 5.043s (threshold=5.0s)",8:31:42,0,
1785702907.715,2026-08-02 14:35:07.715210,201,527447520f504ab79e9bbe71d23e3cfc,start,rule2_orphan_pulse,31:42,42,31,radar,video,1785702901.708,1785702902.682,0.974,15.974,fisheye,"orphan on detector '31': orphan pulse duration=0.974s window=[1785702896.708, 1785702907.682]",8:31:42,0,
1785702908.426,2026-08-02 14:35:08.426466,201,27a07a946d7747a2b56ca8af6924128f,stop,rule1_continuous_disagreement,42:8,8,42,video,radar,,,0.0,300.0,fisheye,Rule 1 recording stopped after 5.1s post-roll,8:31:42,0,
1785702915.495,2026-08-02 14:35:15.494805,201,46e51a8fd8064f34859fc0ce61a5b818,start,rule2_orphan_pulse,29:43,43,29,radar,video,1785702909.179,1785702910.463,1.284,16.284,fisheye,"orphan on detector '43': orphan pulse duration=1.284s window=[1785702904.179, 1785702915.463]",29:43,0,
1785702970.123,2026-08-02 14:36:10.123390,201,50df743a29c144c2a3f3c2b12fef7faa,start,rule1_continuous_disagreement,29:43,43,29,radar,video,1785702965.087,,5.036,300.0,fisheye,"detector '43' ON, detector '29' OFF for 5.036s (threshold=5.0s)",29:43,0,
1785703002.165,2026-08-02 14:36:42.164955,201,f64f0c22b8bc4cf98c9e746a85bb1ab9,stop,rule1_continuous_disagreement,22:39,39,22,radar,video,,,0.0,300.0,fisheye,Rule 1 recording stopped after 5.0s post-roll,4:22:39,0,
1785703039.394,2026-08-02 14:37:19.394445,201,cc8af1b43e3a4d239205e3c8c12e6ae8,start,rule1_continuous_disagreement,17:2,17,2,video,video,1785703034.351,,5.043,300.0,fisheye,"detector '17' ON, detector '2' OFF for 5.043s (threshold=5.0s)",2:17:46,0,
1785703039.396,2026-08-02 14:37:19.396438,201,91b667deb5bd40cabc6fef9da31ff264,start,rule1_continuous_disagreement,2:46,2,46,video,radar,1785703034.351,,5.045,300.0,fisheye,"detector '46' ON, detector '2' OFF for 5.045s (threshold=5.0s)",2:17:46,1,cc8af1b43e3a4d239205e3c8c12e6ae8
1785703069.553,2026-08-02 14:37:49.552610,201,e2cc6c137d414a989150bd20a0ffabfa,start,rule2_orphan_pulse,31:8,31,8,video,video,1785703059.592,1785703064.473,4.88,19.88,fisheye,"orphan on detector '8': orphan pulse duration=4.88s window=[1785703054.592, 1785703069.473]",8:31:42,0,
1785703069.562,2026-08-02 14:37:49.561656,201,9d8a693b0c954300bf90a985e1802c9e,start,rule2_orphan_pulse,42:8,8,42,video,radar,1785703059.592,1785703064.473,4.88,19.88,fisheye,"orphan on detector '8': orphan pulse duration=4.88s window=[1785703054.592, 1785703069.473]",8:31:42,1,e2cc6c137d414a989150bd20a0ffabfa
1785703071.175,2026-08-02 14:37:51.175472,201,50df743a29c144c2a3f3c2b12fef7faa,stop,rule1_continuous_disagreement,29:43,43,29,radar,video,,,0.0,300.0,fisheye,Rule 1 recording stopped after 5.0s post-roll,29:43,0,
1785703080.965,2026-08-02 14:38:00.964541,201,cc8af1b43e3a4d239205e3c8c12e6ae8,stop,rule1_continuous_disagreement,17:2,17,2,video,video,,,0.0,300.0,fisheye,Rule 1 recording stopped after 5.0s post-roll,2:17:46,0,
1785703137.153,2026-08-02 14:38:57.153124,201,f46268e80c3a45538a91e8cc83cbe32f,start,rule1_continuous_disagreement,22:39,39,22,radar,video,1785703132.106,,5.047,300.0,fisheye,"detector '39' ON, detector '22' OFF for 5.047s (threshold=5.0s)",4:22:39,0,
1785703137.154,2026-08-02 14:38:57.154100,201,bdc065103ec44501b7924d513e2140b3,start,rule1_continuous_disagreement,39:4,4,39,video,radar,1785703132.106,,5.048,300.0,fisheye,"detector '39' ON, detector '4' OFF for 5.048s (threshold=5.0s)",4:22:39,1,f46268e80c3a45538a91e8cc83cbe32f
1785703181.952,2026-08-02 14:39:41.952011,201,f46268e80c3a45538a91e8cc83cbe32f,stop,rule1_continuous_disagreement,22:39,39,22,radar,video,,,0.0,300.0,fisheye,Rule 1 recording stopped after 5.1s post-roll,4:22:39,0,
1785703202.620,2026-08-02 14:40:02.620224,201,2f55591322154dacb27c7bdf927774d0,start,rule2_orphan_pulse,17:46,46,17,radar,video,1785703196.529,1785703197.532,1.003,16.003,fisheye,"orphan on detector '17': orphan pulse duration=1.003s window=[1785703191.529, 1785703202.532]",2:17:46,0,
1785703211.499,2026-08-02 14:40:11.498890,201,dbb3c4a1d2b5408ba5b39146e3bdd5b5,start,rule2_orphan_pulse,29:43,43,29,radar,video,1785703205.109,1785703206.430,1.32,16.32,fisheye,"orphan on detector '29': orphan pulse duration=1.32s window=[1785703200.109, 1785703211.430]",29:43,0,
1785703212.815,2026-08-02 14:40:12.815481,201,c558427400454e10823f3c2fc7f9577f,start,rule1_continuous_disagreement,22:39,39,22,radar,video,1785703207.767,,5.048,300.0,fisheye,"detector '39' ON, detector '22' OFF for 5.048s (threshold=5.0s)",4:22:39,0,
1785703215.136,2026-08-02 14:40:15.135577,201,1cee9580e26a4baf890a242458f2bb94,start,rule1_continuous_disagreement,39:4,4,39,video,radar,1785703210.085,,5.051,300.0,fisheye,"detector '39' ON, detector '4' OFF for 5.051s (threshold=5.0s)",4:22:39,0,
1785703219.684,2026-08-02 14:40:19.684438,201,3f9b51c156be45c7a1c99526d4bcb7fa,start,rule1_continuous_disagreement,30:41,41,30,radar,video,1785703214.632,,5.052,300.0,fisheye,"detector '30' ON, detector '41' OFF for 5.052s (threshold=5.0s)",3:30:41,0,
1785703219.689,2026-08-02 14:40:19.688536,201,eb31afb720a94d1fadb1eab1b0b54c41,start,rule1_continuous_disagreement,3:41,3,41,video,radar,1785703214.633,,5.056,300.0,fisheye,"detector '3' ON, detector '41' OFF for 5.056s (threshold=5.0s)",3:30:41,1,3f9b51c156be45c7a1c99526d4bcb7fa
1785703219.690,2026-08-02 14:40:19.689536,201,c558427400454e10823f3c2fc7f9577f,stop,rule1_continuous_disagreement,22:39,39,22,radar,video,,,0.0,300.0,fisheye,Rule 1 recording stopped after 5.1s post-roll,4:22:39,0,
1785703220.602,2026-08-02 14:40:20.602305,201,1cee9580e26a4baf890a242458f2bb94,stop,rule1_continuous_disagreement,39:4,4,39,video,radar,,,0.0,300.0,fisheye,Rule 1 recording stopped after 5.1s post-roll,4:22:39,0,
1785703230.904,2026-08-02 14:40:30.903525,201,5384eff5f1004e42a393e474777448f7,start,rule2_orphan_pulse,29:43,43,29,radar,video,1785703225.226,1785703225.892,0.666,15.666,fisheye,"orphan on detector '29': orphan pulse duration=0.666s window=[1785703220.226, 1785703230.892]",29:43,0,
1785703238.055,2026-08-02 14:40:38.054743,201,3649f96ff6fb454daa311d4bfc56b8f4,start,rule2_orphan_pulse,29:43,43,29,radar,video,1785703232.058,1785703233.026,0.967,15.966999999999999,fisheye,"orphan on detector '29': orphan pulse duration=0.967s window=[1785703227.058, 1785703238.026]",29:43,0,
1785703240.074,2026-08-02 14:40:40.073522,201,3f9b51c156be45c7a1c99526d4bcb7fa,stop,rule1_continuous_disagreement,30:41,41,30,radar,video,,,0.0,300.0,fisheye,Rule 1 recording stopped after 5.0s post-roll,3:30:41,0,
1785703240.077,2026-08-02 14:40:40.076836,201,275f36567f9e47318de394f81d93dbf9,start,rule2_orphan_pulse,3:30,30,3,video,video,1785703230.763,1785703234.992,4.228,19.228,fisheye,"orphan on detector '3': orphan pulse duration=4.228s window=[1785703225.763, 1785703239.992]",3:30:41,0,
1785703292.105,2026-08-02 14:41:32.105149,201,6c040b6adab845959cd9bb4081282ff7,start,rule2_orphan_pulse,42:8,8,42,video,radar,1785703282.280,1785703287.099,4.818,19.817999999999998,fisheye,"orphan on detector '8': orphan pulse duration=4.818s window=[1785703277.280, 1785703292.099]",8:31:42,0,
1785703319.352,2026-08-02 14:41:59.351555,201,eb8ea59a2e4642508e8f17750f506270,start,rule2_orphan_pulse,31:8,31,8,video,video,1785703309.531,1785703314.321,4.79,19.79,fisheye,"orphan on detector '8': orphan pulse duration=4.79s window=[1785703304.531, 1785703319.321]",8:31:42,0,
1785703319.354,2026-08-02 14:41:59.354292,201,cf0c80c7d78440ad9c8ff0dc0d11ef92,start,rule2_orphan_pulse,42:8,8,42,video,radar,1785703309.531,1785703314.321,4.79,19.79,fisheye,"orphan on detector '8': orphan pulse duration=4.79s window=[1785703304.531, 1785703319.321]",8:31:42,1,eb8ea59a2e4642508e8f17750f506270
1785703394.418,2026-08-02 14:43:14.417892,201,641c30c050484fb59afe14e3a1e53083,start,rule2_orphan_pulse,42:8,8,42,video,radar,1785703384.620,1785703389.327,4.707,19.707,fisheye,"orphan on detector '8': orphan pulse duration=4.707s window=[1785703379.620, 1785703394.327]",8:31:42,0,
1785703395.327,2026-08-02 14:43:15.326775,201,372b020a7912418fa980207f3f7470c9,start,rule2_orphan_pulse,31:42,42,31,radar,video,1785703388.639,1785703390.306,1.667,16.667,fisheye,"orphan on detector '31': orphan pulse duration=1.667s window=[1785703383.639, 1785703395.306]",8:31:42,1,641c30c050484fb59afe14e3a1e53083
1785703409.048,2026-08-02 14:43:29.048339,201,1b71390efdee4b6d824117961e9a54bc,start,rule1_continuous_disagreement,30:41,41,30,radar,video,1785703403.996,,5.052,300.0,fisheye,"detector '41' ON, detector '30' OFF for 5.052s (threshold=5.0s)",3:30:41,0,
1785703410.664,2026-08-02 14:43:30.664234,201,bacacef3b7fa4900a2055c6f3c7fc97a,start,rule1_continuous_disagreement,31:8,31,8,video,video,1785703405.617,,5.047,300.0,fisheye,"detector '8' ON, detector '31' OFF for 5.047s (threshold=5.0s)",8:31:42,0,
1785703415.811,2026-08-02 14:43:35.810783,201,c6e00bc26ea4447dbcb0839d1598921f,start,rule1_continuous_disagreement,3:41,3,41,video,radar,1785703410.773,,5.038,300.0,fisheye,"detector '41' ON, detector '3' OFF for 5.038s (threshold=5.0s)",3:30:41,0,
1785703415.811,2026-08-02 14:43:35.810783,201,bacacef3b7fa4900a2055c6f3c7fc97a,stop,rule1_continuous_disagreement,31:8,31,8,video,video,,,0.0,300.0,fisheye,Rule 1 recording stopped after 5.0s post-roll,8:31:42,0,
1785703422.868,2026-08-02 14:43:42.868042,201,1b71390efdee4b6d824117961e9a54bc,stop,rule1_continuous_disagreement,30:41,41,30,radar,video,,,0.0,300.0,fisheye,Rule 1 recording stopped after 5.0s post-roll,3:30:41,0,
1785703422.871,2026-08-02 14:43:42.870685,201,c6e00bc26ea4447dbcb0839d1598921f,stop,rule1_continuous_disagreement,3:41,3,41,video,radar,,,0.0,300.0,fisheye,Rule 1 recording stopped after 5.0s post-roll,3:30:41,0,
1785703486.611,2026-08-02 14:44:46.610758,201,940428e1ac404b3d88f685d2667be328,start,rule1_continuous_disagreement,22:39,39,22,radar,video,1785703481.570,,5.041,300.0,fisheye,"detector '39' ON, detector '22' OFF for 5.041s (threshold=5.0s)",4:22:39,0,
1785703486.614,2026-08-02 14:44:46.614027,201,d23ab62a47664003a9a7611bd2036ec4,start,rule1_continuous_disagreement,39:4,4,39,video,radar,1785703481.569,,5.045,300.0,fisheye,"detector '39' ON, detector '4' OFF for 5.045s (threshold=5.0s)",4:22:39,1,940428e1ac404b3d88f685d2667be328
1785703488.532,2026-08-02 14:44:48.531593,201,75ef7fe8f15d4026b68a9628cd71e262,start,rule1_continuous_disagreement,26:33,33,26,radar,video,1785703483.482,,5.05,300.0,fisheye,"detector '26' ON, detector '33' OFF for 5.05s (threshold=5.0s)",26:33,0,
1785703499.728,2026-08-02 14:44:59.728344,201,698d3b05e528452eb86a775b66e06974,start,rule1_continuous_disagreement,3:41,3,41,video,radar,1785703494.680,,5.048,300.0,fisheye,"detector '3' ON, detector '41' OFF for 5.048s (threshold=5.0s)",3:30:41,0,
1785703500.339,2026-08-02 14:45:00.339192,201,a0ed6214c5b8459b98cd2d0ccd38ccfd,start,rule1_continuous_disagreement,30:41,41,30,radar,video,1785703495.284,,5.055,300.0,fisheye,"detector '30' ON, detector '41' OFF for 5.055s (threshold=5.0s)",3:30:41,1,698d3b05e528452eb86a775b66e06974
1785703502.965,2026-08-02 14:45:02.965446,201,28e8516c4c174a0c87c2e95f6b634d6a,start,rule2_orphan_pulse,31:8,31,8,video,video,1785703493.310,1785703497.874,4.564,19.564,fisheye,"orphan on detector '8': orphan pulse duration=4.564s window=[1785703488.310, 1785703502.874]",8:31:42,0,
1785703502.965,2026-08-02 14:45:02.965446,201,aafd1d9f42f3480584c14922cf3b2331,start,rule2_orphan_pulse,42:8,8,42,video,radar,1785703493.310,1785703497.874,4.564,19.564,fisheye,"orphan on detector '8': orphan pulse duration=4.564s window=[1785703488.310, 1785703502.874]",8:31:42,1,28e8516c4c174a0c87c2e95f6b634d6a
1785703510.833,2026-08-02 14:45:10.832907,201,75ef7fe8f15d4026b68a9628cd71e262,stop,rule1_continuous_disagreement,26:33,33,26,radar,video,,,0.0,300.0,fisheye,Rule 1 recording stopped after 5.0s post-roll,26:33,0,
1785703576.964,2026-08-02 14:46:16.963942,201,1544fc8de9974028a66023cc7e2868c4,start,rule1_continuous_disagreement,29:43,43,29,radar,video,1785703571.920,,5.044,300.0,fisheye,"detector '43' ON, detector '29' OFF for 5.044s (threshold=5.0s)",29:43,0,
1785703578.380,2026-08-02 14:46:18.379520,201,940428e1ac404b3d88f685d2667be328,stop,rule1_continuous_disagreement,22:39,39,22,radar,video,,,0.0,300.0,fisheye,Rule 1 recording stopped after 5.0s post-roll,4:22:39,0,
1785703604.214,2026-08-02 14:46:44.213558,201,698d3b05e528452eb86a775b66e06974,stop,rule1_continuous_disagreement,3:41,3,41,video,radar,,,0.0,300.0,fisheye,Rule 1 recording stopped after 5.1s post-roll,3:30:41,0,
1785703621.566,2026-08-02 14:47:01.565905,201,1544fc8de9974028a66023cc7e2868c4,stop,rule1_continuous_disagreement,29:43,43,29,radar,video,,,0.0,300.0,fisheye,Rule 1 recording stopped after 5.0s post-roll,29:43,0,
1785703643.348,2026-08-02 14:47:23.348158,201,f09acbe51a7d40d4a864cb8dfa15bf91,start,rule1_continuous_disagreement,31:42,42,31,radar,video,1785703638.302,,5.046,300.0,fisheye,"detector '42' ON, detector '31' OFF for 5.046s (threshold=5.0s)",8:31:42,0,
1785703643.350,2026-08-02 14:47:23.350215,201,7a7afc15e0074e9c8ae580435b4296eb,start,rule1_continuous_disagreement,42:8,8,42,video,radar,1785703638.302,,5.048,300.0,fisheye,"detector '42' ON, detector '8' OFF for 5.048s (threshold=5.0s)",8:31:42,1,f09acbe51a7d40d4a864cb8dfa15bf91
1785703643.455,2026-08-02 14:47:23.455035,201,048c82f49c2443db9e288d0c4d3d511e,start,rule1_continuous_disagreement,22:39,39,22,radar,video,1785703638.403,,5.052,300.0,fisheye,"detector '39' ON, detector '22' OFF for 5.052s (threshold=5.0s)",4:22:39,0,
1785703643.458,2026-08-02 14:47:23.458230,201,e07990615e6c4173bdd56ba81f507652,start,rule1_continuous_disagreement,39:4,4,39,video,radar,1785703638.403,,5.055,300.0,fisheye,"detector '39' ON, detector '4' OFF for 5.055s (threshold=5.0s)",4:22:39,1,048c82f49c2443db9e288d0c4d3d511e
1785703691.940,2026-08-02 14:48:11.939914,201,f09acbe51a7d40d4a864cb8dfa15bf91,stop,rule1_continuous_disagreement,31:42,42,31,radar,video,,,0.0,300.0,fisheye,Rule 1 recording stopped after 5.0s post-roll,8:31:42,0,
1785703740.574,2026-08-02 14:49:00.574474,201,32507c0dc823467cb7ad2062bb4ea64d,start,rule1_continuous_disagreement,31:8,31,8,video,video,1785703735.530,,5.044,300.0,fisheye,"detector '8' ON, detector '31' OFF for 5.044s (threshold=5.0s)",8:31:42,0,
1785703746.825,2026-08-02 14:49:06.824610,201,32507c0dc823467cb7ad2062bb4ea64d,stop,rule1_continuous_disagreement,31:8,31,8,video,video,,,0.0,300.0,fisheye,Rule 1 recording stopped after 5.0s post-roll,8:31:42,0,
1785703769.625,2026-08-02 14:49:29.624532,201,048c82f49c2443db9e288d0c4d3d511e,stop,rule1_continuous_disagreement,22:39,39,22,radar,video,,,0.0,300.0,fisheye,Rule 1 recording stopped after 5.0s post-roll,4:22:39,0,
1785703803.714,2026-08-02 14:50:03.714158,201,e9268c375b854c52a14fe4b9340cc3c8,start,rule2_orphan_pulse,3:30,30,3,video,video,1785703796.260,1785703798.613,2.354,17.354,fisheye,"orphan on detector '3': orphan pulse duration=2.354s window=[1785703791.260, 1785703803.613]",3:30:41,0,
1785703803.718,2026-08-02 14:50:03.718237,201,a68d0e43f3ae44e0a2d201268baae6be,start,rule2_orphan_pulse,3:41,3,41,video,radar,1785703796.260,1785703798.613,2.354,17.354,fisheye,"orphan on detector '3': orphan pulse duration=2.354s window=[1785703791.260, 1785703803.613]",3:30:41,1,e9268c375b854c52a14fe4b9340cc3c8
1785703840.655,2026-08-02 14:50:40.655071,201,e93d75de09f84c7486e89ff132ad435b,start,rule1_continuous_disagreement,42:8,8,42,video,radar,1785703835.613,,5.042,300.0,fisheye,"detector '8' ON, detector '42' OFF for 5.042s (threshold=5.0s)",8:31:42,0,
1785703846.091,2026-08-02 14:50:46.091136,201,e93d75de09f84c7486e89ff132ad435b,stop,rule1_continuous_disagreement,42:8,8,42,video,radar,,,0.0,300.0,fisheye,Rule 1 recording stopped after 5.0s post-roll,8:31:42,0,
1785703846.699,2026-08-02 14:50:46.698550,201,3a5aeea764fd42b2890123ee22b5ce86,start,rule2_orphan_pulse,31:42,42,31,radar,video,1785703840.640,1785703841.642,1.003,16.003,fisheye,"orphan on detector '31': orphan pulse duration=1.003s window=[1785703835.640, 1785703846.642]",8:31:42,0,
1785703953.914,2026-08-02 14:52:33.913764,201,83bcd7ce91914abcafdb0b0aecd4807d,start,rule1_continuous_disagreement,42:8,8,42,video,radar,1785703948.874,,5.04,300.0,fisheye,"detector '8' ON, detector '42' OFF for 5.04s (threshold=5.0s)",8:31:42,0,
1785703955.932,2026-08-02 14:52:35.931851,201,5bcfd1c62d7a43369d571d85db7f1a25,start,rule1_continuous_disagreement,31:8,31,8,video,video,1785703950.888,,5.044,300.0,fisheye,"detector '8' ON, detector '31' OFF for 5.044s (threshold=5.0s)",8:31:42,0,
1785703957.963,2026-08-02 14:52:37.962933,201,8c393c3aa47248c48efe80d8115e514a,start,rule1_continuous_disagreement,30:41,41,30,radar,video,1785703952.906,,5.057,300.0,fisheye,"detector '30' ON, detector '41' OFF for 5.057s (threshold=5.0s)",3:30:41,0,
1785703961.202,2026-08-02 14:52:41.201566,201,5bcfd1c62d7a43369d571d85db7f1a25,stop,rule1_continuous_disagreement,31:8,31,8,video,video,,,0.0,300.0,fisheye,Rule 1 recording stopped after 5.1s post-roll,8:31:42,0,
1785703961.608,2026-08-02 14:52:41.607564,201,5bd59f8c98e2452998d66c2d0f17ccae,start,rule1_continuous_disagreement,3:41,3,41,video,radar,1785703956.546,,5.062,300.0,fisheye,"detector '3' ON, detector '41' OFF for 5.062s (threshold=5.0s)",3:30:41,0,
1785703964.548,2026-08-02 14:52:44.547758,201,83bcd7ce91914abcafdb0b0aecd4807d,stop,rule1_continuous_disagreement,42:8,8,42,video,radar,,,0.0,300.0,fisheye,Rule 1 recording stopped after 5.1s post-roll,8:31:42,0,
1785703965.863,2026-08-02 14:52:45.862599,201,8c393c3aa47248c48efe80d8115e514a,stop,rule1_continuous_disagreement,30:41,41,30,radar,video,,,0.0,300.0,fisheye,Rule 1 recording stopped after 5.1s post-roll,3:30:41,0,
1785703967.480,2026-08-02 14:52:47.479653,201,5bd59f8c98e2452998d66c2d0f17ccae,stop,rule1_continuous_disagreement,3:41,3,41,video,radar,,,0.0,300.0,fisheye,Rule 1 recording stopped after 5.1s post-roll,3:30:41,0,
1785703986.257,2026-08-02 14:53:06.256681,201,6959c1b285944815b9d7b5de39a5268c,start,rule2_orphan_pulse,29:43,43,29,radar,video,1785703980.521,1785703981.188,0.666,15.666,fisheye,"orphan on detector '29': orphan pulse duration=0.666s window=[1785703975.521, 1785703986.188]",29:43,0,
1785703998.579,2026-08-02 14:53:18.579139,201,a31ce01973e745ddabd6842cbdae40e2,start,rule1_continuous_disagreement,22:39,39,22,radar,video,1785703993.528,,5.051,300.0,fisheye,"detector '39' ON, detector '22' OFF for 5.051s (threshold=5.0s)",4:22:39,0,
1785703999.291,2026-08-02 14:53:19.291474,201,5161b3a355dc49beaf16b153a57538e6,start,rule1_continuous_disagreement,39:4,4,39,video,radar,1785703994.232,,5.059,300.0,fisheye,"detector '39' ON, detector '4' OFF for 5.059s (threshold=5.0s)",4:22:39,1,a31ce01973e745ddabd6842cbdae40e2
1785704000.199,2026-08-02 14:53:20.199437,201,8dd18e4a6c30476bbfd7510a36e4d3a2,start,rule2_orphan_pulse,29:43,43,29,radar,video,1785703993.837,1785703995.128,1.291,16.291,fisheye,"orphan on detector '29': orphan pulse duration=1.291s window=[1785703988.837, 1785704000.128]",29:43,0,
1785704068.075,2026-08-02 14:54:28.075304,201,4999c09e815b41149066ab9ee1f606c7,start,rule1_continuous_disagreement,31:8,31,8,video,video,1785704063.028,,5.047,300.0,fisheye,"detector '8' ON, detector '31' OFF for 5.047s (threshold=5.0s)",8:31:42,0,
1785704068.681,2026-08-02 14:54:28.681449,201,332b19e79faf424f93f400508ed5d839,start,rule1_continuous_disagreement,42:8,8,42,video,radar,1785704063.633,,5.048,300.0,fisheye,"detector '8' ON, detector '42' OFF for 5.048s (threshold=5.0s)",8:31:42,1,4999c09e815b41149066ab9ee1f606c7
1785704076.143,2026-08-02 14:54:36.142751,201,4983666eb6d645d8a584dc6ddb2fa78a,start,rule2_orphan_pulse,31:42,42,31,radar,video,1785704070.106,1785704071.095,0.989,15.989,fisheye,"orphan on detector '31': orphan pulse duration=0.989s window=[1785704065.106, 1785704076.095]",8:31:42,0,
1785704085.932,2026-08-02 14:54:45.932447,201,4999c09e815b41149066ab9ee1f606c7,stop,rule1_continuous_disagreement,31:8,31,8,video,video,,,0.0,300.0,fisheye,Rule 1 recording stopped after 5.0s post-roll,8:31:42,0,
1785704088.258,2026-08-02 14:54:48.258278,201,6e42014d8b5e442c93d61678e83af877,start,rule1_continuous_disagreement,30:41,41,30,radar,video,1785704083.202,,5.056,300.0,fisheye,"detector '41' ON, detector '30' OFF for 5.056s (threshold=5.0s)",3:30:41,0,
1785704091.380,2026-08-02 14:54:51.380104,201,120a5112212747328683d7343c893163,start,rule1_continuous_disagreement,3:41,3,41,video,radar,1785704086.342,,5.038,300.0,fisheye,"detector '41' ON, detector '3' OFF for 5.038s (threshold=5.0s)",3:30:41,0,
1785704097.352,2026-08-02 14:54:57.352200,201,6e42014d8b5e442c93d61678e83af877,stop,rule1_continuous_disagreement,30:41,41,30,radar,video,,,0.0,300.0,fisheye,Rule 1 recording stopped after 5.1s post-roll,3:30:41,0,
1785704099.378,2026-08-02 14:54:59.378036,201,120a5112212747328683d7343c893163,stop,rule1_continuous_disagreement,3:41,3,41,video,radar,,,0.0,300.0,fisheye,Rule 1 recording stopped after 5.1s post-roll,3:30:41,0,
1785704127.826,2026-08-02 14:55:27.826226,201,7d63760220614e25b235000fcdc67296,start,rule1_continuous_disagreement,29:43,43,29,radar,video,1785704122.788,,5.038,300.0,fisheye,"detector '43' ON, detector '29' OFF for 5.038s (threshold=5.0s)",29:43,0,
1785704154.520,2026-08-02 14:55:54.519552,201,a31ce01973e745ddabd6842cbdae40e2,stop,rule1_continuous_disagreement,22:39,39,22,radar,video,,,0.0,300.0,fisheye,Rule 1 recording stopped after 5.0s post-roll,4:22:39,0,
1785704170.653,2026-08-02 14:56:10.652648,201,0033d0e1dca14db18a3ab5b3be5cfaa9,start,rule1_continuous_disagreement,30:41,41,30,radar,video,1785704165.611,,5.042,300.0,fisheye,"detector '30' ON, detector '41' OFF for 5.042s (threshold=5.0s)",3:30:41,0,
1785704170.655,2026-08-02 14:56:10.654712,201,ee96c5804bec4adf893f260d112f2085,start,rule1_continuous_disagreement,3:41,3,41,video,radar,1785704165.611,,5.044,300.0,fisheye,"detector '3' ON, detector '41' OFF for 5.044s (threshold=5.0s)",3:30:41,1,0033d0e1dca14db18a3ab5b3be5cfaa9
1785704181.249,2026-08-02 14:56:21.249215,201,7d63760220614e25b235000fcdc67296,stop,rule1_continuous_disagreement,29:43,43,29,radar,video,,,0.0,300.0,fisheye,Rule 1 recording stopped after 5.0s post-roll,29:43,0,
1785704182.464,2026-08-02 14:56:22.464013,201,0033d0e1dca14db18a3ab5b3be5cfaa9,stop,rule1_continuous_disagreement,30:41,41,30,radar,video,,,0.0,300.0,fisheye,Rule 1 recording stopped after 5.0s post-roll,3:30:41,0,
1785704204.245,2026-08-02 14:56:44.244972,201,03a8877f923a4d06aaed821aaf8d1c6f,start,rule1_continuous_disagreement,42:8,8,42,video,radar,1785704199.203,,5.042,300.0,fisheye,"detector '8' ON, detector '42' OFF for 5.042s (threshold=5.0s)",8:31:42,0,
1785704211.106,2026-08-02 14:56:51.106224,201,5eae6c89daa946c68777f3dcfcadbad0,start,rule1_continuous_disagreement,31:42,42,31,radar,video,1785704206.063,,5.043,300.0,fisheye,"detector '42' ON, detector '31' OFF for 5.043s (threshold=5.0s)",8:31:42,0,
1785704227.662,2026-08-02 14:57:07.661900,201,e16dd45779194b01b92d58ea5fbbdd21,start,rule2_orphan_pulse,31:8,31,8,video,video,1785704218.692,1785704222.621,3.929,18.929000000000002,fisheye,"orphan on detector '8': orphan pulse duration=3.929s window=[1785704213.692, 1785704227.621]",8:31:42,0,
1785704271.049,2026-08-02 14:57:51.048914,201,d8277421c20e48fd88b4203ec7dd8d00,start,rule1_continuous_disagreement,22:39,39,22,radar,video,1785704266.005,,5.044,300.0,fisheye,"detector '39' ON, detector '22' OFF for 5.044s (threshold=5.0s)",4:22:39,0,
1785704271.458,2026-08-02 14:57:51.458364,201,80fa01341b8d4f7fb2e2e2ca155f8cfd,start,rule1_continuous_disagreement,39:4,4,39,video,radar,1785704266.407,,5.051,300.0,fisheye,"detector '39' ON, detector '4' OFF for 5.051s (threshold=5.0s)",4:22:39,1,d8277421c20e48fd88b4203ec7dd8d00
1785704272.371,2026-08-02 14:57:52.370624,201,9e832ac11d434466a3d5a20cd5251f16,start,rule1_continuous_disagreement,17:46,46,17,radar,video,1785704267.318,,5.053,300.0,fisheye,"detector '17' ON, detector '46' OFF for 5.053s (threshold=5.0s)",2:17:46,0,
1785704272.380,2026-08-02 14:57:52.379796,201,4768ea3a420944009fab9c8eea5b1799,start,rule1_continuous_disagreement,2:46,2,46,video,radar,1785704267.318,,5.062,300.0,fisheye,"detector '2' ON, detector '46' OFF for 5.062s (threshold=5.0s)",2:17:46,1,9e832ac11d434466a3d5a20cd5251f16
1785704281.051,2026-08-02 14:58:01.051242,201,97378426783847ed84a1813cac69b904,start,rule1_continuous_disagreement,3:30,30,3,video,video,1785704276.006,,5.045,300.0,fisheye,"detector '3' ON, detector '30' OFF for 5.045s (threshold=5.0s)",3:30:41,0,
1785704281.054,2026-08-02 14:58:01.053614,201,c4309c0a80f241368b456921da52040c,start,rule1_continuous_disagreement,3:41,3,41,video,radar,1785704276.006,,5.048,300.0,fisheye,"detector '3' ON, detector '41' OFF for 5.048s (threshold=5.0s)",3:30:41,1,97378426783847ed84a1813cac69b904
1785704289.519,2026-08-02 14:58:09.519346,201,03a8877f923a4d06aaed821aaf8d1c6f,stop,rule1_continuous_disagreement,42:8,8,42,video,radar,,,0.0,300.0,fisheye,Rule 1 recording stopped after 5.0s post-roll,8:31:42,0,
1785704310.500,2026-08-02 14:58:30.499562,201,97378426783847ed84a1813cac69b904,stop,rule1_continuous_disagreement,3:30,30,3,video,video,,,0.0,300.0,fisheye,Rule 1 recording stopped after 5.0s post-roll,3:30:41,0,
1785704318.356,2026-08-02 14:58:38.356419,201,9e832ac11d434466a3d5a20cd5251f16,stop,rule1_continuous_disagreement,17:46,46,17,radar,video,,,0.0,300.0,fisheye,Rule 1 recording stopped after 5.0s post-roll,2:17:46,0,
1785704334.190,2026-08-02 14:58:54.190215,201,5eae6c89daa946c68777f3dcfcadbad0,stop,rule1_continuous_disagreement,31:42,42,31,radar,video,,,0.0,300.0,fisheye,Rule 1 recording stopped after 5.0s post-roll,8:31:42,0,
1785704342.892,2026-08-02 14:59:02.891653,201,f9b262ffd6304be48cfcc7d8f574fec6,start,rule1_continuous_disagreement,42:8,8,42,video,radar,1785704337.841,,5.051,300.0,fisheye,"detector '8' ON, detector '42' OFF for 5.051s (threshold=5.0s)",8:31:42,0,
1785704348.354,2026-08-02 14:59:08.354444,201,21228789c7f54177b352aee3cb2a2084,start,rule2_orphan_pulse,31:42,42,31,radar,video,1785704341.998,1785704343.285,1.287,16.287,fisheye,"orphan on detector '31': orphan pulse duration=1.287s window=[1785704336.998, 1785704348.285]",8:31:42,0,
1785704348.660,2026-08-02 14:59:08.660350,201,f9b262ffd6304be48cfcc7d8f574fec6,stop,rule1_continuous_disagreement,42:8,8,42,video,radar,,,0.0,300.0,fisheye,Rule 1 recording stopped after 5.1s post-roll,8:31:42,0,
1785704363.509,2026-08-02 14:59:23.508707,201,d8277421c20e48fd88b4203ec7dd8d00,stop,rule1_continuous_disagreement,22:39,39,22,radar,video,,,0.0,300.0,fisheye,Rule 1 recording stopped after 5.0s post-roll,4:22:39,0,
1785704382.467,2026-08-02 14:59:42.466880,201,325ad95421294edf896701085a11bc97,start,rule2_orphan_pulse,29:43,43,29,radar,video,1785704376.183,1785704377.457,1.274,16.274,fisheye,"orphan on detector '29': orphan pulse duration=1.274s window=[1785704371.183, 1785704382.457]",29:43,0,
1785704559.743,2026-08-02 15:02:39.743212,201,9f4ae37eaa384d4b8bf897543073875e,start,rule2_orphan_pulse,22:39,39,22,radar,video,1785704549.946,1785704554.691,4.745,19.745,fisheye,"orphan on detector '39': orphan pulse duration=4.745s window=[1785704544.946, 1785704559.691]",4:22:39,0,
1785704559.747,2026-08-02 15:02:39.747226,201,2a871a9b6f2149b2ac9eb301dc6fc022,start,rule2_orphan_pulse,39:4,4,39,video,radar,1785704549.946,1785704554.691,4.745,19.745,fisheye,"orphan on detector '39': orphan pulse duration=4.745s window=[1785704544.946, 1785704559.691]",4:22:39,1,9f4ae37eaa384d4b8bf897543073875e
1785704626.911,2026-08-02 15:03:46.910811,201,8133109ee1c94b858acb69242432bc75,start,rule2_orphan_pulse,42:8,8,42,video,radar,1785704616.988,1785704621.817,4.829,19.829,fisheye,"orphan on detector '8': orphan pulse duration=4.829s window=[1785704611.988, 1785704626.817]",8:31:42,0,
1785704644.553,2026-08-02 15:04:04.552983,201,6e6a68de9a214725868b8b825153909b,start,rule1_continuous_disagreement,26:33,33,26,radar,video,1785704639.513,,5.04,300.0,fisheye,"detector '26' ON, detector '33' OFF for 5.04s (threshold=5.0s)",26:33,0,
1785704649.710,2026-08-02 15:04:09.709682,201,08e8ac11897c42cfabf66363697b2ea2,start,rule2_orphan_pulse,42:8,8,42,video,radar,1785704640.093,1785704644.678,4.584,19.584,fisheye,"orphan on detector '8': orphan pulse duration=4.584s window=[1785704635.093, 1785704649.678]",8:31:42,0,
1785704667.881,2026-08-02 15:04:27.881226,201,114615bfbf1946598b8cf63c9835a8f0,start,rule1_continuous_disagreement,30:41,41,30,radar,video,1785704662.832,,5.049,300.0,fisheye,"detector '41' ON, detector '30' OFF for 5.049s (threshold=5.0s)",3:30:41,0,
1785704669.501,2026-08-02 15:04:29.501186,201,dbfe7fe2fbd04600872aee18c36b4462,start,rule1_continuous_disagreement,3:41,3,41,video,radar,1785704664.454,,5.047,300.0,fisheye,"detector '41' ON, detector '3' OFF for 5.047s (threshold=5.0s)",3:30:41,0,
1785704681.096,2026-08-02 15:04:41.096172,201,c5962b71d06a49b399fd4c4648254307,start,rule2_orphan_pulse,3:30,30,3,video,video,1785704674.262,1785704676.008,1.745,16.745,fisheye,"orphan on detector '3': orphan pulse duration=1.745s window=[1785704669.262, 1785704681.008]",3:30:41,0,
1785704683.119,2026-08-02 15:04:43.119047,201,6e6a68de9a214725868b8b825153909b,stop,rule1_continuous_disagreement,26:33,33,26,radar,video,,,0.0,300.0,fisheye,Rule 1 recording stopped after 5.0s post-roll,26:33,0,
1785704707.835,2026-08-02 15:05:07.834517,201,2d8849a19e2d495088fb24aab400a4b3,start,rule1_continuous_disagreement,22:39,39,22,radar,video,1785704702.786,,5.049,300.0,fisheye,"detector '39' ON, detector '22' OFF for 5.049s (threshold=5.0s)",4:22:39,0,
1785704707.838,2026-08-02 15:05:07.837530,201,4d617e6cf9b44d3c8ad7229357aaf3cd,start,rule1_continuous_disagreement,39:4,4,39,video,radar,1785704702.786,,5.052,300.0,fisheye,"detector '39' ON, detector '4' OFF for 5.052s (threshold=5.0s)",4:22:39,1,2d8849a19e2d495088fb24aab400a4b3
1785704713.695,2026-08-02 15:05:13.694707,201,114615bfbf1946598b8cf63c9835a8f0,stop,rule1_continuous_disagreement,30:41,41,30,radar,video,,,0.0,300.0,fisheye,Rule 1 recording stopped after 5.0s post-roll,3:30:41,0,
1785704713.698,2026-08-02 15:05:13.697718,201,dbfe7fe2fbd04600872aee18c36b4462,stop,rule1_continuous_disagreement,3:41,3,41,video,radar,,,0.0,300.0,fisheye,Rule 1 recording stopped after 5.1s post-roll,3:30:41,0,
1785704722.070,2026-08-02 15:05:22.069797,201,c70268dff33745f2910c9efa96580d93,start,rule2_orphan_pulse,29:43,43,29,radar,video,1785704716.044,1785704717.029,0.985,15.985,fisheye,"orphan on detector '29': orphan pulse duration=0.985s window=[1785704711.044, 1785704722.029]",29:43,0,
1785704730.839,2026-08-02 15:05:30.838749,201,0c8ae75afdc84dd2b78950f083fcbe72,start,rule2_orphan_pulse,29:43,43,29,radar,video,1785704724.860,1785704725.830,0.97,15.969999999999999,fisheye,"orphan on detector '29': orphan pulse duration=0.97s window=[1785704719.860, 1785704730.830]",29:43,0,
1785704739.811,2026-08-02 15:05:39.811027,201,14187c3c7bd84de685e0a055ccd1f9d1,start,rule2_orphan_pulse,29:43,43,29,radar,video,1785704734.044,1785704734.723,0.679,15.679,fisheye,"orphan on detector '29': orphan pulse duration=0.679s window=[1785704729.044, 1785704739.723]",29:43,0,
1785704740.822,2026-08-02 15:05:40.822256,201,c6189a5e353645a48e131e95bfc2052b,start,rule1_continuous_disagreement,42:8,8,42,video,radar,1785704735.779,,5.043,300.0,fisheye,"detector '42' ON, detector '8' OFF for 5.043s (threshold=5.0s)",8:31:42,0,
1785704741.133,2026-08-02 15:05:41.132603,201,731d4805a3104ec5be1aaedb1af936d8,start,rule1_continuous_disagreement,31:42,42,31,radar,video,1785704736.081,,5.052,300.0,fisheye,"detector '42' ON, detector '31' OFF for 5.052s (threshold=5.0s)",8:31:42,1,c6189a5e353645a48e131e95bfc2052b
1785704748.592,2026-08-02 15:05:48.592480,201,c6189a5e353645a48e131e95bfc2052b,stop,rule1_continuous_disagreement,42:8,8,42,video,radar,,,0.0,300.0,fisheye,Rule 1 recording stopped after 5.0s post-roll,8:31:42,0,
1785704766.927,2026-08-02 15:06:06.926801,201,1c0f1bb72f3f4263b59783cd7d16f27d,start,rule1_continuous_disagreement,31:8,31,8,video,video,1785704761.883,,5.044,300.0,fisheye,"detector '8' ON, detector '31' OFF for 5.044s (threshold=5.0s)",8:31:42,0,
1785704768.949,2026-08-02 15:06:08.948751,201,c4931f5813774d0eab1ef69bab2d6649,start,rule1_continuous_disagreement,42:8,8,42,video,radar,1785704763.898,,5.051,300.0,fisheye,"detector '8' ON, detector '42' OFF for 5.051s (threshold=5.0s)",8:31:42,0,
1785704775.598,2026-08-02 15:06:15.598404,201,c4931f5813774d0eab1ef69bab2d6649,stop,rule1_continuous_disagreement,42:8,8,42,video,radar,,,0.0,300.0,fisheye,Rule 1 recording stopped after 5.0s post-roll,8:31:42,0,
1785704776.211,2026-08-02 15:06:16.211247,201,e721fffe3d544174b697d28c088da70a,start,rule2_orphan_pulse,31:42,42,31,radar,video,1785704770.158,1785704771.151,0.993,15.993,fisheye,"orphan on detector '31': orphan pulse duration=0.993s window=[1785704765.158, 1785704776.151]",8:31:42,0,
1785704776.214,2026-08-02 15:06:16.213849,201,1c0f1bb72f3f4263b59783cd7d16f27d,stop,rule1_continuous_disagreement,31:8,31,8,video,video,,,0.0,300.0,fisheye,Rule 1 recording stopped after 5.0s post-roll,8:31:42,0,
1785704778.840,2026-08-02 15:06:18.839643,201,1f2ffa5304e5401698e481a5a0b172e3,start,rule1_continuous_disagreement,30:41,41,30,radar,video,1785704773.784,,5.056,300.0,fisheye,"detector '30' ON, detector '41' OFF for 5.056s (threshold=5.0s)",3:30:41,0,
1785704778.843,2026-08-02 15:06:18.843375,201,6686a36f58cf4accbc94b8d10550afa9,start,rule1_continuous_disagreement,3:41,3,41,video,radar,1785704773.783,,5.06,300.0,fisheye,"detector '3' ON, detector '41' OFF for 5.06s (threshold=5.0s)",3:30:41,1,1f2ffa5304e5401698e481a5a0b172e3
1785704872.517,2026-08-02 15:07:52.516751,201,5cf97fb1331d4fab80cab724e9febab2,start,rule1_continuous_disagreement,31:8,31,8,video,video,1785704867.474,,5.043,300.0,fisheye,"detector '8' ON, detector '31' OFF for 5.043s (threshold=5.0s)",8:31:42,0,
1785704872.519,2026-08-02 15:07:52.519092,201,011ee760fc0441d8b8bba704a17f00e9,start,rule1_continuous_disagreement,42:8,8,42,video,radar,1785704867.474,,5.045,300.0,fisheye,"detector '8' ON, detector '42' OFF for 5.045s (threshold=5.0s)",8:31:42,1,5cf97fb1331d4fab80cab724e9febab2
1785704877.770,2026-08-02 15:07:57.769678,201,5cf97fb1331d4fab80cab724e9febab2,stop,rule1_continuous_disagreement,31:8,31,8,video,video,,,0.0,300.0,fisheye,Rule 1 recording stopped after 5.0s post-roll,8:31:42,0,
1785704890.784,2026-08-02 15:08:10.783544,201,2d8849a19e2d495088fb24aab400a4b3,stop,rule1_continuous_disagreement,22:39,39,22,radar,video,,,0.0,300.0,fisheye,Rule 1 recording stopped after 5.0s post-roll,4:22:39,0,
1785704905.708,2026-08-02 15:08:25.707646,201,1f2ffa5304e5401698e481a5a0b172e3,stop,rule1_continuous_disagreement,30:41,41,30,radar,video,,,0.0,300.0,fisheye,Rule 1 recording stopped after 5.0s post-roll,3:30:41,0,
1785704911.865,2026-08-02 15:08:31.865022,201,43632246d27e44f8b2d9db4e6da8fac8,start,rule2_orphan_pulse,29:43,43,29,radar,video,1785704903.893,1785704906.798,2.905,17.905,fisheye,"orphan on detector '29': orphan pulse duration=2.905s window=[1785704898.893, 1785704911.798]",29:43,0,
1785705053.876,2026-08-02 15:10:53.876343,201,08585b95530f4f16b249aabbb526d735,start,rule2_orphan_pulse,31:8,31,8,video,video,1785705044.905,1785705048.832,3.927,18.927,fisheye,"orphan on detector '8': orphan pulse duration=3.927s window=[1785705039.905, 1785705053.832]",8:31:42,0,
1785705053.876,2026-08-02 15:10:53.876343,201,43ff6f1adb58488bbf40c04bb53e5ec4,start,rule2_orphan_pulse,42:8,8,42,video,radar,1785705044.905,1785705048.832,3.927,18.927,fisheye,"orphan on detector '8': orphan pulse duration=3.927s window=[1785705039.905, 1785705053.832]",8:31:42,1,08585b95530f4f16b249aabbb526d735
1785705094.615,2026-08-02 15:11:34.614629,201,5cf16c2764014aadad4606b33d593356,start,rule1_continuous_disagreement,22:39,39,22,radar,video,1785705089.579,,5.036,300.0,fisheye,"detector '22' ON, detector '39' OFF for 5.036s (threshold=5.0s)",4:22:39,0,
1785705094.620,2026-08-02 15:11:34.620250,201,69726cc3710a4ef5b6bb1bee9868b95b,start,rule1_continuous_disagreement,22:4,22,4,video,video,1785705089.578,,5.042,300.0,fisheye,"detector '22' ON, detector '4' OFF for 5.042s (threshold=5.0s)",4:22:39,1,5cf16c2764014aadad4606b33d593356
1785705102.883,2026-08-02 15:11:42.882773,201,5cf16c2764014aadad4606b33d593356,stop,rule1_continuous_disagreement,22:39,39,22,radar,video,,,0.0,300.0,fisheye,Rule 1 recording stopped after 5.0s post-roll,4:22:39,0,
1785705158.590,2026-08-02 15:12:38.589656,201,a0443d19a5d64d74836d3d491f81dde2,start,rule1_continuous_disagreement,31:8,31,8,video,video,1785705153.540,,5.05,300.0,fisheye,"detector '8' ON, detector '31' OFF for 5.05s (threshold=5.0s)",8:31:42,0,
1785705158.592,2026-08-02 15:12:38.591972,201,93ee02beae4f406f8e5a6b68ea4ee548,start,rule1_continuous_disagreement,42:8,8,42,video,radar,1785705153.540,,5.052,300.0,fisheye,"detector '8' ON, detector '42' OFF for 5.052s (threshold=5.0s)",8:31:42,1,a0443d19a5d64d74836d3d491f81dde2
1785705164.450,2026-08-02 15:12:44.450133,201,a0443d19a5d64d74836d3d491f81dde2,stop,rule1_continuous_disagreement,31:8,31,8,video,video,,,0.0,300.0,fisheye,Rule 1 recording stopped after 5.0s post-roll,8:31:42,0,
1785705175.153,2026-08-02 15:12:55.153235,201,dfb0b710bc2f415aaa6ab7d83b40554f,start,rule2_orphan_pulse,3:30,30,3,video,video,1785705168.792,1785705170.102,1.31,16.310000000000002,fisheye,"orphan on detector '3': orphan pulse duration=1.31s window=[1785705163.792, 1785705175.102]",3:30:41,0,
1785705175.161,2026-08-02 15:12:55.160545,201,7c8a0e48c8214339911eca4223933282,start,rule2_orphan_pulse,3:41,3,41,video,radar,1785705168.792,1785705170.102,1.31,16.310000000000002,fisheye,"orphan on detector '3': orphan pulse duration=1.31s window=[1785705163.792, 1785705175.102]",3:30:41,1,dfb0b710bc2f415aaa6ab7d83b40554f
1785705238.082,2026-08-02 15:13:58.081740,201,7f44819cf0284d5083fdb0567d7683ed,start,rule1_continuous_disagreement,30:41,41,30,radar,video,1785705233.043,,5.039,300.0,fisheye,"detector '30' ON, detector '41' OFF for 5.039s (threshold=5.0s)",3:30:41,0,
1785705240.308,2026-08-02 15:14:00.308032,201,383019f484c047ada8a3c297b3843287,start,rule1_continuous_disagreement,3:41,3,41,video,radar,1785705235.260,,5.048,300.0,fisheye,"detector '3' ON, detector '41' OFF for 5.048s (threshold=5.0s)",3:30:41,0,
1785705263.910,2026-08-02 15:14:23.909855,201,7f44819cf0284d5083fdb0567d7683ed,stop,rule1_continuous_disagreement,30:41,41,30,radar,video,,,0.0,300.0,fisheye,Rule 1 recording stopped after 5.1s post-roll,3:30:41,0,
1785705264.919,2026-08-02 15:14:24.919380,201,383019f484c047ada8a3c297b3843287,stop,rule1_continuous_disagreement,3:41,3,41,video,radar,,,0.0,300.0,fisheye,Rule 1 recording stopped after 5.1s post-roll,3:30:41,0,
1785705267.145,2026-08-02 15:14:27.144621,201,60c247ea57b147dcbf8730d813422e86,start,rule2_orphan_pulse,29:43,43,29,radar,video,1785705261.100,1785705262.072,0.971,15.971,fisheye,"orphan on detector '29': orphan pulse duration=0.971s window=[1785705256.100, 1785705267.072]",29:43,0,
1785705336.662,2026-08-02 15:15:36.661607,201,02fc052d33cf4dff8d0b7bba9386275f,start,rule2_orphan_pulse,31:8,31,8,video,video,1785705327.060,1785705331.608,4.547,19.547,fisheye,"orphan on detector '8': orphan pulse duration=4.547s window=[1785705322.060, 1785705336.608]",8:31:42,0,
1785705336.667,2026-08-02 15:15:36.666652,201,0849bb4431184101810662aa7ae531fb,start,rule2_orphan_pulse,42:8,8,42,video,radar,1785705327.060,1785705331.608,4.547,19.547,fisheye,"orphan on detector '8': orphan pulse duration=4.547s window=[1785705322.060, 1785705336.608]",8:31:42,1,02fc052d33cf4dff8d0b7bba9386275f
1785705399.761,2026-08-02 15:16:39.761168,201,e18fbd4f145e45ce98deeb7459dc99a0,start,rule1_continuous_disagreement,22:39,39,22,radar,video,1785705394.704,,5.057,300.0,fisheye,"detector '39' ON, detector '22' OFF for 5.057s (threshold=5.0s)",4:22:39,0,
1785705399.761,2026-08-02 15:16:39.761168,201,6eec3fe30a0f498fbed302de10c6d3f9,start,rule1_continuous_disagreement,39:4,4,39,video,radar,1785705394.704,,5.057,300.0,fisheye,"detector '39' ON, detector '4' OFF for 5.057s (threshold=5.0s)",4:22:39,1,e18fbd4f145e45ce98deeb7459dc99a0
1785705449.204,2026-08-02 15:17:29.203671,201,e18fbd4f145e45ce98deeb7459dc99a0,stop,rule1_continuous_disagreement,22:39,39,22,radar,video,,,0.0,300.0,fisheye,Rule 1 recording stopped after 5.0s post-roll,4:22:39,0,
1785705522.094,2026-08-02 15:18:42.093961,201,fe21104aba784bb4b104351581771b7d,start,rule1_continuous_disagreement,29:43,43,29,radar,video,1785705517.056,,5.038,300.0,fisheye,"detector '43' ON, detector '29' OFF for 5.038s (threshold=5.0s)",29:43,0,
1785705522.600,2026-08-02 15:18:42.600382,201,a6ac61cc84224c5893135f8583f33528,start,rule2_orphan_pulse,31:8,31,8,video,video,1785705514.704,1785705517.590,2.886,17.886,fisheye,"orphan on detector '8': orphan pulse duration=2.886s window=[1785705509.704, 1785705522.590]",8:31:42,0,
1785705522.607,2026-08-02 15:18:42.607398,201,e7e6bc387c3142a3876182f06fd1e9f1,start,rule2_orphan_pulse,42:8,8,42,video,radar,1785705514.704,1785705517.590,2.886,17.886,fisheye,"orphan on detector '8': orphan pulse duration=2.886s window=[1785705509.704, 1785705522.590]",8:31:42,1,a6ac61cc84224c5893135f8583f33528
1785705529.068,2026-08-02 15:18:49.068236,201,fe21104aba784bb4b104351581771b7d,stop,rule1_continuous_disagreement,29:43,43,29,radar,video,,,0.0,300.0,fisheye,Rule 1 recording stopped after 5.0s post-roll,29:43,0,
1785705535.430,2026-08-02 15:18:55.430003,201,e9a8174e00e3495b8a2fc318eb29f57f,start,rule2_orphan_pulse,24:38,38,24,radar,video,1785705529.419,1785705530.387,0.968,15.968,fisheye,"orphan on detector '24': orphan pulse duration=0.968s window=[1785705524.419, 1785705535.387]",7:24:38,0,
1785705535.435,2026-08-02 15:18:55.434757,201,95f1c94f35c04a319cdcef95a7176e55,start,rule2_orphan_pulse,24:7,24,7,video,video,1785705529.419,1785705530.387,0.968,15.968,fisheye,"orphan on detector '24': orphan pulse duration=0.968s window=[1785705524.419, 1785705535.387]",7:24:38,1,e9a8174e00e3495b8a2fc318eb29f57f
1785705538.663,2026-08-02 15:18:58.663244,201,b39711ac63ba4e438f57cc0c19c8f100,start,rule2_orphan_pulse,29:43,43,29,radar,video,1785705531.645,1785705533.594,1.95,16.95,fisheye,"orphan on detector '43': orphan pulse duration=1.95s window=[1785705526.645, 1785705538.594]",29:43,0,
1785705542.906,2026-08-02 15:19:02.905529,201,7c88835f2041407baeea5c9f2d8cb67e,start,rule1_continuous_disagreement,3:41,3,41,video,radar,1785705537.854,,5.052,300.0,fisheye,"detector '3' ON, detector '41' OFF for 5.052s (threshold=5.0s)",3:30:41,0,
1785705545.232,2026-08-02 15:19:05.232322,201,15a2ffaa3e6648b5adb32b4628b21b39,start,rule1_continuous_disagreement,3:30,30,3,video,video,1785705540.185,,5.047,300.0,fisheye,"detector '3' ON, detector '30' OFF for 5.047s (threshold=5.0s)",3:30:41,0,
1785705747.673,2026-08-02 15:22:27.673270,201,757e659f6e6d42c0b3b064bec01f3141,start,rule1_continuous_disagreement,31:8,31,8,video,video,1785705742.610,,5.063,300.0,fisheye,"detector '8' ON, detector '31' OFF for 5.063s (threshold=5.0s)",8:31:42,0,
1785705747.676,2026-08-02 15:22:27.675599,201,17574118d60a4be094cf30cda708da24,start,rule1_continuous_disagreement,42:8,8,42,video,radar,1785705742.611,,5.065,300.0,fisheye,"detector '8' ON, detector '42' OFF for 5.065s (threshold=5.0s)",8:31:42,1,757e659f6e6d42c0b3b064bec01f3141
1785705753.528,2026-08-02 15:22:33.527892,201,757e659f6e6d42c0b3b064bec01f3141,stop,rule1_continuous_disagreement,31:8,31,8,video,video,,,0.0,300.0,fisheye,Rule 1 recording stopped after 5.0s post-roll,8:31:42,0,
1785705767.355,2026-08-02 15:22:47.355432,201,15a2ffaa3e6648b5adb32b4628b21b39,stop,rule1_continuous_disagreement,3:30,30,3,video,video,,,0.0,300.0,fisheye,Rule 1 recording stopped after 5.1s post-roll,3:30:41,0,
1785705767.361,2026-08-02 15:22:47.360667,201,7c88835f2041407baeea5c9f2d8cb67e,stop,rule1_continuous_disagreement,3:41,3,41,video,radar,,,0.0,300.0,fisheye,Rule 1 recording stopped after 5.1s post-roll,3:30:41,0,
1785705791.477,2026-08-02 15:23:11.476571,201,53d28aee92f445d0ada8efbe3eea2c01,start,rule1_continuous_disagreement,22:39,39,22,radar,video,1785705786.438,,5.039,300.0,fisheye,"detector '39' ON, detector '22' OFF for 5.039s (threshold=5.0s)",4:22:39,0,
1785705792.791,2026-08-02 15:23:12.791296,201,37c97a22df944323b48a20246a81121e,start,rule1_continuous_disagreement,39:4,4,39,video,radar,1785705787.745,,5.046,300.0,fisheye,"detector '39' ON, detector '4' OFF for 5.046s (threshold=5.0s)",4:22:39,0,
1785705832.823,2026-08-02 15:23:52.823300,201,3625f63b521c4784887a3080e8e5236b,start,rule1_continuous_disagreement,31:42,42,31,radar,video,1785705827.787,,5.036,300.0,fisheye,"detector '31' ON, detector '42' OFF for 5.036s (threshold=5.0s)",8:31:42,0,
1785705832.828,2026-08-02 15:23:52.828316,201,fad8954fc7b144938a043440266e3f12,start,rule1_continuous_disagreement,42:8,8,42,video,radar,1785705827.787,,5.041,300.0,fisheye,"detector '8' ON, detector '42' OFF for 5.041s (threshold=5.0s)",8:31:42,1,3625f63b521c4784887a3080e8e5236b
1785705858.269,2026-08-02 15:24:18.268774,201,3625f63b521c4784887a3080e8e5236b,stop,rule1_continuous_disagreement,31:42,42,31,radar,video,,,0.0,300.0,fisheye,Rule 1 recording stopped after 5.1s post-roll,8:31:42,0,
1785705859.278,2026-08-02 15:24:19.278010,201,9fd10e8159d34491a3e3cc5aa3936445,start,rule1_continuous_disagreement,17:46,46,17,radar,video,1785705854.226,,5.052,300.0,fisheye,"detector '17' ON, detector '46' OFF for 5.052s (threshold=5.0s)",2:17:46,0,
1785705859.282,2026-08-02 15:24:19.282040,201,24890aba3dcd47fab0d7af7d2ce13c3c,start,rule1_continuous_disagreement,2:46,2,46,video,radar,1785705854.226,,5.056,300.0,fisheye,"detector '2' ON, detector '46' OFF for 5.056s (threshold=5.0s)",2:17:46,1,9fd10e8159d34491a3e3cc5aa3936445
1785705868.568,2026-08-02 15:24:28.568208,201,9fd10e8159d34491a3e3cc5aa3936445,stop,rule1_continuous_disagreement,17:46,46,17,radar,video,,,0.0,300.0,fisheye,Rule 1 recording stopped after 5.0s post-roll,2:17:46,0,
1785705890.380,2026-08-02 15:24:50.379602,201,54879f4e51bb4942ac6496a835e58551,start,rule2_orphan_pulse,31:8,31,8,video,video,1785705880.686,1785705885.291,4.605,19.605,fisheye,"orphan on detector '8': orphan pulse duration=4.605s window=[1785705875.686, 1785705890.291]",8:31:42,0,
1785705890.384,2026-08-02 15:24:50.384033,201,fda531bdabf54430bb88d321603e3002,start,rule2_orphan_pulse,42:8,8,42,video,radar,1785705880.686,1785705885.291,4.605,19.605,fisheye,"orphan on detector '8': orphan pulse duration=4.605s window=[1785705875.686, 1785705890.291]",8:31:42,1,54879f4e51bb4942ac6496a835e58551
1785705894.214,2026-08-02 15:24:54.213514,201,53d28aee92f445d0ada8efbe3eea2c01,stop,rule1_continuous_disagreement,22:39,39,22,radar,video,,,0.0,300.0,fisheye,Rule 1 recording stopped after 5.0s post-roll,4:22:39,0,
1785705894.214,2026-08-02 15:24:54.213514,201,37c97a22df944323b48a20246a81121e,stop,rule1_continuous_disagreement,39:4,4,39,video,radar,,,0.0,300.0,fisheye,Rule 1 recording stopped after 5.0s post-roll,4:22:39,0,
1785705911.883,2026-08-02 15:25:11.883058,201,774259889f7d4a3fbe30343ac8b896bc,start,rule1_continuous_disagreement,22:39,39,22,radar,video,1785705906.836,,5.047,300.0,fisheye,"detector '39' ON, detector '22' OFF for 5.047s (threshold=5.0s)",4:22:39,0,
1785705911.885,2026-08-02 15:25:11.885213,201,10cd156d342b450abd77cfbb3a666812,start,rule1_continuous_disagreement,39:4,4,39,video,radar,1785705906.836,,5.049,300.0,fisheye,"detector '39' ON, detector '4' OFF for 5.049s (threshold=5.0s)",4:22:39,1,774259889f7d4a3fbe30343ac8b896bc
1785705931.456,2026-08-02 15:25:31.455703,201,4457a7e4f2824ea0aa222f0af5404496,start,rule1_continuous_disagreement,24:38,38,24,radar,video,1785705926.414,,5.042,300.0,fisheye,"detector '24' ON, detector '38' OFF for 5.042s (threshold=5.0s)",7:24:38,0,
1785705931.458,2026-08-02 15:25:31.457714,201,17b64c68307a46fa97c2de577c047dd7,start,rule1_continuous_disagreement,38:7,7,38,video,radar,1785705926.414,,5.044,300.0,fisheye,"detector '7' ON, detector '38' OFF for 5.044s (threshold=5.0s)",7:24:38,1,4457a7e4f2824ea0aa222f0af5404496
1785705937.906,2026-08-02 15:25:37.905542,201,f99cd4c1d30d4eb0acb03375e0a07165,start,rule1_continuous_disagreement,17:46,46,17,radar,video,1785705932.869,,5.037,300.0,fisheye,"detector '17' ON, detector '46' OFF for 5.037s (threshold=5.0s)",2:17:46,0,
1785705937.908,2026-08-02 15:25:37.908052,201,5252c90f5281456ab97186a21f9868db,start,rule1_continuous_disagreement,2:46,2,46,video,radar,1785705932.869,,5.039,300.0,fisheye,"detector '2' ON, detector '46' OFF for 5.039s (threshold=5.0s)",2:17:46,1,f99cd4c1d30d4eb0acb03375e0a07165
1785705938.614,2026-08-02 15:25:38.614236,201,4457a7e4f2824ea0aa222f0af5404496,stop,rule1_continuous_disagreement,24:38,38,24,radar,video,,,0.0,300.0,fisheye,Rule 1 recording stopped after 5.0s post-roll,7:24:38,0,
1785705943.459,2026-08-02 15:25:43.458709,201,774259889f7d4a3fbe30343ac8b896bc,stop,rule1_continuous_disagreement,22:39,39,22,radar,video,,,0.0,300.0,fisheye,Rule 1 recording stopped after 5.0s post-roll,4:22:39,0,
1785705978.636,2026-08-02 15:26:18.635648,201,f99cd4c1d30d4eb0acb03375e0a07165,stop,rule1_continuous_disagreement,17:46,46,17,radar,video,,,0.0,300.0,fisheye,Rule 1 recording stopped after 5.0s post-roll,2:17:46,0,
1785705982.275,2026-08-02 15:26:22.274641,201,7abf06dfe93e412e98a7be9b990b2012,start,rule1_continuous_disagreement,26:33,33,26,radar,video,1785705977.226,,5.049,300.0,fisheye,"detector '26' ON, detector '33' OFF for 5.049s (threshold=5.0s)",26:33,0,
1785705985.201,2026-08-02 15:26:25.200986,201,305cda8a17e34ade94fcd4578411d861,start,rule1_continuous_disagreement,22:39,39,22,radar,video,1785705980.155,,5.046,300.0,fisheye,"detector '39' ON, detector '22' OFF for 5.046s (threshold=5.0s)",4:22:39,0,
1785705985.207,2026-08-02 15:26:25.207075,201,ceaf8d4e1baa429f846992c63969f6d4,start,rule1_continuous_disagreement,39:4,4,39,video,radar,1785705980.155,,5.052,300.0,fisheye,"detector '39' ON, detector '4' OFF for 5.052s (threshold=5.0s)",4:22:39,1,305cda8a17e34ade94fcd4578411d861
1785705989.138,2026-08-02 15:26:29.138140,201,7abf06dfe93e412e98a7be9b990b2012,stop,rule1_continuous_disagreement,26:33,33,26,radar,video,,,0.0,300.0,fisheye,Rule 1 recording stopped after 5.0s post-roll,26:33,0,
1785706005.076,2026-08-02 15:26:45.076253,201,305cda8a17e34ade94fcd4578411d861,stop,rule1_continuous_disagreement,22:39,39,22,radar,video,,,0.0,300.0,fisheye,Rule 1 recording stopped after 5.0s post-roll,4:22:39,0,
1785706092.086,2026-08-02 15:28:12.086469,201,7383e35895bd4242969bdf2a4ce7ad87,start,rule1_continuous_disagreement,39:4,4,39,video,radar,1785706087.055,,5.031,300.0,fisheye,"detector '39' ON, detector '4' OFF for 5.031s (threshold=5.0s)",4:22:39,0,
1785706092.797,2026-08-02 15:28:12.797352,201,3e6defaab59943ca835f470f0d07930f,start,rule1_continuous_disagreement,22:39,39,22,radar,video,1785706087.758,,5.039,300.0,fisheye,"detector '39' ON, detector '22' OFF for 5.039s (threshold=5.0s)",4:22:39,1,7383e35895bd4242969bdf2a4ce7ad87
1785706097.950,2026-08-02 15:28:17.950453,201,7383e35895bd4242969bdf2a4ce7ad87,stop,rule1_continuous_disagreement,39:4,4,39,video,radar,,,0.0,300.0,fisheye,Rule 1 recording stopped after 5.1s post-roll,4:22:39,0,
1785706100.176,2026-08-02 15:28:20.176303,201,bbd7282ce5e044778a34aa36ac15ca0b,start,rule2_orphan_pulse,31:8,31,8,video,video,1785706090.280,1785706095.152,4.873,19.873,fisheye,"orphan on detector '8': orphan pulse duration=4.873s window=[1785706085.280, 1785706100.152]",8:31:42,0,
1785706100.182,2026-08-02 15:28:20.181854,201,1e9be98d556e404d9297b1110c01a712,start,rule2_orphan_pulse,42:8,8,42,video,radar,1785706090.280,1785706095.152,4.873,19.873,fisheye,"orphan on detector '8': orphan pulse duration=4.873s window=[1785706085.280, 1785706100.152]",8:31:42,1,bbd7282ce5e044778a34aa36ac15ca0b
1785706123.672,2026-08-02 15:28:43.672033,201,f322ccb824fb4561a1e1064192913721,start,rule2_orphan_pulse,29:43,43,29,radar,video,1785706118.014,1785706118.671,0.656,15.655999999999999,fisheye,"orphan on detector '29': orphan pulse duration=0.656s window=[1785706113.014, 1785706123.671]",29:43,0,
1785706126.398,2026-08-02 15:28:46.398317,201,1fbd9e795b2c4b69b90e8dbc88598c2c,start,rule1_continuous_disagreement,24:38,38,24,radar,video,1785706121.350,,5.048,300.0,fisheye,"detector '24' ON, detector '38' OFF for 5.048s (threshold=5.0s)",7:24:38,0,
1785706126.401,2026-08-02 15:28:46.401342,201,52c43407c7094565aeeb4e1f073d06bc,start,rule1_continuous_disagreement,38:7,7,38,video,radar,1785706121.350,,5.051,300.0,fisheye,"detector '7' ON, detector '38' OFF for 5.051s (threshold=5.0s)",7:24:38,1,1fbd9e795b2c4b69b90e8dbc88598c2c
1785706131.946,2026-08-02 15:28:51.946317,201,5fd565c07ca44c449debbd4e02611eec,start,rule1_continuous_disagreement,31:42,42,31,radar,video,1785706126.908,,5.038,300.0,fisheye,"detector '31' ON, detector '42' OFF for 5.038s (threshold=5.0s)",8:31:42,0,
1785706132.251,2026-08-02 15:28:52.251328,201,1fbd9e795b2c4b69b90e8dbc88598c2c,stop,rule1_continuous_disagreement,24:38,38,24,radar,video,,,0.0,300.0,fisheye,Rule 1 recording stopped after 5.0s post-roll,7:24:38,0,
1785706135.079,2026-08-02 15:28:55.079285,201,519bc00e000c416e96b908a8e7990cf8,start,rule1_continuous_disagreement,29:43,43,29,radar,video,1785706130.031,,5.048,300.0,fisheye,"detector '29' ON, detector '43' OFF for 5.048s (threshold=5.0s)",29:43,0,
1785706142.858,2026-08-02 15:29:02.857699,201,519bc00e000c416e96b908a8e7990cf8,stop,rule1_continuous_disagreement,29:43,43,29,radar,video,,,0.0,300.0,fisheye,Rule 1 recording stopped after 5.0s post-roll,29:43,0,
1785706143.164,2026-08-02 15:29:03.164166,201,5fd565c07ca44c449debbd4e02611eec,stop,rule1_continuous_disagreement,31:42,42,31,radar,video,,,0.0,300.0,fisheye,Rule 1 recording stopped after 5.0s post-roll,8:31:42,0,
1785706143.777,2026-08-02 15:29:03.777006,201,fce414df2dff425bbe915053b942f471,start,rule2_orphan_pulse,42:8,8,42,video,radar,1785706136.499,1785706138.771,2.272,17.272,fisheye,"orphan on detector '8': orphan pulse duration=2.272s window=[1785706131.499, 1785706143.771]",8:31:42,0,
1785706171.917,2026-08-02 15:29:31.916786,201,ee5dcbda708a4296832eca6fec246228,start,rule1_continuous_disagreement,31:8,31,8,video,video,1785706166.878,,5.039,300.0,fisheye,"detector '8' ON, detector '31' OFF for 5.039s (threshold=5.0s)",8:31:42,0,
1785706182.933,2026-08-02 15:29:42.933064,201,ee5dcbda708a4296832eca6fec246228,stop,rule1_continuous_disagreement,31:8,31,8,video,video,,,0.0,300.0,fisheye,Rule 1 recording stopped after 5.1s post-roll,8:31:42,0,
1785706220.130,2026-08-02 15:30:20.130343,201,1cd9b5887f0140bc858d2407e94772b7,start,rule2_orphan_pulse,31:42,42,31,radar,video,1785706214.077,1785706215.053,0.976,15.975999999999999,fisheye,"orphan on detector '31': orphan pulse duration=0.976s window=[1785706209.077, 1785706220.053]",8:31:42,0,
1785706306.875,2026-08-02 15:31:46.874726,201,c1b6478817a449ed9fbf72c95f21dfca,start,rule1_continuous_disagreement,22:39,39,22,radar,video,1785706301.839,,5.036,300.0,fisheye,"detector '39' ON, detector '22' OFF for 5.036s (threshold=5.0s)",4:22:39,0,
1785706306.881,2026-08-02 15:31:46.880551,201,7f38b2e7dfa54d1ab74b63b260a342ca,start,rule1_continuous_disagreement,39:4,4,39,video,radar,1785706301.839,,5.042,300.0,fisheye,"detector '39' ON, detector '4' OFF for 5.042s (threshold=5.0s)",4:22:39,1,c1b6478817a449ed9fbf72c95f21dfca
1785706333.793,2026-08-02 15:32:13.793015,201,3a659c45ea9341e893ed58a00fcd5521,start,rule1_continuous_disagreement,31:8,31,8,video,video,1785706328.746,,5.047,300.0,fisheye,"detector '8' ON, detector '31' OFF for 5.047s (threshold=5.0s)",8:31:42,0,
1785706333.797,2026-08-02 15:32:13.796620,201,c807d9b149444197b27438806673b632,start,rule1_continuous_disagreement,42:8,8,42,video,radar,1785706328.746,,5.051,300.0,fisheye,"detector '8' ON, detector '42' OFF for 5.051s (threshold=5.0s)",8:31:42,1,3a659c45ea9341e893ed58a00fcd5521
1785706337.831,2026-08-02 15:32:17.830611,201,a5c79b211cab46248026ce150cad7581,start,rule1_continuous_disagreement,22:4,22,4,video,video,1785706332.786,,5.045,300.0,fisheye,"detector '4' ON, detector '22' OFF for 5.045s (threshold=5.0s)",4:22:39,0,
1785706339.754,2026-08-02 15:32:19.754064,201,3a659c45ea9341e893ed58a00fcd5521,stop,rule1_continuous_disagreement,31:8,31,8,video,video,,,0.0,300.0,fisheye,Rule 1 recording stopped after 5.0s post-roll,8:31:42,0,
1785706368.712,2026-08-02 15:32:48.712000,201,a5c79b211cab46248026ce150cad7581,stop,rule1_continuous_disagreement,22:4,22,4,video,video,,,0.0,300.0,fisheye,Rule 1 recording stopped after 5.0s post-roll,4:22:39,0,
1785706392.424,2026-08-02 15:33:12.424492,201,2d80802a192d4886bb7bed92f3a1fd16,start,rule2_orphan_pulse,29:43,43,29,radar,video,1785706385.508,1785706387.402,1.894,16.894,fisheye,"orphan on detector '43': orphan pulse duration=1.894s window=[1785706380.508, 1785706392.402]",29:43,0,
1785706437.144,2026-08-02 15:33:57.144004,201,74cf09dcf4254f5ebfa3593260176a03,start,rule1_continuous_disagreement,42:8,8,42,video,radar,1785706432.096,,5.048,300.0,fisheye,"detector '8' ON, detector '42' OFF for 5.048s (threshold=5.0s)",8:31:42,0,
1785706439.375,2026-08-02 15:33:59.374505,201,c1b6478817a449ed9fbf72c95f21dfca,stop,rule1_continuous_disagreement,22:39,39,22,radar,video,,,0.0,300.0,fisheye,Rule 1 recording stopped after 5.1s post-roll,4:22:39,0,
1785706443.015,2026-08-02 15:34:03.014772,201,e179d8e500eb41d08c57cc56835f9959,start,rule2_orphan_pulse,31:42,42,31,radar,video,1785706437.254,1785706437.928,0.673,15.673,fisheye,"orphan on detector '31': orphan pulse duration=0.673s window=[1785706432.254, 1785706442.928]",8:31:42,0,
1785706443.724,2026-08-02 15:34:03.724131,201,74cf09dcf4254f5ebfa3593260176a03,stop,rule1_continuous_disagreement,42:8,8,42,video,radar,,,0.0,300.0,fisheye,Rule 1 recording stopped after 5.1s post-roll,8:31:42,0,
1785706502.732,2026-08-02 15:35:02.731540,201,e93a464457914f79b03417682da04574,start,rule1_continuous_disagreement,31:8,31,8,video,video,1785706497.689,,5.043,300.0,fisheye,"detector '8' ON, detector '31' OFF for 5.043s (threshold=5.0s)",8:31:42,0,
1785706502.736,2026-08-02 15:35:02.736155,201,7fd086fdd0c64a27a684b9658bc794f6,start,rule1_continuous_disagreement,42:8,8,42,video,radar,1785706497.689,,5.047,300.0,fisheye,"detector '8' ON, detector '42' OFF for 5.047s (threshold=5.0s)",8:31:42,1,e93a464457914f79b03417682da04574
1785706508.696,2026-08-02 15:35:08.696365,201,e93a464457914f79b03417682da04574,stop,rule1_continuous_disagreement,31:8,31,8,video,video,,,0.0,300.0,fisheye,Rule 1 recording stopped after 5.0s post-roll,8:31:42,0,
1785706526.378,2026-08-02 15:35:26.378474,201,84a964fb82c64719915ba31ddafa4665,start,rule1_continuous_disagreement,29:43,43,29,radar,video,1785706521.330,,5.048,300.0,fisheye,"detector '43' ON, detector '29' OFF for 5.048s (threshold=5.0s)",29:43,0,
1785706532.830,2026-08-02 15:35:32.830002,201,84a964fb82c64719915ba31ddafa4665,stop,rule1_continuous_disagreement,29:43,43,29,radar,video,,,0.0,300.0,fisheye,Rule 1 recording stopped after 5.0s post-roll,29:43,0,
1785706535.149,2026-08-02 15:35:35.149291,201,0390b39eec674c4fa381aca6c854d114,start,rule2_orphan_pulse,31:8,31,8,video,video,1785706526.815,1785706530.050,3.235,18.235,fisheye,"orphan on detector '8': orphan pulse duration=3.235s window=[1785706521.815, 1785706535.050]",8:31:42,0,
1785706535.155,2026-08-02 15:35:35.154893,201,e13100612ebf4557a28f2d2ec19345db,start,rule2_orphan_pulse,42:8,8,42,video,radar,1785706526.815,1785706530.050,3.235,18.235,fisheye,"orphan on detector '8': orphan pulse duration=3.235s window=[1785706521.815, 1785706535.050]",8:31:42,1,0390b39eec674c4fa381aca6c854d114
1785706537.982,2026-08-02 15:35:37.981727,201,48c44cf617d844e1aeb98dc90ccb95e8,start,rule2_orphan_pulse,22:39,39,22,radar,video,1785706531.967,1785706532.946,0.979,15.979,fisheye,"orphan on detector '22': orphan pulse duration=0.979s window=[1785706526.967, 1785706537.946]",4:22:39,0,
1785706537.985,2026-08-02 15:35:37.984735,201,ce98a4a4f526466b8c3fecfd0c2b2abd,start,rule2_orphan_pulse,39:4,4,39,video,radar,1785706532.283,1785706532.944,0.662,15.661999999999999,fisheye,"orphan on detector '4': orphan pulse duration=0.662s window=[1785706527.283, 1785706537.944]",4:22:39,1,48c44cf617d844e1aeb98dc90ccb95e8
1785706538.995,2026-08-02 15:35:38.995479,201,ece69d59dd0e4f2bbccf27802917f091,start,rule2_orphan_pulse,24:38,38,24,radar,video,1785706532.946,1785706533.912,0.966,15.966000000000001,fisheye,"orphan on detector '24': orphan pulse duration=0.966s window=[1785706527.946, 1785706538.912]",7:24:38,0,
1785706538.998,2026-08-02 15:35:38.998003,201,2ae650464ae7488ba370c55fda7a257e,start,rule2_orphan_pulse,38:7,7,38,video,radar,1785706532.944,1785706533.912,0.968,15.968,fisheye,"orphan on detector '7': orphan pulse duration=0.968s window=[1785706527.944, 1785706538.912]",7:24:38,1,ece69d59dd0e4f2bbccf27802917f091
1785706603.101,2026-08-02 15:36:43.101248,201,3dda4f7ca392488e8f92d717fcf175fa,start,rule1_continuous_disagreement,22:39,39,22,radar,video,1785706598.066,,5.035,300.0,fisheye,"detector '39' ON, detector '22' OFF for 5.035s (threshold=5.0s)",4:22:39,0,
1785706603.103,2026-08-02 15:36:43.103294,201,6c84e363bf424d64b21c14bd6889659f,start,rule1_continuous_disagreement,39:4,4,39,video,radar,1785706598.066,,5.037,300.0,fisheye,"detector '39' ON, detector '4' OFF for 5.037s (threshold=5.0s)",4:22:39,1,3dda4f7ca392488e8f92d717fcf175fa
1785706638.948,2026-08-02 15:37:18.948113,201,b8d7d2bdfdbc46febdae403f6052935e,start,rule1_continuous_disagreement,42:8,8,42,video,radar,1785706633.901,,5.047,300.0,fisheye,"detector '8' ON, detector '42' OFF for 5.047s (threshold=5.0s)",8:31:42,0,
1785706644.092,2026-08-02 15:37:24.091769,201,b8d7d2bdfdbc46febdae403f6052935e,stop,rule1_continuous_disagreement,42:8,8,42,video,radar,,,0.0,300.0,fisheye,Rule 1 recording stopped after 5.0s post-roll,8:31:42,0,
1785706689.195,2026-08-02 15:38:09.195293,201,3dda4f7ca392488e8f92d717fcf175fa,stop,rule1_continuous_disagreement,22:39,39,22,radar,video,,,0.0,300.0,fisheye,Rule 1 recording stopped after 5.0s post-roll,4:22:39,0,
1785706707.967,2026-08-02 15:38:27.967497,201,fddbc2420ec145c1b59f05d704d17b54,start,rule2_orphan_pulse,29:43,43,29,radar,video,1785706701.584,1785706702.886,1.302,16.302,fisheye,"orphan on detector '29': orphan pulse duration=1.302s window=[1785706696.584, 1785706707.886]",29:43,0,
1785706728.638,2026-08-02 15:38:48.638087,201,ceb944e20a9a4584b892fc6095ca3003,start,rule2_orphan_pulse,29:43,43,29,radar,video,1785706720.081,1785706723.613,3.532,18.532,fisheye,"orphan on detector '43': orphan pulse duration=3.532s window=[1785706715.081, 1785706728.613]",29:43,0,
1785706730.866,2026-08-02 15:38:50.866040,201,ac0de91e9515437a8ccdf5532dd99f54,start,rule2_orphan_pulse,31:8,31,8,video,video,1785706724.718,1785706725.827,1.109,16.109,fisheye,"orphan on detector '8': orphan pulse duration=1.109s window=[1785706719.718, 1785706730.827]",8:31:42,0,
1785706730.871,2026-08-02 15:38:50.871135,201,1322b1ac274048a59f35646445c54730,start,rule2_orphan_pulse,42:8,8,42,video,radar,1785706724.718,1785706725.827,1.109,16.109,fisheye,"orphan on detector '8': orphan pulse duration=1.109s window=[1785706719.718, 1785706730.827]",8:31:42,1,ac0de91e9515437a8ccdf5532dd99f54
1785706750.270,2026-08-02 15:39:10.269986,201,39695066a0774046a338018a40257519,start,rule1_continuous_disagreement,31:8,31,8,video,video,1785706745.225,,5.045,300.0,fisheye,"detector '8' ON, detector '31' OFF for 5.045s (threshold=5.0s)",8:31:42,0,
1785706751.892,2026-08-02 15:39:11.892475,201,719b5b44aaa34888a1195807cec9c7a5,start,rule1_continuous_disagreement,24:38,38,24,radar,video,1785706746.840,,5.052,300.0,fisheye,"detector '38' ON, detector '24' OFF for 5.052s (threshold=5.0s)",7:24:38,0,
1785706752.197,2026-08-02 15:39:12.196631,201,d38d0897cb7e45daa1c0cde6c28e21eb,start,rule1_continuous_disagreement,38:7,7,38,video,radar,1785706747.143,,5.054,300.0,fisheye,"detector '38' ON, detector '7' OFF for 5.054s (threshold=5.0s)",7:24:38,1,719b5b44aaa34888a1195807cec9c7a5
1785706755.530,2026-08-02 15:39:15.529571,201,39695066a0774046a338018a40257519,stop,rule1_continuous_disagreement,31:8,31,8,video,video,,,0.0,300.0,fisheye,Rule 1 recording stopped after 5.0s post-roll,8:31:42,0,
1785706764.422,2026-08-02 15:39:24.421707,201,8580c87ed9214c73a2e43e1508d9ff3e,start,rule1_continuous_disagreement,30:41,41,30,radar,video,1785706759.373,,5.049,300.0,fisheye,"detector '30' ON, detector '41' OFF for 5.049s (threshold=5.0s)",3:30:41,0,
1785706766.039,2026-08-02 15:39:26.039073,201,719b5b44aaa34888a1195807cec9c7a5,stop,rule1_continuous_disagreement,24:38,38,24,radar,video,,,0.0,300.0,fisheye,Rule 1 recording stopped after 5.0s post-roll,7:24:38,0,
1785706766.345,2026-08-02 15:39:26.344526,201,e551caa42a964b66be0c4ae7b8ace796,start,rule1_continuous_disagreement,3:41,3,41,video,radar,1785706761.292,,5.053,300.0,fisheye,"detector '3' ON, detector '41' OFF for 5.053s (threshold=5.0s)",3:30:41,0,
1785706780.783,2026-08-02 15:39:40.783132,201,c3a1690d9a6848acbafe770eeadcdd9d,start,rule1_continuous_disagreement,22:39,39,22,radar,video,1785706775.731,,5.052,300.0,fisheye,"detector '39' ON, detector '22' OFF for 5.052s (threshold=5.0s)",4:22:39,0,
1785706781.091,2026-08-02 15:39:41.091422,201,3bb18d1b03ab425ca639de3f86d29f71,start,rule1_continuous_disagreement,39:4,4,39,video,radar,1785706776.035,,5.056,300.0,fisheye,"detector '39' ON, detector '4' OFF for 5.056s (threshold=5.0s)",4:22:39,1,c3a1690d9a6848acbafe770eeadcdd9d
1785706869.202,2026-08-02 15:41:09.202123,201,c3a1690d9a6848acbafe770eeadcdd9d,stop,rule1_continuous_disagreement,22:39,39,22,radar,video,,,0.0,300.0,fisheye,Rule 1 recording stopped after 5.0s post-roll,4:22:39,0,
1785706886.560,2026-08-02 15:41:26.559828,201,8580c87ed9214c73a2e43e1508d9ff3e,stop,rule1_continuous_disagreement,30:41,41,30,radar,video,,,0.0,300.0,fisheye,Rule 1 recording stopped after 5.0s post-roll,3:30:41,0,
1785706892.807,2026-08-02 15:41:32.807063,201,e551caa42a964b66be0c4ae7b8ace796,stop,rule1_continuous_disagreement,3:41,3,41,video,radar,,,0.0,300.0,fisheye,Rule 1 recording stopped after 5.0s post-roll,3:30:41,0,
1785706962.307,2026-08-02 15:42:42.306931,201,a3bd268a7e9947f0b8cd26b60da5d5aa,start,rule1_continuous_disagreement,17:46,46,17,radar,video,1785706957.263,,5.044,300.0,fisheye,"detector '17' ON, detector '46' OFF for 5.044s (threshold=5.0s)",2:17:46,0,
1785706962.312,2026-08-02 15:42:42.312054,201,366978e3446a456b9865216430be8ffd,start,rule1_continuous_disagreement,2:46,2,46,video,radar,1785706957.262,,5.05,300.0,fisheye,"detector '2' ON, detector '46' OFF for 5.05s (threshold=5.0s)",2:17:46,1,a3bd268a7e9947f0b8cd26b60da5d5aa
1785706971.889,2026-08-02 15:42:51.889002,201,4b31a4623b4d4a198041ae4d59b0b412,start,rule1_continuous_disagreement,30:41,41,30,radar,video,1785706966.851,,5.038,300.0,fisheye,"detector '41' ON, detector '30' OFF for 5.038s (threshold=5.0s)",3:30:41,0,
1785706973.609,2026-08-02 15:42:53.608984,201,db5c32c48d75467394082c46ee923f63,start,rule1_continuous_disagreement,3:41,3,41,video,radar,1785706968.564,,5.045,300.0,fisheye,"detector '41' ON, detector '3' OFF for 5.045s (threshold=5.0s)",3:30:41,0,
1785706997.416,2026-08-02 15:43:17.415995,201,db5c32c48d75467394082c46ee923f63,stop,rule1_continuous_disagreement,3:41,3,41,video,radar,,,0.0,300.0,fisheye,Rule 1 recording stopped after 5.0s post-roll,3:30:41,0,
1785707025.252,2026-08-02 15:43:45.252362,201,f8f3a00c0e6140e1acf4b57a9bed4328,start,rule1_continuous_disagreement,26:33,33,26,radar,video,1785707020.213,,5.039,300.0,fisheye,"detector '26' ON, detector '33' OFF for 5.039s (threshold=5.0s)",26:33,0,
1785707031.620,2026-08-02 15:43:51.620114,201,f8f3a00c0e6140e1acf4b57a9bed4328,stop,rule1_continuous_disagreement,26:33,33,26,radar,video,,,0.0,300.0,fisheye,Rule 1 recording stopped after 5.1s post-roll,26:33,0,
1785707035.563,2026-08-02 15:43:55.562984,201,6646f12bc57f4aa58fec71bf955d1ec7,start,rule1_continuous_disagreement,31:8,31,8,video,video,1785707030.502,,5.061,300.0,fisheye,"detector '8' ON, detector '31' OFF for 5.061s (threshold=5.0s)",8:31:42,0,
1785707037.281,2026-08-02 15:43:57.281016,201,4b31a4623b4d4a198041ae4d59b0b412,stop,rule1_continuous_disagreement,30:41,41,30,radar,video,,,0.0,300.0,fisheye,Rule 1 recording stopped after 5.0s post-roll,3:30:41,0,
1785707042.119,2026-08-02 15:44:02.118931,201,8e15feddfe7f4061ad8734e4fd3d50ff,start,rule2_orphan_pulse,42:8,8,42,video,radar,1785707036.098,1785707037.087,0.988,15.988,fisheye,"orphan on detector '8': orphan pulse duration=0.988s window=[1785707031.098, 1785707042.087]",8:31:42,0,
1785707042.222,2026-08-02 15:44:02.222141,201,6646f12bc57f4aa58fec71bf955d1ec7,stop,rule1_continuous_disagreement,31:8,31,8,video,video,,,0.0,300.0,fisheye,Rule 1 recording stopped after 5.0s post-roll,8:31:42,0,
1785707042.430,2026-08-02 15:44:02.429949,201,00cb71b3256e4797a228b55317021461,start,rule2_orphan_pulse,29:43,43,29,radar,video,1785707033.130,1785707037.405,4.275,19.275,fisheye,"orphan on detector '43': orphan pulse duration=4.275s window=[1785707028.130, 1785707042.405]",29:43,0,
1785707060.093,2026-08-02 15:44:20.093219,201,a3bd268a7e9947f0b8cd26b60da5d5aa,stop,rule1_continuous_disagreement,17:46,46,17,radar,video,,,0.0,300.0,fisheye,Rule 1 recording stopped after 5.0s post-roll,2:17:46,0,
1785707062.515,2026-08-02 15:44:22.515000,201,f4f9e20dec7042aeacab520e36c72603,start,rule1_continuous_disagreement,3:41,3,41,video,radar,1785707057.463,,5.052,300.0,fisheye,"detector '41' ON, detector '3' OFF for 5.052s (threshold=5.0s)",3:30:41,0,
1785707068.663,2026-08-02 15:44:28.663144,201,f4f9e20dec7042aeacab520e36c72603,stop,rule1_continuous_disagreement,3:41,3,41,video,radar,,,0.0,300.0,fisheye,Rule 1 recording stopped after 5.0s post-roll,3:30:41,0,
1785707091.719,2026-08-02 15:44:51.718843,201,27dcd629e6fa491bb0f8498d19e5bd00,start,rule1_continuous_disagreement,24:38,38,24,radar,video,1785707086.686,,5.033,300.0,fisheye,"detector '24' ON, detector '38' OFF for 5.033s (threshold=5.0s)",7:24:38,0,
1785707091.719,2026-08-02 15:44:51.718843,201,c9c19d2648044311951988d00afb9e3f,start,rule1_continuous_disagreement,38:7,7,38,video,radar,1785707086.686,,5.033,300.0,fisheye,"detector '7' ON, detector '38' OFF for 5.033s (threshold=5.0s)",7:24:38,1,27dcd629e6fa491bb0f8498d19e5bd00
1785707096.762,2026-08-02 15:44:56.762324,201,a2e5bde119e64649959d0185cbc622a5,start,rule1_continuous_disagreement,31:42,42,31,radar,video,1785707091.719,,5.043,300.0,fisheye,"detector '42' ON, detector '31' OFF for 5.043s (threshold=5.0s)",8:31:42,0,
1785707097.775,2026-08-02 15:44:57.775150,201,b3b5cb6eb4bf4b3182488e3424f4b57d,start,rule1_continuous_disagreement,42:8,8,42,video,radar,1785707092.732,,5.043,300.0,fisheye,"detector '42' ON, detector '8' OFF for 5.043s (threshold=5.0s)",8:31:42,0,
1785707105.533,2026-08-02 15:45:05.533446,201,a2e5bde119e64649959d0185cbc622a5,stop,rule1_continuous_disagreement,31:42,42,31,radar,video,,,0.0,300.0,fisheye,Rule 1 recording stopped after 5.0s post-roll,8:31:42,0,
1785707105.538,2026-08-02 15:45:05.538322,201,b3b5cb6eb4bf4b3182488e3424f4b57d,stop,rule1_continuous_disagreement,42:8,8,42,video,radar,,,0.0,300.0,fisheye,Rule 1 recording stopped after 5.0s post-roll,8:31:42,0,
1785707130.569,2026-08-02 15:45:30.569080,201,e98021a853bb4dc3b4f6db059f05e861,start,rule2_orphan_pulse,31:8,31,8,video,video,1785707120.674,1785707125.537,4.863,19.863,fisheye,"orphan on detector '8': orphan pulse duration=4.863s window=[1785707115.674, 1785707130.537]",8:31:42,0,
1785707130.569,2026-08-02 15:45:30.569080,201,e43a4af6063e4b65bacc0dd4dac1bf38,start,rule2_orphan_pulse,42:8,8,42,video,radar,1785707120.674,1785707125.537,4.863,19.863,fisheye,"orphan on detector '8': orphan pulse duration=4.863s window=[1785707115.674, 1785707130.537]",8:31:42,1,e98021a853bb4dc3b4f6db059f05e861
1785707160.803,2026-08-02 15:46:00.803082,201,fb79fbe6d01c4ddc82227682d07998ef,start,rule2_orphan_pulse,3:30,30,3,video,video,1785707155.039,1785707155.715,0.676,15.676,fisheye,"orphan on detector '3': orphan pulse duration=0.676s window=[1785707150.039, 1785707160.715]",3:30:41,0,
1785707160.803,2026-08-02 15:46:00.803082,201,d659398cb6c1405ea3fee5b6a9573589,start,rule2_orphan_pulse,3:41,3,41,video,radar,1785707155.039,1785707155.715,0.676,15.676,fisheye,"orphan on detector '3': orphan pulse duration=0.676s window=[1785707150.039, 1785707160.715]",3:30:41,1,fb79fbe6d01c4ddc82227682d07998ef
1785707170.291,2026-08-02 15:46:10.290737,201,27dcd629e6fa491bb0f8498d19e5bd00,stop,rule1_continuous_disagreement,24:38,38,24,radar,video,,,0.0,300.0,fisheye,Rule 1 recording stopped after 5.0s post-roll,7:24:38,0,
1785707233.375,2026-08-02 15:47:13.375363,201,3bd4ae53b8cd4a418b5ec72a7d657a3f,start,rule2_orphan_pulse,30:41,41,30,radar,video,1785707227.005,1785707228.337,1.333,16.333,fisheye,"orphan on detector '30': orphan pulse duration=1.333s window=[1785707222.005, 1785707233.337]",3:30:41,0,
1785707233.375,2026-08-02 15:47:13.375363,201,25c33687f64b403ba991a565dbd7c0ba,start,rule2_orphan_pulse,3:30,30,3,video,video,1785707227.005,1785707228.337,1.333,16.333,fisheye,"orphan on detector '30': orphan pulse duration=1.333s window=[1785707222.005, 1785707233.337]",3:30:41,1,3bd4ae53b8cd4a418b5ec72a7d657a3f
1785707254.560,2026-08-02 15:47:34.559978,201,c77d1edf16a34cf99b451588121d10ef,start,rule2_orphan_pulse,31:8,31,8,video,video,1785707245.334,1785707249.558,4.224,19.224,fisheye,"orphan on detector '8': orphan pulse duration=4.224s window=[1785707240.334, 1785707254.558]",8:31:42,0,
1785707254.562,2026-08-02 15:47:34.561985,201,01e4e2bbdcc9418a948eb35712fdce74,start,rule2_orphan_pulse,42:8,8,42,video,radar,1785707245.334,1785707249.558,4.224,19.224,fisheye,"orphan on detector '8': orphan pulse duration=4.224s window=[1785707240.334, 1785707254.558]",8:31:42,1,c77d1edf16a34cf99b451588121d10ef
1785707295.199,2026-08-02 15:48:15.199072,201,575ad2fd1cf24b92833489ea158ac6fc,start,rule2_orphan_pulse,30:41,41,30,radar,video,1785707288.824,1785707290.103,1.279,16.279,fisheye,"orphan on detector '30': orphan pulse duration=1.279s window=[1785707283.824, 1785707295.103]",3:30:41,0,
1785707295.812,2026-08-02 15:48:15.811868,201,84bbd1c600854d45bef1c2e307236af7,start,rule2_orphan_pulse,3:41,3,41,video,radar,1785707288.824,1785707290.800,1.976,16.976,fisheye,"orphan on detector '3': orphan pulse duration=1.976s window=[1785707283.824, 1785707295.800]",3:30:41,1,575ad2fd1cf24b92833489ea158ac6fc
1785707315.682,2026-08-02 15:48:35.682331,201,257c58c36a8f4795bedd9398dd592ec0,start,rule1_continuous_disagreement,22:39,39,22,radar,video,1785707310.647,,5.035,300.0,fisheye,"detector '39' ON, detector '22' OFF for 5.035s (threshold=5.0s)",4:22:39,0,
1785707315.686,2026-08-02 15:48:35.686381,201,300e3b8c70ce467ea6d08084a364def8,start,rule1_continuous_disagreement,39:4,4,39,video,radar,1785707310.647,,5.039,300.0,fisheye,"detector '39' ON, detector '4' OFF for 5.039s (threshold=5.0s)",4:22:39,1,257c58c36a8f4795bedd9398dd592ec0
1785707330.822,2026-08-02 15:48:50.821903,201,1d18baa546e14e37a77149df05c5ed3f,start,rule2_orphan_pulse,42:8,8,42,video,radar,1785707321.841,1785707325.767,3.927,18.927,fisheye,"orphan on detector '8': orphan pulse duration=3.927s window=[1785707316.841, 1785707330.767]",8:31:42,0,
1785707420.780,2026-08-02 15:50:20.780224,201,257c58c36a8f4795bedd9398dd592ec0,stop,rule1_continuous_disagreement,22:39,39,22,radar,video,,,0.0,300.0,fisheye,Rule 1 recording stopped after 5.0s post-roll,4:22:39,0,
1785707446.092,2026-08-02 15:50:46.092086,201,0cb94b9a9f5e45698691f7255141ec44,start,rule1_continuous_disagreement,31:42,42,31,radar,video,1785707441.054,,5.038,300.0,fisheye,"detector '31' ON, detector '42' OFF for 5.038s (threshold=5.0s)",8:31:42,0,
1785707446.096,2026-08-02 15:50:46.095641,201,ad33634ceab848b3be2518e6f1d64f13,start,rule1_continuous_disagreement,42:8,8,42,video,radar,1785707441.054,,5.042,300.0,fisheye,"detector '8' ON, detector '42' OFF for 5.042s (threshold=5.0s)",8:31:42,1,0cb94b9a9f5e45698691f7255141ec44
1785707452.345,2026-08-02 15:50:52.344697,201,0cb94b9a9f5e45698691f7255141ec44,stop,rule1_continuous_disagreement,31:42,42,31,radar,video,,,0.0,300.0,fisheye,Rule 1 recording stopped after 5.0s post-roll,8:31:42,0,
1785707556.855,2026-08-02 15:52:36.854932,201,99846f3e94344e48a92f20c7236002eb,start,rule1_continuous_disagreement,31:8,31,8,video,video,1785707551.797,,5.058,300.0,fisheye,"detector '8' ON, detector '31' OFF for 5.058s (threshold=5.0s)",8:31:42,0,
1785707556.868,2026-08-02 15:52:36.867821,201,ebf2450bd2b4427d85dd8d95f09a988a,start,rule1_continuous_disagreement,42:8,8,42,video,radar,1785707551.797,,5.071,300.0,fisheye,"detector '8' ON, detector '42' OFF for 5.071s (threshold=5.0s)",8:31:42,1,99846f3e94344e48a92f20c7236002eb
1785707563.228,2026-08-02 15:52:43.228085,201,23aaec859d6e436aaf678685a162707a,start,rule2_orphan_pulse,31:42,42,31,radar,video,1785707557.168,1785707558.183,1.014,16.014,fisheye,"orphan on detector '31': orphan pulse duration=1.014s window=[1785707552.168, 1785707563.183]",8:31:42,0,
1785707563.231,2026-08-02 15:52:43.230671,201,99846f3e94344e48a92f20c7236002eb,stop,rule1_continuous_disagreement,31:8,31,8,video,video,,,0.0,300.0,fisheye,Rule 1 recording stopped after 5.0s post-roll,8:31:42,0,
1785707628.321,2026-08-02 15:53:48.320694,201,ec6553a9d9c04ac9935fef164e4a51c0,start,rule1_continuous_disagreement,31:42,42,31,radar,video,1785707623.285,,5.036,300.0,fisheye,"detector '31' ON, detector '42' OFF for 5.036s (threshold=5.0s)",8:31:42,0,
1785707628.323,2026-08-02 15:53:48.322709,201,97120cbac14b4f7e8331234c7af56c49,start,rule1_continuous_disagreement,42:8,8,42,video,radar,1785707623.285,,5.038,300.0,fisheye,"detector '8' ON, detector '42' OFF for 5.038s (threshold=5.0s)",8:31:42,1,ec6553a9d9c04ac9935fef164e4a51c0
1785707648.185,2026-08-02 15:54:08.185298,201,ec6553a9d9c04ac9935fef164e4a51c0,stop,rule1_continuous_disagreement,31:42,42,31,radar,video,,,0.0,300.0,fisheye,Rule 1 recording stopped after 5.0s post-roll,8:31:42,0,
1785707663.917,2026-08-02 15:54:23.916876,201,de020964bc4a4874b40507bb397b2db8,start,rule1_continuous_disagreement,26:33,33,26,radar,video,1785707658.878,,5.039,300.0,fisheye,"detector '33' ON, detector '26' OFF for 5.039s (threshold=5.0s)",26:33,0,
1785707664.523,2026-08-02 15:54:24.522502,201,1aa3582f42e74f0d8368ff76180b869a,start,rule1_continuous_disagreement,30:41,41,30,radar,video,1785707659.484,,5.039,300.0,fisheye,"detector '41' ON, detector '30' OFF for 5.039s (threshold=5.0s)",3:30:41,0,
1785707665.837,2026-08-02 15:54:25.836538,201,1bd0b4af50a4442a8caa3b68e6030972,start,rule1_continuous_disagreement,3:41,3,41,video,radar,1785707660.793,,5.044,300.0,fisheye,"detector '41' ON, detector '3' OFF for 5.044s (threshold=5.0s)",3:30:41,0,
1785707692.165,2026-08-02 15:54:52.165122,201,b636b53ddcb342e38051ff13d8be32a3,start,rule2_orphan_pulse,31:42,42,31,radar,video,1785707686.089,1785707687.088,0.998,15.998000000000001,fisheye,"orphan on detector '42': orphan pulse duration=0.998s window=[1785707681.089, 1785707692.088]",8:31:42,0,
1785707692.877,2026-08-02 15:54:52.876689,201,7f6b6caa917c45e8b6a81a17d7711080,start,rule1_continuous_disagreement,31:8,31,8,video,video,1785707687.822,,5.055,300.0,fisheye,"detector '8' ON, detector '31' OFF for 5.055s (threshold=5.0s)",8:31:42,0,
1785707692.881,2026-08-02 15:54:52.881267,201,9d8914563427483ebf3dfb852b40c21d,start,rule1_continuous_disagreement,42:8,8,42,video,radar,1785707687.822,,5.059,300.0,fisheye,"detector '8' ON, detector '42' OFF for 5.059s (threshold=5.0s)",8:31:42,1,7f6b6caa917c45e8b6a81a17d7711080
1785707698.340,2026-08-02 15:54:58.339691,201,7f6b6caa917c45e8b6a81a17d7711080,stop,rule1_continuous_disagreement,31:8,31,8,video,video,,,0.0,300.0,fisheye,Rule 1 recording stopped after 5.1s post-roll,8:31:42,0,
1785707714.191,2026-08-02 15:55:14.191297,201,de020964bc4a4874b40507bb397b2db8,stop,rule1_continuous_disagreement,26:33,33,26,radar,video,,,0.0,300.0,fisheye,Rule 1 recording stopped after 5.0s post-roll,26:33,0,
1785707791.213,2026-08-02 15:56:31.213419,201,1aa3582f42e74f0d8368ff76180b869a,stop,rule1_continuous_disagreement,30:41,41,30,radar,video,,,0.0,300.0,fisheye,Rule 1 recording stopped after 5.0s post-roll,3:30:41,0,
1785707791.823,2026-08-02 15:56:31.822556,201,1bd0b4af50a4442a8caa3b68e6030972,stop,rule1_continuous_disagreement,3:41,3,41,video,radar,,,0.0,300.0,fisheye,Rule 1 recording stopped after 5.0s post-roll,3:30:41,0,
1785707824.094,2026-08-02 15:57:04.093600,201,62aa04a0aedd439084ed8ef5e4a4fff1,start,rule1_continuous_disagreement,22:39,39,22,radar,video,1785707819.052,,5.042,300.0,fisheye,"detector '39' ON, detector '22' OFF for 5.042s (threshold=5.0s)",4:22:39,0,
1785707824.706,2026-08-02 15:57:04.705629,201,f122c97eecc94c01965f7a6c246fe378,start,rule1_continuous_disagreement,39:4,4,39,video,radar,1785707819.656,,5.05,300.0,fisheye,"detector '39' ON, detector '4' OFF for 5.05s (threshold=5.0s)",4:22:39,1,62aa04a0aedd439084ed8ef5e4a4fff1
1785707831.572,2026-08-02 15:57:11.571629,201,a0dad8bce3c34622bd7ce9d481612315,start,rule1_continuous_disagreement,31:42,42,31,radar,video,1785707826.523,,5.049,300.0,fisheye,"detector '31' ON, detector '42' OFF for 5.049s (threshold=5.0s)",8:31:42,0,
1785707831.574,2026-08-02 15:57:11.573638,201,dd8acd36ada648a29504fe188270e28d,start,rule1_continuous_disagreement,42:8,8,42,video,radar,1785707826.523,,5.051,300.0,fisheye,"detector '8' ON, detector '42' OFF for 5.051s (threshold=5.0s)",8:31:42,1,a0dad8bce3c34622bd7ce9d481612315
1785707836.321,2026-08-02 15:57:16.321099,201,e2abf06c1d4e417581d316b86d1876e2,start,rule2_orphan_pulse,3:41,3,41,video,radar,1785707829.338,1785707831.276,1.938,16.938,fisheye,"orphan on detector '41': orphan pulse duration=1.938s window=[1785707824.338, 1785707836.276]",3:30:41,0,
1785707837.029,2026-08-02 15:57:17.028869,201,8315a30750394a0b885e0055af4dd521,start,rule1_continuous_disagreement,29:43,43,29,radar,video,1785707831.978,,5.051,300.0,fisheye,"detector '43' ON, detector '29' OFF for 5.051s (threshold=5.0s)",29:43,0,
1785707837.639,2026-08-02 15:57:17.638669,201,a0dad8bce3c34622bd7ce9d481612315,stop,rule1_continuous_disagreement,31:42,42,31,radar,video,,,0.0,300.0,fisheye,Rule 1 recording stopped after 5.1s post-roll,8:31:42,0,
1785707842.891,2026-08-02 15:57:22.891102,201,8315a30750394a0b885e0055af4dd521,stop,rule1_continuous_disagreement,29:43,43,29,radar,video,,,0.0,300.0,fisheye,Rule 1 recording stopped after 5.0s post-roll,29:43,0,
1785707850.072,2026-08-02 15:57:30.072313,201,923d07391fdf4055a978e051e23f085d,start,rule1_continuous_disagreement,31:8,31,8,video,video,1785707845.016,,5.056,300.0,fisheye,"detector '8' ON, detector '31' OFF for 5.056s (threshold=5.0s)",8:31:42,0,
1785707852.087,2026-08-02 15:57:32.087102,201,4166d29e52fc4682aed934dacf6ccd74,start,rule2_orphan_pulse,29:43,43,29,radar,video,1785707844.981,1785707847.006,2.025,17.025,fisheye,"orphan on detector '43': orphan pulse duration=2.025s window=[1785707839.981, 1785707852.006]",29:43,0,
1785707856.122,2026-08-02 15:57:36.121711,201,923d07391fdf4055a978e051e23f085d,stop,rule1_continuous_disagreement,31:8,31,8,video,video,,,0.0,300.0,fisheye,Rule 1 recording stopped after 5.0s post-roll,8:31:42,0,
1785707862.878,2026-08-02 15:57:42.878393,201,64e3a04b75c540e1add6560550b2d881,start,rule1_continuous_disagreement,26:33,33,26,radar,video,1785707857.841,,5.037,300.0,fisheye,"detector '26' ON, detector '33' OFF for 5.037s (threshold=5.0s)",26:33,0,
1785707873.276,2026-08-02 15:57:53.275597,201,8a4355e8c5114eea98be9ea18cbda5b8,start,rule1_continuous_disagreement,31:42,42,31,radar,video,1785707868.234,,5.042,300.0,fisheye,"detector '31' ON, detector '42' OFF for 5.042s (threshold=5.0s)",8:31:42,0,
1785707873.278,2026-08-02 15:57:53.278139,201,24d5cee71c3b40c79b974a2c5872df48,start,rule1_continuous_disagreement,42:8,8,42,video,radar,1785707868.234,,5.044,300.0,fisheye,"detector '8' ON, detector '42' OFF for 5.044s (threshold=5.0s)",8:31:42,1,8a4355e8c5114eea98be9ea18cbda5b8
1785707879.535,2026-08-02 15:57:59.534776,201,8a4355e8c5114eea98be9ea18cbda5b8,stop,rule1_continuous_disagreement,31:42,42,31,radar,video,,,0.0,300.0,fisheye,Rule 1 recording stopped after 5.0s post-roll,8:31:42,0,
1785707904.865,2026-08-02 15:58:24.865452,201,d252d757ccc746fb9dabff6bc9e321cb,start,rule1_continuous_disagreement,30:41,41,30,radar,video,1785707899.823,,5.042,300.0,fisheye,"detector '30' ON, detector '41' OFF for 5.042s (threshold=5.0s)",3:30:41,0,
1785707907.586,2026-08-02 15:58:27.586068,201,a6f2f8b515ab40e9b8a1caad89f829ba,start,rule1_continuous_disagreement,3:41,3,41,video,radar,1785707902.546,,5.04,300.0,fisheye,"detector '3' ON, detector '41' OFF for 5.04s (threshold=5.0s)",3:30:41,0,
1785707911.636,2026-08-02 15:58:31.636239,201,62aa04a0aedd439084ed8ef5e4a4fff1,stop,rule1_continuous_disagreement,22:39,39,22,radar,video,,,0.0,300.0,fisheye,Rule 1 recording stopped after 5.1s post-roll,4:22:39,0,
1785707913.355,2026-08-02 15:58:33.354962,201,c77e21c33e2942369f410a8c92c7f8a2,start,rule1_continuous_disagreement,42:8,8,42,video,radar,1785707908.294,,5.061,300.0,fisheye,"detector '8' ON, detector '42' OFF for 5.061s (threshold=5.0s)",8:31:42,0,
1785707920.834,2026-08-02 15:58:40.833638,201,c77e21c33e2942369f410a8c92c7f8a2,stop,rule1_continuous_disagreement,42:8,8,42,video,radar,,,0.0,300.0,fisheye,Rule 1 recording stopped after 5.1s post-roll,8:31:42,0,
1785707921.446,2026-08-02 15:58:41.446307,201,f58758c307a04649a5a54163f9fc78b5,start,rule2_orphan_pulse,31:42,42,31,radar,video,1785707915.103,1785707916.406,1.303,16.303,fisheye,"orphan on detector '31': orphan pulse duration=1.303s window=[1785707910.103, 1785707921.406]",8:31:42,0,
1785707951.881,2026-08-02 15:59:11.880921,201,64e3a04b75c540e1add6560550b2d881,stop,rule1_continuous_disagreement,26:33,33,26,radar,video,,,0.0,300.0,fisheye,Rule 1 recording stopped after 5.0s post-roll,26:33,0,
1785707992.736,2026-08-02 15:59:52.736223,201,d724d4a787f7489288b302433eaec748,start,rule1_continuous_disagreement,22:39,39,22,radar,video,1785707987.683,,5.053,300.0,fisheye,"detector '39' ON, detector '22' OFF for 5.053s (threshold=5.0s)",4:22:39,0,
1785707992.739,2026-08-02 15:59:52.738853,201,b4d317fcdaea450997e5cb97e77d7fa7,start,rule1_continuous_disagreement,39:4,4,39,video,radar,1785707987.683,,5.056,300.0,fisheye,"detector '39' ON, detector '4' OFF for 5.056s (threshold=5.0s)",4:22:39,1,d724d4a787f7489288b302433eaec748
1785707993.144,2026-08-02 15:59:53.143673,201,d252d757ccc746fb9dabff6bc9e321cb,stop,rule1_continuous_disagreement,30:41,41,30,radar,video,,,0.0,300.0,fisheye,Rule 1 recording stopped after 5.1s post-roll,3:30:41,0,
1785707993.451,2026-08-02 15:59:53.451104,201,a6f2f8b515ab40e9b8a1caad89f829ba,stop,rule1_continuous_disagreement,3:41,3,41,video,radar,,,0.0,300.0,fisheye,Rule 1 recording stopped after 5.1s post-roll,3:30:41,0,
1785707995.065,2026-08-02 15:59:55.065275,201,bf0887a5db0f4216a3d5ec359d717cae,start,rule1_continuous_disagreement,17:46,46,17,radar,video,1785707990.007,,5.058,300.0,fisheye,"detector '17' ON, detector '46' OFF for 5.058s (threshold=5.0s)",2:17:46,0,
1785707995.072,2026-08-02 15:59:55.072439,201,9046934a883d4cf19857e45961e4ed64,start,rule1_continuous_disagreement,2:46,2,46,video,radar,1785707990.007,,5.065,300.0,fisheye,"detector '2' ON, detector '46' OFF for 5.065s (threshold=5.0s)",2:17:46,1,bf0887a5db0f4216a3d5ec359d717cae
1785708074.832,2026-08-02 16:01:14.832135,201,5a58a301ab9f4484a6d903661ecf0dd5,start,rule2_orphan_pulse,31:42,42,31,radar,video,1785708069.093,1785708069.766,0.674,15.674,fisheye,"orphan on detector '31': orphan pulse duration=0.674s window=[1785708064.093, 1785708074.766]",8:31:42,0,
1785708080.098,2026-08-02 16:01:20.098397,201,96d266f1bb1d4f97989db3387f9f318b,start,rule2_orphan_pulse,42:8,8,42,video,radar,1785708070.428,1785708075.087,4.659,19.659,fisheye,"orphan on detector '8': orphan pulse duration=4.659s window=[1785708065.428, 1785708080.087]",8:31:42,0,
1785708087.969,2026-08-02 16:01:27.969202,201,2fbd0e3f9a4a4035b4c99c2ae7b5e69a,start,rule2_orphan_pulse,30:41,41,30,radar,video,1785708081.340,1785708082.937,1.597,16.597,fisheye,"orphan on detector '30': orphan pulse duration=1.597s window=[1785708076.340, 1785708087.937]",3:30:41,0,
1785708088.981,2026-08-02 16:01:28.981315,201,918e90550330410b95cf36b489410164,start,rule2_orphan_pulse,3:41,3,41,video,radar,1785708082.311,1785708083.907,1.596,16.596,fisheye,"orphan on detector '3': orphan pulse duration=1.596s window=[1785708077.311, 1785708088.907]",3:30:41,0,
1785708116.191,2026-08-02 16:01:56.190859,201,bf0887a5db0f4216a3d5ec359d717cae,stop,rule1_continuous_disagreement,17:46,46,17,radar,video,,,0.0,300.0,fisheye,Rule 1 recording stopped after 5.0s post-roll,2:17:46,0,
1785708141.617,2026-08-02 16:02:21.617373,201,d724d4a787f7489288b302433eaec748,stop,rule1_continuous_disagreement,22:39,39,22,radar,video,,,0.0,300.0,fisheye,Rule 1 recording stopped after 5.0s post-roll,4:22:39,0,
1785708149.384,2026-08-02 16:02:29.384284,201,716f3144957a490abf253b81e3bf2a03,start,rule2_orphan_pulse,30:41,41,30,radar,video,1785708142.662,1785708144.333,1.671,16.671,fisheye,"orphan on detector '41': orphan pulse duration=1.671s window=[1785708137.662, 1785708149.333]",3:30:41,0,
1785708149.386,2026-08-02 16:02:29.386295,201,aff1a23cd25e428a81d5793f7d1a04b3,start,rule2_orphan_pulse,3:41,3,41,video,radar,1785708142.662,1785708144.333,1.671,16.671,fisheye,"orphan on detector '41': orphan pulse duration=1.671s window=[1785708137.662, 1785708149.333]",3:30:41,1,716f3144957a490abf253b81e3bf2a03
1785708160.070,2026-08-02 16:02:40.070486,201,d611b71a13b0411793863bd68bf5e70d,start,rule1_continuous_disagreement,30:41,41,30,radar,video,1785708155.031,,5.039,300.0,fisheye,"detector '41' ON, detector '30' OFF for 5.039s (threshold=5.0s)",3:30:41,0,
1785708166.940,2026-08-02 16:02:46.939543,201,d611b71a13b0411793863bd68bf5e70d,stop,rule1_continuous_disagreement,30:41,41,30,radar,video,,,0.0,300.0,fisheye,Rule 1 recording stopped after 5.0s post-roll,3:30:41,0,
1785708166.944,2026-08-02 16:02:46.943617,201,2e6821587eec49389d2461266b4516ae,start,rule1_continuous_disagreement,3:30,30,3,video,video,1785708161.900,,5.044,300.0,fisheye,"detector '30' ON, detector '3' OFF for 5.044s (threshold=5.0s)",3:30:41,0,
1785708186.718,2026-08-02 16:03:06.718171,201,2e6821587eec49389d2461266b4516ae,stop,rule1_continuous_disagreement,3:30,30,3,video,video,,,0.0,300.0,fisheye,Rule 1 recording stopped after 5.0s post-roll,3:30:41,0,
1785708188.638,2026-08-02 16:03:08.637711,201,d8c848cd2e5a473592a9b10ab1436867,start,rule1_continuous_disagreement,31:8,31,8,video,video,1785708183.598,,5.04,300.0,fisheye,"detector '8' ON, detector '31' OFF for 5.04s (threshold=5.0s)",8:31:42,0,
1785708188.643,2026-08-02 16:03:08.642720,201,528670d565d340ada0faff41ebbbc5b9,start,rule1_continuous_disagreement,42:8,8,42,video,radar,1785708183.598,,5.045,300.0,fisheye,"detector '8' ON, detector '42' OFF for 5.045s (threshold=5.0s)",8:31:42,1,d8c848cd2e5a473592a9b10ab1436867
1785708195.100,2026-08-02 16:03:15.099949,201,d8c848cd2e5a473592a9b10ab1436867,stop,rule1_continuous_disagreement,31:8,31,8,video,video,,,0.0,300.0,fisheye,Rule 1 recording stopped after 5.0s post-roll,8:31:42,0,
1785708196.112,2026-08-02 16:03:16.112188,201,70d0123636e04b3cb367b364d488f607,start,rule2_orphan_pulse,29:43,43,29,radar,video,1785708189.073,1785708191.029,1.956,16.956,fisheye,"orphan on detector '43': orphan pulse duration=1.956s window=[1785708184.073, 1785708196.029]",29:43,0,
1785708206.809,2026-08-02 16:03:26.808975,201,b19a7f06ec53450dabb00437adc62afd,start,rule2_orphan_pulse,29:43,43,29,radar,video,1785708200.812,1785708201.798,0.985,15.985,fisheye,"orphan on detector '29': orphan pulse duration=0.985s window=[1785708195.812, 1785708206.798]",29:43,0,
1785708237.285,2026-08-02 16:03:57.285223,201,0fed05446a97486894194344e80d5925,start,rule1_continuous_disagreement,22:39,39,22,radar,video,1785708232.237,,5.048,300.0,fisheye,"detector '39' ON, detector '22' OFF for 5.048s (threshold=5.0s)",4:22:39,0,
1785708237.288,2026-08-02 16:03:57.288275,201,bcf43af9dfd24e6185d26c4c6821f820,start,rule1_continuous_disagreement,39:4,4,39,video,radar,1785708232.237,,5.051,300.0,fisheye,"detector '39' ON, detector '4' OFF for 5.051s (threshold=5.0s)",4:22:39,1,0fed05446a97486894194344e80d5925
1785708253.832,2026-08-02 16:04:13.832185,201,2159f74b201440e0911fb02f15f73024,start,rule2_orphan_pulse,42:8,8,42,video,radar,1785708244.184,1785708248.817,4.633,19.633,fisheye,"orphan on detector '8': orphan pulse duration=4.633s window=[1785708239.184, 1785708253.817]",8:31:42,0,
1785708253.937,2026-08-02 16:04:13.937356,201,05ad018347ec4d8aaeb6ccc75e76607e,start,rule1_continuous_disagreement,24:38,38,24,radar,video,1785708248.890,,5.047,300.0,fisheye,"detector '24' ON, detector '38' OFF for 5.047s (threshold=5.0s)",7:24:38,0,
1785708253.942,2026-08-02 16:04:13.942409,201,972af935e80c4405b7b74df41c677c21,start,rule1_continuous_disagreement,38:7,7,38,video,radar,1785708248.890,,5.052,300.0,fisheye,"detector '7' ON, detector '38' OFF for 5.052s (threshold=5.0s)",7:24:38,1,05ad018347ec4d8aaeb6ccc75e76607e
1785708262.218,2026-08-02 16:04:22.218175,201,401192a2a2ed4b3d8c3eebac9da8e96a,start,rule2_orphan_pulse,31:42,42,31,radar,video,1785708255.820,1785708257.130,1.311,16.311,fisheye,"orphan on detector '31': orphan pulse duration=1.311s window=[1785708250.820, 1785708262.130]",8:31:42,0,
1785708303.174,2026-08-02 16:05:03.174029,201,05ad018347ec4d8aaeb6ccc75e76607e,stop,rule1_continuous_disagreement,24:38,38,24,radar,video,,,0.0,300.0,fisheye,Rule 1 recording stopped after 5.0s post-roll,7:24:38,0,
1785708332.438,2026-08-02 16:05:32.438294,201,46525361da324e68bdeb929c0df60733,start,rule1_continuous_disagreement,30:41,41,30,radar,video,1785708327.392,,5.046,300.0,fisheye,"detector '41' ON, detector '30' OFF for 5.046s (threshold=5.0s)",3:30:41,0,
1785708332.441,2026-08-02 16:05:32.440904,201,03e6307564024a63ba14a880b60d7ca4,start,rule1_continuous_disagreement,3:30,30,3,video,video,1785708327.392,,5.049,300.0,fisheye,"detector '3' ON, detector '30' OFF for 5.049s (threshold=5.0s)",3:30:41,1,46525361da324e68bdeb929c0df60733
1785708342.418,2026-08-02 16:05:42.418260,201,0fed05446a97486894194344e80d5925,stop,rule1_continuous_disagreement,22:39,39,22,radar,video,,,0.0,300.0,fisheye,Rule 1 recording stopped after 5.0s post-roll,4:22:39,0,
1785708363.091,2026-08-02 16:06:03.091224,201,46525361da324e68bdeb929c0df60733,stop,rule1_continuous_disagreement,30:41,41,30,radar,video,,,0.0,300.0,fisheye,Rule 1 recording stopped after 5.0s post-roll,3:30:41,0,
1785708367.627,2026-08-02 16:06:07.626824,201,d6e456770b304b5da96479de1d32a034,start,rule2_orphan_pulse,29:43,43,29,radar,video,1785708361.251,1785708362.543,1.292,16.292,fisheye,"orphan on detector '29': orphan pulse duration=1.292s window=[1785708356.251, 1785708367.543]",29:43,0,
1785708427.236,2026-08-02 16:07:07.235518,201,23dd5bae6841445a97b9e636a766fa1f,start,rule1_continuous_disagreement,31:8,31,8,video,video,1785708422.192,,5.044,300.0,fisheye,"detector '8' ON, detector '31' OFF for 5.044s (threshold=5.0s)",8:31:42,0,
1785708427.239,2026-08-02 16:07:07.238543,201,86e96402f1a142db9783a929063704aa,start,rule1_continuous_disagreement,42:8,8,42,video,radar,1785708422.192,,5.047,300.0,fisheye,"detector '8' ON, detector '42' OFF for 5.047s (threshold=5.0s)",8:31:42,1,23dd5bae6841445a97b9e636a766fa1f
1785708433.094,2026-08-02 16:07:13.093800,201,23dd5bae6841445a97b9e636a766fa1f,stop,rule1_continuous_disagreement,31:8,31,8,video,video,,,0.0,300.0,fisheye,Rule 1 recording stopped after 5.0s post-roll,8:31:42,0,
1785708619.950,2026-08-02 16:10:19.950196,201,b2e9da2ce30e4f58bbea77423389e64a,start,rule1_continuous_disagreement,3:30,30,3,video,video,1785708614.908,,5.042,300.0,fisheye,"detector '30' ON, detector '3' OFF for 5.042s (threshold=5.0s)",3:30:41,0,
1785708629.541,2026-08-02 16:10:29.540779,201,b2e9da2ce30e4f58bbea77423389e64a,stop,rule1_continuous_disagreement,3:30,30,3,video,video,,,0.0,300.0,fisheye,Rule 1 recording stopped after 5.0s post-roll,3:30:41,0,
1785708704.059,2026-08-02 16:11:44.059198,201,d4fc1f4bfd774149b4a036c49bd61479,start,rule2_orphan_pulse,29:43,43,29,radar,video,1785708698.316,1785708698.989,0.673,15.673,fisheye,"orphan on detector '29': orphan pulse duration=0.673s window=[1785708693.316, 1785708703.989]",29:43,0,
1785708712.821,2026-08-02 16:11:52.821242,201,92ac1b0c660d40baab6fc576b00971f3,start,rule1_continuous_disagreement,31:42,42,31,radar,video,1785708707.790,,5.031,300.0,fisheye,"detector '31' ON, detector '42' OFF for 5.031s (threshold=5.0s)",8:31:42,0,
1785708712.823,2026-08-02 16:11:52.823247,201,14b1a8346e7447a89f597d1c1083891b,start,rule1_continuous_disagreement,42:8,8,42,video,radar,1785708707.790,,5.033,300.0,fisheye,"detector '8' ON, detector '42' OFF for 5.033s (threshold=5.0s)",8:31:42,1,92ac1b0c660d40baab6fc576b00971f3
1785708720.179,2026-08-02 16:12:00.179353,201,92ac1b0c660d40baab6fc576b00971f3,stop,rule1_continuous_disagreement,31:42,42,31,radar,video,,,0.0,300.0,fisheye,Rule 1 recording stopped after 5.0s post-roll,8:31:42,0,
1785708781.906,2026-08-02 16:13:01.905577,201,8514d143888a417ca82e98d2350ce9a1,start,rule2_orphan_pulse,31:42,42,31,radar,video,1785708776.126,1785708776.833,0.707,15.707,fisheye,"orphan on detector '42': orphan pulse duration=0.707s window=[1785708771.126, 1785708781.833]",8:31:42,0,
1785708782.519,2026-08-02 16:13:02.518982,201,e7bc72ddd198445b9b2831ecc21d12a3,start,rule2_orphan_pulse,31:8,31,8,video,video,1785708774.127,1785708777.474,3.348,18.348,fisheye,"orphan on detector '8': orphan pulse duration=3.348s window=[1785708769.127, 1785708782.474]",8:31:42,1,8514d143888a417ca82e98d2350ce9a1
1785708808.863,2026-08-02 16:13:28.862548,201,18b1440051bb4201b66af28d4b27a6bd,start,rule1_continuous_disagreement,30:41,41,30,radar,video,1785708803.812,,5.051,300.0,fisheye,"detector '30' ON, detector '41' OFF for 5.051s (threshold=5.0s)",3:30:41,0,
1785708810.485,2026-08-02 16:13:30.485126,201,05366f00a940463f96ce083beabc275b,start,rule1_continuous_disagreement,3:41,3,41,video,radar,1785708805.427,,5.058,300.0,fisheye,"detector '3' ON, detector '41' OFF for 5.058s (threshold=5.0s)",3:30:41,0,
1785708909.938,2026-08-02 16:15:09.938074,201,18b1440051bb4201b66af28d4b27a6bd,stop,rule1_continuous_disagreement,30:41,41,30,radar,video,,,0.0,300.0,fisheye,Rule 1 recording stopped after 5.0s post-roll,3:30:41,0,
1785708913.772,2026-08-02 16:15:13.771687,201,05366f00a940463f96ce083beabc275b,stop,rule1_continuous_disagreement,3:41,3,41,video,radar,,,0.0,300.0,fisheye,Rule 1 recording stopped after 5.0s post-roll,3:30:41,0,
1785708945.240,2026-08-02 16:15:45.239790,201,aabd8a2f04e94d1ab4d0014c786dda43,start,rule2_orphan_pulse,39:4,4,39,video,radar,1785708939.480,1785708940.153,0.672,15.672,fisheye,"orphan on detector '4': orphan pulse duration=0.672s window=[1785708934.480, 1785708945.153]",4:22:39,0,
1785708945.547,2026-08-02 16:15:45.547098,201,01852f71b93a4753b8240e11934521df,start,rule2_orphan_pulse,24:38,38,24,radar,video,1785708939.827,1785708940.489,0.663,15.663,fisheye,"orphan on detector '24': orphan pulse duration=0.663s window=[1785708934.827, 1785708945.489]",7:24:38,0,
1785708945.547,2026-08-02 16:15:45.547098,201,9bb9953fba964d7a95879b3b09c92e2c,start,rule1_continuous_disagreement,31:8,31,8,video,video,1785708940.493,,5.054,300.0,fisheye,"detector '8' ON, detector '31' OFF for 5.054s (threshold=5.0s)",8:31:42,0,
1785708945.547,2026-08-02 16:15:45.547098,201,649f01500ef74d91a85320fba0d6207f,start,rule1_continuous_disagreement,42:8,8,42,video,radar,1785708940.493,,5.054,300.0,fisheye,"detector '8' ON, detector '42' OFF for 5.054s (threshold=5.0s)",8:31:42,1,9bb9953fba964d7a95879b3b09c92e2c
1785708952.701,2026-08-02 16:15:52.701278,201,2dd5672c2b8d4d1290a7acab44479bf3,start,rule2_orphan_pulse,31:42,42,31,radar,video,1785708946.655,1785708947.649,0.994,15.994,fisheye,"orphan on detector '31': orphan pulse duration=0.994s window=[1785708941.655, 1785708952.649]",8:31:42,0,
1785708952.704,2026-08-02 16:15:52.704285,201,9bb9953fba964d7a95879b3b09c92e2c,stop,rule1_continuous_disagreement,31:8,31,8,video,video,,,0.0,300.0,fisheye,Rule 1 recording stopped after 5.0s post-roll,8:31:42,0,
1785709116.923,2026-08-02 16:18:36.923047,201,068a608f931042aba51f46b91d4bd01d,start,rule2_orphan_pulse,29:43,43,29,radar,video,1785709111.199,1785709111.916,0.716,15.716000000000001,fisheye,"orphan on detector '29': orphan pulse duration=0.716s window=[1785709106.199, 1785709116.916]",29:43,0,
1785709120.256,2026-08-02 16:18:40.256399,201,f9b9cbb6510a4de68916f78cd4a7675c,start,rule1_continuous_disagreement,31:8,31,8,video,video,1785709115.206,,5.05,300.0,fisheye,"detector '8' ON, detector '31' OFF for 5.05s (threshold=5.0s)",8:31:42,0,
1785709120.568,2026-08-02 16:18:40.567716,201,56b479d85cd0495491544577ba117136,start,rule1_continuous_disagreement,42:8,8,42,video,radar,1785709115.509,,5.059,300.0,fisheye,"detector '8' ON, detector '42' OFF for 5.059s (threshold=5.0s)",8:31:42,1,f9b9cbb6510a4de68916f78cd4a7675c
1785709142.858,2026-08-02 16:19:02.857560,201,f9b9cbb6510a4de68916f78cd4a7675c,stop,rule1_continuous_disagreement,31:8,31,8,video,video,,,0.0,300.0,fisheye,Rule 1 recording stopped after 5.0s post-roll,8:31:42,0,
1785709162.143,2026-08-02 16:19:22.142983,201,532e54f8a9b04862a3fba291eeab6c43,start,rule1_continuous_disagreement,31:8,31,8,video,video,1785709157.087,,5.056,300.0,fisheye,"detector '8' ON, detector '31' OFF for 5.056s (threshold=5.0s)",8:31:42,0,
1785709171.123,2026-08-02 16:19:31.123144,201,5e15aa4a6e93467aa9cd8a9a389614d8,start,rule1_continuous_disagreement,42:8,8,42,video,radar,1785709166.079,,5.044,300.0,fisheye,"detector '8' ON, detector '42' OFF for 5.044s (threshold=5.0s)",8:31:42,0,
1785709194.926,2026-08-02 16:19:54.926004,201,532e54f8a9b04862a3fba291eeab6c43,stop,rule1_continuous_disagreement,31:8,31,8,video,video,,,0.0,300.0,fisheye,Rule 1 recording stopped after 5.0s post-roll,8:31:42,0,
1785709194.930,2026-08-02 16:19:54.930416,201,5e15aa4a6e93467aa9cd8a9a389614d8,stop,rule1_continuous_disagreement,42:8,8,42,video,radar,,,0.0,300.0,fisheye,Rule 1 recording stopped after 5.0s post-roll,8:31:42,0,
1785709220.326,2026-08-02 16:20:20.326367,201,74e8cc637eef4e239e513f21f52f7b70,start,rule1_continuous_disagreement,30:41,41,30,radar,video,1785709215.286,,5.04,300.0,fisheye,"detector '30' ON, detector '41' OFF for 5.04s (threshold=5.0s)",3:30:41,0,
1785709220.329,2026-08-02 16:20:20.329369,201,e87e6895093f423d8d3ee4b94d24b38b,start,rule1_continuous_disagreement,3:41,3,41,video,radar,1785709215.287,,5.042,300.0,fisheye,"detector '3' ON, detector '41' OFF for 5.042s (threshold=5.0s)",3:30:41,1,74e8cc637eef4e239e513f21f52f7b70
1785709299.346,2026-08-02 16:21:39.345505,201,c5925065d65d41df82662c70737fa483,start,rule1_continuous_disagreement,22:39,39,22,radar,video,1785709294.285,,5.061,300.0,fisheye,"detector '39' ON, detector '22' OFF for 5.061s (threshold=5.0s)",4:22:39,0,
1785709299.349,2026-08-02 16:21:39.348514,201,d85ec72402ad4d11bf7677da0a60fa87,start,rule1_continuous_disagreement,39:4,4,39,video,radar,1785709294.285,,5.064,300.0,fisheye,"detector '39' ON, detector '4' OFF for 5.064s (threshold=5.0s)",4:22:39,1,c5925065d65d41df82662c70737fa483
1785709303.284,2026-08-02 16:21:43.283712,201,74e8cc637eef4e239e513f21f52f7b70,stop,rule1_continuous_disagreement,30:41,41,30,radar,video,,,0.0,300.0,fisheye,Rule 1 recording stopped after 5.1s post-roll,3:30:41,0,
1785709312.759,2026-08-02 16:21:52.759366,201,79e2509e1b4e4395bf9808628ecfece0,start,rule1_continuous_disagreement,31:42,42,31,radar,video,1785709307.719,,5.04,300.0,fisheye,"detector '31' ON, detector '42' OFF for 5.04s (threshold=5.0s)",8:31:42,0,
1785709312.763,2026-08-02 16:21:52.762738,201,0596b086eb8c41b3a61d5d54f7cfed4e,start,rule1_continuous_disagreement,42:8,8,42,video,radar,1785709307.720,,5.043,300.0,fisheye,"detector '8' ON, detector '42' OFF for 5.043s (threshold=5.0s)",8:31:42,1,79e2509e1b4e4395bf9808628ecfece0
1785709320.624,2026-08-02 16:22:00.624271,201,79e2509e1b4e4395bf9808628ecfece0,stop,rule1_continuous_disagreement,31:42,42,31,radar,video,,,0.0,300.0,fisheye,Rule 1 recording stopped after 5.0s post-roll,8:31:42,0,
1785709362.297,2026-08-02 16:22:42.296875,201,e7f4035771bc4061853cc42e8f6ec2c6,start,rule2_orphan_pulse,31:8,31,8,video,video,1785709355.858,1785709357.209,1.351,16.351,fisheye,"orphan on detector '8': orphan pulse duration=1.351s window=[1785709350.858, 1785709362.209]",8:31:42,0,
1785709362.299,2026-08-02 16:22:42.298941,201,c9515c243af7496a87a9e4a4f2ba8476,start,rule2_orphan_pulse,42:8,8,42,video,radar,1785709355.858,1785709357.209,1.351,16.351,fisheye,"orphan on detector '8': orphan pulse duration=1.351s window=[1785709350.858, 1785709362.209]",8:31:42,1,e7f4035771bc4061853cc42e8f6ec2c6
1785709366.850,2026-08-02 16:22:46.849699,201,9bd41116b92d435a90fbaa34d4a7d2de,start,rule2_orphan_pulse,29:43,43,29,radar,video,1785709357.547,1785709361.807,4.26,19.259999999999998,fisheye,"orphan on detector '43': orphan pulse duration=4.26s window=[1785709352.547, 1785709366.807]",29:43,0,
1785709450.047,2026-08-02 16:24:10.047304,201,a50001f3f11d45d896d77d735cea38c3,start,rule1_continuous_disagreement,31:8,31,8,video,video,1785709445.012,,5.035,300.0,fisheye,"detector '8' ON, detector '31' OFF for 5.035s (threshold=5.0s)",8:31:42,0,
1785709450.049,2026-08-02 16:24:10.049313,201,aefaa256e2d04a5aafb83f7435a389ea,start,rule1_continuous_disagreement,42:8,8,42,video,radar,1785709445.012,,5.037,300.0,fisheye,"detector '8' ON, detector '42' OFF for 5.037s (threshold=5.0s)",8:31:42,1,a50001f3f11d45d896d77d735cea38c3
1785709457.517,2026-08-02 16:24:17.516592,201,00a699f60290456d852fff244eda194c,start,rule2_orphan_pulse,31:42,42,31,radar,video,1785709451.794,1785709452.453,0.659,15.658999999999999,fisheye,"orphan on detector '31': orphan pulse duration=0.659s window=[1785709446.794, 1785709457.453]",8:31:42,0,
1785709457.519,2026-08-02 16:24:17.518600,201,a50001f3f11d45d896d77d735cea38c3,stop,rule1_continuous_disagreement,31:8,31,8,video,video,,,0.0,300.0,fisheye,Rule 1 recording stopped after 5.0s post-roll,8:31:42,0,
1785709480.894,2026-08-02 16:24:40.893728,201,c5925065d65d41df82662c70737fa483,stop,rule1_continuous_disagreement,22:39,39,22,radar,video,,,0.0,300.0,fisheye,Rule 1 recording stopped after 5.0s post-roll,4:22:39,0,
1785709635.322,2026-08-02 16:27:15.321711,201,421b44cd5d994075ab8dc436e30ccb00,start,rule2_orphan_pulse,31:8,31,8,video,video,1785709625.401,1785709630.233,4.832,19.832,fisheye,"orphan on detector '8': orphan pulse duration=4.832s window=[1785709620.401, 1785709635.233]",8:31:42,0,
1785709635.325,2026-08-02 16:27:15.324723,201,af37863592e8405ea72d89c6aa94f0d9,start,rule2_orphan_pulse,42:8,8,42,video,radar,1785709625.401,1785709630.233,4.832,19.832,fisheye,"orphan on detector '8': orphan pulse duration=4.832s window=[1785709620.401, 1785709635.233]",8:31:42,1,421b44cd5d994075ab8dc436e30ccb00
1785709691.904,2026-08-02 16:28:11.903838,201,e3d2b0d1d3e04da49c2e4e2c61a6cde7,start,rule1_continuous_disagreement,31:8,31,8,video,video,1785709686.861,,5.043,300.0,fisheye,"detector '8' ON, detector '31' OFF for 5.043s (threshold=5.0s)",8:31:42,0,
1785709697.765,2026-08-02 16:28:17.764600,201,e3d2b0d1d3e04da49c2e4e2c61a6cde7,stop,rule1_continuous_disagreement,31:8,31,8,video,video,,,0.0,300.0,fisheye,Rule 1 recording stopped after 5.1s post-roll,8:31:42,0,
1785709758.117,2026-08-02 16:29:18.117416,201,f39fdbd31a894ac49c6a437dfb23f831,start,rule1_continuous_disagreement,22:39,39,22,radar,video,1785709753.064,,5.053,300.0,fisheye,"detector '39' ON, detector '22' OFF for 5.053s (threshold=5.0s)",4:22:39,0,
1785709758.120,2026-08-02 16:29:18.120093,201,797f0b397d79424b8322455e30ff6e3b,start,rule1_continuous_disagreement,39:4,4,39,video,radar,1785709753.065,,5.055,300.0,fisheye,"detector '39' ON, detector '4' OFF for 5.055s (threshold=5.0s)",4:22:39,1,f39fdbd31a894ac49c6a437dfb23f831
1785709764.985,2026-08-02 16:29:24.984652,201,f39fdbd31a894ac49c6a437dfb23f831,stop,rule1_continuous_disagreement,22:39,39,22,radar,video,,,0.0,300.0,fisheye,Rule 1 recording stopped after 5.0s post-roll,4:22:39,0,
1785709770.245,2026-08-02 16:29:30.244630,201,c409873e3fd6406b8bac378b35ce25fc,start,rule1_continuous_disagreement,26:33,33,26,radar,video,1785709765.189,,5.056,300.0,fisheye,"detector '26' ON, detector '33' OFF for 5.056s (threshold=5.0s)",26:33,0,
1785709781.650,2026-08-02 16:29:41.649977,201,c409873e3fd6406b8bac378b35ce25fc,stop,rule1_continuous_disagreement,26:33,33,26,radar,video,,,0.0,300.0,fisheye,Rule 1 recording stopped after 5.1s post-roll,26:33,0,
1785709830.051,2026-08-02 16:30:30.050981,201,ba44d9d047aa49b59933058685c09d15,start,rule1_continuous_disagreement,22:39,39,22,radar,video,1785709825.008,,5.043,300.0,fisheye,"detector '39' ON, detector '22' OFF for 5.043s (threshold=5.0s)",4:22:39,0,
1785709830.055,2026-08-02 16:30:30.054566,201,69614d908e084e75a6c7c5a5106b7448,start,rule1_continuous_disagreement,39:4,4,39,video,radar,1785709825.008,,5.047,300.0,fisheye,"detector '39' ON, detector '4' OFF for 5.047s (threshold=5.0s)",4:22:39,1,ba44d9d047aa49b59933058685c09d15
1785709846.483,2026-08-02 16:30:46.482861,201,ba44d9d047aa49b59933058685c09d15,stop,rule1_continuous_disagreement,22:39,39,22,radar,video,,,0.0,300.0,fisheye,Rule 1 recording stopped after 5.1s post-roll,4:22:39,0,
1785709863.830,2026-08-02 16:31:03.829761,201,70fe34036a2444319b0d329d7cac48cb,start,rule2_orphan_pulse,22:39,39,22,radar,video,1785709856.885,1785709858.816,1.931,16.931,fisheye,"orphan on detector '22': orphan pulse duration=1.931s window=[1785709851.885, 1785709863.816]",4:22:39,0,
1785709863.832,2026-08-02 16:31:03.831769,201,2702c1c2606d4d2386247ba44d0a4073,start,rule2_orphan_pulse,39:4,4,39,video,radar,1785709857.856,1785709858.816,0.96,15.96,fisheye,"orphan on detector '4': orphan pulse duration=0.96s window=[1785709852.856, 1785709863.816]",4:22:39,1,70fe34036a2444319b0d329d7cac48cb
1785709893.731,2026-08-02 16:31:33.730824,201,1340b814fa414e3fa99ea877b2bb1d1b,start,rule2_orphan_pulse,22:39,39,22,radar,video,1785709885.625,1785709888.725,3.1,18.1,fisheye,"orphan on detector '22': orphan pulse duration=3.1s window=[1785709880.625, 1785709893.725]",4:22:39,0,
1785709893.732,2026-08-02 16:31:33.732384,201,871c9f50ba5d4968b77f56cf5e4b30a9,start,rule2_orphan_pulse,22:4,22,4,video,video,1785709885.625,1785709888.725,3.1,18.1,fisheye,"orphan on detector '22': orphan pulse duration=3.1s window=[1785709880.625, 1785709893.725]",4:22:39,1,1340b814fa414e3fa99ea877b2bb1d1b
1785709926.102,2026-08-02 16:32:06.102130,201,174de9359d764583adbba9cad73fe1e8,start,rule1_continuous_disagreement,31:8,31,8,video,video,1785709921.068,,5.034,300.0,fisheye,"detector '8' ON, detector '31' OFF for 5.034s (threshold=5.0s)",8:31:42,0,
1785709926.106,2026-08-02 16:32:06.106239,201,f1cf0e342f1841418cc0ada6a427134d,start,rule1_continuous_disagreement,42:8,8,42,video,radar,1785709921.068,,5.038,300.0,fisheye,"detector '8' ON, detector '42' OFF for 5.038s (threshold=5.0s)",8:31:42,1,174de9359d764583adbba9cad73fe1e8
1785709930.439,2026-08-02 16:32:10.438753,201,e3fbef06a0484049b10f559521bc9912,start,rule1_continuous_disagreement,29:43,43,29,radar,video,1785709925.398,,5.041,300.0,fisheye,"detector '29' ON, detector '43' OFF for 5.041s (threshold=5.0s)",29:43,0,
1785709933.460,2026-08-02 16:32:13.460129,201,174de9359d764583adbba9cad73fe1e8,stop,rule1_continuous_disagreement,31:8,31,8,video,video,,,0.0,300.0,fisheye,Rule 1 recording stopped after 5.0s post-roll,8:31:42,0,
1785709939.915,2026-08-02 16:32:19.915380,201,de5f0caf739c4dbda59d7cc37ec8bf5d,start,rule2_orphan_pulse,30:41,41,30,radar,video,1785709931.949,1785709934.830,2.881,17.881,fisheye,"orphan on detector '30': orphan pulse duration=2.881s window=[1785709926.949, 1785709939.830]",3:30:41,0,
1785709941.935,2026-08-02 16:32:21.935336,201,e3fbef06a0484049b10f559521bc9912,stop,rule1_continuous_disagreement,29:43,43,29,radar,video,,,0.0,300.0,fisheye,Rule 1 recording stopped after 5.0s post-roll,29:43,0,
1785709943.552,2026-08-02 16:32:23.551570,201,ece285d321154475a580018ed7a34c75,start,rule1_continuous_disagreement,3:41,3,41,video,radar,1785709938.505,,5.047,300.0,fisheye,"detector '3' ON, detector '41' OFF for 5.047s (threshold=5.0s)",3:30:41,0,
1785709987.047,2026-08-02 16:33:07.047039,201,84c5eb1313f2475cb83e7798d7871c5e,start,rule1_continuous_disagreement,3:30,30,3,video,video,1785709981.992,,5.055,300.0,fisheye,"detector '30' ON, detector '3' OFF for 5.055s (threshold=5.0s)",3:30:41,0,
1785709987.052,2026-08-02 16:33:07.052128,201,ece285d321154475a580018ed7a34c75,stop,rule1_continuous_disagreement,3:41,3,41,video,radar,,,0.0,300.0,fisheye,Rule 1 recording stopped after 5.1s post-roll,3:30:41,0,
1785709990.289,2026-08-02 16:33:10.288696,201,8e7cb8990433480aa26e24cf7780fdae,start,rule2_orphan_pulse,31:42,42,31,radar,video,1785709981.986,1785709985.224,3.238,18.238,fisheye,"orphan on detector '42': orphan pulse duration=3.238s window=[1785709976.986, 1785709990.224]",8:31:42,0,
1785709990.291,2026-08-02 16:33:10.290759,201,37087355472e4cae849142d7288cafa7,start,rule2_orphan_pulse,42:8,8,42,video,radar,1785709981.986,1785709985.224,3.238,18.238,fisheye,"orphan on detector '42': orphan pulse duration=3.238s window=[1785709976.986, 1785709990.224]",8:31:42,1,8e7cb8990433480aa26e24cf7780fdae
1785710005.023,2026-08-02 16:33:25.022860,201,975dfd863f3a4bba9eb743afc43a3e67,start,rule1_continuous_disagreement,30:41,41,30,radar,video,1785709999.972,,5.051,300.0,fisheye,"detector '30' ON, detector '41' OFF for 5.051s (threshold=5.0s)",3:30:41,0,
1785710033.741,2026-08-02 16:33:53.740952,201,84c5eb1313f2475cb83e7798d7871c5e,stop,rule1_continuous_disagreement,3:30,30,3,video,video,,,0.0,300.0,fisheye,Rule 1 recording stopped after 5.0s post-roll,3:30:41,0,
1785710034.652,2026-08-02 16:33:54.651918,201,975dfd863f3a4bba9eb743afc43a3e67,stop,rule1_continuous_disagreement,30:41,41,30,radar,video,,,0.0,300.0,fisheye,Rule 1 recording stopped after 5.0s post-roll,3:30:41,0,
1785710046.443,2026-08-02 16:34:06.443368,201,e05057c18c854377b843b4dba660af58,start,rule2_orphan_pulse,29:43,43,29,radar,video,1785710039.741,1785710041.401,1.66,16.66,fisheye,"orphan on detector '29': orphan pulse duration=1.66s window=[1785710034.741, 1785710046.401]",29:43,0,
1785710082.004,2026-08-02 16:34:42.004316,201,e7ce36af81f24f16a8a512ab0bd34856,start,rule1_continuous_disagreement,17:46,46,17,radar,video,1785710076.961,,5.043,300.0,fisheye,"detector '17' ON, detector '46' OFF for 5.043s (threshold=5.0s)",2:17:46,0,
1785710082.009,2026-08-02 16:34:42.009379,201,742d3f987ea7467bafa807fefeed5b87,start,rule1_continuous_disagreement,2:46,2,46,video,radar,1785710076.961,,5.048,300.0,fisheye,"detector '2' ON, detector '46' OFF for 5.048s (threshold=5.0s)",2:17:46,1,e7ce36af81f24f16a8a512ab0bd34856
1785710162.274,2026-08-02 16:36:02.274437,201,e7ce36af81f24f16a8a512ab0bd34856,stop,rule1_continuous_disagreement,17:46,46,17,radar,video,,,0.0,300.0,fisheye,Rule 1 recording stopped after 5.0s post-roll,2:17:46,0,
1785710217.952,2026-08-02 16:36:57.952409,201,6e43c630319a427990b5d8aa09f54000,start,rule1_continuous_disagreement,31:42,42,31,radar,video,1785710212.909,,5.043,300.0,fisheye,"detector '31' ON, detector '42' OFF for 5.043s (threshold=5.0s)",8:31:42,0,
1785710217.955,2026-08-02 16:36:57.955065,201,760ce1b47b0e4c859b576fa5fac1b274,start,rule1_continuous_disagreement,42:8,8,42,video,radar,1785710212.909,,5.046,300.0,fisheye,"detector '8' ON, detector '42' OFF for 5.046s (threshold=5.0s)",8:31:42,1,6e43c630319a427990b5d8aa09f54000
1785710224.922,2026-08-02 16:37:04.922127,201,e371ca046d794dc0bbef3055ee585f83,start,rule2_orphan_pulse,29:43,43,29,radar,video,1785710215.881,1785710219.889,4.007,19.006999999999998,fisheye,"orphan on detector '43': orphan pulse duration=4.007s window=[1785710210.881, 1785710224.889]",29:43,0,
1785710232.077,2026-08-02 16:37:12.076745,201,6e43c630319a427990b5d8aa09f54000,stop,rule1_continuous_disagreement,31:42,42,31,radar,video,,,0.0,300.0,fisheye,Rule 1 recording stopped after 5.0s post-roll,8:31:42,0,
1785710270.358,2026-08-02 16:37:50.358376,201,c2ba91c5e1d84469a040c1c0360fbb20,start,rule2_orphan_pulse,2:46,2,46,video,radar,1785710264.630,1785710265.309,0.679,15.679,fisheye,"orphan on detector '2': orphan pulse duration=0.679s window=[1785710259.630, 1785710270.309]",2:17:46,0,
1785710392.695,2026-08-02 16:39:52.695430,201,e64cab16ccae4187ba04f9c0a0fd1a93,start,rule2_orphan_pulse,31:42,42,31,radar,video,1785710386.689,1785710387.660,0.971,15.971,fisheye,"orphan on detector '31': orphan pulse duration=0.971s window=[1785710381.689, 1785710392.660]",8:31:42,0,
1785710393.408,2026-08-02 16:39:53.407994,201,e652e4b2570744a7bf2db1dd01df9464,start,rule2_orphan_pulse,42:8,8,42,video,radar,1785710383.636,1785710388.325,4.69,19.69,fisheye,"orphan on detector '8': orphan pulse duration=4.69s window=[1785710378.636, 1785710393.325]",8:31:42,1,e64cab16ccae4187ba04f9c0a0fd1a93
1785710402.195,2026-08-02 16:40:02.194548,201,459026df99704e8e98e2c44fa53427ca,start,rule1_continuous_disagreement,30:41,41,30,radar,video,1785710397.150,,5.045,300.0,fisheye,"detector '30' ON, detector '41' OFF for 5.045s (threshold=5.0s)",3:30:41,0,
1785710404.522,2026-08-02 16:40:04.521790,201,1d5976e8b7a1442a9d7ceebe908b0bfe,start,rule1_continuous_disagreement,3:41,3,41,video,radar,1785710399.469,,5.053,300.0,fisheye,"detector '41' ON, detector '3' OFF for 5.053s (threshold=5.0s)",3:30:41,0,
1785710408.668,2026-08-02 16:40:08.667618,201,459026df99704e8e98e2c44fa53427ca,stop,rule1_continuous_disagreement,30:41,41,30,radar,video,,,0.0,300.0,fisheye,Rule 1 recording stopped after 5.1s post-roll,3:30:41,0,
1785710410.083,2026-08-02 16:40:10.082901,201,1d5976e8b7a1442a9d7ceebe908b0bfe,stop,rule1_continuous_disagreement,3:41,3,41,video,radar,,,0.0,300.0,fisheye,Rule 1 recording stopped after 5.0s post-roll,3:30:41,0,
1785710413.317,2026-08-02 16:40:13.316926,201,1d95d54358594467af67e8405406d118,start,rule2_orphan_pulse,29:43,43,29,radar,video,1785710407.250,1785710408.272,1.022,16.022,fisheye,"orphan on detector '29': orphan pulse duration=1.022s window=[1785710402.250, 1785710413.272]",29:43,0,
1785710441.269,2026-08-02 16:40:41.268988,201,5b4819b5886042e095a7ea2d0d1d4067,start,rule2_orphan_pulse,3:30,30,3,video,video,1785710434.546,1785710436.266,1.72,16.72,fisheye,"orphan on detector '3': orphan pulse duration=1.72s window=[1785710429.546, 1785710441.266]",3:30:41,0,
1785710441.271,2026-08-02 16:40:41.271323,201,780f1090c7ff42ceaf518e1ab09ca085,start,rule2_orphan_pulse,3:41,3,41,video,radar,1785710434.546,1785710436.266,1.72,16.72,fisheye,"orphan on detector '3': orphan pulse duration=1.72s window=[1785710429.546, 1785710441.266]",3:30:41,1,5b4819b5886042e095a7ea2d0d1d4067
1785710639.082,2026-08-02 16:43:59.082155,201,bb18ebefe3364ddcbc6c4872bfdbe27b,start,rule1_continuous_disagreement,2:46,2,46,video,radar,1785710634.043,,5.039,300.0,fisheye,"detector '46' ON, detector '2' OFF for 5.039s (threshold=5.0s)",2:17:46,0,
1785710670.559,2026-08-02 16:44:30.558649,201,bb18ebefe3364ddcbc6c4872bfdbe27b,stop,rule1_continuous_disagreement,2:46,2,46,video,radar,,,0.0,300.0,fisheye,Rule 1 recording stopped after 5.0s post-roll,2:17:46,0,
1785710670.864,2026-08-02 16:44:30.864421,201,9ad2a51aac0c4e85a7c8c29958169eb9,start,rule1_continuous_disagreement,22:39,39,22,radar,video,1785710665.817,,5.047,300.0,fisheye,"detector '39' ON, detector '22' OFF for 5.047s (threshold=5.0s)",4:22:39,0,
1785710670.868,2026-08-02 16:44:30.868442,201,90158cf896f94c278eb873c0ba67181b,start,rule1_continuous_disagreement,39:4,4,39,video,radar,1785710665.817,,5.051,300.0,fisheye,"detector '39' ON, detector '4' OFF for 5.051s (threshold=5.0s)",4:22:39,1,9ad2a51aac0c4e85a7c8c29958169eb9
1785710729.216,2026-08-02 16:45:29.216412,201,e7890391c9ff4b0b8c17312ac170b97d,start,rule1_continuous_disagreement,17:2,17,2,video,video,1785710724.166,,5.05,300.0,fisheye,"detector '17' ON, detector '2' OFF for 5.05s (threshold=5.0s)",2:17:46,0,
1785710734.659,2026-08-02 16:45:34.659012,201,e7890391c9ff4b0b8c17312ac170b97d,stop,rule1_continuous_disagreement,17:2,17,2,video,video,,,0.0,300.0,fisheye,Rule 1 recording stopped after 5.0s post-roll,2:17:46,0,
1785710747.960,2026-08-02 16:45:47.959647,201,9ad2a51aac0c4e85a7c8c29958169eb9,stop,rule1_continuous_disagreement,22:39,39,22,radar,video,,,0.0,300.0,fisheye,Rule 1 recording stopped after 5.0s post-roll,4:22:39,0,
1785710763.586,2026-08-02 16:46:03.586121,201,a0d9d23344c0402e9ddee9f8ae49194c,start,rule1_continuous_disagreement,24:38,38,24,radar,video,1785710758.549,,5.037,300.0,fisheye,"detector '24' ON, detector '38' OFF for 5.037s (threshold=5.0s)",7:24:38,0,
1785710763.586,2026-08-02 16:46:03.586121,201,e1f21da818c942abb06e1a54b9bbd9b9,start,rule1_continuous_disagreement,38:7,7,38,video,radar,1785710758.549,,5.037,300.0,fisheye,"detector '7' ON, detector '38' OFF for 5.037s (threshold=5.0s)",7:24:38,1,a0d9d23344c0402e9ddee9f8ae49194c
1785710786.289,2026-08-02 16:46:26.288662,201,a0d9d23344c0402e9ddee9f8ae49194c,stop,rule1_continuous_disagreement,24:38,38,24,radar,video,,,0.0,300.0,fisheye,Rule 1 recording stopped after 5.0s post-roll,7:24:38,0,
1785710811.521,2026-08-02 16:46:51.520849,201,c592f7c6dd0549b0aa4593aa76eab00f,start,rule2_orphan_pulse,42:8,8,42,video,radar,1785710802.088,1785710806.460,4.373,19.373,fisheye,"orphan on detector '8': orphan pulse duration=4.373s window=[1785710797.088, 1785710811.460]",8:31:42,0,
1785710926.823,2026-08-02 16:48:46.822955,201,aba5e977d2514738a18341d2f253d178,start,rule2_orphan_pulse,22:4,22,4,video,video,1785710920.361,1785710921.730,1.368,16.368000000000002,fisheye,"orphan on detector '22': orphan pulse duration=1.368s window=[1785710915.361, 1785710926.730]",4:22:39,0,
1785710962.355,2026-08-02 16:49:22.354684,201,2ce228df4c2d4b3fadaf93b464f0d0f2,start,rule2_orphan_pulse,29:43,43,29,radar,video,1785710953.074,1785710957.304,4.23,19.23,fisheye,"orphan on detector '29': orphan pulse duration=4.23s window=[1785710948.074, 1785710962.304]",29:43,0,
1785710966.295,2026-08-02 16:49:26.295453,201,9b50332cc4594a5bbe1222f2fc096770,start,rule1_continuous_disagreement,3:41,3,41,video,radar,1785710961.243,,5.052,300.0,fisheye,"detector '3' ON, detector '41' OFF for 5.052s (threshold=5.0s)",3:30:41,0,
1785710966.612,2026-08-02 16:49:26.611794,201,aa50b3c03367462caa9fd9129a73f1cb,start,rule1_continuous_disagreement,30:41,41,30,radar,video,1785710961.546,,5.066,300.0,fisheye,"detector '30' ON, detector '41' OFF for 5.066s (threshold=5.0s)",3:30:41,1,9b50332cc4594a5bbe1222f2fc096770
1785710976.694,2026-08-02 16:49:36.693756,201,efc1798042984309b985c32c61b92376,start,rule2_orphan_pulse,29:43,43,29,radar,video,1785710970.940,1785710971.613,0.673,15.673,fisheye,"orphan on detector '29': orphan pulse duration=0.673s window=[1785710965.940, 1785710976.613]",29:43,0,
1785710980.032,2026-08-02 16:49:40.032227,201,9b50332cc4594a5bbe1222f2fc096770,stop,rule1_continuous_disagreement,3:41,3,41,video,radar,,,0.0,300.0,fisheye,Rule 1 recording stopped after 5.0s post-roll,3:30:41,0,
1785711022.492,2026-08-02 16:50:22.491653,201,04bb92fa1d9f4995a563dc7ba4313f85,start,rule1_continuous_disagreement,31:8,31,8,video,video,1785711017.440,,5.052,300.0,fisheye,"detector '8' ON, detector '31' OFF for 5.052s (threshold=5.0s)",8:31:42,0,
1785711022.494,2026-08-02 16:50:22.493677,201,44ef040bfc07462abf69f4510ca0b79c,start,rule1_continuous_disagreement,42:8,8,42,video,radar,1785711017.440,,5.054,300.0,fisheye,"detector '8' ON, detector '42' OFF for 5.054s (threshold=5.0s)",8:31:42,1,04bb92fa1d9f4995a563dc7ba4313f85
1785711028.244,2026-08-02 16:50:28.244135,201,04bb92fa1d9f4995a563dc7ba4313f85,stop,rule1_continuous_disagreement,31:8,31,8,video,video,,,0.0,300.0,fisheye,Rule 1 recording stopped after 5.0s post-roll,8:31:42,0,
1785711132.440,2026-08-02 16:52:12.440065,201,e647f00b00fd4b448b79ef5cf86c597e,start,rule2_orphan_pulse,29:43,43,29,radar,video,1785711126.708,1785711127.400,0.691,15.690999999999999,fisheye,"orphan on detector '29': orphan pulse duration=0.691s window=[1785711121.708, 1785711132.400]",29:43,0,
1785711150.801,2026-08-02 16:52:30.800665,201,28b1f1336e2548b1ad0dc381f48abe56,start,rule1_continuous_disagreement,38:7,7,38,video,radar,1785711145.750,,5.051,300.0,fisheye,"detector '7' ON, detector '38' OFF for 5.051s (threshold=5.0s)",7:24:38,0,
1785711166.229,2026-08-02 16:52:46.228922,201,28b1f1336e2548b1ad0dc381f48abe56,stop,rule1_continuous_disagreement,38:7,7,38,video,radar,,,0.0,300.0,fisheye,Rule 1 recording stopped after 5.0s post-roll,7:24:38,0,
1785711173.897,2026-08-02 16:52:53.896531,201,5f81fb714d034b9a99429847a09d2d31,start,rule2_orphan_pulse,29:43,43,29,radar,video,1785711167.527,1785711168.852,1.325,16.325,fisheye,"orphan on detector '29': orphan pulse duration=1.325s window=[1785711162.527, 1785711173.852]",29:43,0,
1785711282.465,2026-08-02 16:54:42.464951,201,e8bd5a671a884f3a938fcfad6225d601,start,rule1_continuous_disagreement,30:41,41,30,radar,video,1785711277.423,,5.042,300.0,fisheye,"detector '30' ON, detector '41' OFF for 5.042s (threshold=5.0s)",3:30:41,0,
1785711282.468,2026-08-02 16:54:42.468134,201,62b81b8dc68948a79f7bc098a77038b2,start,rule1_continuous_disagreement,3:30,30,3,video,video,1785711277.423,,5.045,300.0,fisheye,"detector '30' ON, detector '3' OFF for 5.045s (threshold=5.0s)",3:30:41,1,e8bd5a671a884f3a938fcfad6225d601
1785711296.696,2026-08-02 16:54:56.696068,201,ebec375336414c67b999872c6503e046,start,rule1_continuous_disagreement,26:33,33,26,radar,video,1785711291.651,,5.045,300.0,fisheye,"detector '33' ON, detector '26' OFF for 5.045s (threshold=5.0s)",26:33,0,
1785711312.754,2026-08-02 16:55:12.753771,201,ebec375336414c67b999872c6503e046,stop,rule1_continuous_disagreement,26:33,33,26,radar,video,,,0.0,300.0,fisheye,Rule 1 recording stopped after 5.0s post-roll,26:33,0,
1785711337.570,2026-08-02 16:55:37.570227,201,2d8d2c09b1394b8aa2cb01da4e268ea9,start,rule2_orphan_pulse,29:43,43,29,radar,video,1785711331.802,1785711332.475,0.673,15.673,fisheye,"orphan on detector '29': orphan pulse duration=0.673s window=[1785711326.802, 1785711337.475]",29:43,0,
1785711346.233,2026-08-02 16:55:46.232550,201,a5b012d116704b65b061999230d48f22,start,rule2_orphan_pulse,29:43,43,29,radar,video,1785711339.850,1785711341.148,1.298,16.298000000000002,fisheye,"orphan on detector '29': orphan pulse duration=1.298s window=[1785711334.850, 1785711346.148]",29:43,0,
1785711347.844,2026-08-02 16:55:47.843740,201,e8bd5a671a884f3a938fcfad6225d601,stop,rule1_continuous_disagreement,30:41,41,30,radar,video,,,0.0,300.0,fisheye,Rule 1 recording stopped after 5.0s post-roll,3:30:41,0,
1785711381.320,2026-08-02 16:56:21.319746,201,1985a746dc454d24b5aa935bdc62e42c,start,rule2_orphan_pulse,31:8,31,8,video,video,1785711375.583,1785711376.251,0.668,15.668,fisheye,"orphan on detector '8': orphan pulse duration=0.668s window=[1785711370.583, 1785711381.251]",8:31:42,0,
1785711381.324,2026-08-02 16:56:21.324291,201,bd8a05abe3224d26897fc49b95d7475c,start,rule2_orphan_pulse,42:8,8,42,video,radar,1785711375.583,1785711376.251,0.668,15.668,fisheye,"orphan on detector '8': orphan pulse duration=0.668s window=[1785711370.583, 1785711381.251]",8:31:42,1,1985a746dc454d24b5aa935bdc62e42c
1785711413.101,2026-08-02 16:56:53.100840,201,efe2e202bf414f7c81024b6f78a89253,start,rule1_continuous_disagreement,24:7,24,7,video,video,1785711408.058,,5.043,300.0,fisheye,"detector '24' ON, detector '7' OFF for 5.043s (threshold=5.0s)",7:24:38,0,
1785711413.104,2026-08-02 16:56:53.103954,201,33cc1ab505c04d53851e453e38d1535b,start,rule1_continuous_disagreement,38:7,7,38,video,radar,1785711408.058,,5.046,300.0,fisheye,"detector '38' ON, detector '7' OFF for 5.046s (threshold=5.0s)",7:24:38,1,efe2e202bf414f7c81024b6f78a89253
1785711448.106,2026-08-02 16:57:28.106265,201,24b3328b37de4b21b0a74a615832f942,start,rule1_continuous_disagreement,31:8,31,8,video,video,1785711443.055,,5.051,300.0,fisheye,"detector '8' ON, detector '31' OFF for 5.051s (threshold=5.0s)",8:31:42,0,
1785711448.108,2026-08-02 16:57:28.108297,201,4f2a0652589748c8a4fac07601b4c868,start,rule1_continuous_disagreement,42:8,8,42,video,radar,1785711443.055,,5.053,300.0,fisheye,"detector '8' ON, detector '42' OFF for 5.053s (threshold=5.0s)",8:31:42,1,24b3328b37de4b21b0a74a615832f942
1785711454.460,2026-08-02 16:57:34.459934,201,24b3328b37de4b21b0a74a615832f942,stop,rule1_continuous_disagreement,31:8,31,8,video,video,,,0.0,300.0,fisheye,Rule 1 recording stopped after 5.0s post-roll,8:31:42,0,
1785711507.593,2026-08-02 16:58:27.592888,201,277dcd60ff5442fab1de6109093d23bb,start,rule2_orphan_pulse,42:8,8,42,video,radar,1785711501.183,1785711502.493,1.309,16.309,fisheye,"orphan on detector '8': orphan pulse duration=1.309s window=[1785711496.183, 1785711507.493]",8:31:42,0,
1785711513.239,2026-08-02 16:58:33.238739,201,efe2e202bf414f7c81024b6f78a89253,stop,rule1_continuous_disagreement,24:7,24,7,video,video,,,0.0,300.0,fisheye,Rule 1 recording stopped after 5.0s post-roll,7:24:38,0,
1785711514.251,2026-08-02 16:58:34.250670,201,5af25759e0b8417d8da47453da23e4a6,start,rule1_continuous_disagreement,29:43,43,29,radar,video,1785711509.210,,5.041,300.0,fisheye,"detector '43' ON, detector '29' OFF for 5.041s (threshold=5.0s)",29:43,0,
1785711514.455,2026-08-02 16:58:34.455213,201,1926ba24db9c49d586dc4a5cf2ea5f1a,start,rule2_orphan_pulse,31:42,42,31,radar,video,1785711508.469,1785711509.439,0.97,15.969999999999999,fisheye,"orphan on detector '31': orphan pulse duration=0.97s window=[1785711503.469, 1785711514.439]",8:31:42,0,
1785711520.308,2026-08-02 16:58:40.307699,201,5af25759e0b8417d8da47453da23e4a6,stop,rule1_continuous_disagreement,29:43,43,29,radar,video,,,0.0,300.0,fisheye,Rule 1 recording stopped after 5.0s post-roll,29:43,0,
1785711528.880,2026-08-02 16:58:48.880314,201,e9e342df88e44d3491eddf1c860837f1,start,rule2_orphan_pulse,3:30,30,3,video,video,1785711522.809,1785711523.854,1.046,16.046,fisheye,"orphan on detector '3': orphan pulse duration=1.046s window=[1785711517.809, 1785711528.854]",3:30:41,0,
1785711528.885,2026-08-02 16:58:48.885350,201,7d1af5869537493c8f9e7ce268b081a5,start,rule2_orphan_pulse,3:41,3,41,video,radar,1785711522.809,1785711523.854,1.046,16.046,fisheye,"orphan on detector '3': orphan pulse duration=1.046s window=[1785711517.809, 1785711528.854]",3:30:41,1,e9e342df88e44d3491eddf1c860837f1
1785711552.468,2026-08-02 16:59:12.467887,201,65ddce4de50045428c042b64e8e37abd,start,rule1_continuous_disagreement,22:39,39,22,radar,video,1785711547.433,,5.035,300.0,fisheye,"detector '39' ON, detector '22' OFF for 5.035s (threshold=5.0s)",4:22:39,0,
1785711552.471,2026-08-02 16:59:12.470680,201,6e21f68064414ac6be75ad209d8b64a2,start,rule1_continuous_disagreement,39:4,4,39,video,radar,1785711547.433,,5.038,300.0,fisheye,"detector '39' ON, detector '4' OFF for 5.038s (threshold=5.0s)",4:22:39,1,65ddce4de50045428c042b64e8e37abd
1785711572.046,2026-08-02 16:59:32.045921,201,e1903f17503e4f878734a97d8c21c506,start,rule2_orphan_pulse,30:41,41,30,radar,video,1785711564.755,1785711567.018,2.263,17.262999999999998,fisheye,"orphan on detector '30': orphan pulse duration=2.263s window=[1785711559.755, 1785711572.018]",3:30:41,0,
1785711572.051,2026-08-02 16:59:32.050984,201,06d1563014da466e96408fc3b95b8a1c,start,rule2_orphan_pulse,3:41,3,41,video,radar,1785711565.722,1785711567.018,1.297,16.297,fisheye,"orphan on detector '3': orphan pulse duration=1.297s window=[1785711560.722, 1785711572.018]",3:30:41,1,e1903f17503e4f878734a97d8c21c506
1785711590.614,2026-08-02 16:59:50.614441,201,65ddce4de50045428c042b64e8e37abd,stop,rule1_continuous_disagreement,22:39,39,22,radar,video,,,0.0,300.0,fisheye,Rule 1 recording stopped after 5.0s post-roll,4:22:39,0,
1785711688.393,2026-08-02 17:01:28.393457,201,c2d4024504d54eec9c871334bd55e2e9,start,rule1_continuous_disagreement,31:8,31,8,video,video,1785711683.336,,5.057,300.0,fisheye,"detector '8' ON, detector '31' OFF for 5.057s (threshold=5.0s)",8:31:42,0,
1785711688.393,2026-08-02 17:01:28.393457,201,b855b0de60124c298699aac65f709176,start,rule1_continuous_disagreement,42:8,8,42,video,radar,1785711683.336,,5.057,300.0,fisheye,"detector '8' ON, detector '42' OFF for 5.057s (threshold=5.0s)",8:31:42,1,c2d4024504d54eec9c871334bd55e2e9
1785711697.565,2026-08-02 17:01:37.564838,201,c2d4024504d54eec9c871334bd55e2e9,stop,rule1_continuous_disagreement,31:8,31,8,video,video,,,0.0,300.0,fisheye,Rule 1 recording stopped after 5.0s post-roll,8:31:42,0,
1785711712.482,2026-08-02 17:01:52.481665,201,a9e42860358d4f17b15f02853ec21a42,start,rule2_orphan_pulse,29:43,43,29,radar,video,1785711706.074,1785711707.384,1.31,16.310000000000002,fisheye,"orphan on detector '29': orphan pulse duration=1.31s window=[1785711701.074, 1785711712.384]",29:43,0,
1785711735.203,2026-08-02 17:02:15.203080,201,922381edad994e8295817d8a3c7eea2d,start,rule1_continuous_disagreement,22:39,39,22,radar,video,1785711730.162,,5.041,300.0,fisheye,"detector '39' ON, detector '22' OFF for 5.041s (threshold=5.0s)",4:22:39,0,
1785711735.206,2026-08-02 17:02:15.206088,201,b6824f0e9f3649c6a8c72f3765165648,start,rule1_continuous_disagreement,39:4,4,39,video,radar,1785711730.162,,5.044,300.0,fisheye,"detector '39' ON, detector '4' OFF for 5.044s (threshold=5.0s)",4:22:39,1,922381edad994e8295817d8a3c7eea2d
1785711754.863,2026-08-02 17:02:34.863161,201,ab9237b9b9ce42dd9885352060ce12a1,start,rule2_orphan_pulse,24:38,38,24,radar,video,1785711748.485,1785711749.777,1.292,16.292,fisheye,"orphan on detector '24': orphan pulse duration=1.292s window=[1785711743.485, 1785711754.777]",7:24:38,0,
1785711754.866,2026-08-02 17:02:34.865674,201,28088000120c4efc94db8a6a4acf9434,start,rule2_orphan_pulse,24:7,24,7,video,video,1785711748.485,1785711749.777,1.292,16.292,fisheye,"orphan on detector '24': orphan pulse duration=1.292s window=[1785711743.485, 1785711754.777]",7:24:38,1,ab9237b9b9ce42dd9885352060ce12a1
1785711789.050,2026-08-02 17:03:09.049731,201,4eeb092c814b47fdbb05dab0c7c68fe9,start,rule1_continuous_disagreement,42:8,8,42,video,radar,1785711784.005,,5.045,300.0,fisheye,"detector '8' ON, detector '42' OFF for 5.045s (threshold=5.0s)",8:31:42,0,
1785711791.384,2026-08-02 17:03:11.383765,201,39c92e9bb5604c85b05104549e613fb8,start,rule1_continuous_disagreement,31:8,31,8,video,video,1785711786.324,,5.06,300.0,fisheye,"detector '8' ON, detector '31' OFF for 5.06s (threshold=5.0s)",8:31:42,0,
1785711797.251,2026-08-02 17:03:17.250800,201,39c92e9bb5604c85b05104549e613fb8,stop,rule1_continuous_disagreement,31:8,31,8,video,video,,,0.0,300.0,fisheye,Rule 1 recording stopped after 5.1s post-roll,8:31:42,0,
1785711797.557,2026-08-02 17:03:17.557406,201,4eeb092c814b47fdbb05dab0c7c68fe9,stop,rule1_continuous_disagreement,42:8,8,42,video,radar,,,0.0,300.0,fisheye,Rule 1 recording stopped after 5.1s post-roll,8:31:42,0,
1785711799.787,2026-08-02 17:03:19.787303,201,f59015c3a8494837b040583e76a8ab75,start,rule2_orphan_pulse,30:41,41,30,radar,video,1785711792.129,1785711794.733,2.604,17.604,fisheye,"orphan on detector '30': orphan pulse duration=2.604s window=[1785711787.129, 1785711799.733]",3:30:41,0,
1785711801.105,2026-08-02 17:03:21.104744,201,cba49da9abca40718270d74ce4e8127e,start,rule2_orphan_pulse,3:41,3,41,video,radar,1785711793.740,1785711796.036,2.296,17.296,fisheye,"orphan on detector '3': orphan pulse duration=2.296s window=[1785711788.740, 1785711801.036]",3:30:41,0,
1785711873.808,2026-08-02 17:04:33.807608,201,922381edad994e8295817d8a3c7eea2d,stop,rule1_continuous_disagreement,22:39,39,22,radar,video,,,0.0,300.0,fisheye,Rule 1 recording stopped after 5.0s post-roll,4:22:39,0,
1785711929.428,2026-08-02 17:05:29.428488,201,d25caadf1eae42c5891f750d4f053507,start,rule1_continuous_disagreement,30:41,41,30,radar,video,1785711924.386,,5.042,300.0,fisheye,"detector '30' ON, detector '41' OFF for 5.042s (threshold=5.0s)",3:30:41,0,
1785711931.755,2026-08-02 17:05:31.755133,201,aff315d24cc94808bcf6d899e26d0a84,start,rule1_continuous_disagreement,3:41,3,41,video,radar,1785711926.705,,5.05,300.0,fisheye,"detector '3' ON, detector '41' OFF for 5.05s (threshold=5.0s)",3:30:41,0,
1785711981.476,2026-08-02 17:06:21.475809,201,0b87534e3abf46998e2a0c799d24184b,start,rule2_orphan_pulse,17:46,46,17,radar,video,1785711974.815,1785711976.407,1.592,16.592,fisheye,"orphan on detector '17': orphan pulse duration=1.592s window=[1785711969.815, 1785711981.407]",2:17:46,0,
1785711981.478,2026-08-02 17:06:21.477961,201,3134c46f2edd45578ed7d60c891e869b,start,rule2_orphan_pulse,2:46,2,46,video,radar,1785711975.451,1785711976.407,0.956,15.956,fisheye,"orphan on detector '2': orphan pulse duration=0.956s window=[1785711970.451, 1785711981.407]",2:17:46,1,0b87534e3abf46998e2a0c799d24184b
1785711987.236,2026-08-02 17:06:27.236054,201,2798f7421d164d4db22edc2f302967e4,start,rule2_orphan_pulse,31:42,42,31,radar,video,1785711980.573,1785711982.232,1.659,16.659,fisheye,"orphan on detector '31': orphan pulse duration=1.659s window=[1785711975.573, 1785711987.232]",8:31:42,0,
1785711989.260,2026-08-02 17:06:29.259642,201,9d14576055c64dc9a5694af03afb561b,start,rule1_continuous_disagreement,42:8,8,42,video,radar,1785711984.210,,5.05,300.0,fisheye,"detector '8' ON, detector '42' OFF for 5.05s (threshold=5.0s)",8:31:42,0,
1785711994.508,2026-08-02 17:06:34.508493,201,9d14576055c64dc9a5694af03afb561b,stop,rule1_continuous_disagreement,42:8,8,42,video,radar,,,0.0,300.0,fisheye,Rule 1 recording stopped after 5.0s post-roll,8:31:42,0,
1785712038.925,2026-08-02 17:07:18.925082,201,0c11a699a24344acb64ec94a71856283,start,rule1_continuous_disagreement,42:8,8,42,video,radar,1785712033.879,,5.046,300.0,fisheye,"detector '8' ON, detector '42' OFF for 5.046s (threshold=5.0s)",8:31:42,0,
1785712040.539,2026-08-02 17:07:20.538827,201,35183e6b3b67452d97c6bdd3528afea1,start,rule1_continuous_disagreement,31:8,31,8,video,video,1785712035.497,,5.042,300.0,fisheye,"detector '8' ON, detector '31' OFF for 5.042s (threshold=5.0s)",8:31:42,0,
1785712045.987,2026-08-02 17:07:25.986930,201,0c11a699a24344acb64ec94a71856283,stop,rule1_continuous_disagreement,42:8,8,42,video,radar,,,0.0,300.0,fisheye,Rule 1 recording stopped after 5.0s post-roll,8:31:42,0,
1785712046.996,2026-08-02 17:07:26.995775,201,35183e6b3b67452d97c6bdd3528afea1,stop,rule1_continuous_disagreement,31:8,31,8,video,video,,,0.0,300.0,fisheye,Rule 1 recording stopped after 5.0s post-roll,8:31:42,0,
1785712073.400,2026-08-02 17:07:53.399531,201,d25caadf1eae42c5891f750d4f053507,stop,rule1_continuous_disagreement,30:41,41,30,radar,video,,,0.0,300.0,fisheye,Rule 1 recording stopped after 5.0s post-roll,3:30:41,0,
1785712074.007,2026-08-02 17:07:54.007284,201,aff315d24cc94808bcf6d899e26d0a84,stop,rule1_continuous_disagreement,3:41,3,41,video,radar,,,0.0,300.0,fisheye,Rule 1 recording stopped after 5.0s post-roll,3:30:41,0,
1785712075.521,2026-08-02 17:07:55.520699,201,b28eb5582ae940bd8978e92a36f431d8,start,rule2_orphan_pulse,29:43,43,29,radar,video,1785712068.592,1785712070.514,1.922,16.922,fisheye,"orphan on detector '29': orphan pulse duration=1.922s window=[1785712063.592, 1785712075.514]",29:43,0,
1785712096.380,2026-08-02 17:08:16.380395,201,1775bd81bcae423b8536b3892c98bdee,start,rule2_orphan_pulse,24:38,38,24,radar,video,1785712090.336,1785712091.347,1.011,16.011,fisheye,"orphan on detector '24': orphan pulse duration=1.011s window=[1785712085.336, 1785712096.347]",7:24:38,0,
1785712096.380,2026-08-02 17:08:16.380395,201,0fbdfd903a8949cfb4b0f3d5a012dcc4,start,rule2_orphan_pulse,38:7,7,38,video,radar,1785712090.679,1785712091.347,0.669,15.669,fisheye,"orphan on detector '7': orphan pulse duration=0.669s window=[1785712085.679, 1785712096.347]",7:24:38,1,1775bd81bcae423b8536b3892c98bdee
1785712116.845,2026-08-02 17:08:36.844801,201,159c4ead66ea490c8f7d5852789b3190,start,rule2_orphan_pulse,24:38,38,24,radar,video,1785712108.464,1785712111.793,3.329,18.329,fisheye,"orphan on detector '24': orphan pulse duration=3.329s window=[1785712103.464, 1785712116.793]",7:24:38,0,
1785712147.106,2026-08-02 17:09:07.106005,201,873db7d9d30b494db0ca3d0f61d7a723,start,rule1_continuous_disagreement,2:46,2,46,video,radar,1785712142.063,,5.043,300.0,fisheye,"detector '2' ON, detector '46' OFF for 5.043s (threshold=5.0s)",2:17:46,0,
1785712152.455,2026-08-02 17:09:12.454766,201,873db7d9d30b494db0ca3d0f61d7a723,stop,rule1_continuous_disagreement,2:46,2,46,video,radar,,,0.0,300.0,fisheye,Rule 1 recording stopped after 5.0s post-roll,2:17:46,0,
1785712159.021,2026-08-02 17:09:19.021016,201,29118f0831204437927747b43e41ffc0,start,rule2_orphan_pulse,31:42,42,31,radar,video,1785712152.399,1785712153.992,1.593,16.593,fisheye,"orphan on detector '31': orphan pulse duration=1.593s window=[1785712147.399, 1785712158.992]",8:31:42,0,
1785712159.027,2026-08-02 17:09:19.026604,201,8e8caccfe1874cc399d689eb4b3e28e1,start,rule2_orphan_pulse,31:8,31,8,video,video,1785712152.399,1785712153.992,1.593,16.593,fisheye,"orphan on detector '31': orphan pulse duration=1.593s window=[1785712147.399, 1785712158.992]",8:31:42,1,29118f0831204437927747b43e41ffc0
1785712173.853,2026-08-02 17:09:33.853004,201,e1be57414e6248149161b7abe0177e24,start,rule2_orphan_pulse,31:42,42,31,radar,video,1785712168.103,1785712168.772,0.669,15.669,fisheye,"orphan on detector '31': orphan pulse duration=0.669s window=[1785712163.103, 1785712173.772]",8:31:42,0,
1785712173.856,2026-08-02 17:09:33.856071,201,a443a79a6ebc4897a0d385dc82ef3e1e,start,rule2_orphan_pulse,31:8,31,8,video,video,1785712168.103,1785712168.772,0.669,15.669,fisheye,"orphan on detector '31': orphan pulse duration=0.669s window=[1785712163.103, 1785712173.772]",8:31:42,1,e1be57414e6248149161b7abe0177e24
1785712216.004,2026-08-02 17:10:16.004336,201,8757e448a54d468193dbdc1420712455,start,rule2_orphan_pulse,42:8,8,42,video,radar,1785712205.943,1785712210.919,4.976,19.976,fisheye,"orphan on detector '8': orphan pulse duration=4.976s window=[1785712200.943, 1785712215.919]",8:31:42,0,
1785712218.931,2026-08-02 17:10:18.931150,201,9e918ab3a6fa4b63a4c48d2cdd03d223,start,rule2_orphan_pulse,31:42,42,31,radar,video,1785712211.586,1785712213.913,2.327,17.326999999999998,fisheye,"orphan on detector '31': orphan pulse duration=2.327s window=[1785712206.586, 1785712218.913]",8:31:42,0,
1785712301.515,2026-08-02 17:11:41.515018,201,162efda499514e48adb74cf138e75dea,start,rule1_continuous_disagreement,30:41,41,30,radar,video,1785712296.472,,5.043,300.0,fisheye,"detector '41' ON, detector '30' OFF for 5.043s (threshold=5.0s)",3:30:41,0,
1785712305.148,2026-08-02 17:11:45.147542,201,08871ba2ced84ee0bff954ca67c952c1,start,rule1_continuous_disagreement,3:41,3,41,video,radar,1785712300.105,,5.043,300.0,fisheye,"detector '41' ON, detector '3' OFF for 5.043s (threshold=5.0s)",3:30:41,0,
1785712348.521,2026-08-02 17:12:28.521142,201,c31a2e81470646ceb34e256a391c0ae7,start,rule2_orphan_pulse,31:42,42,31,radar,video,1785712342.240,1785712343.506,1.266,16.266,fisheye,"orphan on detector '31': orphan pulse duration=1.266s window=[1785712337.240, 1785712348.506]",8:31:42,0,
1785712348.526,2026-08-02 17:12:28.525707,201,e31fda9465704a72a10a05cee0fd4e83,start,rule2_orphan_pulse,31:8,31,8,video,video,1785712342.240,1785712343.506,1.266,16.266,fisheye,"orphan on detector '31': orphan pulse duration=1.266s window=[1785712337.240, 1785712348.506]",8:31:42,1,c31a2e81470646ceb34e256a391c0ae7
1785712418.011,2026-08-02 17:13:38.010750,201,b4c9359f5c0549cf9fb3878741a71a6a,start,rule1_continuous_disagreement,42:8,8,42,video,radar,1785712412.970,,5.041,300.0,fisheye,"detector '8' ON, detector '42' OFF for 5.041s (threshold=5.0s)",8:31:42,0,
1785712423.251,2026-08-02 17:13:43.251251,201,b4c9359f5c0549cf9fb3878741a71a6a,stop,rule1_continuous_disagreement,42:8,8,42,video,radar,,,0.0,300.0,fisheye,Rule 1 recording stopped after 5.0s post-roll,8:31:42,0,
1785712440.374,2026-08-02 17:14:00.374386,201,70e5f3994c874937a3c458c9f721066a,start,rule2_orphan_pulse,29:43,43,29,radar,video,1785712434.319,1785712435.305,0.987,15.987,fisheye,"orphan on detector '29': orphan pulse duration=0.987s window=[1785712429.319, 1785712440.305]",29:43,0,
1785712450.353,2026-08-02 17:14:10.353252,201,e32e1f57ca324660b5e645939e8ca74d,start,rule2_orphan_pulse,29:43,43,29,radar,video,1785712442.559,1785712445.256,2.697,17.697,fisheye,"orphan on detector '29': orphan pulse duration=2.697s window=[1785712437.559, 1785712450.256]",29:43,0,
1785712456.016,2026-08-02 17:14:16.015797,201,162efda499514e48adb74cf138e75dea,stop,rule1_continuous_disagreement,30:41,41,30,radar,video,,,0.0,300.0,fisheye,Rule 1 recording stopped after 5.1s post-roll,3:30:41,0,
1785712456.018,2026-08-02 17:14:16.017903,201,08871ba2ced84ee0bff954ca67c952c1,stop,rule1_continuous_disagreement,3:41,3,41,video,radar,,,0.0,300.0,fisheye,Rule 1 recording stopped after 5.1s post-roll,3:30:41,0,
1785712459.044,2026-08-02 17:14:19.044093,201,ac4534ab4c1c4c73a542cff658e4f9d1,start,rule2_orphan_pulse,29:43,43,29,radar,video,1785712450.881,1785712453.950,3.069,18.069,fisheye,"orphan on detector '29': orphan pulse duration=3.069s window=[1785712445.881, 1785712458.950]",29:43,0,
1785712460.055,2026-08-02 17:14:20.054718,201,26c60888fd62417eb0bae6ac747dbb59,start,rule1_continuous_disagreement,31:42,42,31,radar,video,1785712455.006,,5.049,300.0,fisheye,"detector '31' ON, detector '42' OFF for 5.049s (threshold=5.0s)",8:31:42,0,
1785712460.055,2026-08-02 17:14:20.054718,201,8795dc1e8d5d40a89c647e8350462c78,start,rule1_continuous_disagreement,42:8,8,42,video,radar,1785712455.006,,5.049,300.0,fisheye,"detector '8' ON, detector '42' OFF for 5.049s (threshold=5.0s)",8:31:42,1,26c60888fd62417eb0bae6ac747dbb59
1785712474.173,2026-08-02 17:14:34.172852,201,26c60888fd62417eb0bae6ac747dbb59,stop,rule1_continuous_disagreement,31:42,42,31,radar,video,,,0.0,300.0,fisheye,Rule 1 recording stopped after 5.0s post-roll,8:31:42,0,
1785712479.320,2026-08-02 17:14:39.320071,201,7b5975ff51084d9495046d3674b6f9b9,start,rule2_orphan_pulse,29:43,43,29,radar,video,1785712471.637,1785712474.224,2.586,17.586,fisheye,"orphan on detector '29': orphan pulse duration=2.586s window=[1785712466.637, 1785712479.224]",29:43,0,
1785712486.374,2026-08-02 17:14:46.373922,201,1894a6c58a314f8c98f95ad3c163756f,start,rule2_orphan_pulse,29:43,43,29,radar,video,1785712480.039,1785712481.345,1.306,16.306,fisheye,"orphan on detector '29': orphan pulse duration=1.306s window=[1785712475.039, 1785712486.345]",29:43,0,
1785712495.144,2026-08-02 17:14:55.144471,201,60d186a843e649769f77d97e45d0c666,start,rule2_orphan_pulse,29:43,43,29,radar,video,1785712488.150,1785712490.107,1.957,16.957,fisheye,"orphan on detector '29': orphan pulse duration=1.957s window=[1785712483.150, 1785712495.107]",29:43,0,
1785712497.161,2026-08-02 17:14:57.161378,201,3ec9c5127b4146868728340bb06a1a07,start,rule1_continuous_disagreement,30:41,41,30,radar,video,1785712492.119,,5.042,300.0,fisheye,"detector '30' ON, detector '41' OFF for 5.042s (threshold=5.0s)",3:30:41,0,
1785712504.628,2026-08-02 17:15:04.628166,201,c5b139aad135431997423d9ecd9c2d37,start,rule2_orphan_pulse,29:43,43,29,radar,video,1785712498.876,1785712499.537,0.661,15.661,fisheye,"orphan on detector '29': orphan pulse duration=0.661s window=[1785712493.876, 1785712504.537]",29:43,0,
1785712504.629,2026-08-02 17:15:04.629225,201,3ec9c5127b4146868728340bb06a1a07,stop,rule1_continuous_disagreement,30:41,41,30,radar,video,,,0.0,300.0,fisheye,Rule 1 recording stopped after 5.0s post-roll,3:30:41,0,
1785712504.935,2026-08-02 17:15:04.934804,201,685801b51d9d476fad7869d177e854b8,start,rule2_orphan_pulse,22:39,39,22,radar,video,1785712497.224,1785712499.870,2.646,17.646,fisheye,"orphan on detector '39': orphan pulse duration=2.646s window=[1785712492.224, 1785712504.870]",4:22:39,0,
1785712504.938,2026-08-02 17:15:04.937570,201,b22ca6de3fb949b9a6014d36ed9497ed,start,rule2_orphan_pulse,39:4,4,39,video,radar,1785712497.224,1785712499.870,2.646,17.646,fisheye,"orphan on detector '39': orphan pulse duration=2.646s window=[1785712492.224, 1785712504.870]",4:22:39,1,685801b51d9d476fad7869d177e854b8
1785712532.074,2026-08-02 17:15:32.073774,201,8035e2a0821e4a4486528b61438dbcb5,start,rule1_continuous_disagreement,42:8,8,42,video,radar,1785712527.030,,5.044,300.0,fisheye,"detector '8' ON, detector '42' OFF for 5.044s (threshold=5.0s)",8:31:42,0,
1785712536.312,2026-08-02 17:15:36.312160,201,52b923aeb0e642978f7fd23b22670b3b,start,rule1_continuous_disagreement,31:8,31,8,video,video,1785712531.265,,5.047,300.0,fisheye,"detector '8' ON, detector '31' OFF for 5.047s (threshold=5.0s)",8:31:42,0,
1785712546.806,2026-08-02 17:15:46.806275,201,6c022e71b7004c51853fa58a14427082,start,rule2_orphan_pulse,31:42,42,31,radar,video,1785712540.788,1785712541.798,1.01,16.009999999999998,fisheye,"orphan on detector '31': orphan pulse duration=1.01s window=[1785712535.788, 1785712546.798]",8:31:42,0,
1785712552.552,2026-08-02 17:15:52.552358,201,a34cb4d091d24630987411b0d822182a,start,rule1_continuous_disagreement,3:41,3,41,video,radar,1785712547.514,,5.038,300.0,fisheye,"detector '3' ON, detector '41' OFF for 5.038s (threshold=5.0s)",3:30:41,0,
1785712553.969,2026-08-02 17:15:53.969191,201,52b923aeb0e642978f7fd23b22670b3b,stop,rule1_continuous_disagreement,31:8,31,8,video,video,,,0.0,300.0,fisheye,Rule 1 recording stopped after 5.0s post-roll,8:31:42,0,
1785712553.973,2026-08-02 17:15:53.973251,201,8035e2a0821e4a4486528b61438dbcb5,stop,rule1_continuous_disagreement,42:8,8,42,video,radar,,,0.0,300.0,fisheye,Rule 1 recording stopped after 5.0s post-roll,8:31:42,0,
1785712569.708,2026-08-02 17:16:09.707973,201,1c01d7ed6b454aa5b0113cf69ff9b0ef,start,rule1_continuous_disagreement,30:41,41,30,radar,video,1785712564.666,,5.042,300.0,fisheye,"detector '30' ON, detector '41' OFF for 5.042s (threshold=5.0s)",3:30:41,0,
1785712646.098,2026-08-02 17:17:26.097745,201,cb52670bff814fd690f7e0f90be10236,start,rule2_orphan_pulse,29:43,43,29,radar,video,1785712639.976,1785712641.003,1.027,16.027,fisheye,"orphan on detector '29': orphan pulse duration=1.027s window=[1785712634.976, 1785712646.003]",29:43,0,
1785712647.817,2026-08-02 17:17:27.817193,201,a34cb4d091d24630987411b0d822182a,stop,rule1_continuous_disagreement,3:41,3,41,video,radar,,,0.0,300.0,fisheye,Rule 1 recording stopped after 5.1s post-roll,3:30:41,0,
1785712653.070,2026-08-02 17:17:33.069723,201,1c01d7ed6b454aa5b0113cf69ff9b0ef,stop,rule1_continuous_disagreement,30:41,41,30,radar,video,,,0.0,300.0,fisheye,Rule 1 recording stopped after 5.0s post-roll,3:30:41,0,
1785712661.135,2026-08-02 17:17:41.134876,201,866d857061974968b4282fdde20ae071,start,rule2_orphan_pulse,29:43,43,29,radar,video,1785712653.521,1785712656.053,2.532,17.532,fisheye,"orphan on detector '29': orphan pulse duration=2.532s window=[1785712648.521, 1785712661.053]",29:43,0,
1785712676.360,2026-08-02 17:17:56.359883,201,731abebff1bd4d2d9e3e1be48298858b,start,rule2_orphan_pulse,22:39,39,22,radar,video,1785712668.287,1785712671.267,2.98,17.98,fisheye,"orphan on detector '22': orphan pulse duration=2.98s window=[1785712663.287, 1785712676.267]",4:22:39,0,
1785712677.276,2026-08-02 17:17:57.275836,201,3be9f4944fab46f2a2bbee85d73f8798,start,rule2_orphan_pulse,39:4,4,39,video,radar,1785712669.289,1785712672.271,2.982,17.982,fisheye,"orphan on detector '4': orphan pulse duration=2.982s window=[1785712664.289, 1785712677.271]",4:22:39,1,731abebff1bd4d2d9e3e1be48298858b
1785712736.862,2026-08-02 17:18:56.862252,201,1123cd4fa92c41c8a2c1d5a629f3e7ee,start,rule2_orphan_pulse,30:41,41,30,radar,video,1785712730.761,1785712731.804,1.044,16.044,fisheye,"orphan on detector '41': orphan pulse duration=1.044s window=[1785712725.761, 1785712736.804]",3:30:41,0,
1785712737.570,2026-08-02 17:18:57.570262,201,b4d403e1c89a4ecda30a54a1f6817d04,start,rule2_orphan_pulse,3:30,30,3,video,video,1785712731.804,1785712732.473,0.668,15.668,fisheye,"orphan on detector '3': orphan pulse duration=0.668s window=[1785712726.804, 1785712737.473]",3:30:41,1,1123cd4fa92c41c8a2c1d5a629f3e7ee
1785712740.194,2026-08-02 17:19:00.194154,201,1cbaf70f16ad4e4083ebed0ac63d3ffa,start,rule1_continuous_disagreement,31:42,42,31,radar,video,1785712735.149,,5.045,300.0,fisheye,"detector '31' ON, detector '42' OFF for 5.045s (threshold=5.0s)",8:31:42,0,
1785712745.449,2026-08-02 17:19:05.448673,201,1cbaf70f16ad4e4083ebed0ac63d3ffa,stop,rule1_continuous_disagreement,31:42,42,31,radar,video,,,0.0,300.0,fisheye,Rule 1 recording stopped after 5.0s post-roll,8:31:42,0,
1785712805.976,2026-08-02 17:20:05.976480,201,3f64bf36751c46ee9efd8052134eeb97,start,rule2_orphan_pulse,30:41,41,30,radar,video,1785712800.285,1785712800.955,0.67,15.67,fisheye,"orphan on detector '30': orphan pulse duration=0.67s window=[1785712795.285, 1785712805.955]",3:30:41,0,
1785712806.993,2026-08-02 17:20:06.992919,201,4a290069409f44a880f9a43292c6fc58,start,rule2_orphan_pulse,3:41,3,41,video,radar,1785712800.285,1785712801.993,1.708,16.708,fisheye,"orphan on detector '3': orphan pulse duration=1.708s window=[1785712795.285, 1785712806.993]",3:30:41,0,
1785712857.102,2026-08-02 17:20:57.102314,201,5f6969b429814005b611187c38667f03,start,rule1_continuous_disagreement,31:42,42,31,radar,video,1785712852.057,,5.045,300.0,fisheye,"detector '42' ON, detector '31' OFF for 5.045s (threshold=5.0s)",8:31:42,0,
1785712857.108,2026-08-02 17:20:57.107932,201,9de45cce8d8846f687d5ac755527114c,start,rule1_continuous_disagreement,31:8,31,8,video,video,1785712852.057,,5.051,300.0,fisheye,"detector '8' ON, detector '31' OFF for 5.051s (threshold=5.0s)",8:31:42,1,5f6969b429814005b611187c38667f03
1785712867.713,2026-08-02 17:21:07.712572,201,9de8a028d41a430b89964f5d4178d1cd,start,rule2_orphan_pulse,29:43,43,29,radar,video,1785712860.636,1785712862.659,2.023,17.023,fisheye,"orphan on detector '43': orphan pulse duration=2.023s window=[1785712855.636, 1785712867.659]",29:43,0,
1785712889.617,2026-08-02 17:21:29.616590,201,6ebbae4869d844b09646b87936b4081d,start,rule1_continuous_disagreement,26:33,33,26,radar,video,1785712884.578,,5.039,300.0,fisheye,"detector '26' ON, detector '33' OFF for 5.039s (threshold=5.0s)",26:33,0,
1785712896.787,2026-08-02 17:21:36.787431,201,6ebbae4869d844b09646b87936b4081d,stop,rule1_continuous_disagreement,26:33,33,26,radar,video,,,0.0,300.0,fisheye,Rule 1 recording stopped after 5.1s post-roll,26:33,0,
1785712922.185,2026-08-02 17:22:02.184941,201,85740166a1bd499aad19fd98909eda18,start,rule1_continuous_disagreement,30:41,41,30,radar,video,1785712917.141,,5.044,300.0,fisheye,"detector '30' ON, detector '41' OFF for 5.044s (threshold=5.0s)",3:30:41,0,
1785712924.914,2026-08-02 17:22:04.914196,201,8670b304c90440fc8e7a6beda0e5c0be,start,rule1_continuous_disagreement,3:41,3,41,video,radar,1785712919.867,,5.047,300.0,fisheye,"detector '3' ON, detector '41' OFF for 5.047s (threshold=5.0s)",3:30:41,0,
1785712939.731,2026-08-02 17:22:19.731369,201,d9c16f7de7bc429bb99c5efaae58ca99,start,rule1_continuous_disagreement,24:38,38,24,radar,video,1785712934.693,,5.038,300.0,fisheye,"detector '24' ON, detector '38' OFF for 5.038s (threshold=5.0s)",7:24:38,0,
1785712939.734,2026-08-02 17:22:19.733765,201,ded0ab51e0c347ba8cef4402f1829caf,start,rule1_continuous_disagreement,38:7,7,38,video,radar,1785712934.694,,5.04,300.0,fisheye,"detector '7' ON, detector '38' OFF for 5.04s (threshold=5.0s)",7:24:38,1,d9c16f7de7bc429bb99c5efaae58ca99
1785712959.291,2026-08-02 17:22:39.290970,201,23b8c54e016241bb808318af615f536c,start,rule1_continuous_disagreement,26:33,33,26,radar,video,1785712954.249,,5.042,300.0,fisheye,"detector '26' ON, detector '33' OFF for 5.042s (threshold=5.0s)",26:33,0,
1785712969.386,2026-08-02 17:22:49.386496,201,a378998e598a4cfba2c1fcab3df3f591,start,rule1_continuous_disagreement,42:8,8,42,video,radar,1785712964.340,,5.046,300.0,fisheye,"detector '8' ON, detector '42' OFF for 5.046s (threshold=5.0s)",8:31:42,0,
1785712972.415,2026-08-02 17:22:52.415150,201,23b8c54e016241bb808318af615f536c,stop,rule1_continuous_disagreement,26:33,33,26,radar,video,,,0.0,300.0,fisheye,Rule 1 recording stopped after 5.0s post-roll,26:33,0,
1785712988.245,2026-08-02 17:23:08.244955,201,c910c2018e2243cbb1309938e2746a21,start,rule1_continuous_disagreement,29:43,43,29,radar,video,1785712983.218,,5.027,300.0,fisheye,"detector '43' ON, detector '29' OFF for 5.027s (threshold=5.0s)",29:43,0,
1785712988.248,2026-08-02 17:23:08.248470,201,b899f6c856f64bc7a4fd3439d5f004d3,start,rule1_continuous_disagreement,17:46,46,17,radar,video,1785712983.217,,5.031,300.0,fisheye,"detector '46' ON, detector '17' OFF for 5.031s (threshold=5.0s)",2:17:46,0,
1785712988.248,2026-08-02 17:23:08.248470,201,df93874fa4334bbfb6a14ea3871806cb,start,rule1_continuous_disagreement,2:46,2,46,video,radar,1785712983.217,,5.031,300.0,fisheye,"detector '46' ON, detector '2' OFF for 5.031s (threshold=5.0s)",2:17:46,1,b899f6c856f64bc7a4fd3439d5f004d3
1785712988.248,2026-08-02 17:23:08.248470,201,85740166a1bd499aad19fd98909eda18,stop,rule1_continuous_disagreement,30:41,41,30,radar,video,,,0.0,300.0,fisheye,Rule 1 recording stopped after 5.0s post-roll,3:30:41,0,
1785712988.248,2026-08-02 17:23:08.248470,201,8670b304c90440fc8e7a6beda0e5c0be,stop,rule1_continuous_disagreement,3:41,3,41,video,radar,,,0.0,300.0,fisheye,Rule 1 recording stopped after 5.0s post-roll,3:30:41,0,
1785712988.248,2026-08-02 17:23:08.248470,201,b88f01e361454fa7a1284e05291f05a5,start,rule1_continuous_disagreement,22:39,39,22,radar,video,1785712983.217,,5.031,300.0,fisheye,"detector '39' ON, detector '22' OFF for 5.031s (threshold=5.0s)",4:22:39,0,
1785712988.248,2026-08-02 17:23:08.248470,201,3b8a4b00855a4709ab66a1411da33007,start,rule1_continuous_disagreement,39:4,4,39,video,radar,1785712983.217,,5.031,300.0,fisheye,"detector '39' ON, detector '4' OFF for 5.031s (threshold=5.0s)",4:22:39,1,b88f01e361454fa7a1284e05291f05a5
1785712988.248,2026-08-02 17:23:08.248470,201,d9c16f7de7bc429bb99c5efaae58ca99,stop,rule1_continuous_disagreement,24:38,38,24,radar,video,,,0.0,300.0,fisheye,Rule 1 recording stopped after 5.0s post-roll,7:24:38,0,
1785712988.263,2026-08-02 17:23:08.262960,201,a378998e598a4cfba2c1fcab3df3f591,stop,rule1_continuous_disagreement,42:8,8,42,video,radar,,,0.0,300.0,fisheye,Rule 1 recording stopped after 5.0s post-roll,8:31:42,0,
1785713025.367,2026-08-02 17:23:45.366918,201,b899f6c856f64bc7a4fd3439d5f004d3,stop,rule1_continuous_disagreement,17:46,46,17,radar,video,,,0.0,300.0,fisheye,Rule 1 recording stopped after 5.0s post-roll,2:17:46,0,
1785713029.304,2026-08-02 17:23:49.304055,201,b88f01e361454fa7a1284e05291f05a5,stop,rule1_continuous_disagreement,22:39,39,22,radar,video,,,0.0,300.0,fisheye,Rule 1 recording stopped after 5.0s post-roll,4:22:39,0,
1785713031.221,2026-08-02 17:23:51.221364,201,c910c2018e2243cbb1309938e2746a21,stop,rule1_continuous_disagreement,29:43,43,29,radar,video,,,0.0,300.0,fisheye,Rule 1 recording stopped after 5.0s post-roll,29:43,0,
1785713038.891,2026-08-02 17:23:58.890974,201,5f6969b429814005b611187c38667f03,stop,rule1_continuous_disagreement,31:42,42,31,radar,video,,,0.0,300.0,fisheye,Rule 1 recording stopped after 5.0s post-roll,8:31:42,0,
1785713048.182,2026-08-02 17:24:08.181854,201,a94a071ab5cb4764b3196d2e2846b735,start,rule2_orphan_pulse,29:43,43,29,radar,video,1785713042.482,1785713043.149,0.667,15.667,fisheye,"orphan on detector '29': orphan pulse duration=0.667s window=[1785713037.482, 1785713048.149]",29:43,0,
1785713076.136,2026-08-02 17:24:36.135808,201,1b8fca909e2b4721976e9b4a6e587236,start,rule1_continuous_disagreement,42:8,8,42,video,radar,1785713071.104,,5.032,300.0,fisheye,"detector '8' ON, detector '42' OFF for 5.032s (threshold=5.0s)",8:31:42,0,
1785713081.386,2026-08-02 17:24:41.386438,201,1b8fca909e2b4721976e9b4a6e587236,stop,rule1_continuous_disagreement,42:8,8,42,video,radar,,,0.0,300.0,fisheye,Rule 1 recording stopped after 5.0s post-roll,8:31:42,0,
1785713081.691,2026-08-02 17:24:41.691238,201,1c7e05ea9bc142d39b753f865f56a61d,start,rule2_orphan_pulse,31:42,42,31,radar,video,1785713075.643,1785713076.618,0.975,15.975,fisheye,"orphan on detector '31': orphan pulse duration=0.975s window=[1785713070.643, 1785713081.618]",8:31:42,0,
1785713089.473,2026-08-02 17:24:49.472714,201,4e4350a891af43e1a03dc63469747137,start,rule2_orphan_pulse,3:30,30,3,video,video,1785713083.740,1785713084.402,0.662,15.661999999999999,fisheye,"orphan on detector '3': orphan pulse duration=0.662s window=[1785713078.740, 1785713089.402]",3:30:41,0,
1785713100.578,2026-08-02 17:25:00.577558,201,9953614223644654b24ea2325721f240,start,rule2_orphan_pulse,42:8,8,42,video,radar,1785713090.873,1785713095.501,4.628,19.628,fisheye,"orphan on detector '8': orphan pulse duration=4.628s window=[1785713085.873, 1785713100.501]",8:31:42,0,
1785713101.892,2026-08-02 17:25:01.892146,201,a3afc65484bc4158a36cca542395649b,start,rule1_continuous_disagreement,29:43,43,29,radar,video,1785713096.841,,5.051,300.0,fisheye,"detector '43' ON, detector '29' OFF for 5.051s (threshold=5.0s)",29:43,0,
1785713123.075,2026-08-02 17:25:23.074652,201,a3afc65484bc4158a36cca542395649b,stop,rule1_continuous_disagreement,29:43,43,29,radar,video,,,0.0,300.0,fisheye,Rule 1 recording stopped after 5.0s post-roll,29:43,0,
1785713225.548,2026-08-02 17:27:05.547779,201,c45c055a0d4e4bcab32ce8477131e58b,start,rule2_orphan_pulse,29:43,43,29,radar,video,1785713219.259,1785713220.532,1.273,16.273,fisheye,"orphan on detector '29': orphan pulse duration=1.273s window=[1785713214.259, 1785713225.532]",29:43,0,
1785713242.109,2026-08-02 17:27:22.109497,201,85e9a92781eb4bbdb4e5c5b49e25023b,start,rule1_continuous_disagreement,38:7,7,38,video,radar,1785713237.055,,5.054,300.0,fisheye,"detector '7' ON, detector '38' OFF for 5.054s (threshold=5.0s)",7:24:38,0,
1785713254.416,2026-08-02 17:27:34.415595,201,85e9a92781eb4bbdb4e5c5b49e25023b,stop,rule1_continuous_disagreement,38:7,7,38,video,radar,,,0.0,300.0,fisheye,Rule 1 recording stopped after 5.0s post-roll,7:24:38,0,
1785713288.712,2026-08-02 17:28:08.711847,201,d6ce69dc461144a4b464fa7dc76eb95e,start,rule2_orphan_pulse,29:43,43,29,radar,video,1785713282.354,1785713283.647,1.293,16.293,fisheye,"orphan on detector '29': orphan pulse duration=1.293s window=[1785713277.354, 1785713288.647]",29:43,0,
1785713362.536,2026-08-02 17:29:22.536181,201,e7a3050fd3e746729114c28770f8f04f,start,rule1_continuous_disagreement,31:8,31,8,video,video,1785713357.499,,5.037,300.0,fisheye,"detector '8' ON, detector '31' OFF for 5.037s (threshold=5.0s)",8:31:42,0,
1785713362.542,2026-08-02 17:29:22.541992,201,f151dbc786ea46e78adfd41cf31d4063,start,rule1_continuous_disagreement,42:8,8,42,video,radar,1785713357.499,,5.043,300.0,fisheye,"detector '8' ON, detector '42' OFF for 5.043s (threshold=5.0s)",8:31:42,1,e7a3050fd3e746729114c28770f8f04f
1785713370.820,2026-08-02 17:29:30.819707,201,e7a3050fd3e746729114c28770f8f04f,stop,rule1_continuous_disagreement,31:8,31,8,video,video,,,0.0,300.0,fisheye,Rule 1 recording stopped after 5.1s post-roll,8:31:42,0,
1785713397.229,2026-08-02 17:29:57.228576,201,2fdd811295d247d2bfb9c7de611e9f37,start,rule1_continuous_disagreement,30:41,41,30,radar,video,1785713392.188,,5.041,300.0,fisheye,"detector '30' ON, detector '41' OFF for 5.041s (threshold=5.0s)",3:30:41,0,
1785713397.233,2026-08-02 17:29:57.232857,201,ae74bcc899ed4aceb886bca1248b1a23,start,rule2_orphan_pulse,3:41,3,41,video,radar,1785713390.514,1785713392.166,1.653,16.653,fisheye,"orphan on detector '3': orphan pulse duration=1.653s window=[1785713385.514, 1785713397.166]",3:30:41,1,2fdd811295d247d2bfb9c7de611e9f37
1785713433.316,2026-08-02 17:30:33.315974,201,2fdd811295d247d2bfb9c7de611e9f37,stop,rule1_continuous_disagreement,30:41,41,30,radar,video,,,0.0,300.0,fisheye,Rule 1 recording stopped after 5.0s post-roll,3:30:41,0,
1785713461.562,2026-08-02 17:31:01.562280,201,06ae6404d01e446091ee4e2c5ec391d3,start,rule1_continuous_disagreement,31:42,42,31,radar,video,1785713456.522,,5.04,300.0,fisheye,"detector '31' ON, detector '42' OFF for 5.04s (threshold=5.0s)",8:31:42,0,
1785713461.564,2026-08-02 17:31:01.564298,201,bbd49e43b3dc4deb9cd4de13307b1f23,start,rule1_continuous_disagreement,42:8,8,42,video,radar,1785713456.522,,5.042,300.0,fisheye,"detector '8' ON, detector '42' OFF for 5.042s (threshold=5.0s)",8:31:42,1,06ae6404d01e446091ee4e2c5ec391d3
1785713482.445,2026-08-02 17:31:22.444547,201,06ae6404d01e446091ee4e2c5ec391d3,stop,rule1_continuous_disagreement,31:42,42,31,radar,video,,,0.0,300.0,fisheye,Rule 1 recording stopped after 5.0s post-roll,8:31:42,0,
1785713523.771,2026-08-02 17:32:03.771288,201,4541cef56e14426fa287ddda46b6ff8c,start,rule2_orphan_pulse,31:8,31,8,video,video,1785713513.885,1785713518.734,4.849,19.849,fisheye,"orphan on detector '8': orphan pulse duration=4.849s window=[1785713508.885, 1785713523.734]",8:31:42,0,
1785713539.002,2026-08-02 17:32:19.002066,201,cf37992c6ed34253b8dc1271d658009b,start,rule2_orphan_pulse,29:43,43,29,radar,video,1785713532.886,1785713533.922,1.036,16.036,fisheye,"orphan on detector '29': orphan pulse duration=1.036s window=[1785713527.886, 1785713538.922]",29:43,0,
1785713545.872,2026-08-02 17:32:25.871625,201,17e930705a1244ac84137991beb44a7f,start,rule1_continuous_disagreement,31:42,42,31,radar,video,1785713540.824,,5.048,300.0,fisheye,"detector '31' ON, detector '42' OFF for 5.048s (threshold=5.0s)",8:31:42,0,
1785713545.872,2026-08-02 17:32:25.871625,201,7ec93fa4bf46418f9be6a74496c5e60d,start,rule1_continuous_disagreement,42:8,8,42,video,radar,1785713540.824,,5.048,300.0,fisheye,"detector '8' ON, detector '42' OFF for 5.048s (threshold=5.0s)",8:31:42,1,17e930705a1244ac84137991beb44a7f
1785713649.325,2026-08-02 17:34:09.324830,201,17e930705a1244ac84137991beb44a7f,stop,rule1_continuous_disagreement,31:42,42,31,radar,video,,,0.0,300.0,fisheye,Rule 1 recording stopped after 5.0s post-roll,8:31:42,0,
1785713654.458,2026-08-02 17:34:14.457518,201,579cc178b0524d8a9ef2f6fa042e9c45,start,rule1_continuous_disagreement,22:39,39,22,radar,video,1785713649.429,,5.029,300.0,fisheye,"detector '39' ON, detector '22' OFF for 5.029s (threshold=5.0s)",4:22:39,0,
1785713654.461,2026-08-02 17:34:14.460530,201,b5b8281b65964bfdbc16fa23c64cc1bf,start,rule1_continuous_disagreement,39:4,4,39,video,radar,1785713649.429,,5.032,300.0,fisheye,"detector '39' ON, detector '4' OFF for 5.032s (threshold=5.0s)",4:22:39,1,579cc178b0524d8a9ef2f6fa042e9c45
1785713700.679,2026-08-02 17:35:00.679199,201,579cc178b0524d8a9ef2f6fa042e9c45,stop,rule1_continuous_disagreement,22:39,39,22,radar,video,,,0.0,300.0,fisheye,Rule 1 recording stopped after 5.0s post-roll,4:22:39,0,
1785713765.800,2026-08-02 17:36:05.800271,201,4be35350dc00447cacdf322276e38d0b,start,rule1_continuous_disagreement,22:39,39,22,radar,video,1785713760.749,,5.051,300.0,fisheye,"detector '39' ON, detector '22' OFF for 5.051s (threshold=5.0s)",4:22:39,0,
1785713765.805,2026-08-02 17:36:05.805472,201,393114413dde4efb8a92a7bc665f94fd,start,rule1_continuous_disagreement,39:4,4,39,video,radar,1785713760.749,,5.056,300.0,fisheye,"detector '39' ON, detector '4' OFF for 5.056s (threshold=5.0s)",4:22:39,1,4be35350dc00447cacdf322276e38d0b
1785713788.682,2026-08-02 17:36:28.681949,201,4be35350dc00447cacdf322276e38d0b,stop,rule1_continuous_disagreement,22:39,39,22,radar,video,,,0.0,300.0,fisheye,Rule 1 recording stopped after 5.0s post-roll,4:22:39,0,
1785713805.731,2026-08-02 17:36:45.731360,201,8734dbb73048495b9f5870f57e221a4a,start,rule2_orphan_pulse,29:43,43,29,radar,video,1785713799.742,1785713800.708,0.966,15.966000000000001,fisheye,"orphan on detector '29': orphan pulse duration=0.966s window=[1785713794.742, 1785713805.708]",29:43,0,
1785713812.890,2026-08-02 17:36:52.890104,201,eb1ff91b81ca4b81afe7f9096790a8da,start,rule2_orphan_pulse,29:43,43,29,radar,video,1785713805.871,1785713807.828,1.956,16.956,fisheye,"orphan on detector '29': orphan pulse duration=1.956s window=[1785713800.871, 1785713812.828]",29:43,0,
1785713974.832,2026-08-02 17:39:34.832035,201,bc5f211bff5c4b2ba527db5c574f2712,start,rule2_orphan_pulse,42:8,8,42,video,radar,1785713965.199,1785713969.768,4.569,19.569,fisheye,"orphan on detector '8': orphan pulse duration=4.569s window=[1785713960.199, 1785713974.768]",8:31:42,0,
1785714011.131,2026-08-02 17:40:11.131335,201,61a5e2ff993049c497089f95facdef43,start,rule1_continuous_disagreement,22:39,39,22,radar,video,1785714006.096,,5.035,300.0,fisheye,"detector '39' ON, detector '22' OFF for 5.035s (threshold=5.0s)",4:22:39,0,
1785714011.135,2026-08-02 17:40:11.135117,201,90aefb4e277f4ecb8bca617f48578ef3,start,rule1_continuous_disagreement,39:4,4,39,video,radar,1785714006.097,,5.038,300.0,fisheye,"detector '39' ON, detector '4' OFF for 5.038s (threshold=5.0s)",4:22:39,1,61a5e2ff993049c497089f95facdef43
1785714036.150,2026-08-02 17:40:36.150280,201,86b653c6abcf4033b4db22895b5650cc,start,rule1_continuous_disagreement,17:46,46,17,radar,video,1785714031.113,,5.037,300.0,fisheye,"detector '17' ON, detector '46' OFF for 5.037s (threshold=5.0s)",2:17:46,0,
1785714036.150,2026-08-02 17:40:36.150280,201,84925527f41b4d2d83c46ef7fedf5102,start,rule1_continuous_disagreement,2:46,2,46,video,radar,1785714031.113,,5.037,300.0,fisheye,"detector '2' ON, detector '46' OFF for 5.037s (threshold=5.0s)",2:17:46,1,86b653c6abcf4033b4db22895b5650cc
1785714048.482,2026-08-02 17:40:48.482195,201,2d4af43e3a644d3ebde7c953da5db319,start,rule2_orphan_pulse,42:8,8,42,video,radar,1785714039.196,1785714043.403,4.207,19.207,fisheye,"orphan on detector '8': orphan pulse duration=4.207s window=[1785714034.196, 1785714048.403]",8:31:42,0,
1785714053.626,2026-08-02 17:40:53.626079,201,34367ff3086b43eab6e43ddfc6d27ac7,start,rule1_continuous_disagreement,31:8,31,8,video,video,1785714048.587,,5.039,300.0,fisheye,"detector '8' ON, detector '31' OFF for 5.039s (threshold=5.0s)",8:31:42,0,
1785714056.858,2026-08-02 17:40:56.858019,201,6a5b57969cbb4202a19f8d2a486546ef,start,rule1_continuous_disagreement,30:41,41,30,radar,video,1785714051.815,,5.043,300.0,fisheye,"detector '41' ON, detector '30' OFF for 5.043s (threshold=5.0s)",3:30:41,0,
1785714058.474,2026-08-02 17:40:58.474122,201,d18b768868934fbca85a2b0c65aec238,start,rule1_continuous_disagreement,3:41,3,41,video,radar,1785714053.425,,5.049,300.0,fisheye,"detector '41' ON, detector '3' OFF for 5.049s (threshold=5.0s)",3:30:41,0,
1785714059.492,2026-08-02 17:40:59.491683,201,86b653c6abcf4033b4db22895b5650cc,stop,rule1_continuous_disagreement,17:46,46,17,radar,video,,,0.0,300.0,fisheye,Rule 1 recording stopped after 5.1s post-roll,2:17:46,0,
1785714060.105,2026-08-02 17:41:00.105159,201,34367ff3086b43eab6e43ddfc6d27ac7,stop,rule1_continuous_disagreement,31:8,31,8,video,video,,,0.0,300.0,fisheye,Rule 1 recording stopped after 5.1s post-roll,8:31:42,0,
1785714065.156,2026-08-02 17:41:05.155961,201,6a5b57969cbb4202a19f8d2a486546ef,stop,rule1_continuous_disagreement,30:41,41,30,radar,video,,,0.0,300.0,fisheye,Rule 1 recording stopped after 5.1s post-roll,3:30:41,0,
1785714065.161,2026-08-02 17:41:05.160579,201,d18b768868934fbca85a2b0c65aec238,stop,rule1_continuous_disagreement,3:41,3,41,video,radar,,,0.0,300.0,fisheye,Rule 1 recording stopped after 5.1s post-roll,3:30:41,0,
1785714070.018,2026-08-02 17:41:10.017956,201,e31b5771e5a949e39bbe04a400e10d9c,start,rule2_orphan_pulse,29:43,43,29,radar,video,1785714063.975,1785714064.982,1.007,16.006999999999998,fisheye,"orphan on detector '29': orphan pulse duration=1.007s window=[1785714058.975, 1785714069.982]",29:43,0,
1785714136.404,2026-08-02 17:42:16.403676,201,dc343f22d2cb4667ad60fa9b23d85d59,start,rule1_continuous_disagreement,31:8,31,8,video,video,1785714131.360,,5.044,300.0,fisheye,"detector '8' ON, detector '31' OFF for 5.044s (threshold=5.0s)",8:31:42,0,
1785714136.408,2026-08-02 17:42:16.408125,201,3860f93aa6bb4b9ba628d4fb9b77ba3b,start,rule1_continuous_disagreement,42:8,8,42,video,radar,1785714131.360,,5.048,300.0,fisheye,"detector '8' ON, detector '42' OFF for 5.048s (threshold=5.0s)",8:31:42,1,dc343f22d2cb4667ad60fa9b23d85d59
1785714137.118,2026-08-02 17:42:17.118447,201,61a5e2ff993049c497089f95facdef43,stop,rule1_continuous_disagreement,22:39,39,22,radar,video,,,0.0,300.0,fisheye,Rule 1 recording stopped after 5.1s post-roll,4:22:39,0,
1785714143.076,2026-08-02 17:42:23.075867,201,dc343f22d2cb4667ad60fa9b23d85d59,stop,rule1_continuous_disagreement,31:8,31,8,video,video,,,0.0,300.0,fisheye,Rule 1 recording stopped after 5.0s post-roll,8:31:42,0,
1785714202.187,2026-08-02 17:43:22.187009,201,5f5ace781616408f8894e18facc2137f,start,rule1_continuous_disagreement,22:39,39,22,radar,video,1785714197.134,,5.053,300.0,fisheye,"detector '39' ON, detector '22' OFF for 5.053s (threshold=5.0s)",4:22:39,0,
1785714202.189,2026-08-02 17:43:22.189142,201,3796e8463d6f469fa5102d857ce8aeaf,start,rule1_continuous_disagreement,39:4,4,39,video,radar,1785714197.135,,5.054,300.0,fisheye,"detector '39' ON, detector '4' OFF for 5.054s (threshold=5.0s)",4:22:39,1,5f5ace781616408f8894e18facc2137f
1785714244.804,2026-08-02 17:44:04.803536,201,02a500a5d6f94fa1b4d249a7f4d49139,start,rule2_orphan_pulse,31:8,31,8,video,video,1785714234.828,1785714239.721,4.893,19.893,fisheye,"orphan on detector '8': orphan pulse duration=4.893s window=[1785714229.828, 1785714244.721]",8:31:42,0,
1785714244.809,2026-08-02 17:44:04.808537,201,392553d7511042aaab127c048b449234,start,rule2_orphan_pulse,42:8,8,42,video,radar,1785714234.828,1785714239.721,4.893,19.893,fisheye,"orphan on detector '8': orphan pulse duration=4.893s window=[1785714229.828, 1785714244.721]",8:31:42,1,02a500a5d6f94fa1b4d249a7f4d49139
1785714302.206,2026-08-02 17:45:02.206336,201,28707d8c796340b697f60e32cfe04f60,start,rule1_continuous_disagreement,30:41,41,30,radar,video,1785714297.159,,5.047,300.0,fisheye,"detector '30' ON, detector '41' OFF for 5.047s (threshold=5.0s)",3:30:41,0,
1785714302.208,2026-08-02 17:45:02.208467,201,be68ba32522a4940af6ce26c0812ff9f,start,rule1_continuous_disagreement,3:41,3,41,video,radar,1785714297.159,,5.049,300.0,fisheye,"detector '3' ON, detector '41' OFF for 5.049s (threshold=5.0s)",3:30:41,1,28707d8c796340b697f60e32cfe04f60
1785714332.259,2026-08-02 17:45:32.259367,201,5f5ace781616408f8894e18facc2137f,stop,rule1_continuous_disagreement,22:39,39,22,radar,video,,,0.0,300.0,fisheye,Rule 1 recording stopped after 5.0s post-roll,4:22:39,0,
1785714347.078,2026-08-02 17:45:47.078104,201,28707d8c796340b697f60e32cfe04f60,stop,rule1_continuous_disagreement,30:41,41,30,radar,video,,,0.0,300.0,fisheye,Rule 1 recording stopped after 5.0s post-roll,3:30:41,0,
1785714436.646,2026-08-02 17:47:16.646363,201,de58457abdf3481983ea3b7e9da40ac3,start,rule2_orphan_pulse,31:42,42,31,radar,video,1785714430.883,1785714431.573,0.689,15.689,fisheye,"orphan on detector '31': orphan pulse duration=0.689s window=[1785714425.883, 1785714436.573]",8:31:42,0,
1785714441.901,2026-08-02 17:47:21.901054,201,6e9da2e7340f40b29cc3f663c88b488a,start,rule2_orphan_pulse,42:8,8,42,video,radar,1785714431.895,1785714436.809,4.914,19.914,fisheye,"orphan on detector '8': orphan pulse duration=4.914s window=[1785714426.895, 1785714441.809]",8:31:42,0,
1785714534.646,2026-08-02 17:48:54.646082,201,19e577150df442c68337bfcc10e4435b,start,rule2_orphan_pulse,22:4,22,4,video,video,1785714527.593,1785714529.550,1.958,16.958,fisheye,"orphan on detector '22': orphan pulse duration=1.958s window=[1785714522.593, 1785714534.550]",4:22:39,0,
1785714543.236,2026-08-02 17:49:03.236211,201,25cea065f21c43aeaaf1c1684969c9e3,start,rule1_continuous_disagreement,22:39,39,22,radar,video,1785714538.190,,5.046,300.0,fisheye,"detector '22' ON, detector '39' OFF for 5.046s (threshold=5.0s)",4:22:39,0,
1785714556.164,2026-08-02 17:49:16.163987,201,25cea065f21c43aeaaf1c1684969c9e3,stop,rule1_continuous_disagreement,22:39,39,22,radar,video,,,0.0,300.0,fisheye,Rule 1 recording stopped after 5.0s post-roll,4:22:39,0,
1785714695.239,2026-08-02 17:51:35.238537,201,0307b56121ca4927a01f20a5eca70636,start,rule2_orphan_pulse,31:8,31,8,video,video,1785714685.265,1785714690.170,4.904,19.904,fisheye,"orphan on detector '8': orphan pulse duration=4.904s window=[1785714680.265, 1785714695.170]",8:31:42,0,
1785714695.243,2026-08-02 17:51:35.243055,201,9405a67f7ffa4ecf9b235144428bcca0,start,rule2_orphan_pulse,42:8,8,42,video,radar,1785714685.265,1785714690.170,4.904,19.904,fisheye,"orphan on detector '8': orphan pulse duration=4.904s window=[1785714680.265, 1785714695.170]",8:31:42,1,0307b56121ca4927a01f20a5eca70636
1785714712.160,2026-08-02 17:51:52.160216,201,b60554ecf1254f08aadab3c0fc59c6eb,start,rule1_continuous_disagreement,22:39,39,22,radar,video,1785714707.133,,5.027,300.0,fisheye,"detector '39' ON, detector '22' OFF for 5.027s (threshold=5.0s)",4:22:39,0,
1785714712.163,2026-08-02 17:51:52.163416,201,3409c77796c1495c8269fa81ea43fd32,start,rule1_continuous_disagreement,39:4,4,39,video,radar,1785714707.133,,5.03,300.0,fisheye,"detector '39' ON, detector '4' OFF for 5.03s (threshold=5.0s)",4:22:39,1,b60554ecf1254f08aadab3c0fc59c6eb
1785714715.091,2026-08-02 17:51:55.091182,201,97b1523d6ea64d328bb2f8bf39aa8c55,start,rule1_continuous_disagreement,29:43,43,29,radar,video,1785714710.049,,5.042,300.0,fisheye,"detector '29' ON, detector '43' OFF for 5.042s (threshold=5.0s)",29:43,0,
1785714741.304,2026-08-02 17:52:21.303713,201,97b1523d6ea64d328bb2f8bf39aa8c55,stop,rule1_continuous_disagreement,29:43,43,29,radar,video,,,0.0,300.0,fisheye,Rule 1 recording stopped after 5.0s post-roll,29:43,0,
1785714783.061,2026-08-02 17:53:03.060513,201,7cb40a78169342dca38bc79b5f1e937d,start,rule2_orphan_pulse,31:8,31,8,video,video,1785714773.417,1785714778.014,4.597,19.597,fisheye,"orphan on detector '8': orphan pulse duration=4.597s window=[1785714768.417, 1785714783.014]",8:31:42,0,
1785714783.063,2026-08-02 17:53:03.062975,201,394bb8fbb8814f9685a49afe3745c56d,start,rule2_orphan_pulse,42:8,8,42,video,radar,1785714773.417,1785714778.014,4.597,19.597,fisheye,"orphan on detector '8': orphan pulse duration=4.597s window=[1785714768.417, 1785714783.014]",8:31:42,1,7cb40a78169342dca38bc79b5f1e937d
1785714823.309,2026-08-02 17:53:43.309151,201,9d813208a9fe45c69f28ce9ca5d4f98e,start,rule1_continuous_disagreement,30:41,41,30,radar,video,1785714818.277,,5.032,300.0,fisheye,"detector '30' ON, detector '41' OFF for 5.032s (threshold=5.0s)",3:30:41,0,
1785714825.839,2026-08-02 17:53:45.838761,201,beb12470d94b46f58a1df29f1aeed286,start,rule1_continuous_disagreement,3:41,3,41,video,radar,1785714820.791,,5.048,300.0,fisheye,"detector '3' ON, detector '41' OFF for 5.048s (threshold=5.0s)",3:30:41,0,
1785714845.907,2026-08-02 17:54:05.906799,201,9d813208a9fe45c69f28ce9ca5d4f98e,stop,rule1_continuous_disagreement,30:41,41,30,radar,video,,,0.0,300.0,fisheye,Rule 1 recording stopped after 5.0s post-roll,3:30:41,0,
1785714845.911,2026-08-02 17:54:05.911173,201,beb12470d94b46f58a1df29f1aeed286,stop,rule1_continuous_disagreement,3:41,3,41,video,radar,,,0.0,300.0,fisheye,Rule 1 recording stopped after 5.0s post-roll,3:30:41,0,
1785714873.541,2026-08-02 17:54:33.541027,201,9630cc1479524c6282c3de4d73860613,start,rule2_orphan_pulse,42:8,8,42,video,radar,1785714864.357,1785714868.503,4.145,19.145,fisheye,"orphan on detector '8': orphan pulse duration=4.145s window=[1785714859.357, 1785714873.503]",8:31:42,0,
1785714882.633,2026-08-02 17:54:42.632778,201,031463d6c1574483b109e50d07a28f64,start,rule2_orphan_pulse,42:8,8,42,video,radar,1785714873.062,1785714877.541,4.479,19.479,fisheye,"orphan on detector '8': orphan pulse duration=4.479s window=[1785714868.062, 1785714882.541]",8:31:42,0,
1785714883.943,2026-08-02 17:54:43.943350,201,b60554ecf1254f08aadab3c0fc59c6eb,stop,rule1_continuous_disagreement,22:39,39,22,radar,video,,,0.0,300.0,fisheye,Rule 1 recording stopped after 5.0s post-roll,4:22:39,0,
1785714915.212,2026-08-02 17:55:15.211719,201,64a13cf454b0443a9982a8cfbb807c89,start,rule1_continuous_disagreement,31:42,42,31,radar,video,1785714910.163,,5.049,300.0,fisheye,"detector '31' ON, detector '42' OFF for 5.049s (threshold=5.0s)",8:31:42,0,
1785714929.037,2026-08-02 17:55:29.036786,201,64a13cf454b0443a9982a8cfbb807c89,stop,rule1_continuous_disagreement,31:42,42,31,radar,video,,,0.0,300.0,fisheye,Rule 1 recording stopped after 5.0s post-roll,8:31:42,0,
1785715082.824,2026-08-02 17:58:02.823961,201,486ae2f0d46b4abca9d13a6c620882fb,start,rule1_continuous_disagreement,31:8,31,8,video,video,1785715077.786,,5.038,300.0,fisheye,"detector '8' ON, detector '31' OFF for 5.038s (threshold=5.0s)",8:31:42,0,
1785715082.826,2026-08-02 17:58:02.826497,201,23ce4ad932df4a878c0c5ab2ef9270d0,start,rule1_continuous_disagreement,42:8,8,42,video,radar,1785715077.786,,5.04,300.0,fisheye,"detector '8' ON, detector '42' OFF for 5.04s (threshold=5.0s)",8:31:42,1,486ae2f0d46b4abca9d13a6c620882fb
1785715087.974,2026-08-02 17:58:07.974160,201,486ae2f0d46b4abca9d13a6c620882fb,stop,rule1_continuous_disagreement,31:8,31,8,video,video,,,0.0,300.0,fisheye,Rule 1 recording stopped after 5.0s post-roll,8:31:42,0,
1785715091.910,2026-08-02 17:58:11.909739,201,564c8d8d07f94690b9ed7aba6a483493,start,rule1_continuous_disagreement,22:39,39,22,radar,video,1785715086.867,,5.043,300.0,fisheye,"detector '39' ON, detector '22' OFF for 5.043s (threshold=5.0s)",4:22:39,0,
1785715091.912,2026-08-02 17:58:11.911747,201,d897add37df64f41a660e10785c6da43,start,rule1_continuous_disagreement,39:4,4,39,video,radar,1785715086.867,,5.045,300.0,fisheye,"detector '39' ON, detector '4' OFF for 5.045s (threshold=5.0s)",4:22:39,1,564c8d8d07f94690b9ed7aba6a483493
1785715097.161,2026-08-02 17:58:17.161314,201,564c8d8d07f94690b9ed7aba6a483493,stop,rule1_continuous_disagreement,22:39,39,22,radar,video,,,0.0,300.0,fisheye,Rule 1 recording stopped after 5.0s post-roll,4:22:39,0,
1785715131.478,2026-08-02 17:58:51.477817,201,5bba92c318d6446db5e05a2f6c65a2b5,start,rule2_orphan_pulse,17:2,17,2,video,video,1785715124.713,1785715126.381,1.668,16.668,fisheye,"orphan on detector '2': orphan pulse duration=1.668s window=[1785715119.713, 1785715131.381]",2:17:46,0,
1785715131.481,2026-08-02 17:58:51.481063,201,90065611e55b4086955fe42641309a29,start,rule2_orphan_pulse,2:46,2,46,video,radar,1785715124.713,1785715126.381,1.668,16.668,fisheye,"orphan on detector '2': orphan pulse duration=1.668s window=[1785715119.713, 1785715131.381]",2:17:46,1,5bba92c318d6446db5e05a2f6c65a2b5
1785715197.680,2026-08-02 17:59:57.680054,201,2e63c4bee11249b58df3e33796abbdcd,start,rule2_orphan_pulse,29:43,43,29,radar,video,1785715191.272,1785715192.580,1.309,16.309,fisheye,"orphan on detector '43': orphan pulse duration=1.309s window=[1785715186.272, 1785715197.580]",29:43,0,
1785715270.724,2026-08-02 18:01:10.724143,201,c04ad03ebb1646849afa89fcb22346e2,start,rule2_orphan_pulse,42:8,8,42,video,radar,1785715261.069,1785715265.641,4.572,19.572,fisheye,"orphan on detector '8': orphan pulse duration=4.572s window=[1785715256.069, 1785715270.641]",8:31:42,0,
1785715277.583,2026-08-02 18:01:17.582905,201,d1d284c601c34a79be473c6d6cfd546d,start,rule2_orphan_pulse,30:41,41,30,radar,video,1785715271.577,1785715272.555,0.978,15.978,fisheye,"orphan on detector '30': orphan pulse duration=0.978s window=[1785715266.577, 1785715277.555]",3:30:41,0,
1785715278.305,2026-08-02 18:01:18.305159,201,4c37217c42fe482195a0d553d4c95434,start,rule1_continuous_disagreement,22:39,39,22,radar,video,1785715273.248,,5.057,300.0,fisheye,"detector '39' ON, detector '22' OFF for 5.057s (threshold=5.0s)",4:22:39,0,
1785715278.314,2026-08-02 18:01:18.313663,201,58913a08228f4810a535292f0b5a2c75,start,rule1_continuous_disagreement,39:4,4,39,video,radar,1785715273.248,,5.066,300.0,fisheye,"detector '39' ON, detector '4' OFF for 5.066s (threshold=5.0s)",4:22:39,1,4c37217c42fe482195a0d553d4c95434
1785715278.618,2026-08-02 18:01:18.617515,201,be23361082de4f418b2675e97bf4a397,start,rule2_orphan_pulse,3:41,3,41,video,radar,1785715271.900,1785715273.568,1.668,16.668,fisheye,"orphan on detector '3': orphan pulse duration=1.668s window=[1785715266.900, 1785715278.568]",3:30:41,0,
1785715280.946,2026-08-02 18:01:20.945502,201,01af616b96464360ac0925fd28f2c71c,start,rule1_continuous_disagreement,31:8,31,8,video,video,1785715275.870,,5.076,300.0,fisheye,"detector '31' ON, detector '8' OFF for 5.076s (threshold=5.0s)",8:31:42,0,
1785715283.978,2026-08-02 18:01:23.977647,201,4c37217c42fe482195a0d553d4c95434,stop,rule1_continuous_disagreement,22:39,39,22,radar,video,,,0.0,300.0,fisheye,Rule 1 recording stopped after 5.0s post-roll,4:22:39,0,
1785715285.592,2026-08-02 18:01:25.592156,201,0d87d5223a444c44ab102e370e7a8e28,start,rule2_orphan_pulse,42:8,8,42,video,radar,1785715275.844,1785715280.547,4.703,19.703,fisheye,"orphan on detector '8': orphan pulse duration=4.703s window=[1785715270.844, 1785715285.547]",8:31:42,0,
1785715286.302,2026-08-02 18:01:26.301905,201,530725787ab7478bbac1c55d112256f4,start,rule2_orphan_pulse,31:42,42,31,radar,video,1785715280.549,1785715281.211,0.663,15.663,fisheye,"orphan on detector '31': orphan pulse duration=0.663s window=[1785715275.549, 1785715286.211]",8:31:42,1,0d87d5223a444c44ab102e370e7a8e28
1785715286.302,2026-08-02 18:01:26.301905,201,01af616b96464360ac0925fd28f2c71c,stop,rule1_continuous_disagreement,31:8,31,8,video,video,,,0.0,300.0,fisheye,Rule 1 recording stopped after 5.1s post-roll,8:31:42,0,
1785715307.379,2026-08-02 18:01:47.379434,201,8ab236426808417291fdd4e6d309e4be,start,rule2_orphan_pulse,31:42,42,31,radar,video,1785715300.912,1785715302.288,1.376,16.375999999999998,fisheye,"orphan on detector '31': orphan pulse duration=1.376s window=[1785715295.912, 1785715307.288]",8:31:42,0,
1785715322.091,2026-08-02 18:02:02.090630,201,b556632501a740968fdc14c18d90171a,start,rule2_orphan_pulse,22:39,39,22,radar,video,1785715314.852,1785715317.015,2.164,17.164,fisheye,"orphan on detector '39': orphan pulse duration=2.164s window=[1785715309.852, 1785715322.015]",4:22:39,0,
1785715322.095,2026-08-02 18:02:02.095221,201,4990a9bb8bd349b99c309e10bcc38782,start,rule2_orphan_pulse,39:4,4,39,video,radar,1785715314.852,1785715317.015,2.164,17.164,fisheye,"orphan on detector '39': orphan pulse duration=2.164s window=[1785715309.852, 1785715322.015]",4:22:39,1,b556632501a740968fdc14c18d90171a
1785715351.036,2026-08-02 18:02:31.035510,201,8f5d4d662d0f4d7bb73c2cb70fd2af73,start,rule1_continuous_disagreement,17:46,46,17,radar,video,1785715345.989,,5.047,300.0,fisheye,"detector '17' ON, detector '46' OFF for 5.047s (threshold=5.0s)",2:17:46,0,
1785715351.039,2026-08-02 18:02:31.038523,201,cff13f276e584e0292dfc23922810c9a,start,rule1_continuous_disagreement,2:46,2,46,video,radar,1785715345.989,,5.05,300.0,fisheye,"detector '2' ON, detector '46' OFF for 5.05s (threshold=5.0s)",2:17:46,1,8f5d4d662d0f4d7bb73c2cb70fd2af73
1785715371.000,2026-08-02 18:02:51.000450,201,f4cbb99cbe2b486face9846bcd29fb4e,start,rule1_continuous_disagreement,31:42,42,31,radar,video,1785715365.964,,5.036,300.0,fisheye,"detector '42' ON, detector '31' OFF for 5.036s (threshold=5.0s)",8:31:42,0,
1785715371.005,2026-08-02 18:02:51.004855,201,8172ef8d76884208aea25970ec3fa198,start,rule1_continuous_disagreement,31:8,31,8,video,video,1785715365.965,,5.04,300.0,fisheye,"detector '8' ON, detector '31' OFF for 5.04s (threshold=5.0s)",8:31:42,1,f4cbb99cbe2b486face9846bcd29fb4e
1785715371.714,2026-08-02 18:02:51.713775,201,8f5d4d662d0f4d7bb73c2cb70fd2af73,stop,rule1_continuous_disagreement,17:46,46,17,radar,video,,,0.0,300.0,fisheye,Rule 1 recording stopped after 5.0s post-roll,2:17:46,0,
1785715387.151,2026-08-02 18:03:07.151406,201,0d101d64622a4c42abf2e214ae6cad62,start,rule1_continuous_disagreement,22:39,39,22,radar,video,1785715382.106,,5.045,300.0,fisheye,"detector '39' ON, detector '22' OFF for 5.045s (threshold=5.0s)",4:22:39,0,
1785715387.151,2026-08-02 18:03:07.151406,201,34be998d35964d6b9fee806c6d1d2992,start,rule1_continuous_disagreement,39:4,4,39,video,radar,1785715382.106,,5.045,300.0,fisheye,"detector '39' ON, detector '4' OFF for 5.045s (threshold=5.0s)",4:22:39,1,0d101d64622a4c42abf2e214ae6cad62
1785715405.105,2026-08-02 18:03:25.105102,201,f4cbb99cbe2b486face9846bcd29fb4e,stop,rule1_continuous_disagreement,31:42,42,31,radar,video,,,0.0,300.0,fisheye,Rule 1 recording stopped after 5.0s post-roll,8:31:42,0,
1785715436.751,2026-08-02 18:03:56.750975,201,d4b6b56100ed4a05a1a1751aeeda0a51,start,rule1_continuous_disagreement,17:46,46,17,radar,video,1785715431.719,,5.032,300.0,fisheye,"detector '17' ON, detector '46' OFF for 5.032s (threshold=5.0s)",2:17:46,0,
1785715436.751,2026-08-02 18:03:56.750975,201,5b0abda0b5e944829ea5c9ed2183b953,start,rule1_continuous_disagreement,2:46,2,46,video,radar,1785715431.719,,5.032,300.0,fisheye,"detector '2' ON, detector '46' OFF for 5.032s (threshold=5.0s)",2:17:46,1,d4b6b56100ed4a05a1a1751aeeda0a51
1785715441.488,2026-08-02 18:04:01.488361,201,0247a33c5f5d4cacbe6aed38b8d3a2d5,start,rule2_orphan_pulse,31:8,31,8,video,video,1785715431.638,1785715436.470,4.832,19.832,fisheye,"orphan on detector '8': orphan pulse duration=4.832s window=[1785715426.638, 1785715441.470]",8:31:42,0,
1785715441.490,2026-08-02 18:04:01.490391,201,dee6249e90bf4bc38dac171ff71a03a3,start,rule2_orphan_pulse,42:8,8,42,video,radar,1785715431.638,1785715436.470,4.832,19.832,fisheye,"orphan on detector '8': orphan pulse duration=4.832s window=[1785715426.638, 1785715441.470]",8:31:42,1,0247a33c5f5d4cacbe6aed38b8d3a2d5
1785715452.154,2026-08-02 18:04:12.154454,201,0d101d64622a4c42abf2e214ae6cad62,stop,rule1_continuous_disagreement,22:39,39,22,radar,video,,,0.0,300.0,fisheye,Rule 1 recording stopped after 5.0s post-roll,4:22:39,0,
1785715453.062,2026-08-02 18:04:13.061802,201,d4b6b56100ed4a05a1a1751aeeda0a51,stop,rule1_continuous_disagreement,17:46,46,17,radar,video,,,0.0,300.0,fisheye,Rule 1 recording stopped after 5.0s post-roll,2:17:46,0,
1785715480.291,2026-08-02 18:04:40.290596,201,93226136e7064f2fa1f14c2d1216d565,start,rule2_orphan_pulse,29:43,43,29,radar,video,1785715474.566,1785715475.210,0.644,15.644,fisheye,"orphan on detector '29': orphan pulse duration=0.644s window=[1785715469.566, 1785715480.210]",29:43,0,
1785715526.236,2026-08-02 18:05:26.236198,201,476bb53eccc8489f87007f6e192319a9,start,rule1_continuous_disagreement,31:8,31,8,video,video,1785715521.197,,5.039,300.0,fisheye,"detector '8' ON, detector '31' OFF for 5.039s (threshold=5.0s)",8:31:42,0,
1785715526.238,2026-08-02 18:05:26.238297,201,562759a59e28413785131baa7fd0aa8d,start,rule1_continuous_disagreement,42:8,8,42,video,radar,1785715521.197,,5.041,300.0,fisheye,"detector '8' ON, detector '42' OFF for 5.041s (threshold=5.0s)",8:31:42,1,476bb53eccc8489f87007f6e192319a9
1785715529.169,2026-08-02 18:05:29.168856,201,b920e8dfece846d885318ce5a5fc04ef,start,rule1_continuous_disagreement,22:39,39,22,radar,video,1785715524.120,,5.049,300.0,fisheye,"detector '39' ON, detector '22' OFF for 5.049s (threshold=5.0s)",4:22:39,0,
1785715529.169,2026-08-02 18:05:29.168856,201,8de3e0d23fbe41b8bbeb43206a8bfb82,start,rule1_continuous_disagreement,39:4,4,39,video,radar,1785715524.120,,5.049,300.0,fisheye,"detector '39' ON, detector '4' OFF for 5.049s (threshold=5.0s)",4:22:39,1,b920e8dfece846d885318ce5a5fc04ef
1785715531.692,2026-08-02 18:05:31.692279,201,476bb53eccc8489f87007f6e192319a9,stop,rule1_continuous_disagreement,31:8,31,8,video,video,,,0.0,300.0,fisheye,Rule 1 recording stopped after 5.0s post-roll,8:31:42,0,
1785715546.101,2026-08-02 18:05:46.100822,201,b920e8dfece846d885318ce5a5fc04ef,stop,rule1_continuous_disagreement,22:39,39,22,radar,video,,,0.0,300.0,fisheye,Rule 1 recording stopped after 5.0s post-roll,4:22:39,0,
1785715558.292,2026-08-02 18:05:58.291983,201,3fad831ca5124930b29331ded609217a,start,rule1_continuous_disagreement,30:41,41,30,radar,video,1785715553.256,,5.036,300.0,fisheye,"detector '41' ON, detector '30' OFF for 5.036s (threshold=5.0s)",3:30:41,0,
1785715560.311,2026-08-02 18:06:00.310530,201,f072f5591db645d4a3cef577deb2af77,start,rule1_continuous_disagreement,3:41,3,41,video,radar,1785715555.270,,5.041,300.0,fisheye,"detector '41' ON, detector '3' OFF for 5.041s (threshold=5.0s)",3:30:41,0,
1785715569.678,2026-08-02 18:06:09.678441,201,3fad831ca5124930b29331ded609217a,stop,rule1_continuous_disagreement,30:41,41,30,radar,video,,,0.0,300.0,fisheye,Rule 1 recording stopped after 5.0s post-roll,3:30:41,0,
1785715572.506,2026-08-02 18:06:12.505520,201,f072f5591db645d4a3cef577deb2af77,stop,rule1_continuous_disagreement,3:41,3,41,video,radar,,,0.0,300.0,fisheye,Rule 1 recording stopped after 5.0s post-roll,3:30:41,0,
1785715661.854,2026-08-02 18:07:41.854028,201,644ab5d32d8f4c3095f2fc30af011351,start,rule2_orphan_pulse,29:43,43,29,radar,video,1785715654.105,1785715656.806,2.701,17.701,fisheye,"orphan on detector '29': orphan pulse duration=2.701s window=[1785715649.105, 1785715661.806]",29:43,0,
1785715670.119,2026-08-02 18:07:50.119071,201,6be454896daa460f8742d07c508a8a66,start,rule1_continuous_disagreement,22:39,39,22,radar,video,1785715665.080,,5.039,300.0,fisheye,"detector '39' ON, detector '22' OFF for 5.039s (threshold=5.0s)",4:22:39,0,
1785715670.121,2026-08-02 18:07:50.121277,201,8be902f514304d589875be0703016417,start,rule1_continuous_disagreement,39:4,4,39,video,radar,1785715665.080,,5.041,300.0,fisheye,"detector '39' ON, detector '4' OFF for 5.041s (threshold=5.0s)",4:22:39,1,6be454896daa460f8742d07c508a8a66
1785715673.040,2026-08-02 18:07:53.039920,201,54ecf0f3eec14c42bb5fdf0ff64a42b9,start,rule2_orphan_pulse,29:43,43,29,radar,video,1785715667.013,1785715668.019,1.006,16.006,fisheye,"orphan on detector '29': orphan pulse duration=1.006s window=[1785715662.013, 1785715673.019]",29:43,0,
1785715826.139,2026-08-02 18:10:26.138588,201,6be454896daa460f8742d07c508a8a66,stop,rule1_continuous_disagreement,22:39,39,22,radar,video,,,0.0,300.0,fisheye,Rule 1 recording stopped after 5.0s post-roll,4:22:39,0,
1785715835.126,2026-08-02 18:10:35.125890,201,dd43a5101dea4bbb824e6da585f5b644,start,rule2_orphan_pulse,2:46,2,46,video,radar,1785715829.375,1785715830.029,0.654,15.654,fisheye,"orphan on detector '2': orphan pulse duration=0.654s window=[1785715824.375, 1785715835.029]",2:17:46,0,
1785715903.655,2026-08-02 18:11:43.654557,201,f1731e8eceef4336b095d7d35af30f32,start,rule1_continuous_disagreement,31:8,31,8,video,video,1785715898.619,,5.036,300.0,fisheye,"detector '8' ON, detector '31' OFF for 5.036s (threshold=5.0s)",8:31:42,0,
1785715903.660,2026-08-02 18:11:43.659667,201,95ffb02d43644bb1a54237e8d154306b,start,rule1_continuous_disagreement,42:8,8,42,video,radar,1785715898.618,,5.042,300.0,fisheye,"detector '8' ON, detector '42' OFF for 5.042s (threshold=5.0s)",8:31:42,1,f1731e8eceef4336b095d7d35af30f32
1785715909.100,2026-08-02 18:11:49.099842,201,f1731e8eceef4336b095d7d35af30f32,stop,rule1_continuous_disagreement,31:8,31,8,video,video,,,0.0,300.0,fisheye,Rule 1 recording stopped after 5.0s post-roll,8:31:42,0,
1785715998.542,2026-08-02 18:13:18.542058,201,ef954ddd4c284e9baf58233668192b59,start,rule1_continuous_disagreement,26:33,33,26,radar,video,1785715993.508,,5.034,300.0,fisheye,"detector '26' ON, detector '33' OFF for 5.034s (threshold=5.0s)",26:33,0,
1785716006.705,2026-08-02 18:13:26.705238,201,ef954ddd4c284e9baf58233668192b59,stop,rule1_continuous_disagreement,26:33,33,26,radar,video,,,0.0,300.0,fisheye,Rule 1 recording stopped after 5.0s post-roll,26:33,0,
1785716021.520,2026-08-02 18:13:41.519687,201,9d1a0a9c671c4df689be22365a4a1046,start,rule1_continuous_disagreement,31:8,31,8,video,video,1785716016.482,,5.038,300.0,fisheye,"detector '8' ON, detector '31' OFF for 5.038s (threshold=5.0s)",8:31:42,0,
1785716021.520,2026-08-02 18:13:41.519687,201,def2e135c11d424290c7043356ae55b7,start,rule1_continuous_disagreement,42:8,8,42,video,radar,1785716016.482,,5.038,300.0,fisheye,"detector '8' ON, detector '42' OFF for 5.038s (threshold=5.0s)",8:31:42,1,9d1a0a9c671c4df689be22365a4a1046
1785716029.082,2026-08-02 18:13:49.081645,201,9d1a0a9c671c4df689be22365a4a1046,stop,rule1_continuous_disagreement,31:8,31,8,video,video,,,0.0,300.0,fisheye,Rule 1 recording stopped after 5.0s post-roll,8:31:42,0,
1785716031.305,2026-08-02 18:13:51.305135,201,baddec565ce445c1be28622f97f81933,start,rule1_continuous_disagreement,22:39,39,22,radar,video,1785716026.259,,5.046,300.0,fisheye,"detector '22' ON, detector '39' OFF for 5.046s (threshold=5.0s)",4:22:39,0,
1785716031.309,2026-08-02 18:13:51.309461,201,567a4c5ae5f0448e878f0d0029565d66,start,rule1_continuous_disagreement,39:4,4,39,video,radar,1785716026.259,,5.05,300.0,fisheye,"detector '4' ON, detector '39' OFF for 5.05s (threshold=5.0s)",4:22:39,1,baddec565ce445c1be28622f97f81933
1785716031.311,2026-08-02 18:13:51.311455,201,3bb94474cdca44f3aaf17701a6a53d87,start,rule1_continuous_disagreement,38:7,7,38,video,radar,1785716026.259,,5.052,300.0,fisheye,"detector '38' ON, detector '7' OFF for 5.052s (threshold=5.0s)",7:24:38,0,
1785716038.361,2026-08-02 18:13:58.361087,201,baddec565ce445c1be28622f97f81933,stop,rule1_continuous_disagreement,22:39,39,22,radar,video,,,0.0,300.0,fisheye,Rule 1 recording stopped after 5.0s post-roll,4:22:39,0,
1785716038.771,2026-08-02 18:13:58.771121,201,3bb94474cdca44f3aaf17701a6a53d87,stop,rule1_continuous_disagreement,38:7,7,38,video,radar,,,0.0,300.0,fisheye,Rule 1 recording stopped after 5.0s post-roll,7:24:38,0,
1785716061.243,2026-08-02 18:14:21.242586,201,e5685d8c3ad24871830c77c32bd5d0fc,start,rule2_orphan_pulse,30:41,41,30,radar,video,1785716055.472,1785716056.145,0.674,15.674,fisheye,"orphan on detector '41': orphan pulse duration=0.674s window=[1785716050.472, 1785716061.145]",3:30:41,0,
1785716061.246,2026-08-02 18:14:21.245608,201,a58a2eae7075409da70c78fd0ddd5c3c,start,rule2_orphan_pulse,3:41,3,41,video,radar,1785716055.472,1785716056.145,0.674,15.674,fisheye,"orphan on detector '41': orphan pulse duration=0.674s window=[1785716050.472, 1785716061.145]",3:30:41,1,e5685d8c3ad24871830c77c32bd5d0fc
1785716070.309,2026-08-02 18:14:30.308689,201,e724d65f4a204bbd8a4755282dbf367c,start,rule1_continuous_disagreement,31:42,42,31,radar,video,1785716065.275,,5.034,300.0,fisheye,"detector '42' ON, detector '31' OFF for 5.034s (threshold=5.0s)",8:31:42,0,
1785716071.219,2026-08-02 18:14:31.218676,201,8c7ecfc413154687bdbb3a5f3f17133d,start,rule1_continuous_disagreement,42:8,8,42,video,radar,1785716066.181,,5.038,300.0,fisheye,"detector '42' ON, detector '8' OFF for 5.038s (threshold=5.0s)",8:31:42,1,e724d65f4a204bbd8a4755282dbf367c
1785716081.091,2026-08-02 18:14:41.090569,201,6f906fdd0ed243fd87bd8733a38f6f95,start,rule1_continuous_disagreement,22:39,39,22,radar,video,1785716076.054,,5.037,300.0,fisheye,"detector '39' ON, detector '22' OFF for 5.037s (threshold=5.0s)",4:22:39,0,
1785716103.451,2026-08-02 18:15:03.450920,201,1a49e9cd19cf4e39af426398a1a9ce21,start,rule1_continuous_disagreement,39:4,4,39,video,radar,1785716098.417,,5.034,300.0,fisheye,"detector '39' ON, detector '4' OFF for 5.034s (threshold=5.0s)",4:22:39,0,
1785716146.695,2026-08-02 18:15:46.695391,201,6f906fdd0ed243fd87bd8733a38f6f95,stop,rule1_continuous_disagreement,22:39,39,22,radar,video,,,0.0,300.0,fisheye,Rule 1 recording stopped after 5.0s post-roll,4:22:39,0,
1785716146.701,2026-08-02 18:15:46.701379,201,1a49e9cd19cf4e39af426398a1a9ce21,stop,rule1_continuous_disagreement,39:4,4,39,video,radar,,,0.0,300.0,fisheye,Rule 1 recording stopped after 5.0s post-roll,4:22:39,0,
1785716169.583,2026-08-02 18:16:09.582814,201,4e135cd82e664718a4231b32154c8930,start,rule2_orphan_pulse,22:39,39,22,radar,video,1785716161.156,1785716164.548,3.392,18.392,fisheye,"orphan on detector '22': orphan pulse duration=3.392s window=[1785716156.156, 1785716169.548]",4:22:39,0,
1785716170.594,2026-08-02 18:16:10.593783,201,126d007621144aeda3062057f1159d8b,start,rule2_orphan_pulse,39:4,4,39,video,radar,1785716163.185,1785716165.558,2.373,17.373,fisheye,"orphan on detector '4': orphan pulse duration=2.373s window=[1785716158.185, 1785716170.558]",4:22:39,0,
1785716215.244,2026-08-02 18:16:55.243974,201,e724d65f4a204bbd8a4755282dbf367c,stop,rule1_continuous_disagreement,31:42,42,31,radar,video,,,0.0,300.0,fisheye,Rule 1 recording stopped after 5.0s post-roll,8:31:42,0,
1785716228.358,2026-08-02 18:17:08.358325,201,62ffce1281604ffea1bd74275bc1c0d7,start,rule1_continuous_disagreement,29:43,43,29,radar,video,1785716223.315,,5.043,300.0,fisheye,"detector '43' ON, detector '29' OFF for 5.043s (threshold=5.0s)",29:43,0,
1785716228.363,2026-08-02 18:17:08.363377,201,2bdf91eaea3947d0aee0bd76b251fc79,start,rule1_continuous_disagreement,17:46,46,17,radar,video,1785716223.315,,5.048,300.0,fisheye,"detector '46' ON, detector '17' OFF for 5.048s (threshold=5.0s)",2:17:46,0,
1785716228.366,2026-08-02 18:17:08.366394,201,70d834e6711b4690b6e22d3f965123e8,start,rule1_continuous_disagreement,2:46,2,46,video,radar,1785716223.315,,5.051,300.0,fisheye,"detector '46' ON, detector '2' OFF for 5.051s (threshold=5.0s)",2:17:46,1,2bdf91eaea3947d0aee0bd76b251fc79
1785716228.368,2026-08-02 18:17:08.367646,201,5214852d79444f2f857f0a2bcd4e7759,start,rule1_continuous_disagreement,30:41,41,30,radar,video,1785716223.315,,5.053,300.0,fisheye,"detector '41' ON, detector '30' OFF for 5.053s (threshold=5.0s)",3:30:41,0,
1785716228.371,2026-08-02 18:17:08.370729,201,545cd2c5f9b642cf8f29b7221141d59d,start,rule1_continuous_disagreement,3:41,3,41,video,radar,1785716223.315,,5.056,300.0,fisheye,"detector '41' ON, detector '3' OFF for 5.056s (threshold=5.0s)",3:30:41,1,5214852d79444f2f857f0a2bcd4e7759
1785716228.371,2026-08-02 18:17:08.370729,201,8aa39deca71747f7a929d907d5e5bed3,start,rule1_continuous_disagreement,24:38,38,24,radar,video,1785716223.315,,5.056,300.0,fisheye,"detector '38' ON, detector '24' OFF for 5.056s (threshold=5.0s)",7:24:38,0,
1785716228.375,2026-08-02 18:17:08.375428,201,879d1cf799ab4e7b9deaeac5ded407bc,start,rule1_continuous_disagreement,38:7,7,38,video,radar,1785716223.314,,5.061,300.0,fisheye,"detector '38' ON, detector '7' OFF for 5.061s (threshold=5.0s)",7:24:38,1,8aa39deca71747f7a929d907d5e5bed3
1785716234.727,2026-08-02 18:17:14.726501,201,fc25aba024b14be49dbc72685fe26710,start,rule1_continuous_disagreement,22:39,39,22,radar,video,1785716229.690,,5.037,300.0,fisheye,"detector '39' ON, detector '22' OFF for 5.037s (threshold=5.0s)",4:22:39,0,
1785716235.637,2026-08-02 18:17:15.636656,201,20460f677d2d4566bf0ec77d724851da,start,rule1_continuous_disagreement,39:4,4,39,video,radar,1785716230.595,,5.042,300.0,fisheye,"detector '39' ON, detector '4' OFF for 5.042s (threshold=5.0s)",4:22:39,1,fc25aba024b14be49dbc72685fe26710
1785716265.756,2026-08-02 18:17:45.756368,201,62ffce1281604ffea1bd74275bc1c0d7,stop,rule1_continuous_disagreement,29:43,43,29,radar,video,,,0.0,300.0,fisheye,Rule 1 recording stopped after 5.0s post-roll,29:43,0,
1785716265.760,2026-08-02 18:17:45.760379,201,2bdf91eaea3947d0aee0bd76b251fc79,stop,rule1_continuous_disagreement,17:46,46,17,radar,video,,,0.0,300.0,fisheye,Rule 1 recording stopped after 5.0s post-roll,2:17:46,0,
1785716265.764,2026-08-02 18:17:45.764265,201,5214852d79444f2f857f0a2bcd4e7759,stop,rule1_continuous_disagreement,30:41,41,30,radar,video,,,0.0,300.0,fisheye,Rule 1 recording stopped after 5.0s post-roll,3:30:41,0,
1785716265.766,2026-08-02 18:17:45.766267,201,fc25aba024b14be49dbc72685fe26710,stop,rule1_continuous_disagreement,22:39,39,22,radar,video,,,0.0,300.0,fisheye,Rule 1 recording stopped after 5.0s post-roll,4:22:39,0,
1785716265.769,2026-08-02 18:17:45.769080,201,8aa39deca71747f7a929d907d5e5bed3,stop,rule1_continuous_disagreement,24:38,38,24,radar,video,,,0.0,300.0,fisheye,Rule 1 recording stopped after 5.1s post-roll,7:24:38,0,
1785716283.283,2026-08-02 18:18:03.282608,201,9fa19d16ac9a4d318561fe9172d3d568,start,rule1_continuous_disagreement,31:42,42,31,radar,video,1785716278.253,,5.03,300.0,fisheye,"detector '42' ON, detector '31' OFF for 5.03s (threshold=5.0s)",8:31:42,0,
1785716284.298,2026-08-02 18:18:04.297688,201,5e5674cf44e745b1a01d0f77616ddf18,start,rule1_continuous_disagreement,42:8,8,42,video,radar,1785716279.259,,5.039,300.0,fisheye,"detector '42' ON, detector '8' OFF for 5.039s (threshold=5.0s)",8:31:42,0,
1785716308.866,2026-08-02 18:18:28.866257,201,7473fd6328714b9591dc3bc0e75fca7b,start,rule1_continuous_disagreement,22:39,39,22,radar,video,1785716303.833,,5.033,300.0,fisheye,"detector '39' ON, detector '22' OFF for 5.033s (threshold=5.0s)",4:22:39,0,
1785716308.873,2026-08-02 18:18:28.872926,201,085369bcd16c4c188c7d82f38b8b8848,start,rule1_continuous_disagreement,22:4,22,4,video,video,1785716303.833,,5.04,300.0,fisheye,"detector '4' ON, detector '22' OFF for 5.04s (threshold=5.0s)",4:22:39,1,7473fd6328714b9591dc3bc0e75fca7b
1785716313.108,2026-08-02 18:18:33.107546,201,5e5674cf44e745b1a01d0f77616ddf18,stop,rule1_continuous_disagreement,42:8,8,42,video,radar,,,0.0,300.0,fisheye,Rule 1 recording stopped after 5.0s post-roll,8:31:42,0,
1785716324.517,2026-08-02 18:18:44.517019,201,e8fee6b7eec6466884b1cd427f636b00,start,rule2_orphan_pulse,30:41,41,30,radar,video,1785716315.780,1785716319.462,3.681,18.681,fisheye,"orphan on detector '41': orphan pulse duration=3.681s window=[1785716310.780, 1785716324.462]",3:30:41,0,
1785716330.870,2026-08-02 18:18:50.869699,201,3584bad94d974874b8bbd308074fed25,start,rule1_continuous_disagreement,39:4,4,39,video,radar,1785716325.831,,5.039,300.0,fisheye,"detector '39' ON, detector '4' OFF for 5.039s (threshold=5.0s)",4:22:39,0,
1785716368.148,2026-08-02 18:19:28.147788,201,9fa19d16ac9a4d318561fe9172d3d568,stop,rule1_continuous_disagreement,31:42,42,31,radar,video,,,0.0,300.0,fisheye,Rule 1 recording stopped after 5.0s post-roll,8:31:42,0,
1785716433.625,2026-08-02 18:20:33.625355,201,7473fd6328714b9591dc3bc0e75fca7b,stop,rule1_continuous_disagreement,22:39,39,22,radar,video,,,0.0,300.0,fisheye,Rule 1 recording stopped after 5.0s post-roll,4:22:39,0,
1785716433.631,2026-08-02 18:20:33.631117,201,3584bad94d974874b8bbd308074fed25,stop,rule1_continuous_disagreement,39:4,4,39,video,radar,,,0.0,300.0,fisheye,Rule 1 recording stopped after 5.0s post-roll,4:22:39,0,
1785716482.813,2026-08-02 18:21:22.813005,201,2cf37757540547e6a929e82758e47537,start,rule1_continuous_disagreement,30:41,41,30,radar,video,1785716477.768,,5.045,300.0,fisheye,"detector '30' ON, detector '41' OFF for 5.045s (threshold=5.0s)",3:30:41,0,
1785716484.737,2026-08-02 18:21:24.736514,201,d30beb4557fb49b0af9af3bf184ed510,start,rule1_continuous_disagreement,3:41,3,41,video,radar,1785716479.684,,5.053,300.0,fisheye,"detector '3' ON, detector '41' OFF for 5.053s (threshold=5.0s)",3:30:41,0,
1785716488.369,2026-08-02 18:21:28.368627,201,70be02cd8cfc4065abfece260a9de570,start,rule1_continuous_disagreement,26:33,33,26,radar,video,1785716483.322,,5.047,300.0,fisheye,"detector '26' ON, detector '33' OFF for 5.047s (threshold=5.0s)",26:33,0,
1785716494.121,2026-08-02 18:21:34.120758,201,70be02cd8cfc4065abfece260a9de570,stop,rule1_continuous_disagreement,26:33,33,26,radar,video,,,0.0,300.0,fisheye,Rule 1 recording stopped after 5.0s post-roll,26:33,0,
1785716494.525,2026-08-02 18:21:34.524683,201,2cf37757540547e6a929e82758e47537,stop,rule1_continuous_disagreement,30:41,41,30,radar,video,,,0.0,300.0,fisheye,Rule 1 recording stopped after 5.0s post-roll,3:30:41,0,
1785716494.527,2026-08-02 18:21:34.527225,201,d30beb4557fb49b0af9af3bf184ed510,stop,rule1_continuous_disagreement,3:41,3,41,video,radar,,,0.0,300.0,fisheye,Rule 1 recording stopped after 5.0s post-roll,3:30:41,0,
1785716539.991,2026-08-02 18:22:19.990577,201,cf606d9ab1284a279b2f9d19f7ef01f0,start,rule1_continuous_disagreement,22:39,39,22,radar,video,1785716534.948,,5.043,300.0,fisheye,"detector '39' ON, detector '22' OFF for 5.043s (threshold=5.0s)",4:22:39,0,
1785716539.992,2026-08-02 18:22:19.991711,201,4dfd1f1267724066b40e3b3824a04fec,start,rule1_continuous_disagreement,39:4,4,39,video,radar,1785716534.947,,5.045,300.0,fisheye,"detector '39' ON, detector '4' OFF for 5.045s (threshold=5.0s)",4:22:39,1,cf606d9ab1284a279b2f9d19f7ef01f0
1785716556.647,2026-08-02 18:22:36.647255,201,4316dc04e4104802bfc9166f48929195,start,rule1_continuous_disagreement,31:8,31,8,video,video,1785716551.606,,5.041,300.0,fisheye,"detector '8' ON, detector '31' OFF for 5.041s (threshold=5.0s)",8:31:42,0,
1785716556.652,2026-08-02 18:22:36.651947,201,7d5794d5b65c4fb4a01a8ba94eebe56c,start,rule1_continuous_disagreement,42:8,8,42,video,radar,1785716551.606,,5.046,300.0,fisheye,"detector '8' ON, detector '42' OFF for 5.046s (threshold=5.0s)",8:31:42,1,4316dc04e4104802bfc9166f48929195
1785716563.026,2026-08-02 18:22:43.026362,201,4316dc04e4104802bfc9166f48929195,stop,rule1_continuous_disagreement,31:8,31,8,video,video,,,0.0,300.0,fisheye,Rule 1 recording stopped after 5.1s post-roll,8:31:42,0,
1785716611.319,2026-08-02 18:23:31.319269,201,cf606d9ab1284a279b2f9d19f7ef01f0,stop,rule1_continuous_disagreement,22:39,39,22,radar,video,,,0.0,300.0,fisheye,Rule 1 recording stopped after 5.0s post-roll,4:22:39,0,
1785716611.926,2026-08-02 18:23:31.925902,201,bda5afdd3a4d467a998b5c07b06cd876,start,rule2_orphan_pulse,17:46,46,17,radar,video,1785716606.179,1785716606.847,0.668,15.668,fisheye,"orphan on detector '17': orphan pulse duration=0.668s window=[1785716601.179, 1785716611.847]",2:17:46,0,
1785716770.856,2026-08-02 18:26:10.855659,201,7139f5f6bbf54d9f98792ac5b297b632,start,rule1_continuous_disagreement,30:41,41,30,radar,video,1785716765.816,,5.04,300.0,fisheye,"detector '41' ON, detector '30' OFF for 5.04s (threshold=5.0s)",3:30:41,0,
1785716770.856,2026-08-02 18:26:10.855659,201,9e88499a5f6543dca08d26d2b6e777e5,start,rule1_continuous_disagreement,3:41,3,41,video,radar,1785716765.816,,5.04,300.0,fisheye,"detector '41' ON, detector '3' OFF for 5.04s (threshold=5.0s)",3:30:41,1,7139f5f6bbf54d9f98792ac5b297b632
1785716780.135,2026-08-02 18:26:20.134717,201,7139f5f6bbf54d9f98792ac5b297b632,stop,rule1_continuous_disagreement,30:41,41,30,radar,video,,,0.0,300.0,fisheye,Rule 1 recording stopped after 5.0s post-roll,3:30:41,0,
1785716802.903,2026-08-02 18:26:42.903375,201,c63a78d930de4f469474501cc281e841,start,rule1_continuous_disagreement,31:8,31,8,video,video,1785716797.860,,5.043,300.0,fisheye,"detector '8' ON, detector '31' OFF for 5.043s (threshold=5.0s)",8:31:42,0,
1785716802.907,2026-08-02 18:26:42.907483,201,e6492f8bee2f4bb88b8fce4ac545a70b,start,rule1_continuous_disagreement,42:8,8,42,video,radar,1785716797.860,,5.047,300.0,fisheye,"detector '8' ON, detector '42' OFF for 5.047s (threshold=5.0s)",8:31:42,1,c63a78d930de4f469474501cc281e841
1785716808.143,2026-08-02 18:26:48.142623,201,c63a78d930de4f469474501cc281e841,stop,rule1_continuous_disagreement,31:8,31,8,video,video,,,0.0,300.0,fisheye,Rule 1 recording stopped after 5.0s post-roll,8:31:42,0,
1785716880.010,2026-08-02 18:28:00.010370,201,0bbd3416d493458f82d6c60e579425c8,start,rule1_continuous_disagreement,31:8,31,8,video,video,1785716874.966,,5.044,300.0,fisheye,"detector '8' ON, detector '31' OFF for 5.044s (threshold=5.0s)",8:31:42,0,
1785716885.659,2026-08-02 18:28:05.659426,201,0bbd3416d493458f82d6c60e579425c8,stop,rule1_continuous_disagreement,31:8,31,8,video,video,,,0.0,300.0,fisheye,Rule 1 recording stopped after 5.0s post-roll,8:31:42,0,
1785716887.695,2026-08-02 18:28:07.694564,201,21a00b3275b14b7d8f22d7f51c67d078,start,rule1_continuous_disagreement,3:41,3,41,video,radar,1785716882.639,,5.056,300.0,fisheye,"detector '3' ON, detector '41' OFF for 5.056s (threshold=5.0s)",3:30:41,0,
1785716893.241,2026-08-02 18:28:13.240765,201,21a00b3275b14b7d8f22d7f51c67d078,stop,rule1_continuous_disagreement,3:41,3,41,video,radar,,,0.0,300.0,fisheye,Rule 1 recording stopped after 5.0s post-roll,3:30:41,0,
1785716974.531,2026-08-02 18:29:34.531372,201,0566e2c6a98d4ce7b41262540cbc6544,start,rule1_continuous_disagreement,30:41,41,30,radar,video,1785716969.486,,5.045,300.0,fisheye,"detector '30' ON, detector '41' OFF for 5.045s (threshold=5.0s)",3:30:41,0,
1785716974.533,2026-08-02 18:29:34.533455,201,6755bc397c4d4c89b84f5ec38553f7f6,start,rule1_continuous_disagreement,3:41,3,41,video,radar,1785716969.486,,5.047,300.0,fisheye,"detector '3' ON, detector '41' OFF for 5.047s (threshold=5.0s)",3:30:41,1,0566e2c6a98d4ce7b41262540cbc6544
1785717066.693,2026-08-02 18:31:06.693342,201,b268e8f0f9b443eb9f7ef5d2133e95a6,start,rule1_continuous_disagreement,22:39,39,22,radar,video,1785717061.658,,5.035,300.0,fisheye,"detector '39' ON, detector '22' OFF for 5.035s (threshold=5.0s)",4:22:39,0,
1785717066.701,2026-08-02 18:31:06.700592,201,c7a159434c3640bf80ee8fa023435beb,start,rule1_continuous_disagreement,39:4,4,39,video,radar,1785717061.658,,5.043,300.0,fisheye,"detector '39' ON, detector '4' OFF for 5.043s (threshold=5.0s)",4:22:39,1,b268e8f0f9b443eb9f7ef5d2133e95a6
1785717099.791,2026-08-02 18:31:39.791200,201,b268e8f0f9b443eb9f7ef5d2133e95a6,stop,rule1_continuous_disagreement,22:39,39,22,radar,video,,,0.0,300.0,fisheye,Rule 1 recording stopped after 5.0s post-roll,4:22:39,0,
1785717113.586,2026-08-02 18:31:53.586051,201,0566e2c6a98d4ce7b41262540cbc6544,stop,rule1_continuous_disagreement,30:41,41,30,radar,video,,,0.0,300.0,fisheye,Rule 1 recording stopped after 5.0s post-roll,3:30:41,0,
1785717307.586,2026-08-02 18:35:07.586206,201,38c96cd3048645cb8ac583ff7c038c13,start,rule1_continuous_disagreement,31:8,31,8,video,video,1785717302.544,,5.042,300.0,fisheye,"detector '8' ON, detector '31' OFF for 5.042s (threshold=5.0s)",8:31:42,0,
1785717307.592,2026-08-02 18:35:07.592065,201,5ad8740cfb4c4ee180de7a56a2551366,start,rule1_continuous_disagreement,42:8,8,42,video,radar,1785717302.544,,5.048,300.0,fisheye,"detector '8' ON, detector '42' OFF for 5.048s (threshold=5.0s)",8:31:42,1,38c96cd3048645cb8ac583ff7c038c13
1785717308.802,2026-08-02 18:35:08.802491,201,d098364fd03f4052b9272459e85c1cee,start,rule1_continuous_disagreement,30:41,41,30,radar,video,1785717303.752,,5.05,300.0,fisheye,"detector '30' ON, detector '41' OFF for 5.05s (threshold=5.0s)",3:30:41,0,
1785717308.802,2026-08-02 18:35:08.802491,201,fabb36f4f1d74b689413890e54f0dbde,start,rule1_continuous_disagreement,3:30,30,3,video,video,1785717303.752,,5.05,300.0,fisheye,"detector '30' ON, detector '3' OFF for 5.05s (threshold=5.0s)",3:30:41,1,d098364fd03f4052b9272459e85c1cee
1785717313.048,2026-08-02 18:35:13.047943,201,38c96cd3048645cb8ac583ff7c038c13,stop,rule1_continuous_disagreement,31:8,31,8,video,video,,,0.0,300.0,fisheye,Rule 1 recording stopped after 5.1s post-roll,8:31:42,0,
1785717346.739,2026-08-02 18:35:46.738934,201,d4f8c9df4b964b348ed085623f13e97a,start,rule1_continuous_disagreement,3:41,3,41,video,radar,1785717341.705,,5.034,300.0,fisheye,"detector '3' ON, detector '41' OFF for 5.034s (threshold=5.0s)",3:30:41,0,
1785717399.062,2026-08-02 18:36:39.061771,201,26f70d34bc92400699ffb0483f2800e3,start,rule1_continuous_disagreement,31:8,31,8,video,video,1785717394.020,,5.042,300.0,fisheye,"detector '8' ON, detector '31' OFF for 5.042s (threshold=5.0s)",8:31:42,0,
1785717404.311,2026-08-02 18:36:44.310695,201,a7032f717eb34aba9a531cadd27aaf1a,start,rule2_orphan_pulse,42:8,8,42,video,radar,1785717394.317,1785717399.273,4.956,19.956,fisheye,"orphan on detector '8': orphan pulse duration=4.956s window=[1785717389.317, 1785717404.273]",8:31:42,0,
1785717404.418,2026-08-02 18:36:44.417854,201,26f70d34bc92400699ffb0483f2800e3,stop,rule1_continuous_disagreement,31:8,31,8,video,video,,,0.0,300.0,fisheye,Rule 1 recording stopped after 5.1s post-roll,8:31:42,0,
1785717444.369,2026-08-02 18:37:24.369020,201,d098364fd03f4052b9272459e85c1cee,stop,rule1_continuous_disagreement,30:41,41,30,radar,video,,,0.0,300.0,fisheye,Rule 1 recording stopped after 5.0s post-roll,3:30:41,0,
1785717444.371,2026-08-02 18:37:24.371044,201,d4f8c9df4b964b348ed085623f13e97a,stop,rule1_continuous_disagreement,3:41,3,41,video,radar,,,0.0,300.0,fisheye,Rule 1 recording stopped after 5.1s post-roll,3:30:41,0,
1785717448.714,2026-08-02 18:37:28.714403,201,d4631174410d455480166f3f3c2c5fb6,start,rule2_orphan_pulse,29:43,43,29,radar,video,1785717442.291,1785717443.615,1.325,16.325,fisheye,"orphan on detector '29': orphan pulse duration=1.325s window=[1785717437.291, 1785717448.615]",29:43,0,
1785717467.061,2026-08-02 18:37:47.061115,201,01cf5aac90b74b51874eaff25897d18b,start,rule1_continuous_disagreement,22:39,39,22,radar,video,1785717462.020,,5.041,300.0,fisheye,"detector '39' ON, detector '22' OFF for 5.041s (threshold=5.0s)",4:22:39,0,
1785717467.063,2026-08-02 18:37:47.063120,201,7ddf072c8257495b8ef6580f81128e6e,start,rule1_continuous_disagreement,39:4,4,39,video,radar,1785717462.020,,5.043,300.0,fisheye,"detector '39' ON, detector '4' OFF for 5.043s (threshold=5.0s)",4:22:39,1,01cf5aac90b74b51874eaff25897d18b
1785717561.818,2026-08-02 18:39:21.818245,201,1dc1ac4e595c48b6b11e1cc7af47ba33,start,rule1_continuous_disagreement,31:8,31,8,video,video,1785717556.780,,5.038,300.0,fisheye,"detector '8' ON, detector '31' OFF for 5.038s (threshold=5.0s)",8:31:42,0,
1785717561.822,2026-08-02 18:39:21.822258,201,0973765fb0bb4157a290783f62ba8d0b,start,rule1_continuous_disagreement,42:8,8,42,video,radar,1785717556.780,,5.042,300.0,fisheye,"detector '8' ON, detector '42' OFF for 5.042s (threshold=5.0s)",8:31:42,1,1dc1ac4e595c48b6b11e1cc7af47ba33
1785717570.695,2026-08-02 18:39:30.694801,201,1dc1ac4e595c48b6b11e1cc7af47ba33,stop,rule1_continuous_disagreement,31:8,31,8,video,video,,,0.0,300.0,fisheye,Rule 1 recording stopped after 5.0s post-roll,8:31:42,0,
1785717598.330,2026-08-02 18:39:58.330424,201,0cd0ed77687b4a4d9759cbd5b40acf76,start,rule1_continuous_disagreement,3:30,30,3,video,video,1785717593.287,,5.043,300.0,fisheye,"detector '30' ON, detector '3' OFF for 5.043s (threshold=5.0s)",3:30:41,0,
1785717598.336,2026-08-02 18:39:58.335707,201,cc0d84a1fe854fa2b977021d08320fa0,start,rule1_continuous_disagreement,3:41,3,41,video,radar,1785717593.287,,5.049,300.0,fisheye,"detector '41' ON, detector '3' OFF for 5.049s (threshold=5.0s)",3:30:41,1,0cd0ed77687b4a4d9759cbd5b40acf76
1785717599.345,2026-08-02 18:39:59.344531,201,01cf5aac90b74b51874eaff25897d18b,stop,rule1_continuous_disagreement,22:39,39,22,radar,video,,,0.0,300.0,fisheye,Rule 1 recording stopped after 5.0s post-roll,4:22:39,0,
1785717622.857,2026-08-02 18:40:22.856998,201,0cd0ed77687b4a4d9759cbd5b40acf76,stop,rule1_continuous_disagreement,3:30,30,3,video,video,,,0.0,300.0,fisheye,Rule 1 recording stopped after 5.1s post-roll,3:30:41,0,
1785717767.373,2026-08-02 18:42:47.372686,201,da5f561ea5024f89851aeab9cff30b2e,start,rule1_continuous_disagreement,31:8,31,8,video,video,1785717762.329,,5.044,300.0,fisheye,"detector '8' ON, detector '31' OFF for 5.044s (threshold=5.0s)",8:31:42,0,
1785717767.377,2026-08-02 18:42:47.377433,201,93b43d0fb8de40378ad98628a75b50cb,start,rule1_continuous_disagreement,42:8,8,42,video,radar,1785717762.328,,5.049,300.0,fisheye,"detector '8' ON, detector '42' OFF for 5.049s (threshold=5.0s)",8:31:42,1,da5f561ea5024f89851aeab9cff30b2e
1785717772.526,2026-08-02 18:42:52.525832,201,da5f561ea5024f89851aeab9cff30b2e,stop,rule1_continuous_disagreement,31:8,31,8,video,video,,,0.0,300.0,fisheye,Rule 1 recording stopped after 5.0s post-roll,8:31:42,0,
1785717793.219,2026-08-02 18:43:13.218670,201,2d2063bc22aa4803b09c01d8752ae5b1,start,rule2_orphan_pulse,29:43,43,29,radar,video,1785717787.534,1785717788.195,0.661,15.661,fisheye,"orphan on detector '29': orphan pulse duration=0.661s window=[1785717782.534, 1785717793.195]",29:43,0,
1785717801.199,2026-08-02 18:43:21.199075,201,ebe780e5f3104cb8a9d0b9dcc35b52a9,start,rule1_continuous_disagreement,31:42,42,31,radar,video,1785717796.157,,5.042,300.0,fisheye,"detector '31' ON, detector '42' OFF for 5.042s (threshold=5.0s)",8:31:42,0,
1785717812.904,2026-08-02 18:43:32.904412,201,ebe780e5f3104cb8a9d0b9dcc35b52a9,stop,rule1_continuous_disagreement,31:42,42,31,radar,video,,,0.0,300.0,fisheye,Rule 1 recording stopped after 5.0s post-roll,8:31:42,0,
1785717866.051,2026-08-02 18:44:26.051248,201,2491b8c6a9144b53b851ba46aaebf4f4,start,rule2_orphan_pulse,3:30,30,3,video,video,1785717857.452,1785717861.006,3.553,18.553,fisheye,"orphan on detector '3': orphan pulse duration=3.553s window=[1785717852.452, 1785717866.006]",3:30:41,0,
1785717866.054,2026-08-02 18:44:26.053670,201,d1419ccd82764fad8020f4927df54e65,start,rule2_orphan_pulse,3:41,3,41,video,radar,1785717857.452,1785717861.006,3.553,18.553,fisheye,"orphan on detector '3': orphan pulse duration=3.553s window=[1785717852.452, 1785717866.006]",3:30:41,1,2491b8c6a9144b53b851ba46aaebf4f4
1785717866.759,2026-08-02 18:44:26.758817,201,d9a679dfaa7a4bb6bdca480a59b97f48,start,rule1_continuous_disagreement,31:8,31,8,video,video,1785717861.717,,5.042,300.0,fisheye,"detector '8' ON, detector '31' OFF for 5.042s (threshold=5.0s)",8:31:42,0,
1785717866.761,2026-08-02 18:44:26.761018,201,02d9a6e4c606405c9cc5faa47cfcd61f,start,rule1_continuous_disagreement,42:8,8,42,video,radar,1785717861.717,,5.044,300.0,fisheye,"detector '8' ON, detector '42' OFF for 5.044s (threshold=5.0s)",8:31:42,1,d9a679dfaa7a4bb6bdca480a59b97f48
1785717874.617,2026-08-02 18:44:34.617018,201,bb7a307deca84371ba425caa6c7df460,start,rule2_orphan_pulse,31:42,42,31,radar,video,1785717868.834,1785717869.537,0.703,15.703,fisheye,"orphan on detector '31': orphan pulse duration=0.703s window=[1785717863.834, 1785717874.537]",8:31:42,0,
1785717874.621,2026-08-02 18:44:34.621053,201,d9a679dfaa7a4bb6bdca480a59b97f48,stop,rule1_continuous_disagreement,31:8,31,8,video,video,,,0.0,300.0,fisheye,Rule 1 recording stopped after 5.0s post-roll,8:31:42,0,
1785717988.369,2026-08-02 18:46:28.369286,201,37b370a0f5b044e7ac15fbcc756f4411,start,rule2_orphan_pulse,29:43,43,29,radar,video,1785717982.022,1785717983.288,1.266,16.266,fisheye,"orphan on detector '29': orphan pulse duration=1.266s window=[1785717977.022, 1785717988.288]",29:43,0,
1785717995.641,2026-08-02 18:46:35.640725,201,2911f870c7934bb1b1e20f3b073c8437,start,rule2_orphan_pulse,30:41,41,30,radar,video,1785717989.538,1785717990.546,1.008,16.008,fisheye,"orphan on detector '41': orphan pulse duration=1.008s window=[1785717984.538, 1785717995.546]",3:30:41,0,
1785717995.645,2026-08-02 18:46:35.645338,201,889fef01149340bc93e82e1897ca3663,start,rule2_orphan_pulse,3:41,3,41,video,radar,1785717989.538,1785717990.546,1.008,16.008,fisheye,"orphan on detector '41': orphan pulse duration=1.008s window=[1785717984.538, 1785717995.546]",3:30:41,1,2911f870c7934bb1b1e20f3b073c8437
1785718002.513,2026-08-02 18:46:42.512522,201,6317e78ff90e423fbd8bc46b12336d36,start,rule2_orphan_pulse,29:43,43,29,radar,video,1785717996.817,1785717997.487,0.671,15.671,fisheye,"orphan on detector '29': orphan pulse duration=0.671s window=[1785717991.817, 1785718002.487]",29:43,0,
1785718004.231,2026-08-02 18:46:44.231464,201,d1787686d18040ef9cfbbe7943efada5,start,rule1_continuous_disagreement,31:42,42,31,radar,video,1785717999.184,,5.047,300.0,fisheye,"detector '42' ON, detector '31' OFF for 5.047s (threshold=5.0s)",8:31:42,0,
1785718004.542,2026-08-02 18:46:44.542378,201,dcb9ae90871e41d590590e3d5566b58c,start,rule1_continuous_disagreement,42:8,8,42,video,radar,1785717999.487,,5.055,300.0,fisheye,"detector '42' ON, detector '8' OFF for 5.055s (threshold=5.0s)",8:31:42,1,d1787686d18040ef9cfbbe7943efada5
1785718016.659,2026-08-02 18:46:56.658834,201,d1787686d18040ef9cfbbe7943efada5,stop,rule1_continuous_disagreement,31:42,42,31,radar,video,,,0.0,300.0,fisheye,Rule 1 recording stopped after 5.1s post-roll,8:31:42,0,
1785718218.326,2026-08-02 18:50:18.326037,201,1ce21b8312e74bedaa2d9262c5c6250b,start,rule2_orphan_pulse,30:41,41,30,radar,video,1785718211.604,1785718213.290,1.687,16.687,fisheye,"orphan on detector '30': orphan pulse duration=1.687s window=[1785718206.604, 1785718218.290]",3:30:41,0,
1785718219.643,2026-08-02 18:50:19.642581,201,eeabbc7d32ba49cdaa4a2eabba60c48a,start,rule2_orphan_pulse,3:41,3,41,video,radar,1785718213.290,1785718214.608,1.317,16.317,fisheye,"orphan on detector '3': orphan pulse duration=1.317s window=[1785718208.290, 1785718219.608]",3:30:41,0,
1785718290.082,2026-08-02 18:51:30.081674,201,f933bb46631840ef8059405495ae964a,start,rule1_continuous_disagreement,42:8,8,42,video,radar,1785718285.034,,5.048,300.0,fisheye,"detector '8' ON, detector '42' OFF for 5.048s (threshold=5.0s)",8:31:42,0,
1785718295.428,2026-08-02 18:51:35.428262,201,f933bb46631840ef8059405495ae964a,stop,rule1_continuous_disagreement,42:8,8,42,video,radar,,,0.0,300.0,fisheye,Rule 1 recording stopped after 5.0s post-roll,8:31:42,0,
1785718386.234,2026-08-02 18:53:06.233764,201,cba8ae880d3547ab9e269966db118abc,start,rule2_orphan_pulse,29:43,43,29,radar,video,1785718379.579,1785718381.233,1.654,16.654,fisheye,"orphan on detector '29': orphan pulse duration=1.654s window=[1785718374.579, 1785718386.233]",29:43,0,
1785718391.594,2026-08-02 18:53:11.593615,201,dc4e25f0f01a4e5795bc56a8e7747377,start,rule2_orphan_pulse,17:46,46,17,radar,video,1785718385.523,1785718386.506,0.983,15.983,fisheye,"orphan on detector '17': orphan pulse duration=0.983s window=[1785718380.523, 1785718391.506]",2:17:46,0,
1785718398.760,2026-08-02 18:53:18.760139,201,5a26785518084d60a0c75b4302aabc48,start,rule2_orphan_pulse,29:43,43,29,radar,video,1785718391.455,1785718393.735,2.28,17.28,fisheye,"orphan on detector '29': orphan pulse duration=2.28s window=[1785718386.455, 1785718398.735]",29:43,0,
1785718631.042,2026-08-02 18:57:11.041912,201,48ab4c72deb0495db9f12960c3e9e903,start,rule1_continuous_disagreement,17:46,46,17,radar,video,1785718626.004,,5.038,300.0,fisheye,"detector '17' ON, detector '46' OFF for 5.038s (threshold=5.0s)",2:17:46,0,
1785718631.049,2026-08-02 18:57:11.048755,201,ce7aa5f18e2f4a8d8449260a3791ab38,start,rule1_continuous_disagreement,2:46,2,46,video,radar,1785718626.004,,5.045,300.0,fisheye,"detector '2' ON, detector '46' OFF for 5.045s (threshold=5.0s)",2:17:46,1,48ab4c72deb0495db9f12960c3e9e903
1785718690.394,2026-08-02 18:58:10.394492,201,9ed3a35d45804bcb8c2258b9c070d124,start,rule2_orphan_pulse,31:8,31,8,video,video,1785718680.592,1785718685.368,4.776,19.776,fisheye,"orphan on detector '8': orphan pulse duration=4.776s window=[1785718675.592, 1785718690.368]",8:31:42,0,
1785718690.396,2026-08-02 18:58:10.396500,201,f4c0dd90247a4ec0a0dc20701c02a667,start,rule2_orphan_pulse,42:8,8,42,video,radar,1785718680.592,1785718685.368,4.776,19.776,fisheye,"orphan on detector '8': orphan pulse duration=4.776s window=[1785718675.592, 1785718690.368]",8:31:42,1,9ed3a35d45804bcb8c2258b9c070d124
1785718697.455,2026-08-02 18:58:17.454686,201,af93cc64996c4c26b4fd34752137ac90,start,rule2_orphan_pulse,3:41,3,41,video,radar,1785718691.454,1785718692.417,0.963,15.963000000000001,fisheye,"orphan on detector '3': orphan pulse duration=0.963s window=[1785718686.454, 1785718697.417]",3:30:41,0,
1785718704.006,2026-08-02 18:58:24.006051,201,48ab4c72deb0495db9f12960c3e9e903,stop,rule1_continuous_disagreement,17:46,46,17,radar,video,,,0.0,300.0,fisheye,Rule 1 recording stopped after 5.0s post-roll,2:17:46,0,
1785718755.722,2026-08-02 18:59:15.721554,201,918a7ad7ea7840739274274a52c83b19,start,rule1_continuous_disagreement,31:8,31,8,video,video,1785718750.693,,5.029,300.0,fisheye,"detector '8' ON, detector '31' OFF for 5.029s (threshold=5.0s)",8:31:42,0,
1785718755.723,2026-08-02 18:59:15.722594,201,9248493c5c30480089eb624f5669558e,start,rule1_continuous_disagreement,42:8,8,42,video,radar,1785718750.693,,5.03,300.0,fisheye,"detector '8' ON, detector '42' OFF for 5.03s (threshold=5.0s)",8:31:42,1,918a7ad7ea7840739274274a52c83b19
1785718756.339,2026-08-02 18:59:16.338610,201,0cb31ea09f414a499bd85c2f61b1b363,start,rule1_continuous_disagreement,22:39,39,22,radar,video,1785718751.296,,5.043,300.0,fisheye,"detector '39' ON, detector '22' OFF for 5.043s (threshold=5.0s)",4:22:39,0,
1785718756.344,2026-08-02 18:59:16.344222,201,c03c3dec7af6497c95f67b9f0b076635,start,rule1_continuous_disagreement,39:4,4,39,video,radar,1785718751.295,,5.049,300.0,fisheye,"detector '39' ON, detector '4' OFF for 5.049s (threshold=5.0s)",4:22:39,1,0cb31ea09f414a499bd85c2f61b1b363
1785718761.084,2026-08-02 18:59:21.083516,201,918a7ad7ea7840739274274a52c83b19,stop,rule1_continuous_disagreement,31:8,31,8,video,video,,,0.0,300.0,fisheye,Rule 1 recording stopped after 5.0s post-roll,8:31:42,0,
1785718767.938,2026-08-02 18:59:27.937871,201,d18823dcac7b4af097ac096792b6d64f,start,rule1_continuous_disagreement,30:41,41,30,radar,video,1785718762.897,,5.041,300.0,fisheye,"detector '30' ON, detector '41' OFF for 5.041s (threshold=5.0s)",3:30:41,0,
1785718767.938,2026-08-02 18:59:27.937871,201,194bad3334f74e0ba1bdc9fd47e63037,start,rule1_continuous_disagreement,3:41,3,41,video,radar,1785718762.897,,5.041,300.0,fisheye,"detector '3' ON, detector '41' OFF for 5.041s (threshold=5.0s)",3:30:41,1,d18823dcac7b4af097ac096792b6d64f
1785718772.575,2026-08-02 18:59:32.575278,201,2eb5938f1c2641c7aea0a41e94791971,start,rule1_continuous_disagreement,42:8,8,42,video,radar,1785718767.535,,5.04,300.0,fisheye,"detector '8' ON, detector '42' OFF for 5.04s (threshold=5.0s)",8:31:42,0,
1785718778.311,2026-08-02 18:59:38.311143,201,2eb5938f1c2641c7aea0a41e94791971,stop,rule1_continuous_disagreement,42:8,8,42,video,radar,,,0.0,300.0,fisheye,Rule 1 recording stopped after 5.0s post-roll,8:31:42,0,
1785718779.019,2026-08-02 18:59:39.019025,201,9afb92447deb4adeb4bfd3d57ae0d65c,start,rule1_continuous_disagreement,17:46,46,17,radar,video,1785718773.986,,5.033,300.0,fisheye,"detector '17' ON, detector '46' OFF for 5.033s (threshold=5.0s)",2:17:46,0,
1785718779.023,2026-08-02 18:59:39.022633,201,85d6016e119c41cea5b7d0f18bf80b2d,start,rule1_continuous_disagreement,2:46,2,46,video,radar,1785718773.986,,5.037,300.0,fisheye,"detector '2' ON, detector '46' OFF for 5.037s (threshold=5.0s)",2:17:46,1,9afb92447deb4adeb4bfd3d57ae0d65c
1785718779.627,2026-08-02 18:59:39.627073,201,d065b613cd7d4104a0bb5471c5e66729,start,rule2_orphan_pulse,31:42,42,31,radar,video,1785718773.937,1785718774.594,0.657,15.657,fisheye,"orphan on detector '31': orphan pulse duration=0.657s window=[1785718768.937, 1785718779.594]",8:31:42,0,
1785718787.186,2026-08-02 18:59:47.185870,201,2be2c69d71634d2183ec3b37f26e7551,start,rule2_orphan_pulse,29:43,43,29,radar,video,1785718780.843,1785718782.138,1.295,16.295,fisheye,"orphan on detector '29': orphan pulse duration=1.295s window=[1785718775.843, 1785718787.138]",29:43,0,
1785718787.188,2026-08-02 18:59:47.188366,201,307206e65c7f4124818d6039636f4fff,start,rule1_continuous_disagreement,3:30,30,3,video,video,1785718782.146,,5.042,300.0,fisheye,"detector '3' ON, detector '30' OFF for 5.042s (threshold=5.0s)",3:30:41,0,
1785718796.861,2026-08-02 18:59:56.860586,201,9afb92447deb4adeb4bfd3d57ae0d65c,stop,rule1_continuous_disagreement,17:46,46,17,radar,video,,,0.0,300.0,fisheye,Rule 1 recording stopped after 5.0s post-roll,2:17:46,0,
1785718798.175,2026-08-02 18:59:58.175355,201,d18823dcac7b4af097ac096792b6d64f,stop,rule1_continuous_disagreement,30:41,41,30,radar,video,,,0.0,300.0,fisheye,Rule 1 recording stopped after 5.0s post-roll,3:30:41,0,
1785718798.180,2026-08-02 18:59:58.180428,201,307206e65c7f4124818d6039636f4fff,stop,rule1_continuous_disagreement,3:30,30,3,video,video,,,0.0,300.0,fisheye,Rule 1 recording stopped after 5.0s post-roll,3:30:41,0,
1785718810.458,2026-08-02 19:00:10.457897,201,7e4efe258b3742ee86bb2243559160ab,start,rule1_continuous_disagreement,42:8,8,42,video,radar,1785718805.428,,5.03,300.0,fisheye,"detector '8' ON, detector '42' OFF for 5.03s (threshold=5.0s)",8:31:42,0,
1785718816.607,2026-08-02 19:00:16.607056,201,0afdce3afba2461abb9f76015146561a,start,rule2_orphan_pulse,31:42,42,31,radar,video,1785718809.955,1785718811.551,1.596,16.596,fisheye,"orphan on detector '31': orphan pulse duration=1.596s window=[1785718804.955, 1785718816.551]",8:31:42,0,
1785718818.222,2026-08-02 19:00:18.222203,201,7e4efe258b3742ee86bb2243559160ab,stop,rule1_continuous_disagreement,42:8,8,42,video,radar,,,0.0,300.0,fisheye,Rule 1 recording stopped after 5.0s post-roll,8:31:42,0,
1785718876.554,2026-08-02 19:01:16.554134,201,0cb31ea09f414a499bd85c2f61b1b363,stop,rule1_continuous_disagreement,22:39,39,22,radar,video,,,0.0,300.0,fisheye,Rule 1 recording stopped after 5.0s post-roll,4:22:39,0,
1785718896.620,2026-08-02 19:01:36.620467,201,1e316ae211154b53a4dda4a1bc3841e7,start,rule2_orphan_pulse,29:43,43,29,radar,video,1785718890.585,1785718891.599,1.014,16.014,fisheye,"orphan on detector '29': orphan pulse duration=1.014s window=[1785718885.585, 1785718896.599]",29:43,0,
1785718904.698,2026-08-02 19:01:44.697612,201,334ceb766e9041408aa0fc97efc47d07,start,rule2_orphan_pulse,29:43,43,29,radar,video,1785718898.605,1785718899.603,0.999,15.998999999999999,fisheye,"orphan on detector '29': orphan pulse duration=0.999s window=[1785718893.605, 1785718904.603]",29:43,0,
1785719051.186,2026-08-02 19:04:11.186463,201,1f664e027df34756901cd116309565c5,start,rule1_continuous_disagreement,26:33,33,26,radar,video,1785719046.142,,5.044,300.0,fisheye,"detector '26' ON, detector '33' OFF for 5.044s (threshold=5.0s)",26:33,0,
1785719063.691,2026-08-02 19:04:23.690807,201,1f664e027df34756901cd116309565c5,stop,rule1_continuous_disagreement,26:33,33,26,radar,video,,,0.0,300.0,fisheye,Rule 1 recording stopped after 5.0s post-roll,26:33,0,
1785719068.247,2026-08-02 19:04:28.247476,201,a23e4d53c99a4f5e9b1b40569b8979f5,start,rule2_orphan_pulse,31:8,31,8,video,video,1785719058.921,1785719063.167,4.246,19.246000000000002,fisheye,"orphan on detector '8': orphan pulse duration=4.246s window=[1785719053.921, 1785719068.167]",8:31:42,0,
1785719072.080,2026-08-02 19:04:32.080456,201,621ab70c3fa84635baa02daa9c2e2da9,start,rule2_orphan_pulse,30:41,41,30,radar,video,1785719065.100,1785719067.021,1.921,16.921,fisheye,"orphan on detector '30': orphan pulse duration=1.921s window=[1785719060.100, 1785719072.021]",3:30:41,0,
1785719073.393,2026-08-02 19:04:33.392780,201,c6c91af781964988b106aa18ad06eb3d,start,rule2_orphan_pulse,3:41,3,41,video,radar,1785719067.021,1785719068.356,1.335,16.335,fisheye,"orphan on detector '3': orphan pulse duration=1.335s window=[1785719062.021, 1785719073.356]",3:30:41,0,
1785719197.421,2026-08-02 19:06:37.420901,201,f677aaf73b8f42b8be44830e1a98a605,start,rule1_continuous_disagreement,22:39,39,22,radar,video,1785719192.384,,5.037,300.0,fisheye,"detector '39' ON, detector '22' OFF for 5.037s (threshold=5.0s)",4:22:39,0,
1785719197.421,2026-08-02 19:06:37.420901,201,be27b2282782414bb09497af6ac2f318,start,rule1_continuous_disagreement,39:4,4,39,video,radar,1785719192.384,,5.037,300.0,fisheye,"detector '39' ON, detector '4' OFF for 5.037s (threshold=5.0s)",4:22:39,1,f677aaf73b8f42b8be44830e1a98a605
1785719219.340,2026-08-02 19:06:59.340151,201,80a66367ec08488481ca08703c60e5fb,start,rule2_orphan_pulse,24:38,38,24,radar,video,1785719213.657,1785719214.337,0.68,15.68,fisheye,"orphan on detector '24': orphan pulse duration=0.68s window=[1785719208.657, 1785719219.337]",7:24:38,0,
1785719219.747,2026-08-02 19:06:59.747433,201,384f1395d6754162aa95444d3996b0e3,start,rule2_orphan_pulse,38:7,7,38,video,radar,1785719214.001,1785719214.686,0.686,15.686,fisheye,"orphan on detector '7': orphan pulse duration=0.686s window=[1785719209.001, 1785719219.686]",7:24:38,1,80a66367ec08488481ca08703c60e5fb
1785719249.924,2026-08-02 19:07:29.924151,201,f677aaf73b8f42b8be44830e1a98a605,stop,rule1_continuous_disagreement,22:39,39,22,radar,video,,,0.0,300.0,fisheye,Rule 1 recording stopped after 5.0s post-roll,4:22:39,0,
1785719283.603,2026-08-02 19:08:03.602858,201,5529b465fcc247199acf54f6c864a44e,start,rule1_continuous_disagreement,31:8,31,8,video,video,1785719278.572,,5.031,300.0,fisheye,"detector '8' ON, detector '31' OFF for 5.031s (threshold=5.0s)",8:31:42,0,
1785719283.607,2026-08-02 19:08:03.606717,201,92093208546e4d5d82d063c5ac5840fe,start,rule1_continuous_disagreement,42:8,8,42,video,radar,1785719278.572,,5.035,300.0,fisheye,"detector '8' ON, detector '42' OFF for 5.035s (threshold=5.0s)",8:31:42,1,5529b465fcc247199acf54f6c864a44e
1785719293.281,2026-08-02 19:08:13.280782,201,5529b465fcc247199acf54f6c864a44e,stop,rule1_continuous_disagreement,31:8,31,8,video,video,,,0.0,300.0,fisheye,Rule 1 recording stopped after 5.0s post-roll,8:31:42,0,
1785719385.968,2026-08-02 19:09:45.968044,201,a46563b1af964ac1bcf43740412c2d60,start,rule1_continuous_disagreement,30:41,41,30,radar,video,1785719380.932,,5.036,300.0,fisheye,"detector '30' ON, detector '41' OFF for 5.036s (threshold=5.0s)",3:30:41,0,
1785719385.973,2026-08-02 19:09:45.973189,201,87ac8a1ed7ed4175bc62ef166be27387,start,rule1_continuous_disagreement,3:41,3,41,video,radar,1785719380.932,,5.041,300.0,fisheye,"detector '3' ON, detector '41' OFF for 5.041s (threshold=5.0s)",3:30:41,1,a46563b1af964ac1bcf43740412c2d60
1785719400.393,2026-08-02 19:10:00.392950,201,1fb91b37fb1c4912a1f89fc3f28450f9,start,rule2_orphan_pulse,31:8,31,8,video,video,1785719391.467,1785719395.386,3.919,18.919,fisheye,"orphan on detector '8': orphan pulse duration=3.919s window=[1785719386.467, 1785719400.386]",8:31:42,0,
1785719400.396,2026-08-02 19:10:00.396086,201,a62b0b64c76d4fff9ff892bee526b983,start,rule2_orphan_pulse,42:8,8,42,video,radar,1785719391.467,1785719395.386,3.919,18.919,fisheye,"orphan on detector '8': orphan pulse duration=3.919s window=[1785719386.467, 1785719400.386]",8:31:42,1,1fb91b37fb1c4912a1f89fc3f28450f9
1785719412.500,2026-08-02 19:10:12.499794,201,a46563b1af964ac1bcf43740412c2d60,stop,rule1_continuous_disagreement,30:41,41,30,radar,video,,,0.0,300.0,fisheye,Rule 1 recording stopped after 5.0s post-roll,3:30:41,0,
1785719528.520,2026-08-02 19:12:08.520424,201,ebc0a12b3857405c80b6247fee18f836,start,rule1_continuous_disagreement,31:42,42,31,radar,video,1785719523.475,,5.045,300.0,fisheye,"detector '42' ON, detector '31' OFF for 5.045s (threshold=5.0s)",8:31:42,0,
1785719535.483,2026-08-02 19:12:15.483029,201,ebc0a12b3857405c80b6247fee18f836,stop,rule1_continuous_disagreement,31:42,42,31,radar,video,,,0.0,300.0,fisheye,Rule 1 recording stopped after 5.0s post-roll,8:31:42,0,
1785719545.569,2026-08-02 19:12:25.568726,201,b820e19754844966952cf7bce8506c9c,start,rule2_orphan_pulse,29:43,43,29,radar,video,1785719539.568,1785719540.553,0.985,15.985,fisheye,"orphan on detector '29': orphan pulse duration=0.985s window=[1785719534.568, 1785719545.553]",29:43,0,
1785719687.261,2026-08-02 19:14:47.261358,201,016a5d3aa72642ee8b871636f5948acb,start,rule2_orphan_pulse,30:41,41,30,radar,video,1785719680.235,1785719682.217,1.983,16.983,fisheye,"orphan on detector '30': orphan pulse duration=1.983s window=[1785719675.235, 1785719687.217]",3:30:41,0,
1785719688.578,2026-08-02 19:14:48.578190,201,6bba7f88110946928c26ca38f3d8849b,start,rule2_orphan_pulse,3:41,3,41,video,radar,1785719682.217,1785719683.516,1.298,16.298000000000002,fisheye,"orphan on detector '3': orphan pulse duration=1.298s window=[1785719677.217, 1785719688.516]",3:30:41,0,
1785719772.904,2026-08-02 19:16:12.904068,201,9b369b0812ec44388375e3dc4dafdaf7,start,rule1_continuous_disagreement,22:39,39,22,radar,video,1785719767.862,,5.042,300.0,fisheye,"detector '39' ON, detector '22' OFF for 5.042s (threshold=5.0s)",4:22:39,0,
1785719772.906,2026-08-02 19:16:12.906075,201,6585e84c31754a5f88f3bb7898f8a121,start,rule1_continuous_disagreement,39:4,4,39,video,radar,1785719767.862,,5.044,300.0,fisheye,"detector '39' ON, detector '4' OFF for 5.044s (threshold=5.0s)",4:22:39,1,9b369b0812ec44388375e3dc4dafdaf7
1785719774.122,2026-08-02 19:16:14.122237,201,fdc5331c8cf44f5a97eea313a01146f8,start,rule1_continuous_disagreement,24:38,38,24,radar,video,1785719769.071,,5.051,300.0,fisheye,"detector '24' ON, detector '38' OFF for 5.051s (threshold=5.0s)",7:24:38,0,
1785719774.124,2026-08-02 19:16:14.124244,201,0c598c7eb9164730a88ee2db1af0bc7c,start,rule1_continuous_disagreement,38:7,7,38,video,radar,1785719769.071,,5.053,300.0,fisheye,"detector '7' ON, detector '38' OFF for 5.053s (threshold=5.0s)",7:24:38,1,fdc5331c8cf44f5a97eea313a01146f8
1785719786.643,2026-08-02 19:16:26.643247,201,fdc5331c8cf44f5a97eea313a01146f8,stop,rule1_continuous_disagreement,24:38,38,24,radar,video,,,0.0,300.0,fisheye,Rule 1 recording stopped after 5.0s post-roll,7:24:38,0,
1785719833.701,2026-08-02 19:17:13.701124,201,9b369b0812ec44388375e3dc4dafdaf7,stop,rule1_continuous_disagreement,22:39,39,22,radar,video,,,0.0,300.0,fisheye,Rule 1 recording stopped after 5.0s post-roll,4:22:39,0,
1785719871.843,2026-08-02 19:17:51.843026,201,3c94598ab9824713b78826f74da4723a,start,rule2_orphan_pulse,39:4,4,39,video,radar,1785719863.624,1785719866.813,3.189,18.189,fisheye,"orphan on detector '39': orphan pulse duration=3.189s window=[1785719858.624, 1785719871.813]",4:22:39,0,
1785719872.855,2026-08-02 19:17:52.855173,201,4480b6064cc14e1bbccbd4a8e2518a51,start,rule2_orphan_pulse,22:4,22,4,video,video,1785719864.571,1785719867.768,3.198,18.198,fisheye,"orphan on detector '22': orphan pulse duration=3.198s window=[1785719859.571, 1785719872.768]",4:22:39,0,
1785719894.244,2026-08-02 19:18:14.244083,201,08303f9ec2554743903f37ec0ba8c975,start,rule1_continuous_disagreement,38:7,7,38,video,radar,1785719889.194,,5.05,300.0,fisheye,"detector '38' ON, detector '7' OFF for 5.05s (threshold=5.0s)",7:24:38,0,
1785719894.550,2026-08-02 19:18:14.549696,201,80c03b3bd85d4ddc8e57f806fc6f0fe6,start,rule1_continuous_disagreement,24:7,24,7,video,video,1785719889.497,,5.053,300.0,fisheye,"detector '24' ON, detector '7' OFF for 5.053s (threshold=5.0s)",7:24:38,1,08303f9ec2554743903f37ec0ba8c975
1785719907.569,2026-08-02 19:18:27.569410,201,7867cbb99395433d9adfc32cd80df84f,start,rule2_orphan_pulse,39:4,4,39,video,radar,1785719900.041,1785719902.482,2.441,17.441,fisheye,"orphan on detector '39': orphan pulse duration=2.441s window=[1785719895.041, 1785719907.482]",4:22:39,0,
1785719908.485,2026-08-02 19:18:28.484827,201,83ca55c6e5a3440fa47b4793edd2fc35,start,rule2_orphan_pulse,22:4,22,4,video,video,1785719900.741,1785719903.473,2.732,17.732,fisheye,"orphan on detector '22': orphan pulse duration=2.732s window=[1785719895.741, 1785719908.473]",4:22:39,1,7867cbb99395433d9adfc32cd80df84f
1785719917.952,2026-08-02 19:18:37.952329,201,08303f9ec2554743903f37ec0ba8c975,stop,rule1_continuous_disagreement,38:7,7,38,video,radar,,,0.0,300.0,fisheye,Rule 1 recording stopped after 5.0s post-roll,7:24:38,0,
1785719936.521,2026-08-02 19:18:56.520537,201,b04929e6c4ac45cb9730417e840154f8,start,rule2_orphan_pulse,38:7,7,38,video,radar,1785719928.471,1785719931.477,3.006,18.006,fisheye,"orphan on detector '38': orphan pulse duration=3.006s window=[1785719923.471, 1785719936.477]",7:24:38,0,
1785719947.744,2026-08-02 19:19:07.744472,201,ff97e3d816244fcd8c1bb23dfb160108,start,rule2_orphan_pulse,38:7,7,38,video,radar,1785719940.623,1785719942.657,2.033,17.033,fisheye,"orphan on detector '38': orphan pulse duration=2.033s window=[1785719935.623, 1785719947.657]",7:24:38,0,
1785719949.464,2026-08-02 19:19:09.463594,201,61b8b200ba9e404cad915d239b3b9289,start,rule2_orphan_pulse,24:7,24,7,video,video,1785719940.980,1785719944.397,3.417,18.417,fisheye,"orphan on detector '24': orphan pulse duration=3.417s window=[1785719935.980, 1785719949.397]",7:24:38,0,
1785719984.764,2026-08-02 19:19:44.763706,201,2662fce8330b4e318169bf1d8aeef12d,start,rule1_continuous_disagreement,17:2,17,2,video,video,1785719979.719,,5.045,300.0,fisheye,"detector '17' ON, detector '2' OFF for 5.045s (threshold=5.0s)",2:17:46,0,
1785719984.766,2026-08-02 19:19:44.765716,201,221d1cbdf31143639636b15bc7e002d2,start,rule1_continuous_disagreement,2:46,2,46,video,radar,1785719979.719,,5.047,300.0,fisheye,"detector '46' ON, detector '2' OFF for 5.047s (threshold=5.0s)",2:17:46,1,2662fce8330b4e318169bf1d8aeef12d
1785719990.511,2026-08-02 19:19:50.510759,201,562703a83823472f9e71fe229a55e5f7,start,rule1_continuous_disagreement,38:7,7,38,video,radar,1785719985.473,,5.038,300.0,fisheye,"detector '38' ON, detector '7' OFF for 5.038s (threshold=5.0s)",7:24:38,0,
1785719991.219,2026-08-02 19:19:51.219084,201,4f8d700fe98c4e5e8a159924e59a6a54,start,rule1_continuous_disagreement,24:7,24,7,video,video,1785719986.178,,5.041,300.0,fisheye,"detector '24' ON, detector '7' OFF for 5.041s (threshold=5.0s)",7:24:38,1,562703a83823472f9e71fe229a55e5f7
1785720006.442,2026-08-02 19:20:06.441874,201,2662fce8330b4e318169bf1d8aeef12d,stop,rule1_continuous_disagreement,17:2,17,2,video,video,,,0.0,300.0,fisheye,Rule 1 recording stopped after 5.0s post-roll,2:17:46,0,
1785720026.405,2026-08-02 19:20:26.405183,201,562703a83823472f9e71fe229a55e5f7,stop,rule1_continuous_disagreement,38:7,7,38,video,radar,,,0.0,300.0,fisheye,Rule 1 recording stopped after 5.1s post-roll,7:24:38,0,
1785720035.167,2026-08-02 19:20:35.167312,201,32988e335d534f8daa93d145dadc3760,start,rule1_continuous_disagreement,3:30,30,3,video,video,1785720030.134,,5.033,300.0,fisheye,"detector '3' ON, detector '30' OFF for 5.033s (threshold=5.0s)",3:30:41,0,
1785720035.170,2026-08-02 19:20:35.170459,201,712d2fe71c0145b28a6776a17d2c280e,start,rule1_continuous_disagreement,3:41,3,41,video,radar,1785720030.134,,5.036,300.0,fisheye,"detector '3' ON, detector '41' OFF for 5.036s (threshold=5.0s)",3:30:41,1,32988e335d534f8daa93d145dadc3760
1785720035.171,2026-08-02 19:20:35.171494,201,365eead387b845c8ad78468005f0c0c2,start,rule1_continuous_disagreement,22:4,22,4,video,video,1785720030.134,,5.037,300.0,fisheye,"detector '4' ON, detector '22' OFF for 5.037s (threshold=5.0s)",4:22:39,0,
1785720035.173,2026-08-02 19:20:35.173412,201,307c0d4e6d9749ae85c0050b12b358c1,start,rule1_continuous_disagreement,39:4,4,39,video,radar,1785720030.134,,5.039,300.0,fisheye,"detector '4' ON, detector '39' OFF for 5.039s (threshold=5.0s)",4:22:39,1,365eead387b845c8ad78468005f0c0c2
1785720035.174,2026-08-02 19:20:35.174354,201,f8e141348ffc44ca85ae57d2b37c8325,start,rule1_continuous_disagreement,31:8,31,8,video,video,1785720030.134,,5.04,300.0,fisheye,"detector '8' ON, detector '31' OFF for 5.04s (threshold=5.0s)",8:31:42,0,
1785720035.178,2026-08-02 19:20:35.177562,201,a7b6d810ff904884b739b0d4f57eafb6,start,rule1_continuous_disagreement,42:8,8,42,video,radar,1785720030.135,,5.043,300.0,fisheye,"detector '8' ON, detector '42' OFF for 5.043s (threshold=5.0s)",8:31:42,1,f8e141348ffc44ca85ae57d2b37c8325
1785720071.569,2026-08-02 19:21:11.568646,201,798ce3411ebf430ca123eea77525ceec,start,rule1_continuous_disagreement,17:2,17,2,video,video,1785720066.522,,5.047,300.0,fisheye,"detector '2' ON, detector '17' OFF for 5.047s (threshold=5.0s)",2:17:46,0,
1785720071.571,2026-08-02 19:21:11.570997,201,d4f1565cdd4a425cb1c585658282c802,start,rule1_continuous_disagreement,2:46,2,46,video,radar,1785720066.521,,5.05,300.0,fisheye,"detector '2' ON, detector '46' OFF for 5.05s (threshold=5.0s)",2:17:46,1,798ce3411ebf430ca123eea77525ceec
1785720110.488,2026-08-02 19:21:50.487698,201,6f72c507ba31406f8aadd85462ffcf06,start,rule1_continuous_disagreement,24:7,24,7,video,video,1785720105.452,,5.036,300.0,fisheye,"detector '7' ON, detector '24' OFF for 5.036s (threshold=5.0s)",7:24:38,0,
1785720110.488,2026-08-02 19:21:50.487698,201,fc27c6bd6c01433e8e35dcbed7121f29,start,rule1_continuous_disagreement,38:7,7,38,video,radar,1785720105.452,,5.036,300.0,fisheye,"detector '7' ON, detector '38' OFF for 5.036s (threshold=5.0s)",7:24:38,1,6f72c507ba31406f8aadd85462ffcf06
1785720123.693,2026-08-02 19:22:03.693477,201,798ce3411ebf430ca123eea77525ceec,stop,rule1_continuous_disagreement,17:2,17,2,video,video,,,0.0,300.0,fisheye,Rule 1 recording stopped after 5.0s post-roll,2:17:46,0,
1785720123.695,2026-08-02 19:22:03.695161,201,365eead387b845c8ad78468005f0c0c2,stop,rule1_continuous_disagreement,22:4,22,4,video,video,,,0.0,300.0,fisheye,Rule 1 recording stopped after 5.0s post-roll,4:22:39,0,
1785720123.699,2026-08-02 19:22:03.699179,201,6f72c507ba31406f8aadd85462ffcf06,stop,rule1_continuous_disagreement,24:7,24,7,video,video,,,0.0,300.0,fisheye,Rule 1 recording stopped after 5.0s post-roll,7:24:38,0,
1785720123.701,2026-08-02 19:22:03.700778,201,f8e141348ffc44ca85ae57d2b37c8325,stop,rule1_continuous_disagreement,31:8,31,8,video,video,,,0.0,300.0,fisheye,Rule 1 recording stopped after 5.0s post-roll,8:31:42,0,
1785720128.740,2026-08-02 19:22:08.740337,201,32988e335d534f8daa93d145dadc3760,stop,rule1_continuous_disagreement,3:30,30,3,video,video,,,0.0,300.0,fisheye,Rule 1 recording stopped after 5.0s post-roll,3:30:41,0,
1785720398.695,2026-08-02 19:26:38.694862,201,b49a405c57684fc0a1d971637097f7de,start,rule1_continuous_disagreement,31:42,42,31,radar,video,1785720393.659,,5.036,300.0,fisheye,"detector '42' ON, detector '31' OFF for 5.036s (threshold=5.0s)",8:31:42,0,
1785720398.697,2026-08-02 19:26:38.697393,201,8ce447c2aae146d7a887beaab207dbad,start,rule1_continuous_disagreement,42:8,8,42,video,radar,1785720393.659,,5.038,300.0,fisheye,"detector '42' ON, detector '8' OFF for 5.038s (threshold=5.0s)",8:31:42,1,b49a405c57684fc0a1d971637097f7de
1785720547.046,2026-08-02 19:29:07.045586,201,4b8e7e8ad458483bb415fd9e08cb6da0,start,rule2_orphan_pulse,17:2,17,2,video,video,1785720541.342,1785720542.013,0.671,15.671,fisheye,"orphan on detector '2': orphan pulse duration=0.671s window=[1785720536.342, 1785720547.013]",2:17:46,0,
1785720547.047,2026-08-02 19:29:07.047288,201,e30c676ac68646d3ab9d9c935da01a57,start,rule2_orphan_pulse,2:46,2,46,video,radar,1785720541.342,1785720542.013,0.671,15.671,fisheye,"orphan on detector '2': orphan pulse duration=0.671s window=[1785720536.342, 1785720547.013]",2:17:46,1,4b8e7e8ad458483bb415fd9e08cb6da0
1785720641.580,2026-08-02 19:30:41.580369,201,13a2688e14744d0dbbf693c4a0f8a005,start,rule1_continuous_disagreement,31:8,31,8,video,video,1785720636.546,,5.034,300.0,fisheye,"detector '8' ON, detector '31' OFF for 5.034s (threshold=5.0s)",8:31:42,0,
1785720651.757,2026-08-02 19:30:51.756555,201,b49a405c57684fc0a1d971637097f7de,stop,rule1_continuous_disagreement,31:42,42,31,radar,video,,,0.0,300.0,fisheye,Rule 1 recording stopped after 5.0s post-roll,8:31:42,0,
1785720651.761,2026-08-02 19:30:51.761102,201,13a2688e14744d0dbbf693c4a0f8a005,stop,rule1_continuous_disagreement,31:8,31,8,video,video,,,0.0,300.0,fisheye,Rule 1 recording stopped after 5.0s post-roll,8:31:42,0,
1785720653.375,2026-08-02 19:30:53.374960,201,701f5c7f00294d27b0074b76e336bfe9,start,rule2_orphan_pulse,30:41,41,30,radar,video,1785720646.003,1785720648.318,2.316,17.316,fisheye,"orphan on detector '30': orphan pulse duration=2.316s window=[1785720641.003, 1785720653.318]",3:30:41,0,
1785720654.385,2026-08-02 19:30:54.385033,201,c1eedaea585144eda6ea43c239e36803,start,rule2_orphan_pulse,3:41,3,41,video,radar,1785720646.986,1785720649.323,2.337,17.337,fisheye,"orphan on detector '3': orphan pulse duration=2.337s window=[1785720641.986, 1785720654.323]",3:30:41,0,
1785720661.241,2026-08-02 19:31:01.241305,201,3adf003bc7ce4c8185f7755809d14346,start,rule2_orphan_pulse,3:30,30,3,video,video,1785720654.921,1785720656.217,1.296,16.296,fisheye,"orphan on detector '3': orphan pulse duration=1.296s window=[1785720649.921, 1785720661.217]",3:30:41,0,
1785720661.245,2026-08-02 19:31:01.245331,201,88e500188c73427aa5d5b2d9c457f6a5,start,rule2_orphan_pulse,3:41,3,41,video,radar,1785720654.921,1785720656.217,1.296,16.296,fisheye,"orphan on detector '3': orphan pulse duration=1.296s window=[1785720649.921, 1785720661.217]",3:30:41,1,3adf003bc7ce4c8185f7755809d14346
1785720779.040,2026-08-02 19:32:59.039881,201,dc64e6994d424b78bd1726829a105b0a,start,rule2_orphan_pulse,29:43,43,29,radar,video,1785720772.386,1785720773.991,1.605,16.605,fisheye,"orphan on detector '43': orphan pulse duration=1.605s window=[1785720767.386, 1785720778.991]",29:43,0,
1785720831.372,2026-08-02 19:33:51.372027,201,7733b2b1c1804931b296aa30665e1644,start,rule2_orphan_pulse,31:42,42,31,radar,video,1785720825.668,1785720826.314,0.646,15.646,fisheye,"orphan on detector '42': orphan pulse duration=0.646s window=[1785720820.668, 1785720831.314]",8:31:42,0,
1785720835.916,2026-08-02 19:33:55.915531,201,ea213dd3bd3e404b936857be57d7e7d8,start,rule2_orphan_pulse,31:8,31,8,video,video,1785720826.635,1785720830.818,4.183,19.183,fisheye,"orphan on detector '8': orphan pulse duration=4.183s window=[1785720821.635, 1785720835.818]",8:31:42,0,
1785720842.376,2026-08-02 19:34:02.376440,201,9a313f43d05e48d4808f23a56ec81b47,start,rule2_orphan_pulse,3:41,3,41,video,radar,1785720836.621,1785720837.276,0.655,15.655000000000001,fisheye,"orphan on detector '3': orphan pulse duration=0.655s window=[1785720831.621, 1785720842.276]",3:30:41,0,
1785721069.271,2026-08-02 19:37:49.270529,201,754c9f5b28f9420ea316b7dc3b38b278,start,rule2_orphan_pulse,29:43,43,29,radar,video,1785721063.154,1785721064.206,1.052,16.052,fisheye,"orphan on detector '29': orphan pulse duration=1.052s window=[1785721058.154, 1785721069.206]",29:43,0,
1785721114.127,2026-08-02 19:38:34.127061,201,d5ccc40701874e68bc3549d8c16a3102,start,rule1_continuous_disagreement,26:33,33,26,radar,video,1785721109.079,,5.048,300.0,fisheye,"detector '26' ON, detector '33' OFF for 5.048s (threshold=5.0s)",26:33,0,
1785721124.824,2026-08-02 19:38:44.823883,201,a9fd1e8daa3b4e51af93df68f8e72625,start,rule1_continuous_disagreement,31:8,31,8,video,video,1785721119.786,,5.038,300.0,fisheye,"detector '8' ON, detector '31' OFF for 5.038s (threshold=5.0s)",8:31:42,0,
1785721125.132,2026-08-02 19:38:45.132067,201,d5ccc40701874e68bc3549d8c16a3102,stop,rule1_continuous_disagreement,26:33,33,26,radar,video,,,0.0,300.0,fisheye,Rule 1 recording stopped after 5.0s post-roll,26:33,0,
1785721128.771,2026-08-02 19:38:48.771326,201,da7186d779044feca50f206407aebe33,start,rule2_orphan_pulse,31:42,42,31,radar,video,1785721122.745,1785721123.723,0.978,15.978,fisheye,"orphan on detector '42': orphan pulse duration=0.978s window=[1785721117.745, 1785721128.723]",8:31:42,0,
1785721133.921,2026-08-02 19:38:53.920703,201,a9fd1e8daa3b4e51af93df68f8e72625,stop,rule1_continuous_disagreement,31:8,31,8,video,video,,,0.0,300.0,fisheye,Rule 1 recording stopped after 5.0s post-roll,8:31:42,0,
1785721135.545,2026-08-02 19:38:55.545039,201,634e1489b6e048ca8c9a9501a024d5d3,start,rule2_orphan_pulse,3:41,3,41,video,radar,1785721128.863,1785721130.476,1.614,16.614,fisheye,"orphan on detector '3': orphan pulse duration=1.614s window=[1785721123.863, 1785721135.476]",3:30:41,0,
1785721148.970,2026-08-02 19:39:08.969685,201,32be02997e764f48ab6824a8d76e6ac8,start,rule2_orphan_pulse,2:46,2,46,video,radar,1785721142.906,1785721143.883,0.977,15.977,fisheye,"orphan on detector '46': orphan pulse duration=0.977s window=[1785721137.906, 1785721148.883]",2:17:46,0,
1785721149.577,2026-08-02 19:39:09.577315,201,10abbe11e0684197a7f43a603192b843,start,rule2_orphan_pulse,17:2,17,2,video,video,1785721143.883,1785721144.545,0.662,15.661999999999999,fisheye,"orphan on detector '17': orphan pulse duration=0.662s window=[1785721138.883, 1785721149.545]",2:17:46,1,32be02997e764f48ab6824a8d76e6ac8
1785721162.104,2026-08-02 19:39:22.104334,201,d39ab499021c481da7eae21a2991d849,start,rule1_continuous_disagreement,42:8,8,42,video,radar,1785721157.039,,5.065,300.0,fisheye,"detector '8' ON, detector '42' OFF for 5.065s (threshold=5.0s)",8:31:42,0,
1785721167.752,2026-08-02 19:39:27.751568,201,d39ab499021c481da7eae21a2991d849,stop,rule1_continuous_disagreement,42:8,8,42,video,radar,,,0.0,300.0,fisheye,Rule 1 recording stopped after 5.0s post-roll,8:31:42,0,
1785721318.252,2026-08-02 19:41:58.252228,201,52b5d8feb4fd464aa1741bba66025f66,start,rule1_continuous_disagreement,42:8,8,42,video,radar,1785721313.211,,5.041,300.0,fisheye,"detector '8' ON, detector '42' OFF for 5.041s (threshold=5.0s)",8:31:42,0,
1785721323.799,2026-08-02 19:42:03.798976,201,52b5d8feb4fd464aa1741bba66025f66,stop,rule1_continuous_disagreement,42:8,8,42,video,radar,,,0.0,300.0,fisheye,Rule 1 recording stopped after 5.0s post-roll,8:31:42,0,
1785721324.102,2026-08-02 19:42:04.102412,201,0313883e07dd49949fa47e1366662c3c,start,rule2_orphan_pulse,31:42,42,31,radar,video,1785721317.351,1785721319.008,1.656,16.656,fisheye,"orphan on detector '31': orphan pulse duration=1.656s window=[1785721312.351, 1785721324.008]",8:31:42,0,
1785721342.364,2026-08-02 19:42:22.364188,201,88d3a37fbd9444268e78c1ef57ec8934,start,rule1_continuous_disagreement,31:8,31,8,video,video,1785721337.324,,5.04,300.0,fisheye,"detector '8' ON, detector '31' OFF for 5.04s (threshold=5.0s)",8:31:42,0,
1785721348.728,2026-08-02 19:42:28.728433,201,066a5abaec754537bbfbc49cadf7142c,start,rule2_orphan_pulse,31:42,42,31,radar,video,1785721342.439,1785721343.728,1.289,16.289,fisheye,"orphan on detector '31': orphan pulse duration=1.289s window=[1785721337.439, 1785721348.728]",8:31:42,0,
1785721349.843,2026-08-02 19:42:29.842835,201,88d3a37fbd9444268e78c1ef57ec8934,stop,rule1_continuous_disagreement,31:8,31,8,video,video,,,0.0,300.0,fisheye,Rule 1 recording stopped after 5.1s post-roll,8:31:42,0,
1785721356.599,2026-08-02 19:42:36.599120,201,17a490027f7341e991a173a0f488d412,start,rule2_orphan_pulse,30:41,41,30,radar,video,1785721347.988,1785721351.564,3.576,18.576,fisheye,"orphan on detector '30': orphan pulse duration=3.576s window=[1785721342.988, 1785721356.564]",3:30:41,0,
1785721357.612,2026-08-02 19:42:37.611541,201,b1525364cb7f4ed19b3516217b12dc03,start,rule2_orphan_pulse,3:41,3,41,video,radar,1785721349.288,1785721352.539,3.251,18.250999999999998,fisheye,"orphan on detector '3': orphan pulse duration=3.251s window=[1785721344.288, 1785721357.539]",3:30:41,0,
1785721433.569,2026-08-02 19:43:53.568914,201,07189558d14d4681acdb5ee256eb7c1b,start,rule2_orphan_pulse,42:8,8,42,video,radar,1785721423.966,1785721428.542,4.576,19.576,fisheye,"orphan on detector '8': orphan pulse duration=4.576s window=[1785721418.966, 1785721433.542]",8:31:42,0,
1785721434.279,2026-08-02 19:43:54.279229,201,b7112acf4de34bed94ba5c8cf934e2f8,start,rule2_orphan_pulse,31:42,42,31,radar,video,1785721427.909,1785721429.199,1.29,16.29,fisheye,"orphan on detector '31': orphan pulse duration=1.29s window=[1785721422.909, 1785721434.199]",8:31:42,1,07189558d14d4681acdb5ee256eb7c1b
1785721452.934,2026-08-02 19:44:12.933853,201,07d885b7105446cea0e257dca8991c81,start,rule2_orphan_pulse,29:43,43,29,radar,video,1785721446.585,1785721447.903,1.318,16.317999999999998,fisheye,"orphan on detector '29': orphan pulse duration=1.318s window=[1785721441.585, 1785721452.903]",29:43,0,
1785721531.233,2026-08-02 19:45:31.232880,201,f21bb52c3da2453e9e9b7fecd0f3e977,start,rule2_orphan_pulse,30:41,41,30,radar,video,1785721524.468,1785721526.132,1.664,16.664,fisheye,"orphan on detector '41': orphan pulse duration=1.664s window=[1785721519.468, 1785721531.132]",3:30:41,0,
1785721531.236,2026-08-02 19:45:31.235888,201,53c4ffff782a4ea08683e6e1ad315cfd,start,rule2_orphan_pulse,3:41,3,41,video,radar,1785721524.468,1785721526.132,1.664,16.664,fisheye,"orphan on detector '41': orphan pulse duration=1.664s window=[1785721519.468, 1785721531.132]",3:30:41,1,f21bb52c3da2453e9e9b7fecd0f3e977
1785721554.333,2026-08-02 19:45:54.333152,201,0adb89c8b463469b88121f882b2d7c3e,start,rule2_orphan_pulse,22:39,39,22,radar,video,1785721547.928,1785721549.263,1.334,16.334,fisheye,"orphan on detector '39': orphan pulse duration=1.334s window=[1785721542.928, 1785721554.263]",4:22:39,0,
1785721554.335,2026-08-02 19:45:54.335160,201,3b4d5e8b77724b4bb0203a5e55180c0c,start,rule2_orphan_pulse,39:4,4,39,video,radar,1785721547.928,1785721549.263,1.334,16.334,fisheye,"orphan on detector '39': orphan pulse duration=1.334s window=[1785721542.928, 1785721554.263]",4:22:39,1,0adb89c8b463469b88121f882b2d7c3e
1785721589.407,2026-08-02 19:46:29.406904,201,d59eb3cf441340998fb18618863495a6,start,rule2_orphan_pulse,31:42,42,31,radar,video,1785721583.373,1785721584.327,0.954,15.954,fisheye,"orphan on detector '42': orphan pulse duration=0.954s window=[1785721578.373, 1785721589.327]",8:31:42,0,
1785721590.317,2026-08-02 19:46:30.317128,201,824a35ed27f34946b06b59bd1479e27a,start,rule2_orphan_pulse,31:8,31,8,video,video,1785721580.759,1785721585.298,4.539,19.539,fisheye,"orphan on detector '8': orphan pulse duration=4.539s window=[1785721575.759, 1785721590.298]",8:31:42,1,d59eb3cf441340998fb18618863495a6
1785721595.865,2026-08-02 19:46:35.865101,201,de451159297d425eba602d5121906bbb,start,rule2_orphan_pulse,3:41,3,41,video,radar,1785721590.139,1785721590.802,0.663,15.663,fisheye,"orphan on detector '3': orphan pulse duration=0.663s window=[1785721585.139, 1785721595.802]",3:30:41,0,
1785721697.571,2026-08-02 19:48:17.571388,201,93e8698f6d2046fca6839bc5ccd38788,start,rule2_orphan_pulse,29:43,43,29,radar,video,1785721691.258,1785721692.530,1.272,16.272,fisheye,"orphan on detector '29': orphan pulse duration=1.272s window=[1785721686.258, 1785721697.530]",29:43,0,
1785721843.126,2026-08-02 19:50:43.125793,201,e8a4d529dde94543bf1cd8f0b5c7aa96,start,rule1_continuous_disagreement,24:38,38,24,radar,video,1785721838.086,,5.04,300.0,fisheye,"detector '38' ON, detector '24' OFF for 5.04s (threshold=5.0s)",7:24:38,0,
1785721843.130,2026-08-02 19:50:43.130421,201,9f07df65020a4ac692545ff8a0599c4b,start,rule1_continuous_disagreement,24:7,24,7,video,video,1785721838.085,,5.045,300.0,fisheye,"detector '7' ON, detector '24' OFF for 5.045s (threshold=5.0s)",7:24:38,1,e8a4d529dde94543bf1cd8f0b5c7aa96
1785721863.517,2026-08-02 19:51:03.516740,201,e8a4d529dde94543bf1cd8f0b5c7aa96,stop,rule1_continuous_disagreement,24:38,38,24,radar,video,,,0.0,300.0,fisheye,Rule 1 recording stopped after 5.0s post-roll,7:24:38,0,
1785721908.910,2026-08-02 19:51:48.910290,201,fede37267a784e0386f73f82323c2959,start,rule1_continuous_disagreement,42:8,8,42,video,radar,1785721903.870,,5.04,300.0,fisheye,"detector '42' ON, detector '8' OFF for 5.04s (threshold=5.0s)",8:31:42,0,
1785721914.047,2026-08-02 19:51:54.046682,201,fede37267a784e0386f73f82323c2959,stop,rule1_continuous_disagreement,42:8,8,42,video,radar,,,0.0,300.0,fisheye,Rule 1 recording stopped after 5.0s post-roll,8:31:42,0,
1785722011.577,2026-08-02 19:53:31.577409,201,bb7ef8c11e474d6398f632921b7739f6,start,rule1_continuous_disagreement,31:8,31,8,video,video,1785722006.534,,5.043,300.0,fisheye,"detector '8' ON, detector '31' OFF for 5.043s (threshold=5.0s)",8:31:42,0,
1785722011.584,2026-08-02 19:53:31.584225,201,0e685789899e49ea97c040adde2bca95,start,rule1_continuous_disagreement,42:8,8,42,video,radar,1785722006.534,,5.05,300.0,fisheye,"detector '8' ON, detector '42' OFF for 5.05s (threshold=5.0s)",8:31:42,1,bb7ef8c11e474d6398f632921b7739f6
1785722018.834,2026-08-02 19:53:38.834076,201,dc9809ea09a445eea89711b72924ab0e,start,rule2_orphan_pulse,31:42,42,31,radar,video,1785722012.379,1785722013.746,1.367,16.367,fisheye,"orphan on detector '31': orphan pulse duration=1.367s window=[1785722007.379, 1785722018.746]",8:31:42,0,
1785722018.839,2026-08-02 19:53:38.839234,201,bb7ef8c11e474d6398f632921b7739f6,stop,rule1_continuous_disagreement,31:8,31,8,video,video,,,0.0,300.0,fisheye,Rule 1 recording stopped after 5.0s post-roll,8:31:42,0,
1785722023.991,2026-08-02 19:53:43.990869,201,2d49ec386fe245fa84987ec8e6ca8d9c,start,rule2_orphan_pulse,30:41,41,30,radar,video,1785722017.855,1785722018.902,1.047,16.047,fisheye,"orphan on detector '30': orphan pulse duration=1.047s window=[1785722012.855, 1785722023.902]",3:30:41,0,
1785722025.706,2026-08-02 19:53:45.706183,201,5dff217212a741dd8a252f6198d4586e,start,rule2_orphan_pulse,3:41,3,41,video,radar,1785722019.574,1785722020.614,1.041,16.041,fisheye,"orphan on detector '3': orphan pulse duration=1.041s window=[1785722014.574, 1785722025.614]",3:30:41,0,
1785722152.370,2026-08-02 19:55:52.370090,201,4287966e78714afe8632045c326aa4c0,start,rule2_orphan_pulse,17:2,17,2,video,video,1785722146.708,1785722147.367,0.66,15.66,fisheye,"orphan on detector '2': orphan pulse duration=0.66s window=[1785722141.708, 1785722152.367]",2:17:46,0,
1785722152.377,2026-08-02 19:55:52.377189,201,d69e8898c47c4f42bcd0201b128aa50a,start,rule2_orphan_pulse,2:46,2,46,video,radar,1785722146.708,1785722147.367,0.66,15.66,fisheye,"orphan on detector '2': orphan pulse duration=0.66s window=[1785722141.708, 1785722152.367]",2:17:46,1,4287966e78714afe8632045c326aa4c0
1785722262.368,2026-08-02 19:57:42.368229,201,cfdccb3eee8f4032a4ebc1b611175183,start,rule2_orphan_pulse,31:8,31,8,video,video,1785722255.084,1785722257.317,2.232,17.232,fisheye,"orphan on detector '8': orphan pulse duration=2.232s window=[1785722250.084, 1785722262.317]",8:31:42,0,
1785722262.371,2026-08-02 19:57:42.371275,201,c13a995626284b53aa044e57d9133f4b,start,rule2_orphan_pulse,42:8,8,42,video,radar,1785722255.084,1785722257.317,2.232,17.232,fisheye,"orphan on detector '8': orphan pulse duration=2.232s window=[1785722250.084, 1785722262.317]",8:31:42,1,cfdccb3eee8f4032a4ebc1b611175183
1785722267.218,2026-08-02 19:57:47.218128,201,7573d1ec3b2c47d7afde858a93af38fc,start,rule1_continuous_disagreement,29:43,43,29,radar,video,1785722262.167,,5.051,300.0,fisheye,"detector '43' ON, detector '29' OFF for 5.051s (threshold=5.0s)",29:43,0,
1785722273.065,2026-08-02 19:57:53.065314,201,ee68dc3c56b7414dad3ddc192707ae8e,start,rule2_orphan_pulse,31:8,31,8,video,video,1785722265.764,1785722268.048,2.284,17.284,fisheye,"orphan on detector '8': orphan pulse duration=2.284s window=[1785722260.764, 1785722273.048]",8:31:42,0,
1785722273.069,2026-08-02 19:57:53.069073,201,916fd2ab3b0646d4834046b8b74e6f90,start,rule2_orphan_pulse,42:8,8,42,video,radar,1785722265.764,1785722268.048,2.284,17.284,fisheye,"orphan on detector '8': orphan pulse duration=2.284s window=[1785722260.764, 1785722273.048]",8:31:42,1,ee68dc3c56b7414dad3ddc192707ae8e
1785722278.310,2026-08-02 19:57:58.309639,201,24fb85db209b41ed98e897b5b0d93a93,start,rule2_orphan_pulse,31:8,31,8,video,video,1785722269.013,1785722273.279,4.266,19.266,fisheye,"orphan on detector '8': orphan pulse duration=4.266s window=[1785722264.013, 1785722278.279]",8:31:42,0,
1785722278.315,2026-08-02 19:57:58.315145,201,a5da80e607c54f499a4f2c074ff27730,start,rule2_orphan_pulse,42:8,8,42,video,radar,1785722269.013,1785722273.279,4.266,19.266,fisheye,"orphan on detector '8': orphan pulse duration=4.266s window=[1785722264.013, 1785722278.279]",8:31:42,1,24fb85db209b41ed98e897b5b0d93a93
1785722286.579,2026-08-02 19:58:06.579479,201,7573d1ec3b2c47d7afde858a93af38fc,stop,rule1_continuous_disagreement,29:43,43,29,radar,video,,,0.0,300.0,fisheye,Rule 1 recording stopped after 5.0s post-roll,29:43,0,
1785722806.730,2026-08-02 20:06:46.730386,201,d669d69ecba24b00a0d8f2b57b690889,start,rule1_continuous_disagreement,3:41,3,41,video,radar,1785722801.688,,5.042,300.0,fisheye,"detector '3' ON, detector '41' OFF for 5.042s (threshold=5.0s)",3:30:41,0,
1785722807.337,2026-08-02 20:06:47.337043,201,d998026a81dc45c7bba89123dc6dc1c9,start,rule1_continuous_disagreement,30:41,41,30,radar,video,1785722802.292,,5.045,300.0,fisheye,"detector '30' ON, detector '41' OFF for 5.045s (threshold=5.0s)",3:30:41,1,d669d69ecba24b00a0d8f2b57b690889
1785722824.988,2026-08-02 20:07:04.987721,201,d669d69ecba24b00a0d8f2b57b690889,stop,rule1_continuous_disagreement,3:41,3,41,video,radar,,,0.0,300.0,fisheye,Rule 1 recording stopped after 5.0s post-roll,3:30:41,0,
1785722894.775,2026-08-02 20:08:14.775324,201,1329e189966a491199ee55ea02912b17,start,rule2_orphan_pulse,17:46,46,17,radar,video,1785722889.036,1785722889.721,0.685,15.685,fisheye,"orphan on detector '17': orphan pulse duration=0.685s window=[1785722884.036, 1785722894.721]",2:17:46,0,
1785722895.084,2026-08-02 20:08:15.084101,201,e05252a2d24a4954985c02d1476c4724,start,rule2_orphan_pulse,2:46,2,46,video,radar,1785722889.370,1785722890.048,0.679,15.679,fisheye,"orphan on detector '2': orphan pulse duration=0.679s window=[1785722884.370, 1785722895.048]",2:17:46,1,1329e189966a491199ee55ea02912b17
1785723067.544,2026-08-02 20:11:07.543997,201,c348795424574469be95628de7f540b8,start,rule1_continuous_disagreement,24:38,38,24,radar,video,1785723062.498,,5.046,300.0,fisheye,"detector '24' ON, detector '38' OFF for 5.046s (threshold=5.0s)",7:24:38,0,
1785723067.548,2026-08-02 20:11:07.548038,201,d6c68fd0352b4b948377189adbc0ccf8,start,rule1_continuous_disagreement,38:7,7,38,video,radar,1785723062.498,,5.05,300.0,fisheye,"detector '7' ON, detector '38' OFF for 5.05s (threshold=5.0s)",7:24:38,1,c348795424574469be95628de7f540b8
1785723067.553,2026-08-02 20:11:07.553149,201,d70c74ba4fac4473a88e73bc1e3aaccf,start,rule1_continuous_disagreement,31:8,31,8,video,video,1785723062.498,,5.055,300.0,fisheye,"detector '8' ON, detector '31' OFF for 5.055s (threshold=5.0s)",8:31:42,0,
1785723067.557,2026-08-02 20:11:07.556862,201,e60405a78a204c5298c954f0b11d2c4c,start,rule1_continuous_disagreement,42:8,8,42,video,radar,1785723062.498,,5.059,300.0,fisheye,"detector '8' ON, detector '42' OFF for 5.059s (threshold=5.0s)",8:31:42,1,d70c74ba4fac4473a88e73bc1e3aaccf
1785723073.814,2026-08-02 20:11:13.814230,201,d70c74ba4fac4473a88e73bc1e3aaccf,stop,rule1_continuous_disagreement,31:8,31,8,video,video,,,0.0,300.0,fisheye,Rule 1 recording stopped after 5.0s post-roll,8:31:42,0,
1785723078.250,2026-08-02 20:11:18.249501,201,c348795424574469be95628de7f540b8,stop,rule1_continuous_disagreement,24:38,38,24,radar,video,,,0.0,300.0,fisheye,Rule 1 recording stopped after 5.0s post-roll,7:24:38,0,
1785723127.745,2026-08-02 20:12:07.745332,201,0ae23897d7404fa0837d9d7ad60dda75,start,rule2_orphan_pulse,31:42,42,31,radar,video,1785723121.315,1785723122.671,1.356,16.356,fisheye,"orphan on detector '42': orphan pulse duration=1.356s window=[1785723116.315, 1785723127.671]",8:31:42,0,
1785723134.811,2026-08-02 20:12:14.810760,201,a5558593e1d144ec95712bcefe76e855,start,rule2_orphan_pulse,26:33,33,26,radar,video,1785723128.427,1785723129.768,1.34,16.34,fisheye,"orphan on detector '26': orphan pulse duration=1.34s window=[1785723123.427, 1785723134.768]",26:33,0,
1785723136.527,2026-08-02 20:12:16.526639,201,a796347d6dfe4c71a936861c56e8e45a,start,rule2_orphan_pulse,30:41,41,30,radar,video,1785723129.768,1785723131.484,1.717,16.717,fisheye,"orphan on detector '30': orphan pulse duration=1.717s window=[1785723124.768, 1785723136.484]",3:30:41,0,
1785723137.537,2026-08-02 20:12:17.536884,201,dff9a34e02f242dcaed0f658a55a2156,start,rule2_orphan_pulse,3:41,3,41,video,radar,1785723131.484,1785723132.489,1.005,16.005,fisheye,"orphan on detector '3': orphan pulse duration=1.005s window=[1785723126.484, 1785723137.489]",3:30:41,0,
1785723205.148,2026-08-02 20:13:25.148212,201,645372cd978c4f1e952fd215c117b26e,start,rule1_continuous_disagreement,31:8,31,8,video,video,1785723200.103,,5.045,300.0,fisheye,"detector '8' ON, detector '31' OFF for 5.045s (threshold=5.0s)",8:31:42,0,
1785723205.153,2026-08-02 20:13:25.153177,201,307edbde9f734292af311f8ac36dcb41,start,rule1_continuous_disagreement,42:8,8,42,video,radar,1785723200.103,,5.05,300.0,fisheye,"detector '8' ON, detector '42' OFF for 5.05s (threshold=5.0s)",8:31:42,1,645372cd978c4f1e952fd215c117b26e
1785723211.009,2026-08-02 20:13:31.008741,201,645372cd978c4f1e952fd215c117b26e,stop,rule1_continuous_disagreement,31:8,31,8,video,video,,,0.0,300.0,fisheye,Rule 1 recording stopped after 5.0s post-roll,8:31:42,0,
1785723418.686,2026-08-02 20:16:58.685975,201,67d4eb3e55a5479197ba57634ee2312a,start,rule2_orphan_pulse,26:33,33,26,radar,video,1785723412.297,1785723413.599,1.302,16.302,fisheye,"orphan on detector '26': orphan pulse duration=1.302s window=[1785723407.297, 1785723418.599]",26:33,0,
1785723457.356,2026-08-02 20:17:37.356091,201,c2d3d71cd1bc4c20844eea7603cca294,start,rule2_orphan_pulse,31:8,31,8,video,video,1785723451.301,1785723452.318,1.017,16.017,fisheye,"orphan on detector '8': orphan pulse duration=1.017s window=[1785723446.301, 1785723457.318]",8:31:42,0,
1785723457.356,2026-08-02 20:17:37.356091,201,fa0eb6d43517429a95137b65ee26aeb7,start,rule2_orphan_pulse,42:8,8,42,video,radar,1785723451.301,1785723452.318,1.017,16.017,fisheye,"orphan on detector '8': orphan pulse duration=1.017s window=[1785723446.301, 1785723457.318]",8:31:42,1,c2d3d71cd1bc4c20844eea7603cca294
1785723460.086,2026-08-02 20:17:40.085918,201,70ded895b6c44697aa518a5a39dbbb59,start,rule2_orphan_pulse,29:43,43,29,radar,video,1785723452.673,1785723455.044,2.371,17.371000000000002,fisheye,"orphan on detector '43': orphan pulse duration=2.371s window=[1785723447.673, 1785723460.044]",29:43,0,
1785723672.696,2026-08-02 20:21:12.695672,201,b2e6265a9cb84d6a86255cbb931c6a58,start,rule2_orphan_pulse,26:33,33,26,radar,video,1785723665.692,1785723667.654,1.962,16.962,fisheye,"orphan on detector '26': orphan pulse duration=1.962s window=[1785723660.692, 1785723672.654]",26:33,0,
1785723791.133,2026-08-02 20:23:11.132656,201,cd951084eec848c4b1673d17f91c76eb,start,rule2_orphan_pulse,22:39,39,22,radar,video,1785723785.419,1785723786.071,0.652,15.652000000000001,fisheye,"orphan on detector '22': orphan pulse duration=0.652s window=[1785723780.419, 1785723791.071]",4:22:39,0,
1785723791.135,2026-08-02 20:23:11.135172,201,5be33c59bb9143e8bec5887485793356,start,rule2_orphan_pulse,22:4,22,4,video,video,1785723785.419,1785723786.071,0.652,15.652000000000001,fisheye,"orphan on detector '22': orphan pulse duration=0.652s window=[1785723780.419, 1785723791.071]",4:22:39,1,cd951084eec848c4b1673d17f91c76eb
1785723792.448,2026-08-02 20:23:12.448286,201,8c60de5f1baa4332a1caaaf486a36777,start,rule2_orphan_pulse,24:38,38,24,radar,video,1785723786.071,1785723787.381,1.31,16.310000000000002,fisheye,"orphan on detector '24': orphan pulse duration=1.31s window=[1785723781.071, 1785723792.381]",7:24:38,0,
1785724004.646,2026-08-02 20:26:44.645881,201,06ccfd1dd4934ade8bfd2fd7987a20ab,start,rule1_continuous_disagreement,22:39,39,22,radar,video,1785723999.601,,5.045,300.0,fisheye,"detector '39' ON, detector '22' OFF for 5.045s (threshold=5.0s)",4:22:39,0,
1785724004.649,2026-08-02 20:26:44.649470,201,9ea6b3b3fbf648938054bc991c7700f3,start,rule1_continuous_disagreement,39:4,4,39,video,radar,1785723999.600,,5.049,300.0,fisheye,"detector '39' ON, detector '4' OFF for 5.049s (threshold=5.0s)",4:22:39,1,06ccfd1dd4934ade8bfd2fd7987a20ab
1785724009.892,2026-08-02 20:26:49.891503,201,06ccfd1dd4934ade8bfd2fd7987a20ab,stop,rule1_continuous_disagreement,22:39,39,22,radar,video,,,0.0,300.0,fisheye,Rule 1 recording stopped after 5.0s post-roll,4:22:39,0,
1785724042.660,2026-08-02 20:27:22.660391,201,1aba18391d7445f281d548aea0108c0e,start,rule2_orphan_pulse,22:39,39,22,radar,video,1785724034.662,1785724037.616,2.954,17.954,fisheye,"orphan on detector '39': orphan pulse duration=2.954s window=[1785724029.662, 1785724042.616]",4:22:39,0,
1785724042.664,2026-08-02 20:27:22.663983,201,747aaea4aa934165abda0c3a5f10a90a,start,rule2_orphan_pulse,39:4,4,39,video,radar,1785724034.662,1785724037.616,2.954,17.954,fisheye,"orphan on detector '39': orphan pulse duration=2.954s window=[1785724029.662, 1785724042.616]",4:22:39,1,1aba18391d7445f281d548aea0108c0e
1785724162.377,2026-08-02 20:29:22.376747,201,9c3a311d4a2e40aeaaaf1b1451b1e40f,start,rule1_continuous_disagreement,42:8,8,42,video,radar,1785724157.338,,5.039,300.0,fisheye,"detector '8' ON, detector '42' OFF for 5.039s (threshold=5.0s)",8:31:42,0,
1785724163.290,2026-08-02 20:29:23.290334,201,177b8593a1db469783e84fe6c35e740f,start,rule2_orphan_pulse,31:42,42,31,radar,video,1785724157.244,1785724158.250,1.006,16.006,fisheye,"orphan on detector '42': orphan pulse duration=1.006s window=[1785724152.244, 1785724163.250]",8:31:42,1,9c3a311d4a2e40aeaaaf1b1451b1e40f
1785724168.036,2026-08-02 20:29:28.036392,201,cd39eead87c2488db75857b74b9da51b,start,rule2_orphan_pulse,31:8,31,8,video,video,1785724158.250,1785724162.962,4.712,19.712,fisheye,"orphan on detector '8': orphan pulse duration=4.712s window=[1785724153.250, 1785724167.962]",8:31:42,0,
1785724168.039,2026-08-02 20:29:28.038642,201,9c3a311d4a2e40aeaaaf1b1451b1e40f,stop,rule1_continuous_disagreement,42:8,8,42,video,radar,,,0.0,300.0,fisheye,Rule 1 recording stopped after 5.1s post-roll,8:31:42,0,
1785724173.397,2026-08-02 20:29:33.397424,201,e9da827e56ee42229093f966215eb19f,start,rule2_orphan_pulse,30:41,41,30,radar,video,1785724167.367,1785724168.348,0.982,15.982,fisheye,"orphan on detector '30': orphan pulse duration=0.982s window=[1785724162.367, 1785724173.348]",3:30:41,0,
1785724174.415,2026-08-02 20:29:34.414919,201,1df11cc47774402296326dfd6ec7ced2,start,rule2_orphan_pulse,3:41,3,41,video,radar,1785724168.036,1785724169.356,1.319,16.319,fisheye,"orphan on detector '3': orphan pulse duration=1.319s window=[1785724163.036, 1785724174.356]",3:30:41,0,
1785724262.000,2026-08-02 20:31:01.999722,201,5dd77724999e48d7a931065070766e07,start,rule2_orphan_pulse,26:33,33,26,radar,video,1785724255.631,1785724256.930,1.299,16.299,fisheye,"orphan on detector '26': orphan pulse duration=1.299s window=[1785724250.631, 1785724261.930]",26:33,0,
1785724342.081,2026-08-02 20:32:22.080992,201,b356f84732fe4ba5bd1b1a3feffacc51,start,rule2_orphan_pulse,31:8,31,8,video,video,1785724335.669,1785724336.985,1.316,16.316,fisheye,"orphan on detector '8': orphan pulse duration=1.316s window=[1785724330.669, 1785724341.985]",8:31:42,0,
1785724342.085,2026-08-02 20:32:22.085012,201,4b041cabed474058b03bfc65e4b7f5c2,start,rule2_orphan_pulse,42:8,8,42,video,radar,1785724335.669,1785724336.985,1.316,16.316,fisheye,"orphan on detector '8': orphan pulse duration=1.316s window=[1785724330.669, 1785724341.985]",8:31:42,1,b356f84732fe4ba5bd1b1a3feffacc51
1785724343.395,2026-08-02 20:32:23.395225,201,019afda2b02d4e34874c243e4cc23f46,start,rule1_continuous_disagreement,29:43,43,29,radar,video,1785724338.353,,5.042,300.0,fisheye,"detector '43' ON, detector '29' OFF for 5.042s (threshold=5.0s)",29:43,0,
1785724359.445,2026-08-02 20:32:39.445459,201,8c19003ab0a446d6a1a368a721a04b51,start,rule2_orphan_pulse,24:38,38,24,radar,video,1785724353.039,1785724354.387,1.348,16.348,fisheye,"orphan on detector '24': orphan pulse duration=1.348s window=[1785724348.039, 1785724359.387]",7:24:38,0,
1785724359.447,2026-08-02 20:32:39.447469,201,1293e468105c4a7193b9809aa9425512,start,rule2_orphan_pulse,24:7,24,7,video,video,1785724353.039,1785724354.387,1.348,16.348,fisheye,"orphan on detector '24': orphan pulse duration=1.348s window=[1785724348.039, 1785724359.387]",7:24:38,1,8c19003ab0a446d6a1a368a721a04b51
1785724369.238,2026-08-02 20:32:49.237988,201,019afda2b02d4e34874c243e4cc23f46,stop,rule1_continuous_disagreement,29:43,43,29,radar,video,,,0.0,300.0,fisheye,Rule 1 recording stopped after 5.0s post-roll,29:43,0,
1785724431.158,2026-08-02 20:33:51.157967,201,e9fa9d370a9d44abb20c9f6dd5245803,start,rule2_orphan_pulse,38:7,7,38,video,radar,1785724425.408,1785724426.075,0.667,15.667,fisheye,"orphan on detector '38': orphan pulse duration=0.667s window=[1785724420.408, 1785724431.075]",7:24:38,0,
1785724432.474,2026-08-02 20:33:52.474018,201,82935b852ec3468bbb35dcaf95a11546,start,rule2_orphan_pulse,24:7,24,7,video,video,1785724426.075,1785724427.384,1.31,16.310000000000002,fisheye,"orphan on detector '24': orphan pulse duration=1.31s window=[1785724421.075, 1785724432.384]",7:24:38,0,
1785724437.726,2026-08-02 20:33:57.725600,201,ec60fb194e8b4b2aba47c5cfa2a7743c,start,rule1_continuous_disagreement,24:38,38,24,radar,video,1785724432.684,,5.042,300.0,fisheye,"detector '38' ON, detector '24' OFF for 5.042s (threshold=5.0s)",7:24:38,0,
1785724443.884,2026-08-02 20:34:03.883872,201,ec60fb194e8b4b2aba47c5cfa2a7743c,stop,rule1_continuous_disagreement,24:38,38,24,radar,video,,,0.0,300.0,fisheye,Rule 1 recording stopped after 5.0s post-roll,7:24:38,0,
1785724448.117,2026-08-02 20:34:08.117120,201,2b926f10be864ec99268b7c6ab87babb,start,rule2_orphan_pulse,31:8,31,8,video,video,1785724438.481,1785724443.047,4.566,19.566,fisheye,"orphan on detector '8': orphan pulse duration=4.566s window=[1785724433.481, 1785724448.047]",8:31:42,0,
1785724448.122,2026-08-02 20:34:08.122499,201,89a90738defc4d91b4e1c710fc86a3ec,start,rule2_orphan_pulse,42:8,8,42,video,radar,1785724438.481,1785724443.047,4.566,19.566,fisheye,"orphan on detector '8': orphan pulse duration=4.566s window=[1785724433.481, 1785724448.047]",8:31:42,1,2b926f10be864ec99268b7c6ab87babb
1785724749.024,2026-08-02 20:39:09.024041,201,d35a755e6a5b4a5595bfe5b69c754ece,start,rule1_continuous_disagreement,42:8,8,42,video,radar,1785724743.974,,5.05,300.0,fisheye,"detector '8' ON, detector '42' OFF for 5.05s (threshold=5.0s)",8:31:42,0,
1785724752.988,2026-08-02 20:39:12.987655,201,e4927ba45f7943a89b46e8e1499ad9fa,start,rule2_orphan_pulse,31:42,42,31,radar,video,1785724746.891,1785724747.889,0.998,15.998000000000001,fisheye,"orphan on detector '31': orphan pulse duration=0.998s window=[1785724741.891, 1785724752.889]",8:31:42,0,
1785724755.615,2026-08-02 20:39:15.614677,201,d35a755e6a5b4a5595bfe5b69c754ece,stop,rule1_continuous_disagreement,42:8,8,42,video,radar,,,0.0,300.0,fisheye,Rule 1 recording stopped after 5.1s post-roll,8:31:42,0,
1785725010.573,2026-08-02 20:43:30.573237,201,52aa8751d26248ff9dcd563074ae87bf,start,rule2_orphan_pulse,26:33,33,26,radar,video,1785725004.197,1785725005.547,1.349,16.349,fisheye,"orphan on detector '26': orphan pulse duration=1.349s window=[1785724999.197, 1785725010.547]",26:33,0,
1785725016.330,2026-08-02 20:43:36.329572,201,35e3b010f4b9435ab5e9db6f4a1be992,start,rule2_orphan_pulse,26:33,33,26,radar,video,1785725009.921,1785725011.277,1.357,16.357,fisheye,"orphan on detector '26': orphan pulse duration=1.357s window=[1785725004.921, 1785725016.277]",26:33,0,
1785725162.363,2026-08-02 20:46:02.363338,201,836a3ee152a543fb9c4c97086a3cb274,start,rule2_orphan_pulse,22:39,39,22,radar,video,1785725153.623,1785725157.341,3.718,18.718,fisheye,"orphan on detector '39': orphan pulse duration=3.718s window=[1785725148.623, 1785725162.341]",4:22:39,0,
1785725162.363,2026-08-02 20:46:02.363338,201,31b0706d547549bfb528e37ddca25726,start,rule2_orphan_pulse,39:4,4,39,video,radar,1785725153.623,1785725157.341,3.718,18.718,fisheye,"orphan on detector '39': orphan pulse duration=3.718s window=[1785725148.623, 1785725162.341]",4:22:39,1,836a3ee152a543fb9c4c97086a3cb274
1785725463.656,2026-08-02 20:51:03.656314,201,f27edb32c2c7478cb6cf9a1ee2a382b9,start,rule1_continuous_disagreement,31:8,31,8,video,video,1785725458.606,,5.05,300.0,fisheye,"detector '8' ON, detector '31' OFF for 5.05s (threshold=5.0s)",8:31:42,0,
1785725463.662,2026-08-02 20:51:03.662450,201,7cdbc3f30e1c425da7376fa1bbba3884,start,rule1_continuous_disagreement,42:8,8,42,video,radar,1785725458.606,,5.056,300.0,fisheye,"detector '8' ON, detector '42' OFF for 5.056s (threshold=5.0s)",8:31:42,1,f27edb32c2c7478cb6cf9a1ee2a382b9
1785725470.135,2026-08-02 20:51:10.134656,201,f27edb32c2c7478cb6cf9a1ee2a382b9,stop,rule1_continuous_disagreement,31:8,31,8,video,video,,,0.0,300.0,fisheye,Rule 1 recording stopped after 5.1s post-roll,8:31:42,0,
1785725513.600,2026-08-02 20:51:53.599822,201,5bbc2488421c4a0189711d02c383ff6d,start,rule2_orphan_pulse,29:43,43,29,radar,video,1785725507.165,1785725508.501,1.336,16.336,fisheye,"orphan on detector '29': orphan pulse duration=1.336s window=[1785725502.165, 1785725513.501]",29:43,0,
1785725557.259,2026-08-02 20:52:37.258784,201,ef6a94b8daf84630a2db8aa3185a0549,start,rule2_orphan_pulse,26:33,33,26,radar,video,1785725550.900,1785725552.254,1.354,16.354,fisheye,"orphan on detector '26': orphan pulse duration=1.354s window=[1785725545.900, 1785725557.254]",26:33,0,
1785725666.342,2026-08-02 20:54:26.341829,201,bbde7d9b6c2f4da1b7fee4a6264ac4fd,start,rule2_orphan_pulse,3:30,30,3,video,video,1785725658.450,1785725661.274,2.823,17.823,fisheye,"orphan on detector '3': orphan pulse duration=2.823s window=[1785725653.450, 1785725666.274]",3:30:41,0,
1785725666.344,2026-08-02 20:54:26.344442,201,2a3c9ae02ca24ef68ae914c2c5411040,start,rule2_orphan_pulse,3:41,3,41,video,radar,1785725658.450,1785725661.274,2.823,17.823,fisheye,"orphan on detector '3': orphan pulse duration=2.823s window=[1785725653.450, 1785725666.274]",3:30:41,1,bbde7d9b6c2f4da1b7fee4a6264ac4fd
1785725731.385,2026-08-02 20:55:31.385174,201,f183609c85134e218f6bd87d051379b3,start,rule1_continuous_disagreement,3:30,30,3,video,video,1785725726.344,,5.041,300.0,fisheye,"detector '3' ON, detector '30' OFF for 5.041s (threshold=5.0s)",3:30:41,0,
1785725731.388,2026-08-02 20:55:31.387811,201,4012a805028b46aaad4cb195ce684c30,start,rule1_continuous_disagreement,3:41,3,41,video,radar,1785725726.345,,5.043,300.0,fisheye,"detector '3' ON, detector '41' OFF for 5.043s (threshold=5.0s)",3:30:41,1,f183609c85134e218f6bd87d051379b3
1785725770.298,2026-08-02 20:56:10.297626,201,61f41fe602c44a349f8ff609555b1f1e,start,rule1_continuous_disagreement,30:41,41,30,radar,video,1785725765.260,,5.038,300.0,fisheye,"detector '30' ON, detector '41' OFF for 5.038s (threshold=5.0s)",3:30:41,0,
1785725790.499,2026-08-02 20:56:30.499324,201,61f41fe602c44a349f8ff609555b1f1e,stop,rule1_continuous_disagreement,30:41,41,30,radar,video,,,0.0,300.0,fisheye,Rule 1 recording stopped after 5.0s post-roll,3:30:41,0,
1785725826.218,2026-08-02 20:57:06.217889,201,f183609c85134e218f6bd87d051379b3,stop,rule1_continuous_disagreement,3:30,30,3,video,video,,,0.0,300.0,fisheye,Rule 1 recording stopped after 5.0s post-roll,3:30:41,0,
1785725830.072,2026-08-02 20:57:10.071518,201,730f4887b9c348e28b55ead1e206e637,start,rule2_orphan_pulse,29:43,43,29,radar,video,1785725824.396,1785725825.053,0.658,15.658000000000001,fisheye,"orphan on detector '29': orphan pulse duration=0.658s window=[1785725819.396, 1785725830.053]",29:43,0,
1785725835.429,2026-08-02 20:57:15.429372,201,315dec1bc6ec4fcf8035fe3f1a5eca45,start,rule1_continuous_disagreement,31:42,42,31,radar,video,1785725830.376,,5.053,300.0,fisheye,"detector '31' ON, detector '42' OFF for 5.053s (threshold=5.0s)",8:31:42,0,
1785725840.879,2026-08-02 20:57:20.878915,201,315dec1bc6ec4fcf8035fe3f1a5eca45,stop,rule1_continuous_disagreement,31:42,42,31,radar,video,,,0.0,300.0,fisheye,Rule 1 recording stopped after 5.0s post-roll,8:31:42,0,
1785725915.424,2026-08-02 20:58:35.423843,201,031d5fe1a2b54cee9d7ba50e7b9356bd,start,rule2_orphan_pulse,26:33,33,26,radar,video,1785725908.989,1785725910.357,1.368,16.368000000000002,fisheye,"orphan on detector '26': orphan pulse duration=1.368s window=[1785725903.989, 1785725915.357]",26:33,0,
1785726114.647,2026-08-02 21:01:54.647042,201,bc0e53ea17124d20b29da42bc04bc986,start,rule2_orphan_pulse,29:43,43,29,radar,video,1785726107.693,1785726109.626,1.934,16.934,fisheye,"orphan on detector '43': orphan pulse duration=1.934s window=[1785726102.693, 1785726114.626]",29:43,0,
1785726237.595,2026-08-02 21:03:57.595061,201,c799a836186e4ea3bf90b9b156a14f5b,start,rule2_orphan_pulse,31:8,31,8,video,video,1785726227.679,1785726232.516,4.837,19.837,fisheye,"orphan on detector '8': orphan pulse duration=4.837s window=[1785726222.679, 1785726237.516]",8:31:42,0,
1785726237.605,2026-08-02 21:03:57.604886,201,a5942533699c46c4909ffcbbdd0dc2a1,start,rule2_orphan_pulse,42:8,8,42,video,radar,1785726227.679,1785726232.516,4.837,19.837,fisheye,"orphan on detector '8': orphan pulse duration=4.837s window=[1785726222.679, 1785726237.516]",8:31:42,1,c799a836186e4ea3bf90b9b156a14f5b
1785726394.479,2026-08-02 21:06:34.479039,201,a426c448025a462f96d8d9c55d8842ce,start,rule1_continuous_disagreement,42:8,8,42,video,radar,1785726389.439,,5.04,300.0,fisheye,"detector '8' ON, detector '42' OFF for 5.04s (threshold=5.0s)",8:31:42,0,
1785726400.139,2026-08-02 21:06:40.139148,201,a426c448025a462f96d8d9c55d8842ce,stop,rule1_continuous_disagreement,42:8,8,42,video,radar,,,0.0,300.0,fisheye,Rule 1 recording stopped after 5.0s post-roll,8:31:42,0,
1785726470.165,2026-08-02 21:07:50.164644,201,aaf00e777efa46919bf17edc908fc744,start,rule1_continuous_disagreement,31:42,42,31,radar,video,1785726465.127,,5.038,300.0,fisheye,"detector '31' ON, detector '42' OFF for 5.038s (threshold=5.0s)",8:31:42,0,
1785726470.169,2026-08-02 21:07:50.169256,201,75758a19486f4fb59f1395f155e908b6,start,rule1_continuous_disagreement,42:8,8,42,video,radar,1785726465.126,,5.043,300.0,fisheye,"detector '8' ON, detector '42' OFF for 5.043s (threshold=5.0s)",8:31:42,1,aaf00e777efa46919bf17edc908fc744
1785726499.106,2026-08-02 21:08:19.106067,201,aaf00e777efa46919bf17edc908fc744,stop,rule1_continuous_disagreement,31:42,42,31,radar,video,,,0.0,300.0,fisheye,Rule 1 recording stopped after 5.0s post-roll,8:31:42,0,
1785726565.180,2026-08-02 21:09:25.180338,201,ee2e2617e5924317abb27baac152e9b2,start,rule2_orphan_pulse,42:8,8,42,video,radar,1785726556.089,1785726560.098,4.008,19.008,fisheye,"orphan on detector '8': orphan pulse duration=4.008s window=[1785726551.089, 1785726565.098]",8:31:42,0,
1785726565.787,2026-08-02 21:09:25.786514,201,9fa233b578c8411881f16f44610defb4,start,rule2_orphan_pulse,31:42,42,31,radar,video,1785726559.775,1785726560.780,1.005,16.005,fisheye,"orphan on detector '31': orphan pulse duration=1.005s window=[1785726554.775, 1785726565.780]",8:31:42,1,ee2e2617e5924317abb27baac152e9b2
1785726570.128,2026-08-02 21:09:30.127990,201,f9954e8b052d4c8d9bde3e90d0080951,start,rule2_orphan_pulse,30:41,41,30,radar,video,1785726563.074,1785726565.060,1.986,16.986,fisheye,"orphan on detector '30': orphan pulse duration=1.986s window=[1785726558.074, 1785726570.060]",3:30:41,0,
1785726571.148,2026-08-02 21:09:31.147850,201,8baa6eb059974ef5873020bf565808cd,start,rule2_orphan_pulse,3:41,3,41,video,radar,1785726565.060,1785726566.060,1.0,16.0,fisheye,"orphan on detector '3': orphan pulse duration=1.0s window=[1785726560.060, 1785726571.060]",3:30:41,0,
1785726590.295,2026-08-02 21:09:50.295473,201,bafbe1c15c4e44c4b1384e6a949ee321,start,rule1_continuous_disagreement,31:8,31,8,video,video,1785726585.253,,5.042,300.0,fisheye,"detector '8' ON, detector '31' OFF for 5.042s (threshold=5.0s)",8:31:42,0,
1785726596.862,2026-08-02 21:09:56.861985,201,a0c7376de9d24605bff9a3d550ba28a8,start,rule2_orphan_pulse,31:42,42,31,radar,video,1785726590.795,1785726591.785,0.99,15.99,fisheye,"orphan on detector '31': orphan pulse duration=0.99s window=[1785726585.795, 1785726596.785]",8:31:42,0,
1785726596.868,2026-08-02 21:09:56.867726,201,bafbe1c15c4e44c4b1384e6a949ee321,stop,rule1_continuous_disagreement,31:8,31,8,video,video,,,0.0,300.0,fisheye,Rule 1 recording stopped after 5.1s post-roll,8:31:42,0,
1785726602.524,2026-08-02 21:10:02.524484,201,70deaf1704624deda75b8821e2ee3810,start,rule2_orphan_pulse,30:41,41,30,radar,video,1785726594.467,1785726597.450,2.983,17.983,fisheye,"orphan on detector '30': orphan pulse duration=2.983s window=[1785726589.467, 1785726602.450]",3:30:41,0,
1785726603.536,2026-08-02 21:10:03.535903,201,98057a75c0764bb5a1838d4fe970c9b3,start,rule2_orphan_pulse,3:41,3,41,video,radar,1785726596.443,1785726598.454,2.011,17.011,fisheye,"orphan on detector '3': orphan pulse duration=2.011s window=[1785726591.443, 1785726603.454]",3:30:41,0,
1785726639.950,2026-08-02 21:10:39.950349,201,49112827b6a14346a9e00dc37d04a987,start,rule1_continuous_disagreement,22:39,39,22,radar,video,1785726634.906,,5.044,300.0,fisheye,"detector '22' ON, detector '39' OFF for 5.044s (threshold=5.0s)",4:22:39,0,
1785726641.264,2026-08-02 21:10:41.263967,201,e139ab0bba104afbbc53bfbd95ce06ef,start,rule1_continuous_disagreement,39:4,4,39,video,radar,1785726636.216,,5.048,300.0,fisheye,"detector '4' ON, detector '39' OFF for 5.048s (threshold=5.0s)",4:22:39,0,
1785726655.190,2026-08-02 21:10:55.189691,201,75fd43eaf8f8482eb74692f179302f98,start,rule1_continuous_disagreement,42:8,8,42,video,radar,1785726650.138,,5.052,300.0,fisheye,"detector '8' ON, detector '42' OFF for 5.052s (threshold=5.0s)",8:31:42,0,
1785726659.445,2026-08-02 21:10:59.445305,201,49112827b6a14346a9e00dc37d04a987,stop,rule1_continuous_disagreement,22:39,39,22,radar,video,,,0.0,300.0,fisheye,Rule 1 recording stopped after 5.1s post-roll,4:22:39,0,
1785726659.448,2026-08-02 21:10:59.447807,201,e139ab0bba104afbbc53bfbd95ce06ef,stop,rule1_continuous_disagreement,39:4,4,39,video,radar,,,0.0,300.0,fisheye,Rule 1 recording stopped after 5.1s post-roll,4:22:39,0,
1785726661.066,2026-08-02 21:11:01.065711,201,75fd43eaf8f8482eb74692f179302f98,stop,rule1_continuous_disagreement,42:8,8,42,video,radar,,,0.0,300.0,fisheye,Rule 1 recording stopped after 5.1s post-roll,8:31:42,0,
1785726668.436,2026-08-02 21:11:08.435532,201,c8afe6deb68f46d6ab5be11d7984e704,start,rule2_orphan_pulse,3:41,3,41,video,radar,1785726661.789,1785726663.413,1.624,16.624000000000002,fisheye,"orphan on detector '3': orphan pulse duration=1.624s window=[1785726656.789, 1785726668.413]",3:30:41,0,
1785726700.558,2026-08-02 21:11:40.557882,201,e025a7481fc74278b450c9ac23bae6f4,start,rule2_orphan_pulse,17:46,46,17,radar,video,1785726694.789,1785726695.459,0.671,15.671,fisheye,"orphan on detector '17': orphan pulse duration=0.671s window=[1785726689.789, 1785726700.459]",2:17:46,0,
1785727053.988,2026-08-02 21:17:33.988384,201,8b9e78515e0a4362b5e67b5858690686,start,rule1_continuous_disagreement,42:8,8,42,video,radar,1785727048.945,,5.043,300.0,fisheye,"detector '8' ON, detector '42' OFF for 5.043s (threshold=5.0s)",8:31:42,0,
1785727054.697,2026-08-02 21:17:34.696899,201,cd55c7a1f7354bc58a2949f08be6e927,start,rule1_continuous_disagreement,31:8,31,8,video,video,1785727049.650,,5.047,300.0,fisheye,"detector '31' ON, detector '8' OFF for 5.047s (threshold=5.0s)",8:31:42,1,8b9e78515e0a4362b5e67b5858690686
1785727059.952,2026-08-02 21:17:39.952405,201,8b9e78515e0a4362b5e67b5858690686,stop,rule1_continuous_disagreement,42:8,8,42,video,radar,,,0.0,300.0,fisheye,Rule 1 recording stopped after 5.1s post-roll,8:31:42,0,
1785727063.185,2026-08-02 21:17:43.185472,201,a8d611ffb5da4edca415b85547dc4621,start,rule2_orphan_pulse,30:41,41,30,radar,video,1785727056.849,1785727058.152,1.303,16.303,fisheye,"orphan on detector '30': orphan pulse duration=1.303s window=[1785727051.849, 1785727063.152]",3:30:41,0,
1785727065.206,2026-08-02 21:17:45.205989,201,bac15927066c4de990cbba2068c087d0,start,rule2_orphan_pulse,3:41,3,41,video,radar,1785727059.137,1785727060.118,0.981,15.981,fisheye,"orphan on detector '3': orphan pulse duration=0.981s window=[1785727054.137, 1785727065.118]",3:30:41,0,
1785727310.386,2026-08-02 21:21:50.386162,201,2f88d60e300248b4b58328696f9c474f,start,rule2_orphan_pulse,29:43,43,29,radar,video,1785727300.735,1785727305.303,4.568,19.567999999999998,fisheye,"orphan on detector '43': orphan pulse duration=4.568s window=[1785727295.735, 1785727310.303]",29:43,0,
1785727622.469,2026-08-02 21:27:02.469031,201,a7d507147587498aaf50701769e5356c,start,rule2_orphan_pulse,31:8,31,8,video,video,1785727613.148,1785727617.424,4.275,19.275,fisheye,"orphan on detector '8': orphan pulse duration=4.275s window=[1785727608.148, 1785727622.424]",8:31:42,0,
1785727622.469,2026-08-02 21:27:02.469031,201,959df9baebbd4187952a444dffb629b0,start,rule2_orphan_pulse,42:8,8,42,video,radar,1785727613.148,1785727617.424,4.275,19.275,fisheye,"orphan on detector '8': orphan pulse duration=4.275s window=[1785727608.148, 1785727622.424]",8:31:42,1,a7d507147587498aaf50701769e5356c
1785727625.811,2026-08-02 21:27:05.811044,201,792278c615014be785c146412c0a0594,start,rule2_orphan_pulse,30:41,41,30,radar,video,1785727619.722,1785727620.716,0.994,15.994,fisheye,"orphan on detector '30': orphan pulse duration=0.994s window=[1785727614.722, 1785727625.716]",3:30:41,0,
1785727695.000,2026-08-02 21:28:14.999799,201,9dbad118390b48749b0c34efe00f96a3,start,rule1_continuous_disagreement,42:8,8,42,video,radar,1785727689.952,,5.048,300.0,fisheye,"detector '8' ON, detector '42' OFF for 5.048s (threshold=5.0s)",8:31:42,0,
1785727695.915,2026-08-02 21:28:15.914533,201,228ab41d48514356a1d148cf575b61bb,start,rule2_orphan_pulse,31:42,42,31,radar,video,1785727689.869,1785727690.833,0.965,15.965,fisheye,"orphan on detector '42': orphan pulse duration=0.965s window=[1785727684.869, 1785727695.833]",8:31:42,1,9dbad118390b48749b0c34efe00f96a3
1785727700.558,2026-08-02 21:28:20.558121,201,7776fd9498f948f79d8dce38c63d508f,start,rule2_orphan_pulse,31:8,31,8,video,video,1785727690.833,1785727695.507,4.674,19.674,fisheye,"orphan on detector '8': orphan pulse duration=4.674s window=[1785727685.833, 1785727700.507]",8:31:42,0,
1785727700.561,2026-08-02 21:28:20.560683,201,9dbad118390b48749b0c34efe00f96a3,stop,rule1_continuous_disagreement,42:8,8,42,video,radar,,,0.0,300.0,fisheye,Rule 1 recording stopped after 5.1s post-roll,8:31:42,0,
1785727720.538,2026-08-02 21:28:40.537518,201,f4330ee5c69847b3b50fca3db002ffa0,start,rule2_orphan_pulse,26:33,33,26,radar,video,1785727714.181,1785727715.501,1.32,16.32,fisheye,"orphan on detector '26': orphan pulse duration=1.32s window=[1785727709.181, 1785727720.501]",26:33,0,
1785727761.209,2026-08-02 21:29:21.208738,201,f486d81357ac4704a84a82b4c798c395,start,rule2_orphan_pulse,30:41,41,30,radar,video,1785727754.121,1785727756.111,1.991,16.991,fisheye,"orphan on detector '30': orphan pulse duration=1.991s window=[1785727749.121, 1785727761.111]",3:30:41,0,
1785727762.123,2026-08-02 21:29:22.122551,201,014a370573a048bc8a36ee9f6f57a197,start,rule2_orphan_pulse,3:41,3,41,video,radar,1785727756.434,1785727757.102,0.668,15.668,fisheye,"orphan on detector '3': orphan pulse duration=0.668s window=[1785727751.434, 1785727762.102]",3:30:41,1,f486d81357ac4704a84a82b4c798c395
1785727777.146,2026-08-02 21:29:37.146480,201,177fcaaba10a406ab31dbe44053173fd,start,rule2_orphan_pulse,29:43,43,29,radar,video,1785727771.123,1785727772.106,0.983,15.983,fisheye,"orphan on detector '43': orphan pulse duration=0.983s window=[1785727766.123, 1785727777.106]",29:43,0,
1785727954.285,2026-08-02 21:32:34.284607,201,207e1b0cee1d4a63b7e06294fbf8f3ed,start,rule1_continuous_disagreement,24:38,38,24,radar,video,1785727949.230,,5.055,300.0,fisheye,"detector '38' ON, detector '24' OFF for 5.055s (threshold=5.0s)",7:24:38,0,
1785727963.967,2026-08-02 21:32:43.966692,201,207e1b0cee1d4a63b7e06294fbf8f3ed,stop,rule1_continuous_disagreement,24:38,38,24,radar,video,,,0.0,300.0,fisheye,Rule 1 recording stopped after 5.0s post-roll,7:24:38,0,
1785727975.684,2026-08-02 21:32:55.684154,201,1cf716bca8064cf0b7bde3eb3bc83918,start,rule1_continuous_disagreement,24:7,24,7,video,video,1785727970.631,,5.053,300.0,fisheye,"detector '7' ON, detector '24' OFF for 5.053s (threshold=5.0s)",7:24:38,0,
1785727978.510,2026-08-02 21:32:58.510252,201,961b2266e5134004aa58219d4e1039f8,start,rule2_orphan_pulse,29:43,43,29,radar,video,1785727968.675,1785727973.485,4.81,19.81,fisheye,"orphan on detector '43': orphan pulse duration=4.81s window=[1785727963.675, 1785727978.485]",29:43,0,
1785727992.440,2026-08-02 21:33:12.439865,201,1cf716bca8064cf0b7bde3eb3bc83918,stop,rule1_continuous_disagreement,24:7,24,7,video,video,,,0.0,300.0,fisheye,Rule 1 recording stopped after 5.0s post-roll,7:24:38,0,
1785728010.698,2026-08-02 21:33:30.697643,201,63b7254be73849c695fc4ae30ced1a41,start,rule2_orphan_pulse,29:43,43,29,radar,video,1785728001.450,1785728005.623,4.172,19.172,fisheye,"orphan on detector '43': orphan pulse duration=4.172s window=[1785727996.450, 1785728010.623]",29:43,0,
1785728057.458,2026-08-02 21:34:17.457856,201,810ece3dd47f439785dbfe488b72e427,start,rule1_continuous_disagreement,24:38,38,24,radar,video,1785728052.416,,5.042,300.0,fisheye,"detector '38' ON, detector '24' OFF for 5.042s (threshold=5.0s)",7:24:38,0,
1785728064.216,2026-08-02 21:34:24.215696,201,25c9f744c44a44e8949d42191135a8fc,start,rule2_orphan_pulse,24:7,24,7,video,video,1785728057.518,1785728059.144,1.626,16.625999999999998,fisheye,"orphan on detector '7': orphan pulse duration=1.626s window=[1785728052.518, 1785728064.144]",7:24:38,0,
1785728066.134,2026-08-02 21:34:26.134398,201,810ece3dd47f439785dbfe488b72e427,stop,rule1_continuous_disagreement,24:38,38,24,radar,video,,,0.0,300.0,fisheye,Rule 1 recording stopped after 5.0s post-roll,7:24:38,0,
