event_timestamp,local_timestamp,intersection_id,trigger_id,action,rule,pair_key,det_a,det_b,det_a_type,det_b_type,event_start_ts,event_end_ts,disagreement_sec,max_duration_sec,cameras,description
1785612451.909,2026-08-01 13:27:31.908563,201,90217f10d2144b03a160abf0675d4fad,start,rule1_continuous_disagreement,31:8,31,8,video,video,1785612446.870,,5.039,300.0,fisheye,"detector '8' ON, detector '31' OFF for 5.039s (threshold=5.0s)"
1785612451.914,2026-08-01 13:27:31.914152,201,c19490aea721466d9946b78afa586661,start,rule1_continuous_disagreement,42:8,8,42,video,radar,1785612446.869,,5.045,300.0,fisheye,"detector '8' ON, detector '42' OFF for 5.045s (threshold=5.0s)"
1785612457.685,2026-08-01 13:27:37.685245,201,90217f10d2144b03a160abf0675d4fad,stop,rule1_continuous_disagreement,31:8,31,8,video,video,,,0.0,300.0,fisheye,Rule 1 recording stopped after 5.1s post-roll
1785612457.689,2026-08-01 13:27:37.688900,201,c19490aea721466d9946b78afa586661,stop,rule1_continuous_disagreement,42:8,8,42,video,radar,,,0.0,300.0,fisheye,Rule 1 recording stopped after 5.1s post-roll
1785612491.612,2026-08-01 13:28:11.611826,201,bce0ae77685a45869fc4d7dfc2a86801,start,rule1_continuous_disagreement,22:39,39,22,radar,video,1785612486.569,,5.043,300.0,fisheye,"detector '39' ON, detector '22' OFF for 5.043s (threshold=5.0s)"
1785612491.618,2026-08-01 13:28:11.618363,201,a3e5e9b02e054be4a83dd71224d14168,start,rule1_continuous_disagreement,39:4,4,39,video,radar,1785612486.568,,5.05,300.0,fisheye,"detector '39' ON, detector '4' OFF for 5.05s (threshold=5.0s)"
1785612499.291,2026-08-01 13:28:19.291439,201,2d415a28538f417d9203c53e00cb7c12,start,rule2_orphan_pulse,30:41,41,30,radar,video,1785612491.966,1785612494.246,2.28,17.28,fisheye,"orphan on detector '30': orphan pulse duration=2.28s window=[1785612486.966, 1785612499.246]"
1785612500.604,2026-08-01 13:28:20.604245,201,338a7e27dc5043a8beb02a580fa5bf6a,start,rule2_orphan_pulse,3:41,3,41,video,radar,1785612493.918,1785612495.542,1.624,16.624000000000002,fisheye,"orphan on detector '3': orphan pulse duration=1.624s window=[1785612488.918, 1785612500.542]"
1785612522.394,2026-08-01 13:28:42.393894,201,bce0ae77685a45869fc4d7dfc2a86801,stop,rule1_continuous_disagreement,22:39,39,22,radar,video,,,0.0,300.0,fisheye,Rule 1 recording stopped after 5.0s post-roll
1785612522.396,2026-08-01 13:28:42.396123,201,a3e5e9b02e054be4a83dd71224d14168,stop,rule1_continuous_disagreement,39:4,4,39,video,radar,,,0.0,300.0,fisheye,Rule 1 recording stopped after 5.0s post-roll
1785612544.386,2026-08-01 13:29:04.386271,201,59561272909943df9c9cb326a5fab076,start,rule1_continuous_disagreement,42:8,8,42,video,radar,1785612539.341,,5.045,300.0,fisheye,"detector '8' ON, detector '42' OFF for 5.045s (threshold=5.0s)"
1785612545.297,2026-08-01 13:29:05.296983,201,0ed05e1cd8ae4860a8865f11a0eae574,start,rule2_orphan_pulse,31:42,42,31,radar,video,1785612539.327,1785612540.293,0.966,15.966000000000001,fisheye,"orphan on detector '42': orphan pulse duration=0.966s window=[1785612534.327, 1785612545.293]"
1785612545.401,2026-08-01 13:29:05.400608,201,6df5f81da4e645c9b6f891a7e95073ca,start,rule1_continuous_disagreement,31:8,31,8,video,video,1785612540.350,,5.051,300.0,fisheye,"detector '8' ON, detector '31' OFF for 5.051s (threshold=5.0s)"
1785612552.476,2026-08-01 13:29:12.476372,201,6df5f81da4e645c9b6f891a7e95073ca,stop,rule1_continuous_disagreement,31:8,31,8,video,video,,,0.0,300.0,fisheye,Rule 1 recording stopped after 5.1s post-roll
1785612552.479,2026-08-01 13:29:12.479472,201,59561272909943df9c9cb326a5fab076,stop,rule1_continuous_disagreement,42:8,8,42,video,radar,,,0.0,300.0,fisheye,Rule 1 recording stopped after 5.1s post-roll
1785612612.064,2026-08-01 13:30:12.064390,201,c1ee47c9db7c43bdadd24587b6bb58ea,start,rule1_continuous_disagreement,39:4,4,39,video,radar,1785612607.015,,5.049,300.0,fisheye,"detector '4' ON, detector '39' OFF for 5.049s (threshold=5.0s)"
1785612617.872,2026-08-01 13:30:17.872486,201,c1ee47c9db7c43bdadd24587b6bb58ea,stop,rule1_continuous_disagreement,39:4,4,39,video,radar,,,0.0,300.0,fisheye,Rule 1 recording stopped after 5.0s post-roll
1785612845.130,2026-08-01 13:34:05.130471,201,be252584776b44eb87498aa551845f6b,start,rule1_continuous_disagreement,42:8,8,42,video,radar,1785612840.064,,5.066,300.0,fisheye,"detector '8' ON, detector '42' OFF for 5.066s (threshold=5.0s)"
1785612845.751,2026-08-01 13:34:05.750853,201,3e07f45768e64e0eb49308e946029897,start,rule1_continuous_disagreement,31:8,31,8,video,video,1785612840.675,,5.076,300.0,fisheye,"detector '8' ON, detector '31' OFF for 5.076s (threshold=5.0s)"
1785612849.397,2026-08-01 13:34:09.397255,201,759b5fb217bd4875a8a5217b2d4c3a0d,start,rule1_continuous_disagreement,30:41,41,30,radar,video,1785612844.319,,5.078,300.0,fisheye,"detector '41' ON, detector '30' OFF for 5.078s (threshold=5.0s)"
1785612850.929,2026-08-01 13:34:10.928694,201,7cd87025883e4098965225ee1f15acd4,start,rule1_continuous_disagreement,3:41,3,41,video,radar,1785612845.860,,5.069,300.0,fisheye,"detector '41' ON, detector '3' OFF for 5.069s (threshold=5.0s)"
1785612850.935,2026-08-01 13:34:10.934550,201,3e07f45768e64e0eb49308e946029897,stop,rule1_continuous_disagreement,31:8,31,8,video,video,,,0.0,300.0,fisheye,Rule 1 recording stopped after 5.1s post-roll
1785612850.935,2026-08-01 13:34:10.934550,201,be252584776b44eb87498aa551845f6b,stop,rule1_continuous_disagreement,42:8,8,42,video,radar,,,0.0,300.0,fisheye,Rule 1 recording stopped after 5.1s post-roll
1785612870.940,2026-08-01 13:34:30.940457,201,759b5fb217bd4875a8a5217b2d4c3a0d,stop,rule1_continuous_disagreement,30:41,41,30,radar,video,,,0.0,300.0,fisheye,Rule 1 recording stopped after 5.1s post-roll
1785612872.563,2026-08-01 13:34:32.563482,201,fcae83b8cf634a19b35c881a2ddade0d,start,rule2_orphan_pulse,31:42,42,31,radar,video,1785612864.155,1785612867.544,3.389,18.389,fisheye,"orphan on detector '42': orphan pulse duration=3.389s window=[1785612859.155, 1785612872.544]"
1785612872.568,2026-08-01 13:34:32.567810,201,13389b5037024724940b98500721ad50,start,rule2_orphan_pulse,42:8,8,42,video,radar,1785612864.155,1785612867.544,3.389,18.389,fisheye,"orphan on detector '42': orphan pulse duration=3.389s window=[1785612859.155, 1785612872.544]"
1785612872.677,2026-08-01 13:34:32.676741,201,7cd87025883e4098965225ee1f15acd4,stop,rule1_continuous_disagreement,3:41,3,41,video,radar,,,0.0,300.0,fisheye,Rule 1 recording stopped after 5.1s post-roll
1785612880.098,2026-08-01 13:34:40.097522,201,5902993900394a63810665783aa73a38,start,rule2_orphan_pulse,31:8,31,8,video,video,1785612873.737,1785612875.026,1.288,16.288,fisheye,"orphan on detector '8': orphan pulse duration=1.288s window=[1785612868.737, 1785612880.026]"
1785612887.182,2026-08-01 13:34:47.181861,201,8b0de7bfe7944fa89a61b11b466e9b1a,start,rule2_orphan_pulse,31:42,42,31,radar,video,1785612878.905,1785612882.137,3.232,18.232,fisheye,"orphan on detector '42': orphan pulse duration=3.232s window=[1785612873.905, 1785612887.137]"
1785612906.369,2026-08-01 13:35:06.369289,201,7def7fb9b15f411aab749e3218014c04,start,rule1_continuous_disagreement,22:39,39,22,radar,video,1785612901.314,,5.055,300.0,fisheye,"detector '39' ON, detector '22' OFF for 5.055s (threshold=5.0s)"
1785612906.376,2026-08-01 13:35:06.375673,201,32f0c32e627d4cfd955426931b8d2aff,start,rule1_continuous_disagreement,39:4,4,39,video,radar,1785612901.315,,5.061,300.0,fisheye,"detector '39' ON, detector '4' OFF for 5.061s (threshold=5.0s)"
1785612929.047,2026-08-01 13:35:29.046727,201,3fb43d6559c6475081270d9b6134da30,start,rule1_continuous_disagreement,30:41,41,30,radar,video,1785612923.998,,5.049,300.0,fisheye,"detector '30' ON, detector '41' OFF for 5.049s (threshold=5.0s)"
1785612929.052,2026-08-01 13:35:29.051670,201,4d236c3cf32845e0abf006719e9a0dcd,start,rule1_continuous_disagreement,3:41,3,41,video,radar,1785612923.998,,5.054,300.0,fisheye,"detector '3' ON, detector '41' OFF for 5.054s (threshold=5.0s)"
1785612937.469,2026-08-01 13:35:37.468557,201,c91397283ee54a31804abbafec046675,start,rule2_orphan_pulse,29:43,43,29,radar,video,1785612931.465,1785612932.421,0.956,15.956,fisheye,"orphan on detector '43': orphan pulse duration=0.956s window=[1785612926.465, 1785612937.421]"
1785612940.508,2026-08-01 13:35:40.508015,201,3fb43d6559c6475081270d9b6134da30,stop,rule1_continuous_disagreement,30:41,41,30,radar,video,,,0.0,300.0,fisheye,Rule 1 recording stopped after 5.1s post-roll
1785612942.136,2026-08-01 13:35:42.135691,201,4d236c3cf32845e0abf006719e9a0dcd,stop,rule1_continuous_disagreement,3:41,3,41,video,radar,,,0.0,300.0,fisheye,Rule 1 recording stopped after 5.1s post-roll
1785612949.330,2026-08-01 13:35:49.330100,201,04f825d498e04c7992b2173f3815873b,start,rule1_continuous_disagreement,26:33,33,26,radar,video,1785612944.265,,5.065,300.0,fisheye,"detector '33' ON, detector '26' OFF for 5.065s (threshold=5.0s)"
1785612959.554,2026-08-01 13:35:59.554484,201,7def7fb9b15f411aab749e3218014c04,stop,rule1_continuous_disagreement,22:39,39,22,radar,video,,,0.0,300.0,fisheye,Rule 1 recording stopped after 5.1s post-roll
1785612959.557,2026-08-01 13:35:59.556576,201,32f0c32e627d4cfd955426931b8d2aff,stop,rule1_continuous_disagreement,39:4,4,39,video,radar,,,0.0,300.0,fisheye,Rule 1 recording stopped after 5.1s post-roll
1785612978.509,2026-08-01 13:36:18.509395,201,04f825d498e04c7992b2173f3815873b,stop,rule1_continuous_disagreement,26:33,33,26,radar,video,,,0.0,300.0,fisheye,Rule 1 recording stopped after 5.0s post-roll
1785613019.667,2026-08-01 13:36:59.666639,201,ad53d4ec7d604be088e51df1c3bedbf4,start,rule1_continuous_disagreement,42:8,8,42,video,radar,1785613014.598,,5.069,300.0,fisheye,"detector '8' ON, detector '42' OFF for 5.069s (threshold=5.0s)"
1785613026.676,2026-08-01 13:37:06.676273,201,ad53d4ec7d604be088e51df1c3bedbf4,stop,rule1_continuous_disagreement,42:8,8,42,video,radar,,,0.0,300.0,fisheye,Rule 1 recording stopped after 5.1s post-roll
1785613037.901,2026-08-01 13:37:17.901481,201,a37f26049a2345e8bae8a9adebc62a89,start,rule1_continuous_disagreement,31:42,42,31,radar,video,1785613032.849,,5.052,300.0,fisheye,"detector '31' ON, detector '42' OFF for 5.052s (threshold=5.0s)"
1785613049.901,2026-08-01 13:37:29.900873,201,a37f26049a2345e8bae8a9adebc62a89,stop,rule1_continuous_disagreement,31:42,42,31,radar,video,,,0.0,300.0,fisheye,Rule 1 recording stopped after 5.1s post-roll
1785613058.493,2026-08-01 13:37:38.492874,201,6ca4e5d027054d7b8a9dedc1afdb843c,start,rule2_orphan_pulse,29:43,43,29,radar,video,1785613052.760,1785613053.419,0.658,15.658000000000001,fisheye,"orphan on detector '29': orphan pulse duration=0.658s window=[1785613047.760, 1785613058.419]"
1785613067.887,2026-08-01 13:37:47.886751,201,f51ab12ea64e4b6f9b13c8df707fd4f2,start,rule2_orphan_pulse,29:43,43,29,radar,video,1785613059.812,1785613062.854,3.041,18.041,fisheye,"orphan on detector '29': orphan pulse duration=3.041s window=[1785613054.812, 1785613067.854]"
1785613217.558,2026-08-01 13:40:17.557510,201,2ce328e8fbbe4b31a3ce2cf82af11a74,start,rule2_orphan_pulse,17:46,46,17,radar,video,1785613211.488,1785613212.487,0.999,15.998999999999999,fisheye,"orphan on detector '17': orphan pulse duration=0.999s window=[1785613206.488, 1785613217.487]"
1785613217.566,2026-08-01 13:40:17.565861,201,865bf3d5193c4ec2bf8fd3726e3baa3f,start,rule2_orphan_pulse,2:46,2,46,video,radar,1785613211.817,1785613212.487,0.67,15.67,fisheye,"orphan on detector '2': orphan pulse duration=0.67s window=[1785613206.817, 1785613217.487]"
1785613280.158,2026-08-01 13:41:20.158495,201,d1a272e77cbe4b74abae131a283c5f03,start,rule1_continuous_disagreement,42:8,8,42,video,radar,1785613275.084,,5.074,300.0,fisheye,"detector '8' ON, detector '42' OFF for 5.074s (threshold=5.0s)"
1785613282.193,2026-08-01 13:41:22.192609,201,ba9353cd55f9457886e7321f91a25a2a,start,rule1_continuous_disagreement,31:8,31,8,video,video,1785613277.124,,5.069,300.0,fisheye,"detector '8' ON, detector '31' OFF for 5.069s (threshold=5.0s)"
1785613287.753,2026-08-01 13:41:27.753232,201,ba9353cd55f9457886e7321f91a25a2a,stop,rule1_continuous_disagreement,31:8,31,8,video,video,,,0.0,300.0,fisheye,Rule 1 recording stopped after 5.1s post-roll
1785613287.765,2026-08-01 13:41:27.765431,201,d1a272e77cbe4b74abae131a283c5f03,stop,rule1_continuous_disagreement,42:8,8,42,video,radar,,,0.0,300.0,fisheye,Rule 1 recording stopped after 5.1s post-roll
1785613312.238,2026-08-01 13:41:52.237803,201,bcf556587a014c08b8dc2502d2174a96,start,rule1_continuous_disagreement,31:8,31,8,video,video,1785613307.189,,5.049,300.0,fisheye,"detector '8' ON, detector '31' OFF for 5.049s (threshold=5.0s)"
1785613317.702,2026-08-01 13:41:57.701629,201,bcf556587a014c08b8dc2502d2174a96,stop,rule1_continuous_disagreement,31:8,31,8,video,video,,,0.0,300.0,fisheye,Rule 1 recording stopped after 5.1s post-roll
1785613358.897,2026-08-01 13:42:38.896944,201,1291242c31024575a80098949045b2d7,start,rule2_orphan_pulse,31:8,31,8,video,video,1785613351.892,1785613353.834,1.941,16.941,fisheye,"orphan on detector '8': orphan pulse duration=1.941s window=[1785613346.892, 1785613358.834]"
1785613361.241,2026-08-01 13:42:41.240881,201,bc13d58627754fa2851850d29fbfc348,start,rule1_continuous_disagreement,29:43,43,29,radar,video,1785613356.163,,5.078,300.0,fisheye,"detector '43' ON, detector '29' OFF for 5.078s (threshold=5.0s)"
1785613361.248,2026-08-01 13:42:41.248317,201,22548456b98d4ebe82f78aed64247981,start,rule1_continuous_disagreement,22:39,39,22,radar,video,1785613356.162,,5.086,300.0,fisheye,"detector '39' ON, detector '22' OFF for 5.086s (threshold=5.0s)"
1785613361.257,2026-08-01 13:42:41.257406,201,4aa12043247a487bb6951ba709a9d7f6,start,rule1_continuous_disagreement,39:4,4,39,video,radar,1785613356.162,,5.095,300.0,fisheye,"detector '39' ON, detector '4' OFF for 5.095s (threshold=5.0s)"
1785613363.499,2026-08-01 13:42:43.498955,201,4c72250109094dc5adaf4282647c4dc7,start,rule1_continuous_disagreement,42:8,8,42,video,radar,1785613358.494,,5.005,300.0,fisheye,"detector '8' ON, detector '42' OFF for 5.005s (threshold=5.0s)"
1785613378.673,2026-08-01 13:42:58.673437,201,e8efbc2f5cff42768312718286bd44b1,start,rule2_orphan_pulse,31:8,31,8,video,video,1785613371.949,1785613373.594,1.645,16.645,fisheye,"orphan on detector '8': orphan pulse duration=1.645s window=[1785613366.949, 1785613378.594]"
1785613384.246,2026-08-01 13:43:04.245881,201,c4ae41ef9e6444459bac1f0579ca7e35,start,rule2_orphan_pulse,31:8,31,8,video,video,1785613375.892,1785613379.226,3.335,18.335,fisheye,"orphan on detector '8': orphan pulse duration=3.335s window=[1785613370.892, 1785613384.226]"
1785613384.355,2026-08-01 13:43:04.354577,201,4c72250109094dc5adaf4282647c4dc7,stop,rule1_continuous_disagreement,42:8,8,42,video,radar,,,0.0,300.0,fisheye,Rule 1 recording stopped after 5.1s post-roll
1785613389.517,2026-08-01 13:43:09.516662,201,22548456b98d4ebe82f78aed64247981,stop,rule1_continuous_disagreement,22:39,39,22,radar,video,,,0.0,300.0,fisheye,Rule 1 recording stopped after 5.1s post-roll
1785613389.526,2026-08-01 13:43:09.525844,201,4aa12043247a487bb6951ba709a9d7f6,stop,rule1_continuous_disagreement,39:4,4,39,video,radar,,,0.0,300.0,fisheye,Rule 1 recording stopped after 5.1s post-roll
1785613392.833,2026-08-01 13:43:12.832539,201,bc13d58627754fa2851850d29fbfc348,stop,rule1_continuous_disagreement,29:43,43,29,radar,video,,,0.0,300.0,fisheye,Rule 1 recording stopped after 5.0s post-roll
1785613450.471,2026-08-01 13:44:10.470869,201,1e7d6e2d3d7c45d1a22c460f08457917,start,rule1_continuous_disagreement,3:41,3,41,video,radar,1785613445.427,,5.044,300.0,fisheye,"detector '3' ON, detector '41' OFF for 5.044s (threshold=5.0s)"
1785613451.083,2026-08-01 13:44:11.082741,201,61cb4aaa961b4bceb488337f1383e39e,start,rule1_continuous_disagreement,30:41,41,30,radar,video,1785613446.034,,5.049,300.0,fisheye,"detector '30' ON, detector '41' OFF for 5.049s (threshold=5.0s)"
1785613453.773,2026-08-01 13:44:13.772566,201,6b81eab27a94404daa1812cb175bc942,start,rule2_orphan_pulse,31:42,42,31,radar,video,1785613448.034,1785613448.692,0.658,15.658000000000001,fisheye,"orphan on detector '31': orphan pulse duration=0.658s window=[1785613443.034, 1785613453.692]"
1785613453.779,2026-08-01 13:44:13.779456,201,5c2b93cc29f240389c03907af31fadc7,start,rule2_orphan_pulse,31:8,31,8,video,video,1785613448.034,1785613448.692,0.658,15.658000000000001,fisheye,"orphan on detector '31': orphan pulse duration=0.658s window=[1785613443.034, 1785613453.692]"
1785613455.146,2026-08-01 13:44:15.145650,201,bb960543eb6d44358078dfa65796fd80,start,rule1_continuous_disagreement,17:46,46,17,radar,video,1785613450.068,,5.078,300.0,fisheye,"detector '17' ON, detector '46' OFF for 5.078s (threshold=5.0s)"
1785613455.153,2026-08-01 13:44:15.152852,201,11ca815d00404f20b31163ab5335ef5d,start,rule1_continuous_disagreement,2:46,2,46,video,radar,1785613450.068,,5.085,300.0,fisheye,"detector '2' ON, detector '46' OFF for 5.085s (threshold=5.0s)"
1785613480.065,2026-08-01 13:44:40.064677,201,bb960543eb6d44358078dfa65796fd80,stop,rule1_continuous_disagreement,17:46,46,17,radar,video,,,0.0,300.0,fisheye,Rule 1 recording stopped after 5.1s post-roll
1785613480.981,2026-08-01 13:44:40.980845,201,11ca815d00404f20b31163ab5335ef5d,stop,rule1_continuous_disagreement,2:46,2,46,video,radar,,,0.0,300.0,fisheye,Rule 1 recording stopped after 5.1s post-roll
1785613481.996,2026-08-01 13:44:41.995995,201,5cc1cb0754e34dad995c336c398fa06b,start,rule1_continuous_disagreement,42:8,8,42,video,radar,1785613476.930,,5.066,300.0,fisheye,"detector '8' ON, detector '42' OFF for 5.066s (threshold=5.0s)"
1785613484.628,2026-08-01 13:44:44.628257,201,bfdfe12f83374e448ad3c1e2d7a32d66,start,rule1_continuous_disagreement,29:43,43,29,radar,video,1785613479.560,,5.068,300.0,fisheye,"detector '43' ON, detector '29' OFF for 5.068s (threshold=5.0s)"
1785613492.535,2026-08-01 13:44:52.534895,201,5cc1cb0754e34dad995c336c398fa06b,stop,rule1_continuous_disagreement,42:8,8,42,video,radar,,,0.0,300.0,fisheye,Rule 1 recording stopped after 5.1s post-roll
1785613493.854,2026-08-01 13:44:53.854159,201,b99c5e839896408b9435b76dae94dfd5,start,rule2_orphan_pulse,31:42,42,31,radar,video,1785613486.438,1785613488.793,2.354,17.354,fisheye,"orphan on detector '31': orphan pulse duration=2.354s window=[1785613481.438, 1785613493.793]"
1785613497.304,2026-08-01 13:44:57.303842,201,bfdfe12f83374e448ad3c1e2d7a32d66,stop,rule1_continuous_disagreement,29:43,43,29,radar,video,,,0.0,300.0,fisheye,Rule 1 recording stopped after 5.1s post-roll
1785613510.563,2026-08-01 13:45:10.562864,201,61cb4aaa961b4bceb488337f1383e39e,stop,rule1_continuous_disagreement,30:41,41,30,radar,video,,,0.0,300.0,fisheye,Rule 1 recording stopped after 5.1s post-roll
1785613517.908,2026-08-01 13:45:17.907928,201,1e7d6e2d3d7c45d1a22c460f08457917,stop,rule1_continuous_disagreement,3:41,3,41,video,radar,,,0.0,300.0,fisheye,Rule 1 recording stopped after 5.0s post-roll
1785613526.201,2026-08-01 13:45:26.200567,201,bbb3bc4c3986429198602e11074d3045,start,rule2_orphan_pulse,29:43,43,29,radar,video,1785613519.227,1785613521.195,1.968,16.968,fisheye,"orphan on detector '29': orphan pulse duration=1.968s window=[1785613514.227, 1785613526.195]"
1785613531.566,2026-08-01 13:45:31.565919,201,d9b77416c44745bdbb5ef62d94438f2b,start,rule2_orphan_pulse,29:43,43,29,radar,video,1785613523.844,1785613526.514,2.671,17.671,fisheye,"orphan on detector '29': orphan pulse duration=2.671s window=[1785613518.844, 1785613531.514]"
1785613563.017,2026-08-01 13:46:03.016902,201,3a6dbca479024fd0ab12f07890ad890f,start,rule1_continuous_disagreement,31:8,31,8,video,video,1785613557.969,,5.048,300.0,fisheye,"detector '8' ON, detector '31' OFF for 5.048s (threshold=5.0s)"
1785613563.026,2026-08-01 13:46:03.025828,201,2ac73f28121548f1865be5e9ff7d985c,start,rule1_continuous_disagreement,42:8,8,42,video,radar,1785613557.969,,5.057,300.0,fisheye,"detector '8' ON, detector '42' OFF for 5.057s (threshold=5.0s)"
1785613570.018,2026-08-01 13:46:10.018449,201,3a6dbca479024fd0ab12f07890ad890f,stop,rule1_continuous_disagreement,31:8,31,8,video,video,,,0.0,300.0,fisheye,Rule 1 recording stopped after 5.1s post-roll
1785613570.026,2026-08-01 13:46:10.026052,201,2ac73f28121548f1865be5e9ff7d985c,stop,rule1_continuous_disagreement,42:8,8,42,video,radar,,,0.0,300.0,fisheye,Rule 1 recording stopped after 5.1s post-roll
1785613595.719,2026-08-01 13:46:35.718566,201,fe3847fcf5ec4c148bfb09e8658cd5fa,start,rule1_continuous_disagreement,31:8,31,8,video,video,1785613590.640,,5.079,300.0,fisheye,"detector '8' ON, detector '31' OFF for 5.079s (threshold=5.0s)"
1785613595.721,2026-08-01 13:46:35.720847,201,e26af647db2e4022a1c0ecb012e631ea,start,rule1_continuous_disagreement,42:8,8,42,video,radar,1785613590.639,,5.082,300.0,fisheye,"detector '8' ON, detector '42' OFF for 5.082s (threshold=5.0s)"
1785613596.434,2026-08-01 13:46:36.433821,201,17d62e5f06dc4b2992ec8a3a5edc0ace,start,rule1_continuous_disagreement,30:41,41,30,radar,video,1785613591.353,,5.081,300.0,fisheye,"detector '30' ON, detector '41' OFF for 5.081s (threshold=5.0s)"
1785613596.445,2026-08-01 13:46:36.445370,201,a487c8bcab6546d2a514ab570df7938b,start,rule1_continuous_disagreement,3:41,3,41,video,radar,1785613591.353,,5.092,300.0,fisheye,"detector '3' ON, detector '41' OFF for 5.092s (threshold=5.0s)"
1785613602.329,2026-08-01 13:46:42.328746,201,fe3847fcf5ec4c148bfb09e8658cd5fa,stop,rule1_continuous_disagreement,31:8,31,8,video,video,,,0.0,300.0,fisheye,Rule 1 recording stopped after 5.1s post-roll
1785613602.334,2026-08-01 13:46:42.333831,201,e26af647db2e4022a1c0ecb012e631ea,stop,rule1_continuous_disagreement,42:8,8,42,video,radar,,,0.0,300.0,fisheye,Rule 1 recording stopped after 5.1s post-roll
1785613628.824,2026-08-01 13:47:08.824404,201,3db439e553b94f07abcdfcd10fd1eec7,start,rule1_continuous_disagreement,17:46,46,17,radar,video,1785613623.735,,5.089,300.0,fisheye,"detector '17' ON, detector '46' OFF for 5.089s (threshold=5.0s)"
1785613630.146,2026-08-01 13:47:10.145528,201,0f379b9f0dc44216bb21e7b555b2978a,start,rule1_continuous_disagreement,2:46,2,46,video,radar,1785613625.048,,5.098,300.0,fisheye,"detector '2' ON, detector '46' OFF for 5.098s (threshold=5.0s)"
1785613636.744,2026-08-01 13:47:16.744426,201,17d62e5f06dc4b2992ec8a3a5edc0ace,stop,rule1_continuous_disagreement,30:41,41,30,radar,video,,,0.0,300.0,fisheye,Rule 1 recording stopped after 5.1s post-roll
1785613636.750,2026-08-01 13:47:16.749950,201,a487c8bcab6546d2a514ab570df7938b,stop,rule1_continuous_disagreement,3:41,3,41,video,radar,,,0.0,300.0,fisheye,Rule 1 recording stopped after 5.1s post-roll
1785613641.352,2026-08-01 13:47:21.351906,201,33e16a61bfd64e14b954ac456916c9f1,start,rule1_continuous_disagreement,31:42,42,31,radar,video,1785613636.339,,5.013,300.0,fisheye,"detector '31' ON, detector '42' OFF for 5.013s (threshold=5.0s)"
1785613641.360,2026-08-01 13:47:21.360430,201,d7fcb739c0b046a98800b84a390cf55d,start,rule1_continuous_disagreement,42:8,8,42,video,radar,1785613636.338,,5.022,300.0,fisheye,"detector '8' ON, detector '42' OFF for 5.022s (threshold=5.0s)"
1785613645.816,2026-08-01 13:47:25.815507,201,23da1430015c441cb450ac89f129c924,start,rule2_orphan_pulse,29:43,43,29,radar,video,1785613640.061,1785613640.731,0.671,15.671,fisheye,"orphan on detector '29': orphan pulse duration=0.671s window=[1785613635.061, 1785613645.731]"
1785613648.752,2026-08-01 13:47:28.752070,201,d7fcb739c0b046a98800b84a390cf55d,stop,rule1_continuous_disagreement,42:8,8,42,video,radar,,,0.0,300.0,fisheye,Rule 1 recording stopped after 5.1s post-roll
1785613649.162,2026-08-01 13:47:29.162248,201,33e16a61bfd64e14b954ac456916c9f1,stop,rule1_continuous_disagreement,31:42,42,31,radar,video,,,0.0,300.0,fisheye,Rule 1 recording stopped after 5.1s post-roll
1785613666.642,2026-08-01 13:47:46.642120,201,3db439e553b94f07abcdfcd10fd1eec7,stop,rule1_continuous_disagreement,17:46,46,17,radar,video,,,0.0,300.0,fisheye,Rule 1 recording stopped after 5.1s post-roll
1785613667.358,2026-08-01 13:47:47.358358,201,0f379b9f0dc44216bb21e7b555b2978a,stop,rule1_continuous_disagreement,2:46,2,46,video,radar,,,0.0,300.0,fisheye,Rule 1 recording stopped after 5.1s post-roll
1785613699.526,2026-08-01 13:48:19.526316,201,95d4a2e39bff4457a9483cd0c6dcc9b8,start,rule1_continuous_disagreement,22:39,39,22,radar,video,1785613694.472,,5.054,300.0,fisheye,"detector '39' ON, detector '22' OFF for 5.054s (threshold=5.0s)"
1785613699.536,2026-08-01 13:48:19.535687,201,c35ef92fa7644d17a56d6d6c814fcedd,start,rule1_continuous_disagreement,39:4,4,39,video,radar,1785613694.473,,5.063,300.0,fisheye,"detector '39' ON, detector '4' OFF for 5.063s (threshold=5.0s)"
1785613713.077,2026-08-01 13:48:33.076777,201,c0ab7004833c47beaec1cc10ebaa1f40,start,rule1_continuous_disagreement,30:41,41,30,radar,video,1785613708.033,,5.044,300.0,fisheye,"detector '41' ON, detector '30' OFF for 5.044s (threshold=5.0s)"
1785613713.085,2026-08-01 13:48:33.084615,201,b6e8218fa1654026b4ded3a0092eadca,start,rule1_continuous_disagreement,3:41,3,41,video,radar,1785613708.034,,5.051,300.0,fisheye,"detector '41' ON, detector '3' OFF for 5.051s (threshold=5.0s)"
1785613715.219,2026-08-01 13:48:35.219413,201,95d4a2e39bff4457a9483cd0c6dcc9b8,stop,rule1_continuous_disagreement,22:39,39,22,radar,video,,,0.0,300.0,fisheye,Rule 1 recording stopped after 5.1s post-roll
1785613715.222,2026-08-01 13:48:35.221908,201,c35ef92fa7644d17a56d6d6c814fcedd,stop,rule1_continuous_disagreement,39:4,4,39,video,radar,,,0.0,300.0,fisheye,Rule 1 recording stopped after 5.1s post-roll
1785613731.252,2026-08-01 13:48:51.251835,201,c0ab7004833c47beaec1cc10ebaa1f40,stop,rule1_continuous_disagreement,30:41,41,30,radar,video,,,0.0,300.0,fisheye,Rule 1 recording stopped after 5.1s post-roll
1785613731.564,2026-08-01 13:48:51.563824,201,44a4acca60054372816ac50a58efbbea,start,rule2_orphan_pulse,3:30,30,3,video,video,1785613725.512,1785613726.489,0.977,15.977,fisheye,"orphan on detector '3': orphan pulse duration=0.977s window=[1785613720.512, 1785613731.489]"
1785613731.671,2026-08-01 13:48:51.671139,201,b6e8218fa1654026b4ded3a0092eadca,stop,rule1_continuous_disagreement,3:41,3,41,video,radar,,,0.0,300.0,fisheye,Rule 1 recording stopped after 5.1s post-roll
1785613738.471,2026-08-01 13:48:58.470897,201,9427ee210c504c54826052c671a50ee0,start,rule2_orphan_pulse,29:43,43,29,radar,video,1785613732.790,1785613733.454,0.665,15.665,fisheye,"orphan on detector '29': orphan pulse duration=0.665s window=[1785613727.790, 1785613738.454]"
1785613775.490,2026-08-01 13:49:35.489871,201,c54c4c4c837d443e89c5b277eed91486,start,rule1_continuous_disagreement,42:8,8,42,video,radar,1785613770.429,,5.061,300.0,fisheye,"detector '8' ON, detector '42' OFF for 5.061s (threshold=5.0s)"
1785613782.218,2026-08-01 13:49:42.218367,201,83de45ec93a44fb0b0aa04436897720f,start,rule2_orphan_pulse,31:42,42,31,radar,video,1785613776.218,1785613777.173,0.955,15.955,fisheye,"orphan on detector '31': orphan pulse duration=0.955s window=[1785613771.218, 1785613782.173]"
1785613784.644,2026-08-01 13:49:44.644175,201,c54c4c4c837d443e89c5b277eed91486,stop,rule1_continuous_disagreement,42:8,8,42,video,radar,,,0.0,300.0,fisheye,Rule 1 recording stopped after 5.1s post-roll
1785613902.007,2026-08-01 13:51:42.007189,201,1a9a707d30034a88ae75043e8098367d,start,rule1_continuous_disagreement,31:8,31,8,video,video,1785613896.940,,5.067,300.0,fisheye,"detector '8' ON, detector '31' OFF for 5.067s (threshold=5.0s)"
1785613902.011,2026-08-01 13:51:42.010989,201,5ab784b810a0459e979b74df4ac5f80e,start,rule1_continuous_disagreement,42:8,8,42,video,radar,1785613896.940,,5.071,300.0,fisheye,"detector '8' ON, detector '42' OFF for 5.071s (threshold=5.0s)"
1785613907.868,2026-08-01 13:51:47.867928,201,1a9a707d30034a88ae75043e8098367d,stop,rule1_continuous_disagreement,31:8,31,8,video,video,,,0.0,300.0,fisheye,Rule 1 recording stopped after 5.0s post-roll
1785613907.878,2026-08-01 13:51:47.878092,201,5ab784b810a0459e979b74df4ac5f80e,stop,rule1_continuous_disagreement,42:8,8,42,video,radar,,,0.0,300.0,fisheye,Rule 1 recording stopped after 5.0s post-roll
1785613910.103,2026-08-01 13:51:50.103052,201,c8a0dc485c1f4bee8cbb3c29053c7226,start,rule2_orphan_pulse,26:33,33,26,radar,video,1785613903.095,1785613905.031,1.936,16.936,fisheye,"orphan on detector '26': orphan pulse duration=1.936s window=[1785613898.095, 1785613910.031]"
1785613952.326,2026-08-01 13:52:32.326431,201,b99dd57dd237495c8e3b7e01fcc62199,start,rule2_orphan_pulse,3:41,3,41,video,radar,1785613946.214,1785613947.240,1.026,16.026,fisheye,"orphan on detector '3': orphan pulse duration=1.026s window=[1785613941.214, 1785613952.240]"
1785614072.370,2026-08-01 13:54:32.369992,201,fc08138eb0f14681968302de3419863d,start,rule1_continuous_disagreement,22:39,39,22,radar,video,1785614067.301,,5.069,300.0,fisheye,"detector '39' ON, detector '22' OFF for 5.069s (threshold=5.0s)"
1785614072.379,2026-08-01 13:54:32.379283,201,130b5b26637d421282957ac1d7b7f852,start,rule1_continuous_disagreement,39:4,4,39,video,radar,1785614067.300,,5.079,300.0,fisheye,"detector '39' ON, detector '4' OFF for 5.079s (threshold=5.0s)"
1785614141.602,2026-08-01 13:55:41.601810,201,fc08138eb0f14681968302de3419863d,stop,rule1_continuous_disagreement,22:39,39,22,radar,video,,,0.0,300.0,fisheye,Rule 1 recording stopped after 5.1s post-roll
1785614141.613,2026-08-01 13:55:41.612815,201,130b5b26637d421282957ac1d7b7f852,stop,rule1_continuous_disagreement,39:4,4,39,video,radar,,,0.0,300.0,fisheye,Rule 1 recording stopped after 5.1s post-roll
1785614162.310,2026-08-01 13:56:02.310355,201,b2417787d7e143f7af8a2ac1540a0abf,start,rule2_orphan_pulse,30:41,41,30,radar,video,1785614156.304,1785614157.278,0.974,15.974,fisheye,"orphan on detector '30': orphan pulse duration=0.974s window=[1785614151.304, 1785614162.278]"
1785614168.987,2026-08-01 13:56:08.987364,201,1aa3d4ea2f3147eeadab6849b4ee49a1,start,rule1_continuous_disagreement,31:42,42,31,radar,video,1785614163.938,,5.049,300.0,fisheye,"detector '31' ON, detector '42' OFF for 5.049s (threshold=5.0s)"
1785614168.997,2026-08-01 13:56:08.996613,201,c5f43f8ae25f44e7b3f118c1008467a9,start,rule1_continuous_disagreement,42:8,8,42,video,radar,1785614163.939,,5.058,300.0,fisheye,"detector '8' ON, detector '42' OFF for 5.058s (threshold=5.0s)"
1785614186.342,2026-08-01 13:56:26.341614,201,1aa3d4ea2f3147eeadab6849b4ee49a1,stop,rule1_continuous_disagreement,31:42,42,31,radar,video,,,0.0,300.0,fisheye,Rule 1 recording stopped after 5.1s post-roll
1785614191.195,2026-08-01 13:56:31.194900,201,c5f43f8ae25f44e7b3f118c1008467a9,stop,rule1_continuous_disagreement,42:8,8,42,video,radar,,,0.0,300.0,fisheye,Rule 1 recording stopped after 5.1s post-roll
1785614191.504,2026-08-01 13:56:31.503845,201,a0d3144ff8f443228c91f2283cebf0f5,start,rule1_continuous_disagreement,29:43,43,29,radar,video,1785614186.447,,5.057,300.0,fisheye,"detector '43' ON, detector '29' OFF for 5.057s (threshold=5.0s)"
1785614194.753,2026-08-01 13:56:34.753459,201,da31bb00df20424da2a9370c3ef230bb,start,rule2_orphan_pulse,3:30,30,3,video,video,1785614186.413,1785614189.699,3.286,18.286,fisheye,"orphan on detector '3': orphan pulse duration=3.286s window=[1785614181.413, 1785614194.699]"
1785614194.761,2026-08-01 13:56:34.760797,201,d5e62c5f165348999e30366f3f6dba06,start,rule2_orphan_pulse,3:41,3,41,video,radar,1785614186.413,1785614189.699,3.286,18.286,fisheye,"orphan on detector '3': orphan pulse duration=3.286s window=[1785614181.413, 1785614194.699]"
1785614201.649,2026-08-01 13:56:41.648956,201,f71239b56ccf451ea6cb4a987a5d7404,start,rule2_orphan_pulse,31:8,31,8,video,video,1785614194.602,1785614196.559,1.957,16.957,fisheye,"orphan on detector '8': orphan pulse duration=1.957s window=[1785614189.602, 1785614201.559]"
1785614201.665,2026-08-01 13:56:41.664737,201,b2a9110a2d524fc7970976ae8f3fb120,start,rule2_orphan_pulse,42:8,8,42,video,radar,1785614194.602,1785614196.559,1.957,16.957,fisheye,"orphan on detector '8': orphan pulse duration=1.957s window=[1785614189.602, 1785614201.559]"
1785614204.907,2026-08-01 13:56:44.907213,201,a0d3144ff8f443228c91f2283cebf0f5,stop,rule1_continuous_disagreement,29:43,43,29,radar,video,,,0.0,300.0,fisheye,Rule 1 recording stopped after 5.1s post-roll
1785614215.654,2026-08-01 13:56:55.653700,201,a484e952cc1042b6aae755e7814d654b,start,rule1_continuous_disagreement,42:8,8,42,video,radar,1785614210.604,,5.05,300.0,fisheye,"detector '8' ON, detector '42' OFF for 5.05s (threshold=5.0s)"
1785614217.586,2026-08-01 13:56:57.586120,201,49cd9f0fb1bf41ed898d1926c180ebdc,start,rule2_orphan_pulse,3:41,3,41,video,radar,1785614211.505,1785614212.487,0.982,15.982,fisheye,"orphan on detector '41': orphan pulse duration=0.982s window=[1785614206.505, 1785614217.487]"
1785614221.145,2026-08-01 13:57:01.145473,201,581beff422b4424bb608a8533e73982b,start,rule2_orphan_pulse,31:42,42,31,radar,video,1785614215.395,1785614216.051,0.656,15.655999999999999,fisheye,"orphan on detector '31': orphan pulse duration=0.656s window=[1785614210.395, 1785614221.051]"
1785614221.560,2026-08-01 13:57:01.559960,201,a484e952cc1042b6aae755e7814d654b,stop,rule1_continuous_disagreement,42:8,8,42,video,radar,,,0.0,300.0,fisheye,Rule 1 recording stopped after 5.1s post-roll
1785614225.920,2026-08-01 13:57:05.920206,201,9a3e87610657456ea5238af4937c4727,start,rule2_orphan_pulse,3:41,3,41,video,radar,1785614217.846,1785614220.857,3.011,18.011,fisheye,"orphan on detector '3': orphan pulse duration=3.011s window=[1785614212.846, 1785614225.857]"
1785614227.461,2026-08-01 13:57:07.460857,201,15cb7937244a4c03acf511acdb17ed8f,start,rule1_continuous_disagreement,30:41,41,30,radar,video,1785614222.380,,5.081,300.0,fisheye,"detector '30' ON, detector '41' OFF for 5.081s (threshold=5.0s)"
1785614251.617,2026-08-01 13:57:31.617168,201,85fa4d7727644cc49b88c4fd5e7fd2c2,start,rule1_continuous_disagreement,31:8,31,8,video,video,1785614246.554,,5.063,300.0,fisheye,"detector '8' ON, detector '31' OFF for 5.063s (threshold=5.0s)"
1785614257.608,2026-08-01 13:57:37.608329,201,85fa4d7727644cc49b88c4fd5e7fd2c2,stop,rule1_continuous_disagreement,31:8,31,8,video,video,,,0.0,300.0,fisheye,Rule 1 recording stopped after 5.1s post-roll
1785614277.549,2026-08-01 13:57:57.549363,201,15cb7937244a4c03acf511acdb17ed8f,stop,rule1_continuous_disagreement,30:41,41,30,radar,video,,,0.0,300.0,fisheye,Rule 1 recording stopped after 5.1s post-roll
1785614293.268,2026-08-01 13:58:13.267684,201,9b3ec439a6fd4a3bb05933acc35848c6,start,rule1_continuous_disagreement,3:41,3,41,video,radar,1785614288.171,,5.097,300.0,fisheye,"detector '3' ON, detector '41' OFF for 5.097s (threshold=5.0s)"
1785614294.118,2026-08-01 13:58:14.118021,201,bea8da7dc44242af8ae5278d1c2f0f30,start,rule2_orphan_pulse,30:41,41,30,radar,video,1785614288.067,1785614289.043,0.976,15.975999999999999,fisheye,"orphan on detector '30': orphan pulse duration=0.976s window=[1785614283.067, 1785614294.043]"
1785614298.407,2026-08-01 13:58:18.407138,201,9b3ec439a6fd4a3bb05933acc35848c6,stop,rule1_continuous_disagreement,3:41,3,41,video,radar,,,0.0,300.0,fisheye,Rule 1 recording stopped after 5.0s post-roll
1785614320.059,2026-08-01 13:58:40.058693,201,4927f5ec2f1642c8b1e18f45f2e3c838,start,rule1_continuous_disagreement,42:8,8,42,video,radar,1785614314.991,,5.068,300.0,fisheye,"detector '8' ON, detector '42' OFF for 5.068s (threshold=5.0s)"
1785614325.426,2026-08-01 13:58:45.425933,201,4927f5ec2f1642c8b1e18f45f2e3c838,stop,rule1_continuous_disagreement,42:8,8,42,video,radar,,,0.0,300.0,fisheye,Rule 1 recording stopped after 5.1s post-roll
1785614332.637,2026-08-01 13:58:52.637311,201,276e8abc51624c20baaefb530d0b2c01,start,rule2_orphan_pulse,30:41,41,30,radar,video,1785614326.601,1785614327.593,0.992,15.992,fisheye,"orphan on detector '30': orphan pulse duration=0.992s window=[1785614321.601, 1785614332.593]"
1785614333.354,2026-08-01 13:58:53.353612,201,94ea21ed0fd748c3aef03c6bcea744ed,start,rule2_orphan_pulse,3:41,3,41,video,radar,1785614326.916,1785614328.259,1.343,16.343,fisheye,"orphan on detector '3': orphan pulse duration=1.343s window=[1785614321.916, 1785614333.259]"
1785614375.275,2026-08-01 13:59:35.275386,201,cd6edca84dee4197850cafdb7ab74d77,start,rule2_orphan_pulse,42:8,8,42,video,radar,1785614365.569,1785614370.200,4.631,19.631,fisheye,"orphan on detector '8': orphan pulse duration=4.631s window=[1785614360.569, 1785614375.200]"
1785614376.192,2026-08-01 13:59:36.192283,201,80044669ef5b452facb1bcd3d58df5bf,start,rule2_orphan_pulse,31:42,42,31,radar,video,1785614370.200,1785614371.173,0.972,15.972,fisheye,"orphan on detector '31': orphan pulse duration=0.972s window=[1785614365.200, 1785614376.173]"
1785614447.916,2026-08-01 14:00:47.915664,201,d6b21dcab2134d05bba1b206ab9b577e,start,rule2_orphan_pulse,30:41,41,30,radar,video,1785614440.546,1785614442.899,2.354,17.354,fisheye,"orphan on detector '30': orphan pulse duration=2.354s window=[1785614435.546, 1785614447.899]"
1785614449.641,2026-08-01 14:00:49.641027,201,9a27cac0b2404fc79412e225d0f739a0,start,rule2_orphan_pulse,3:41,3,41,video,radar,1785614442.246,1785614444.546,2.3,17.3,fisheye,"orphan on detector '3': orphan pulse duration=2.3s window=[1785614437.246, 1785614449.546]"
1785614580.764,2026-08-01 14:03:00.763852,201,bb130fbc06d24a44a96d90aed3ab9cf1,start,rule1_continuous_disagreement,3:41,3,41,video,radar,1785614575.688,,5.076,300.0,fisheye,"detector '3' ON, detector '41' OFF for 5.076s (threshold=5.0s)"
1785614581.782,2026-08-01 14:03:01.782269,201,06d1395bb8a44d21935a64b9076bc9e5,start,rule1_continuous_disagreement,30:41,41,30,radar,video,1785614576.696,,5.086,300.0,fisheye,"detector '30' ON, detector '41' OFF for 5.086s (threshold=5.0s)"
1785614587.349,2026-08-01 14:03:07.348868,201,7c54335eb75c4dee99844a61d94a218a,start,rule1_continuous_disagreement,31:8,31,8,video,video,1785614582.295,,5.054,300.0,fisheye,"detector '8' ON, detector '31' OFF for 5.054s (threshold=5.0s)"
1785614587.357,2026-08-01 14:03:07.357009,201,94d7da5f5a804767b34a32fdc190da8d,start,rule1_continuous_disagreement,42:8,8,42,video,radar,1785614582.295,,5.062,300.0,fisheye,"detector '8' ON, detector '42' OFF for 5.062s (threshold=5.0s)"
1785614592.914,2026-08-01 14:03:12.913862,201,7c54335eb75c4dee99844a61d94a218a,stop,rule1_continuous_disagreement,31:8,31,8,video,video,,,0.0,300.0,fisheye,Rule 1 recording stopped after 5.0s post-roll
1785614592.914,2026-08-01 14:03:12.913862,201,94d7da5f5a804767b34a32fdc190da8d,stop,rule1_continuous_disagreement,42:8,8,42,video,radar,,,0.0,300.0,fisheye,Rule 1 recording stopped after 5.0s post-roll
1785614627.597,2026-08-01 14:03:47.596895,201,06d1395bb8a44d21935a64b9076bc9e5,stop,rule1_continuous_disagreement,30:41,41,30,radar,video,,,0.0,300.0,fisheye,Rule 1 recording stopped after 5.1s post-roll
1785614630.849,2026-08-01 14:03:50.848910,201,bb130fbc06d24a44a96d90aed3ab9cf1,stop,rule1_continuous_disagreement,3:41,3,41,video,radar,,,0.0,300.0,fisheye,Rule 1 recording stopped after 5.1s post-roll
1785614668.136,2026-08-01 14:04:28.135603,201,715ec7cc623a4d39a2ae38b69cd4856e,start,rule2_orphan_pulse,29:43,43,29,radar,video,1785614661.797,1785614663.128,1.331,16.331,fisheye,"orphan on detector '29': orphan pulse duration=1.331s window=[1785614656.797, 1785614668.128]"
1785614705.539,2026-08-01 14:05:05.539004,201,15f8b2cb176d4b6ab5920239fa10738d,start,rule1_continuous_disagreement,31:8,31,8,video,video,1785614700.492,,5.047,300.0,fisheye,"detector '8' ON, detector '31' OFF for 5.047s (threshold=5.0s)"
1785614705.555,2026-08-01 14:05:05.554646,201,f9b9ddd4ecbb41bcb4287a895830277e,start,rule1_continuous_disagreement,42:8,8,42,video,radar,1785614700.492,,5.063,300.0,fisheye,"detector '8' ON, detector '42' OFF for 5.063s (threshold=5.0s)"
1785614712.369,2026-08-01 14:05:12.368628,201,15f8b2cb176d4b6ab5920239fa10738d,stop,rule1_continuous_disagreement,31:8,31,8,video,video,,,0.0,300.0,fisheye,Rule 1 recording stopped after 5.1s post-roll
1785614712.375,2026-08-01 14:05:12.375419,201,f9b9ddd4ecbb41bcb4287a895830277e,stop,rule1_continuous_disagreement,42:8,8,42,video,radar,,,0.0,300.0,fisheye,Rule 1 recording stopped after 5.1s post-roll
1785614712.989,2026-08-01 14:05:12.989430,201,4e7b42b7582242ce982ed8766a82ea3c,start,rule2_orphan_pulse,3:30,30,3,video,video,1785614705.574,1785614707.974,2.399,17.399,fisheye,"orphan on detector '3': orphan pulse duration=2.399s window=[1785614700.574, 1785614712.974]"
1785614712.995,2026-08-01 14:05:12.994891,201,0162b95a83324deebf97faae83275854,start,rule2_orphan_pulse,3:41,3,41,video,radar,1785614705.574,1785614707.974,2.399,17.399,fisheye,"orphan on detector '3': orphan pulse duration=2.399s window=[1785614700.574, 1785614712.974]"
1785614735.003,2026-08-01 14:05:35.002824,201,ab45b7b521584c69a862b23fe60231f7,start,rule1_continuous_disagreement,29:43,43,29,radar,video,1785614729.946,,5.057,300.0,fisheye,"detector '29' ON, detector '43' OFF for 5.057s (threshold=5.0s)"
1785614742.502,2026-08-01 14:05:42.502036,201,ab45b7b521584c69a862b23fe60231f7,stop,rule1_continuous_disagreement,29:43,43,29,radar,video,,,0.0,300.0,fisheye,Rule 1 recording stopped after 5.1s post-roll
1785614897.599,2026-08-01 14:08:17.599410,201,6a1ff37df0604cd6910c34d0f5273302,start,rule1_continuous_disagreement,42:8,8,42,video,radar,1785614892.517,,5.082,300.0,fisheye,"detector '8' ON, detector '42' OFF for 5.082s (threshold=5.0s)"
1785614905.377,2026-08-01 14:08:25.376849,201,6a1ff37df0604cd6910c34d0f5273302,stop,rule1_continuous_disagreement,42:8,8,42,video,radar,,,0.0,300.0,fisheye,Rule 1 recording stopped after 5.0s post-roll
1785614958.230,2026-08-01 14:09:18.230034,201,807682e1d5904bf08f8f4dc84ea83fbf,start,rule1_continuous_disagreement,31:8,31,8,video,video,1785614953.191,,5.039,300.0,fisheye,"detector '8' ON, detector '31' OFF for 5.039s (threshold=5.0s)"
1785614958.239,2026-08-01 14:09:18.238713,201,ce7c715cca6a4de49d7476404659de1c,start,rule1_continuous_disagreement,42:8,8,42,video,radar,1785614953.192,,5.047,300.0,fisheye,"detector '8' ON, detector '42' OFF for 5.047s (threshold=5.0s)"
1785614968.878,2026-08-01 14:09:28.878042,201,807682e1d5904bf08f8f4dc84ea83fbf,stop,rule1_continuous_disagreement,31:8,31,8,video,video,,,0.0,300.0,fisheye,Rule 1 recording stopped after 5.1s post-roll
1785614968.881,2026-08-01 14:09:28.881061,201,ce7c715cca6a4de49d7476404659de1c,stop,rule1_continuous_disagreement,42:8,8,42,video,radar,,,0.0,300.0,fisheye,Rule 1 recording stopped after 5.1s post-roll
1785615021.289,2026-08-01 14:10:21.289378,201,cdcc6dec8850414d8459dc8eb5199b38,start,rule2_orphan_pulse,3:30,30,3,video,video,1785615014.208,1785615016.209,2.001,17.000999999999998,fisheye,"orphan on detector '3': orphan pulse duration=2.001s window=[1785615009.208, 1785615021.209]"
1785615021.601,2026-08-01 14:10:21.601436,201,13d33a8f6abf4bb59d871be503c99f61,start,rule2_orphan_pulse,30:41,41,30,radar,video,1785615015.210,1785615016.535,1.326,16.326,fisheye,"orphan on detector '41': orphan pulse duration=1.326s window=[1785615010.210, 1785615021.535]"
1785615033.038,2026-08-01 14:10:33.038305,201,bbd9eebeffc34ee28deafc8411d95c8c,start,rule2_orphan_pulse,29:43,43,29,radar,video,1785615026.664,1785615027.986,1.321,16.320999999999998,fisheye,"orphan on detector '29': orphan pulse duration=1.321s window=[1785615021.664, 1785615032.986]"
1785615046.998,2026-08-01 14:10:46.997731,201,6ae281e8d2a04174a3f2147581733f21,start,rule2_orphan_pulse,17:2,17,2,video,video,1785615041.292,1785615041.966,0.674,15.674,fisheye,"orphan on detector '2': orphan pulse duration=0.674s window=[1785615036.292, 1785615046.966]"
1785615047.010,2026-08-01 14:10:47.009515,201,b96f5f19348e43e8aff4b625f195d86d,start,rule2_orphan_pulse,2:46,2,46,video,radar,1785615041.292,1785615041.966,0.674,15.674,fisheye,"orphan on detector '2': orphan pulse duration=0.674s window=[1785615036.292, 1785615046.966]"
1785615060.874,2026-08-01 14:11:00.873630,201,54c71836a08f433b8ffc2b3e7cfa9aa5,start,rule1_continuous_disagreement,31:8,31,8,video,video,1785615055.819,,5.055,300.0,fisheye,"detector '8' ON, detector '31' OFF for 5.055s (threshold=5.0s)"
1785615060.889,2026-08-01 14:11:00.889166,201,cea379071ffb42e99d4c9e60069a659c,start,rule1_continuous_disagreement,42:8,8,42,video,radar,1785615055.818,,5.071,300.0,fisheye,"detector '8' ON, detector '42' OFF for 5.071s (threshold=5.0s)"
1785615067.065,2026-08-01 14:11:07.064657,201,54c71836a08f433b8ffc2b3e7cfa9aa5,stop,rule1_continuous_disagreement,31:8,31,8,video,video,,,0.0,300.0,fisheye,Rule 1 recording stopped after 5.1s post-roll
1785615067.071,2026-08-01 14:11:07.070761,201,cea379071ffb42e99d4c9e60069a659c,stop,rule1_continuous_disagreement,42:8,8,42,video,radar,,,0.0,300.0,fisheye,Rule 1 recording stopped after 5.1s post-roll
1785615197.441,2026-08-01 14:13:17.440606,201,220da3502abf42c7a4e6b5c38376af4b,start,rule2_orphan_pulse,31:42,42,31,radar,video,1785615191.723,1785615192.408,0.685,15.685,fisheye,"orphan on detector '31': orphan pulse duration=0.685s window=[1785615186.723, 1785615197.408]"
1785615198.756,2026-08-01 14:13:18.756201,201,7765ecb5a31e4a359a225801af4202b3,start,rule2_orphan_pulse,42:8,8,42,video,radar,1785615188.785,1785615193.706,4.921,19.921,fisheye,"orphan on detector '8': orphan pulse duration=4.921s window=[1785615183.785, 1785615198.706]"
1785615201.388,2026-08-01 14:13:21.387945,201,261f9fb029954ae6912faf28492e0843,start,rule1_continuous_disagreement,26:33,33,26,radar,video,1785615196.325,,5.063,300.0,fisheye,"detector '26' ON, detector '33' OFF for 5.063s (threshold=5.0s)"
1785615217.669,2026-08-01 14:13:37.668535,201,f9c4ee2216854873a13c91d027e268b5,start,rule2_orphan_pulse,31:42,42,31,radar,video,1785615210.697,1785615212.661,1.964,16.964,fisheye,"orphan on detector '42': orphan pulse duration=1.964s window=[1785615205.697, 1785615217.661]"
1785615217.669,2026-08-01 14:13:37.668535,201,2b89c29f33c94c9ea47175504bb4265e,start,rule2_orphan_pulse,42:8,8,42,video,radar,1785615210.697,1785615212.661,1.964,16.964,fisheye,"orphan on detector '42': orphan pulse duration=1.964s window=[1785615205.697, 1785615217.661]"
1785615227.997,2026-08-01 14:13:47.996919,201,ac23fb70052a42e2bdac1d2fef671f9d,start,rule2_orphan_pulse,29:43,43,29,radar,video,1785615222.262,1785615222.925,0.663,15.663,fisheye,"orphan on detector '29': orphan pulse duration=0.663s window=[1785615217.262, 1785615227.925]"
1785615240.140,2026-08-01 14:14:00.139627,201,261f9fb029954ae6912faf28492e0843,stop,rule1_continuous_disagreement,26:33,33,26,radar,video,,,0.0,300.0,fisheye,Rule 1 recording stopped after 5.0s post-roll
1785615246.095,2026-08-01 14:14:06.094885,201,3919a6e0a551492a998fc6b95a7011e9,start,rule1_continuous_disagreement,31:8,31,8,video,video,1785615241.055,,5.04,300.0,fisheye,"detector '8' ON, detector '31' OFF for 5.04s (threshold=5.0s)"
1785615246.099,2026-08-01 14:14:06.098579,201,b98b7446173c48ab963f4bd8ef0bf25a,start,rule1_continuous_disagreement,42:8,8,42,video,radar,1785615241.055,,5.044,300.0,fisheye,"detector '8' ON, detector '42' OFF for 5.044s (threshold=5.0s)"
1785615251.684,2026-08-01 14:14:11.684470,201,f1f633dcfb35441b830646da9fc9ada7,start,rule2_orphan_pulse,22:4,22,4,video,video,1785615243.312,1785615246.647,3.336,18.336,fisheye,"orphan on detector '4': orphan pulse duration=3.336s window=[1785615238.312, 1785615251.647]"
1785615251.694,2026-08-01 14:14:11.693688,201,ebbe49ef722f48ab80fc08291eff71fe,start,rule2_orphan_pulse,39:4,4,39,video,radar,1785615243.312,1785615246.647,3.336,18.336,fisheye,"orphan on detector '4': orphan pulse duration=3.336s window=[1785615238.312, 1785615251.647]"
1785615252.108,2026-08-01 14:14:12.107857,201,b98b7446173c48ab963f4bd8ef0bf25a,stop,rule1_continuous_disagreement,42:8,8,42,video,radar,,,0.0,300.0,fisheye,Rule 1 recording stopped after 5.1s post-roll
1785615253.384,2026-08-01 14:14:13.383556,201,3919a6e0a551492a998fc6b95a7011e9,stop,rule1_continuous_disagreement,31:8,31,8,video,video,,,0.0,300.0,fisheye,Rule 1 recording stopped after 5.0s post-roll
1785615260.172,2026-08-01 14:14:20.172050,201,41e816c30ec84293958f7d744317571b,start,rule1_continuous_disagreement,17:46,46,17,radar,video,1785615255.110,,5.062,300.0,fisheye,"detector '17' ON, detector '46' OFF for 5.062s (threshold=5.0s)"
1785615260.175,2026-08-01 14:14:20.174820,201,8aa0d59e61a24e9eb221567a7a6bca16,start,rule1_continuous_disagreement,2:46,2,46,video,radar,1785615255.111,,5.064,300.0,fisheye,"detector '2' ON, detector '46' OFF for 5.064s (threshold=5.0s)"
1785615273.625,2026-08-01 14:14:33.624667,201,41e816c30ec84293958f7d744317571b,stop,rule1_continuous_disagreement,17:46,46,17,radar,video,,,0.0,300.0,fisheye,Rule 1 recording stopped after 5.1s post-roll
1785615273.625,2026-08-01 14:14:33.624667,201,8aa0d59e61a24e9eb221567a7a6bca16,stop,rule1_continuous_disagreement,2:46,2,46,video,radar,,,0.0,300.0,fisheye,Rule 1 recording stopped after 5.1s post-roll
1785615278.494,2026-08-01 14:14:38.493533,201,1d79121609d14826bab733411ba4d682,start,rule2_orphan_pulse,31:42,42,31,radar,video,1785615272.107,1785615273.404,1.297,16.297,fisheye,"orphan on detector '31': orphan pulse duration=1.297s window=[1785615267.107, 1785615278.404]"
1785615284.059,2026-08-01 14:14:44.059295,201,f7026452fa8347e0bdc00e34a031f4ad,start,rule1_continuous_disagreement,26:33,33,26,radar,video,1785615279.008,,5.051,300.0,fisheye,"detector '26' ON, detector '33' OFF for 5.051s (threshold=5.0s)"
1785615296.006,2026-08-01 14:14:56.005920,201,f7026452fa8347e0bdc00e34a031f4ad,stop,rule1_continuous_disagreement,26:33,33,26,radar,video,,,0.0,300.0,fisheye,Rule 1 recording stopped after 5.1s post-roll
1785615325.132,2026-08-01 14:15:25.132080,201,9b5af1b2c5ef49c9888fa679fe61e425,start,rule1_continuous_disagreement,42:8,8,42,video,radar,1785615320.075,,5.057,300.0,fisheye,"detector '8' ON, detector '42' OFF for 5.057s (threshold=5.0s)"
1785615331.450,2026-08-01 14:15:31.449847,201,9b5af1b2c5ef49c9888fa679fe61e425,stop,rule1_continuous_disagreement,42:8,8,42,video,radar,,,0.0,300.0,fisheye,Rule 1 recording stopped after 5.1s post-roll
1785615332.465,2026-08-01 14:15:32.465091,201,1a1ba649355f4ae6990d8c319762f36e,start,rule2_orphan_pulse,31:42,42,31,radar,video,1785615326.040,1785615327.407,1.366,16.366,fisheye,"orphan on detector '31': orphan pulse duration=1.366s window=[1785615321.040, 1785615332.407]"
1785615406.945,2026-08-01 14:16:46.945350,201,a4e51ece123341218a16eebea2f836ce,start,rule1_continuous_disagreement,31:8,31,8,video,video,1785615401.896,,5.049,300.0,fisheye,"detector '8' ON, detector '31' OFF for 5.049s (threshold=5.0s)"
1785615406.954,2026-08-01 14:16:46.954172,201,6a3f11772f5a4101a97df308fa718446,start,rule1_continuous_disagreement,42:8,8,42,video,radar,1785615401.897,,5.057,300.0,fisheye,"detector '8' ON, detector '42' OFF for 5.057s (threshold=5.0s)"
1785615417.284,2026-08-01 14:16:57.284393,201,1cc0ffca6bf444d6a0d6aa6b3fd839c5,start,rule2_orphan_pulse,31:42,42,31,radar,video,1785615411.239,1785615412.206,0.968,15.968,fisheye,"orphan on detector '42': orphan pulse duration=0.968s window=[1785615406.239, 1785615417.206]"
1785615420.226,2026-08-01 14:17:00.225564,201,c33a3d867333487c940110830e3ad035,start,rule2_orphan_pulse,30:41,41,30,radar,video,1785615414.180,1785615415.153,0.973,15.972999999999999,fisheye,"orphan on detector '30': orphan pulse duration=0.973s window=[1785615409.180, 1785615420.153]"
1785615420.844,2026-08-01 14:17:00.843678,201,c80d707d553b420881306d777db9b149,start,rule2_orphan_pulse,3:41,3,41,video,radar,1785615415.153,1785615415.826,0.673,15.673,fisheye,"orphan on detector '3': orphan pulse duration=0.673s window=[1785615410.153, 1785615420.826]"
1785615422.563,2026-08-01 14:17:02.563159,201,a4e51ece123341218a16eebea2f836ce,stop,rule1_continuous_disagreement,31:8,31,8,video,video,,,0.0,300.0,fisheye,Rule 1 recording stopped after 5.1s post-roll
1785615422.570,2026-08-01 14:17:02.569894,201,6a3f11772f5a4101a97df308fa718446,stop,rule1_continuous_disagreement,42:8,8,42,video,radar,,,0.0,300.0,fisheye,Rule 1 recording stopped after 5.1s post-roll
1785615567.292,2026-08-01 14:19:27.292441,201,84429ff66f9b4c148aa9257595c32a3c,start,rule1_continuous_disagreement,42:8,8,42,video,radar,1785615562.250,,5.042,300.0,fisheye,"detector '8' ON, detector '42' OFF for 5.042s (threshold=5.0s)"
1785615571.372,2026-08-01 14:19:31.372052,201,07451d2ceeae4ce9a0ee4c59189afca8,start,rule1_continuous_disagreement,3:30,30,3,video,video,1785615566.284,,5.088,300.0,fisheye,"detector '3' ON, detector '30' OFF for 5.088s (threshold=5.0s)"
1785615571.379,2026-08-01 14:19:31.378897,201,b88c9bb881b54710b33842f424a0761a,start,rule1_continuous_disagreement,3:41,3,41,video,radar,1785615566.284,,5.095,300.0,fisheye,"detector '3' ON, detector '41' OFF for 5.095s (threshold=5.0s)"
1785615574.106,2026-08-01 14:19:34.105734,201,84429ff66f9b4c148aa9257595c32a3c,stop,rule1_continuous_disagreement,42:8,8,42,video,radar,,,0.0,300.0,fisheye,Rule 1 recording stopped after 5.1s post-roll
1785615574.919,2026-08-01 14:19:34.918582,201,63f504fd17f64323988ee7f64678c364,start,rule2_orphan_pulse,31:42,42,31,radar,video,1785615568.610,1785615569.907,1.297,16.297,fisheye,"orphan on detector '31': orphan pulse duration=1.297s window=[1785615563.610, 1785615574.907]"
1785615576.346,2026-08-01 14:19:36.345820,201,6a15454943294661837ff40e3b3a7356,start,rule2_orphan_pulse,38:7,7,38,video,radar,1785615569.907,1785615571.249,1.342,16.342,fisheye,"orphan on detector '7': orphan pulse duration=1.342s window=[1785615564.907, 1785615576.249]"
1785615576.654,2026-08-01 14:19:36.653898,201,07451d2ceeae4ce9a0ee4c59189afca8,stop,rule1_continuous_disagreement,3:30,30,3,video,video,,,0.0,300.0,fisheye,Rule 1 recording stopped after 5.1s post-roll
1785615576.660,2026-08-01 14:19:36.659873,201,b88c9bb881b54710b33842f424a0761a,stop,rule1_continuous_disagreement,3:41,3,41,video,radar,,,0.0,300.0,fisheye,Rule 1 recording stopped after 5.1s post-roll
1785615577.269,2026-08-01 14:19:37.268817,201,c510c242688343e7ae22b04034b0d544,start,rule2_orphan_pulse,24:38,38,24,radar,video,1785615569.907,1785615572.209,2.301,17.301000000000002,fisheye,"orphan on detector '24': orphan pulse duration=2.301s window=[1785615564.907, 1785615577.209]"
1785615594.864,2026-08-01 14:19:54.863559,201,9e1ed430c7e144ff9d350df60a4be69e,start,rule1_continuous_disagreement,31:8,31,8,video,video,1785615589.812,,5.052,300.0,fisheye,"detector '8' ON, detector '31' OFF for 5.052s (threshold=5.0s)"
1785615600.527,2026-08-01 14:20:00.526504,201,9e1ed430c7e144ff9d350df60a4be69e,stop,rule1_continuous_disagreement,31:8,31,8,video,video,,,0.0,300.0,fisheye,Rule 1 recording stopped after 5.0s post-roll
1785615674.011,2026-08-01 14:21:14.010856,201,dda135546bcf486988b36042bc5db11f,start,rule1_continuous_disagreement,42:8,8,42,video,radar,1785615668.977,,5.034,300.0,fisheye,"detector '8' ON, detector '42' OFF for 5.034s (threshold=5.0s)"
1785615678.660,2026-08-01 14:21:18.660190,201,58f1558bdda74d7785754ec7d91347de,start,rule2_orphan_pulse,31:42,42,31,radar,video,1785615672.893,1785615673.569,0.677,15.677,fisheye,"orphan on detector '31': orphan pulse duration=0.677s window=[1785615667.893, 1785615678.569]"
1785615679.683,2026-08-01 14:21:19.683357,201,dda135546bcf486988b36042bc5db11f,stop,rule1_continuous_disagreement,42:8,8,42,video,radar,,,0.0,300.0,fisheye,Rule 1 recording stopped after 5.0s post-roll
1785615708.009,2026-08-01 14:21:48.008504,201,3e09e278a98a4a6aabb23a5b12c56c44,start,rule1_continuous_disagreement,31:8,31,8,video,video,1785615702.891,,5.118,300.0,fisheye,"detector '8' ON, detector '31' OFF for 5.118s (threshold=5.0s)"
1785615716.163,2026-08-01 14:21:56.163124,201,2fa5423271564921b02b77a4a3a240ba,start,rule2_orphan_pulse,31:42,42,31,radar,video,1785615708.775,1785615711.134,2.359,17.359,fisheye,"orphan on detector '31': orphan pulse duration=2.359s window=[1785615703.775, 1785615716.134]"
1785615717.231,2026-08-01 14:21:57.231100,201,3e09e278a98a4a6aabb23a5b12c56c44,stop,rule1_continuous_disagreement,31:8,31,8,video,video,,,0.0,300.0,fisheye,Rule 1 recording stopped after 5.1s post-roll
1785615724.465,2026-08-01 14:22:04.465376,201,f3b1f592c0ff4f808dc18f36bbbc316b,start,rule1_continuous_disagreement,42:8,8,42,video,radar,1785615719.420,,5.045,300.0,fisheye,"detector '8' ON, detector '42' OFF for 5.045s (threshold=5.0s)"
1785615729.930,2026-08-01 14:22:09.929581,201,f3b1f592c0ff4f808dc18f36bbbc316b,stop,rule1_continuous_disagreement,42:8,8,42,video,radar,,,0.0,300.0,fisheye,Rule 1 recording stopped after 5.1s post-roll
1785615731.154,2026-08-01 14:22:11.154388,201,caec89ddea08479a91c1e7b73c352f82,start,rule2_orphan_pulse,31:42,42,31,radar,video,1785615724.155,1785615726.139,1.984,16.984,fisheye,"orphan on detector '31': orphan pulse duration=1.984s window=[1785615719.155, 1785615731.139]"
1785615771.670,2026-08-01 14:22:51.669808,201,065f3f0a357b477d929106833cf53936,start,rule1_continuous_disagreement,24:38,38,24,radar,video,1785615766.663,,5.007,300.0,fisheye,"detector '24' ON, detector '38' OFF for 5.007s (threshold=5.0s)"
1785615772.385,2026-08-01 14:22:52.385035,201,7c0a76f4d83446a2ac9d7a4aca7cbae8,start,rule1_continuous_disagreement,24:7,24,7,video,video,1785615767.374,,5.011,300.0,fisheye,"detector '24' ON, detector '7' OFF for 5.011s (threshold=5.0s)"
1785615789.906,2026-08-01 14:23:09.905630,201,065f3f0a357b477d929106833cf53936,stop,rule1_continuous_disagreement,24:38,38,24,radar,video,,,0.0,300.0,fisheye,Rule 1 recording stopped after 5.0s post-roll
1785615790.621,2026-08-01 14:23:10.620754,201,7c0a76f4d83446a2ac9d7a4aca7cbae8,stop,rule1_continuous_disagreement,24:7,24,7,video,video,,,0.0,300.0,fisheye,Rule 1 recording stopped after 5.0s post-roll
1785615807.327,2026-08-01 14:23:27.327108,201,eaf957ab9f8a4a7fa49194a7bbd9b141,start,rule1_continuous_disagreement,31:8,31,8,video,video,1785615802.272,,5.055,300.0,fisheye,"detector '8' ON, detector '31' OFF for 5.055s (threshold=5.0s)"
1785615807.337,2026-08-01 14:23:27.337366,201,14ca95bb0b454fcf92851993b7efab21,start,rule1_continuous_disagreement,42:8,8,42,video,radar,1785615802.272,,5.065,300.0,fisheye,"detector '8' ON, detector '42' OFF for 5.065s (threshold=5.0s)"
1785615813.316,2026-08-01 14:23:33.315771,201,14ca95bb0b454fcf92851993b7efab21,stop,rule1_continuous_disagreement,42:8,8,42,video,radar,,,0.0,300.0,fisheye,Rule 1 recording stopped after 5.1s post-roll
1785615813.623,2026-08-01 14:23:33.622727,201,0c7ddfd1b161471ca4d6a4dee7747b69,start,rule2_orphan_pulse,31:42,42,31,radar,video,1785615807.590,1785615808.567,0.977,15.977,fisheye,"orphan on detector '31': orphan pulse duration=0.977s window=[1785615802.590, 1785615813.567]"
1785615814.638,2026-08-01 14:23:34.637526,201,eaf957ab9f8a4a7fa49194a7bbd9b141,stop,rule1_continuous_disagreement,31:8,31,8,video,video,,,0.0,300.0,fisheye,Rule 1 recording stopped after 5.1s post-roll
1785615855.356,2026-08-01 14:24:15.355948,201,a4b9206e92734fbe9913ee03f7af8e4c,start,rule2_orphan_pulse,29:43,43,29,radar,video,1785615849.640,1785615850.326,0.687,15.687000000000001,fisheye,"orphan on detector '29': orphan pulse duration=0.687s window=[1785615844.640, 1785615855.326]"
1785615859.620,2026-08-01 14:24:19.619769,201,dfbd03d62ae24677a4caf69eccd4eb46,start,rule2_orphan_pulse,3:30,30,3,video,video,1785615851.607,1785615854.585,2.978,17.978,fisheye,"orphan on detector '3': orphan pulse duration=2.978s window=[1785615846.607, 1785615859.585]"
1785615859.620,2026-08-01 14:24:19.619769,201,967bcd7f8e1549feb8f6702a218476eb,start,rule2_orphan_pulse,3:41,3,41,video,radar,1785615851.607,1785615854.585,2.978,17.978,fisheye,"orphan on detector '3': orphan pulse duration=2.978s window=[1785615846.607, 1785615859.585]"
1785615868.340,2026-08-01 14:24:28.340415,201,83edb2344fd74f898ba32211890cee00,start,rule1_continuous_disagreement,30:41,41,30,radar,video,1785615863.271,,5.069,300.0,fisheye,"detector '41' ON, detector '30' OFF for 5.069s (threshold=5.0s)"
1785615907.438,2026-08-01 14:25:07.437589,201,ff661fcf226c4f62941619fd38fccc7a,start,rule1_continuous_disagreement,31:8,31,8,video,video,1785615902.405,,5.033,300.0,fisheye,"detector '8' ON, detector '31' OFF for 5.033s (threshold=5.0s)"
1785615907.453,2026-08-01 14:25:07.452860,201,5e082acd8c4740afba5fed756cdcef79,start,rule1_continuous_disagreement,42:8,8,42,video,radar,1785615902.404,,5.049,300.0,fisheye,"detector '8' ON, detector '42' OFF for 5.049s (threshold=5.0s)"
1785615918.122,2026-08-01 14:25:18.122492,201,83edb2344fd74f898ba32211890cee00,stop,rule1_continuous_disagreement,30:41,41,30,radar,video,,,0.0,300.0,fisheye,Rule 1 recording stopped after 5.1s post-roll
1785615919.169,2026-08-01 14:25:19.169205,201,ff661fcf226c4f62941619fd38fccc7a,stop,rule1_continuous_disagreement,31:8,31,8,video,video,,,0.0,300.0,fisheye,Rule 1 recording stopped after 5.1s post-roll
1785615919.173,2026-08-01 14:25:19.172515,201,5e082acd8c4740afba5fed756cdcef79,stop,rule1_continuous_disagreement,42:8,8,42,video,radar,,,0.0,300.0,fisheye,Rule 1 recording stopped after 5.1s post-roll
1785615978.804,2026-08-01 14:26:18.804206,201,93975fbe0e6d494da1524cc611534760,start,rule1_continuous_disagreement,30:41,41,30,radar,video,1785615973.748,,5.056,300.0,fisheye,"detector '30' ON, detector '41' OFF for 5.056s (threshold=5.0s)"
1785615981.537,2026-08-01 14:26:21.536932,201,18c89852af694450ba7e1486da741e07,start,rule1_continuous_disagreement,3:41,3,41,video,radar,1785615976.480,,5.057,300.0,fisheye,"detector '3' ON, detector '41' OFF for 5.057s (threshold=5.0s)"
1785615989.022,2026-08-01 14:26:29.021854,201,04f04e5ff32b4c168b56cf9353652a45,start,rule1_continuous_disagreement,42:8,8,42,video,radar,1785615983.965,,5.057,300.0,fisheye,"detector '8' ON, detector '42' OFF for 5.057s (threshold=5.0s)"
1785615994.302,2026-08-01 14:26:34.301540,201,04f04e5ff32b4c168b56cf9353652a45,stop,rule1_continuous_disagreement,42:8,8,42,video,radar,,,0.0,300.0,fisheye,Rule 1 recording stopped after 5.1s post-roll
1785615994.812,2026-08-01 14:26:34.812127,201,a5aa0522ea014ffbba35b81ce03f99b5,start,rule2_orphan_pulse,31:42,42,31,radar,video,1785615988.835,1785615989.802,0.967,15.966999999999999,fisheye,"orphan on detector '31': orphan pulse duration=0.967s window=[1785615983.835, 1785615994.802]"
1785616006.845,2026-08-01 14:26:46.845277,201,644c5c3c6f6e4a268a18467d3ece3897,start,rule2_orphan_pulse,2:46,2,46,video,radar,1785616001.144,1785616001.808,0.664,15.664,fisheye,"orphan on detector '46': orphan pulse duration=0.664s window=[1785615996.144, 1785616006.808]"
1785616007.870,2026-08-01 14:26:47.869974,201,af0e9a9ebc1549948cddf00f8cdfe463,start,rule2_orphan_pulse,17:2,17,2,video,video,1785616001.144,1785616002.787,1.643,16.643,fisheye,"orphan on detector '17': orphan pulse duration=1.643s window=[1785615996.144, 1785616007.787]"
1785616028.201,2026-08-01 14:27:08.201024,201,93975fbe0e6d494da1524cc611534760,stop,rule1_continuous_disagreement,30:41,41,30,radar,video,,,0.0,300.0,fisheye,Rule 1 recording stopped after 5.1s post-roll
1785616029.835,2026-08-01 14:27:09.834794,201,a3232330c5324faf8eb56fff47c4fe36,start,rule2_orphan_pulse,29:43,43,29,radar,video,1785616024.088,1785616024.754,0.666,15.666,fisheye,"orphan on detector '29': orphan pulse duration=0.666s window=[1785616019.088, 1785616029.754]"
1785616035.332,2026-08-01 14:27:15.331879,201,18c89852af694450ba7e1486da741e07,stop,rule1_continuous_disagreement,3:41,3,41,video,radar,,,0.0,300.0,fisheye,Rule 1 recording stopped after 5.1s post-roll
1785616088.377,2026-08-01 14:28:08.377320,201,0bc910dda3524626b7e85881f28e3790,start,rule1_continuous_disagreement,30:41,41,30,radar,video,1785616083.315,,5.062,300.0,fisheye,"detector '41' ON, detector '30' OFF for 5.062s (threshold=5.0s)"
1785616089.602,2026-08-01 14:28:09.601842,201,036e72ffd0de4a0c8fbbdc739e84522a,start,rule1_continuous_disagreement,3:41,3,41,video,radar,1785616084.529,,5.073,300.0,fisheye,"detector '41' ON, detector '3' OFF for 5.073s (threshold=5.0s)"
1785616127.392,2026-08-01 14:28:47.392262,201,c8f42949e92040f694dc14ec818bb1ff,start,rule1_continuous_disagreement,42:8,8,42,video,radar,1785616122.341,,5.051,300.0,fisheye,"detector '8' ON, detector '42' OFF for 5.051s (threshold=5.0s)"
1785616127.699,2026-08-01 14:28:47.698896,201,01207cdc015c4535a7061d435b3be27a,start,rule1_continuous_disagreement,31:8,31,8,video,video,1785616122.646,,5.053,300.0,fisheye,"detector '8' ON, detector '31' OFF for 5.053s (threshold=5.0s)"
1785616144.765,2026-08-01 14:29:04.765482,201,0c5404bf2bba42df928fb6d039e6679e,start,rule2_orphan_pulse,31:42,42,31,radar,video,1785616139.058,1785616139.724,0.666,15.666,fisheye,"orphan on detector '31': orphan pulse duration=0.666s window=[1785616134.058, 1785616144.724]"
1785616145.477,2026-08-01 14:29:05.477494,201,01207cdc015c4535a7061d435b3be27a,stop,rule1_continuous_disagreement,31:8,31,8,video,video,,,0.0,300.0,fisheye,Rule 1 recording stopped after 5.0s post-roll
1785616145.484,2026-08-01 14:29:05.483994,201,c8f42949e92040f694dc14ec818bb1ff,stop,rule1_continuous_disagreement,42:8,8,42,video,radar,,,0.0,300.0,fisheye,Rule 1 recording stopped after 5.1s post-roll
1785616146.799,2026-08-01 14:29:06.799126,201,0bc910dda3524626b7e85881f28e3790,stop,rule1_continuous_disagreement,30:41,41,30,radar,video,,,0.0,300.0,fisheye,Rule 1 recording stopped after 5.1s post-roll
1785616146.813,2026-08-01 14:29:06.812623,201,036e72ffd0de4a0c8fbbdc739e84522a,stop,rule1_continuous_disagreement,3:41,3,41,video,radar,,,0.0,300.0,fisheye,Rule 1 recording stopped after 5.1s post-roll
1785616156.588,2026-08-01 14:29:16.588444,201,5c596fb76a3a45e3aad5559f16a2ae8d,start,rule1_continuous_disagreement,26:33,33,26,radar,video,1785616151.555,,5.033,300.0,fisheye,"detector '26' ON, detector '33' OFF for 5.033s (threshold=5.0s)"
1785616164.048,2026-08-01 14:29:24.047869,201,415ca1e2eebf472298b909338fec48d7,start,rule2_orphan_pulse,30:41,41,30,radar,video,1785616156.983,1785616158.960,1.977,16.977,fisheye,"orphan on detector '30': orphan pulse duration=1.977s window=[1785616151.983, 1785616163.960]"
1785616165.259,2026-08-01 14:29:25.259044,201,d2f389b91fbc4bb7aa4fb67f31c3164c,start,rule2_orphan_pulse,3:41,3,41,video,radar,1785616157.649,1785616160.247,2.598,17.598,fisheye,"orphan on detector '3': orphan pulse duration=2.598s window=[1785616152.649, 1785616165.247]"
1785616166.676,2026-08-01 14:29:26.676221,201,5c596fb76a3a45e3aad5559f16a2ae8d,stop,rule1_continuous_disagreement,26:33,33,26,radar,video,,,0.0,300.0,fisheye,Rule 1 recording stopped after 5.0s post-roll
1785616355.250,2026-08-01 14:32:35.249743,201,973502d343954aeda5d52520a938f5ae,start,rule1_continuous_disagreement,22:39,39,22,radar,video,1785616350.208,,5.042,300.0,fisheye,"detector '22' ON, detector '39' OFF for 5.042s (threshold=5.0s)"
1785616355.256,2026-08-01 14:32:35.255754,201,ebdc3a0e0557476a8b5599f089f3abd9,start,rule1_continuous_disagreement,39:4,4,39,video,radar,1785616350.208,,5.048,300.0,fisheye,"detector '4' ON, detector '39' OFF for 5.048s (threshold=5.0s)"
1785616361.816,2026-08-01 14:32:41.816448,201,973502d343954aeda5d52520a938f5ae,stop,rule1_continuous_disagreement,22:39,39,22,radar,video,,,0.0,300.0,fisheye,Rule 1 recording stopped after 5.0s post-roll
1785616363.131,2026-08-01 14:32:43.131346,201,ebdc3a0e0557476a8b5599f089f3abd9,stop,rule1_continuous_disagreement,39:4,4,39,video,radar,,,0.0,300.0,fisheye,Rule 1 recording stopped after 5.0s post-roll
1785616364.446,2026-08-01 14:32:44.445519,201,8ede638a3f4f4bfaaf2199f98dc8c064,start,rule2_orphan_pulse,31:8,31,8,video,video,1785616355.742,1785616359.360,3.618,18.618000000000002,fisheye,"orphan on detector '8': orphan pulse duration=3.618s window=[1785616350.742, 1785616364.360]"
1785616418.382,2026-08-01 14:33:38.382356,201,111a3509cfc54db49adff9581ee2516f,start,rule1_continuous_disagreement,31:8,31,8,video,video,1785616413.346,,5.036,300.0,fisheye,"detector '8' ON, detector '31' OFF for 5.036s (threshold=5.0s)"
1785616418.393,2026-08-01 14:33:38.393369,201,bec3efec32de4d00ab46e029486d26ce,start,rule1_continuous_disagreement,42:8,8,42,video,radar,1785616413.346,,5.047,300.0,fisheye,"detector '8' ON, detector '42' OFF for 5.047s (threshold=5.0s)"
1785616432.908,2026-08-01 14:33:52.907655,201,111a3509cfc54db49adff9581ee2516f,stop,rule1_continuous_disagreement,31:8,31,8,video,video,,,0.0,300.0,fisheye,Rule 1 recording stopped after 5.0s post-roll
1785616432.910,2026-08-01 14:33:52.909794,201,bec3efec32de4d00ab46e029486d26ce,stop,rule1_continuous_disagreement,42:8,8,42,video,radar,,,0.0,300.0,fisheye,Rule 1 recording stopped after 5.0s post-roll
1785616444.198,2026-08-01 14:34:04.197647,201,3eeee93d243543d28a1aaa69dff9f335,start,rule1_continuous_disagreement,22:39,39,22,radar,video,1785616439.160,,5.038,300.0,fisheye,"detector '39' ON, detector '22' OFF for 5.038s (threshold=5.0s)"
1785616446.115,2026-08-01 14:34:06.114557,201,133ba6bbb17b4165bfbf136c86cc1b9a,start,rule1_continuous_disagreement,39:4,4,39,video,radar,1785616441.074,,5.041,300.0,fisheye,"detector '39' ON, detector '4' OFF for 5.041s (threshold=5.0s)"
1785616459.060,2026-08-01 14:34:19.060314,201,fa9efba40bf746b7b575a06df38fed5c,start,rule1_continuous_disagreement,31:8,31,8,video,video,1785616454.014,,5.046,300.0,fisheye,"detector '8' ON, detector '31' OFF for 5.046s (threshold=5.0s)"
1785616467.448,2026-08-01 14:34:27.448193,201,fa9efba40bf746b7b575a06df38fed5c,stop,rule1_continuous_disagreement,31:8,31,8,video,video,,,0.0,300.0,fisheye,Rule 1 recording stopped after 5.0s post-roll
1785616475.319,2026-08-01 14:34:35.319460,201,22ff90a3dad6440698b28ebc91b1f866,start,rule2_orphan_pulse,30:41,41,30,radar,video,1785616468.582,1785616470.262,1.68,16.68,fisheye,"orphan on detector '30': orphan pulse duration=1.68s window=[1785616463.582, 1785616475.262]"
1785616475.633,2026-08-01 14:34:35.632659,201,3a1f587b88e74cfabbfcd7db95ea22f8,start,rule2_orphan_pulse,3:41,3,41,video,radar,1785616468.929,1785616470.582,1.653,16.653,fisheye,"orphan on detector '3': orphan pulse duration=1.653s window=[1785616463.929, 1785616475.582]"
1785616502.946,2026-08-01 14:35:02.946173,201,3eeee93d243543d28a1aaa69dff9f335,stop,rule1_continuous_disagreement,22:39,39,22,radar,video,,,0.0,300.0,fisheye,Rule 1 recording stopped after 5.0s post-roll
1785616502.951,2026-08-01 14:35:02.951191,201,133ba6bbb17b4165bfbf136c86cc1b9a,stop,rule1_continuous_disagreement,39:4,4,39,video,radar,,,0.0,300.0,fisheye,Rule 1 recording stopped after 5.0s post-roll
1785616549.315,2026-08-01 14:35:49.315454,201,12249588a41d470aae7ec23e82b05a26,start,rule1_continuous_disagreement,31:8,31,8,video,video,1785616544.280,,5.035,300.0,fisheye,"detector '8' ON, detector '31' OFF for 5.035s (threshold=5.0s)"
1785616549.320,2026-08-01 14:35:49.320461,201,ebc031ec8eed474eb0d2a44f37838bc2,start,rule1_continuous_disagreement,42:8,8,42,video,radar,1785616544.280,,5.04,300.0,fisheye,"detector '8' ON, detector '42' OFF for 5.04s (threshold=5.0s)"
1785616554.669,2026-08-01 14:35:54.668646,201,12249588a41d470aae7ec23e82b05a26,stop,rule1_continuous_disagreement,31:8,31,8,video,video,,,0.0,300.0,fisheye,Rule 1 recording stopped after 5.0s post-roll
1785616554.678,2026-08-01 14:35:54.678174,201,ebc031ec8eed474eb0d2a44f37838bc2,stop,rule1_continuous_disagreement,42:8,8,42,video,radar,,,0.0,300.0,fisheye,Rule 1 recording stopped after 5.1s post-roll
1785616587.542,2026-08-01 14:36:27.541986,201,8df63e6ebc6e4189bd1c62f13118d99f,start,rule1_continuous_disagreement,42:8,8,42,video,radar,1785616582.502,,5.04,300.0,fisheye,"detector '8' ON, detector '42' OFF for 5.04s (threshold=5.0s)"
1785616593.289,2026-08-01 14:36:33.289346,201,8df63e6ebc6e4189bd1c62f13118d99f,stop,rule1_continuous_disagreement,42:8,8,42,video,radar,,,0.0,300.0,fisheye,Rule 1 recording stopped after 5.0s post-roll
1785616635.272,2026-08-01 14:37:15.271704,201,4280dc24065d4cdd9d0cc264c4e7007b,start,rule2_orphan_pulse,29:43,43,29,radar,video,1785616628.626,1785616630.231,1.606,16.606,fisheye,"orphan on detector '29': orphan pulse duration=1.606s window=[1785616623.626, 1785616635.231]"
1785616667.867,2026-08-01 14:37:47.867438,201,7105b99f6bfc413e86c15ac249d748e6,start,rule1_continuous_disagreement,31:8,31,8,video,video,1785616662.823,,5.044,300.0,fisheye,"detector '8' ON, detector '31' OFF for 5.044s (threshold=5.0s)"
1785616675.531,2026-08-01 14:37:55.530560,201,863c37106b834ebab63a61d44ed4c4fe,start,rule1_continuous_disagreement,42:8,8,42,video,radar,1785616670.495,,5.036,300.0,fisheye,"detector '8' ON, detector '42' OFF for 5.036s (threshold=5.0s)"
1785616691.972,2026-08-01 14:38:11.971905,201,7105b99f6bfc413e86c15ac249d748e6,stop,rule1_continuous_disagreement,31:8,31,8,video,video,,,0.0,300.0,fisheye,Rule 1 recording stopped after 5.0s post-roll
1785616691.982,2026-08-01 14:38:11.981994,201,863c37106b834ebab63a61d44ed4c4fe,stop,rule1_continuous_disagreement,42:8,8,42,video,radar,,,0.0,300.0,fisheye,Rule 1 recording stopped after 5.0s post-roll
1785616776.585,2026-08-01 14:39:36.584954,201,b65c7c7a74174353b902679837f258d6,start,rule1_continuous_disagreement,42:8,8,42,video,radar,1785616771.548,,5.037,300.0,fisheye,"detector '8' ON, detector '42' OFF for 5.037s (threshold=5.0s)"
1785616799.466,2026-08-01 14:39:59.465646,201,b65c7c7a74174353b902679837f258d6,stop,rule1_continuous_disagreement,42:8,8,42,video,radar,,,0.0,300.0,fisheye,Rule 1 recording stopped after 5.0s post-roll
1785616802.997,2026-08-01 14:40:02.996847,201,debabd22984f4640be7da44161d996da,start,rule2_orphan_pulse,31:42,42,31,radar,video,1785616796.342,1785616797.995,1.654,16.654,fisheye,"orphan on detector '31': orphan pulse duration=1.654s window=[1785616791.342, 1785616802.995]"
1785616830.409,2026-08-01 14:40:30.409356,201,217e7c42368a4a8e932c798cf83ad9b4,start,rule2_orphan_pulse,3:30,30,3,video,video,1785616824.376,1785616825.359,0.982,15.982,fisheye,"orphan on detector '3': orphan pulse duration=0.982s window=[1785616819.376, 1785616830.359]"
1785616830.413,2026-08-01 14:40:30.413365,201,bcc8ba202d7e4e0bbee2c02ed04f5b3a,start,rule2_orphan_pulse,3:41,3,41,video,radar,1785616824.376,1785616825.359,0.982,15.982,fisheye,"orphan on detector '3': orphan pulse duration=0.982s window=[1785616819.376, 1785616830.359]"
1785616865.099,2026-08-01 14:41:05.099028,201,3e140ad531c94ada8e73c6819f140744,start,rule1_continuous_disagreement,31:8,31,8,video,video,1785616860.054,,5.045,300.0,fisheye,"detector '8' ON, detector '31' OFF for 5.045s (threshold=5.0s)"
1785616865.106,2026-08-01 14:41:05.106174,201,0fcbf9a8533940caa70da3ee282e7783,start,rule1_continuous_disagreement,42:8,8,42,video,radar,1785616860.054,,5.052,300.0,fisheye,"detector '8' ON, detector '42' OFF for 5.052s (threshold=5.0s)"
1785616874.307,2026-08-01 14:41:14.306749,201,bc54d8758a5d4bf39141e113f4dddc57,start,rule1_continuous_disagreement,26:33,33,26,radar,video,1785616869.265,,5.042,300.0,fisheye,"detector '26' ON, detector '33' OFF for 5.042s (threshold=5.0s)"
1785616879.256,2026-08-01 14:41:19.256272,201,3e140ad531c94ada8e73c6819f140744,stop,rule1_continuous_disagreement,31:8,31,8,video,video,,,0.0,300.0,fisheye,Rule 1 recording stopped after 5.1s post-roll
1785616879.261,2026-08-01 14:41:19.261371,201,0fcbf9a8533940caa70da3ee282e7783,stop,rule1_continuous_disagreement,42:8,8,42,video,radar,,,0.0,300.0,fisheye,Rule 1 recording stopped after 5.1s post-roll
1785616882.591,2026-08-01 14:41:22.590828,201,bc54d8758a5d4bf39141e113f4dddc57,stop,rule1_continuous_disagreement,26:33,33,26,radar,video,,,0.0,300.0,fisheye,Rule 1 recording stopped after 5.1s post-roll
1785616893.577,2026-08-01 14:41:33.577378,201,f15eb1e8ee984a89934d6a1bf606a43c,start,rule2_orphan_pulse,31:8,31,8,video,video,1785616887.270,1785616888.573,1.303,16.303,fisheye,"orphan on detector '8': orphan pulse duration=1.303s window=[1785616882.270, 1785616893.573]"
1785616893.579,2026-08-01 14:41:33.579386,201,f595908669f8447da3797e8fce9ec206,start,rule2_orphan_pulse,42:8,8,42,video,radar,1785616887.270,1785616888.573,1.303,16.303,fisheye,"orphan on detector '8': orphan pulse duration=1.303s window=[1785616882.270, 1785616893.573]"
1785616894.287,2026-08-01 14:41:34.286539,201,8ab233e37b1145d1a970835d2fc16d07,start,rule1_continuous_disagreement,30:41,41,30,radar,video,1785616889.251,,5.036,300.0,fisheye,"detector '30' ON, detector '41' OFF for 5.036s (threshold=5.0s)"
1785616895.501,2026-08-01 14:41:35.500856,201,45081c067d724402acd7398e8bbc0997,start,rule1_continuous_disagreement,3:41,3,41,video,radar,1785616890.459,,5.042,300.0,fisheye,"detector '3' ON, detector '41' OFF for 5.042s (threshold=5.0s)"
1785616901.050,2026-08-01 14:41:41.049929,201,5fcb4edc78684fe38af5ca74d50337f4,start,rule2_orphan_pulse,31:8,31,8,video,video,1785616894.740,1785616896.048,1.308,16.308,fisheye,"orphan on detector '8': orphan pulse duration=1.308s window=[1785616889.740, 1785616901.048]"
1785616901.055,2026-08-01 14:41:41.055131,201,fe32841016dc45e9baf7489a33674b91,start,rule2_orphan_pulse,42:8,8,42,video,radar,1785616894.740,1785616896.048,1.308,16.308,fisheye,"orphan on detector '8': orphan pulse duration=1.308s window=[1785616889.740, 1785616901.048]"
1785616917.691,2026-08-01 14:41:57.690699,201,8ab233e37b1145d1a970835d2fc16d07,stop,rule1_continuous_disagreement,30:41,41,30,radar,video,,,0.0,300.0,fisheye,Rule 1 recording stopped after 5.0s post-roll
1785616924.855,2026-08-01 14:42:04.855389,201,bb440888b99a425c8ea43705bece6922,start,rule2_orphan_pulse,29:43,43,29,radar,video,1785616918.806,1785616919.797,0.991,15.991,fisheye,"orphan on detector '29': orphan pulse duration=0.991s window=[1785616913.806, 1785616924.797]"
1785616925.264,2026-08-01 14:42:05.264457,201,45081c067d724402acd7398e8bbc0997,stop,rule1_continuous_disagreement,3:41,3,41,video,radar,,,0.0,300.0,fisheye,Rule 1 recording stopped after 5.0s post-roll
1785616940.776,2026-08-01 14:42:20.775876,201,db8337ef93d6433ba812a95daee9be56,start,rule2_orphan_pulse,30:41,41,30,radar,video,1785616933.997,1785616935.725,1.728,16.728,fisheye,"orphan on detector '30': orphan pulse duration=1.728s window=[1785616928.997, 1785616940.725]"
1785616946.520,2026-08-01 14:42:26.519526,201,e45c65a5c48141b2888466fb932cc668,start,rule2_orphan_pulse,30:41,41,30,radar,video,1785616936.716,1785616941.469,4.753,19.753,fisheye,"orphan on detector '30': orphan pulse duration=4.753s window=[1785616931.716, 1785616946.469]"
1785616952.771,2026-08-01 14:42:32.771029,201,2d2c0091278c46d387c5db0b53c28058,start,rule2_orphan_pulse,30:41,41,30,radar,video,1785616944.129,1785616947.750,3.621,18.621000000000002,fisheye,"orphan on detector '30': orphan pulse duration=3.621s window=[1785616939.129, 1785616952.750]"
1785616986.949,2026-08-01 14:43:06.949297,201,f3c2e0710a34464997421c1aac4f7cf2,start,rule1_continuous_disagreement,31:8,31,8,video,video,1785616981.900,,5.049,300.0,fisheye,"detector '8' ON, detector '31' OFF for 5.049s (threshold=5.0s)"
1785616994.418,2026-08-01 14:43:14.418435,201,f3c2e0710a34464997421c1aac4f7cf2,stop,rule1_continuous_disagreement,31:8,31,8,video,video,,,0.0,300.0,fisheye,Rule 1 recording stopped after 5.0s post-roll
1785616995.770,2026-08-01 14:43:15.769573,201,4009bc72665c4ca1a15a4ab786638a97,start,rule1_continuous_disagreement,30:41,41,30,radar,video,1785616990.688,,5.082,300.0,fisheye,"detector '30' ON, detector '41' OFF for 5.082s (threshold=5.0s)"
1785616995.774,2026-08-01 14:43:15.773692,201,84658fdd4bab4957841442e2fe965c4b,start,rule1_continuous_disagreement,3:41,3,41,video,radar,1785616990.688,,5.086,300.0,fisheye,"detector '3' ON, detector '41' OFF for 5.086s (threshold=5.0s)"
1785617022.885,2026-08-01 14:43:42.885324,201,56556b96236c4e1c9fb4783d3464b9d8,start,rule1_continuous_disagreement,42:8,8,42,video,radar,1785617017.846,,5.039,300.0,fisheye,"detector '8' ON, detector '42' OFF for 5.039s (threshold=5.0s)"
1785617034.083,2026-08-01 14:43:54.082938,201,56556b96236c4e1c9fb4783d3464b9d8,stop,rule1_continuous_disagreement,42:8,8,42,video,radar,,,0.0,300.0,fisheye,Rule 1 recording stopped after 5.0s post-roll
1785617042.952,2026-08-01 14:44:02.952173,201,4009bc72665c4ca1a15a4ab786638a97,stop,rule1_continuous_disagreement,30:41,41,30,radar,video,,,0.0,300.0,fisheye,Rule 1 recording stopped after 5.0s post-roll
1785617043.667,2026-08-01 14:44:03.667006,201,84658fdd4bab4957841442e2fe965c4b,stop,rule1_continuous_disagreement,3:41,3,41,video,radar,,,0.0,300.0,fisheye,Rule 1 recording stopped after 5.0s post-roll
1785617052.538,2026-08-01 14:44:12.538281,201,b46e260d7a9a4d32aff79acf5cf71a4c,start,rule1_continuous_disagreement,3:30,30,3,video,video,1785617047.494,,5.044,300.0,fisheye,"detector '30' ON, detector '3' OFF for 5.044s (threshold=5.0s)"
1785617059.026,2026-08-01 14:44:19.026059,201,b46e260d7a9a4d32aff79acf5cf71a4c,stop,rule1_continuous_disagreement,3:30,30,3,video,video,,,0.0,300.0,fisheye,Rule 1 recording stopped after 5.0s post-roll
1785617065.183,2026-08-01 14:44:25.183310,201,07d59fe32a924685b82fa4776379f7c3,start,rule1_continuous_disagreement,30:41,41,30,radar,video,1785617060.141,,5.042,300.0,fisheye,"detector '30' ON, detector '41' OFF for 5.042s (threshold=5.0s)"
1785617078.520,2026-08-01 14:44:38.519928,201,07d59fe32a924685b82fa4776379f7c3,stop,rule1_continuous_disagreement,30:41,41,30,radar,video,,,0.0,300.0,fisheye,Rule 1 recording stopped after 5.0s post-roll
1785617078.521,2026-08-01 14:44:38.520940,201,8b35aa7a09b34b3b88d94c018e8d29a2,start,rule2_orphan_pulse,3:30,30,3,video,video,1785617072.741,1785617073.434,0.693,15.693,fisheye,"orphan on detector '30': orphan pulse duration=0.693s window=[1785617067.741, 1785617078.434]"
1785617082.965,2026-08-01 14:44:42.964773,201,04554771596f44c9aff9d570d80f5e8a,start,rule1_continuous_disagreement,22:39,39,22,radar,video,1785617077.916,,5.049,300.0,fisheye,"detector '39' ON, detector '22' OFF for 5.049s (threshold=5.0s)"
1785617082.970,2026-08-01 14:44:42.970297,201,a60affd2081746c2b1f2b58380a60a3d,start,rule1_continuous_disagreement,39:4,4,39,video,radar,1785617077.916,,5.054,300.0,fisheye,"detector '39' ON, detector '4' OFF for 5.054s (threshold=5.0s)"
1785617097.396,2026-08-01 14:44:57.396140,201,40850b7d5a76479eb766495996b6ed13,start,rule2_orphan_pulse,3:30,30,3,video,video,1785617088.751,1785617092.325,3.574,18.573999999999998,fisheye,"orphan on detector '3': orphan pulse duration=3.574s window=[1785617083.751, 1785617097.325]"
1785617097.398,2026-08-01 14:44:57.398206,201,a9834323f4b74de1aea157ed7afafae0,start,rule2_orphan_pulse,3:41,3,41,video,radar,1785617088.751,1785617092.325,3.574,18.573999999999998,fisheye,"orphan on detector '3': orphan pulse duration=3.574s window=[1785617083.751, 1785617097.325]"
1785617127.008,2026-08-01 14:45:27.007538,201,04554771596f44c9aff9d570d80f5e8a,stop,rule1_continuous_disagreement,22:39,39,22,radar,video,,,0.0,300.0,fisheye,Rule 1 recording stopped after 5.1s post-roll
1785617127.013,2026-08-01 14:45:27.012543,201,a60affd2081746c2b1f2b58380a60a3d,stop,rule1_continuous_disagreement,39:4,4,39,video,radar,,,0.0,300.0,fisheye,Rule 1 recording stopped after 5.1s post-roll
1785617132.862,2026-08-01 14:45:32.861509,201,bb1ac3840462452e8648171e42f9b5bc,start,rule2_orphan_pulse,42:8,8,42,video,radar,1785617123.588,1785617127.824,4.236,19.236,fisheye,"orphan on detector '8': orphan pulse duration=4.236s window=[1785617118.588, 1785617132.824]"
1785617170.251,2026-08-01 14:46:10.251424,201,791dba76e46b4d9da056ebd5fd01bc16,start,rule1_continuous_disagreement,22:39,39,22,radar,video,1785617165.218,,5.033,300.0,fisheye,"detector '39' ON, detector '22' OFF for 5.033s (threshold=5.0s)"
1785617187.508,2026-08-01 14:46:27.508347,201,76a88e34990a4584a09a2001f022973b,start,rule1_continuous_disagreement,39:4,4,39,video,radar,1785617182.466,,5.042,300.0,fisheye,"detector '39' ON, detector '4' OFF for 5.042s (threshold=5.0s)"
1785617189.127,2026-08-01 14:46:29.126571,201,c7aa5beeace6417aa94c0dd531ee331a,start,rule2_orphan_pulse,31:8,31,8,video,video,1785617179.388,1785617184.043,4.656,19.656,fisheye,"orphan on detector '8': orphan pulse duration=4.656s window=[1785617174.388, 1785617189.043]"
1785617189.130,2026-08-01 14:46:29.129645,201,5eeba155670243bfbf130d456612e071,start,rule2_orphan_pulse,42:8,8,42,video,radar,1785617179.388,1785617184.043,4.656,19.656,fisheye,"orphan on detector '8': orphan pulse duration=4.656s window=[1785617174.388, 1785617189.043]"
1785617206.783,2026-08-01 14:46:46.783296,201,3c2b4d5a761a41a59478e74b965dc3c4,start,rule2_orphan_pulse,29:43,43,29,radar,video,1785617200.784,1785617201.769,0.986,15.986,fisheye,"orphan on detector '29': orphan pulse duration=0.986s window=[1785617195.784, 1785617206.769]"
1785617241.257,2026-08-01 14:47:21.256836,201,0c345cd25eae4bd9884627945610a420,start,rule1_continuous_disagreement,30:41,41,30,radar,video,1785617236.213,,5.044,300.0,fisheye,"detector '30' ON, detector '41' OFF for 5.044s (threshold=5.0s)"
1785617248.128,2026-08-01 14:47:28.127552,201,89f3e1bd92d44bf79368c90388f8eb6d,start,rule2_orphan_pulse,3:41,3,41,video,radar,1785617238.149,1785617243.124,4.975,19.975,fisheye,"orphan on detector '3': orphan pulse duration=4.975s window=[1785617233.149, 1785617248.124]"
1785617248.533,2026-08-01 14:47:28.532980,201,0c345cd25eae4bd9884627945610a420,stop,rule1_continuous_disagreement,30:41,41,30,radar,video,,,0.0,300.0,fisheye,Rule 1 recording stopped after 5.0s post-roll
1785617277.762,2026-08-01 14:47:57.761829,201,81736a04f60a41fc83d0502a0fd21390,start,rule1_continuous_disagreement,26:33,33,26,radar,video,1785617272.724,,5.038,300.0,fisheye,"detector '26' ON, detector '33' OFF for 5.038s (threshold=5.0s)"
1785617286.330,2026-08-01 14:48:06.329503,201,81736a04f60a41fc83d0502a0fd21390,stop,rule1_continuous_disagreement,26:33,33,26,radar,video,,,0.0,300.0,fisheye,Rule 1 recording stopped after 5.0s post-roll
1785617294.796,2026-08-01 14:48:14.796373,201,791dba76e46b4d9da056ebd5fd01bc16,stop,rule1_continuous_disagreement,22:39,39,22,radar,video,,,0.0,300.0,fisheye,Rule 1 recording stopped after 5.0s post-roll
1785617294.803,2026-08-01 14:48:14.802709,201,76a88e34990a4584a09a2001f022973b,stop,rule1_continuous_disagreement,39:4,4,39,video,radar,,,0.0,300.0,fisheye,Rule 1 recording stopped after 5.0s post-roll
1785617330.592,2026-08-01 14:48:50.592403,201,becea083bfdf4e609e5f49ffd7e57f2b,start,rule1_continuous_disagreement,30:41,41,30,radar,video,1785617325.552,,5.04,300.0,fisheye,"detector '30' ON, detector '41' OFF for 5.04s (threshold=5.0s)"
1785617337.045,2026-08-01 14:48:57.044794,201,becea083bfdf4e609e5f49ffd7e57f2b,stop,rule1_continuous_disagreement,30:41,41,30,radar,video,,,0.0,300.0,fisheye,Rule 1 recording stopped after 5.0s post-roll
1785617386.225,2026-08-01 14:49:46.224525,201,770c175567da4c8cacea69d4e500bcb2,start,rule2_orphan_pulse,3:30,30,3,video,video,1785617378.721,1785617381.134,2.413,17.413,fisheye,"orphan on detector '3': orphan pulse duration=2.413s window=[1785617373.721, 1785617386.134]"
1785617386.228,2026-08-01 14:49:46.227535,201,1c786595fd0f442bb692ecd0e42240cb,start,rule2_orphan_pulse,3:41,3,41,video,radar,1785617378.721,1785617381.134,2.413,17.413,fisheye,"orphan on detector '3': orphan pulse duration=2.413s window=[1785617373.721, 1785617386.134]"
1785617405.664,2026-08-01 14:50:05.663788,201,ecc24196eea541c98172f12eaa8b189c,start,rule2_orphan_pulse,3:30,30,3,video,video,1785617396.628,1785617400.581,3.953,18.953,fisheye,"orphan on detector '3': orphan pulse duration=3.953s window=[1785617391.628, 1785617405.581]"
1785617405.668,2026-08-01 14:50:05.667804,201,26891801861b46b4a4393033291623b6,start,rule2_orphan_pulse,3:41,3,41,video,radar,1785617396.628,1785617400.581,3.953,18.953,fisheye,"orphan on detector '3': orphan pulse duration=3.953s window=[1785617391.628, 1785617405.581]"
1785617430.099,2026-08-01 14:50:30.099454,201,a2f6b6d184704217879f126d0b7f3e3f,start,rule1_continuous_disagreement,30:41,41,30,radar,video,1785617425.056,,5.043,300.0,fisheye,"detector '41' ON, detector '30' OFF for 5.043s (threshold=5.0s)"
1785617430.103,2026-08-01 14:50:30.103493,201,15fdb9ee2fd246ff9c03cf9ce5da51c6,start,rule1_continuous_disagreement,3:30,30,3,video,video,1785617425.057,,5.046,300.0,fisheye,"detector '3' ON, detector '30' OFF for 5.046s (threshold=5.0s)"
1785617449.053,2026-08-01 14:50:49.053070,201,ddac4e0e311642828b283918c6af5142,start,rule2_orphan_pulse,31:42,42,31,radar,video,1785617442.980,1785617443.956,0.975,15.975,fisheye,"orphan on detector '31': orphan pulse duration=0.975s window=[1785617437.980, 1785617448.956]"
1785617450.565,2026-08-01 14:50:50.564612,201,856d18e8b4574ec3bd713dad7d5a9781,start,rule2_orphan_pulse,42:8,8,42,video,radar,1785617440.978,1785617445.560,4.583,19.583,fisheye,"orphan on detector '8': orphan pulse duration=4.583s window=[1785617435.978, 1785617450.560]"
1785617461.161,2026-08-01 14:51:01.160769,201,41fef76369684765a0366e5a62dec1f8,start,rule1_continuous_disagreement,3:41,3,41,video,radar,1785617456.112,,5.049,300.0,fisheye,"detector '3' ON, detector '41' OFF for 5.049s (threshold=5.0s)"
1785617466.004,2026-08-01 14:51:06.003919,201,a2f6b6d184704217879f126d0b7f3e3f,stop,rule1_continuous_disagreement,30:41,41,30,radar,video,,,0.0,300.0,fisheye,Rule 1 recording stopped after 5.0s post-roll
1785617473.161,2026-08-01 14:51:13.161088,201,15fdb9ee2fd246ff9c03cf9ce5da51c6,stop,rule1_continuous_disagreement,3:30,30,3,video,video,,,0.0,300.0,fisheye,Rule 1 recording stopped after 5.0s post-roll
1785617473.172,2026-08-01 14:51:13.171814,201,41fef76369684765a0366e5a62dec1f8,stop,rule1_continuous_disagreement,3:41,3,41,video,radar,,,0.0,300.0,fisheye,Rule 1 recording stopped after 5.0s post-roll
1785617476.721,2026-08-01 14:51:16.721139,201,2cbc087b64aa41a0ac7f299c38b41ff1,start,rule2_orphan_pulse,29:43,43,29,radar,video,1785617470.341,1785617471.653,1.312,16.312,fisheye,"orphan on detector '29': orphan pulse duration=1.312s window=[1785617465.341, 1785617476.653]"
1785617507.547,2026-08-01 14:51:47.546574,201,03b19ee1ca68454ebb0ddc8661df9533,start,rule1_continuous_disagreement,31:8,31,8,video,video,1785617502.512,,5.035,300.0,fisheye,"detector '8' ON, detector '31' OFF for 5.035s (threshold=5.0s)"
1785617507.550,2026-08-01 14:51:47.549762,201,903e6a98f49e46ab818806b0f1543048,start,rule1_continuous_disagreement,42:8,8,42,video,radar,1785617502.511,,5.039,300.0,fisheye,"detector '8' ON, detector '42' OFF for 5.039s (threshold=5.0s)"
1785617513.812,2026-08-01 14:51:53.812310,201,03b19ee1ca68454ebb0ddc8661df9533,stop,rule1_continuous_disagreement,31:8,31,8,video,video,,,0.0,300.0,fisheye,Rule 1 recording stopped after 5.0s post-roll
1785617513.817,2026-08-01 14:51:53.817357,201,903e6a98f49e46ab818806b0f1543048,stop,rule1_continuous_disagreement,42:8,8,42,video,radar,,,0.0,300.0,fisheye,Rule 1 recording stopped after 5.0s post-roll
1785617526.325,2026-08-01 14:52:06.325497,201,f170be0cb2a84906ab2cf3891a522d61,start,rule2_orphan_pulse,31:42,42,31,radar,video,1785617520.189,1785617521.243,1.054,16.054000000000002,fisheye,"orphan on detector '42': orphan pulse duration=1.054s window=[1785617515.189, 1785617526.243]"
1785617526.325,2026-08-01 14:52:06.325497,201,f405cca49ccd47418fa9002b920c4ea4,start,rule2_orphan_pulse,42:8,8,42,video,radar,1785617520.189,1785617521.243,1.054,16.054000000000002,fisheye,"orphan on detector '42': orphan pulse duration=1.054s window=[1785617515.189, 1785617526.243]"
1785617533.413,2026-08-01 14:52:13.412903,201,61ded9ee5135403cbf48352b9f8d1f88,start,rule2_orphan_pulse,31:42,42,31,radar,video,1785617527.347,1785617528.375,1.028,16.028,fisheye,"orphan on detector '42': orphan pulse duration=1.028s window=[1785617522.347, 1785617533.375]"
1785617533.423,2026-08-01 14:52:13.423399,201,4086d6e9d0e0470496282b9105506e00,start,rule2_orphan_pulse,42:8,8,42,video,radar,1785617527.347,1785617528.375,1.028,16.028,fisheye,"orphan on detector '42': orphan pulse duration=1.028s window=[1785617522.347, 1785617533.375]"
1785617620.130,2026-08-01 14:53:40.129962,201,3d3c6fedba094c2a9938fbeaa7de98b2,start,rule2_orphan_pulse,29:43,43,29,radar,video,1785617613.454,1785617615.060,1.606,16.606,fisheye,"orphan on detector '29': orphan pulse duration=1.606s window=[1785617608.454, 1785617620.060]"
1785617648.847,2026-08-01 14:54:08.846952,201,88b2d10ad35045c283f48ec28c2b2289,start,rule1_continuous_disagreement,24:38,38,24,radar,video,1785617643.804,,5.043,300.0,fisheye,"detector '24' ON, detector '38' OFF for 5.043s (threshold=5.0s)"
1785617648.850,2026-08-01 14:54:08.850005,201,95cba42c95e9464d9dcc7d9300eabde6,start,rule1_continuous_disagreement,38:7,7,38,video,radar,1785617643.804,,5.046,300.0,fisheye,"detector '7' ON, detector '38' OFF for 5.046s (threshold=5.0s)"
1785617673.034,2026-08-01 14:54:33.033590,201,7aa1d20010cb425490f409e0849a3239,start,rule2_orphan_pulse,26:33,33,26,radar,video,1785617666.685,1785617668.006,1.321,16.320999999999998,fisheye,"orphan on detector '26': orphan pulse duration=1.321s window=[1785617661.685, 1785617673.006]"
1785617675.466,2026-08-01 14:54:35.465549,201,88b2d10ad35045c283f48ec28c2b2289,stop,rule1_continuous_disagreement,24:38,38,24,radar,video,,,0.0,300.0,fisheye,Rule 1 recording stopped after 5.0s post-roll
1785617675.470,2026-08-01 14:54:35.469680,201,95cba42c95e9464d9dcc7d9300eabde6,stop,rule1_continuous_disagreement,38:7,7,38,video,radar,,,0.0,300.0,fisheye,Rule 1 recording stopped after 5.1s post-roll
1785617700.471,2026-08-01 14:55:00.470855,201,a78490575409495494b51d55e6df8897,start,rule1_continuous_disagreement,30:41,41,30,radar,video,1785617695.432,,5.039,300.0,fisheye,"detector '41' ON, detector '30' OFF for 5.039s (threshold=5.0s)"
1785617702.092,2026-08-01 14:55:02.091513,201,233e20644214406696fd739a3913f126,start,rule1_continuous_disagreement,3:41,3,41,video,radar,1785617697.046,,5.046,300.0,fisheye,"detector '41' ON, detector '3' OFF for 5.046s (threshold=5.0s)"
1785617705.528,2026-08-01 14:55:05.527651,201,deae2e861ea542d39f1285192d0dba0e,start,rule2_orphan_pulse,31:42,42,31,radar,video,1785617699.540,1785617700.475,0.936,15.936,fisheye,"orphan on detector '31': orphan pulse duration=0.936s window=[1785617694.540, 1785617705.475]"
1785617705.833,2026-08-01 14:55:05.833355,201,22a8da25d4e14c08a130e5bf332ca9b3,start,rule2_orphan_pulse,42:8,8,42,video,radar,1785617696.000,1785617700.801,4.8,19.8,fisheye,"orphan on detector '8': orphan pulse duration=4.8s window=[1785617691.000, 1785617705.801]"
1785617712.005,2026-08-01 14:55:12.004655,201,a78490575409495494b51d55e6df8897,stop,rule1_continuous_disagreement,30:41,41,30,radar,video,,,0.0,300.0,fisheye,Rule 1 recording stopped after 5.1s post-roll
1785617713.922,2026-08-01 14:55:13.922149,201,233e20644214406696fd739a3913f126,stop,rule1_continuous_disagreement,3:41,3,41,video,radar,,,0.0,300.0,fisheye,Rule 1 recording stopped after 5.1s post-roll
1785617744.045,2026-08-01 14:55:44.045359,201,6771e9e662b8454183948d15780655e1,start,rule1_continuous_disagreement,3:30,30,3,video,video,1785617739.010,,5.035,300.0,fisheye,"detector '3' ON, detector '30' OFF for 5.035s (threshold=5.0s)"
1785617749.283,2026-08-01 14:55:49.282558,201,6771e9e662b8454183948d15780655e1,stop,rule1_continuous_disagreement,3:30,30,3,video,video,,,0.0,300.0,fisheye,Rule 1 recording stopped after 5.0s post-roll
1785617768.835,2026-08-01 14:56:08.834504,201,dfd6eeba9a334365b3e7b13e7740b81e,start,rule1_continuous_disagreement,22:39,39,22,radar,video,1785617763.799,,5.036,300.0,fisheye,"detector '39' ON, detector '22' OFF for 5.036s (threshold=5.0s)"
1785617768.847,2026-08-01 14:56:08.846673,201,0df76598dba140d0a8224b59a261a32b,start,rule1_continuous_disagreement,39:4,4,39,video,radar,1785617763.799,,5.048,300.0,fisheye,"detector '39' ON, detector '4' OFF for 5.048s (threshold=5.0s)"
1785617775.001,2026-08-01 14:56:15.001122,201,f11d5cb0dce443d9bdf8d65d9fe045e8,start,rule1_continuous_disagreement,42:8,8,42,video,radar,1785617769.960,,5.041,300.0,fisheye,"detector '8' ON, detector '42' OFF for 5.041s (threshold=5.0s)"
1785617779.545,2026-08-01 14:56:19.544986,201,c2cef5cb8b0a410eb2ede06f066e439d,start,rule2_orphan_pulse,31:42,42,31,radar,video,1785617773.824,1785617774.484,0.66,15.66,fisheye,"orphan on detector '31': orphan pulse duration=0.66s window=[1785617768.824, 1785617779.484]"
1785617780.556,2026-08-01 14:56:20.556094,201,f11d5cb0dce443d9bdf8d65d9fe045e8,stop,rule1_continuous_disagreement,42:8,8,42,video,radar,,,0.0,300.0,fisheye,Rule 1 recording stopped after 5.0s post-roll
1785617813.529,2026-08-01 14:56:53.528630,201,dfd6eeba9a334365b3e7b13e7740b81e,stop,rule1_continuous_disagreement,22:39,39,22,radar,video,,,0.0,300.0,fisheye,Rule 1 recording stopped after 5.1s post-roll
1785617813.533,2026-08-01 14:56:53.533355,201,0df76598dba140d0a8224b59a261a32b,stop,rule1_continuous_disagreement,39:4,4,39,video,radar,,,0.0,300.0,fisheye,Rule 1 recording stopped after 5.1s post-roll
1785617826.339,2026-08-01 14:57:06.338650,201,43a7b3905efe49b89417e4892734b10a,start,rule1_continuous_disagreement,3:30,30,3,video,video,1785617821.302,,5.037,300.0,fisheye,"detector '3' ON, detector '30' OFF for 5.037s (threshold=5.0s)"
1785617831.878,2026-08-01 14:57:11.877939,201,43a7b3905efe49b89417e4892734b10a,stop,rule1_continuous_disagreement,3:30,30,3,video,video,,,0.0,300.0,fisheye,Rule 1 recording stopped after 5.0s post-roll
1785617846.010,2026-08-01 14:57:26.010022,201,06f21508353044b68cdf46595f8a9d27,start,rule2_orphan_pulse,3:30,30,3,video,video,1785617838.590,1785617840.920,2.33,17.33,fisheye,"orphan on detector '3': orphan pulse duration=2.33s window=[1785617833.590, 1785617845.920]"
1785617846.015,2026-08-01 14:57:26.015191,201,93e1c7705fb2497b9758dca59731f672,start,rule2_orphan_pulse,3:41,3,41,video,radar,1785617838.590,1785617840.920,2.33,17.33,fisheye,"orphan on detector '3': orphan pulse duration=2.33s window=[1785617833.590, 1785617845.920]"
1785617897.353,2026-08-01 14:58:17.352772,201,c11f0c32f62c4d83add919e7d7d50cb2,start,rule1_continuous_disagreement,42:8,8,42,video,radar,1785617892.283,,5.07,300.0,fisheye,"detector '8' ON, detector '42' OFF for 5.07s (threshold=5.0s)"
1785617898.062,2026-08-01 14:58:18.061953,201,00d94c80032945cf9c77edecc2983276,start,rule1_continuous_disagreement,31:8,31,8,video,video,1785617893.002,,5.06,300.0,fisheye,"detector '8' ON, detector '31' OFF for 5.06s (threshold=5.0s)"
1785617900.896,2026-08-01 14:58:20.896275,201,512703595a8245a2981fd19a15b86b1e,start,rule1_continuous_disagreement,2:46,2,46,video,radar,1785617895.840,,5.056,300.0,fisheye,"detector '46' ON, detector '2' OFF for 5.056s (threshold=5.0s)"
1785617909.673,2026-08-01 14:58:29.673274,201,00d94c80032945cf9c77edecc2983276,stop,rule1_continuous_disagreement,31:8,31,8,video,video,,,0.0,300.0,fisheye,Rule 1 recording stopped after 5.0s post-roll
1785617909.677,2026-08-01 14:58:29.677353,201,c11f0c32f62c4d83add919e7d7d50cb2,stop,rule1_continuous_disagreement,42:8,8,42,video,radar,,,0.0,300.0,fisheye,Rule 1 recording stopped after 5.0s post-roll
1785617911.509,2026-08-01 14:58:31.509025,201,75c10ca6d5ae43d18e74cc65f86bcbea,start,rule2_orphan_pulse,30:41,41,30,radar,video,1785617904.884,1785617906.479,1.595,16.595,fisheye,"orphan on detector '30': orphan pulse duration=1.595s window=[1785617899.884, 1785617911.479]"
1785617912.525,2026-08-01 14:58:32.524764,201,149171faa84b478b9e6ac55434a551d2,start,rule2_orphan_pulse,3:41,3,41,video,radar,1785617904.250,1785617907.467,3.217,18.217,fisheye,"orphan on detector '3': orphan pulse duration=3.217s window=[1785617899.250, 1785617912.467]"
1785617919.080,2026-08-01 14:58:39.079679,201,512703595a8245a2981fd19a15b86b1e,stop,rule1_continuous_disagreement,2:46,2,46,video,radar,,,0.0,300.0,fisheye,Rule 1 recording stopped after 5.0s post-roll
1785617940.966,2026-08-01 14:59:00.965664,201,ce26ae84250e44139d60c62636ebfc51,start,rule1_continuous_disagreement,22:39,39,22,radar,video,1785617935.926,,5.04,300.0,fisheye,"detector '39' ON, detector '22' OFF for 5.04s (threshold=5.0s)"
1785617940.970,2026-08-01 14:59:00.970370,201,73bae1810a7d47b081ecf955c0bbbad3,start,rule1_continuous_disagreement,39:4,4,39,video,radar,1785617935.926,,5.044,300.0,fisheye,"detector '39' ON, detector '4' OFF for 5.044s (threshold=5.0s)"
1785617942.182,2026-08-01 14:59:02.182039,201,a402cf943ec448a595b66ce40ddacd60,start,rule2_orphan_pulse,3:30,30,3,video,video,1785617935.190,1785617937.125,1.935,16.935000000000002,fisheye,"orphan on detector '3': orphan pulse duration=1.935s window=[1785617930.190, 1785617942.125]"
1785617942.188,2026-08-01 14:59:02.187648,201,3499887b990449f5bda73475c6346cd4,start,rule2_orphan_pulse,3:41,3,41,video,radar,1785617935.190,1785617937.125,1.935,16.935000000000002,fisheye,"orphan on detector '3': orphan pulse duration=1.935s window=[1785617930.190, 1785617942.125]"
1785617962.231,2026-08-01 14:59:22.231090,201,ce26ae84250e44139d60c62636ebfc51,stop,rule1_continuous_disagreement,22:39,39,22,radar,video,,,0.0,300.0,fisheye,Rule 1 recording stopped after 5.0s post-roll
1785617962.236,2026-08-01 14:59:22.236160,201,73bae1810a7d47b081ecf955c0bbbad3,stop,rule1_continuous_disagreement,39:4,4,39,video,radar,,,0.0,300.0,fisheye,Rule 1 recording stopped after 5.0s post-roll
1785617988.145,2026-08-01 14:59:48.144829,201,9843ad71b3c04b7eb84a53091abebe48,start,rule2_orphan_pulse,3:30,30,3,video,video,1785617982.142,1785617983.111,0.969,15.969000000000001,fisheye,"orphan on detector '3': orphan pulse duration=0.969s window=[1785617977.142, 1785617988.111]"
1785618041.248,2026-08-01 15:00:41.247981,201,249f5e3aac1943338a5924f0899e7535,start,rule1_continuous_disagreement,30:41,41,30,radar,video,1785618036.210,,5.038,300.0,fisheye,"detector '41' ON, detector '30' OFF for 5.038s (threshold=5.0s)"
1785618043.572,2026-08-01 15:00:43.571505,201,1c64572689514ae5863b997765f1ca78,start,rule1_continuous_disagreement,3:41,3,41,video,radar,1785618038.529,,5.043,300.0,fisheye,"detector '41' ON, detector '3' OFF for 5.043s (threshold=5.0s)"
1785618057.197,2026-08-01 15:00:57.196885,201,1c64572689514ae5863b997765f1ca78,stop,rule1_continuous_disagreement,3:41,3,41,video,radar,,,0.0,300.0,fisheye,Rule 1 recording stopped after 5.0s post-roll
1785618058.314,2026-08-01 15:00:58.314008,201,249f5e3aac1943338a5924f0899e7535,stop,rule1_continuous_disagreement,30:41,41,30,radar,video,,,0.0,300.0,fisheye,Rule 1 recording stopped after 5.1s post-roll
1785618058.624,2026-08-01 15:00:58.623535,201,e50298fa7e6f4f9184006260973e987b,start,rule2_orphan_pulse,42:8,8,42,video,radar,1785618049.058,1785618053.527,4.469,19.469,fisheye,"orphan on detector '8': orphan pulse duration=4.469s window=[1785618044.058, 1785618058.527]"
1785618075.881,2026-08-01 15:01:15.880844,201,c501aaa0b8e9473e9adf8805fae8ab80,start,rule1_continuous_disagreement,22:39,39,22,radar,video,1785618070.832,,5.049,300.0,fisheye,"detector '39' ON, detector '22' OFF for 5.049s (threshold=5.0s)"
1785618075.886,2026-08-01 15:01:15.886384,201,f3d8d3cfaa874cb18131892df47c591d,start,rule1_continuous_disagreement,39:4,4,39,video,radar,1785618070.831,,5.055,300.0,fisheye,"detector '39' ON, detector '4' OFF for 5.055s (threshold=5.0s)"
1785618101.385,2026-08-01 15:01:41.385228,201,b7fd972ba6bf43c490735614d92b7655,start,rule2_orphan_pulse,3:30,30,3,video,video,1785618092.145,1785618096.319,4.174,19.174,fisheye,"orphan on detector '3': orphan pulse duration=4.174s window=[1785618087.145, 1785618101.319]"
1785618101.390,2026-08-01 15:01:41.389729,201,ff3a01fa9a4f45f7a491e8ae601a1bd3,start,rule2_orphan_pulse,3:41,3,41,video,radar,1785618092.145,1785618096.319,4.174,19.174,fisheye,"orphan on detector '3': orphan pulse duration=4.174s window=[1785618087.145, 1785618101.319]"
1785618110.463,2026-08-01 15:01:50.462605,201,eac7e8d1d3f544dc83724a0b8a202ab3,start,rule1_continuous_disagreement,31:42,42,31,radar,video,1785618105.422,,5.041,300.0,fisheye,"detector '42' ON, detector '31' OFF for 5.041s (threshold=5.0s)"
1785618112.287,2026-08-01 15:01:52.287268,201,0e46b06cf5f548598955c89ed46d453d,start,rule2_orphan_pulse,30:41,41,30,radar,video,1785618105.664,1785618107.245,1.582,16.582,fisheye,"orphan on detector '30': orphan pulse duration=1.582s window=[1785618100.664, 1785618112.245]"
1785618114.206,2026-08-01 15:01:54.206059,201,f3f3fe7593774c06a2aa394e5b8f0f48,start,rule2_orphan_pulse,3:41,3,41,video,radar,1785618107.881,1785618109.171,1.29,16.29,fisheye,"orphan on detector '3': orphan pulse duration=1.29s window=[1785618102.881, 1785618114.171]"
1785618118.442,2026-08-01 15:01:58.442220,201,07725b5fc95745218df8cd1f520f17ad,start,rule1_continuous_disagreement,42:8,8,42,video,radar,1785618113.399,,5.043,300.0,fisheye,"detector '8' ON, detector '42' OFF for 5.043s (threshold=5.0s)"
1785618124.005,2026-08-01 15:02:04.005262,201,07725b5fc95745218df8cd1f520f17ad,stop,rule1_continuous_disagreement,42:8,8,42,video,radar,,,0.0,300.0,fisheye,Rule 1 recording stopped after 5.1s post-roll
1785618124.618,2026-08-01 15:02:04.618488,201,eac7e8d1d3f544dc83724a0b8a202ab3,stop,rule1_continuous_disagreement,31:42,42,31,radar,video,,,0.0,300.0,fisheye,Rule 1 recording stopped after 5.1s post-roll
1785618159.003,2026-08-01 15:02:39.003407,201,c501aaa0b8e9473e9adf8805fae8ab80,stop,rule1_continuous_disagreement,22:39,39,22,radar,video,,,0.0,300.0,fisheye,Rule 1 recording stopped after 5.0s post-roll
1785618159.005,2026-08-01 15:02:39.005413,201,f3d8d3cfaa874cb18131892df47c591d,stop,rule1_continuous_disagreement,39:4,4,39,video,radar,,,0.0,300.0,fisheye,Rule 1 recording stopped after 5.0s post-roll
1785618191.978,2026-08-01 15:03:11.978126,201,1833c6973c76496dbe01f01e550d20e7,start,rule1_continuous_disagreement,30:41,41,30,radar,video,1785618186.928,,5.05,300.0,fisheye,"detector '41' ON, detector '30' OFF for 5.05s (threshold=5.0s)"
1785618191.984,2026-08-01 15:03:11.983603,201,ecfe9ce818d64b1fbd148ca31e4a2786,start,rule1_continuous_disagreement,3:30,30,3,video,video,1785618186.929,,5.055,300.0,fisheye,"detector '3' ON, detector '30' OFF for 5.055s (threshold=5.0s)"
1785618206.896,2026-08-01 15:03:26.895913,201,1833c6973c76496dbe01f01e550d20e7,stop,rule1_continuous_disagreement,30:41,41,30,radar,video,,,0.0,300.0,fisheye,Rule 1 recording stopped after 5.0s post-roll
1785618206.898,2026-08-01 15:03:26.898488,201,ecfe9ce818d64b1fbd148ca31e4a2786,stop,rule1_continuous_disagreement,3:30,30,3,video,video,,,0.0,300.0,fisheye,Rule 1 recording stopped after 5.0s post-roll
1785618251.262,2026-08-01 15:04:11.261815,201,6d8e0f4d8f3a43388d2d8bf83df5f2ba,start,rule2_orphan_pulse,31:8,31,8,video,video,1785618242.293,1785618246.231,3.938,18.938000000000002,fisheye,"orphan on detector '8': orphan pulse duration=3.938s window=[1785618237.293, 1785618251.231]"
1785618251.266,2026-08-01 15:04:11.266200,201,e35888929c1c4f7ca878ab675b6b9936,start,rule2_orphan_pulse,42:8,8,42,video,radar,1785618242.293,1785618246.231,3.938,18.938000000000002,fisheye,"orphan on detector '8': orphan pulse duration=3.938s window=[1785618237.293, 1785618251.231]"
1785618475.009,2026-08-01 15:07:55.009017,201,185dfd8f8ec146a3aab87da0855b8347,start,rule2_orphan_pulse,26:33,33,26,radar,video,1785618468.022,1785618469.955,1.934,16.934,fisheye,"orphan on detector '26': orphan pulse duration=1.934s window=[1785618463.022, 1785618474.955]"
1785618512.906,2026-08-01 15:08:32.905521,201,8eaae369700e46bfb06edbc6d6c5e387,start,rule1_continuous_disagreement,42:8,8,42,video,radar,1785618507.865,,5.041,300.0,fisheye,"detector '8' ON, detector '42' OFF for 5.041s (threshold=5.0s)"
1785618517.555,2026-08-01 15:08:37.554553,201,e1066057807e46f5b557cd942561838d,start,rule2_orphan_pulse,31:42,42,31,radar,video,1785618511.468,1785618512.494,1.025,16.025,fisheye,"orphan on detector '31': orphan pulse duration=1.025s window=[1785618506.468, 1785618517.494]"
1785618517.561,2026-08-01 15:08:37.560841,201,24b2eef283f04f2d88a0da293951689b,start,rule1_continuous_disagreement,31:8,31,8,video,video,1785618512.503,,5.058,300.0,fisheye,"detector '8' ON, detector '31' OFF for 5.058s (threshold=5.0s)"
1785618523.309,2026-08-01 15:08:43.308689,201,24b2eef283f04f2d88a0da293951689b,stop,rule1_continuous_disagreement,31:8,31,8,video,video,,,0.0,300.0,fisheye,Rule 1 recording stopped after 5.0s post-roll
1785618523.312,2026-08-01 15:08:43.312034,201,8eaae369700e46bfb06edbc6d6c5e387,stop,rule1_continuous_disagreement,42:8,8,42,video,radar,,,0.0,300.0,fisheye,Rule 1 recording stopped after 5.0s post-roll
1785618557.228,2026-08-01 15:09:17.228281,201,146bcdc223c84888a6652b6617a2c65d,start,rule2_orphan_pulse,24:38,38,24,radar,video,1785618551.240,1785618552.210,0.97,15.969999999999999,fisheye,"orphan on detector '24': orphan pulse duration=0.97s window=[1785618546.240, 1785618557.210]"
1785618575.899,2026-08-01 15:09:35.898970,201,98468ca49ec0456fbbd0f7cd1dfd5f54,start,rule1_continuous_disagreement,42:8,8,42,video,radar,1785618570.856,,5.043,300.0,fisheye,"detector '8' ON, detector '42' OFF for 5.043s (threshold=5.0s)"
1785618582.980,2026-08-01 15:09:42.979999,201,98468ca49ec0456fbbd0f7cd1dfd5f54,stop,rule1_continuous_disagreement,42:8,8,42,video,radar,,,0.0,300.0,fisheye,Rule 1 recording stopped after 5.1s post-roll
1785618591.234,2026-08-01 15:09:51.234466,201,0d89efd01c5a443c9813edd9d4455c8d,start,rule2_orphan_pulse,3:41,3,41,video,radar,1785618584.893,1785618586.210,1.318,16.317999999999998,fisheye,"orphan on detector '3': orphan pulse duration=1.318s window=[1785618579.893, 1785618591.210]"
1785618647.502,2026-08-01 15:10:47.501805,201,1de98cc490444855a539064acb070c6e,start,rule1_continuous_disagreement,17:46,46,17,radar,video,1785618642.457,,5.045,300.0,fisheye,"detector '17' ON, detector '46' OFF for 5.045s (threshold=5.0s)"
1785618647.505,2026-08-01 15:10:47.504827,201,3c437485d2fb48bd93fa431a139f744f,start,rule1_continuous_disagreement,2:46,2,46,video,radar,1785618642.457,,5.048,300.0,fisheye,"detector '2' ON, detector '46' OFF for 5.048s (threshold=5.0s)"
1785618656.072,2026-08-01 15:10:56.072121,201,6a8d6086879544e5806f030064e2f3e6,start,rule1_continuous_disagreement,3:30,30,3,video,video,1785618651.038,,5.034,300.0,fisheye,"detector '3' ON, detector '30' OFF for 5.034s (threshold=5.0s)"
1785618656.075,2026-08-01 15:10:56.075288,201,41e5059cf76e4fc4a117b36f076671d5,start,rule1_continuous_disagreement,3:41,3,41,video,radar,1785618651.038,,5.037,300.0,fisheye,"detector '3' ON, detector '41' OFF for 5.037s (threshold=5.0s)"
1785618661.237,2026-08-01 15:11:01.237389,201,6a8d6086879544e5806f030064e2f3e6,stop,rule1_continuous_disagreement,3:30,30,3,video,video,,,0.0,300.0,fisheye,Rule 1 recording stopped after 5.1s post-roll
1785618661.244,2026-08-01 15:11:01.244464,201,41e5059cf76e4fc4a117b36f076671d5,stop,rule1_continuous_disagreement,3:41,3,41,video,radar,,,0.0,300.0,fisheye,Rule 1 recording stopped after 5.1s post-roll
1785618667.201,2026-08-01 15:11:07.201240,201,1de98cc490444855a539064acb070c6e,stop,rule1_continuous_disagreement,17:46,46,17,radar,video,,,0.0,300.0,fisheye,Rule 1 recording stopped after 5.0s post-roll
1785618667.613,2026-08-01 15:11:07.612883,201,3c437485d2fb48bd93fa431a139f744f,stop,rule1_continuous_disagreement,2:46,2,46,video,radar,,,0.0,300.0,fisheye,Rule 1 recording stopped after 5.0s post-roll
1785618670.655,2026-08-01 15:11:10.655367,201,120d03c6c68b4b4dabaafe8776d023e4,start,rule1_continuous_disagreement,42:8,8,42,video,radar,1785618665.587,,5.068,300.0,fisheye,"detector '8' ON, detector '42' OFF for 5.068s (threshold=5.0s)"
1785618678.242,2026-08-01 15:11:18.241628,201,08018654551749c79a8bfbd2710907ae,start,rule1_continuous_disagreement,30:41,41,30,radar,video,1785618673.186,,5.056,300.0,fisheye,"detector '30' ON, detector '41' OFF for 5.056s (threshold=5.0s)"
1785618679.562,2026-08-01 15:11:19.562113,201,120d03c6c68b4b4dabaafe8776d023e4,stop,rule1_continuous_disagreement,42:8,8,42,video,radar,,,0.0,300.0,fisheye,Rule 1 recording stopped after 5.1s post-roll
1785618681.784,2026-08-01 15:11:21.783887,201,77248e8c7b6045e7a714547573f2f96a,start,rule2_orphan_pulse,31:42,42,31,radar,video,1785618675.430,1785618676.773,1.343,16.343,fisheye,"orphan on detector '31': orphan pulse duration=1.343s window=[1785618670.430, 1785618681.773]"
1785618689.544,2026-08-01 15:11:29.544080,201,08018654551749c79a8bfbd2710907ae,stop,rule1_continuous_disagreement,30:41,41,30,radar,video,,,0.0,300.0,fisheye,Rule 1 recording stopped after 5.0s post-roll
1785618731.024,2026-08-01 15:12:11.023596,201,48bb9863421045aba93781da878ca590,start,rule1_continuous_disagreement,31:42,42,31,radar,video,1785618725.982,,5.042,300.0,fisheye,"detector '42' ON, detector '31' OFF for 5.042s (threshold=5.0s)"
1785618731.028,2026-08-01 15:12:11.027568,201,4d7dd80d90c64a62bd7ac30092e7a577,start,rule1_continuous_disagreement,42:8,8,42,video,radar,1785618725.982,,5.046,300.0,fisheye,"detector '42' ON, detector '8' OFF for 5.046s (threshold=5.0s)"
1785618752.623,2026-08-01 15:12:32.623397,201,303dae8fc3c24e978bf0b3c855032ab8,start,rule1_continuous_disagreement,31:8,31,8,video,video,1785618747.563,,5.06,300.0,fisheye,"detector '8' ON, detector '31' OFF for 5.06s (threshold=5.0s)"
1785618756.565,2026-08-01 15:12:36.564800,201,48bb9863421045aba93781da878ca590,stop,rule1_continuous_disagreement,31:42,42,31,radar,video,,,0.0,300.0,fisheye,Rule 1 recording stopped after 5.1s post-roll
1785618767.654,2026-08-01 15:12:47.654331,201,303dae8fc3c24e978bf0b3c855032ab8,stop,rule1_continuous_disagreement,31:8,31,8,video,video,,,0.0,300.0,fisheye,Rule 1 recording stopped after 5.0s post-roll
1785618767.657,2026-08-01 15:12:47.657137,201,4d7dd80d90c64a62bd7ac30092e7a577,stop,rule1_continuous_disagreement,42:8,8,42,video,radar,,,0.0,300.0,fisheye,Rule 1 recording stopped after 5.0s post-roll
1785618849.087,2026-08-01 15:14:09.086986,201,bde2cd137a48477bb4ce60f2b553a12c,start,rule1_continuous_disagreement,31:8,31,8,video,video,1785618844.047,,5.04,300.0,fisheye,"detector '8' ON, detector '31' OFF for 5.04s (threshold=5.0s)"
1785618849.087,2026-08-01 15:14:09.086986,201,d1162a550f334888a00b612847b72581,start,rule1_continuous_disagreement,42:8,8,42,video,radar,1785618844.047,,5.04,300.0,fisheye,"detector '8' ON, detector '42' OFF for 5.04s (threshold=5.0s)"
1785618855.159,2026-08-01 15:14:15.158912,201,bde2cd137a48477bb4ce60f2b553a12c,stop,rule1_continuous_disagreement,31:8,31,8,video,video,,,0.0,300.0,fisheye,Rule 1 recording stopped after 5.1s post-roll
1785618855.171,2026-08-01 15:14:15.170930,201,d1162a550f334888a00b612847b72581,stop,rule1_continuous_disagreement,42:8,8,42,video,radar,,,0.0,300.0,fisheye,Rule 1 recording stopped after 5.1s post-roll
1785618867.280,2026-08-01 15:14:27.280172,201,544c1ad6edd3430eba9ae89dff0bb555,start,rule2_orphan_pulse,24:38,38,24,radar,video,1785618860.547,1785618862.202,1.655,16.655,fisheye,"orphan on detector '24': orphan pulse duration=1.655s window=[1785618855.547, 1785618867.202]"
1785618867.290,2026-08-01 15:14:27.289973,201,84405ccce410479a8267c2ec5d0b9625,start,rule2_orphan_pulse,24:7,24,7,video,video,1785618860.547,1785618862.202,1.655,16.655,fisheye,"orphan on detector '24': orphan pulse duration=1.655s window=[1785618855.547, 1785618867.202]"
1785618868.904,2026-08-01 15:14:28.904459,201,84066976f0fa4578a9419256a7b35350,start,rule2_orphan_pulse,42:8,8,42,video,radar,1785618859.571,1785618863.854,4.283,19.283,fisheye,"orphan on detector '8': orphan pulse duration=4.283s window=[1785618854.571, 1785618868.854]"
1785618905.614,2026-08-01 15:15:05.614207,201,060b7bca7c744a8ba643609bbd136ae9,start,rule2_orphan_pulse,31:42,42,31,radar,video,1785618899.836,1785618900.542,0.706,15.706,fisheye,"orphan on detector '42': orphan pulse duration=0.706s window=[1785618894.836, 1785618905.542]"
1785618925.774,2026-08-01 15:15:25.773796,201,14edf9adb6a04cd28d3b45e5a1830629,start,rule1_continuous_disagreement,31:8,31,8,video,video,1785618920.732,,5.042,300.0,fisheye,"detector '8' ON, detector '31' OFF for 5.042s (threshold=5.0s)"
1785618925.777,2026-08-01 15:15:25.776859,201,95387b26e38a4c4cb4fd291f8784786e,start,rule1_continuous_disagreement,42:8,8,42,video,radar,1785618920.732,,5.045,300.0,fisheye,"detector '8' ON, detector '42' OFF for 5.045s (threshold=5.0s)"
1785618932.231,2026-08-01 15:15:32.231384,201,14edf9adb6a04cd28d3b45e5a1830629,stop,rule1_continuous_disagreement,31:8,31,8,video,video,,,0.0,300.0,fisheye,Rule 1 recording stopped after 5.0s post-roll
1785618932.234,2026-08-01 15:15:32.234410,201,95387b26e38a4c4cb4fd291f8784786e,stop,rule1_continuous_disagreement,42:8,8,42,video,radar,,,0.0,300.0,fisheye,Rule 1 recording stopped after 5.0s post-roll
1785618979.701,2026-08-01 15:16:19.700907,201,6a74a85eb55c49cdb8c71c639a22ed85,start,rule1_continuous_disagreement,30:41,41,30,radar,video,1785618974.665,,5.036,300.0,fisheye,"detector '30' ON, detector '41' OFF for 5.036s (threshold=5.0s)"
1785618979.707,2026-08-01 15:16:19.707467,201,661c8be5a0b847289abb6d6134af6960,start,rule1_continuous_disagreement,3:30,30,3,video,video,1785618974.664,,5.043,300.0,fisheye,"detector '30' ON, detector '3' OFF for 5.043s (threshold=5.0s)"
1785619030.852,2026-08-01 15:17:10.851510,201,661c8be5a0b847289abb6d6134af6960,stop,rule1_continuous_disagreement,3:30,30,3,video,video,,,0.0,300.0,fisheye,Rule 1 recording stopped after 5.0s post-roll
1785619033.377,2026-08-01 15:17:13.377413,201,3e20d15fc49444dda9de1bc91efecbed,start,rule1_continuous_disagreement,3:41,3,41,video,radar,1785619028.329,,5.048,300.0,fisheye,"detector '3' ON, detector '41' OFF for 5.048s (threshold=5.0s)"
1785619054.765,2026-08-01 15:17:34.765233,201,e7991b379a6f4e318f3c521d1a45d3e7,start,rule1_continuous_disagreement,22:39,39,22,radar,video,1785619049.718,,5.047,300.0,fisheye,"detector '39' ON, detector '22' OFF for 5.047s (threshold=5.0s)"
1785619054.768,2026-08-01 15:17:34.768341,201,1ae7927069654151a2e06ea46ddab2d8,start,rule1_continuous_disagreement,39:4,4,39,video,radar,1785619049.718,,5.05,300.0,fisheye,"detector '39' ON, detector '4' OFF for 5.05s (threshold=5.0s)"
1785619065.562,2026-08-01 15:17:45.562218,201,6a74a85eb55c49cdb8c71c639a22ed85,stop,rule1_continuous_disagreement,30:41,41,30,radar,video,,,0.0,300.0,fisheye,Rule 1 recording stopped after 5.0s post-roll
1785619065.867,2026-08-01 15:17:45.867184,201,3e20d15fc49444dda9de1bc91efecbed,stop,rule1_continuous_disagreement,3:41,3,41,video,radar,,,0.0,300.0,fisheye,Rule 1 recording stopped after 5.0s post-roll
1785619086.445,2026-08-01 15:18:06.445154,201,e7991b379a6f4e318f3c521d1a45d3e7,stop,rule1_continuous_disagreement,22:39,39,22,radar,video,,,0.0,300.0,fisheye,Rule 1 recording stopped after 5.0s post-roll
1785619087.156,2026-08-01 15:18:07.156443,201,1ae7927069654151a2e06ea46ddab2d8,stop,rule1_continuous_disagreement,39:4,4,39,video,radar,,,0.0,300.0,fisheye,Rule 1 recording stopped after 5.0s post-roll
1785619172.218,2026-08-01 15:19:32.218316,201,b4c185915a944418ae62ceabca0b5372,start,rule1_continuous_disagreement,42:8,8,42,video,radar,1785619167.185,,5.033,300.0,fisheye,"detector '8' ON, detector '42' OFF for 5.033s (threshold=5.0s)"
1785619178.582,2026-08-01 15:19:38.581690,201,b4c185915a944418ae62ceabca0b5372,stop,rule1_continuous_disagreement,42:8,8,42,video,radar,,,0.0,300.0,fisheye,Rule 1 recording stopped after 5.0s post-roll
1785619180.501,2026-08-01 15:19:40.501209,201,ba783c0edcef4e1fbbe868da61127e73,start,rule2_orphan_pulse,31:42,42,31,radar,video,1785619173.859,1785619175.446,1.586,16.586,fisheye,"orphan on detector '31': orphan pulse duration=1.586s window=[1785619168.859, 1785619180.446]"
1785619191.603,2026-08-01 15:19:51.603496,201,520131d5fe5144fe90e41c1bb2a11ddc,start,rule1_continuous_disagreement,31:8,31,8,video,video,1785619186.571,,5.032,300.0,fisheye,"detector '8' ON, detector '31' OFF for 5.032s (threshold=5.0s)"
1785619191.608,2026-08-01 15:19:51.608099,201,7dbcd79673274f139bfdfe609527eeee,start,rule1_continuous_disagreement,42:8,8,42,video,radar,1785619186.571,,5.037,300.0,fisheye,"detector '8' ON, detector '42' OFF for 5.037s (threshold=5.0s)"
1785619197.367,2026-08-01 15:19:57.367267,201,520131d5fe5144fe90e41c1bb2a11ddc,stop,rule1_continuous_disagreement,31:8,31,8,video,video,,,0.0,300.0,fisheye,Rule 1 recording stopped after 5.0s post-roll
1785619197.370,2026-08-01 15:19:57.370378,201,7dbcd79673274f139bfdfe609527eeee,stop,rule1_continuous_disagreement,42:8,8,42,video,radar,,,0.0,300.0,fisheye,Rule 1 recording stopped after 5.1s post-roll
1785619204.941,2026-08-01 15:20:04.940726,201,645fbffb60a34af0b6089fe551260067,start,rule2_orphan_pulse,30:41,41,30,radar,video,1785619198.983,1785619199.925,0.942,15.942,fisheye,"orphan on detector '30': orphan pulse duration=0.942s window=[1785619193.983, 1785619204.925]"
1785619242.152,2026-08-01 15:20:42.151650,201,561032100944448da8e61f53007d50af,start,rule1_continuous_disagreement,24:38,38,24,radar,video,1785619237.122,,5.03,300.0,fisheye,"detector '24' ON, detector '38' OFF for 5.03s (threshold=5.0s)"
1785619242.154,2026-08-01 15:20:42.153658,201,b0317c14edfe4fbf974f6a5e9dce9e6c,start,rule1_continuous_disagreement,38:7,7,38,video,radar,1785619237.122,,5.032,300.0,fisheye,"detector '7' ON, detector '38' OFF for 5.032s (threshold=5.0s)"
1785619249.602,2026-08-01 15:20:49.602146,201,561032100944448da8e61f53007d50af,stop,rule1_continuous_disagreement,24:38,38,24,radar,video,,,0.0,300.0,fisheye,Rule 1 recording stopped after 5.0s post-roll
1785619249.605,2026-08-01 15:20:49.605179,201,b0317c14edfe4fbf974f6a5e9dce9e6c,stop,rule1_continuous_disagreement,38:7,7,38,video,radar,,,0.0,300.0,fisheye,Rule 1 recording stopped after 5.0s post-roll
1785619262.202,2026-08-01 15:21:02.202314,201,87ce8733c2f648d4abfdbea2a45b70b8,start,rule1_continuous_disagreement,30:41,41,30,radar,video,1785619257.156,,5.046,300.0,fisheye,"detector '41' ON, detector '30' OFF for 5.046s (threshold=5.0s)"
1785619263.619,2026-08-01 15:21:03.618954,201,6f9e8ddd012746cda6bc8012a5813ad3,start,rule1_continuous_disagreement,3:41,3,41,video,radar,1785619258.567,,5.052,300.0,fisheye,"detector '41' ON, detector '3' OFF for 5.052s (threshold=5.0s)"
1785619265.035,2026-08-01 15:21:05.035084,201,6ad4fd590e524fcd829bc498b87bf6b6,start,rule1_continuous_disagreement,31:8,31,8,video,video,1785619259.988,,5.047,300.0,fisheye,"detector '8' ON, detector '31' OFF for 5.047s (threshold=5.0s)"
1785619265.040,2026-08-01 15:21:05.040174,201,0c3eaeb2f99645a59991d105df2a3f88,start,rule1_continuous_disagreement,42:8,8,42,video,radar,1785619259.988,,5.052,300.0,fisheye,"detector '8' ON, detector '42' OFF for 5.052s (threshold=5.0s)"
1785619270.991,2026-08-01 15:21:10.991398,201,6ad4fd590e524fcd829bc498b87bf6b6,stop,rule1_continuous_disagreement,31:8,31,8,video,video,,,0.0,300.0,fisheye,Rule 1 recording stopped after 5.0s post-roll
1785619270.999,2026-08-01 15:21:10.999023,201,0c3eaeb2f99645a59991d105df2a3f88,stop,rule1_continuous_disagreement,42:8,8,42,video,radar,,,0.0,300.0,fisheye,Rule 1 recording stopped after 5.0s post-roll
1785619279.878,2026-08-01 15:21:19.878016,201,87ce8733c2f648d4abfdbea2a45b70b8,stop,rule1_continuous_disagreement,30:41,41,30,radar,video,,,0.0,300.0,fisheye,Rule 1 recording stopped after 5.0s post-roll
1785619279.881,2026-08-01 15:21:19.881022,201,6f9e8ddd012746cda6bc8012a5813ad3,stop,rule1_continuous_disagreement,3:41,3,41,video,radar,,,0.0,300.0,fisheye,Rule 1 recording stopped after 5.0s post-roll
1785619315.739,2026-08-01 15:21:55.738937,201,e21594b4c12247c780f01ff28b215236,start,rule1_continuous_disagreement,31:8,31,8,video,video,1785619310.708,,5.031,300.0,fisheye,"detector '8' ON, detector '31' OFF for 5.031s (threshold=5.0s)"
1785619315.741,2026-08-01 15:21:55.740943,201,5b68c07131af48aaa6b187d928d24edc,start,rule1_continuous_disagreement,42:8,8,42,video,radar,1785619310.708,,5.033,300.0,fisheye,"detector '8' ON, detector '42' OFF for 5.033s (threshold=5.0s)"
1785619321.794,2026-08-01 15:22:01.794358,201,e21594b4c12247c780f01ff28b215236,stop,rule1_continuous_disagreement,31:8,31,8,video,video,,,0.0,300.0,fisheye,Rule 1 recording stopped after 5.0s post-roll
1785619321.799,2026-08-01 15:22:01.799258,201,5b68c07131af48aaa6b187d928d24edc,stop,rule1_continuous_disagreement,42:8,8,42,video,radar,,,0.0,300.0,fisheye,Rule 1 recording stopped after 5.0s post-roll
1785619347.822,2026-08-01 15:22:27.822360,201,5b97713a41934981a38ed34825ed3efa,start,rule2_orphan_pulse,24:38,38,24,radar,video,1785619341.143,1785619342.744,1.601,16.601,fisheye,"orphan on detector '24': orphan pulse duration=1.601s window=[1785619336.143, 1785619347.744]"
1785619349.346,2026-08-01 15:22:29.345589,201,b3f9f92ddd8f4a899035a2eb53bcabc4,start,rule2_orphan_pulse,26:33,33,26,radar,video,1785619342.745,1785619344.337,1.592,16.592,fisheye,"orphan on detector '26': orphan pulse duration=1.592s window=[1785619337.745, 1785619349.337]"
1785619408.014,2026-08-01 15:23:28.013983,201,0b96d107dee24527be350273bc749b1a,start,rule1_continuous_disagreement,31:8,31,8,video,video,1785619402.976,,5.038,300.0,fisheye,"detector '8' ON, detector '31' OFF for 5.038s (threshold=5.0s)"
1785619408.014,2026-08-01 15:23:28.013983,201,814f2d83449c4a3b86ae9ae493afa45b,start,rule1_continuous_disagreement,42:8,8,42,video,radar,1785619402.976,,5.038,300.0,fisheye,"detector '8' ON, detector '42' OFF for 5.038s (threshold=5.0s)"
1785619413.253,2026-08-01 15:23:33.253229,201,0b96d107dee24527be350273bc749b1a,stop,rule1_continuous_disagreement,31:8,31,8,video,video,,,0.0,300.0,fisheye,Rule 1 recording stopped after 5.0s post-roll
1785619413.254,2026-08-01 15:23:33.254243,201,814f2d83449c4a3b86ae9ae493afa45b,stop,rule1_continuous_disagreement,42:8,8,42,video,radar,,,0.0,300.0,fisheye,Rule 1 recording stopped after 5.0s post-roll
1785619432.598,2026-08-01 15:23:52.598070,201,cba8b8f140aa45df907eaf7c17de5e04,start,rule1_continuous_disagreement,26:33,33,26,radar,video,1785619427.559,,5.039,300.0,fisheye,"detector '26' ON, detector '33' OFF for 5.039s (threshold=5.0s)"
1785619439.347,2026-08-01 15:23:59.346735,201,4dcdf6ad0cae41f5b7bfff83311e9cb3,start,rule1_continuous_disagreement,22:39,39,22,radar,video,1785619434.315,,5.032,300.0,fisheye,"detector '39' ON, detector '22' OFF for 5.032s (threshold=5.0s)"
1785619439.352,2026-08-01 15:23:59.352255,201,685673791a7d4736b47e4484606527ad,start,rule1_continuous_disagreement,39:4,4,39,video,radar,1785619434.315,,5.037,300.0,fisheye,"detector '39' ON, detector '4' OFF for 5.037s (threshold=5.0s)"
1785619444.493,2026-08-01 15:24:04.492701,201,4dcdf6ad0cae41f5b7bfff83311e9cb3,stop,rule1_continuous_disagreement,22:39,39,22,radar,video,,,0.0,300.0,fisheye,Rule 1 recording stopped after 5.0s post-roll
1785619444.496,2026-08-01 15:24:04.496059,201,685673791a7d4736b47e4484606527ad,stop,rule1_continuous_disagreement,39:4,4,39,video,radar,,,0.0,300.0,fisheye,Rule 1 recording stopped after 5.0s post-roll
1785619471.306,2026-08-01 15:24:31.305638,201,cba8b8f140aa45df907eaf7c17de5e04,stop,rule1_continuous_disagreement,26:33,33,26,radar,video,,,0.0,300.0,fisheye,Rule 1 recording stopped after 5.0s post-roll
1785619508.117,2026-08-01 15:25:08.117072,201,261b145df10a43babb68a03a80d39a2c,start,rule1_continuous_disagreement,31:8,31,8,video,video,1785619503.074,,5.043,300.0,fisheye,"detector '8' ON, detector '31' OFF for 5.043s (threshold=5.0s)"
1785619508.124,2026-08-01 15:25:08.123602,201,711dbb84310d4377b75b6efa3b9330bd,start,rule1_continuous_disagreement,42:8,8,42,video,radar,1785619503.075,,5.049,300.0,fisheye,"detector '8' ON, detector '42' OFF for 5.049s (threshold=5.0s)"
1785619509.135,2026-08-01 15:25:09.134757,201,5c056b22b3124ba78c2b0b988da746b0,start,rule1_continuous_disagreement,17:46,46,17,radar,video,1785619504.082,,5.053,300.0,fisheye,"detector '17' ON, detector '46' OFF for 5.053s (threshold=5.0s)"
1785619509.141,2026-08-01 15:25:09.141268,201,123da5ffabfc4249bb687215879a863d,start,rule1_continuous_disagreement,2:46,2,46,video,radar,1785619504.082,,5.059,300.0,fisheye,"detector '2' ON, detector '46' OFF for 5.059s (threshold=5.0s)"
1785619526.621,2026-08-01 15:25:26.621020,201,5c056b22b3124ba78c2b0b988da746b0,stop,rule1_continuous_disagreement,17:46,46,17,radar,video,,,0.0,300.0,fisheye,Rule 1 recording stopped after 5.0s post-roll
1785619526.625,2026-08-01 15:25:26.624921,201,123da5ffabfc4249bb687215879a863d,stop,rule1_continuous_disagreement,2:46,2,46,video,radar,,,0.0,300.0,fisheye,Rule 1 recording stopped after 5.0s post-roll
1785619531.267,2026-08-01 15:25:31.266698,201,261b145df10a43babb68a03a80d39a2c,stop,rule1_continuous_disagreement,31:8,31,8,video,video,,,0.0,300.0,fisheye,Rule 1 recording stopped after 5.0s post-roll
1785619531.269,2026-08-01 15:25:31.268664,201,711dbb84310d4377b75b6efa3b9330bd,stop,rule1_continuous_disagreement,42:8,8,42,video,radar,,,0.0,300.0,fisheye,Rule 1 recording stopped after 5.0s post-roll
1785619547.994,2026-08-01 15:25:47.993987,201,4266ea68cd1f442eab73f80d478c7cc9,start,rule2_orphan_pulse,29:43,43,29,radar,video,1785619542.291,1785619542.957,0.666,15.666,fisheye,"orphan on detector '29': orphan pulse duration=0.666s window=[1785619537.291, 1785619547.957]"
1785619581.430,2026-08-01 15:26:21.430245,201,2c9f1d3600ae4c9ba198068bb56398c4,start,rule2_orphan_pulse,31:8,31,8,video,video,1785619571.893,1785619576.395,4.502,19.502,fisheye,"orphan on detector '8': orphan pulse duration=4.502s window=[1785619566.893, 1785619581.395]"
1785619581.433,2026-08-01 15:26:21.433036,201,f9a5be91284442bea47ac87b51bf6845,start,rule2_orphan_pulse,42:8,8,42,video,radar,1785619571.893,1785619576.395,4.502,19.502,fisheye,"orphan on detector '8': orphan pulse duration=4.502s window=[1785619566.893, 1785619581.395]"
1785619589.605,2026-08-01 15:26:29.604876,201,5585097c40554bd89e7aa65187076576,start,rule1_continuous_disagreement,42:8,8,42,video,radar,1785619584.566,,5.039,300.0,fisheye,"detector '8' ON, detector '42' OFF for 5.039s (threshold=5.0s)"
1785619595.360,2026-08-01 15:26:35.359863,201,1a8b4fdcd1414296a77e083b01127ef4,start,rule2_orphan_pulse,31:42,42,31,radar,video,1785619589.630,1785619590.284,0.654,15.654,fisheye,"orphan on detector '31': orphan pulse duration=0.654s window=[1785619584.630, 1785619595.284]"
1785619596.678,2026-08-01 15:26:36.677562,201,5585097c40554bd89e7aa65187076576,stop,rule1_continuous_disagreement,42:8,8,42,video,radar,,,0.0,300.0,fisheye,Rule 1 recording stopped after 5.0s post-roll
1785619678.131,2026-08-01 15:27:58.130811,201,18a9c042511347478cca49f8aab28c6e,start,rule1_continuous_disagreement,22:39,39,22,radar,video,1785619673.087,,5.044,300.0,fisheye,"detector '39' ON, detector '22' OFF for 5.044s (threshold=5.0s)"
1785619680.151,2026-08-01 15:28:00.151132,201,2e8db080a37c48f6ad1d5579aa4908c9,start,rule1_continuous_disagreement,39:4,4,39,video,radar,1785619675.106,,5.045,300.0,fisheye,"detector '39' ON, detector '4' OFF for 5.045s (threshold=5.0s)"
1785619688.015,2026-08-01 15:28:08.015069,201,18a9c042511347478cca49f8aab28c6e,stop,rule1_continuous_disagreement,22:39,39,22,radar,video,,,0.0,300.0,fisheye,Rule 1 recording stopped after 5.0s post-roll
1785619688.015,2026-08-01 15:28:08.015069,201,2e8db080a37c48f6ad1d5579aa4908c9,stop,rule1_continuous_disagreement,39:4,4,39,video,radar,,,0.0,300.0,fisheye,Rule 1 recording stopped after 5.0s post-roll
1785619743.554,2026-08-01 15:29:03.553719,201,3df583cb5f974cdb954c80de52cbf50a,start,rule2_orphan_pulse,17:46,46,17,radar,video,1785619737.846,1785619738.545,0.699,15.699,fisheye,"orphan on detector '17': orphan pulse duration=0.699s window=[1785619732.846, 1785619743.545]"
1785619744.267,2026-08-01 15:29:04.267333,201,d3e39abc8eb141cebb6957c6034d2995,start,rule2_orphan_pulse,2:46,2,46,video,radar,1785619738.545,1785619739.238,0.693,15.693,fisheye,"orphan on detector '2': orphan pulse duration=0.693s window=[1785619733.545, 1785619744.238]"
1785619780.667,2026-08-01 15:29:40.666584,201,63f8782e03de404e955bf2c8f6f85ac4,start,rule1_continuous_disagreement,42:8,8,42,video,radar,1785619775.622,,5.045,300.0,fisheye,"detector '8' ON, detector '42' OFF for 5.045s (threshold=5.0s)"
1785619781.376,2026-08-01 15:29:41.375665,201,2b7f0f00418b4ff3a177e338c575e2d0,start,rule1_continuous_disagreement,31:8,31,8,video,video,1785619776.328,,5.048,300.0,fisheye,"detector '8' ON, detector '31' OFF for 5.048s (threshold=5.0s)"
1785619787.325,2026-08-01 15:29:47.325062,201,2b7f0f00418b4ff3a177e338c575e2d0,stop,rule1_continuous_disagreement,31:8,31,8,video,video,,,0.0,300.0,fisheye,Rule 1 recording stopped after 5.0s post-roll
1785619787.332,2026-08-01 15:29:47.332226,201,63f8782e03de404e955bf2c8f6f85ac4,stop,rule1_continuous_disagreement,42:8,8,42,video,radar,,,0.0,300.0,fisheye,Rule 1 recording stopped after 5.0s post-roll
1785619874.022,2026-08-01 15:31:14.022353,201,fc4f326190aa4084b871fce588dd1607,start,rule1_continuous_disagreement,17:46,46,17,radar,video,1785619868.979,,5.043,300.0,fisheye,"detector '17' ON, detector '46' OFF for 5.043s (threshold=5.0s)"
1785619874.034,2026-08-01 15:31:14.034309,201,799fd60075cc40ebb0e9d033a1c57588,start,rule1_continuous_disagreement,2:46,2,46,video,radar,1785619868.979,,5.055,300.0,fisheye,"detector '2' ON, detector '46' OFF for 5.055s (threshold=5.0s)"
1785619892.392,2026-08-01 15:31:32.391754,201,fc4f326190aa4084b871fce588dd1607,stop,rule1_continuous_disagreement,17:46,46,17,radar,video,,,0.0,300.0,fisheye,Rule 1 recording stopped after 5.0s post-roll
1785619892.395,2026-08-01 15:31:32.394902,201,799fd60075cc40ebb0e9d033a1c57588,stop,rule1_continuous_disagreement,2:46,2,46,video,radar,,,0.0,300.0,fisheye,Rule 1 recording stopped after 5.0s post-roll
1785619893.305,2026-08-01 15:31:33.305087,201,fa30e46087d446a38845617059cd69bc,start,rule1_continuous_disagreement,31:8,31,8,video,video,1785619888.259,,5.046,300.0,fisheye,"detector '8' ON, detector '31' OFF for 5.046s (threshold=5.0s)"
1785619893.309,2026-08-01 15:31:33.308713,201,854bf4c2972542e5a8b865bcec936cce,start,rule1_continuous_disagreement,42:8,8,42,video,radar,1785619888.259,,5.05,300.0,fisheye,"detector '8' ON, detector '42' OFF for 5.05s (threshold=5.0s)"
1785619900.676,2026-08-01 15:31:40.675988,201,854bf4c2972542e5a8b865bcec936cce,stop,rule1_continuous_disagreement,42:8,8,42,video,radar,,,0.0,300.0,fisheye,Rule 1 recording stopped after 5.0s post-roll
1785619901.585,2026-08-01 15:31:41.585289,201,df73ad95b64147dc849da7aa5e3f18b2,start,rule2_orphan_pulse,31:42,42,31,radar,video,1785619894.936,1785619896.540,1.604,16.604,fisheye,"orphan on detector '31': orphan pulse duration=1.604s window=[1785619889.936, 1785619901.540]"
1785619901.590,2026-08-01 15:31:41.589916,201,fa30e46087d446a38845617059cd69bc,stop,rule1_continuous_disagreement,31:8,31,8,video,video,,,0.0,300.0,fisheye,Rule 1 recording stopped after 5.0s post-roll
1785619961.960,2026-08-01 15:32:41.960369,201,7d0b6dfd89294cf29ce9917d0e05aecb,start,rule1_continuous_disagreement,30:41,41,30,radar,video,1785619956.910,,5.05,300.0,fisheye,"detector '30' ON, detector '41' OFF for 5.05s (threshold=5.0s)"
1785619964.288,2026-08-01 15:32:44.287988,201,9205098aadc64a3fa67c7e90ab748888,start,rule1_continuous_disagreement,3:41,3,41,video,radar,1785619959.235,,5.053,300.0,fisheye,"detector '3' ON, detector '41' OFF for 5.053s (threshold=5.0s)"
1785620004.111,2026-08-01 15:33:24.111350,201,d882aa7a4a6947f1b3bb1a0dbb95cab3,start,rule2_orphan_pulse,42:8,8,42,video,radar,1785619994.781,1785619999.039,4.258,19.258,fisheye,"orphan on detector '8': orphan pulse duration=4.258s window=[1785619989.781, 1785620004.039]"
1785620021.174,2026-08-01 15:33:41.173722,201,7d0b6dfd89294cf29ce9917d0e05aecb,stop,rule1_continuous_disagreement,30:41,41,30,radar,video,,,0.0,300.0,fisheye,Rule 1 recording stopped after 5.1s post-roll
1785620022.183,2026-08-01 15:33:42.182754,201,9205098aadc64a3fa67c7e90ab748888,stop,rule1_continuous_disagreement,3:41,3,41,video,radar,,,0.0,300.0,fisheye,Rule 1 recording stopped after 5.0s post-roll
1785620044.150,2026-08-01 15:34:04.149503,201,f8ec2c87120b4c8daa9a470ac7c2fb51,start,rule1_continuous_disagreement,22:39,39,22,radar,video,1785620039.108,,5.042,300.0,fisheye,"detector '39' ON, detector '22' OFF for 5.042s (threshold=5.0s)"
1785620044.154,2026-08-01 15:34:04.153574,201,0226006e78664d638abea787d7549931,start,rule1_continuous_disagreement,39:4,4,39,video,radar,1785620039.108,,5.046,300.0,fisheye,"detector '39' ON, detector '4' OFF for 5.046s (threshold=5.0s)"
1785620111.079,2026-08-01 15:35:11.078672,201,f8ec2c87120b4c8daa9a470ac7c2fb51,stop,rule1_continuous_disagreement,22:39,39,22,radar,video,,,0.0,300.0,fisheye,Rule 1 recording stopped after 5.1s post-roll
1785620111.082,2026-08-01 15:35:11.081690,201,0226006e78664d638abea787d7549931,stop,rule1_continuous_disagreement,39:4,4,39,video,radar,,,0.0,300.0,fisheye,Rule 1 recording stopped after 5.1s post-roll
1785620130.340,2026-08-01 15:35:30.340229,201,9252fc812e2a42aa81a0c33c080b96cc,start,rule2_orphan_pulse,29:43,43,29,radar,video,1785620123.271,1785620125.285,2.014,17.014,fisheye,"orphan on detector '29': orphan pulse duration=2.014s window=[1785620118.271, 1785620130.285]"
1785620261.518,2026-08-01 15:37:41.518416,201,f64d2a5c6ca0411bb279d4048b18b918,start,rule1_continuous_disagreement,42:8,8,42,video,radar,1785620256.480,,5.038,300.0,fisheye,"detector '8' ON, detector '42' OFF for 5.038s (threshold=5.0s)"
1785620269.093,2026-08-01 15:37:49.092639,201,02a71e21260f4ccc92ae2a1c50eedb68,start,rule2_orphan_pulse,31:42,42,31,radar,video,1785620261.768,1785620264.017,2.249,17.249000000000002,fisheye,"orphan on detector '31': orphan pulse duration=2.249s window=[1785620256.768, 1785620269.017]"
1785620270.101,2026-08-01 15:37:50.100609,201,29225a357c2a4ef98dcb31c10022b5e4,start,rule1_continuous_disagreement,31:8,31,8,video,video,1785620265.056,,5.045,300.0,fisheye,"detector '8' ON, detector '31' OFF for 5.045s (threshold=5.0s)"
1785620276.547,2026-08-01 15:37:56.547386,201,29225a357c2a4ef98dcb31c10022b5e4,stop,rule1_continuous_disagreement,31:8,31,8,video,video,,,0.0,300.0,fisheye,Rule 1 recording stopped after 5.0s post-roll
1785620276.549,2026-08-01 15:37:56.549438,201,f64d2a5c6ca0411bb279d4048b18b918,stop,rule1_continuous_disagreement,42:8,8,42,video,radar,,,0.0,300.0,fisheye,Rule 1 recording stopped after 5.0s post-roll
1785620276.855,2026-08-01 15:37:56.855097,201,ee80966b8ab047bf95a7e91fbf6968a1,start,rule2_orphan_pulse,30:41,41,30,radar,video,1785620268.500,1785620271.769,3.269,18.269,fisheye,"orphan on detector '30': orphan pulse duration=3.269s window=[1785620263.500, 1785620276.769]"
1785620277.162,2026-08-01 15:37:57.162263,201,a189ada93b354386812b74906cc2586d,start,rule2_orphan_pulse,3:41,3,41,video,radar,1785620269.145,1785620272.094,2.949,17.948999999999998,fisheye,"orphan on detector '3': orphan pulse duration=2.949s window=[1785620264.145, 1785620277.094]"
1785620385.188,2026-08-01 15:39:45.188113,201,42e846c6af5d4273bd2a3855baa12503,start,rule1_continuous_disagreement,42:8,8,42,video,radar,1785620380.149,,5.039,300.0,fisheye,"detector '8' ON, detector '42' OFF for 5.039s (threshold=5.0s)"
1785620391.662,2026-08-01 15:39:51.662092,201,42e846c6af5d4273bd2a3855baa12503,stop,rule1_continuous_disagreement,42:8,8,42,video,radar,,,0.0,300.0,fisheye,Rule 1 recording stopped after 5.1s post-roll
1785620392.280,2026-08-01 15:39:52.279720,201,e2095d07f79c4fbc869831e0667a11b0,start,rule2_orphan_pulse,31:42,42,31,radar,video,1785620385.266,1785620387.188,1.922,16.922,fisheye,"orphan on detector '31': orphan pulse duration=1.922s window=[1785620380.266, 1785620392.188]"
1785620398.131,2026-08-01 15:39:58.131039,201,a4fb22dbc3b44fd2a707d5b10bd40a21,start,rule2_orphan_pulse,30:41,41,30,radar,video,1785620392.088,1785620393.059,0.971,15.971,fisheye,"orphan on detector '30': orphan pulse duration=0.971s window=[1785620387.088, 1785620398.059]"
1785620398.743,2026-08-01 15:39:58.743158,201,cb8723f86b8d4693a7e4a02848dc665c,start,rule2_orphan_pulse,3:41,3,41,video,radar,1785620391.767,1785620393.706,1.939,16.939,fisheye,"orphan on detector '3': orphan pulse duration=1.939s window=[1785620386.767, 1785620398.706]"
1785620492.492,2026-08-01 15:41:32.492112,201,8f6ca891cd814ebbaa999f5418967822,start,rule1_continuous_disagreement,42:8,8,42,video,radar,1785620487.434,,5.058,300.0,fisheye,"detector '8' ON, detector '42' OFF for 5.058s (threshold=5.0s)"
1785620498.047,2026-08-01 15:41:38.046858,201,515be85417bc4903b6e80209e6af10a1,start,rule2_orphan_pulse,31:42,42,31,radar,video,1785620491.945,1785620492.954,1.009,16.009,fisheye,"orphan on detector '31': orphan pulse duration=1.009s window=[1785620486.945, 1785620497.954]"
1785620498.352,2026-08-01 15:41:38.352050,201,8f6ca891cd814ebbaa999f5418967822,stop,rule1_continuous_disagreement,42:8,8,42,video,radar,,,0.0,300.0,fisheye,Rule 1 recording stopped after 5.0s post-roll
1785620587.981,2026-08-01 15:43:07.981384,201,aea09fad4a7e4376b85c48c627f3c244,start,rule1_continuous_disagreement,31:42,42,31,radar,video,1785620582.935,,5.046,300.0,fisheye,"detector '31' ON, detector '42' OFF for 5.046s (threshold=5.0s)"
1785620589.309,2026-08-01 15:43:09.309148,201,0f512d3ef65541b785f1c0558519eb12,start,rule2_orphan_pulse,42:8,8,42,video,radar,1785620583.227,1785620584.209,0.981,15.981,fisheye,"orphan on detector '8': orphan pulse duration=0.981s window=[1785620578.227, 1785620589.209]"
1785620593.243,2026-08-01 15:43:13.243172,201,aea09fad4a7e4376b85c48c627f3c244,stop,rule1_continuous_disagreement,31:42,42,31,radar,video,,,0.0,300.0,fisheye,Rule 1 recording stopped after 5.1s post-roll
1785620593.247,2026-08-01 15:43:13.246970,201,5a6a748c2e34462aa01d1662d03a2b74,start,rule1_continuous_disagreement,31:8,31,8,video,video,1785620588.191,,5.056,300.0,fisheye,"detector '8' ON, detector '31' OFF for 5.056s (threshold=5.0s)"
1785620598.800,2026-08-01 15:43:18.800300,201,5a6a748c2e34462aa01d1662d03a2b74,stop,rule1_continuous_disagreement,31:8,31,8,video,video,,,0.0,300.0,fisheye,Rule 1 recording stopped after 5.0s post-roll
1785620658.469,2026-08-01 15:44:18.469078,201,dd6b87cdaccb45a9a67eaa49861fd128,start,rule1_continuous_disagreement,30:41,41,30,radar,video,1785620653.424,,5.045,300.0,fisheye,"detector '30' ON, detector '41' OFF for 5.045s (threshold=5.0s)"
1785620658.474,2026-08-01 15:44:18.474098,201,2eb3e9aa7f6345e092cf5bbb9c2f7ca6,start,rule1_continuous_disagreement,3:30,30,3,video,video,1785620653.424,,5.05,300.0,fisheye,"detector '30' ON, detector '3' OFF for 5.05s (threshold=5.0s)"
1785620667.553,2026-08-01 15:44:27.553442,201,31869acf2ac1499d91f86debb167d360,start,rule2_orphan_pulse,3:41,3,41,video,radar,1785620660.113,1785620662.505,2.391,17.391,fisheye,"orphan on detector '3': orphan pulse duration=2.391s window=[1785620655.113, 1785620667.505]"
1785620673.603,2026-08-01 15:44:33.603165,201,f06f95f4899745418720182f94701030,start,rule2_orphan_pulse,3:41,3,41,video,radar,1785620666.247,1785620668.568,2.32,17.32,fisheye,"orphan on detector '3': orphan pulse duration=2.32s window=[1785620661.247, 1785620673.568]"
1785620676.539,2026-08-01 15:44:36.539437,201,dd6b87cdaccb45a9a67eaa49861fd128,stop,rule1_continuous_disagreement,30:41,41,30,radar,video,,,0.0,300.0,fisheye,Rule 1 recording stopped after 5.1s post-roll
1785620676.543,2026-08-01 15:44:36.543492,201,2eb3e9aa7f6345e092cf5bbb9c2f7ca6,stop,rule1_continuous_disagreement,3:30,30,3,video,video,,,0.0,300.0,fisheye,Rule 1 recording stopped after 5.1s post-roll
1785620802.486,2026-08-01 15:46:42.485534,201,01029960fde842c7be4278091d667915,start,rule2_orphan_pulse,29:43,43,29,radar,video,1785620796.459,1785620797.443,0.984,15.984,fisheye,"orphan on detector '29': orphan pulse duration=0.984s window=[1785620791.459, 1785620802.443]"
1785620815.595,2026-08-01 15:46:55.594999,201,afe95b0911794e35aa31e49b35c71aac,start,rule2_orphan_pulse,29:43,43,29,radar,video,1785620809.848,1785620810.521,0.673,15.673,fisheye,"orphan on detector '29': orphan pulse duration=0.673s window=[1785620804.848, 1785620815.521]"
1785620833.142,2026-08-01 15:47:13.141527,201,5af1139a90524469a610d673e891bfa1,start,rule2_orphan_pulse,3:30,30,3,video,video,1785620824.534,1785620828.138,3.604,18.604,fisheye,"orphan on detector '3': orphan pulse duration=3.604s window=[1785620819.534, 1785620833.138]"
1785620833.150,2026-08-01 15:47:13.149709,201,6e5d361043494f2aba479baa740c8f3f,start,rule2_orphan_pulse,3:41,3,41,video,radar,1785620824.534,1785620828.138,3.604,18.604,fisheye,"orphan on detector '3': orphan pulse duration=3.604s window=[1785620819.534, 1785620833.138]"
1785621071.410,2026-08-01 15:51:11.410477,201,d3222016e2714b599d66eb44b505173a,start,rule1_continuous_disagreement,24:38,38,24,radar,video,1785621066.366,,5.044,300.0,fisheye,"detector '24' ON, detector '38' OFF for 5.044s (threshold=5.0s)"
1785621071.415,2026-08-01 15:51:11.415494,201,364c919e0b84494a82948c7f1fb5f9a9,start,rule1_continuous_disagreement,38:7,7,38,video,radar,1785621066.366,,5.049,300.0,fisheye,"detector '7' ON, detector '38' OFF for 5.049s (threshold=5.0s)"
1785621081.843,2026-08-01 15:51:21.842597,201,d3222016e2714b599d66eb44b505173a,stop,rule1_continuous_disagreement,24:38,38,24,radar,video,,,0.0,300.0,fisheye,Rule 1 recording stopped after 5.1s post-roll
1785621082.153,2026-08-01 15:51:22.152882,201,364c919e0b84494a82948c7f1fb5f9a9,stop,rule1_continuous_disagreement,38:7,7,38,video,radar,,,0.0,300.0,fisheye,Rule 1 recording stopped after 5.1s post-roll
1785621136.349,2026-08-01 15:52:16.348879,201,afef8e4c408a4595a7a7265d94b379a4,start,rule1_continuous_disagreement,42:8,8,42,video,radar,1785621131.347,,5.002,300.0,fisheye,"detector '8' ON, detector '42' OFF for 5.002s (threshold=5.0s)"
1785621141.615,2026-08-01 15:52:21.615347,201,afef8e4c408a4595a7a7265d94b379a4,stop,rule1_continuous_disagreement,42:8,8,42,video,radar,,,0.0,300.0,fisheye,Rule 1 recording stopped after 5.1s post-roll
1785621145.452,2026-08-01 15:52:25.451748,201,3379cb3b30a44dabb18b5cca490b0fe7,start,rule2_orphan_pulse,30:41,41,30,radar,video,1785621139.396,1785621140.359,0.962,15.962,fisheye,"orphan on detector '30': orphan pulse duration=0.962s window=[1785621134.396, 1785621145.359]"
1785621148.684,2026-08-01 15:52:28.684405,201,42a0dc577aa4432180ac16f9132c7ea5,start,rule2_orphan_pulse,3:41,3,41,video,radar,1785621141.342,1785621143.628,2.286,17.286,fisheye,"orphan on detector '3': orphan pulse duration=2.286s window=[1785621136.342, 1785621148.628]"
1785621167.346,2026-08-01 15:52:47.346292,201,eebb24ca2208425fb73bfadf21550677,start,rule2_orphan_pulse,31:42,42,31,radar,video,1785621161.344,1785621162.341,0.998,15.998000000000001,fisheye,"orphan on detector '31': orphan pulse duration=0.998s window=[1785621156.344, 1785621167.341]"
1785621418.977,2026-08-01 15:56:58.976917,201,5e97b7510cb046ada8147b72e5fcd175,start,rule2_orphan_pulse,42:8,8,42,video,radar,1785621409.055,1785621413.938,4.883,19.883,fisheye,"orphan on detector '8': orphan pulse duration=4.883s window=[1785621404.055, 1785621418.938]"
1785621419.997,2026-08-01 15:56:59.997332,201,730f4cf6a81d48eb9d0e4feba1533611,start,rule2_orphan_pulse,31:42,42,31,radar,video,1785621414.235,1785621414.905,0.67,15.67,fisheye,"orphan on detector '31': orphan pulse duration=0.67s window=[1785621409.235, 1785621419.905]"
1785621435.759,2026-08-01 15:57:15.758518,201,54a54f835074413eb1782b1f66bc4dcc,start,rule1_continuous_disagreement,42:8,8,42,video,radar,1785621430.707,,5.052,300.0,fisheye,"detector '8' ON, detector '42' OFF for 5.052s (threshold=5.0s)"
1785621440.213,2026-08-01 15:57:20.213204,201,f80ed1df0dfb4be9bb10a68fc600e577,start,rule2_orphan_pulse,31:42,42,31,radar,video,1785621434.167,1785621435.154,0.987,15.987,fisheye,"orphan on detector '31': orphan pulse duration=0.987s window=[1785621429.167, 1785621440.154]"
1785621442.842,2026-08-01 15:57:22.842338,201,54a54f835074413eb1782b1f66bc4dcc,stop,rule1_continuous_disagreement,42:8,8,42,video,radar,,,0.0,300.0,fisheye,Rule 1 recording stopped after 5.1s post-roll
1785621462.312,2026-08-01 15:57:42.312218,201,2514422c155b485091925e7a943877fc,start,rule1_continuous_disagreement,38:7,7,38,video,radar,1785621457.267,,5.045,300.0,fisheye,"detector '7' ON, detector '38' OFF for 5.045s (threshold=5.0s)"
1785621464.235,2026-08-01 15:57:44.234899,201,9c2bb8af0d9641ae80640142a9540d50,start,rule2_orphan_pulse,3:30,30,3,video,video,1785621458.537,1785621459.228,0.691,15.690999999999999,fisheye,"orphan on detector '3': orphan pulse duration=0.691s window=[1785621453.537, 1785621464.228]"
1785621464.239,2026-08-01 15:57:44.239379,201,2565f22018c34460a85d1b4a93e51cf4,start,rule2_orphan_pulse,3:41,3,41,video,radar,1785621458.537,1785621459.228,0.691,15.690999999999999,fisheye,"orphan on detector '3': orphan pulse duration=0.691s window=[1785621453.537, 1785621464.228]"
1785621469.386,2026-08-01 15:57:49.386072,201,0f53bf5acae84bc18a4d565795aea11d,start,rule2_orphan_pulse,3:30,30,3,video,video,1785621460.260,1785621464.340,4.08,19.08,fisheye,"orphan on detector '3': orphan pulse duration=4.08s window=[1785621455.260, 1785621469.340]"
1785621469.393,2026-08-01 15:57:49.392879,201,65491981d85c462394ba7fe1f938d93a,start,rule2_orphan_pulse,3:41,3,41,video,radar,1785621460.260,1785621464.340,4.08,19.08,fisheye,"orphan on detector '3': orphan pulse duration=4.08s window=[1785621455.260, 1785621469.340]"
1785621474.144,2026-08-01 15:57:54.144182,201,249196a6a8b446d4b8ce672d65b4316a,start,rule2_orphan_pulse,24:38,38,24,radar,video,1785621466.335,1785621469.100,2.765,17.765,fisheye,"orphan on detector '24': orphan pulse duration=2.765s window=[1785621461.335, 1785621474.100]"
1785621477.582,2026-08-01 15:57:57.581567,201,27dd0d97dcc74d7bb7de3c295e5e1920,start,rule2_orphan_pulse,31:8,31,8,video,video,1785621467.703,1785621472.555,4.851,19.851,fisheye,"orphan on detector '8': orphan pulse duration=4.851s window=[1785621462.703, 1785621477.555]"
1785621477.589,2026-08-01 15:57:57.589246,201,ecda0c764cbb401fae74a47e0a603741,start,rule2_orphan_pulse,42:8,8,42,video,radar,1785621467.703,1785621472.555,4.851,19.851,fisheye,"orphan on detector '8': orphan pulse duration=4.851s window=[1785621462.703, 1785621477.555]"
1785621481.417,2026-08-01 15:58:01.416898,201,b7fde2f1f32742358939a4ae197e28e4,start,rule2_orphan_pulse,24:38,38,24,radar,video,1785621475.324,1785621476.345,1.022,16.022,fisheye,"orphan on detector '24': orphan pulse duration=1.022s window=[1785621470.324, 1785621481.345]"
1785621488.581,2026-08-01 15:58:08.580785,201,bb0f146c910c46c79b28896317d46aff,start,rule1_continuous_disagreement,24:38,38,24,radar,video,1785621483.545,,5.036,300.0,fisheye,"detector '24' ON, detector '38' OFF for 5.036s (threshold=5.0s)"
1785621500.609,2026-08-01 15:58:20.608901,201,bb0f146c910c46c79b28896317d46aff,stop,rule1_continuous_disagreement,24:38,38,24,radar,video,,,0.0,300.0,fisheye,Rule 1 recording stopped after 5.1s post-roll
1785621500.609,2026-08-01 15:58:20.608901,201,cc44677323b745619da0f95a66ccdf21,start,rule1_continuous_disagreement,24:7,24,7,video,video,1785621495.571,,5.038,300.0,fisheye,"detector '7' ON, detector '24' OFF for 5.038s (threshold=5.0s)"
1785621507.681,2026-08-01 15:58:27.680898,201,76d47cc52b924db1baae3b23b56ae82b,start,rule2_orphan_pulse,24:38,38,24,radar,video,1785621501.910,1785621502.580,0.67,15.67,fisheye,"orphan on detector '24': orphan pulse duration=0.67s window=[1785621496.910, 1785621507.580]"
1785621511.618,2026-08-01 15:58:31.617761,201,3230f4d76fed439aabb1a7e27af35088,start,rule2_orphan_pulse,26:33,33,26,radar,video,1785621505.243,1785621506.569,1.326,16.326,fisheye,"orphan on detector '26': orphan pulse duration=1.326s window=[1785621500.243, 1785621511.569]"
1785621518.687,2026-08-01 15:58:38.687141,201,1b6a94e080b34b7bafb58634c1896c33,start,rule2_orphan_pulse,24:38,38,24,radar,video,1785621511.934,1785621513.591,1.657,16.657,fisheye,"orphan on detector '24': orphan pulse duration=1.657s window=[1785621506.934, 1785621518.591]"
1785621520.302,2026-08-01 15:58:40.301512,201,c62f20436699440a8fa4a2775708a7f5,start,rule1_continuous_disagreement,3:41,3,41,video,radar,1785621515.259,,5.043,300.0,fisheye,"detector '3' ON, detector '41' OFF for 5.043s (threshold=5.0s)"
1785621521.314,2026-08-01 15:58:41.313845,201,cc44677323b745619da0f95a66ccdf21,stop,rule1_continuous_disagreement,24:7,24,7,video,video,,,0.0,300.0,fisheye,Rule 1 recording stopped after 5.0s post-roll
1785621522.933,2026-08-01 15:58:42.932596,201,d366c4ad753c470a8f8072a45ba29f0a,start,rule2_orphan_pulse,30:41,41,30,radar,video,1785621516.224,1785621517.923,1.698,16.698,fisheye,"orphan on detector '30': orphan pulse duration=1.698s window=[1785621511.224, 1785621522.923]"
1785621526.361,2026-08-01 15:58:46.360533,201,c62f20436699440a8fa4a2775708a7f5,stop,rule1_continuous_disagreement,3:41,3,41,video,radar,,,0.0,300.0,fisheye,Rule 1 recording stopped after 5.0s post-roll
1785621547.632,2026-08-01 15:59:07.632178,201,2514422c155b485091925e7a943877fc,stop,rule1_continuous_disagreement,38:7,7,38,video,radar,,,0.0,300.0,fisheye,Rule 1 recording stopped after 5.0s post-roll
1785621570.423,2026-08-01 15:59:30.423283,201,5999c02e50dd4ddba9440d2abae9e90a,start,rule2_orphan_pulse,30:41,41,30,radar,video,1785621564.769,1785621565.423,0.654,15.654,fisheye,"orphan on detector '30': orphan pulse duration=0.654s window=[1785621559.769, 1785621570.423]"
1785621575.986,2026-08-01 15:59:35.985971,201,4b11ccfe7a1142d68b471a5c3aaaabce,start,rule2_orphan_pulse,3:41,3,41,video,radar,1785621566.372,1785621570.906,4.534,19.534,fisheye,"orphan on detector '3': orphan pulse duration=4.534s window=[1785621561.372, 1785621575.906]"
1785621584.359,2026-08-01 15:59:44.359169,201,86341817689e4a048b6a0627ca07d71b,start,rule1_continuous_disagreement,3:30,30,3,video,video,1785621579.312,,5.047,300.0,fisheye,"detector '3' ON, detector '30' OFF for 5.047s (threshold=5.0s)"
1785621594.441,2026-08-01 15:59:54.440575,201,86341817689e4a048b6a0627ca07d71b,stop,rule1_continuous_disagreement,3:30,30,3,video,video,,,0.0,300.0,fisheye,Rule 1 recording stopped after 5.0s post-roll
1785621600.993,2026-08-01 16:00:00.993474,201,9607d91089c84eb9b4832395eb5278d1,start,rule2_orphan_pulse,30:41,41,30,radar,video,1785621595.241,1785621595.904,0.663,15.663,fisheye,"orphan on detector '30': orphan pulse duration=0.663s window=[1785621590.241, 1785621600.904]"
1785621604.924,2026-08-01 16:00:04.924268,201,504faec905ba4581b40fbb1ec83c5a64,start,rule2_orphan_pulse,3:41,3,41,video,radar,1785621596.938,1785621599.873,2.935,17.935000000000002,fisheye,"orphan on detector '3': orphan pulse duration=2.935s window=[1785621591.938, 1785621604.873]"
1785621618.553,2026-08-01 16:00:18.552629,201,900fb519ef80439cb06e489c89d19cc0,start,rule1_continuous_disagreement,42:8,8,42,video,radar,1785621613.499,,5.054,300.0,fisheye,"detector '8' ON, detector '42' OFF for 5.054s (threshold=5.0s)"
1785621620.169,2026-08-01 16:00:20.169274,201,b99291e750c1417a88d7e40acd75cb5e,start,rule1_continuous_disagreement,31:8,31,8,video,video,1785621615.130,,5.039,300.0,fisheye,"detector '8' ON, detector '31' OFF for 5.039s (threshold=5.0s)"
1785621628.863,2026-08-01 16:00:28.862759,201,b99291e750c1417a88d7e40acd75cb5e,stop,rule1_continuous_disagreement,31:8,31,8,video,video,,,0.0,300.0,fisheye,Rule 1 recording stopped after 5.1s post-roll
1785621628.865,2026-08-01 16:00:28.864771,201,900fb519ef80439cb06e489c89d19cc0,stop,rule1_continuous_disagreement,42:8,8,42,video,radar,,,0.0,300.0,fisheye,Rule 1 recording stopped after 5.1s post-roll
1785621783.991,2026-08-01 16:03:03.990784,201,3c6433719c99419fabfc8b594c013cdc,start,rule1_continuous_disagreement,30:41,41,30,radar,video,1785621778.951,,5.04,300.0,fisheye,"detector '41' ON, detector '30' OFF for 5.04s (threshold=5.0s)"
1785621783.994,2026-08-01 16:03:03.994451,201,e35ad93c97f742078933d2fd58c559b8,start,rule1_continuous_disagreement,3:41,3,41,video,radar,1785621778.951,,5.043,300.0,fisheye,"detector '41' ON, detector '3' OFF for 5.043s (threshold=5.0s)"
1785621812.343,2026-08-01 16:03:32.343036,201,327745a52ab648e1aaa41837160953f1,start,rule2_orphan_pulse,31:8,31,8,video,video,1785621806.568,1785621807.246,0.679,15.679,fisheye,"orphan on detector '8': orphan pulse duration=0.679s window=[1785621801.568, 1785621812.246]"
1785621812.347,2026-08-01 16:03:32.346960,201,af918687ac434f51a9ff0221c866b8d3,start,rule2_orphan_pulse,42:8,8,42,video,radar,1785621806.568,1785621807.246,0.679,15.679,fisheye,"orphan on detector '8': orphan pulse duration=0.679s window=[1785621801.568, 1785621812.246]"
1785621821.929,2026-08-01 16:03:41.928957,201,063db40d6f4049bc8957d1b4dbf930dd,start,rule2_orphan_pulse,31:42,42,31,radar,video,1785621815.551,1785621816.860,1.31,16.310000000000002,fisheye,"orphan on detector '31': orphan pulse duration=1.31s window=[1785621810.551, 1785621821.860]"
1785621825.562,2026-08-01 16:03:45.561946,201,3c6433719c99419fabfc8b594c013cdc,stop,rule1_continuous_disagreement,30:41,41,30,radar,video,,,0.0,300.0,fisheye,Rule 1 recording stopped after 5.0s post-roll
1785621825.566,2026-08-01 16:03:45.566092,201,e35ad93c97f742078933d2fd58c559b8,stop,rule1_continuous_disagreement,3:41,3,41,video,radar,,,0.0,300.0,fisheye,Rule 1 recording stopped after 5.0s post-roll
1785621884.606,2026-08-01 16:04:44.605935,201,9c0d95d45fae4f24b7e6cfd2b70138c1,start,rule1_continuous_disagreement,30:41,41,30,radar,video,1785621879.567,,5.039,300.0,fisheye,"detector '30' ON, detector '41' OFF for 5.039s (threshold=5.0s)"
1785621887.233,2026-08-01 16:04:47.232704,201,4bff2445efd0418293b949466f8c497f,start,rule1_continuous_disagreement,3:41,3,41,video,radar,1785621882.186,,5.047,300.0,fisheye,"detector '3' ON, detector '41' OFF for 5.047s (threshold=5.0s)"
1785621905.672,2026-08-01 16:05:05.671550,201,58c6c6b8bdfc49d6bec05373665fc43d,start,rule1_continuous_disagreement,31:8,31,8,video,video,1785621900.639,,5.033,300.0,fisheye,"detector '8' ON, detector '31' OFF for 5.033s (threshold=5.0s)"
1785621905.675,2026-08-01 16:05:05.674562,201,58b0e6f1d753468192bb50f3eebc4829,start,rule1_continuous_disagreement,42:8,8,42,video,radar,1785621900.639,,5.036,300.0,fisheye,"detector '8' ON, detector '42' OFF for 5.036s (threshold=5.0s)"
1785621909.606,2026-08-01 16:05:09.606097,201,a43941d7ac734ca0865f85f386871af0,start,rule1_continuous_disagreement,39:4,4,39,video,radar,1785621904.561,,5.045,300.0,fisheye,"detector '39' ON, detector '4' OFF for 5.045s (threshold=5.0s)"
1785621909.914,2026-08-01 16:05:09.914499,201,9c83fbb275ed4219bf9821c979cb7819,start,rule1_continuous_disagreement,22:39,39,22,radar,video,1785621904.866,,5.048,300.0,fisheye,"detector '39' ON, detector '22' OFF for 5.048s (threshold=5.0s)"
1785621916.375,2026-08-01 16:05:16.375199,201,58c6c6b8bdfc49d6bec05373665fc43d,stop,rule1_continuous_disagreement,31:8,31,8,video,video,,,0.0,300.0,fisheye,Rule 1 recording stopped after 5.0s post-roll
1785621916.381,2026-08-01 16:05:16.380643,201,58b0e6f1d753468192bb50f3eebc4829,stop,rule1_continuous_disagreement,42:8,8,42,video,radar,,,0.0,300.0,fisheye,Rule 1 recording stopped after 5.0s post-roll
1785621927.195,2026-08-01 16:05:27.194863,201,9c0d95d45fae4f24b7e6cfd2b70138c1,stop,rule1_continuous_disagreement,30:41,41,30,radar,video,,,0.0,300.0,fisheye,Rule 1 recording stopped after 5.0s post-roll
1785621927.201,2026-08-01 16:05:27.200821,201,4bff2445efd0418293b949466f8c497f,stop,rule1_continuous_disagreement,3:41,3,41,video,radar,,,0.0,300.0,fisheye,Rule 1 recording stopped after 5.0s post-roll
1785621934.962,2026-08-01 16:05:34.962279,201,ffd5a6cfbddb4ab8a4b3fdbe12d6276f,start,rule2_orphan_pulse,29:43,43,29,radar,video,1785621929.243,1785621929.939,0.696,15.696,fisheye,"orphan on detector '29': orphan pulse duration=0.696s window=[1785621924.243, 1785621934.939]"
1785621938.090,2026-08-01 16:05:38.090205,201,60f4e0bd06f94c4c952a1e81e1214cc7,start,rule2_orphan_pulse,3:30,30,3,video,video,1785621931.653,1785621933.068,1.415,16.415,fisheye,"orphan on detector '3': orphan pulse duration=1.415s window=[1785621926.653, 1785621938.068]"
1785621938.090,2026-08-01 16:05:38.090205,201,44dd930dbfa54e5183035fbcfd31961c,start,rule2_orphan_pulse,3:41,3,41,video,radar,1785621931.653,1785621933.068,1.415,16.415,fisheye,"orphan on detector '3': orphan pulse duration=1.415s window=[1785621926.653, 1785621938.068]"
1785622020.122,2026-08-01 16:07:00.122237,201,9c83fbb275ed4219bf9821c979cb7819,stop,rule1_continuous_disagreement,22:39,39,22,radar,video,,,0.0,300.0,fisheye,Rule 1 recording stopped after 5.0s post-roll
1785622020.125,2026-08-01 16:07:00.124748,201,a43941d7ac734ca0865f85f386871af0,stop,rule1_continuous_disagreement,39:4,4,39,video,radar,,,0.0,300.0,fisheye,Rule 1 recording stopped after 5.0s post-roll
1785622123.348,2026-08-01 16:08:43.347988,201,557e2657975649b9be483be8d740e109,start,rule1_continuous_disagreement,42:8,8,42,video,radar,1785622118.305,,5.043,300.0,fisheye,"detector '8' ON, detector '42' OFF for 5.043s (threshold=5.0s)"
1785622127.500,2026-08-01 16:08:47.499874,201,a32a56f247f64841a987dc07b0fc7e3b,start,rule2_orphan_pulse,31:42,42,31,radar,video,1785622121.802,1785622122.465,0.663,15.663,fisheye,"orphan on detector '31': orphan pulse duration=0.663s window=[1785622116.802, 1785622127.465]"
1785622129.526,2026-08-01 16:08:49.526273,201,557e2657975649b9be483be8d740e109,stop,rule1_continuous_disagreement,42:8,8,42,video,radar,,,0.0,300.0,fisheye,Rule 1 recording stopped after 5.1s post-roll
1785622134.166,2026-08-01 16:08:54.165996,201,03f8a93478074311b5d2437bffb466fe,start,rule2_orphan_pulse,30:41,41,30,radar,video,1785622127.789,1785622129.107,1.318,16.317999999999998,fisheye,"orphan on detector '30': orphan pulse duration=1.318s window=[1785622122.789, 1785622134.107]"
1785622136.488,2026-08-01 16:08:56.487882,201,daab29e5595f4b1395cdcb5d1119ccfd,start,rule2_orphan_pulse,3:41,3,41,video,radar,1785622130.444,1785622131.441,0.998,15.998000000000001,fisheye,"orphan on detector '3': orphan pulse duration=0.998s window=[1785622125.444, 1785622136.441]"
1785622167.143,2026-08-01 16:09:27.142712,201,1f076a85b5eb4ae699a18a2ced559546,start,rule2_orphan_pulse,29:43,43,29,radar,video,1785622161.305,1785622162.044,0.739,15.739,fisheye,"orphan on detector '29': orphan pulse duration=0.739s window=[1785622156.305, 1785622167.044]"
1785622168.859,2026-08-01 16:09:28.858733,201,e884320973474ee2b01b94e5ccea586a,start,rule1_continuous_disagreement,31:42,42,31,radar,video,1785622163.813,,5.046,300.0,fisheye,"detector '42' ON, detector '31' OFF for 5.046s (threshold=5.0s)"
1785622168.861,2026-08-01 16:09:28.860819,201,1b3870d6479d479b86353dbbc87a3df1,start,rule1_continuous_disagreement,31:8,31,8,video,video,1785622163.814,,5.047,300.0,fisheye,"detector '8' ON, detector '31' OFF for 5.047s (threshold=5.0s)"
1785622177.538,2026-08-01 16:09:37.537563,201,1b3870d6479d479b86353dbbc87a3df1,stop,rule1_continuous_disagreement,31:8,31,8,video,video,,,0.0,300.0,fisheye,Rule 1 recording stopped after 5.0s post-roll
1785622177.843,2026-08-01 16:09:37.843409,201,a63b3e12e9d94f9a8d4d646390c9c1c4,start,rule2_orphan_pulse,29:43,43,29,radar,video,1785622168.812,1785622172.766,3.954,18.954,fisheye,"orphan on detector '43': orphan pulse duration=3.954s window=[1785622163.812, 1785622177.766]"
1785622179.771,2026-08-01 16:09:39.770667,201,e884320973474ee2b01b94e5ccea586a,stop,rule1_continuous_disagreement,31:42,42,31,radar,video,,,0.0,300.0,fisheye,Rule 1 recording stopped after 5.1s post-roll
1785622237.402,2026-08-01 16:10:37.401604,201,c7b48f5234964b2f96edde2b94928b72,start,rule2_orphan_pulse,29:43,43,29,radar,video,1785622230.977,1785622232.330,1.352,16.352,fisheye,"orphan on detector '29': orphan pulse duration=1.352s window=[1785622225.977, 1785622237.330]"
1785622290.995,2026-08-01 16:11:30.995296,201,c578c78d28fc4709a7c0f5a3d3191ad6,start,rule1_continuous_disagreement,31:8,31,8,video,video,1785622285.947,,5.048,300.0,fisheye,"detector '8' ON, detector '31' OFF for 5.048s (threshold=5.0s)"
1785622290.998,2026-08-01 16:11:30.998252,201,2c5596c4c0da4894af324be03744bb81,start,rule1_continuous_disagreement,42:8,8,42,video,radar,1785622285.947,,5.051,300.0,fisheye,"detector '8' ON, detector '42' OFF for 5.051s (threshold=5.0s)"
1785622296.650,2026-08-01 16:11:36.649561,201,2c5596c4c0da4894af324be03744bb81,stop,rule1_continuous_disagreement,42:8,8,42,video,radar,,,0.0,300.0,fisheye,Rule 1 recording stopped after 5.0s post-roll
1785622296.956,2026-08-01 16:11:36.955540,201,c578c78d28fc4709a7c0f5a3d3191ad6,stop,rule1_continuous_disagreement,31:8,31,8,video,video,,,0.0,300.0,fisheye,Rule 1 recording stopped after 5.0s post-roll
1785622301.494,2026-08-01 16:11:41.493845,201,e1a29dcaaf95469b9fb3d3b01f2b3d41,start,rule2_orphan_pulse,30:41,41,30,radar,video,1785622295.768,1785622296.426,0.658,15.658000000000001,fisheye,"orphan on detector '30': orphan pulse duration=0.658s window=[1785622290.768, 1785622301.426]"
1785622304.426,2026-08-01 16:11:44.425709,201,b3527066ae9546789553e1d393ff3fa0,start,rule2_orphan_pulse,3:41,3,41,video,radar,1785622296.749,1785622299.390,2.641,17.641,fisheye,"orphan on detector '3': orphan pulse duration=2.641s window=[1785622291.749, 1785622304.390]"
1785622443.443,2026-08-01 16:14:03.443081,201,4041ccebb5434bbe8c7938b3143a5349,start,rule2_orphan_pulse,29:43,43,29,radar,video,1785622437.418,1785622438.390,0.972,15.972,fisheye,"orphan on detector '29': orphan pulse duration=0.972s window=[1785622432.418, 1785622443.390]"
1785622546.041,2026-08-01 16:15:46.041481,201,09eafc79f95840cb9d9a6dece9e15ccd,start,rule2_orphan_pulse,29:43,43,29,radar,video,1785622540.296,1785622540.969,0.673,15.673,fisheye,"orphan on detector '29': orphan pulse duration=0.673s window=[1785622535.296, 1785622545.969]"
1785622634.709,2026-08-01 16:17:14.708724,201,d8b117d381da48c6ab2ebec7132435f8,start,rule1_continuous_disagreement,30:41,41,30,radar,video,1785622629.667,,5.042,300.0,fisheye,"detector '30' ON, detector '41' OFF for 5.042s (threshold=5.0s)"
1785622635.322,2026-08-01 16:17:15.322264,201,2a1dc6a624234536b65bbcc3b38c5bb2,start,rule1_continuous_disagreement,3:30,30,3,video,video,1785622630.275,,5.047,300.0,fisheye,"detector '30' ON, detector '3' OFF for 5.047s (threshold=5.0s)"
1785622640.008,2026-08-01 16:17:20.008159,201,d9ccedc5c3b64eeba3863008bbd9334a,start,rule1_continuous_disagreement,31:42,42,31,radar,video,1785622634.920,,5.088,300.0,fisheye,"detector '31' ON, detector '42' OFF for 5.088s (threshold=5.0s)"
1785622640.008,2026-08-01 16:17:20.008159,201,79d3519be28141b48b84ceac8802e68f,start,rule1_continuous_disagreement,42:8,8,42,video,radar,1785622634.920,,5.088,300.0,fisheye,"detector '8' ON, detector '42' OFF for 5.088s (threshold=5.0s)"
1785622649.006,2026-08-01 16:17:29.005621,201,d9ccedc5c3b64eeba3863008bbd9334a,stop,rule1_continuous_disagreement,31:42,42,31,radar,video,,,0.0,300.0,fisheye,Rule 1 recording stopped after 5.1s post-roll
1785622650.017,2026-08-01 16:17:30.016652,201,79d3519be28141b48b84ceac8802e68f,stop,rule1_continuous_disagreement,42:8,8,42,video,radar,,,0.0,300.0,fisheye,Rule 1 recording stopped after 5.1s post-roll
1785622667.754,2026-08-01 16:17:47.754396,201,5c7f2f6e3ac6485f8265fb8b70c27347,start,rule1_continuous_disagreement,17:46,46,17,radar,video,1785622662.719,,5.035,300.0,fisheye,"detector '17' ON, detector '46' OFF for 5.035s (threshold=5.0s)"
1785622667.754,2026-08-01 16:17:47.754396,201,8b08b6145e664de5befc7cea8e479eed,start,rule1_continuous_disagreement,2:46,2,46,video,radar,1785622662.719,,5.035,300.0,fisheye,"detector '2' ON, detector '46' OFF for 5.035s (threshold=5.0s)"
1785622673.311,2026-08-01 16:17:53.311090,201,5c7f2f6e3ac6485f8265fb8b70c27347,stop,rule1_continuous_disagreement,17:46,46,17,radar,video,,,0.0,300.0,fisheye,Rule 1 recording stopped after 5.0s post-roll
1785622673.318,2026-08-01 16:17:53.317809,201,8b08b6145e664de5befc7cea8e479eed,stop,rule1_continuous_disagreement,2:46,2,46,video,radar,,,0.0,300.0,fisheye,Rule 1 recording stopped after 5.0s post-roll
1785622718.056,2026-08-01 16:18:38.056116,201,b6b43b0f95e74172b6b42f9198fed0f5,start,rule1_continuous_disagreement,24:38,38,24,radar,video,1785622713.022,,5.034,300.0,fisheye,"detector '24' ON, detector '38' OFF for 5.034s (threshold=5.0s)"
1785622719.372,2026-08-01 16:18:39.371809,201,5552c69ca45d4c9d9111cdea88cf0c6d,start,rule1_continuous_disagreement,38:7,7,38,video,radar,1785622714.334,,5.038,300.0,fisheye,"detector '7' ON, detector '38' OFF for 5.038s (threshold=5.0s)"
1785622725.824,2026-08-01 16:18:45.824273,201,b6b43b0f95e74172b6b42f9198fed0f5,stop,rule1_continuous_disagreement,24:38,38,24,radar,video,,,0.0,300.0,fisheye,Rule 1 recording stopped after 5.0s post-roll
1785622725.832,2026-08-01 16:18:45.831893,201,5552c69ca45d4c9d9111cdea88cf0c6d,stop,rule1_continuous_disagreement,38:7,7,38,video,radar,,,0.0,300.0,fisheye,Rule 1 recording stopped after 5.0s post-roll
1785622735.108,2026-08-01 16:18:55.108148,201,9684dbef33844cedaa4ec092d830c58a,start,rule2_orphan_pulse,31:42,42,31,radar,video,1785622728.360,1785622730.012,1.652,16.652,fisheye,"orphan on detector '42': orphan pulse duration=1.652s window=[1785622723.360, 1785622735.012]"
1785622735.112,2026-08-01 16:18:55.111983,201,9df258129d1e4235bd691eb5857a7ecb,start,rule2_orphan_pulse,42:8,8,42,video,radar,1785622728.360,1785622730.012,1.652,16.652,fisheye,"orphan on detector '42': orphan pulse duration=1.652s window=[1785622723.360, 1785622735.012]"
1785622748.116,2026-08-01 16:19:08.116224,201,0efaa01ad8b84b55b92c11cfdd3d2a10,start,rule2_orphan_pulse,31:8,31,8,video,video,1785622741.773,1785622743.109,1.336,16.336,fisheye,"orphan on detector '8': orphan pulse duration=1.336s window=[1785622736.773, 1785622748.109]"
1785622748.125,2026-08-01 16:19:08.125164,201,614c90f99a07474ebf7e5569e0ff9d21,start,rule2_orphan_pulse,42:8,8,42,video,radar,1785622741.773,1785622743.109,1.336,16.336,fisheye,"orphan on detector '8': orphan pulse duration=1.336s window=[1785622736.773, 1785622748.109]"
1785622757.803,2026-08-01 16:19:17.803056,201,45fd69c559134ad1b44666624f8372b2,start,rule2_orphan_pulse,31:8,31,8,video,video,1785622749.712,1785622752.725,3.013,18.012999999999998,fisheye,"orphan on detector '8': orphan pulse duration=3.013s window=[1785622744.712, 1785622757.725]"
1785622766.183,2026-08-01 16:19:26.182603,201,40b717aebb8448c2a5027a09c07ec1f8,start,rule2_orphan_pulse,31:8,31,8,video,video,1785622759.547,1785622761.165,1.618,16.618000000000002,fisheye,"orphan on detector '8': orphan pulse duration=1.618s window=[1785622754.547, 1785622766.165]"
1785622766.289,2026-08-01 16:19:26.289303,201,0f5061abec454aa38d4294374ddb092b,start,rule1_continuous_disagreement,42:8,8,42,video,radar,1785622761.239,,5.05,300.0,fisheye,"detector '42' ON, detector '8' OFF for 5.05s (threshold=5.0s)"
1785622774.663,2026-08-01 16:19:34.663363,201,0f5061abec454aa38d4294374ddb092b,stop,rule1_continuous_disagreement,42:8,8,42,video,radar,,,0.0,300.0,fisheye,Rule 1 recording stopped after 5.0s post-roll
1785622775.982,2026-08-01 16:19:35.981719,201,d8b117d381da48c6ab2ebec7132435f8,stop,rule1_continuous_disagreement,30:41,41,30,radar,video,,,0.0,300.0,fisheye,Rule 1 recording stopped after 5.1s post-roll
1785622776.291,2026-08-01 16:19:36.290534,201,2a1dc6a624234536b65bbcc3b38c5bb2,stop,rule1_continuous_disagreement,3:30,30,3,video,video,,,0.0,300.0,fisheye,Rule 1 recording stopped after 5.1s post-roll
1785622783.342,2026-08-01 16:19:43.342481,201,0a954f3eef084101959f12cd95ad63d2,start,rule2_orphan_pulse,31:8,31,8,video,video,1785622776.969,1785622778.268,1.299,16.299,fisheye,"orphan on detector '8': orphan pulse duration=1.299s window=[1785622771.969, 1785622783.268]"
1785622783.348,2026-08-01 16:19:43.347545,201,ef8b4c2f8c1048bba8884ff5aeb0a99d,start,rule2_orphan_pulse,42:8,8,42,video,radar,1785622776.969,1785622778.268,1.299,16.299,fisheye,"orphan on detector '8': orphan pulse duration=1.299s window=[1785622771.969, 1785622783.268]"
1785622810.300,2026-08-01 16:20:10.299739,201,1187d325238b45d0b3a6368d023cace0,start,rule2_orphan_pulse,31:42,42,31,radar,video,1785622804.219,1785622805.238,1.018,16.018,fisheye,"orphan on detector '31': orphan pulse duration=1.018s window=[1785622799.219, 1785622810.238]"
1785622817.155,2026-08-01 16:20:17.154517,201,ab9d7180db5b4d4e9d89a7fff10b7a4f,start,rule1_continuous_disagreement,31:8,31,8,video,video,1785622812.122,,5.033,300.0,fisheye,"detector '8' ON, detector '31' OFF for 5.033s (threshold=5.0s)"
1785622817.160,2026-08-01 16:20:17.159908,201,4c294465d69446dcaa49e2f585452ba2,start,rule1_continuous_disagreement,42:8,8,42,video,radar,1785622812.122,,5.038,300.0,fisheye,"detector '8' ON, detector '42' OFF for 5.038s (threshold=5.0s)"
1785622822.294,2026-08-01 16:20:22.293663,201,ab9d7180db5b4d4e9d89a7fff10b7a4f,stop,rule1_continuous_disagreement,31:8,31,8,video,video,,,0.0,300.0,fisheye,Rule 1 recording stopped after 5.0s post-roll
1785622822.297,2026-08-01 16:20:22.296774,201,4c294465d69446dcaa49e2f585452ba2,stop,rule1_continuous_disagreement,42:8,8,42,video,radar,,,0.0,300.0,fisheye,Rule 1 recording stopped after 5.0s post-roll
1785622862.889,2026-08-01 16:21:02.888653,201,0ab973307a49405895e32365f09b1465,start,rule2_orphan_pulse,29:43,43,29,radar,video,1785622856.808,1785622857.821,1.014,16.014,fisheye,"orphan on detector '29': orphan pulse duration=1.014s window=[1785622851.808, 1785622862.821]"
1785622875.399,2026-08-01 16:21:15.399308,201,8d9ad8ed65ed40a88b368350cc74779e,start,rule1_continuous_disagreement,31:42,42,31,radar,video,1785622870.346,,5.053,300.0,fisheye,"detector '31' ON, detector '42' OFF for 5.053s (threshold=5.0s)"
1785622883.475,2026-08-01 16:21:23.475241,201,8d9ad8ed65ed40a88b368350cc74779e,stop,rule1_continuous_disagreement,31:42,42,31,radar,video,,,0.0,300.0,fisheye,Rule 1 recording stopped after 5.0s post-roll
1785622887.617,2026-08-01 16:21:27.617209,201,5dec9fe0fad746d8986227db0d080418,start,rule1_continuous_disagreement,22:39,39,22,radar,video,1785622882.570,,5.047,300.0,fisheye,"detector '39' ON, detector '22' OFF for 5.047s (threshold=5.0s)"
1785622887.618,2026-08-01 16:21:27.617717,201,04f2493dc0184f699fcd94fc2103e5fa,start,rule1_continuous_disagreement,39:4,4,39,video,radar,1785622882.571,,5.047,300.0,fisheye,"detector '39' ON, detector '4' OFF for 5.047s (threshold=5.0s)"
1785622945.044,2026-08-01 16:22:25.043591,201,b5d52447b70942f1a82ef04a74cc98d3,start,rule1_continuous_disagreement,31:8,31,8,video,video,1785622939.996,,5.048,300.0,fisheye,"detector '8' ON, detector '31' OFF for 5.048s (threshold=5.0s)"
1785622945.048,2026-08-01 16:22:25.047607,201,3de14c2a5a5b4a869cfb599c3597c4fe,start,rule1_continuous_disagreement,42:8,8,42,video,radar,1785622939.996,,5.052,300.0,fisheye,"detector '8' ON, detector '42' OFF for 5.052s (threshold=5.0s)"
1785622951.804,2026-08-01 16:22:31.803904,201,b5d52447b70942f1a82ef04a74cc98d3,stop,rule1_continuous_disagreement,31:8,31,8,video,video,,,0.0,300.0,fisheye,Rule 1 recording stopped after 5.0s post-roll
1785622951.813,2026-08-01 16:22:31.812671,201,3de14c2a5a5b4a869cfb599c3597c4fe,stop,rule1_continuous_disagreement,42:8,8,42,video,radar,,,0.0,300.0,fisheye,Rule 1 recording stopped after 5.0s post-roll
1785622977.325,2026-08-01 16:22:57.324659,201,5dec9fe0fad746d8986227db0d080418,stop,rule1_continuous_disagreement,22:39,39,22,radar,video,,,0.0,300.0,fisheye,Rule 1 recording stopped after 5.0s post-roll
1785622977.330,2026-08-01 16:22:57.330236,201,04f2493dc0184f699fcd94fc2103e5fa,stop,rule1_continuous_disagreement,39:4,4,39,video,radar,,,0.0,300.0,fisheye,Rule 1 recording stopped after 5.1s post-roll
1785622996.495,2026-08-01 16:23:16.495221,201,343ed5e0e63946cf8b6ef0af57d5594e,start,rule2_orphan_pulse,31:42,42,31,radar,video,1785622990.125,1785622991.446,1.321,16.320999999999998,fisheye,"orphan on detector '31': orphan pulse duration=1.321s window=[1785622985.125, 1785622996.446]"
1785623011.313,2026-08-01 16:23:31.313242,201,ae8abc4a84b44152ba5d1a881fdfdbfa,start,rule2_orphan_pulse,3:30,30,3,video,video,1785623005.593,1785623006.254,0.662,15.661999999999999,fisheye,"orphan on detector '3': orphan pulse duration=0.662s window=[1785623000.593, 1785623011.254]"
1785623011.315,2026-08-01 16:23:31.315282,201,cd8bda9eefae4d3fb19e70e1d1d93aa2,start,rule2_orphan_pulse,3:41,3,41,video,radar,1785623005.593,1785623006.254,0.662,15.661999999999999,fisheye,"orphan on detector '3': orphan pulse duration=0.662s window=[1785623000.593, 1785623011.254]"
1785623057.885,2026-08-01 16:24:17.884956,201,67c259d77aa04ffabf3b96cdc2f054b3,start,rule1_continuous_disagreement,22:39,39,22,radar,video,1785623052.856,,5.029,300.0,fisheye,"detector '39' ON, detector '22' OFF for 5.029s (threshold=5.0s)"
1785623057.887,2026-08-01 16:24:17.886581,201,16536421223846b5bc6826e616ef0736,start,rule1_continuous_disagreement,39:4,4,39,video,radar,1785623052.856,,5.031,300.0,fisheye,"detector '39' ON, detector '4' OFF for 5.031s (threshold=5.0s)"
1785623124.074,2026-08-01 16:25:24.073964,201,67c259d77aa04ffabf3b96cdc2f054b3,stop,rule1_continuous_disagreement,22:39,39,22,radar,video,,,0.0,300.0,fisheye,Rule 1 recording stopped after 5.0s post-roll
1785623124.077,2026-08-01 16:25:24.077146,201,16536421223846b5bc6826e616ef0736,stop,rule1_continuous_disagreement,39:4,4,39,video,radar,,,0.0,300.0,fisheye,Rule 1 recording stopped after 5.0s post-roll
1785623161.258,2026-08-01 16:26:01.258087,201,d4fb082ef8c64998a77e6f71403f7bc6,start,rule2_orphan_pulse,24:38,38,24,radar,video,1785623154.511,1785623156.218,1.707,16.707,fisheye,"orphan on detector '24': orphan pulse duration=1.707s window=[1785623149.511, 1785623161.218]"
1785623214.672,2026-08-01 16:26:54.672418,201,827243a0ea1b4c54b9825efa1c1fb37f,start,rule2_orphan_pulse,29:43,43,29,radar,video,1785623207.281,1785623209.630,2.349,17.349,fisheye,"orphan on detector '43': orphan pulse duration=2.349s window=[1785623202.281, 1785623214.630]"
1785623216.293,2026-08-01 16:26:56.293383,201,2c91af89ef5c455ebc4b4c4a2c2c1b62,start,rule2_orphan_pulse,38:7,7,38,video,radar,1785623210.597,1785623211.268,0.671,15.671,fisheye,"orphan on detector '7': orphan pulse duration=0.671s window=[1785623205.597, 1785623216.268]"
1785623216.601,2026-08-01 16:26:56.600959,201,e4c3c6babb4248619905ab09a5040e7b,start,rule2_orphan_pulse,24:38,38,24,radar,video,1785623210.287,1785623211.588,1.302,16.302,fisheye,"orphan on detector '24': orphan pulse duration=1.302s window=[1785623205.287, 1785623216.588]"
1785623266.810,2026-08-01 16:27:46.810303,201,802b6ba64e5b438b9a399608174751fd,start,rule2_orphan_pulse,29:43,43,29,radar,video,1785623261.116,1785623261.780,0.665,15.665,fisheye,"orphan on detector '29': orphan pulse duration=0.665s window=[1785623256.116, 1785623266.780]"
1785623400.957,2026-08-01 16:30:00.956677,201,f0a90df1b9f44f6a9a238cdb9720d129,start,rule1_continuous_disagreement,31:8,31,8,video,video,1785623395.919,,5.038,300.0,fisheye,"detector '8' ON, detector '31' OFF for 5.038s (threshold=5.0s)"
1785623400.962,2026-08-01 16:30:00.962048,201,8e3c09ee726c4b0fb211b902e8566b4d,start,rule1_continuous_disagreement,42:8,8,42,video,radar,1785623395.919,,5.043,300.0,fisheye,"detector '8' ON, detector '42' OFF for 5.043s (threshold=5.0s)"
1785623406.511,2026-08-01 16:30:06.510641,201,f0a90df1b9f44f6a9a238cdb9720d129,stop,rule1_continuous_disagreement,31:8,31,8,video,video,,,0.0,300.0,fisheye,Rule 1 recording stopped after 5.0s post-roll
1785623406.515,2026-08-01 16:30:06.514848,201,8e3c09ee726c4b0fb211b902e8566b4d,stop,rule1_continuous_disagreement,42:8,8,42,video,radar,,,0.0,300.0,fisheye,Rule 1 recording stopped after 5.0s post-roll
1785623458.948,2026-08-01 16:30:58.948140,201,5e52f09c2c5346ef9d551592a22fa23f,start,rule2_orphan_pulse,26:33,33,26,radar,video,1785623452.516,1785623453.934,1.418,16.418,fisheye,"orphan on detector '26': orphan pulse duration=1.418s window=[1785623447.516, 1785623458.934]"
1785623480.550,2026-08-01 16:31:20.550463,201,969cef0c8dc741fb84e10a26be0b012f,start,rule1_continuous_disagreement,30:41,41,30,radar,video,1785623475.507,,5.043,300.0,fisheye,"detector '30' ON, detector '41' OFF for 5.043s (threshold=5.0s)"
1785623482.270,2026-08-01 16:31:22.270247,201,eaff1ff2d9cc4130a7415fafb1d68a3d,start,rule1_continuous_disagreement,3:41,3,41,video,radar,1785623477.219,,5.051,300.0,fisheye,"detector '3' ON, detector '41' OFF for 5.051s (threshold=5.0s)"
1785623504.138,2026-08-01 16:31:44.137569,201,ec090fc985e04a71b873dc2c104e7ea1,start,rule1_continuous_disagreement,22:39,39,22,radar,video,1785623499.099,,5.039,300.0,fisheye,"detector '39' ON, detector '22' OFF for 5.039s (threshold=5.0s)"
1785623504.140,2026-08-01 16:31:44.139585,201,8711ca6c74c845aebe0f763814c4b2c4,start,rule1_continuous_disagreement,39:4,4,39,video,radar,1785623499.099,,5.041,300.0,fisheye,"detector '39' ON, detector '4' OFF for 5.041s (threshold=5.0s)"
1785623513.423,2026-08-01 16:31:53.423111,201,ec090fc985e04a71b873dc2c104e7ea1,stop,rule1_continuous_disagreement,22:39,39,22,radar,video,,,0.0,300.0,fisheye,Rule 1 recording stopped after 5.0s post-roll
1785623514.740,2026-08-01 16:31:54.739890,201,8711ca6c74c845aebe0f763814c4b2c4,stop,rule1_continuous_disagreement,39:4,4,39,video,radar,,,0.0,300.0,fisheye,Rule 1 recording stopped after 5.0s post-roll
1785623558.562,2026-08-01 16:32:38.561514,201,afe40f001faa42c29553f24e993badab,start,rule2_orphan_pulse,31:8,31,8,video,video,1785623548.567,1785623553.517,4.95,19.95,fisheye,"orphan on detector '8': orphan pulse duration=4.95s window=[1785623543.567, 1785623558.517]"
1785623558.565,2026-08-01 16:32:38.565049,201,2ae659c40edc4919b23b80b71669c4fc,start,rule2_orphan_pulse,42:8,8,42,video,radar,1785623548.567,1785623553.517,4.95,19.95,fisheye,"orphan on detector '8': orphan pulse duration=4.95s window=[1785623543.567, 1785623558.517]"
1785623568.758,2026-08-01 16:32:48.757792,201,b4e0ed1a9ab74fb99fbfe5a2cdb30b26,start,rule2_orphan_pulse,17:2,17,2,video,video,1785623563.044,1785623563.719,0.675,15.675,fisheye,"orphan on detector '2': orphan pulse duration=0.675s window=[1785623558.044, 1785623568.719]"
1785623568.761,2026-08-01 16:32:48.760856,201,40edae8c1b9c4b17a5f90587765fb4a0,start,rule2_orphan_pulse,2:46,2,46,video,radar,1785623563.044,1785623563.719,0.675,15.675,fisheye,"orphan on detector '2': orphan pulse duration=0.675s window=[1785623558.044, 1785623568.719]"
1785623575.015,2026-08-01 16:32:55.014684,201,969cef0c8dc741fb84e10a26be0b012f,stop,rule1_continuous_disagreement,30:41,41,30,radar,video,,,0.0,300.0,fisheye,Rule 1 recording stopped after 5.0s post-roll
1785623575.423,2026-08-01 16:32:55.422968,201,67a1a137ebcf454a9e34fb88bac62015,start,rule2_orphan_pulse,17:2,17,2,video,video,1785623569.634,1785623570.323,0.689,15.689,fisheye,"orphan on detector '2': orphan pulse duration=0.689s window=[1785623564.634, 1785623575.323]"
1785623575.426,2026-08-01 16:32:55.425985,201,6fdb52dbcdb24560923fe75f4fd77926,start,rule2_orphan_pulse,2:46,2,46,video,radar,1785623569.634,1785623570.323,0.689,15.689,fisheye,"orphan on detector '2': orphan pulse duration=0.689s window=[1785623564.634, 1785623575.323]"
1785623576.034,2026-08-01 16:32:56.034088,201,eaff1ff2d9cc4130a7415fafb1d68a3d,stop,rule1_continuous_disagreement,3:41,3,41,video,radar,,,0.0,300.0,fisheye,Rule 1 recording stopped after 5.0s post-roll
1785623577.053,2026-08-01 16:32:57.052914,201,7e40914cd7f045dd8b0d887c3ce63239,start,rule2_orphan_pulse,29:43,43,29,radar,video,1785623570.981,1785623571.957,0.976,15.975999999999999,fisheye,"orphan on detector '29': orphan pulse duration=0.976s window=[1785623565.981, 1785623576.957]"
1785623692.646,2026-08-01 16:34:52.646443,201,410ac0bde81f42eaa933b4ee87a76303,start,rule2_orphan_pulse,29:43,43,29,radar,video,1785623686.657,1785623687.626,0.969,15.969000000000001,fisheye,"orphan on detector '29': orphan pulse duration=0.969s window=[1785623681.657, 1785623692.626]"
1785623721.918,2026-08-01 16:35:21.918391,201,64f7301bd7bf4893903144d9a0d312ba,start,rule2_orphan_pulse,31:42,42,31,radar,video,1785623714.838,1785623716.819,1.981,16.981,fisheye,"orphan on detector '42': orphan pulse duration=1.981s window=[1785623709.838, 1785623721.819]"
1785623721.922,2026-08-01 16:35:21.922455,201,45ea4efcd1c048e198d148e9f66730b6,start,rule2_orphan_pulse,42:8,8,42,video,radar,1785623714.838,1785623716.819,1.981,16.981,fisheye,"orphan on detector '42': orphan pulse duration=1.981s window=[1785623709.838, 1785623721.819]"
1785623758.916,2026-08-01 16:35:58.916093,201,4cdc5fd455d5426a8f4fccfa65aafbfb,start,rule1_continuous_disagreement,26:33,33,26,radar,video,1785623753.875,,5.041,300.0,fisheye,"detector '26' ON, detector '33' OFF for 5.041s (threshold=5.0s)"
1785623769.499,2026-08-01 16:36:09.498560,201,4cdc5fd455d5426a8f4fccfa65aafbfb,stop,rule1_continuous_disagreement,26:33,33,26,radar,video,,,0.0,300.0,fisheye,Rule 1 recording stopped after 5.0s post-roll
1785623825.332,2026-08-01 16:37:05.331704,201,93b7aa64cac84e9c980ae3cba7e1a49c,start,rule1_continuous_disagreement,31:8,31,8,video,video,1785623820.293,,5.039,300.0,fisheye,"detector '8' ON, detector '31' OFF for 5.039s (threshold=5.0s)"
1785623825.336,2026-08-01 16:37:05.335921,201,9c3452340dc24a5699884e4d01fdf7fe,start,rule1_continuous_disagreement,42:8,8,42,video,radar,1785623820.293,,5.043,300.0,fisheye,"detector '8' ON, detector '42' OFF for 5.043s (threshold=5.0s)"
1785623831.799,2026-08-01 16:37:11.798843,201,93b7aa64cac84e9c980ae3cba7e1a49c,stop,rule1_continuous_disagreement,31:8,31,8,video,video,,,0.0,300.0,fisheye,Rule 1 recording stopped after 5.0s post-roll
1785623831.802,2026-08-01 16:37:11.801986,201,9c3452340dc24a5699884e4d01fdf7fe,stop,rule1_continuous_disagreement,42:8,8,42,video,radar,,,0.0,300.0,fisheye,Rule 1 recording stopped after 5.0s post-roll
1785623860.470,2026-08-01 16:37:40.470306,201,93f026d6a21a4de3b9e242a2f2c59e27,start,rule2_orphan_pulse,30:41,41,30,radar,video,1785623854.795,1785623855.447,0.651,15.651,fisheye,"orphan on detector '30': orphan pulse duration=0.651s window=[1785623849.795, 1785623860.447]"
1785623864.099,2026-08-01 16:37:44.098714,201,58cc0a0f73f34a71ac876a185fbee33c,start,rule2_orphan_pulse,3:41,3,41,video,radar,1785623858.411,1785623859.073,0.662,15.661999999999999,fisheye,"orphan on detector '3': orphan pulse duration=0.662s window=[1785623853.411, 1785623864.073]"
1785623873.172,2026-08-01 16:37:53.172181,201,cc47bcae091c4e1ca3a36ed867697623,start,rule1_continuous_disagreement,31:8,31,8,video,video,1785623868.133,,5.039,300.0,fisheye,"detector '8' ON, detector '31' OFF for 5.039s (threshold=5.0s)"
1785623873.178,2026-08-01 16:37:53.177874,201,00e5bc2bc2884af0b5d40f1706d6412f,start,rule1_continuous_disagreement,42:8,8,42,video,radar,1785623868.133,,5.045,300.0,fisheye,"detector '8' ON, detector '42' OFF for 5.045s (threshold=5.0s)"
1785623878.822,2026-08-01 16:37:58.822454,201,cc47bcae091c4e1ca3a36ed867697623,stop,rule1_continuous_disagreement,31:8,31,8,video,video,,,0.0,300.0,fisheye,Rule 1 recording stopped after 5.0s post-roll
1785623878.822,2026-08-01 16:37:58.822454,201,00e5bc2bc2884af0b5d40f1706d6412f,stop,rule1_continuous_disagreement,42:8,8,42,video,radar,,,0.0,300.0,fisheye,Rule 1 recording stopped after 5.0s post-roll
1785623900.104,2026-08-01 16:38:20.103742,201,a1bc53b400f748f288c74e6334392f39,start,rule1_continuous_disagreement,42:8,8,42,video,radar,1785623895.069,,5.035,300.0,fisheye,"detector '8' ON, detector '42' OFF for 5.035s (threshold=5.0s)"
1785623904.038,2026-08-01 16:38:24.037634,201,92af345c6437415ebc725579b2a03ffc,start,rule2_orphan_pulse,31:42,42,31,radar,video,1785623898.290,1785623898.959,0.668,15.668,fisheye,"orphan on detector '31': orphan pulse duration=0.668s window=[1785623893.290, 1785623903.959]"
1785623909.290,2026-08-01 16:38:29.289515,201,a1bc53b400f748f288c74e6334392f39,stop,rule1_continuous_disagreement,42:8,8,42,video,radar,,,0.0,300.0,fisheye,Rule 1 recording stopped after 5.0s post-roll
1785623987.630,2026-08-01 16:39:47.629953,201,9579dd2de38b4d6e9176f623f27a405e,start,rule2_orphan_pulse,29:43,43,29,radar,video,1785623981.927,1785623982.597,0.67,15.67,fisheye,"orphan on detector '29': orphan pulse duration=0.67s window=[1785623976.927, 1785623987.597]"
1785624035.213,2026-08-01 16:40:35.213183,201,035791ca9b064e6c8932a1c08b60908f,start,rule2_orphan_pulse,29:43,43,29,radar,video,1785624028.241,1785624030.189,1.948,16.948,fisheye,"orphan on detector '43': orphan pulse duration=1.948s window=[1785624023.241, 1785624035.189]"
1785624060.614,2026-08-01 16:41:00.614250,201,b5684bd5f0e34c24875d968b5b71d10e,start,rule2_orphan_pulse,31:8,31,8,video,video,1785624051.350,1785624055.535,4.185,19.185,fisheye,"orphan on detector '8': orphan pulse duration=4.185s window=[1785624046.350, 1785624060.535]"
1785624060.617,2026-08-01 16:41:00.616508,201,7f7b2c4a148b4c75bf8a88e7ac5394cd,start,rule2_orphan_pulse,42:8,8,42,video,radar,1785624051.350,1785624055.535,4.185,19.185,fisheye,"orphan on detector '8': orphan pulse duration=4.185s window=[1785624046.350, 1785624060.535]"
1785624289.246,2026-08-01 16:44:49.246485,201,51d505a97f9c4f99a3a4da65bf0d4eb2,start,rule1_continuous_disagreement,31:8,31,8,video,video,1785624284.210,,5.036,300.0,fisheye,"detector '8' ON, detector '31' OFF for 5.036s (threshold=5.0s)"
1785624289.250,2026-08-01 16:44:49.250499,201,b1279a26be2d45b7ae6b6814f5e5eb4e,start,rule1_continuous_disagreement,42:8,8,42,video,radar,1785624284.210,,5.04,300.0,fisheye,"detector '8' ON, detector '42' OFF for 5.04s (threshold=5.0s)"
1785624295.104,2026-08-01 16:44:55.104327,201,51d505a97f9c4f99a3a4da65bf0d4eb2,stop,rule1_continuous_disagreement,31:8,31,8,video,video,,,0.0,300.0,fisheye,Rule 1 recording stopped after 5.0s post-roll
1785624295.112,2026-08-01 16:44:55.112349,201,b1279a26be2d45b7ae6b6814f5e5eb4e,stop,rule1_continuous_disagreement,42:8,8,42,video,radar,,,0.0,300.0,fisheye,Rule 1 recording stopped after 5.0s post-roll
1785624332.812,2026-08-01 16:45:32.811895,201,2de241306aaa4110b62cfd5fe5b1908f,start,rule2_orphan_pulse,3:41,3,41,video,radar,1785624325.692,1785624327.753,2.062,17.061999999999998,fisheye,"orphan on detector '41': orphan pulse duration=2.062s window=[1785624320.692, 1785624332.753]"
1785624347.940,2026-08-01 16:45:47.939701,201,a6278f8d3c564b59adf158ff1cf0e18c,start,rule1_continuous_disagreement,22:39,39,22,radar,video,1785624342.902,,5.038,300.0,fisheye,"detector '39' ON, detector '22' OFF for 5.038s (threshold=5.0s)"
1785624349.256,2026-08-01 16:45:49.255542,201,9b5b2c7bb0674992ab877a1bb17920c3,start,rule1_continuous_disagreement,39:4,4,39,video,radar,1785624344.214,,5.042,300.0,fisheye,"detector '39' ON, detector '4' OFF for 5.042s (threshold=5.0s)"
1785624365.489,2026-08-01 16:46:05.489483,201,a6278f8d3c564b59adf158ff1cf0e18c,stop,rule1_continuous_disagreement,22:39,39,22,radar,video,,,0.0,300.0,fisheye,Rule 1 recording stopped after 5.0s post-roll
1785624365.494,2026-08-01 16:46:05.493814,201,9b5b2c7bb0674992ab877a1bb17920c3,stop,rule1_continuous_disagreement,39:4,4,39,video,radar,,,0.0,300.0,fisheye,Rule 1 recording stopped after 5.1s post-roll
1785624421.358,2026-08-01 16:47:01.357673,201,0f886275de3447b4af1e94481b1a81a1,start,rule1_continuous_disagreement,31:8,31,8,video,video,1785624416.322,,5.036,300.0,fisheye,"detector '8' ON, detector '31' OFF for 5.036s (threshold=5.0s)"
1785624421.373,2026-08-01 16:47:01.372743,201,aacaffff69a644ff8337bc021a860327,start,rule1_continuous_disagreement,42:8,8,42,video,radar,1785624416.322,,5.051,300.0,fisheye,"detector '8' ON, detector '42' OFF for 5.051s (threshold=5.0s)"
1785624426.976,2026-08-01 16:47:06.975584,201,0f886275de3447b4af1e94481b1a81a1,stop,rule1_continuous_disagreement,31:8,31,8,video,video,,,0.0,300.0,fisheye,Rule 1 recording stopped after 5.1s post-roll
1785624426.987,2026-08-01 16:47:06.987267,201,aacaffff69a644ff8337bc021a860327,stop,rule1_continuous_disagreement,42:8,8,42,video,radar,,,0.0,300.0,fisheye,Rule 1 recording stopped after 5.1s post-roll
