event_timestamp,local_timestamp,intersection_id,reason,rule,pair_key,det_a,det_b,det_a_type,det_b_type,orphan_det,slot,event_start_ts,event_end_ts,pulse_duration_sec,min_pulse_sec,sampling_floor_sec,min_pulse_floor_multiple,description
1785612453.630,2026-08-01 13:27:33.629506,201,below_sampling_floor,rule2_orphan_pulse,24:38,38,24,radar,video,38,a,1785612452.293,1785612453.572,1.279,3.2,1.6,2.0,orphan candidate on detector '38' not registered: pulse 1.279s < gate 3.200s
1785612453.634,2026-08-01 13:27:33.634469,201,below_sampling_floor,rule2_orphan_pulse,38:7,7,38,video,radar,38,b,1785612452.293,1785612453.572,1.279,3.2,1.6,2.0,orphan candidate on detector '38' not registered: pulse 1.279s < gate 3.200s
1785612455.253,2026-08-01 13:27:35.252922,201,below_sampling_floor,rule2_orphan_pulse,24:38,38,24,radar,video,24,b,1785612452.931,1785612455.196,2.265,3.2,1.6,2.0,orphan candidate on detector '24' not registered: pulse 2.265s < gate 3.200s
1785612455.257,2026-08-01 13:27:35.256577,201,below_sampling_floor,rule2_orphan_pulse,24:7,24,7,video,video,24,a,1785612452.931,1785612455.196,2.265,3.2,1.6,2.0,orphan candidate on detector '24' not registered: pulse 2.265s < gate 3.200s
1785612455.564,2026-08-01 13:27:35.564374,201,below_sampling_floor,rule2_orphan_pulse,24:7,24,7,video,video,7,b,1785612453.894,1785612455.518,1.624,3.2,1.6,2.0,orphan candidate on detector '7' not registered: pulse 1.624s < gate 3.200s
1785612455.564,2026-08-01 13:27:35.564374,201,below_sampling_floor,rule2_orphan_pulse,38:7,7,38,video,radar,7,a,1785612453.894,1785612455.518,1.624,3.2,1.6,2.0,orphan candidate on detector '7' not registered: pulse 1.624s < gate 3.200s
1785612457.178,2026-08-01 13:27:37.178248,201,below_sampling_floor,rule2_orphan_pulse,30:41,41,30,radar,video,30,b,1785612456.160,1785612457.124,0.964,3.2,1.6,2.0,orphan candidate on detector '30' not registered: pulse 0.964s < gate 3.200s
1785612457.180,2026-08-01 13:27:37.180049,201,below_sampling_floor,rule2_orphan_pulse,3:30,30,3,video,video,30,a,1785612456.160,1785612457.124,0.964,3.2,1.6,2.0,orphan candidate on detector '30' not registered: pulse 0.964s < gate 3.200s
1785612460.313,2026-08-01 13:27:40.313174,201,below_sampling_floor,rule2_orphan_pulse,3:30,30,3,video,video,3,b,1785612459.655,1785612460.296,0.641,3.2,1.6,2.0,orphan candidate on detector '3' not registered: pulse 0.641s < gate 3.200s
1785612460.314,2026-08-01 13:27:40.314186,201,below_sampling_floor,rule2_orphan_pulse,3:41,3,41,video,radar,3,a,1785612459.655,1785612460.296,0.641,3.2,1.6,2.0,orphan candidate on detector '3' not registered: pulse 0.641s < gate 3.200s
1785612462.936,2026-08-01 13:27:42.935822,201,below_sampling_floor,rule2_orphan_pulse,26:33,33,26,radar,video,33,a,1785612461.586,1785612462.913,1.326,3.2,1.6,2.0,orphan candidate on detector '33' not registered: pulse 1.326s < gate 3.200s
1785612464.247,2026-08-01 13:27:44.247431,201,below_sampling_floor,rule2_orphan_pulse,26:33,33,26,radar,video,26,b,1785612461.924,1785612464.220,2.296,3.2,1.6,2.0,orphan candidate on detector '26' not registered: pulse 2.296s < gate 3.200s
1785612469.986,2026-08-01 13:27:49.986282,201,below_sampling_floor,rule2_orphan_pulse,26:33,33,26,radar,video,33,a,1785612468.225,1785612469.889,1.663,3.2,1.6,2.0,orphan candidate on detector '33' not registered: pulse 1.663s < gate 3.200s
1785612470.899,2026-08-01 13:27:50.898817,201,below_sampling_floor,rule2_orphan_pulse,17:46,46,17,radar,video,46,a,1785612468.898,1785612470.857,1.96,3.2,1.6,2.0,orphan candidate on detector '46' not registered: pulse 1.960s < gate 3.200s
1785612470.909,2026-08-01 13:27:50.908622,201,below_sampling_floor,rule2_orphan_pulse,2:46,2,46,video,radar,46,b,1785612468.898,1785612470.857,1.96,3.2,1.6,2.0,orphan candidate on detector '46' not registered: pulse 1.960s < gate 3.200s
1785612471.616,2026-08-01 13:27:51.616454,201,below_sampling_floor,rule2_orphan_pulse,26:33,33,26,radar,video,33,a,1785612470.544,1785612471.532,0.988,3.2,1.6,2.0,orphan candidate on detector '33' not registered: pulse 0.988s < gate 3.200s
1785612472.624,2026-08-01 13:27:52.624346,201,below_sampling_floor,rule2_orphan_pulse,17:46,46,17,radar,video,17,b,1785612469.554,1785612472.527,2.973,3.2,1.6,2.0,orphan candidate on detector '17' not registered: pulse 2.973s < gate 3.200s
1785612472.639,2026-08-01 13:27:52.639187,201,below_sampling_floor,rule2_orphan_pulse,17:2,17,2,video,video,17,a,1785612469.554,1785612472.527,2.973,3.2,1.6,2.0,orphan candidate on detector '17' not registered: pulse 2.973s < gate 3.200s
1785612472.639,2026-08-01 13:27:52.639187,201,below_sampling_floor,rule2_orphan_pulse,17:2,17,2,video,video,2,b,1785612470.229,1785612472.527,2.299,3.2,1.6,2.0,orphan candidate on detector '2' not registered: pulse 2.299s < gate 3.200s
1785612472.639,2026-08-01 13:27:52.639187,201,below_sampling_floor,rule2_orphan_pulse,2:46,2,46,video,radar,2,a,1785612470.229,1785612472.527,2.299,3.2,1.6,2.0,orphan candidate on detector '2' not registered: pulse 2.299s < gate 3.200s
1785612475.869,2026-08-01 13:27:55.869133,201,below_sampling_floor,rule2_orphan_pulse,17:46,46,17,radar,video,46,a,1785612473.523,1785612475.859,2.336,3.2,1.6,2.0,orphan candidate on detector '46' not registered: pulse 2.336s < gate 3.200s
1785612475.871,2026-08-01 13:27:55.870666,201,below_sampling_floor,rule2_orphan_pulse,2:46,2,46,video,radar,46,b,1785612473.523,1785612475.859,2.336,3.2,1.6,2.0,orphan candidate on detector '46' not registered: pulse 2.336s < gate 3.200s
1785612485.244,2026-08-01 13:28:05.244384,201,below_sampling_floor,rule2_orphan_pulse,17:46,46,17,radar,video,46,a,1785612484.249,1785612485.222,0.973,3.2,1.6,2.0,orphan candidate on detector '46' not registered: pulse 0.973s < gate 3.200s
1785612485.247,2026-08-01 13:28:05.246934,201,below_sampling_floor,rule2_orphan_pulse,2:46,2,46,video,radar,46,b,1785612484.249,1785612485.222,0.973,3.2,1.6,2.0,orphan candidate on detector '46' not registered: pulse 0.973s < gate 3.200s
1785612486.562,2026-08-01 13:28:06.561867,201,below_sampling_floor,rule2_orphan_pulse,17:2,17,2,video,video,2,b,1785612485.222,1785612486.522,1.301,3.2,1.6,2.0,orphan candidate on detector '2' not registered: pulse 1.301s < gate 3.200s
1785612486.565,2026-08-01 13:28:06.564647,201,below_sampling_floor,rule2_orphan_pulse,2:46,2,46,video,radar,2,a,1785612485.222,1785612486.522,1.301,3.2,1.6,2.0,orphan candidate on detector '2' not registered: pulse 1.301s < gate 3.200s
1785612487.576,2026-08-01 13:28:07.575744,201,below_sampling_floor,rule2_orphan_pulse,17:46,46,17,radar,video,46,a,1785612486.187,1785612487.477,1.29,3.2,1.6,2.0,orphan candidate on detector '46' not registered: pulse 1.290s < gate 3.200s
1785612487.578,2026-08-01 13:28:07.578473,201,below_sampling_floor,rule2_orphan_pulse,2:46,2,46,video,radar,46,b,1785612486.187,1785612487.477,1.29,3.2,1.6,2.0,orphan candidate on detector '46' not registered: pulse 1.290s < gate 3.200s
1785612488.790,2026-08-01 13:28:08.789943,201,below_sampling_floor,rule2_orphan_pulse,17:2,17,2,video,video,2,b,1785612487.477,1785612488.757,1.279,3.2,1.6,2.0,orphan candidate on detector '2' not registered: pulse 1.279s < gate 3.200s
1785612488.791,2026-08-01 13:28:08.791371,201,below_sampling_floor,rule2_orphan_pulse,2:46,2,46,video,radar,2,a,1785612487.477,1785612488.757,1.279,3.2,1.6,2.0,orphan candidate on detector '2' not registered: pulse 1.279s < gate 3.200s
1785612548.434,2026-08-01 13:29:08.433681,201,below_sampling_floor,rule2_orphan_pulse,26:33,33,26,radar,video,33,a,1785612548.057,1785612548.378,0.321,0.6439,0.322,2.0,orphan candidate on detector '33' not registered: pulse 0.321s < gate 0.644s
1785612593.305,2026-08-01 13:29:53.305181,201,below_sampling_floor,rule2_orphan_pulse,26:33,33,26,radar,video,33,a,1785612592.899,1785612593.227,0.328,0.6744,0.3372,2.0,orphan candidate on detector '33' not registered: pulse 0.328s < gate 0.674s
1785612595.220,2026-08-01 13:29:55.219515,201,below_sampling_floor,rule2_orphan_pulse,26:33,33,26,radar,video,33,a,1785612594.523,1785612595.156,0.633,0.6744,0.3372,2.0,orphan candidate on detector '33' not registered: pulse 0.633s < gate 0.674s
1785612595.825,2026-08-01 13:29:55.825496,201,below_sampling_floor,rule2_orphan_pulse,17:46,46,17,radar,video,46,a,1785612595.156,1785612595.800,0.644,0.6744,0.3372,2.0,orphan candidate on detector '46' not registered: pulse 0.644s < gate 0.674s
1785612595.827,2026-08-01 13:29:55.826603,201,below_sampling_floor,rule2_orphan_pulse,2:46,2,46,video,radar,46,b,1785612595.156,1785612595.800,0.644,0.6744,0.3372,2.0,orphan candidate on detector '46' not registered: pulse 0.644s < gate 0.674s
1785612597.135,2026-08-01 13:29:57.135414,201,below_sampling_floor,rule2_orphan_pulse,17:2,17,2,video,video,2,b,1785612596.429,1785612597.090,0.661,0.6744,0.3372,2.0,orphan candidate on detector '2' not registered: pulse 0.661s < gate 0.674s
1785612597.135,2026-08-01 13:29:57.135414,201,below_sampling_floor,rule2_orphan_pulse,2:46,2,46,video,radar,2,a,1785612596.429,1785612597.090,0.661,0.6744,0.3372,2.0,orphan candidate on detector '2' not registered: pulse 0.661s < gate 0.674s
1785612600.360,2026-08-01 13:30:00.359821,201,below_sampling_floor,rule2_orphan_pulse,26:33,33,26,radar,video,33,a,1785612599.967,1785612600.294,0.328,0.6744,0.3372,2.0,orphan candidate on detector '33' not registered: pulse 0.328s < gate 0.674s
1785612602.278,2026-08-01 13:30:02.278322,201,below_sampling_floor,rule2_orphan_pulse,26:33,33,26,radar,video,33,a,1785612601.556,1785612602.193,0.637,0.6744,0.3372,2.0,orphan candidate on detector '33' not registered: pulse 0.637s < gate 0.674s
1785612686.709,2026-08-01 13:31:26.709463,201,below_sampling_floor,rule2_orphan_pulse,31:42,42,31,radar,video,42,a,1785612686.261,1785612686.620,0.359,0.6934,0.3467,2.0,orphan candidate on detector '42' not registered: pulse 0.359s < gate 0.693s
1785612686.713,2026-08-01 13:31:26.712657,201,below_sampling_floor,rule2_orphan_pulse,42:8,8,42,video,radar,42,b,1785612686.261,1785612686.620,0.359,0.6934,0.3467,2.0,orphan candidate on detector '42' not registered: pulse 0.359s < gate 0.693s
1785612693.588,2026-08-01 13:31:33.588064,201,below_sampling_floor,rule2_orphan_pulse,29:43,43,29,radar,video,43,a,1785612693.148,1785612693.501,0.353,0.6934,0.3467,2.0,orphan candidate on detector '43' not registered: pulse 0.353s < gate 0.693s
1785612714.075,2026-08-01 13:31:54.074831,201,below_sampling_floor,rule2_orphan_pulse,24:7,24,7,video,video,7,b,1785612713.638,1785612713.980,0.342,0.6934,0.3467,2.0,orphan candidate on detector '7' not registered: pulse 0.342s < gate 0.693s
1785612714.078,2026-08-01 13:31:54.077849,201,below_sampling_floor,rule2_orphan_pulse,38:7,7,38,video,radar,7,a,1785612713.638,1785612713.980,0.342,0.6934,0.3467,2.0,orphan candidate on detector '7' not registered: pulse 0.342s < gate 0.693s
1785612720.445,2026-08-01 13:32:00.444716,201,below_sampling_floor,rule2_orphan_pulse,26:33,33,26,radar,video,33,a,1785612719.750,1785612720.423,0.672,0.6934,0.3467,2.0,orphan candidate on detector '33' not registered: pulse 0.672s < gate 0.693s
1785612726.710,2026-08-01 13:32:06.709832,201,below_sampling_floor,rule2_orphan_pulse,26:33,33,26,radar,video,33,a,1785612726.313,1785612726.652,0.339,0.6934,0.3467,2.0,orphan candidate on detector '33' not registered: pulse 0.339s < gate 0.693s
1785612728.035,2026-08-01 13:32:08.034838,201,below_sampling_floor,rule2_orphan_pulse,26:33,33,26,radar,video,33,a,1785612727.324,1785612727.988,0.664,0.6934,0.3467,2.0,orphan candidate on detector '33' not registered: pulse 0.664s < gate 0.693s
1785612729.359,2026-08-01 13:32:09.358773,201,below_sampling_floor,rule2_orphan_pulse,26:33,33,26,radar,video,33,a,1785612728.972,1785612729.299,0.327,0.6934,0.3467,2.0,orphan candidate on detector '33' not registered: pulse 0.327s < gate 0.693s
1785612730.674,2026-08-01 13:32:10.674484,201,below_sampling_floor,rule2_orphan_pulse,26:33,33,26,radar,video,33,a,1785612730.301,1785612730.638,0.337,0.6934,0.3467,2.0,orphan candidate on detector '33' not registered: pulse 0.337s < gate 0.693s
1785612737.188,2026-08-01 13:32:17.187627,201,below_sampling_floor,rule2_orphan_pulse,26:33,33,26,radar,video,33,a,1785612736.842,1785612737.188,0.346,0.6696,0.3348,2.0,orphan candidate on detector '33' not registered: pulse 0.346s < gate 0.670s
1785612738.911,2026-08-01 13:32:18.911331,201,below_sampling_floor,rule2_orphan_pulse,26:33,33,26,radar,video,33,a,1785612738.522,1785612738.861,0.339,0.6696,0.3348,2.0,orphan candidate on detector '33' not registered: pulse 0.339s < gate 0.670s
1785612742.151,2026-08-01 13:32:22.151318,201,below_sampling_floor,rule2_orphan_pulse,26:33,33,26,radar,video,33,a,1785612741.814,1785612742.133,0.319,0.6696,0.3348,2.0,orphan candidate on detector '33' not registered: pulse 0.319s < gate 0.670s
1785612743.884,2026-08-01 13:32:23.884153,201,below_sampling_floor,rule2_orphan_pulse,26:33,33,26,radar,video,33,a,1785612743.480,1785612743.799,0.319,0.6696,0.3348,2.0,orphan candidate on detector '33' not registered: pulse 0.319s < gate 0.670s
1785612749.253,2026-08-01 13:32:29.252518,201,below_sampling_floor,rule2_orphan_pulse,17:46,46,17,radar,video,46,a,1785612748.562,1785612749.230,0.668,0.6696,0.3348,2.0,orphan candidate on detector '46' not registered: pulse 0.668s < gate 0.670s
1785612749.254,2026-08-01 13:32:29.253543,201,below_sampling_floor,rule2_orphan_pulse,2:46,2,46,video,radar,46,b,1785612748.562,1785612749.230,0.668,0.6696,0.3348,2.0,orphan candidate on detector '46' not registered: pulse 0.668s < gate 0.670s
1785612750.569,2026-08-01 13:32:30.568625,201,below_sampling_floor,rule2_orphan_pulse,26:33,33,26,radar,video,33,a,1785612750.238,1785612750.569,0.331,0.6696,0.3348,2.0,orphan candidate on detector '33' not registered: pulse 0.331s < gate 0.670s
1785612762.191,2026-08-01 13:32:42.190742,201,below_sampling_floor,rule2_orphan_pulse,17:2,17,2,video,video,2,b,1785612761.519,1785612762.187,0.668,0.6696,0.3348,2.0,orphan candidate on detector '2' not registered: pulse 0.668s < gate 0.670s
1785612762.192,2026-08-01 13:32:42.192382,201,below_sampling_floor,rule2_orphan_pulse,2:46,2,46,video,radar,2,a,1785612761.519,1785612762.187,0.668,0.6696,0.3348,2.0,orphan candidate on detector '2' not registered: pulse 0.668s < gate 0.670s
1785612840.673,2026-08-01 13:34:00.673318,201,below_sampling_floor,rule2_orphan_pulse,31:42,42,31,radar,video,42,a,1785612840.004,1785612840.665,0.661,0.6625,0.3313,2.0,orphan candidate on detector '42' not registered: pulse 0.661s < gate 0.663s
1785612840.675,2026-08-01 13:34:00.675335,201,below_sampling_floor,rule2_orphan_pulse,42:8,8,42,video,radar,42,b,1785612840.004,1785612840.665,0.661,0.6625,0.3313,2.0,orphan candidate on detector '42' not registered: pulse 0.661s < gate 0.663s
1785612842.396,2026-08-01 13:34:02.396045,201,below_sampling_floor,rule2_orphan_pulse,26:33,33,26,radar,video,33,a,1785612841.661,1785612842.311,0.65,0.6625,0.3313,2.0,orphan candidate on detector '33' not registered: pulse 0.650s < gate 0.663s
1785612844.621,2026-08-01 13:34:04.621321,201,below_sampling_floor,rule2_orphan_pulse,26:33,33,26,radar,video,33,a,1785612844.237,1785612844.558,0.321,0.6625,0.3313,2.0,orphan candidate on detector '33' not registered: pulse 0.321s < gate 0.663s
1785612846.263,2026-08-01 13:34:06.262846,201,below_sampling_floor,rule2_orphan_pulse,26:33,33,26,radar,video,33,a,1785612845.838,1785612846.174,0.336,0.6625,0.3313,2.0,orphan candidate on detector '33' not registered: pulse 0.336s < gate 0.663s
1785612847.172,2026-08-01 13:34:07.172338,201,below_sampling_floor,rule2_orphan_pulse,29:43,43,29,radar,video,43,a,1785612846.495,1785612847.131,0.636,0.6625,0.3313,2.0,orphan candidate on detector '43' not registered: pulse 0.636s < gate 0.663s
1785612852.054,2026-08-01 13:34:12.053894,201,below_sampling_floor,rule2_orphan_pulse,26:33,33,26,radar,video,33,a,1785612851.367,1785612852.018,0.651,0.6625,0.3313,2.0,orphan candidate on detector '33' not registered: pulse 0.651s < gate 0.663s
1785612854.190,2026-08-01 13:34:14.190386,201,below_sampling_floor,rule2_orphan_pulse,26:33,33,26,radar,video,33,a,1785612853.841,1785612854.189,0.349,0.6826,0.3413,2.0,orphan candidate on detector '33' not registered: pulse 0.349s < gate 0.683s
1785612860.915,2026-08-01 13:34:20.915021,201,below_sampling_floor,rule2_orphan_pulse,26:33,33,26,radar,video,33,a,1785612860.156,1785612860.836,0.68,0.6826,0.3413,2.0,orphan candidate on detector '33' not registered: pulse 0.680s < gate 0.683s
1785612865.566,2026-08-01 13:34:25.565955,201,below_sampling_floor,rule2_orphan_pulse,26:33,33,26,radar,video,33,a,1785612864.857,1785612865.536,0.679,0.6826,0.3413,2.0,orphan candidate on detector '33' not registered: pulse 0.679s < gate 0.683s
1785612866.887,2026-08-01 13:34:26.886955,201,below_sampling_floor,rule2_orphan_pulse,26:33,33,26,radar,video,33,a,1785612866.230,1785612866.887,0.657,0.6826,0.3413,2.0,orphan candidate on detector '33' not registered: pulse 0.657s < gate 0.683s
1785612892.375,2026-08-01 13:34:52.374859,201,below_sampling_floor,rule2_orphan_pulse,31:42,42,31,radar,video,31,b,1785612892.009,1785612892.330,0.321,0.6826,0.3413,2.0,orphan candidate on detector '31' not registered: pulse 0.321s < gate 0.683s
1785612892.379,2026-08-01 13:34:52.378967,201,below_sampling_floor,rule2_orphan_pulse,31:8,31,8,video,video,31,a,1785612892.009,1785612892.330,0.321,0.6826,0.3413,2.0,orphan candidate on detector '31' not registered: pulse 0.321s < gate 0.683s
1785612896.350,2026-08-01 13:34:56.349701,201,below_sampling_floor,rule2_orphan_pulse,29:43,43,29,radar,video,43,a,1785612895.973,1785612896.296,0.323,0.6826,0.3413,2.0,orphan candidate on detector '43' not registered: pulse 0.323s < gate 0.683s
1785612933.101,2026-08-01 13:35:33.101413,201,below_sampling_floor,rule2_orphan_pulse,31:42,42,31,radar,video,42,a,1785612932.421,1785612933.080,0.659,0.8923,0.4461,2.0,orphan candidate on detector '42' not registered: pulse 0.659s < gate 0.892s
1785612933.103,2026-08-01 13:35:33.103449,201,below_sampling_floor,rule2_orphan_pulse,42:8,8,42,video,radar,42,b,1785612932.421,1785612933.080,0.659,0.8923,0.4461,2.0,orphan candidate on detector '42' not registered: pulse 0.659s < gate 0.892s
1785612974.560,2026-08-01 13:36:14.560290,201,below_sampling_floor,rule2_orphan_pulse,3:30,30,3,video,video,3,b,1785612974.152,1785612974.471,0.319,1.3414,0.6707,2.0,orphan candidate on detector '3' not registered: pulse 0.319s < gate 1.341s
1785612974.560,2026-08-01 13:36:14.560290,201,below_sampling_floor,rule2_orphan_pulse,3:41,3,41,video,radar,3,a,1785612974.152,1785612974.471,0.319,1.3414,0.6707,2.0,orphan candidate on detector '3' not registered: pulse 0.319s < gate 1.341s
1785613001.638,2026-08-01 13:36:41.637635,201,below_sampling_floor,rule2_orphan_pulse,17:46,46,17,radar,video,17,b,1785613001.262,1785613001.583,0.321,1.3414,0.6707,2.0,orphan candidate on detector '17' not registered: pulse 0.321s < gate 1.341s
1785613001.643,2026-08-01 13:36:41.642915,201,below_sampling_floor,rule2_orphan_pulse,17:2,17,2,video,video,17,a,1785613001.262,1785613001.583,0.321,1.3414,0.6707,2.0,orphan candidate on detector '17' not registered: pulse 0.321s < gate 1.341s
1785613018.945,2026-08-01 13:36:58.945302,201,below_sampling_floor,rule2_orphan_pulse,31:42,42,31,radar,video,31,b,1785613018.600,1785613018.925,0.324,1.3414,0.6707,2.0,orphan candidate on detector '31' not registered: pulse 0.324s < gate 1.341s
1785613018.951,2026-08-01 13:36:58.950564,201,below_sampling_floor,rule2_orphan_pulse,31:8,31,8,video,video,31,a,1785613018.600,1785613018.925,0.324,1.3414,0.6707,2.0,orphan candidate on detector '31' not registered: pulse 0.324s < gate 1.341s
1785613023.629,2026-08-01 13:37:03.628955,201,below_sampling_floor,rule2_orphan_pulse,29:43,43,29,radar,video,43,a,1785613022.260,1785613023.575,1.314,1.3414,0.6707,2.0,orphan candidate on detector '43' not registered: pulse 1.314s < gate 1.341s
1785613096.185,2026-08-01 13:38:16.185469,201,below_sampling_floor,rule2_orphan_pulse,26:33,33,26,radar,video,33,a,1785613095.767,1785613096.103,0.336,0.7634,0.3817,2.0,orphan candidate on detector '33' not registered: pulse 0.336s < gate 0.763s
1785613123.217,2026-08-01 13:38:43.216912,201,below_sampling_floor,rule2_orphan_pulse,17:2,17,2,video,video,2,b,1785613122.858,1785613123.180,0.322,0.7634,0.3817,2.0,orphan candidate on detector '2' not registered: pulse 0.322s < gate 0.763s
1785613123.220,2026-08-01 13:38:43.219907,201,below_sampling_floor,rule2_orphan_pulse,2:46,2,46,video,radar,2,a,1785613122.858,1785613123.180,0.322,0.7634,0.3817,2.0,orphan candidate on detector '2' not registered: pulse 0.322s < gate 0.763s
1785613154.133,2026-08-01 13:39:14.133047,201,below_sampling_floor,rule2_orphan_pulse,17:2,17,2,video,video,2,b,1785613153.416,1785613154.057,0.64,0.6521,0.326,2.0,orphan candidate on detector '2' not registered: pulse 0.640s < gate 0.652s
1785613154.136,2026-08-01 13:39:14.136225,201,below_sampling_floor,rule2_orphan_pulse,2:46,2,46,video,radar,2,a,1785613153.416,1785613154.057,0.64,0.6521,0.326,2.0,orphan candidate on detector '2' not registered: pulse 0.640s < gate 0.652s
1785613154.442,2026-08-01 13:39:14.441518,201,below_sampling_floor,rule2_orphan_pulse,26:33,33,26,radar,video,33,a,1785613154.057,1785613154.385,0.328,0.6521,0.326,2.0,orphan candidate on detector '33' not registered: pulse 0.328s < gate 0.652s
1785613155.771,2026-08-01 13:39:15.770594,201,below_sampling_floor,rule2_orphan_pulse,26:33,33,26,radar,video,33,a,1785613155.367,1785613155.684,0.317,0.6521,0.326,2.0,orphan candidate on detector '33' not registered: pulse 0.317s < gate 0.652s
1785613158.004,2026-08-01 13:39:18.004361,201,below_sampling_floor,rule2_orphan_pulse,26:33,33,26,radar,video,33,a,1785613157.308,1785613157.958,0.65,0.6521,0.326,2.0,orphan candidate on detector '33' not registered: pulse 0.650s < gate 0.652s
1785613226.255,2026-08-01 13:40:26.255216,201,below_sampling_floor,rule2_orphan_pulse,26:33,33,26,radar,video,33,a,1785613225.934,1785613226.253,0.319,0.6689,0.3345,2.0,orphan candidate on detector '33' not registered: pulse 0.319s < gate 0.669s
1785613249.423,2026-08-01 13:40:49.422716,201,below_sampling_floor,rule2_orphan_pulse,26:33,33,26,radar,video,33,a,1785613248.739,1785613249.391,0.652,0.6689,0.3345,2.0,orphan candidate on detector '33' not registered: pulse 0.652s < gate 0.669s
1785613251.747,2026-08-01 13:40:51.746571,201,below_sampling_floor,rule2_orphan_pulse,26:33,33,26,radar,video,33,a,1785613251.001,1785613251.668,0.666,0.6689,0.3345,2.0,orphan candidate on detector '33' not registered: pulse 0.666s < gate 0.669s
1785613252.660,2026-08-01 13:40:52.660378,201,below_sampling_floor,rule2_orphan_pulse,26:33,33,26,radar,video,33,a,1785613251.989,1785613252.655,0.666,0.6689,0.3345,2.0,orphan candidate on detector '33' not registered: pulse 0.666s < gate 0.669s
1785613267.064,2026-08-01 13:41:07.064363,201,below_sampling_floor,rule2_orphan_pulse,31:42,42,31,radar,video,31,b,1785613266.691,1785613267.035,0.344,0.6689,0.3345,2.0,orphan candidate on detector '31' not registered: pulse 0.344s < gate 0.669s
1785613267.071,2026-08-01 13:41:07.070560,201,below_sampling_floor,rule2_orphan_pulse,31:8,31,8,video,video,31,a,1785613266.691,1785613267.035,0.344,0.6689,0.3345,2.0,orphan candidate on detector '31' not registered: pulse 0.344s < gate 0.669s
1785613270.216,2026-08-01 13:41:10.215611,201,below_sampling_floor,rule2_orphan_pulse,31:42,42,31,radar,video,31,b,1785613269.796,1785613270.123,0.327,0.6689,0.3345,2.0,orphan candidate on detector '31' not registered: pulse 0.327s < gate 0.669s
1785613270.222,2026-08-01 13:41:10.221784,201,below_sampling_floor,rule2_orphan_pulse,31:8,31,8,video,video,31,a,1785613269.796,1785613270.123,0.327,0.6689,0.3345,2.0,orphan candidate on detector '31' not registered: pulse 0.327s < gate 0.669s
1785613273.947,2026-08-01 13:41:13.946858,201,below_sampling_floor,rule2_orphan_pulse,31:42,42,31,radar,video,31,b,1785613273.592,1785613273.944,0.352,0.6689,0.3345,2.0,orphan candidate on detector '31' not registered: pulse 0.352s < gate 0.669s
1785613273.953,2026-08-01 13:41:13.952569,201,below_sampling_floor,rule2_orphan_pulse,31:8,31,8,video,video,31,a,1785613273.592,1785613273.944,0.352,0.6689,0.3345,2.0,orphan candidate on detector '31' not registered: pulse 0.352s < gate 0.669s
1785613275.082,2026-08-01 13:41:15.082152,201,below_sampling_floor,rule2_orphan_pulse,31:42,42,31,radar,video,42,a,1785613274.654,1785613275.006,0.351,0.6922,0.3461,2.0,orphan candidate on detector '42' not registered: pulse 0.351s < gate 0.692s
1785613275.085,2026-08-01 13:41:15.084818,201,below_sampling_floor,rule2_orphan_pulse,42:8,8,42,video,radar,42,b,1785613274.654,1785613275.006,0.351,0.6922,0.3461,2.0,orphan candidate on detector '42' not registered: pulse 0.351s < gate 0.692s
1785613275.396,2026-08-01 13:41:15.395650,201,below_sampling_floor,rule2_orphan_pulse,31:42,42,31,radar,video,31,b,1785613274.654,1785613275.334,0.68,0.6922,0.3461,2.0,orphan candidate on detector '31' not registered: pulse 0.680s < gate 0.692s
1785613275.398,2026-08-01 13:41:15.397842,201,below_sampling_floor,rule2_orphan_pulse,31:8,31,8,video,video,31,a,1785613274.654,1785613275.334,0.68,0.6922,0.3461,2.0,orphan candidate on detector '31' not registered: pulse 0.680s < gate 0.692s
1785613277.122,2026-08-01 13:41:17.122106,201,below_sampling_floor,rule2_orphan_pulse,31:42,42,31,radar,video,31,b,1785613276.742,1785613277.090,0.348,0.6922,0.3461,2.0,orphan candidate on detector '31' not registered: pulse 0.348s < gate 0.692s
1785613277.123,2026-08-01 13:41:17.123129,201,below_sampling_floor,rule2_orphan_pulse,31:8,31,8,video,video,31,a,1785613276.742,1785613277.090,0.348,0.6922,0.3461,2.0,orphan candidate on detector '31' not registered: pulse 0.348s < gate 0.692s
1785613288.280,2026-08-01 13:41:28.280029,201,below_sampling_floor,rule2_orphan_pulse,26:33,33,26,radar,video,33,a,1785613287.867,1785613288.228,0.362,0.6922,0.3461,2.0,orphan candidate on detector '33' not registered: pulse 0.362s < gate 0.692s
1785613289.905,2026-08-01 13:41:29.904789,201,below_sampling_floor,rule2_orphan_pulse,26:33,33,26,radar,video,33,a,1785613289.225,1785613289.893,0.668,0.6922,0.3461,2.0,orphan candidate on detector '33' not registered: pulse 0.668s < gate 0.692s
1785613294.256,2026-08-01 13:41:34.256291,201,below_sampling_floor,rule2_orphan_pulse,26:33,33,26,radar,video,33,a,1785613293.546,1785613294.234,0.687,0.6922,0.3461,2.0,orphan candidate on detector '33' not registered: pulse 0.687s < gate 0.692s
1785613295.670,2026-08-01 13:41:35.670257,201,below_sampling_floor,rule2_orphan_pulse,26:33,33,26,radar,video,33,a,1785613294.924,1785613295.603,0.678,0.6922,0.3461,2.0,orphan candidate on detector '33' not registered: pulse 0.678s < gate 0.692s
1785613306.175,2026-08-01 13:41:46.175352,201,below_sampling_floor,rule2_orphan_pulse,31:42,42,31,radar,video,31,b,1785613305.796,1785613306.116,0.32,0.6922,0.3461,2.0,orphan candidate on detector '31' not registered: pulse 0.320s < gate 0.692s
1785613306.175,2026-08-01 13:41:46.175352,201,below_sampling_floor,rule2_orphan_pulse,31:8,31,8,video,video,31,a,1785613305.796,1785613306.116,0.32,0.6922,0.3461,2.0,orphan candidate on detector '31' not registered: pulse 0.320s < gate 0.692s
1785613349.365,2026-08-01 13:42:29.364676,201,below_sampling_floor,rule2_orphan_pulse,31:42,42,31,radar,video,42,a,1785613348.658,1785613349.289,0.632,0.6804,0.3402,2.0,orphan candidate on detector '42' not registered: pulse 0.632s < gate 0.680s
1785613349.370,2026-08-01 13:42:29.369514,201,below_sampling_floor,rule2_orphan_pulse,42:8,8,42,video,radar,42,b,1785613348.658,1785613349.289,0.632,0.6804,0.3402,2.0,orphan candidate on detector '42' not registered: pulse 0.632s < gate 0.680s
1785613352.606,2026-08-01 13:42:32.606417,201,below_sampling_floor,rule2_orphan_pulse,26:33,33,26,radar,video,33,a,1785613351.892,1785613352.543,0.651,0.6804,0.3402,2.0,orphan candidate on detector '33' not registered: pulse 0.651s < gate 0.680s
1785613354.832,2026-08-01 13:42:34.831796,201,below_sampling_floor,rule2_orphan_pulse,26:33,33,26,radar,video,33,a,1785613354.156,1785613354.823,0.667,0.6804,0.3402,2.0,orphan candidate on detector '33' not registered: pulse 0.667s < gate 0.680s
1785613354.840,2026-08-01 13:42:34.839862,201,below_sampling_floor,rule2_orphan_pulse,31:8,31,8,video,video,8,b,1785613354.509,1785613354.823,0.314,0.6804,0.3402,2.0,orphan candidate on detector '8' not registered: pulse 0.314s < gate 0.680s
1785613354.841,2026-08-01 13:42:34.840871,201,below_sampling_floor,rule2_orphan_pulse,42:8,8,42,video,radar,8,a,1785613354.509,1785613354.823,0.314,0.6804,0.3402,2.0,orphan candidate on detector '8' not registered: pulse 0.314s < gate 0.680s
1785613356.572,2026-08-01 13:42:36.572275,201,below_sampling_floor,rule2_orphan_pulse,26:33,33,26,radar,video,33,a,1785613355.832,1785613356.494,0.662,0.6804,0.3402,2.0,orphan candidate on detector '33' not registered: pulse 0.662s < gate 0.680s
1785613358.189,2026-08-01 13:42:38.188806,201,below_sampling_floor,rule2_orphan_pulse,26:33,33,26,radar,video,33,a,1785613357.497,1785613358.145,0.648,0.6804,0.3402,2.0,orphan candidate on detector '33' not registered: pulse 0.648s < gate 0.680s
1785613389.738,2026-08-01 13:43:09.738400,201,below_sampling_floor,rule2_orphan_pulse,17:46,46,17,radar,video,17,b,1785613389.355,1785613389.704,0.35,0.6804,0.3402,2.0,orphan candidate on detector '17' not registered: pulse 0.350s < gate 0.680s
1785613389.741,2026-08-01 13:43:09.741268,201,below_sampling_floor,rule2_orphan_pulse,17:2,17,2,video,video,17,a,1785613389.355,1785613389.704,0.35,0.6804,0.3402,2.0,orphan candidate on detector '17' not registered: pulse 0.350s < gate 0.680s
1785613390.755,2026-08-01 13:43:10.755383,201,below_sampling_floor,rule2_orphan_pulse,24:7,24,7,video,video,7,b,1785613390.027,1785613390.669,0.643,0.6804,0.3402,2.0,orphan candidate on detector '7' not registered: pulse 0.643s < gate 0.680s
1785613390.757,2026-08-01 13:43:10.757499,201,below_sampling_floor,rule2_orphan_pulse,38:7,7,38,video,radar,7,a,1785613390.027,1785613390.669,0.643,0.6804,0.3402,2.0,orphan candidate on detector '7' not registered: pulse 0.643s < gate 0.680s
1785613393.701,2026-08-01 13:43:13.701446,201,below_sampling_floor,rule2_orphan_pulse,17:46,46,17,radar,video,17,b,1785613392.955,1785613393.629,0.673,0.6804,0.3402,2.0,orphan candidate on detector '17' not registered: pulse 0.673s < gate 0.680s
1785613393.705,2026-08-01 13:43:13.705336,201,below_sampling_floor,rule2_orphan_pulse,17:2,17,2,video,video,17,a,1785613392.955,1785613393.629,0.673,0.6804,0.3402,2.0,orphan candidate on detector '17' not registered: pulse 0.673s < gate 0.680s
1785613445.009,2026-08-01 13:44:05.008964,201,below_sampling_floor,rule2_orphan_pulse,30:41,41,30,radar,video,30,b,1785613444.674,1785613445.009,0.335,0.6564,0.3282,2.0,orphan candidate on detector '30' not registered: pulse 0.335s < gate 0.656s
1785613445.009,2026-08-01 13:44:05.008964,201,below_sampling_floor,rule2_orphan_pulse,3:30,30,3,video,video,30,a,1785613444.674,1785613445.009,0.335,0.6564,0.3282,2.0,orphan candidate on detector '30' not registered: pulse 0.335s < gate 0.656s
1785613452.892,2026-08-01 13:44:12.891960,201,below_sampling_floor,rule2_orphan_pulse,29:43,43,29,radar,video,43,a,1785613387.389,1785613387.717,0.329,0.6564,0.3282,2.0,orphan candidate on detector '43' not registered: pulse 0.329s < gate 0.656s
1785613515.881,2026-08-01 13:45:15.880870,201,below_sampling_floor,rule2_orphan_pulse,29:43,43,29,radar,video,29,b,1785613515.205,1785613515.860,0.656,0.6765,0.3382,2.0,orphan candidate on detector '29' not registered: pulse 0.656s < gate 0.676s
1785613518.930,2026-08-01 13:45:18.929583,201,below_sampling_floor,rule2_orphan_pulse,29:43,43,29,radar,video,29,b,1785613518.225,1785613518.889,0.664,0.6765,0.3382,2.0,orphan candidate on detector '29' not registered: pulse 0.664s < gate 0.676s
1785613522.563,2026-08-01 13:45:22.563074,201,below_sampling_floor,rule2_orphan_pulse,29:43,43,29,radar,video,29,b,1785613521.858,1785613522.515,0.657,0.6765,0.3382,2.0,orphan candidate on detector '29' not registered: pulse 0.657s < gate 0.676s
1785613552.711,2026-08-01 13:45:52.710903,201,below_sampling_floor,rule2_orphan_pulse,26:33,33,26,radar,video,33,a,1785613552.291,1785613552.630,0.339,0.6765,0.3382,2.0,orphan candidate on detector '33' not registered: pulse 0.339s < gate 0.676s
1785613564.354,2026-08-01 13:46:04.353629,201,below_sampling_floor,rule2_orphan_pulse,26:33,33,26,radar,video,33,a,1785613563.951,1785613564.275,0.325,0.6765,0.3382,2.0,orphan candidate on detector '33' not registered: pulse 0.325s < gate 0.676s
1785613566.381,2026-08-01 13:46:06.380666,201,below_sampling_floor,rule2_orphan_pulse,29:43,43,29,radar,video,43,a,1785613565.634,1785613566.296,0.662,0.6765,0.3382,2.0,orphan candidate on detector '43' not registered: pulse 0.662s < gate 0.676s
1785613574.661,2026-08-01 13:46:14.661186,201,below_sampling_floor,rule2_orphan_pulse,31:42,42,31,radar,video,31,b,1785613574.245,1785613574.584,0.339,0.6653,0.3326,2.0,orphan candidate on detector '31' not registered: pulse 0.339s < gate 0.665s
1785613574.671,2026-08-01 13:46:14.670853,201,below_sampling_floor,rule2_orphan_pulse,31:8,31,8,video,video,31,a,1785613574.245,1785613574.584,0.339,0.6653,0.3326,2.0,orphan candidate on detector '31' not registered: pulse 0.339s < gate 0.665s
1785613642.474,2026-08-01 13:47:22.474245,201,below_sampling_floor,rule2_orphan_pulse,29:43,43,29,radar,video,29,b,1785613642.058,1785613642.383,0.325,0.6628,0.3314,2.0,orphan candidate on detector '29' not registered: pulse 0.325s < gate 0.663s
1785613683.627,2026-08-01 13:48:03.626858,201,below_sampling_floor,rule2_orphan_pulse,26:33,33,26,radar,video,33,a,1785613683.281,1785613683.610,0.329,0.6628,0.3314,2.0,orphan candidate on detector '33' not registered: pulse 0.329s < gate 0.663s
1785613690.494,2026-08-01 13:48:10.493543,201,below_sampling_floor,rule2_orphan_pulse,26:33,33,26,radar,video,33,a,1785613690.131,1785613690.445,0.314,0.6628,0.3314,2.0,orphan candidate on detector '33' not registered: pulse 0.314s < gate 0.663s
1785613731.877,2026-08-01 13:48:51.876946,201,below_sampling_floor,rule2_orphan_pulse,29:43,43,29,radar,video,29,b,1785613731.143,1785613731.788,0.645,0.663,0.3315,2.0,orphan candidate on detector '29' not registered: pulse 0.645s < gate 0.663s
1785613736.797,2026-08-01 13:48:56.797023,201,below_sampling_floor,rule2_orphan_pulse,29:43,43,29,radar,video,29,b,1785613736.413,1785613736.735,0.322,0.663,0.3315,2.0,orphan candidate on detector '29' not registered: pulse 0.322s < gate 0.663s
1785613764.939,2026-08-01 13:49:24.938526,201,below_sampling_floor,rule2_orphan_pulse,26:33,33,26,radar,video,33,a,1785613764.230,1785613764.883,0.653,0.6568,0.3284,2.0,orphan candidate on detector '33' not registered: pulse 0.653s < gate 0.657s
1785613773.966,2026-08-01 13:49:33.966243,201,below_sampling_floor,rule2_orphan_pulse,31:42,42,31,radar,video,31,b,1785613773.314,1785613773.955,0.642,0.6568,0.3284,2.0,orphan candidate on detector '31' not registered: pulse 0.642s < gate 0.657s
1785613773.967,2026-08-01 13:49:33.967294,201,below_sampling_floor,rule2_orphan_pulse,31:8,31,8,video,video,31,a,1785613773.314,1785613773.955,0.642,0.6568,0.3284,2.0,orphan candidate on detector '31' not registered: pulse 0.642s < gate 0.657s
1785613774.978,2026-08-01 13:49:34.977815,201,below_sampling_floor,rule2_orphan_pulse,31:42,42,31,radar,video,31,b,1785613774.287,1785613774.928,0.641,0.6568,0.3284,2.0,orphan candidate on detector '31' not registered: pulse 0.641s < gate 0.657s
1785613774.978,2026-08-01 13:49:34.978098,201,below_sampling_floor,rule2_orphan_pulse,31:8,31,8,video,video,31,a,1785613774.287,1785613774.928,0.641,0.6568,0.3284,2.0,orphan candidate on detector '31' not registered: pulse 0.641s < gate 0.657s
1785613793.352,2026-08-01 13:49:53.351628,201,below_sampling_floor,rule2_orphan_pulse,26:33,33,26,radar,video,33,a,1785613792.700,1785613793.352,0.652,0.6568,0.3284,2.0,orphan candidate on detector '33' not registered: pulse 0.652s < gate 0.657s
1785613821.992,2026-08-01 13:50:21.992431,201,below_sampling_floor,rule2_orphan_pulse,17:2,17,2,video,video,2,b,1785613821.575,1785613821.894,0.319,0.6521,0.3261,2.0,orphan candidate on detector '2' not registered: pulse 0.319s < gate 0.652s
1785613821.994,2026-08-01 13:50:21.993900,201,below_sampling_floor,rule2_orphan_pulse,2:46,2,46,video,radar,2,a,1785613821.575,1785613821.894,0.319,0.6521,0.3261,2.0,orphan candidate on detector '2' not registered: pulse 0.319s < gate 0.652s
1785613822.908,2026-08-01 13:50:22.908026,201,below_sampling_floor,rule2_orphan_pulse,17:2,17,2,video,video,2,b,1785613822.540,1785613822.850,0.31,0.6521,0.3261,2.0,orphan candidate on detector '2' not registered: pulse 0.310s < gate 0.652s
1785613822.909,2026-08-01 13:50:22.909043,201,below_sampling_floor,rule2_orphan_pulse,2:46,2,46,video,radar,2,a,1785613822.540,1785613822.850,0.31,0.6521,0.3261,2.0,orphan candidate on detector '2' not registered: pulse 0.310s < gate 0.652s
1785613883.571,2026-08-01 13:51:23.571297,201,below_sampling_floor,rule2_orphan_pulse,26:33,33,26,radar,video,33,a,1785613883.202,1785613883.522,0.321,0.6503,0.3252,2.0,orphan candidate on detector '33' not registered: pulse 0.321s < gate 0.650s
1785613890.757,2026-08-01 13:51:30.756799,201,below_sampling_floor,rule2_orphan_pulse,26:33,33,26,radar,video,33,a,1785613890.345,1785613890.671,0.326,0.6503,0.3252,2.0,orphan candidate on detector '33' not registered: pulse 0.326s < gate 0.650s
1785613921.623,2026-08-01 13:52:01.622967,201,below_sampling_floor,rule2_orphan_pulse,26:33,33,26,radar,video,33,a,1785613919.937,1785613920.577,0.64,0.6503,0.3252,2.0,orphan candidate on detector '33' not registered: pulse 0.640s < gate 0.650s
1785613931.426,2026-08-01 13:52:11.426151,201,below_sampling_floor,rule2_orphan_pulse,31:42,42,31,radar,video,31,b,1785613931.009,1785613931.329,0.32,0.6503,0.3252,2.0,orphan candidate on detector '31' not registered: pulse 0.320s < gate 0.650s
1785613937.641,2026-08-01 13:52:17.641139,201,below_sampling_floor,rule2_orphan_pulse,31:8,31,8,video,video,31,a,1785613931.009,1785613931.329,0.32,0.6542,0.3271,2.0,orphan candidate on detector '31' not registered: pulse 0.320s < gate 0.654s
1785613937.946,2026-08-01 13:52:17.946482,201,below_sampling_floor,rule2_orphan_pulse,26:33,33,26,radar,video,33,a,1785613937.260,1785613937.910,0.65,0.6542,0.3271,2.0,orphan candidate on detector '33' not registered: pulse 0.650s < gate 0.654s
1785613938.557,2026-08-01 13:52:18.557029,201,below_sampling_floor,rule2_orphan_pulse,31:42,42,31,radar,video,31,b,1785613937.910,1785613938.545,0.635,0.6542,0.3271,2.0,orphan candidate on detector '31' not registered: pulse 0.635s < gate 0.654s
1785613938.558,2026-08-01 13:52:18.558498,201,below_sampling_floor,rule2_orphan_pulse,31:8,31,8,video,video,31,a,1785613937.910,1785613938.545,0.635,0.6542,0.3271,2.0,orphan candidate on detector '31' not registered: pulse 0.635s < gate 0.654s
1785613940.594,2026-08-01 13:52:20.594330,201,below_sampling_floor,rule2_orphan_pulse,26:33,33,26,radar,video,33,a,1785613940.198,1785613940.530,0.331,0.6542,0.3271,2.0,orphan candidate on detector '33' not registered: pulse 0.331s < gate 0.654s
1785613942.018,2026-08-01 13:52:22.017622,201,below_sampling_floor,rule2_orphan_pulse,30:41,41,30,radar,video,30,b,1785613941.606,1785613941.941,0.335,0.6542,0.3271,2.0,orphan candidate on detector '30' not registered: pulse 0.335s < gate 0.654s
1785613942.021,2026-08-01 13:52:22.021460,201,below_sampling_floor,rule2_orphan_pulse,3:30,30,3,video,video,30,a,1785613941.606,1785613941.941,0.335,0.6542,0.3271,2.0,orphan candidate on detector '30' not registered: pulse 0.335s < gate 0.654s
1785613942.935,2026-08-01 13:52:22.934640,201,below_sampling_floor,rule2_orphan_pulse,26:33,33,26,radar,video,33,a,1785613942.273,1785613942.919,0.646,0.6542,0.3271,2.0,orphan candidate on detector '33' not registered: pulse 0.646s < gate 0.654s
1785613962.236,2026-08-01 13:52:42.235869,201,below_sampling_floor,rule2_orphan_pulse,26:33,33,26,radar,video,33,a,1785613961.564,1785613962.206,0.642,0.6542,0.3271,2.0,orphan candidate on detector '33' not registered: pulse 0.642s < gate 0.654s
1785613969.544,2026-08-01 13:52:49.544363,201,below_sampling_floor,rule2_orphan_pulse,26:33,33,26,radar,video,33,a,1785613969.091,1785613969.446,0.354,0.6542,0.3271,2.0,orphan candidate on detector '33' not registered: pulse 0.354s < gate 0.654s
1785614045.230,2026-08-01 13:54:05.229818,201,below_sampling_floor,rule2_orphan_pulse,26:33,33,26,radar,video,33,a,1785614044.842,1785614045.202,0.361,0.6536,0.3268,2.0,orphan candidate on detector '33' not registered: pulse 0.361s < gate 0.654s
1785614054.457,2026-08-01 13:54:14.457325,201,below_sampling_floor,rule2_orphan_pulse,26:33,33,26,radar,video,33,a,1785614054.075,1785614054.396,0.321,0.6941,0.347,2.0,orphan candidate on detector '33' not registered: pulse 0.321s < gate 0.694s
1785614057.796,2026-08-01 13:54:17.795598,201,below_sampling_floor,rule2_orphan_pulse,26:33,33,26,radar,video,33,a,1785614057.392,1785614057.735,0.343,0.6941,0.347,2.0,orphan candidate on detector '33' not registered: pulse 0.343s < gate 0.694s
1785614063.048,2026-08-01 13:54:23.047897,201,below_sampling_floor,rule2_orphan_pulse,26:33,33,26,radar,video,33,a,1785614062.342,1785614062.989,0.647,0.6941,0.347,2.0,orphan candidate on detector '33' not registered: pulse 0.647s < gate 0.694s
1785614063.354,2026-08-01 13:54:23.353743,201,below_sampling_floor,rule2_orphan_pulse,30:41,41,30,radar,video,30,b,1785614062.670,1785614063.333,0.663,0.6941,0.347,2.0,orphan candidate on detector '30' not registered: pulse 0.663s < gate 0.694s
1785614063.358,2026-08-01 13:54:23.358361,201,below_sampling_floor,rule2_orphan_pulse,3:30,30,3,video,video,30,a,1785614062.670,1785614063.333,0.663,0.6941,0.347,2.0,orphan candidate on detector '30' not registered: pulse 0.663s < gate 0.694s
1785614067.301,2026-08-01 13:54:27.300621,201,below_sampling_floor,rule2_orphan_pulse,26:33,33,26,radar,video,33,a,1785614066.965,1785614067.295,0.33,0.6941,0.347,2.0,orphan candidate on detector '33' not registered: pulse 0.330s < gate 0.694s
1785614073.816,2026-08-01 13:54:33.816178,201,below_sampling_floor,rule2_orphan_pulse,26:33,33,26,radar,video,33,a,1785614073.056,1785614073.723,0.667,0.6941,0.347,2.0,orphan candidate on detector '33' not registered: pulse 0.667s < gate 0.694s
1785614078.764,2026-08-01 13:54:38.763819,201,below_sampling_floor,rule2_orphan_pulse,17:2,17,2,video,video,2,b,1785614078.032,1785614078.679,0.647,0.6941,0.347,2.0,orphan candidate on detector '2' not registered: pulse 0.647s < gate 0.694s
1785614078.765,2026-08-01 13:54:38.764908,201,below_sampling_floor,rule2_orphan_pulse,2:46,2,46,video,radar,2,a,1785614078.032,1785614078.679,0.647,0.6941,0.347,2.0,orphan candidate on detector '2' not registered: pulse 0.647s < gate 0.694s
1785614081.090,2026-08-01 13:54:41.089871,201,below_sampling_floor,rule2_orphan_pulse,17:46,46,17,radar,video,46,a,1785614080.346,1785614081.002,0.656,0.6941,0.347,2.0,orphan candidate on detector '46' not registered: pulse 0.656s < gate 0.694s
1785614081.095,2026-08-01 13:54:41.094591,201,below_sampling_floor,rule2_orphan_pulse,2:46,2,46,video,radar,46,b,1785614080.346,1785614081.002,0.656,0.6941,0.347,2.0,orphan candidate on detector '46' not registered: pulse 0.656s < gate 0.694s
1785614097.796,2026-08-01 13:54:57.796285,201,below_sampling_floor,rule2_orphan_pulse,26:33,33,26,radar,video,33,a,1785614097.082,1785614097.730,0.648,0.6941,0.347,2.0,orphan candidate on detector '33' not registered: pulse 0.648s < gate 0.694s
1785614100.027,2026-08-01 13:55:00.027415,201,below_sampling_floor,rule2_orphan_pulse,26:33,33,26,radar,video,33,a,1785614099.342,1785614099.989,0.647,0.6941,0.347,2.0,orphan candidate on detector '33' not registered: pulse 0.647s < gate 0.694s
1785614101.652,2026-08-01 13:55:01.651785,201,below_sampling_floor,rule2_orphan_pulse,26:33,33,26,radar,video,33,a,1785614100.970,1785614101.598,0.628,0.6941,0.347,2.0,orphan candidate on detector '33' not registered: pulse 0.628s < gate 0.694s
1785614105.504,2026-08-01 13:55:05.503672,201,below_sampling_floor,rule2_orphan_pulse,26:33,33,26,radar,video,33,a,1785614105.135,1785614105.445,0.31,0.6941,0.347,2.0,orphan candidate on detector '33' not registered: pulse 0.310s < gate 0.694s
1785614140.079,2026-08-01 13:55:40.078900,201,below_sampling_floor,rule2_orphan_pulse,17:2,17,2,video,video,2,b,1785614139.683,1785614140.007,0.324,0.6478,0.3239,2.0,orphan candidate on detector '2' not registered: pulse 0.324s < gate 0.648s
1785614140.079,2026-08-01 13:55:40.078900,201,below_sampling_floor,rule2_orphan_pulse,2:46,2,46,video,radar,2,a,1785614139.683,1785614140.007,0.324,0.6478,0.3239,2.0,orphan candidate on detector '2' not registered: pulse 0.324s < gate 0.648s
1785614186.138,2026-08-01 13:56:26.138360,201,below_sampling_floor,rule2_orphan_pulse,31:8,31,8,video,video,8,b,1785614185.780,1785614186.103,0.323,0.6518,0.3259,2.0,orphan candidate on detector '8' not registered: pulse 0.323s < gate 0.652s
1785614209.887,2026-08-01 13:56:49.886736,201,below_sampling_floor,rule2_orphan_pulse,31:42,42,31,radar,video,42,a,1785614209.544,1785614209.870,0.327,0.6518,0.3259,2.0,orphan candidate on detector '42' not registered: pulse 0.327s < gate 0.652s
1785614209.891,2026-08-01 13:56:49.890851,201,below_sampling_floor,rule2_orphan_pulse,42:8,8,42,video,radar,42,b,1785614209.544,1785614209.870,0.327,0.6518,0.3259,2.0,orphan candidate on detector '42' not registered: pulse 0.327s < gate 0.652s
1785614247.562,2026-08-01 13:57:27.561885,201,below_sampling_floor,rule2_orphan_pulse,17:2,17,2,video,video,2,b,1785614246.849,1785614247.500,0.65,0.6818,0.3409,2.0,orphan candidate on detector '2' not registered: pulse 0.650s < gate 0.682s
1785614247.565,2026-08-01 13:57:27.564991,201,below_sampling_floor,rule2_orphan_pulse,2:46,2,46,video,radar,2,a,1785614246.849,1785614247.500,0.65,0.6818,0.3409,2.0,orphan candidate on detector '2' not registered: pulse 0.650s < gate 0.682s
1785614269.159,2026-08-01 13:57:49.158945,201,below_sampling_floor,rule2_orphan_pulse,3:30,30,3,video,video,3,b,1785614268.407,1785614269.081,0.674,0.6818,0.3409,2.0,orphan candidate on detector '3' not registered: pulse 0.674s < gate 0.682s
1785614269.161,2026-08-01 13:57:49.160957,201,below_sampling_floor,rule2_orphan_pulse,3:41,3,41,video,radar,3,a,1785614268.407,1785614269.081,0.674,0.6818,0.3409,2.0,orphan candidate on detector '3' not registered: pulse 0.674s < gate 0.682s
1785614277.755,2026-08-01 13:57:57.755003,201,below_sampling_floor,rule2_orphan_pulse,31:42,42,31,radar,video,42,a,1785614277.089,1785614277.716,0.627,0.6818,0.3409,2.0,orphan candidate on detector '42' not registered: pulse 0.627s < gate 0.682s
1785614277.759,2026-08-01 13:57:57.758649,201,below_sampling_floor,rule2_orphan_pulse,42:8,8,42,video,radar,42,b,1785614277.089,1785614277.716,0.627,0.6818,0.3409,2.0,orphan candidate on detector '42' not registered: pulse 0.627s < gate 0.682s
1785614314.681,2026-08-01 13:58:34.680509,201,below_sampling_floor,rule2_orphan_pulse,31:42,42,31,radar,video,42,a,1785614314.317,1785614314.673,0.356,0.651,0.3255,2.0,orphan candidate on detector '42' not registered: pulse 0.356s < gate 0.651s
1785614314.685,2026-08-01 13:58:34.684635,201,below_sampling_floor,rule2_orphan_pulse,42:8,8,42,video,radar,42,b,1785614314.317,1785614314.673,0.356,0.651,0.3255,2.0,orphan candidate on detector '42' not registered: pulse 0.356s < gate 0.651s
1785614315.401,2026-08-01 13:58:35.401285,201,below_sampling_floor,rule2_orphan_pulse,31:42,42,31,radar,video,31,b,1785614314.673,1785614315.314,0.641,0.651,0.3255,2.0,orphan candidate on detector '31' not registered: pulse 0.641s < gate 0.651s
1785614315.404,2026-08-01 13:58:35.404154,201,below_sampling_floor,rule2_orphan_pulse,31:8,31,8,video,video,31,a,1785614314.673,1785614315.314,0.641,0.651,0.3255,2.0,orphan candidate on detector '31' not registered: pulse 0.641s < gate 0.651s
1785614345.215,2026-08-01 13:59:05.214545,201,below_sampling_floor,rule2_orphan_pulse,26:33,33,26,radar,video,33,a,1785614344.814,1785614345.133,0.319,0.651,0.3255,2.0,orphan candidate on detector '33' not registered: pulse 0.319s < gate 0.651s
1785614370.911,2026-08-01 13:59:30.910703,201,below_sampling_floor,rule2_orphan_pulse,29:43,43,29,radar,video,43,a,1785614370.509,1785614370.839,0.33,0.6621,0.331,2.0,orphan candidate on detector '43' not registered: pulse 0.330s < gate 0.662s
1785614431.040,2026-08-01 14:00:31.040254,201,below_sampling_floor,rule2_orphan_pulse,29:43,43,29,radar,video,29,b,1785614430.657,1785614431.006,0.35,0.6582,0.3291,2.0,orphan candidate on detector '29' not registered: pulse 0.350s < gate 0.658s
1785614435.201,2026-08-01 14:00:35.200693,201,below_sampling_floor,rule2_orphan_pulse,29:43,43,29,radar,video,29,b,1785614434.816,1785614435.153,0.337,0.6582,0.3291,2.0,orphan candidate on detector '29' not registered: pulse 0.337s < gate 0.658s
1785614435.202,2026-08-01 14:00:35.201704,201,below_sampling_floor,rule2_orphan_pulse,31:42,42,31,radar,video,31,b,1785614434.816,1785614435.153,0.337,0.6582,0.3291,2.0,orphan candidate on detector '31' not registered: pulse 0.337s < gate 0.658s
1785614435.202,2026-08-01 14:00:35.201704,201,below_sampling_floor,rule2_orphan_pulse,31:8,31,8,video,video,31,a,1785614434.816,1785614435.153,0.337,0.6582,0.3291,2.0,orphan candidate on detector '31' not registered: pulse 0.337s < gate 0.658s
1785614446.582,2026-08-01 14:00:46.582257,201,below_sampling_floor,rule2_orphan_pulse,17:46,46,17,radar,video,46,a,1785614445.864,1785614446.522,0.657,0.6582,0.3291,2.0,orphan candidate on detector '46' not registered: pulse 0.657s < gate 0.658s
1785614446.590,2026-08-01 14:00:46.589724,201,below_sampling_floor,rule2_orphan_pulse,2:46,2,46,video,radar,46,b,1785614445.864,1785614446.522,0.657,0.6582,0.3291,2.0,orphan candidate on detector '46' not registered: pulse 0.657s < gate 0.658s
1785614447.913,2026-08-01 14:00:47.913198,201,below_sampling_floor,rule2_orphan_pulse,17:2,17,2,video,video,2,b,1785614447.507,1785614447.849,0.341,0.6582,0.3291,2.0,orphan candidate on detector '2' not registered: pulse 0.341s < gate 0.658s
1785614447.914,2026-08-01 14:00:47.914197,201,below_sampling_floor,rule2_orphan_pulse,2:46,2,46,video,radar,2,a,1785614447.507,1785614447.849,0.341,0.6582,0.3291,2.0,orphan candidate on detector '2' not registered: pulse 0.341s < gate 0.658s
1785614586.945,2026-08-01 14:03:06.944791,201,below_sampling_floor,rule2_orphan_pulse,26:33,33,26,radar,video,33,a,1785614586.193,1785614586.844,0.651,0.6717,0.3359,2.0,orphan candidate on detector '33' not registered: pulse 0.651s < gate 0.672s
1785614588.893,2026-08-01 14:03:08.892529,201,below_sampling_floor,rule2_orphan_pulse,29:43,43,29,radar,video,43,a,1785614588.182,1785614588.840,0.658,0.6717,0.3359,2.0,orphan candidate on detector '43' not registered: pulse 0.658s < gate 0.672s
1785614601.282,2026-08-01 14:03:21.282103,201,below_sampling_floor,rule2_orphan_pulse,26:33,33,26,radar,video,33,a,1785614600.620,1785614601.260,0.64,0.6568,0.3284,2.0,orphan candidate on detector '33' not registered: pulse 0.640s < gate 0.657s
1785614659.446,2026-08-01 14:04:19.446411,201,below_sampling_floor,rule2_orphan_pulse,29:43,43,29,radar,video,29,b,1785614659.110,1785614659.425,0.315,0.6562,0.3281,2.0,orphan candidate on detector '29' not registered: pulse 0.315s < gate 0.656s
1785614660.459,2026-08-01 14:04:20.459330,201,below_sampling_floor,rule2_orphan_pulse,29:43,43,29,radar,video,29,b,1785614660.092,1785614660.424,0.332,0.6562,0.3281,2.0,orphan candidate on detector '29' not registered: pulse 0.332s < gate 0.656s
1785614693.191,2026-08-01 14:04:53.190753,201,below_sampling_floor,rule2_orphan_pulse,26:33,33,26,radar,video,26,b,1785614692.784,1785614693.131,0.347,0.6562,0.3281,2.0,orphan candidate on detector '26' not registered: pulse 0.347s < gate 0.656s
1785614698.965,2026-08-01 14:04:58.964543,201,below_sampling_floor,rule2_orphan_pulse,17:2,17,2,video,video,2,b,1785614698.632,1785614698.961,0.329,0.6562,0.3281,2.0,orphan candidate on detector '2' not registered: pulse 0.329s < gate 0.656s
1785614698.969,2026-08-01 14:04:58.968663,201,below_sampling_floor,rule2_orphan_pulse,2:46,2,46,video,radar,2,a,1785614698.632,1785614698.961,0.329,0.6562,0.3281,2.0,orphan candidate on detector '2' not registered: pulse 0.329s < gate 0.656s
1785614700.796,2026-08-01 14:05:00.796399,201,below_sampling_floor,rule2_orphan_pulse,26:33,33,26,radar,video,33,a,1785614700.399,1785614700.753,0.354,0.6562,0.3281,2.0,orphan candidate on detector '33' not registered: pulse 0.354s < gate 0.656s
1785614703.925,2026-08-01 14:05:03.925495,201,below_sampling_floor,rule2_orphan_pulse,26:33,33,26,radar,video,33,a,1785614703.542,1785614703.893,0.351,0.6562,0.3281,2.0,orphan candidate on detector '33' not registered: pulse 0.351s < gate 0.656s
1785614719.725,2026-08-01 14:05:19.725023,201,below_sampling_floor,rule2_orphan_pulse,31:42,42,31,radar,video,42,a,1785614719.036,1785614719.707,0.671,0.6921,0.3461,2.0,orphan candidate on detector '42' not registered: pulse 0.671s < gate 0.692s
1785614724.977,2026-08-01 14:05:24.976703,201,below_sampling_floor,rule2_orphan_pulse,31:42,42,31,radar,video,42,a,1785614724.221,1785614724.892,0.671,0.6921,0.3461,2.0,orphan candidate on detector '42' not registered: pulse 0.671s < gate 0.692s
1785614726.603,2026-08-01 14:05:26.602921,201,below_sampling_floor,rule2_orphan_pulse,26:33,33,26,radar,video,33,a,1785614725.887,1785614726.553,0.665,0.6921,0.3461,2.0,orphan candidate on detector '33' not registered: pulse 0.665s < gate 0.692s
1785614727.923,2026-08-01 14:05:27.922811,201,below_sampling_floor,rule2_orphan_pulse,26:33,33,26,radar,video,33,a,1785614727.213,1785614727.894,0.681,0.6921,0.3461,2.0,orphan candidate on detector '33' not registered: pulse 0.681s < gate 0.692s
1785614731.971,2026-08-01 14:05:31.970685,201,below_sampling_floor,rule2_orphan_pulse,26:33,33,26,radar,video,33,a,1785614731.626,1785614731.958,0.332,0.6921,0.3461,2.0,orphan candidate on detector '33' not registered: pulse 0.332s < gate 0.692s
1785614733.689,2026-08-01 14:05:33.688564,201,below_sampling_floor,rule2_orphan_pulse,42:8,8,42,video,radar,42,b,1785614724.221,1785614724.892,0.671,0.6921,0.3461,2.0,orphan candidate on detector '42' not registered: pulse 0.671s < gate 0.692s
1785614737.838,2026-08-01 14:05:37.838340,201,below_sampling_floor,rule2_orphan_pulse,17:2,17,2,video,video,2,b,1785614737.429,1785614737.764,0.335,0.6921,0.3461,2.0,orphan candidate on detector '2' not registered: pulse 0.335s < gate 0.692s
1785614737.842,2026-08-01 14:05:37.841914,201,below_sampling_floor,rule2_orphan_pulse,2:46,2,46,video,radar,2,a,1785614737.429,1785614737.764,0.335,0.6921,0.3461,2.0,orphan candidate on detector '2' not registered: pulse 0.335s < gate 0.692s
1785614738.552,2026-08-01 14:05:38.551996,201,below_sampling_floor,rule2_orphan_pulse,26:33,33,26,radar,video,33,a,1785614738.110,1785614738.455,0.345,0.6921,0.3461,2.0,orphan candidate on detector '33' not registered: pulse 0.345s < gate 0.692s
1785614743.013,2026-08-01 14:05:43.013127,201,below_sampling_floor,rule2_orphan_pulse,26:33,33,26,radar,video,33,a,1785614742.290,1785614742.958,0.668,0.6921,0.3461,2.0,orphan candidate on detector '33' not registered: pulse 0.668s < gate 0.692s
1785614754.539,2026-08-01 14:05:54.539369,201,below_sampling_floor,rule2_orphan_pulse,26:33,33,26,radar,video,33,a,1785614753.791,1785614754.463,0.672,0.6921,0.3461,2.0,orphan candidate on detector '33' not registered: pulse 0.672s < gate 0.692s
1785614755.853,2026-08-01 14:05:55.853319,201,below_sampling_floor,rule2_orphan_pulse,26:33,33,26,radar,video,33,a,1785614755.454,1785614755.794,0.34,0.6921,0.3461,2.0,orphan candidate on detector '33' not registered: pulse 0.340s < gate 0.692s
1785614758.181,2026-08-01 14:05:58.181334,201,below_sampling_floor,rule2_orphan_pulse,26:33,33,26,radar,video,33,a,1785614757.772,1785614758.103,0.331,0.6921,0.3461,2.0,orphan candidate on detector '33' not registered: pulse 0.331s < gate 0.692s
1785614763.130,2026-08-01 14:06:03.130390,201,below_sampling_floor,rule2_orphan_pulse,26:33,33,26,radar,video,33,a,1785614762.716,1785614763.033,0.318,0.6921,0.3461,2.0,orphan candidate on detector '33' not registered: pulse 0.318s < gate 0.692s
1785614772.250,2026-08-01 14:06:12.249783,201,below_sampling_floor,rule2_orphan_pulse,26:33,33,26,radar,video,33,a,1785614771.489,1785614772.163,0.674,0.6921,0.3461,2.0,orphan candidate on detector '33' not registered: pulse 0.674s < gate 0.692s
1785614896.775,2026-08-01 14:08:16.774838,201,below_sampling_floor,rule2_orphan_pulse,31:42,42,31,radar,video,31,b,1785614896.074,1785614896.722,0.648,0.66,0.33,2.0,orphan candidate on detector '31' not registered: pulse 0.648s < gate 0.660s
1785614896.785,2026-08-01 14:08:16.785366,201,below_sampling_floor,rule2_orphan_pulse,31:8,31,8,video,video,31,a,1785614896.074,1785614896.722,0.648,0.66,0.33,2.0,orphan candidate on detector '31' not registered: pulse 0.648s < gate 0.660s
1785614922.874,2026-08-01 14:08:42.874006,201,below_sampling_floor,rule2_orphan_pulse,29:43,43,29,radar,video,29,b,1785614922.452,1785614922.787,0.336,0.66,0.33,2.0,orphan candidate on detector '29' not registered: pulse 0.336s < gate 0.660s
1785615000.968,2026-08-01 14:10:00.968024,201,below_sampling_floor,rule2_orphan_pulse,31:42,42,31,radar,video,42,a,1785615000.587,1785615000.915,0.328,0.6631,0.3316,2.0,orphan candidate on detector '42' not registered: pulse 0.328s < gate 0.663s
1785615000.970,2026-08-01 14:10:00.970046,201,below_sampling_floor,rule2_orphan_pulse,42:8,8,42,video,radar,42,b,1785615000.587,1785615000.915,0.328,0.6631,0.3316,2.0,orphan candidate on detector '42' not registered: pulse 0.328s < gate 0.663s
1785615005.218,2026-08-01 14:10:05.218068,201,below_sampling_floor,rule2_orphan_pulse,29:43,43,29,radar,video,29,b,1785615004.843,1785615005.175,0.332,0.6631,0.3316,2.0,orphan candidate on detector '29' not registered: pulse 0.332s < gate 0.663s
1785615055.817,2026-08-01 14:10:55.817010,201,below_sampling_floor,rule2_orphan_pulse,26:33,33,26,radar,video,33,a,1785615055.397,1785615055.715,0.318,0.668,0.334,2.0,orphan candidate on detector '33' not registered: pulse 0.318s < gate 0.668s
1785615082.474,2026-08-01 14:11:22.473751,201,below_sampling_floor,rule2_orphan_pulse,26:33,33,26,radar,video,33,a,1785615081.802,1785615082.449,0.646,0.6789,0.3395,2.0,orphan candidate on detector '33' not registered: pulse 0.646s < gate 0.679s
1785615084.192,2026-08-01 14:11:24.192358,201,below_sampling_floor,rule2_orphan_pulse,26:33,33,26,radar,video,33,a,1785615083.775,1785615084.111,0.336,0.6789,0.3395,2.0,orphan candidate on detector '33' not registered: pulse 0.336s < gate 0.679s
1785615085.817,2026-08-01 14:11:25.816664,201,below_sampling_floor,rule2_orphan_pulse,26:33,33,26,radar,video,33,a,1785615085.419,1785615085.752,0.333,0.6789,0.3395,2.0,orphan candidate on detector '33' not registered: pulse 0.333s < gate 0.679s
1785615087.838,2026-08-01 14:11:27.838454,201,below_sampling_floor,rule2_orphan_pulse,26:33,33,26,radar,video,33,a,1785615087.095,1785615087.748,0.654,0.6789,0.3395,2.0,orphan candidate on detector '33' not registered: pulse 0.654s < gate 0.679s
1785615091.382,2026-08-01 14:11:31.382249,201,below_sampling_floor,rule2_orphan_pulse,26:33,33,26,radar,video,33,a,1785615090.979,1785615091.313,0.334,0.6789,0.3395,2.0,orphan candidate on detector '33' not registered: pulse 0.334s < gate 0.679s
1785615095.323,2026-08-01 14:11:35.323175,201,below_sampling_floor,rule2_orphan_pulse,26:33,33,26,radar,video,33,a,1785615094.909,1785615095.232,0.324,0.6789,0.3395,2.0,orphan candidate on detector '33' not registered: pulse 0.324s < gate 0.679s
1785615097.548,2026-08-01 14:11:37.547925,201,below_sampling_floor,rule2_orphan_pulse,26:33,33,26,radar,video,33,a,1785615097.176,1785615097.502,0.326,0.6789,0.3395,2.0,orphan candidate on detector '33' not registered: pulse 0.326s < gate 0.679s
1785615098.860,2026-08-01 14:11:38.860300,201,below_sampling_floor,rule2_orphan_pulse,26:33,33,26,radar,video,33,a,1785615098.147,1785615098.796,0.649,0.6789,0.3395,2.0,orphan candidate on detector '33' not registered: pulse 0.649s < gate 0.679s
1785615100.182,2026-08-01 14:11:40.181605,201,below_sampling_floor,rule2_orphan_pulse,17:46,46,17,radar,video,46,a,1785615099.444,1785615100.103,0.659,0.6789,0.3395,2.0,orphan candidate on detector '46' not registered: pulse 0.659s < gate 0.679s
1785615100.182,2026-08-01 14:11:40.181605,201,below_sampling_floor,rule2_orphan_pulse,2:46,2,46,video,radar,46,b,1785615099.444,1785615100.103,0.659,0.6789,0.3395,2.0,orphan candidate on detector '46' not registered: pulse 0.659s < gate 0.679s
1785615101.494,2026-08-01 14:11:41.494071,201,below_sampling_floor,rule2_orphan_pulse,26:33,33,26,radar,video,33,a,1785615100.745,1785615101.407,0.662,0.6789,0.3395,2.0,orphan candidate on detector '33' not registered: pulse 0.662s < gate 0.679s
1785615104.018,2026-08-01 14:11:44.017631,201,below_sampling_floor,rule2_orphan_pulse,17:2,17,2,video,video,2,b,1785615103.594,1785615103.951,0.358,0.6789,0.3395,2.0,orphan candidate on detector '2' not registered: pulse 0.358s < gate 0.679s
1785615104.032,2026-08-01 14:11:44.032459,201,below_sampling_floor,rule2_orphan_pulse,2:46,2,46,video,radar,2,a,1785615103.594,1785615103.951,0.358,0.6789,0.3395,2.0,orphan candidate on detector '2' not registered: pulse 0.358s < gate 0.679s
1785615133.364,2026-08-01 14:12:13.364191,201,below_sampling_floor,rule2_orphan_pulse,29:43,43,29,radar,video,29,b,1785615132.977,1785615133.297,0.319,0.6789,0.3395,2.0,orphan candidate on detector '29' not registered: pulse 0.319s < gate 0.679s
1785615244.677,2026-08-01 14:14:04.677006,201,below_sampling_floor,rule2_orphan_pulse,26:33,33,26,radar,video,33,a,1785615242.984,1785615243.312,0.328,0.6536,0.3268,2.0,orphan candidate on detector '33' not registered: pulse 0.328s < gate 0.654s
1785615248.337,2026-08-01 14:14:08.337494,201,below_sampling_floor,rule2_orphan_pulse,31:42,42,31,radar,video,31,b,1785615247.988,1785615248.321,0.334,0.6536,0.3268,2.0,orphan candidate on detector '31' not registered: pulse 0.334s < gate 0.654s
1785615271.806,2026-08-01 14:14:31.806157,201,below_sampling_floor,rule2_orphan_pulse,31:42,42,31,radar,video,31,b,1785615271.462,1785615271.782,0.32,0.675,0.3375,2.0,orphan candidate on detector '31' not registered: pulse 0.320s < gate 0.675s
1785615274.746,2026-08-01 14:14:34.746493,201,below_sampling_floor,rule2_orphan_pulse,31:42,42,31,radar,video,31,b,1785615274.086,1785615274.723,0.637,0.675,0.3375,2.0,orphan candidate on detector '31' not registered: pulse 0.637s < gate 0.675s
1785615276.362,2026-08-01 14:14:36.362092,201,below_sampling_floor,rule2_orphan_pulse,31:8,31,8,video,video,31,a,1785615274.086,1785615274.723,0.637,0.675,0.3375,2.0,orphan candidate on detector '31' not registered: pulse 0.637s < gate 0.675s
1785615276.769,2026-08-01 14:14:36.769167,201,below_sampling_floor,rule2_orphan_pulse,17:2,17,2,video,video,2,b,1785615276.040,1785615276.693,0.653,0.675,0.3375,2.0,orphan candidate on detector '2' not registered: pulse 0.653s < gate 0.675s
1785615309.343,2026-08-01 14:15:09.343263,201,below_sampling_floor,rule2_orphan_pulse,26:33,33,26,radar,video,33,a,1785615306.551,1785615306.889,0.338,0.675,0.3375,2.0,orphan candidate on detector '33' not registered: pulse 0.338s < gate 0.675s
1785615321.796,2026-08-01 14:15:21.796187,201,below_sampling_floor,rule2_orphan_pulse,29:43,43,29,radar,video,43,a,1785615321.375,1785615321.702,0.327,0.8093,0.4046,2.0,orphan candidate on detector '43' not registered: pulse 0.327s < gate 0.809s
1785615325.029,2026-08-01 14:15:25.029297,201,below_sampling_floor,rule2_orphan_pulse,31:42,42,31,radar,video,31,b,1785615324.696,1785615325.024,0.328,0.8093,0.4046,2.0,orphan candidate on detector '31' not registered: pulse 0.328s < gate 0.809s
1785615325.029,2026-08-01 14:15:25.029297,201,below_sampling_floor,rule2_orphan_pulse,31:8,31,8,video,video,31,a,1785615324.696,1785615325.024,0.328,0.8093,0.4046,2.0,orphan candidate on detector '31' not registered: pulse 0.328s < gate 0.809s
1785615446.309,2026-08-01 14:17:26.309250,201,below_sampling_floor,rule2_orphan_pulse,17:2,17,2,video,video,2,b,1785615445.971,1785615446.289,0.318,0.6704,0.3352,2.0,orphan candidate on detector '2' not registered: pulse 0.318s < gate 0.670s
1785615446.309,2026-08-01 14:17:26.309250,201,below_sampling_floor,rule2_orphan_pulse,2:46,2,46,video,radar,2,a,1785615445.971,1785615446.289,0.318,0.6704,0.3352,2.0,orphan candidate on detector '2' not registered: pulse 0.318s < gate 0.670s
1785615488.585,2026-08-01 14:18:08.584880,201,below_sampling_floor,rule2_orphan_pulse,26:33,33,26,radar,video,33,a,1785615488.156,1785615488.493,0.337,0.6704,0.3352,2.0,orphan candidate on detector '33' not registered: pulse 0.337s < gate 0.670s
1785615491.725,2026-08-01 14:18:11.725436,201,below_sampling_floor,rule2_orphan_pulse,26:33,33,26,radar,video,33,a,1785615491.256,1785615491.646,0.39,0.6704,0.3352,2.0,orphan candidate on detector '33' not registered: pulse 0.390s < gate 0.670s
1785615513.985,2026-08-01 14:18:33.984505,201,below_sampling_floor,rule2_orphan_pulse,22:4,22,4,video,video,4,b,1785615513.632,1785615513.954,0.322,0.6697,0.3348,2.0,orphan candidate on detector '4' not registered: pulse 0.322s < gate 0.670s
1785615513.985,2026-08-01 14:18:33.984505,201,below_sampling_floor,rule2_orphan_pulse,39:4,4,39,video,radar,4,a,1785615513.632,1785615513.954,0.322,0.6697,0.3348,2.0,orphan candidate on detector '4' not registered: pulse 0.322s < gate 0.670s
1785615535.403,2026-08-01 14:18:55.403182,201,below_sampling_floor,rule2_orphan_pulse,31:42,42,31,radar,video,42,a,1785615535.019,1785615535.364,0.345,0.6697,0.3348,2.0,orphan candidate on detector '42' not registered: pulse 0.345s < gate 0.670s
1785615535.404,2026-08-01 14:18:55.404203,201,below_sampling_floor,rule2_orphan_pulse,42:8,8,42,video,radar,42,b,1785615535.019,1785615535.364,0.345,0.6697,0.3348,2.0,orphan candidate on detector '42' not registered: pulse 0.345s < gate 0.670s
1785615554.749,2026-08-01 14:19:14.749480,201,below_sampling_floor,rule2_orphan_pulse,24:38,38,24,radar,video,24,b,1785615554.091,1785615554.749,0.658,0.6599,0.33,2.0,orphan candidate on detector '24' not registered: pulse 0.658s < gate 0.660s
1785615554.753,2026-08-01 14:19:14.752598,201,below_sampling_floor,rule2_orphan_pulse,24:7,24,7,video,video,24,a,1785615554.091,1785615554.749,0.658,0.6599,0.33,2.0,orphan candidate on detector '24' not registered: pulse 0.658s < gate 0.660s
1785615554.753,2026-08-01 14:19:14.752598,201,below_sampling_floor,rule2_orphan_pulse,24:7,24,7,video,video,7,b,1785615554.418,1785615554.749,0.332,0.6599,0.33,2.0,orphan candidate on detector '7' not registered: pulse 0.332s < gate 0.660s
1785615554.758,2026-08-01 14:19:14.758459,201,below_sampling_floor,rule2_orphan_pulse,38:7,7,38,video,radar,7,a,1785615554.418,1785615554.749,0.332,0.6599,0.33,2.0,orphan candidate on detector '7' not registered: pulse 0.332s < gate 0.660s
1785615555.778,2026-08-01 14:19:15.778030,201,below_sampling_floor,rule2_orphan_pulse,26:33,33,26,radar,video,33,a,1785615555.067,1785615555.712,0.645,0.6599,0.33,2.0,orphan candidate on detector '33' not registered: pulse 0.645s < gate 0.660s
1785615569.332,2026-08-01 14:19:29.332029,201,below_sampling_floor,rule2_orphan_pulse,24:7,24,7,video,video,7,b,1785615568.610,1785615569.266,0.656,0.6599,0.33,2.0,orphan candidate on detector '7' not registered: pulse 0.656s < gate 0.660s
1785615569.333,2026-08-01 14:19:29.332707,201,below_sampling_floor,rule2_orphan_pulse,38:7,7,38,video,radar,7,a,1785615568.610,1785615569.266,0.656,0.6599,0.33,2.0,orphan candidate on detector '7' not registered: pulse 0.656s < gate 0.660s
1785615580.099,2026-08-01 14:19:40.099256,201,below_sampling_floor,rule2_orphan_pulse,26:33,33,26,radar,video,33,a,1785615579.690,1785615580.017,0.326,0.6599,0.33,2.0,orphan candidate on detector '33' not registered: pulse 0.326s < gate 0.660s
1785615618.910,2026-08-01 14:20:18.910132,201,below_sampling_floor,rule2_orphan_pulse,17:2,17,2,video,video,2,b,1785615618.241,1785615618.875,0.633,0.647,0.3235,2.0,orphan candidate on detector '2' not registered: pulse 0.633s < gate 0.647s
1785615618.913,2026-08-01 14:20:18.913114,201,below_sampling_floor,rule2_orphan_pulse,2:46,2,46,video,radar,2,a,1785615618.241,1785615618.875,0.633,0.647,0.3235,2.0,orphan candidate on detector '2' not registered: pulse 0.633s < gate 0.647s
1785615627.321,2026-08-01 14:20:27.320641,201,below_sampling_floor,rule2_orphan_pulse,26:33,33,26,radar,video,33,a,1785615626.628,1785615627.264,0.636,0.647,0.3235,2.0,orphan candidate on detector '33' not registered: pulse 0.636s < gate 0.647s
1785615628.637,2026-08-01 14:20:28.637038,201,below_sampling_floor,rule2_orphan_pulse,17:46,46,17,radar,video,46,a,1785615627.914,1785615628.561,0.647,0.647,0.3235,2.0,orphan candidate on detector '46' not registered: pulse 0.647s < gate 0.647s
1785615628.641,2026-08-01 14:20:28.641130,201,below_sampling_floor,rule2_orphan_pulse,2:46,2,46,video,radar,46,b,1785615627.914,1785615628.561,0.647,0.647,0.3235,2.0,orphan candidate on detector '46' not registered: pulse 0.647s < gate 0.647s
1785615633.530,2026-08-01 14:20:33.530449,201,below_sampling_floor,rule2_orphan_pulse,17:46,46,17,radar,video,46,a,1785615632.861,1785615633.505,0.644,0.647,0.3235,2.0,orphan candidate on detector '46' not registered: pulse 0.644s < gate 0.647s
1785615633.533,2026-08-01 14:20:33.532990,201,below_sampling_floor,rule2_orphan_pulse,2:46,2,46,video,radar,46,b,1785615632.861,1785615633.505,0.644,0.647,0.3235,2.0,orphan candidate on detector '46' not registered: pulse 0.644s < gate 0.647s
1785615638.348,2026-08-01 14:20:38.348191,201,below_sampling_floor,rule2_orphan_pulse,17:46,46,17,radar,video,46,a,1785615637.710,1785615638.348,0.638,0.647,0.3235,2.0,orphan candidate on detector '46' not registered: pulse 0.638s < gate 0.647s
1785615638.352,2026-08-01 14:20:38.352116,201,below_sampling_floor,rule2_orphan_pulse,2:46,2,46,video,radar,46,b,1785615637.710,1785615638.348,0.638,0.647,0.3235,2.0,orphan candidate on detector '46' not registered: pulse 0.638s < gate 0.647s
1785615651.332,2026-08-01 14:20:51.332129,201,below_sampling_floor,rule2_orphan_pulse,26:33,33,26,radar,video,33,a,1785615650.911,1785615651.246,0.335,0.647,0.3235,2.0,orphan candidate on detector '33' not registered: pulse 0.335s < gate 0.647s
1785615661.557,2026-08-01 14:21:01.556914,201,below_sampling_floor,rule2_orphan_pulse,26:33,33,26,radar,video,33,a,1785615660.826,1785615661.467,0.64,0.647,0.3235,2.0,orphan candidate on detector '33' not registered: pulse 0.640s < gate 0.647s
1785615663.507,2026-08-01 14:21:03.506610,201,below_sampling_floor,rule2_orphan_pulse,26:33,33,26,radar,video,33,a,1785615663.120,1785615663.438,0.318,0.647,0.3235,2.0,orphan candidate on detector '33' not registered: pulse 0.318s < gate 0.647s
1785615678.041,2026-08-01 14:21:18.041285,201,below_sampling_floor,rule2_orphan_pulse,26:33,33,26,radar,video,33,a,1785615677.668,1785615678.004,0.336,0.6691,0.3346,2.0,orphan candidate on detector '33' not registered: pulse 0.336s < gate 0.669s
1785615712.156,2026-08-01 14:21:52.156305,201,below_sampling_floor,rule2_orphan_pulse,29:43,43,29,radar,video,29,b,1785615711.485,1785615712.132,0.647,0.6691,0.3346,2.0,orphan candidate on detector '29' not registered: pulse 0.647s < gate 0.669s
1785615712.165,2026-08-01 14:21:52.165028,201,below_sampling_floor,rule2_orphan_pulse,31:42,42,31,radar,video,31,b,1785615711.485,1785615712.132,0.647,0.6691,0.3346,2.0,orphan candidate on detector '31' not registered: pulse 0.647s < gate 0.669s
1785615722.927,2026-08-01 14:22:02.927188,201,below_sampling_floor,rule2_orphan_pulse,31:42,42,31,radar,video,31,b,1785615722.211,1785615722.849,0.637,0.6691,0.3346,2.0,orphan candidate on detector '31' not registered: pulse 0.637s < gate 0.669s
1785615726.202,2026-08-01 14:22:06.201763,201,below_sampling_floor,rule2_orphan_pulse,29:43,43,29,radar,video,43,a,1785615725.481,1785615726.140,0.658,0.6691,0.3346,2.0,orphan candidate on detector '43' not registered: pulse 0.658s < gate 0.669s
1785615752.075,2026-08-01 14:22:32.074647,201,below_sampling_floor,rule2_orphan_pulse,17:2,17,2,video,video,2,b,1785615751.703,1785615752.032,0.328,0.6716,0.3358,2.0,orphan candidate on detector '2' not registered: pulse 0.328s < gate 0.672s
1785615752.077,2026-08-01 14:22:32.077435,201,below_sampling_floor,rule2_orphan_pulse,2:46,2,46,video,radar,2,a,1785615751.703,1785615752.032,0.328,0.6716,0.3358,2.0,orphan candidate on detector '2' not registered: pulse 0.328s < gate 0.672s
1785615809.577,2026-08-01 14:23:29.576597,201,below_sampling_floor,rule2_orphan_pulse,29:43,43,29,radar,video,29,b,1785615809.221,1785615809.539,0.318,0.6669,0.3334,2.0,orphan candidate on detector '29' not registered: pulse 0.318s < gate 0.667s
1785615809.577,2026-08-01 14:23:29.576597,201,below_sampling_floor,rule2_orphan_pulse,31:42,42,31,radar,video,31,b,1785615809.221,1785615809.539,0.318,0.6669,0.3334,2.0,orphan candidate on detector '31' not registered: pulse 0.318s < gate 0.667s
1785615818.478,2026-08-01 14:23:38.478467,201,below_sampling_floor,rule2_orphan_pulse,30:41,41,30,radar,video,41,a,1785615818.062,1785615818.396,0.334,0.6669,0.3334,2.0,orphan candidate on detector '41' not registered: pulse 0.334s < gate 0.667s
1785615818.478,2026-08-01 14:23:38.478467,201,below_sampling_floor,rule2_orphan_pulse,3:41,3,41,video,radar,41,b,1785615818.062,1785615818.396,0.334,0.6669,0.3334,2.0,orphan candidate on detector '41' not registered: pulse 0.334s < gate 0.667s
1785615834.322,2026-08-01 14:23:54.321697,201,below_sampling_floor,rule2_orphan_pulse,17:2,17,2,video,video,2,b,1785615833.977,1785615834.286,0.309,0.6669,0.3334,2.0,orphan candidate on detector '2' not registered: pulse 0.309s < gate 0.667s
1785615834.322,2026-08-01 14:23:54.322241,201,below_sampling_floor,rule2_orphan_pulse,2:46,2,46,video,radar,2,a,1785615833.977,1785615834.286,0.309,0.6669,0.3334,2.0,orphan candidate on detector '2' not registered: pulse 0.309s < gate 0.667s
1785615849.378,2026-08-01 14:24:09.377532,201,below_sampling_floor,rule2_orphan_pulse,29:43,43,29,radar,video,29,b,1785615848.971,1785615849.291,0.319,0.6669,0.3334,2.0,orphan candidate on detector '29' not registered: pulse 0.319s < gate 0.667s
1785615901.690,2026-08-01 14:25:01.689785,201,below_sampling_floor,rule2_orphan_pulse,31:42,42,31,radar,video,42,a,1785615901.340,1785615901.673,0.333,0.6624,0.3312,2.0,orphan candidate on detector '42' not registered: pulse 0.333s < gate 0.662s
1785615901.692,2026-08-01 14:25:01.691887,201,below_sampling_floor,rule2_orphan_pulse,42:8,8,42,video,radar,42,b,1785615901.340,1785615901.673,0.333,0.6624,0.3312,2.0,orphan candidate on detector '42' not registered: pulse 0.333s < gate 0.662s
1785615903.457,2026-08-01 14:25:03.456916,201,below_sampling_floor,rule2_orphan_pulse,26:33,33,26,radar,video,33,a,1785615903.061,1785615903.404,0.343,0.6624,0.3312,2.0,orphan candidate on detector '33' not registered: pulse 0.343s < gate 0.662s
1785615914.704,2026-08-01 14:25:14.704436,201,below_sampling_floor,rule2_orphan_pulse,29:43,43,29,radar,video,43,a,1785615914.036,1785615914.688,0.652,0.6624,0.3312,2.0,orphan candidate on detector '43' not registered: pulse 0.652s < gate 0.662s
1785615930.014,2026-08-01 14:25:30.013573,201,below_sampling_floor,rule2_orphan_pulse,17:2,17,2,video,video,2,b,1785615929.576,1785615929.918,0.342,0.6828,0.3414,2.0,orphan candidate on detector '2' not registered: pulse 0.342s < gate 0.683s
1785615930.014,2026-08-01 14:25:30.013573,201,below_sampling_floor,rule2_orphan_pulse,2:46,2,46,video,radar,2,a,1785615929.576,1785615929.918,0.342,0.6828,0.3414,2.0,orphan candidate on detector '2' not registered: pulse 0.342s < gate 0.683s
1785615973.743,2026-08-01 14:26:13.742503,201,below_sampling_floor,rule2_orphan_pulse,17:46,46,17,radar,video,46,a,1785615973.092,1785615973.743,0.651,0.6828,0.3414,2.0,orphan candidate on detector '46' not registered: pulse 0.651s < gate 0.683s
1785615973.746,2026-08-01 14:26:13.745675,201,below_sampling_floor,rule2_orphan_pulse,2:46,2,46,video,radar,46,b,1785615973.092,1785615973.743,0.651,0.6828,0.3414,2.0,orphan candidate on detector '46' not registered: pulse 0.651s < gate 0.683s
1785615978.400,2026-08-01 14:26:18.399576,201,below_sampling_floor,rule2_orphan_pulse,26:33,33,26,radar,video,33,a,1785615977.687,1785615978.338,0.652,0.6545,0.3272,2.0,orphan candidate on detector '33' not registered: pulse 0.652s < gate 0.654s
1785616006.958,2026-08-01 14:26:46.958262,201,below_sampling_floor,rule2_orphan_pulse,26:33,33,26,radar,video,33,a,1785616006.328,1785616006.958,0.63,0.6545,0.3272,2.0,orphan candidate on detector '33' not registered: pulse 0.630s < gate 0.654s
1785616057.338,2026-08-01 14:27:37.337764,201,below_sampling_floor,rule2_orphan_pulse,26:33,33,26,radar,video,33,a,1785616056.638,1785616057.296,0.658,0.6662,0.3331,2.0,orphan candidate on detector '33' not registered: pulse 0.658s < gate 0.666s
1785616066.729,2026-08-01 14:27:46.729220,201,below_sampling_floor,rule2_orphan_pulse,17:46,46,17,radar,video,46,a,1785616065.970,1785616066.631,0.66,0.6662,0.3331,2.0,orphan candidate on detector '46' not registered: pulse 0.660s < gate 0.666s
1785616066.730,2026-08-01 14:27:46.730314,201,below_sampling_floor,rule2_orphan_pulse,2:46,2,46,video,radar,46,b,1785616065.970,1785616066.631,0.66,0.6662,0.3331,2.0,orphan candidate on detector '46' not registered: pulse 0.660s < gate 0.666s
1785616083.619,2026-08-01 14:28:03.619312,201,below_sampling_floor,rule2_orphan_pulse,26:33,33,26,radar,video,33,a,1785616082.898,1785616083.546,0.649,0.6662,0.3331,2.0,orphan candidate on detector '33' not registered: pulse 0.649s < gate 0.666s
1785616087.559,2026-08-01 14:28:07.558783,201,below_sampling_floor,rule2_orphan_pulse,26:33,33,26,radar,video,33,a,1785616086.815,1785616087.471,0.657,0.6662,0.3331,2.0,orphan candidate on detector '33' not registered: pulse 0.657s < gate 0.666s
1785616089.913,2026-08-01 14:28:09.912600,201,below_sampling_floor,rule2_orphan_pulse,26:33,33,26,radar,video,33,a,1785616089.166,1785616089.815,0.649,0.6662,0.3331,2.0,orphan candidate on detector '33' not registered: pulse 0.649s < gate 0.666s
1785616099.355,2026-08-01 14:28:19.354817,201,below_sampling_floor,rule2_orphan_pulse,17:46,46,17,radar,video,46,a,1785616098.646,1785616099.274,0.628,0.6546,0.3273,2.0,orphan candidate on detector '46' not registered: pulse 0.628s < gate 0.655s
1785616099.356,2026-08-01 14:28:19.355831,201,below_sampling_floor,rule2_orphan_pulse,2:46,2,46,video,radar,46,b,1785616098.646,1785616099.274,0.628,0.6546,0.3273,2.0,orphan candidate on detector '46' not registered: pulse 0.628s < gate 0.655s
1785616122.644,2026-08-01 14:28:42.643597,201,below_sampling_floor,rule2_orphan_pulse,31:42,42,31,radar,video,31,b,1785616121.964,1785616122.610,0.646,0.6546,0.3273,2.0,orphan candidate on detector '31' not registered: pulse 0.646s < gate 0.655s
1785616122.646,2026-08-01 14:28:42.645615,201,below_sampling_floor,rule2_orphan_pulse,31:8,31,8,video,video,31,a,1785616121.964,1785616122.610,0.646,0.6546,0.3273,2.0,orphan candidate on detector '31' not registered: pulse 0.646s < gate 0.655s
1785616135.881,2026-08-01 14:28:55.881333,201,below_sampling_floor,rule2_orphan_pulse,31:42,42,31,radar,video,31,b,1785616135.532,1785616135.846,0.314,0.6546,0.3273,2.0,orphan candidate on detector '31' not registered: pulse 0.314s < gate 0.655s
1785616137.196,2026-08-01 14:28:57.196184,201,below_sampling_floor,rule2_orphan_pulse,31:42,42,31,radar,video,31,b,1785616136.810,1785616137.120,0.31,0.6546,0.3273,2.0,orphan candidate on detector '31' not registered: pulse 0.310s < gate 0.655s
1785616138.812,2026-08-01 14:28:58.812376,201,below_sampling_floor,rule2_orphan_pulse,31:42,42,31,radar,video,31,b,1785616138.417,1785616138.738,0.322,0.6546,0.3273,2.0,orphan candidate on detector '31' not registered: pulse 0.322s < gate 0.655s
1785616190.265,2026-08-01 14:29:50.264630,201,below_sampling_floor,rule2_orphan_pulse,17:2,17,2,video,video,2,b,1785616189.888,1785616190.227,0.34,0.6504,0.3252,2.0,orphan candidate on detector '2' not registered: pulse 0.340s < gate 0.650s
1785616190.265,2026-08-01 14:29:50.264630,201,below_sampling_floor,rule2_orphan_pulse,2:46,2,46,video,radar,2,a,1785616189.888,1785616190.227,0.34,0.6504,0.3252,2.0,orphan candidate on detector '2' not registered: pulse 0.340s < gate 0.650s
1785616229.770,2026-08-01 14:30:29.770070,201,below_sampling_floor,rule2_orphan_pulse,26:33,33,26,radar,video,33,a,1785616229.363,1785616229.682,0.319,0.6669,0.3334,2.0,orphan candidate on detector '33' not registered: pulse 0.319s < gate 0.667s
1785616289.460,2026-08-01 14:31:29.459817,201,below_sampling_floor,rule2_orphan_pulse,30:41,41,30,radar,video,30,b,1785616289.096,1785616289.428,0.332,0.6536,0.3268,2.0,orphan candidate on detector '30' not registered: pulse 0.332s < gate 0.654s
1785616289.460,2026-08-01 14:31:29.460147,201,below_sampling_floor,rule2_orphan_pulse,3:30,30,3,video,video,30,a,1785616289.096,1785616289.428,0.332,0.6536,0.3268,2.0,orphan candidate on detector '30' not registered: pulse 0.332s < gate 0.654s
1785616360.101,2026-08-01 14:32:40.100986,201,below_sampling_floor,rule2_orphan_pulse,29:43,43,29,radar,video,43,a,1785616359.681,1785616360.013,0.332,0.6594,0.3297,2.0,orphan candidate on detector '43' not registered: pulse 0.332s < gate 0.659s
1785616398.126,2026-08-01 14:33:18.125869,201,below_sampling_floor,rule2_orphan_pulse,26:33,33,26,radar,video,33,a,1785616397.739,1785616398.059,0.32,0.6557,0.3278,2.0,orphan candidate on detector '33' not registered: pulse 0.320s < gate 0.656s
1785616409.605,2026-08-01 14:33:29.605167,201,below_sampling_floor,rule2_orphan_pulse,24:38,38,24,radar,video,24,b,1785616408.933,1785616409.586,0.654,0.6557,0.3278,2.0,orphan candidate on detector '24' not registered: pulse 0.654s < gate 0.656s
1785616409.605,2026-08-01 14:33:29.605167,201,below_sampling_floor,rule2_orphan_pulse,24:7,24,7,video,video,24,a,1785616408.933,1785616409.586,0.654,0.6557,0.3278,2.0,orphan candidate on detector '24' not registered: pulse 0.654s < gate 0.656s
1785616409.605,2026-08-01 14:33:29.605167,201,below_sampling_floor,rule2_orphan_pulse,24:7,24,7,video,video,7,b,1785616409.259,1785616409.586,0.327,0.6557,0.3278,2.0,orphan candidate on detector '7' not registered: pulse 0.327s < gate 0.656s
1785616409.607,2026-08-01 14:33:29.607195,201,below_sampling_floor,rule2_orphan_pulse,38:7,7,38,video,radar,7,a,1785616409.259,1785616409.586,0.327,0.6557,0.3278,2.0,orphan candidate on detector '7' not registered: pulse 0.327s < gate 0.656s
1785616428.568,2026-08-01 14:33:48.567863,201,below_sampling_floor,rule2_orphan_pulse,26:33,33,26,radar,video,33,a,1785616428.159,1785616428.493,0.334,0.6557,0.3278,2.0,orphan candidate on detector '33' not registered: pulse 0.334s < gate 0.656s
1785616429.174,2026-08-01 14:33:49.173641,201,below_sampling_floor,rule2_orphan_pulse,29:43,43,29,radar,video,43,a,1785616428.493,1785616429.137,0.644,0.6557,0.3278,2.0,orphan candidate on detector '43' not registered: pulse 0.644s < gate 0.656s
1785616436.643,2026-08-01 14:33:56.643134,201,below_sampling_floor,rule2_orphan_pulse,26:33,33,26,radar,video,33,a,1785616435.915,1785616436.556,0.641,0.6557,0.3278,2.0,orphan candidate on detector '33' not registered: pulse 0.641s < gate 0.656s
1785616438.554,2026-08-01 14:33:58.553540,201,below_sampling_floor,rule2_orphan_pulse,26:33,33,26,radar,video,33,a,1785616438.159,1785616438.475,0.316,0.6557,0.3278,2.0,orphan candidate on detector '33' not registered: pulse 0.316s < gate 0.656s
1785616446.825,2026-08-01 14:34:06.825090,201,below_sampling_floor,rule2_orphan_pulse,26:33,33,26,radar,video,33,a,1785616446.493,1785616446.798,0.305,0.6557,0.3278,2.0,orphan candidate on detector '33' not registered: pulse 0.305s < gate 0.656s
1785616450.354,2026-08-01 14:34:10.353627,201,below_sampling_floor,rule2_orphan_pulse,31:42,42,31,radar,video,31,b,1785616450.019,1785616450.354,0.334,0.6557,0.3278,2.0,orphan candidate on detector '31' not registered: pulse 0.334s < gate 0.656s
1785616450.355,2026-08-01 14:34:10.354658,201,below_sampling_floor,rule2_orphan_pulse,31:8,31,8,video,video,31,a,1785616450.019,1785616450.354,0.334,0.6557,0.3278,2.0,orphan candidate on detector '31' not registered: pulse 0.334s < gate 0.656s
1785616453.282,2026-08-01 14:34:13.281905,201,below_sampling_floor,rule2_orphan_pulse,3:30,30,3,video,video,3,b,1785616452.954,1785616453.277,0.323,0.6557,0.3278,2.0,orphan candidate on detector '3' not registered: pulse 0.323s < gate 0.656s
1785616453.293,2026-08-01 14:34:13.293192,201,below_sampling_floor,rule2_orphan_pulse,3:41,3,41,video,radar,3,a,1785616452.954,1785616453.277,0.323,0.6557,0.3278,2.0,orphan candidate on detector '3' not registered: pulse 0.323s < gate 0.656s
1785616460.782,2026-08-01 14:34:20.781968,201,below_sampling_floor,rule2_orphan_pulse,26:33,33,26,radar,video,33,a,1785616460.402,1785616460.722,0.32,0.6495,0.3248,2.0,orphan candidate on detector '33' not registered: pulse 0.320s < gate 0.650s
1785616462.399,2026-08-01 14:34:22.399494,201,below_sampling_floor,rule2_orphan_pulse,42:8,8,42,video,radar,8,a,1785616462.051,1785616462.381,0.329,0.6495,0.3248,2.0,orphan candidate on detector '8' not registered: pulse 0.329s < gate 0.650s
1785616463.106,2026-08-01 14:34:23.105629,201,below_sampling_floor,rule2_orphan_pulse,31:42,42,31,radar,video,42,a,1785616462.714,1785616463.050,0.336,0.6495,0.3248,2.0,orphan candidate on detector '42' not registered: pulse 0.336s < gate 0.650s
1785616463.106,2026-08-01 14:34:23.106416,201,below_sampling_floor,rule2_orphan_pulse,42:8,8,42,video,radar,42,b,1785616462.714,1785616463.050,0.336,0.6495,0.3248,2.0,orphan candidate on detector '42' not registered: pulse 0.336s < gate 0.650s
1785616466.034,2026-08-01 14:34:26.034428,201,below_sampling_floor,rule2_orphan_pulse,3:30,30,3,video,video,3,b,1785616465.650,1785616465.970,0.32,0.6495,0.3248,2.0,orphan candidate on detector '3' not registered: pulse 0.320s < gate 0.650s
1785616466.036,2026-08-01 14:34:26.036047,201,below_sampling_floor,rule2_orphan_pulse,3:41,3,41,video,radar,3,a,1785616465.650,1785616465.970,0.32,0.6495,0.3248,2.0,orphan candidate on detector '3' not registered: pulse 0.320s < gate 0.650s
1785616474.916,2026-08-01 14:34:34.915812,201,below_sampling_floor,rule2_orphan_pulse,26:33,33,26,radar,video,33,a,1785616474.577,1785616474.900,0.323,0.6495,0.3248,2.0,orphan candidate on detector '33' not registered: pulse 0.323s < gate 0.650s
1785616476.945,2026-08-01 14:34:36.945232,201,below_sampling_floor,rule2_orphan_pulse,26:33,33,26,radar,video,33,a,1785616476.548,1785616476.878,0.33,0.6495,0.3248,2.0,orphan candidate on detector '33' not registered: pulse 0.330s < gate 0.650s
1785616552.651,2026-08-01 14:35:52.650526,201,below_sampling_floor,rule2_orphan_pulse,26:33,33,26,radar,video,33,a,1785616551.979,1785616552.649,0.67,0.67,0.335,2.0,orphan candidate on detector '33' not registered: pulse 0.670s < gate 0.670s
1785616555.698,2026-08-01 14:35:55.698091,201,below_sampling_floor,rule2_orphan_pulse,26:33,33,26,radar,video,33,a,1785616554.985,1785616555.651,0.666,0.67,0.335,2.0,orphan candidate on detector '33' not registered: pulse 0.666s < gate 0.670s
1785616559.228,2026-08-01 14:35:59.227642,201,below_sampling_floor,rule2_orphan_pulse,26:33,33,26,radar,video,33,a,1785616558.568,1785616559.225,0.657,0.67,0.335,2.0,orphan candidate on detector '33' not registered: pulse 0.657s < gate 0.670s
1785616582.094,2026-08-01 14:36:22.094012,201,below_sampling_floor,rule2_orphan_pulse,31:42,42,31,radar,video,42,a,1785616581.765,1785616582.079,0.313,0.6441,0.3221,2.0,orphan candidate on detector '42' not registered: pulse 0.313s < gate 0.644s
1785616582.094,2026-08-01 14:36:22.094012,201,below_sampling_floor,rule2_orphan_pulse,42:8,8,42,video,radar,42,b,1785616581.765,1785616582.079,0.313,0.6441,0.3221,2.0,orphan candidate on detector '42' not registered: pulse 0.313s < gate 0.644s
1785616589.458,2026-08-01 14:36:29.457699,201,below_sampling_floor,rule2_orphan_pulse,29:43,43,29,radar,video,43,a,1785616588.814,1785616589.452,0.637,0.6441,0.3221,2.0,orphan candidate on detector '43' not registered: pulse 0.637s < gate 0.644s
1785616634.212,2026-08-01 14:37:14.211839,201,below_sampling_floor,rule2_orphan_pulse,22:4,22,4,video,video,4,b,1785616633.832,1785616634.150,0.318,0.6441,0.3221,2.0,orphan candidate on detector '4' not registered: pulse 0.318s < gate 0.644s
1785616634.214,2026-08-01 14:37:14.213937,201,below_sampling_floor,rule2_orphan_pulse,39:4,4,39,video,radar,4,a,1785616633.832,1785616634.150,0.318,0.6441,0.3221,2.0,orphan candidate on detector '4' not registered: pulse 0.318s < gate 0.644s
1785616634.833,2026-08-01 14:37:14.832708,201,below_sampling_floor,rule2_orphan_pulse,22:4,22,4,video,video,4,b,1785616634.471,1785616634.808,0.337,0.6441,0.3221,2.0,orphan candidate on detector '4' not registered: pulse 0.337s < gate 0.644s
1785616634.862,2026-08-01 14:37:14.861939,201,below_sampling_floor,rule2_orphan_pulse,39:4,4,39,video,radar,4,a,1785616634.471,1785616634.808,0.337,0.6441,0.3221,2.0,orphan candidate on detector '4' not registered: pulse 0.337s < gate 0.644s
1785616635.481,2026-08-01 14:37:15.481353,201,below_sampling_floor,rule2_orphan_pulse,31:42,42,31,radar,video,42,a,1785616635.131,1785616635.457,0.326,0.6479,0.324,2.0,orphan candidate on detector '42' not registered: pulse 0.326s < gate 0.648s
1785616635.483,2026-08-01 14:37:15.483186,201,below_sampling_floor,rule2_orphan_pulse,42:8,8,42,video,radar,42,b,1785616635.131,1785616635.457,0.326,0.6479,0.324,2.0,orphan candidate on detector '42' not registered: pulse 0.326s < gate 0.648s
1785616656.762,2026-08-01 14:37:36.761669,201,below_sampling_floor,rule2_orphan_pulse,26:33,33,26,radar,video,33,a,1785616656.392,1785616656.724,0.332,0.6479,0.324,2.0,orphan candidate on detector '33' not registered: pulse 0.332s < gate 0.648s
1785616664.231,2026-08-01 14:37:44.231272,201,below_sampling_floor,rule2_orphan_pulse,31:42,42,31,radar,video,42,a,1785616663.859,1785616664.205,0.346,0.6479,0.324,2.0,orphan candidate on detector '42' not registered: pulse 0.346s < gate 0.648s
1785616664.233,2026-08-01 14:37:44.233182,201,below_sampling_floor,rule2_orphan_pulse,42:8,8,42,video,radar,42,b,1785616663.859,1785616664.205,0.346,0.6479,0.324,2.0,orphan candidate on detector '42' not registered: pulse 0.346s < gate 0.648s
1785616679.663,2026-08-01 14:37:59.663326,201,below_sampling_floor,rule2_orphan_pulse,31:42,42,31,radar,video,42,a,1785616679.008,1785616679.623,0.615,0.6479,0.324,2.0,orphan candidate on detector '42' not registered: pulse 0.615s < gate 0.648s
1785616679.663,2026-08-01 14:37:59.663326,201,below_sampling_floor,rule2_orphan_pulse,31:42,42,31,radar,video,31,b,1785616679.008,1785616679.623,0.615,0.6479,0.324,2.0,orphan candidate on detector '31' not registered: pulse 0.615s < gate 0.648s
1785616715.974,2026-08-01 14:38:35.974015,201,below_sampling_floor,rule2_orphan_pulse,17:2,17,2,video,video,2,b,1785616715.585,1785616715.889,0.304,0.6833,0.3417,2.0,orphan candidate on detector '2' not registered: pulse 0.304s < gate 0.683s
1785616715.975,2026-08-01 14:38:35.975022,201,below_sampling_floor,rule2_orphan_pulse,2:46,2,46,video,radar,2,a,1785616715.585,1785616715.889,0.304,0.6833,0.3417,2.0,orphan candidate on detector '2' not registered: pulse 0.304s < gate 0.683s
1785616769.421,2026-08-01 14:39:29.421448,201,below_sampling_floor,rule2_orphan_pulse,31:8,31,8,video,video,8,b,1785616769.064,1785616769.421,0.357,0.6533,0.3267,2.0,orphan candidate on detector '8' not registered: pulse 0.357s < gate 0.653s
1785616769.423,2026-08-01 14:39:29.423448,201,below_sampling_floor,rule2_orphan_pulse,42:8,8,42,video,radar,8,a,1785616769.064,1785616769.421,0.357,0.6533,0.3267,2.0,orphan candidate on detector '8' not registered: pulse 0.357s < gate 0.653s
1785616771.546,2026-08-01 14:39:31.545586,201,below_sampling_floor,rule2_orphan_pulse,31:42,42,31,radar,video,31,b,1785616771.088,1785616771.454,0.366,0.6533,0.3267,2.0,orphan candidate on detector '31' not registered: pulse 0.366s < gate 0.653s
1785616771.546,2026-08-01 14:39:31.545586,201,below_sampling_floor,rule2_orphan_pulse,31:8,31,8,video,video,31,a,1785616771.088,1785616771.454,0.366,0.6533,0.3267,2.0,orphan candidate on detector '31' not registered: pulse 0.366s < gate 0.653s
1785616781.229,2026-08-01 14:39:41.229277,201,below_sampling_floor,rule2_orphan_pulse,31:42,42,31,radar,video,31,b,1785616780.755,1785616781.141,0.385,0.6533,0.3267,2.0,orphan candidate on detector '31' not registered: pulse 0.385s < gate 0.653s
1785616781.229,2026-08-01 14:39:41.229277,201,below_sampling_floor,rule2_orphan_pulse,31:8,31,8,video,video,31,a,1785616780.755,1785616781.141,0.385,0.6533,0.3267,2.0,orphan candidate on detector '31' not registered: pulse 0.385s < gate 0.653s
1785616782.540,2026-08-01 14:39:42.539617,201,below_sampling_floor,rule2_orphan_pulse,31:42,42,31,radar,video,31,b,1785616781.851,1785616782.487,0.636,0.6533,0.3267,2.0,orphan candidate on detector '31' not registered: pulse 0.636s < gate 0.653s
1785616782.541,2026-08-01 14:39:42.541265,201,below_sampling_floor,rule2_orphan_pulse,31:8,31,8,video,video,31,a,1785616781.851,1785616782.487,0.636,0.6533,0.3267,2.0,orphan candidate on detector '31' not registered: pulse 0.636s < gate 0.653s
1785616788.081,2026-08-01 14:39:48.080595,201,below_sampling_floor,rule2_orphan_pulse,31:42,42,31,radar,video,31,b,1785616787.742,1785616788.069,0.327,0.6533,0.3267,2.0,orphan candidate on detector '31' not registered: pulse 0.327s < gate 0.653s
1785616788.081,2026-08-01 14:39:48.080595,201,below_sampling_floor,rule2_orphan_pulse,31:8,31,8,video,video,31,a,1785616787.742,1785616788.069,0.327,0.6533,0.3267,2.0,orphan candidate on detector '31' not registered: pulse 0.327s < gate 0.653s
1785616867.243,2026-08-01 14:41:07.243022,201,below_sampling_floor,rule2_orphan_pulse,31:42,42,31,radar,video,42,a,1785616866.913,1785616867.229,0.316,0.6464,0.3232,2.0,orphan candidate on detector '42' not registered: pulse 0.316s < gate 0.646s
1785616888.644,2026-08-01 14:41:28.644127,201,below_sampling_floor,rule2_orphan_pulse,42:8,8,42,video,radar,42,b,1785616866.913,1785616867.229,0.316,0.6585,0.3293,2.0,orphan candidate on detector '42' not registered: pulse 0.316s < gate 0.659s
1785616901.663,2026-08-01 14:41:41.662802,201,below_sampling_floor,rule2_orphan_pulse,17:2,17,2,video,video,2,b,1785616901.258,1785616901.593,0.335,0.6585,0.3293,2.0,orphan candidate on detector '2' not registered: pulse 0.335s < gate 0.659s
1785616901.664,2026-08-01 14:41:41.663811,201,below_sampling_floor,rule2_orphan_pulse,2:46,2,46,video,radar,2,a,1785616901.258,1785616901.593,0.335,0.6585,0.3293,2.0,orphan candidate on detector '2' not registered: pulse 0.335s < gate 0.659s
1785616969.601,2026-08-01 14:42:49.601090,201,below_sampling_floor,rule2_orphan_pulse,26:33,33,26,radar,video,33,a,1785616968.871,1785616969.505,0.634,0.6689,0.3344,2.0,orphan candidate on detector '33' not registered: pulse 0.634s < gate 0.669s
1785616982.203,2026-08-01 14:43:02.202680,201,below_sampling_floor,rule2_orphan_pulse,31:42,42,31,radar,video,31,b,1785616981.874,1785616982.188,0.314,0.6689,0.3344,2.0,orphan candidate on detector '31' not registered: pulse 0.314s < gate 0.669s
1785616982.203,2026-08-01 14:43:02.202680,201,below_sampling_floor,rule2_orphan_pulse,31:8,31,8,video,video,31,a,1785616981.874,1785616982.188,0.314,0.6689,0.3344,2.0,orphan candidate on detector '31' not registered: pulse 0.314s < gate 0.669s
1785616984.829,2026-08-01 14:43:04.828926,201,below_sampling_floor,rule2_orphan_pulse,31:42,42,31,radar,video,42,a,1785616984.086,1785616984.733,0.647,0.6689,0.3344,2.0,orphan candidate on detector '42' not registered: pulse 0.647s < gate 0.669s
1785616984.830,2026-08-01 14:43:04.830385,201,below_sampling_floor,rule2_orphan_pulse,42:8,8,42,video,radar,42,b,1785616984.086,1785616984.733,0.647,0.6689,0.3344,2.0,orphan candidate on detector '42' not registered: pulse 0.647s < gate 0.669s
1785616985.739,2026-08-01 14:43:05.738966,201,below_sampling_floor,rule2_orphan_pulse,26:33,33,26,radar,video,33,a,1785616985.051,1785616985.719,0.668,0.6689,0.3344,2.0,orphan candidate on detector '33' not registered: pulse 0.668s < gate 0.669s
1785617014.917,2026-08-01 14:43:34.917345,201,below_sampling_floor,rule2_orphan_pulse,17:2,17,2,video,video,2,b,1785617014.221,1785617014.868,0.647,0.6489,0.3244,2.0,orphan candidate on detector '2' not registered: pulse 0.647s < gate 0.649s
1785617014.919,2026-08-01 14:43:34.919217,201,below_sampling_floor,rule2_orphan_pulse,2:46,2,46,video,radar,2,a,1785617014.221,1785617014.868,0.647,0.6489,0.3244,2.0,orphan candidate on detector '2' not registered: pulse 0.647s < gate 0.649s
1785617027.426,2026-08-01 14:43:47.426059,201,below_sampling_floor,rule2_orphan_pulse,29:43,43,29,radar,video,43,a,1785617027.040,1785617027.368,0.328,0.6489,0.3244,2.0,orphan candidate on detector '43' not registered: pulse 0.328s < gate 0.649s
1785617070.031,2026-08-01 14:44:30.031148,201,below_sampling_floor,rule2_orphan_pulse,22:39,39,22,radar,video,22,b,1785617069.615,1785617069.965,0.35,0.6844,0.3422,2.0,orphan candidate on detector '22' not registered: pulse 0.350s < gate 0.684s
1785617070.034,2026-08-01 14:44:30.033577,201,below_sampling_floor,rule2_orphan_pulse,22:4,22,4,video,video,22,a,1785617069.615,1785617069.965,0.35,0.6844,0.3422,2.0,orphan candidate on detector '22' not registered: pulse 0.350s < gate 0.684s
1785617070.339,2026-08-01 14:44:30.338747,201,below_sampling_floor,rule2_orphan_pulse,24:38,38,24,radar,video,24,b,1785617069.965,1785617070.323,0.358,0.6844,0.3422,2.0,orphan candidate on detector '24' not registered: pulse 0.358s < gate 0.684s
1785617070.340,2026-08-01 14:44:30.339771,201,below_sampling_floor,rule2_orphan_pulse,24:7,24,7,video,video,24,a,1785617069.965,1785617070.323,0.358,0.6844,0.3422,2.0,orphan candidate on detector '24' not registered: pulse 0.358s < gate 0.684s
1785617072.156,2026-08-01 14:44:32.156062,201,below_sampling_floor,rule2_orphan_pulse,17:2,17,2,video,video,2,b,1785617071.718,1785617072.069,0.351,0.6844,0.3422,2.0,orphan candidate on detector '2' not registered: pulse 0.351s < gate 0.684s
1785617072.159,2026-08-01 14:44:32.159087,201,below_sampling_floor,rule2_orphan_pulse,2:46,2,46,video,radar,2,a,1785617071.718,1785617072.069,0.351,0.6844,0.3422,2.0,orphan candidate on detector '2' not registered: pulse 0.351s < gate 0.684s
1785617073.171,2026-08-01 14:44:33.171285,201,below_sampling_floor,rule2_orphan_pulse,31:42,42,31,radar,video,42,a,1785617072.403,1785617073.078,0.674,0.6844,0.3422,2.0,orphan candidate on detector '42' not registered: pulse 0.674s < gate 0.684s
1785617073.171,2026-08-01 14:44:33.171285,201,below_sampling_floor,rule2_orphan_pulse,42:8,8,42,video,radar,42,b,1785617072.403,1785617073.078,0.674,0.6844,0.3422,2.0,orphan candidate on detector '42' not registered: pulse 0.674s < gate 0.684s
1785617111.234,2026-08-01 14:45:11.233821,201,below_sampling_floor,rule2_orphan_pulse,17:2,17,2,video,video,2,b,1785617110.787,1785617111.133,0.345,0.6844,0.3422,2.0,orphan candidate on detector '2' not registered: pulse 0.345s < gate 0.684s
1785617111.235,2026-08-01 14:45:11.235407,201,below_sampling_floor,rule2_orphan_pulse,2:46,2,46,video,radar,2,a,1785617110.787,1785617111.133,0.345,0.6844,0.3422,2.0,orphan candidate on detector '2' not registered: pulse 0.345s < gate 0.684s
1785617120.341,2026-08-01 14:45:20.340568,201,below_sampling_floor,rule2_orphan_pulse,17:2,17,2,video,video,2,b,1785617119.960,1785617120.287,0.326,0.6516,0.3258,2.0,orphan candidate on detector '2' not registered: pulse 0.326s < gate 0.652s
1785617120.342,2026-08-01 14:45:20.341552,201,below_sampling_floor,rule2_orphan_pulse,2:46,2,46,video,radar,2,a,1785617119.960,1785617120.287,0.326,0.6516,0.3258,2.0,orphan candidate on detector '2' not registered: pulse 0.326s < gate 0.652s
1785617123.674,2026-08-01 14:45:23.673797,201,below_sampling_floor,rule2_orphan_pulse,31:42,42,31,radar,video,31,b,1785617123.261,1785617123.588,0.326,0.6516,0.3258,2.0,orphan candidate on detector '31' not registered: pulse 0.326s < gate 0.652s
1785617123.675,2026-08-01 14:45:23.674825,201,below_sampling_floor,rule2_orphan_pulse,31:8,31,8,video,video,31,a,1785617123.261,1785617123.588,0.326,0.6516,0.3258,2.0,orphan candidate on detector '31' not registered: pulse 0.326s < gate 0.652s
1785617152.806,2026-08-01 14:45:52.805565,201,below_sampling_floor,rule2_orphan_pulse,17:46,46,17,radar,video,46,a,1785617152.126,1785617152.770,0.645,0.6516,0.3258,2.0,orphan candidate on detector '46' not registered: pulse 0.645s < gate 0.652s
1785617152.807,2026-08-01 14:45:52.806573,201,below_sampling_floor,rule2_orphan_pulse,2:46,2,46,video,radar,46,b,1785617152.126,1785617152.770,0.645,0.6516,0.3258,2.0,orphan candidate on detector '46' not registered: pulse 0.645s < gate 0.652s
1785617154.120,2026-08-01 14:45:54.119869,201,below_sampling_floor,rule2_orphan_pulse,17:2,17,2,video,video,2,b,1785617153.431,1785617154.050,0.619,0.6516,0.3258,2.0,orphan candidate on detector '2' not registered: pulse 0.619s < gate 0.652s
1785617154.121,2026-08-01 14:45:54.120511,201,below_sampling_floor,rule2_orphan_pulse,2:46,2,46,video,radar,2,a,1785617153.431,1785617154.050,0.619,0.6516,0.3258,2.0,orphan candidate on detector '2' not registered: pulse 0.619s < gate 0.652s
1785617161.993,2026-08-01 14:46:01.992720,201,below_sampling_floor,rule2_orphan_pulse,26:33,33,26,radar,video,33,a,1785617161.609,1785617161.947,0.339,0.6516,0.3258,2.0,orphan candidate on detector '33' not registered: pulse 0.339s < gate 0.652s
1785617196.996,2026-08-01 14:46:36.996452,201,below_sampling_floor,rule2_orphan_pulse,31:42,42,31,radar,video,42,a,1785617196.623,1785617196.948,0.325,0.6604,0.3302,2.0,orphan candidate on detector '42' not registered: pulse 0.325s < gate 0.660s
1785617196.996,2026-08-01 14:46:36.996452,201,below_sampling_floor,rule2_orphan_pulse,42:8,8,42,video,radar,42,b,1785617196.623,1785617196.948,0.325,0.6604,0.3302,2.0,orphan candidate on detector '42' not registered: pulse 0.325s < gate 0.660s
1785617206.376,2026-08-01 14:46:46.375851,201,below_sampling_floor,rule2_orphan_pulse,29:43,43,29,radar,video,29,b,1785617205.972,1785617206.291,0.318,0.6604,0.3302,2.0,orphan candidate on detector '29' not registered: pulse 0.318s < gate 0.660s
1785617208.299,2026-08-01 14:46:48.299299,201,below_sampling_floor,rule2_orphan_pulse,29:43,43,29,radar,video,29,b,1785617207.603,1785617208.243,0.64,0.6604,0.3302,2.0,orphan candidate on detector '29' not registered: pulse 0.640s < gate 0.660s
1785617209.912,2026-08-01 14:46:49.912154,201,below_sampling_floor,rule2_orphan_pulse,29:43,43,29,radar,video,29,b,1785617209.535,1785617209.873,0.338,0.6604,0.3302,2.0,orphan candidate on detector '29' not registered: pulse 0.338s < gate 0.660s
1785617209.912,2026-08-01 14:46:49.912154,201,below_sampling_floor,rule2_orphan_pulse,31:42,42,31,radar,video,31,b,1785617209.535,1785617209.873,0.338,0.6604,0.3302,2.0,orphan candidate on detector '31' not registered: pulse 0.338s < gate 0.660s
1785617209.912,2026-08-01 14:46:49.912154,201,below_sampling_floor,rule2_orphan_pulse,31:8,31,8,video,video,31,a,1785617209.535,1785617209.873,0.338,0.6604,0.3302,2.0,orphan candidate on detector '31' not registered: pulse 0.338s < gate 0.660s
1785617240.449,2026-08-01 14:47:20.448995,201,below_sampling_floor,rule2_orphan_pulse,17:2,17,2,video,video,2,b,1785617240.118,1785617240.433,0.315,0.6733,0.3367,2.0,orphan candidate on detector '2' not registered: pulse 0.315s < gate 0.673s
1785617240.451,2026-08-01 14:47:20.451030,201,below_sampling_floor,rule2_orphan_pulse,2:46,2,46,video,radar,2,a,1785617240.118,1785617240.433,0.315,0.6733,0.3367,2.0,orphan candidate on detector '2' not registered: pulse 0.315s < gate 0.673s
1785617252.171,2026-08-01 14:47:32.170881,201,below_sampling_floor,rule2_orphan_pulse,17:2,17,2,video,video,2,b,1785617251.828,1785617252.158,0.33,0.6733,0.3367,2.0,orphan candidate on detector '2' not registered: pulse 0.330s < gate 0.673s
1785617252.174,2026-08-01 14:47:32.173656,201,below_sampling_floor,rule2_orphan_pulse,2:46,2,46,video,radar,2,a,1785617251.828,1785617252.158,0.33,0.6733,0.3367,2.0,orphan candidate on detector '2' not registered: pulse 0.330s < gate 0.673s
1785617341.991,2026-08-01 14:49:01.990683,201,below_sampling_floor,rule2_orphan_pulse,26:33,33,26,radar,video,26,b,1785617341.275,1785617341.934,0.659,1.0438,0.5219,2.0,orphan candidate on detector '26' not registered: pulse 0.659s < gate 1.044s
1785617345.627,2026-08-01 14:49:05.626729,201,below_sampling_floor,rule2_orphan_pulse,29:43,43,29,radar,video,29,b,1785617345.264,1785617345.588,0.324,1.0438,0.5219,2.0,orphan candidate on detector '29' not registered: pulse 0.324s < gate 1.044s
1785617402.640,2026-08-01 14:50:02.640419,201,below_sampling_floor,rule2_orphan_pulse,26:33,33,26,radar,video,33,a,1785617402.289,1785617402.631,0.342,0.6641,0.332,2.0,orphan candidate on detector '33' not registered: pulse 0.342s < gate 0.664s
1785617404.656,2026-08-01 14:50:04.656361,201,below_sampling_floor,rule2_orphan_pulse,26:33,33,26,radar,video,33,a,1785617403.967,1785617404.630,0.663,0.6641,0.332,2.0,orphan candidate on detector '33' not registered: pulse 0.663s < gate 0.664s
1785617407.996,2026-08-01 14:50:07.995901,201,below_sampling_floor,rule2_orphan_pulse,26:33,33,26,radar,video,33,a,1785617407.581,1785617407.923,0.342,0.6641,0.332,2.0,orphan candidate on detector '33' not registered: pulse 0.342s < gate 0.664s
1785617408.603,2026-08-01 14:50:08.602631,201,below_sampling_floor,rule2_orphan_pulse,30:41,41,30,radar,video,41,a,1785617407.923,1785617408.582,0.66,0.6641,0.332,2.0,orphan candidate on detector '41' not registered: pulse 0.660s < gate 0.664s
1785617409.315,2026-08-01 14:50:09.314773,201,below_sampling_floor,rule2_orphan_pulse,3:41,3,41,video,radar,41,b,1785617407.923,1785617408.582,0.66,0.6641,0.332,2.0,orphan candidate on detector '41' not registered: pulse 0.660s < gate 0.664s
1785617414.860,2026-08-01 14:50:14.859651,201,below_sampling_floor,rule2_orphan_pulse,17:46,46,17,radar,video,46,a,1785617414.205,1785617414.841,0.636,0.6641,0.332,2.0,orphan candidate on detector '46' not registered: pulse 0.636s < gate 0.664s
1785617414.871,2026-08-01 14:50:14.871299,201,below_sampling_floor,rule2_orphan_pulse,2:46,2,46,video,radar,46,b,1785617414.205,1785617414.841,0.636,0.6641,0.332,2.0,orphan candidate on detector '46' not registered: pulse 0.636s < gate 0.664s
1785617419.813,2026-08-01 14:50:19.813228,201,below_sampling_floor,rule2_orphan_pulse,26:33,33,26,radar,video,33,a,1785617419.407,1785617419.723,0.315,0.658,0.329,2.0,orphan candidate on detector '33' not registered: pulse 0.315s < gate 0.658s
1785617421.731,2026-08-01 14:50:21.730812,201,below_sampling_floor,rule2_orphan_pulse,26:33,33,26,radar,video,33,a,1785617421.050,1785617421.701,0.65,0.658,0.329,2.0,orphan candidate on detector '33' not registered: pulse 0.650s < gate 0.658s
1785617425.057,2026-08-01 14:50:25.056934,201,below_sampling_floor,rule2_orphan_pulse,30:41,41,30,radar,video,30,b,1785617424.317,1785617424.960,0.643,0.658,0.329,2.0,orphan candidate on detector '30' not registered: pulse 0.643s < gate 0.658s
1785617425.058,2026-08-01 14:50:25.057944,201,below_sampling_floor,rule2_orphan_pulse,3:30,30,3,video,video,30,a,1785617424.317,1785617424.960,0.643,0.658,0.329,2.0,orphan candidate on detector '30' not registered: pulse 0.643s < gate 0.658s
1785617425.362,2026-08-01 14:50:25.361848,201,below_sampling_floor,rule2_orphan_pulse,26:33,33,26,radar,video,33,a,1785617424.637,1785617425.291,0.655,0.658,0.329,2.0,orphan candidate on detector '33' not registered: pulse 0.655s < gate 0.658s
1785617429.896,2026-08-01 14:50:29.896281,201,below_sampling_floor,rule2_orphan_pulse,26:33,33,26,radar,video,33,a,1785617429.245,1785617429.896,0.651,0.658,0.329,2.0,orphan candidate on detector '33' not registered: pulse 0.651s < gate 0.658s
1785617440.383,2026-08-01 14:50:40.383000,201,below_sampling_floor,rule2_orphan_pulse,31:42,42,31,radar,video,31,b,1785617439.939,1785617440.291,0.352,0.658,0.329,2.0,orphan candidate on detector '31' not registered: pulse 0.352s < gate 0.658s
1785617440.387,2026-08-01 14:50:40.387033,201,below_sampling_floor,rule2_orphan_pulse,31:8,31,8,video,video,31,a,1785617439.939,1785617440.291,0.352,0.658,0.329,2.0,orphan candidate on detector '31' not registered: pulse 0.352s < gate 0.658s
1785617469.734,2026-08-01 14:51:09.733967,201,below_sampling_floor,rule2_orphan_pulse,29:43,43,29,radar,video,29,b,1785617469.372,1785617469.692,0.32,0.658,0.329,2.0,orphan candidate on detector '29' not registered: pulse 0.320s < gate 0.658s
1785617519.557,2026-08-01 14:51:59.557162,201,below_sampling_floor,rule2_orphan_pulse,3:30,30,3,video,video,30,a,1785617460.625,1785617460.954,0.329,0.6612,0.3306,2.0,orphan candidate on detector '30' not registered: pulse 0.329s < gate 0.661s
1785617519.557,2026-08-01 14:51:59.557162,201,below_sampling_floor,rule2_orphan_pulse,3:30,30,3,video,video,3,b,1785617519.063,1785617519.468,0.405,0.6612,0.3306,2.0,orphan candidate on detector '3' not registered: pulse 0.405s < gate 0.661s
1785617519.562,2026-08-01 14:51:59.561910,201,below_sampling_floor,rule2_orphan_pulse,3:41,3,41,video,radar,3,a,1785617519.063,1785617519.468,0.405,0.6612,0.3306,2.0,orphan candidate on detector '3' not registered: pulse 0.405s < gate 0.661s
1785617526.020,2026-08-01 14:52:06.019683,201,below_sampling_floor,rule2_orphan_pulse,30:41,41,30,radar,video,30,b,1785617460.625,1785617460.954,0.329,0.6612,0.3306,2.0,orphan candidate on detector '30' not registered: pulse 0.329s < gate 0.661s
1785617533.398,2026-08-01 14:52:13.398488,201,below_sampling_floor,rule2_orphan_pulse,26:33,33,26,radar,video,33,a,1785617533.063,1785617533.383,0.32,0.6612,0.3306,2.0,orphan candidate on detector '33' not registered: pulse 0.320s < gate 0.661s
1785617541.588,2026-08-01 14:52:21.588231,201,below_sampling_floor,rule2_orphan_pulse,17:46,46,17,radar,video,46,a,1785617540.958,1785617541.587,0.629,0.6618,0.3309,2.0,orphan candidate on detector '46' not registered: pulse 0.629s < gate 0.662s
1785617541.590,2026-08-01 14:52:21.590384,201,below_sampling_floor,rule2_orphan_pulse,2:46,2,46,video,radar,46,b,1785617540.958,1785617541.587,0.629,0.6618,0.3309,2.0,orphan candidate on detector '46' not registered: pulse 0.629s < gate 0.662s
1785617542.900,2026-08-01 14:52:22.899988,201,below_sampling_floor,rule2_orphan_pulse,17:2,17,2,video,video,2,b,1785617542.234,1785617542.892,0.658,0.6618,0.3309,2.0,orphan candidate on detector '2' not registered: pulse 0.658s < gate 0.662s
1785617542.900,2026-08-01 14:52:22.899988,201,below_sampling_floor,rule2_orphan_pulse,2:46,2,46,video,radar,2,a,1785617542.234,1785617542.892,0.658,0.6618,0.3309,2.0,orphan candidate on detector '2' not registered: pulse 0.658s < gate 0.662s
1785617545.530,2026-08-01 14:52:25.529654,201,below_sampling_floor,rule2_orphan_pulse,17:2,17,2,video,video,2,b,1785617544.833,1785617545.481,0.648,0.6618,0.3309,2.0,orphan candidate on detector '2' not registered: pulse 0.648s < gate 0.662s
1785617545.531,2026-08-01 14:52:25.530706,201,below_sampling_floor,rule2_orphan_pulse,2:46,2,46,video,radar,2,a,1785617544.833,1785617545.481,0.648,0.6618,0.3309,2.0,orphan candidate on detector '2' not registered: pulse 0.648s < gate 0.662s
1785617546.844,2026-08-01 14:52:26.843598,201,below_sampling_floor,rule2_orphan_pulse,17:46,46,17,radar,video,46,a,1785617546.137,1785617546.788,0.651,0.6618,0.3309,2.0,orphan candidate on detector '46' not registered: pulse 0.651s < gate 0.662s
1785617546.844,2026-08-01 14:52:26.843598,201,below_sampling_floor,rule2_orphan_pulse,2:46,2,46,video,radar,46,b,1785617546.137,1785617546.788,0.651,0.6618,0.3309,2.0,orphan candidate on detector '46' not registered: pulse 0.651s < gate 0.662s
1785617548.154,2026-08-01 14:52:28.153984,201,below_sampling_floor,rule2_orphan_pulse,17:2,17,2,video,video,2,b,1785617547.426,1785617548.087,0.661,0.6618,0.3309,2.0,orphan candidate on detector '2' not registered: pulse 0.661s < gate 0.662s
1785617548.156,2026-08-01 14:52:28.156015,201,below_sampling_floor,rule2_orphan_pulse,2:46,2,46,video,radar,2,a,1785617547.426,1785617548.087,0.661,0.6618,0.3309,2.0,orphan candidate on detector '2' not registered: pulse 0.661s < gate 0.662s
1785617576.769,2026-08-01 14:52:56.769289,201,below_sampling_floor,rule2_orphan_pulse,29:43,43,29,radar,video,29,b,1785617576.353,1785617576.686,0.334,0.6618,0.3309,2.0,orphan candidate on detector '29' not registered: pulse 0.334s < gate 0.662s
1785617616.390,2026-08-01 14:53:36.389997,201,below_sampling_floor,rule2_orphan_pulse,29:43,43,29,radar,video,29,b,1785617616.050,1785617616.364,0.314,0.6629,0.3314,2.0,orphan candidate on detector '29' not registered: pulse 0.314s < gate 0.663s
1785617617.705,2026-08-01 14:53:37.705268,201,below_sampling_floor,rule2_orphan_pulse,29:43,43,29,radar,video,29,b,1785617616.992,1785617617.637,0.645,0.6629,0.3314,2.0,orphan candidate on detector '29' not registered: pulse 0.645s < gate 0.663s
1785617618.715,2026-08-01 14:53:38.715124,201,below_sampling_floor,rule2_orphan_pulse,31:42,42,31,radar,video,31,b,1785617618.295,1785617618.629,0.335,0.6629,0.3314,2.0,orphan candidate on detector '31' not registered: pulse 0.335s < gate 0.663s
1785617618.715,2026-08-01 14:53:38.715124,201,below_sampling_floor,rule2_orphan_pulse,31:8,31,8,video,video,31,a,1785617618.295,1785617618.629,0.335,0.6629,0.3314,2.0,orphan candidate on detector '31' not registered: pulse 0.335s < gate 0.663s
1785617657.715,2026-08-01 14:54:17.714804,201,below_sampling_floor,rule2_orphan_pulse,26:33,33,26,radar,video,33,a,1785617657.331,1785617657.650,0.318,0.6431,0.3216,2.0,orphan candidate on detector '33' not registered: pulse 0.318s < gate 0.643s
1785617708.867,2026-08-01 14:55:08.867345,201,below_sampling_floor,rule2_orphan_pulse,3:30,30,3,video,video,3,b,1785617708.505,1785617708.837,0.332,0.6431,0.3216,2.0,orphan candidate on detector '3' not registered: pulse 0.332s < gate 0.643s
1785617711.197,2026-08-01 14:55:11.196579,201,below_sampling_floor,rule2_orphan_pulse,31:42,42,31,radar,video,42,a,1785617710.765,1785617711.129,0.364,0.6431,0.3216,2.0,orphan candidate on detector '42' not registered: pulse 0.364s < gate 0.643s
1785617711.198,2026-08-01 14:55:11.197589,201,below_sampling_floor,rule2_orphan_pulse,42:8,8,42,video,radar,42,b,1785617710.765,1785617711.129,0.364,0.6431,0.3216,2.0,orphan candidate on detector '42' not registered: pulse 0.364s < gate 0.643s
1785617769.353,2026-08-01 14:56:09.353188,201,below_sampling_floor,rule2_orphan_pulse,31:42,42,31,radar,video,31,b,1785617768.963,1785617769.297,0.334,0.6566,0.3283,2.0,orphan candidate on detector '31' not registered: pulse 0.334s < gate 0.657s
1785617769.354,2026-08-01 14:56:09.354197,201,below_sampling_floor,rule2_orphan_pulse,31:8,31,8,video,video,31,a,1785617768.963,1785617769.297,0.334,0.6566,0.3283,2.0,orphan candidate on detector '31' not registered: pulse 0.334s < gate 0.657s
1785617775.513,2026-08-01 14:56:15.512801,201,below_sampling_floor,rule2_orphan_pulse,31:42,42,31,radar,video,31,b,1785617775.158,1785617775.475,0.317,0.6499,0.325,2.0,orphan candidate on detector '31' not registered: pulse 0.317s < gate 0.650s
1785617775.513,2026-08-01 14:56:15.513366,201,below_sampling_floor,rule2_orphan_pulse,31:8,31,8,video,video,31,a,1785617775.158,1785617775.475,0.317,0.6499,0.325,2.0,orphan candidate on detector '31' not registered: pulse 0.317s < gate 0.650s
1785617860.744,2026-08-01 14:57:40.744256,201,below_sampling_floor,rule2_orphan_pulse,17:46,46,17,radar,video,46,a,1785617860.416,1785617860.717,0.301,0.6605,0.3302,2.0,orphan candidate on detector '46' not registered: pulse 0.301s < gate 0.660s
1785617860.744,2026-08-01 14:57:40.744256,201,below_sampling_floor,rule2_orphan_pulse,2:46,2,46,video,radar,46,b,1785617860.416,1785617860.717,0.301,0.6605,0.3302,2.0,orphan candidate on detector '46' not registered: pulse 0.301s < gate 0.660s
1785617886.534,2026-08-01 14:58:06.534050,201,below_sampling_floor,rule2_orphan_pulse,26:33,33,26,radar,video,33,a,1785617885.862,1785617886.514,0.652,0.6605,0.3302,2.0,orphan candidate on detector '33' not registered: pulse 0.652s < gate 0.660s
1785617891.676,2026-08-01 14:58:11.675915,201,below_sampling_floor,rule2_orphan_pulse,29:43,43,29,radar,video,43,a,1785617891.015,1785617891.646,0.632,0.6605,0.3302,2.0,orphan candidate on detector '43' not registered: pulse 0.632s < gate 0.660s
1785617893.000,2026-08-01 14:58:13.000260,201,below_sampling_floor,rule2_orphan_pulse,31:42,42,31,radar,video,31,b,1785617892.277,1785617892.914,0.637,0.6605,0.3302,2.0,orphan candidate on detector '31' not registered: pulse 0.637s < gate 0.660s
1785617893.002,2026-08-01 14:58:13.001783,201,below_sampling_floor,rule2_orphan_pulse,31:8,31,8,video,video,31,a,1785617892.277,1785617892.914,0.637,0.6605,0.3302,2.0,orphan candidate on detector '31' not registered: pulse 0.637s < gate 0.660s
1785617899.179,2026-08-01 14:58:19.178797,201,below_sampling_floor,rule2_orphan_pulse,17:46,46,17,radar,video,46,a,1785617898.786,1785617899.112,0.327,0.6411,0.3206,2.0,orphan candidate on detector '46' not registered: pulse 0.327s < gate 0.641s
1785617899.181,2026-08-01 14:58:19.180809,201,below_sampling_floor,rule2_orphan_pulse,2:46,2,46,video,radar,46,b,1785617898.786,1785617899.112,0.327,0.6411,0.3206,2.0,orphan candidate on detector '46' not registered: pulse 0.327s < gate 0.641s
1785617901.105,2026-08-01 14:58:21.105068,201,below_sampling_floor,rule2_orphan_pulse,17:46,46,17,radar,video,46,a,1785617900.417,1785617901.055,0.639,0.6411,0.3206,2.0,orphan candidate on detector '46' not registered: pulse 0.639s < gate 0.641s
1785617909.780,2026-08-01 14:58:29.780301,201,below_sampling_floor,rule2_orphan_pulse,26:33,33,26,radar,video,33,a,1785617909.424,1785617909.737,0.312,0.6411,0.3206,2.0,orphan candidate on detector '33' not registered: pulse 0.312s < gate 0.641s
1785617911.714,2026-08-01 14:58:31.713886,201,below_sampling_floor,rule2_orphan_pulse,26:33,33,26,radar,video,33,a,1785617911.365,1785617911.689,0.324,0.6411,0.3206,2.0,orphan candidate on detector '33' not registered: pulse 0.324s < gate 0.641s
1785617924.831,2026-08-01 14:58:44.830782,201,below_sampling_floor,rule2_orphan_pulse,31:42,42,31,radar,video,31,b,1785617924.130,1785617924.768,0.638,0.6411,0.3206,2.0,orphan candidate on detector '31' not registered: pulse 0.638s < gate 0.641s
1785617929.368,2026-08-01 14:58:49.367784,201,below_sampling_floor,rule2_orphan_pulse,31:8,31,8,video,video,31,a,1785617924.130,1785617924.768,0.638,0.6411,0.3206,2.0,orphan candidate on detector '31' not registered: pulse 0.638s < gate 0.641s
1785617930.378,2026-08-01 14:58:50.377839,201,below_sampling_floor,rule2_orphan_pulse,29:43,43,29,radar,video,43,a,1785617929.975,1785617930.288,0.313,0.6411,0.3206,2.0,orphan candidate on detector '43' not registered: pulse 0.313s < gate 0.641s
1785617961.416,2026-08-01 14:59:21.416019,201,below_sampling_floor,rule2_orphan_pulse,17:2,17,2,video,video,2,b,1785617961.037,1785617961.374,0.337,0.6482,0.3241,2.0,orphan candidate on detector '2' not registered: pulse 0.337s < gate 0.648s
1785617961.416,2026-08-01 14:59:21.416019,201,below_sampling_floor,rule2_orphan_pulse,2:46,2,46,video,radar,2,a,1785617961.037,1785617961.374,0.337,0.6482,0.3241,2.0,orphan candidate on detector '2' not registered: pulse 0.337s < gate 0.648s
1785617961.416,2026-08-01 14:59:21.416019,201,below_sampling_floor,rule2_orphan_pulse,2:46,2,46,video,radar,46,b,1785617912.011,1785617912.656,0.645,0.6482,0.3241,2.0,orphan candidate on detector '46' not registered: pulse 0.645s < gate 0.648s
1785617961.725,2026-08-01 14:59:21.725008,201,below_sampling_floor,rule2_orphan_pulse,24:38,38,24,radar,video,24,b,1785617961.374,1785617961.690,0.316,0.6482,0.3241,2.0,orphan candidate on detector '24' not registered: pulse 0.316s < gate 0.648s
1785617961.727,2026-08-01 14:59:21.726616,201,below_sampling_floor,rule2_orphan_pulse,24:7,24,7,video,video,24,a,1785617961.374,1785617961.690,0.316,0.6482,0.3241,2.0,orphan candidate on detector '24' not registered: pulse 0.316s < gate 0.648s
1785617963.749,2026-08-01 14:59:23.749362,201,below_sampling_floor,rule2_orphan_pulse,17:46,46,17,radar,video,17,b,1785617963.336,1785617963.663,0.328,0.6482,0.3241,2.0,orphan candidate on detector '17' not registered: pulse 0.328s < gate 0.648s
1785617963.749,2026-08-01 14:59:23.749362,201,below_sampling_floor,rule2_orphan_pulse,17:2,17,2,video,video,17,a,1785617963.336,1785617963.663,0.328,0.6482,0.3241,2.0,orphan candidate on detector '17' not registered: pulse 0.328s < gate 0.648s
1785617963.749,2026-08-01 14:59:23.749362,201,below_sampling_floor,rule2_orphan_pulse,17:2,17,2,video,video,2,b,1785617963.336,1785617963.663,0.328,0.6482,0.3241,2.0,orphan candidate on detector '2' not registered: pulse 0.328s < gate 0.648s
1785617963.754,2026-08-01 14:59:23.754222,201,below_sampling_floor,rule2_orphan_pulse,2:46,2,46,video,radar,2,a,1785617963.336,1785617963.663,0.328,0.6482,0.3241,2.0,orphan candidate on detector '2' not registered: pulse 0.328s < gate 0.648s
1785617964.360,2026-08-01 14:59:24.359612,201,below_sampling_floor,rule2_orphan_pulse,17:46,46,17,radar,video,17,b,1785617963.994,1785617964.309,0.315,0.6482,0.3241,2.0,orphan candidate on detector '17' not registered: pulse 0.315s < gate 0.648s
1785617964.361,2026-08-01 14:59:24.361294,201,below_sampling_floor,rule2_orphan_pulse,17:2,17,2,video,video,17,a,1785617963.994,1785617964.309,0.315,0.6482,0.3241,2.0,orphan candidate on detector '17' not registered: pulse 0.315s < gate 0.648s
1785617964.967,2026-08-01 14:59:24.966996,201,below_sampling_floor,rule2_orphan_pulse,17:2,17,2,video,video,2,b,1785617964.625,1785617964.962,0.337,0.6482,0.3241,2.0,orphan candidate on detector '2' not registered: pulse 0.337s < gate 0.648s
1785617964.969,2026-08-01 14:59:24.969043,201,below_sampling_floor,rule2_orphan_pulse,2:46,2,46,video,radar,2,a,1785617964.625,1785617964.962,0.337,0.6482,0.3241,2.0,orphan candidate on detector '2' not registered: pulse 0.337s < gate 0.648s
1785618015.150,2026-08-01 15:00:15.150244,201,below_sampling_floor,rule2_orphan_pulse,3:30,30,3,video,video,3,b,1785618014.778,1785618015.113,0.335,0.6632,0.3316,2.0,orphan candidate on detector '3' not registered: pulse 0.335s < gate 0.663s
1785618015.190,2026-08-01 15:00:15.190025,201,below_sampling_floor,rule2_orphan_pulse,3:41,3,41,video,radar,3,a,1785618014.778,1785618015.113,0.335,0.6632,0.3316,2.0,orphan candidate on detector '3' not registered: pulse 0.335s < gate 0.663s
1785618027.746,2026-08-01 15:00:27.746482,201,below_sampling_floor,rule2_orphan_pulse,29:43,43,29,radar,video,29,b,1785618027.342,1785618027.658,0.316,0.6632,0.3316,2.0,orphan candidate on detector '29' not registered: pulse 0.316s < gate 0.663s
1785618049.121,2026-08-01 15:00:49.121433,201,below_sampling_floor,rule2_orphan_pulse,31:42,42,31,radar,video,31,b,1785618048.695,1785618049.058,0.363,0.6632,0.3316,2.0,orphan candidate on detector '31' not registered: pulse 0.363s < gate 0.663s
1785618049.121,2026-08-01 15:00:49.121433,201,below_sampling_floor,rule2_orphan_pulse,31:8,31,8,video,video,31,a,1785618048.695,1785618049.058,0.363,0.6632,0.3316,2.0,orphan candidate on detector '31' not registered: pulse 0.363s < gate 0.663s
1785618099.571,2026-08-01 15:01:39.570703,201,below_sampling_floor,rule2_orphan_pulse,17:46,46,17,radar,video,46,a,1785618098.893,1785618099.544,0.65,0.6525,0.3263,2.0,orphan candidate on detector '46' not registered: pulse 0.650s < gate 0.653s
1785618099.572,2026-08-01 15:01:39.571714,201,below_sampling_floor,rule2_orphan_pulse,2:46,2,46,video,radar,46,b,1785618098.893,1785618099.544,0.65,0.6525,0.3263,2.0,orphan candidate on detector '46' not registered: pulse 0.650s < gate 0.653s
1785618113.399,2026-08-01 15:01:53.398746,201,below_sampling_floor,rule2_orphan_pulse,31:8,31,8,video,video,31,a,1785618113.047,1785618113.388,0.341,0.6525,0.3263,2.0,orphan candidate on detector '31' not registered: pulse 0.341s < gate 0.653s
1785618118.238,2026-08-01 15:01:58.238181,201,below_sampling_floor,rule2_orphan_pulse,31:8,31,8,video,video,31,a,1785618117.897,1785618118.221,0.324,0.6525,0.3263,2.0,orphan candidate on detector '31' not registered: pulse 0.324s < gate 0.653s
1785618119.566,2026-08-01 15:01:59.565757,201,below_sampling_floor,rule2_orphan_pulse,29:43,43,29,radar,video,43,a,1785618119.192,1785618119.520,0.328,0.6525,0.3263,2.0,orphan candidate on detector '43' not registered: pulse 0.328s < gate 0.653s
1785618119.568,2026-08-01 15:01:59.568321,201,below_sampling_floor,rule2_orphan_pulse,31:8,31,8,video,video,31,a,1785618119.192,1785618119.520,0.328,0.6525,0.3263,2.0,orphan candidate on detector '31' not registered: pulse 0.328s < gate 0.653s
1785618131.167,2026-08-01 15:02:11.166739,201,below_sampling_floor,rule2_orphan_pulse,26:33,33,26,radar,video,33,a,1785618130.841,1785618131.165,0.324,0.6525,0.3263,2.0,orphan candidate on detector '33' not registered: pulse 0.324s < gate 0.653s
1785618132.474,2026-08-01 15:02:12.474300,201,below_sampling_floor,rule2_orphan_pulse,26:33,33,26,radar,video,33,a,1785618132.118,1785618132.435,0.317,0.6525,0.3263,2.0,orphan candidate on detector '33' not registered: pulse 0.317s < gate 0.653s
1785618135.019,2026-08-01 15:02:15.018840,201,below_sampling_floor,rule2_orphan_pulse,26:33,33,26,radar,video,33,a,1785618134.683,1785618134.994,0.311,0.6525,0.3263,2.0,orphan candidate on detector '33' not registered: pulse 0.311s < gate 0.653s
1785618137.622,2026-08-01 15:02:17.621721,201,below_sampling_floor,rule2_orphan_pulse,26:33,33,26,radar,video,33,a,1785618137.231,1785618137.554,0.323,0.641,0.3205,2.0,orphan candidate on detector '33' not registered: pulse 0.323s < gate 0.641s
1785618141.160,2026-08-01 15:02:21.160066,201,below_sampling_floor,rule2_orphan_pulse,26:33,33,26,radar,video,33,a,1785618140.744,1785618141.065,0.322,0.641,0.3205,2.0,orphan candidate on detector '33' not registered: pulse 0.322s < gate 0.641s
1785618156.783,2026-08-01 15:02:36.782621,201,below_sampling_floor,rule2_orphan_pulse,17:2,17,2,video,video,2,b,1785618156.464,1785618156.779,0.315,0.641,0.3205,2.0,orphan candidate on detector '2' not registered: pulse 0.315s < gate 0.641s
1785618156.784,2026-08-01 15:02:36.783716,201,below_sampling_floor,rule2_orphan_pulse,2:46,2,46,video,radar,2,a,1785618156.464,1785618156.779,0.315,0.641,0.3205,2.0,orphan candidate on detector '2' not registered: pulse 0.315s < gate 0.641s
1785618184.710,2026-08-01 15:03:04.710381,201,below_sampling_floor,rule2_orphan_pulse,31:42,42,31,radar,video,31,b,1785618119.192,1785618119.520,0.328,0.641,0.3205,2.0,orphan candidate on detector '31' not registered: pulse 0.328s < gate 0.641s
1785618208.110,2026-08-01 15:03:28.110400,201,below_sampling_floor,rule2_orphan_pulse,31:42,42,31,radar,video,42,a,1785618207.414,1785618208.079,0.664,0.6692,0.3346,2.0,orphan candidate on detector '42' not registered: pulse 0.664s < gate 0.669s
1785618208.115,2026-08-01 15:03:28.114686,201,below_sampling_floor,rule2_orphan_pulse,42:8,8,42,video,radar,42,b,1785618207.414,1785618208.079,0.664,0.6692,0.3346,2.0,orphan candidate on detector '42' not registered: pulse 0.664s < gate 0.669s
1785618208.722,2026-08-01 15:03:28.721543,201,below_sampling_floor,rule2_orphan_pulse,31:42,42,31,radar,video,42,a,1785618208.392,1785618208.720,0.328,0.6692,0.3346,2.0,orphan candidate on detector '42' not registered: pulse 0.328s < gate 0.669s
1785618208.723,2026-08-01 15:03:28.723048,201,below_sampling_floor,rule2_orphan_pulse,42:8,8,42,video,radar,42,b,1785618208.392,1785618208.720,0.328,0.6692,0.3346,2.0,orphan candidate on detector '42' not registered: pulse 0.328s < gate 0.669s
1785618210.341,2026-08-01 15:03:30.340849,201,below_sampling_floor,rule2_orphan_pulse,31:42,42,31,radar,video,42,a,1785618210.016,1785618210.332,0.315,0.6692,0.3346,2.0,orphan candidate on detector '42' not registered: pulse 0.315s < gate 0.669s
1785618210.341,2026-08-01 15:03:30.340849,201,below_sampling_floor,rule2_orphan_pulse,42:8,8,42,video,radar,42,b,1785618210.016,1785618210.332,0.315,0.6692,0.3346,2.0,orphan candidate on detector '42' not registered: pulse 0.315s < gate 0.669s
1785618237.048,2026-08-01 15:03:57.048419,201,below_sampling_floor,rule2_orphan_pulse,26:33,33,26,radar,video,33,a,1785618236.340,1785618236.996,0.656,0.6692,0.3346,2.0,orphan candidate on detector '33' not registered: pulse 0.656s < gate 0.669s
1785618240.982,2026-08-01 15:04:00.981569,201,below_sampling_floor,rule2_orphan_pulse,26:33,33,26,radar,video,33,a,1785618240.651,1785618240.966,0.315,0.6692,0.3346,2.0,orphan candidate on detector '33' not registered: pulse 0.315s < gate 0.669s
1785618245.922,2026-08-01 15:04:05.922293,201,below_sampling_floor,rule2_orphan_pulse,26:33,33,26,radar,video,33,a,1785618245.575,1785618245.905,0.33,0.6692,0.3346,2.0,orphan candidate on detector '33' not registered: pulse 0.330s < gate 0.669s
1785618253.183,2026-08-01 15:04:13.182504,201,below_sampling_floor,rule2_orphan_pulse,26:33,33,26,radar,video,33,a,1785618252.789,1785618253.101,0.311,0.6692,0.3346,2.0,orphan candidate on detector '33' not registered: pulse 0.311s < gate 0.669s
1785618257.719,2026-08-01 15:04:17.718647,201,below_sampling_floor,rule2_orphan_pulse,26:33,33,26,radar,video,33,a,1785618257.001,1785618257.641,0.64,0.6564,0.3282,2.0,orphan candidate on detector '33' not registered: pulse 0.640s < gate 0.656s
1785618277.877,2026-08-01 15:04:37.877452,201,below_sampling_floor,rule2_orphan_pulse,26:33,33,26,radar,video,33,a,1785618277.546,1785618277.873,0.328,0.6564,0.3282,2.0,orphan candidate on detector '33' not registered: pulse 0.328s < gate 0.656s
1785618289.868,2026-08-01 15:04:49.867564,201,below_sampling_floor,rule2_orphan_pulse,26:33,33,26,radar,video,33,a,1785618289.536,1785618289.868,0.331,0.6564,0.3282,2.0,orphan candidate on detector '33' not registered: pulse 0.331s < gate 0.656s
1785618304.388,2026-08-01 15:05:04.387876,201,below_sampling_floor,rule2_orphan_pulse,31:42,42,31,radar,video,42,a,1785618303.699,1785618304.339,0.64,0.6564,0.3282,2.0,orphan candidate on detector '42' not registered: pulse 0.640s < gate 0.656s
1785618304.389,2026-08-01 15:05:04.388883,201,below_sampling_floor,rule2_orphan_pulse,42:8,8,42,video,radar,42,b,1785618303.699,1785618304.339,0.64,0.6564,0.3282,2.0,orphan candidate on detector '42' not registered: pulse 0.640s < gate 0.656s
1785618311.847,2026-08-01 15:05:11.846885,201,below_sampling_floor,rule2_orphan_pulse,29:43,43,29,radar,video,29,b,1785618311.444,1785618311.765,0.321,0.6564,0.3282,2.0,orphan candidate on detector '29' not registered: pulse 0.321s < gate 0.656s
1785618430.665,2026-08-01 15:07:10.665406,201,below_sampling_floor,rule2_orphan_pulse,26:33,33,26,radar,video,33,a,1785618429.965,1785618430.611,0.646,0.6509,0.3254,2.0,orphan candidate on detector '33' not registered: pulse 0.646s < gate 0.651s
1785618436.112,2026-08-01 15:07:16.111872,201,below_sampling_floor,rule2_orphan_pulse,26:33,33,26,radar,video,33,a,1785618435.450,1785618436.073,0.623,0.6434,0.3217,2.0,orphan candidate on detector '33' not registered: pulse 0.623s < gate 0.643s
1785618438.735,2026-08-01 15:07:18.734826,201,below_sampling_floor,rule2_orphan_pulse,26:33,33,26,radar,video,33,a,1785618438.310,1785618438.658,0.348,0.6434,0.3217,2.0,orphan candidate on detector '33' not registered: pulse 0.348s < gate 0.643s
1785618487.508,2026-08-01 15:08:07.507959,201,below_sampling_floor,rule2_orphan_pulse,26:33,33,26,radar,video,33,a,1785618485.824,1785618486.147,0.323,0.6434,0.3217,2.0,orphan candidate on detector '33' not registered: pulse 0.323s < gate 0.643s
1785618495.477,2026-08-01 15:08:15.476758,201,below_sampling_floor,rule2_orphan_pulse,26:33,33,26,radar,video,33,a,1785618495.059,1785618495.387,0.328,0.656,0.328,2.0,orphan candidate on detector '33' not registered: pulse 0.328s < gate 0.656s
1785618552.249,2026-08-01 15:09:12.248931,201,below_sampling_floor,rule2_orphan_pulse,24:7,24,7,video,video,7,b,1785618551.894,1785618552.210,0.316,0.656,0.328,2.0,orphan candidate on detector '7' not registered: pulse 0.316s < gate 0.656s
1785618552.276,2026-08-01 15:09:12.275666,201,below_sampling_floor,rule2_orphan_pulse,38:7,7,38,video,radar,7,a,1785618551.894,1785618552.210,0.316,0.656,0.328,2.0,orphan candidate on detector '7' not registered: pulse 0.316s < gate 0.656s
1785618552.882,2026-08-01 15:09:12.881808,201,below_sampling_floor,rule2_orphan_pulse,17:2,17,2,video,video,2,b,1785618552.210,1785618552.864,0.654,0.656,0.328,2.0,orphan candidate on detector '2' not registered: pulse 0.654s < gate 0.656s
1785618552.892,2026-08-01 15:09:12.892321,201,below_sampling_floor,rule2_orphan_pulse,2:46,2,46,video,radar,2,a,1785618552.210,1785618552.864,0.654,0.656,0.328,2.0,orphan candidate on detector '2' not registered: pulse 0.654s < gate 0.656s
1785618557.228,2026-08-01 15:09:17.228281,201,below_sampling_floor,rule2_orphan_pulse,26:33,33,26,radar,video,33,a,1785618556.886,1785618557.228,0.343,0.6551,0.3276,2.0,orphan candidate on detector '33' not registered: pulse 0.343s < gate 0.655s
1785618560.965,2026-08-01 15:09:20.965184,201,below_sampling_floor,rule2_orphan_pulse,26:33,33,26,radar,video,33,a,1785618560.547,1785618560.874,0.327,0.6551,0.3276,2.0,orphan candidate on detector '33' not registered: pulse 0.327s < gate 0.655s
1785618570.245,2026-08-01 15:09:30.244571,201,below_sampling_floor,rule2_orphan_pulse,31:42,42,31,radar,video,42,a,1785618569.810,1785618570.168,0.359,0.6551,0.3276,2.0,orphan candidate on detector '42' not registered: pulse 0.359s < gate 0.655s
1785618570.248,2026-08-01 15:09:30.247758,201,below_sampling_floor,rule2_orphan_pulse,42:8,8,42,video,radar,42,b,1785618569.810,1785618570.168,0.359,0.6551,0.3276,2.0,orphan candidate on detector '42' not registered: pulse 0.359s < gate 0.655s
1785618578.327,2026-08-01 15:09:38.327449,201,below_sampling_floor,rule2_orphan_pulse,26:33,33,26,radar,video,33,a,1785618577.889,1785618578.229,0.34,0.6551,0.3276,2.0,orphan candidate on detector '33' not registered: pulse 0.340s < gate 0.655s
1785618582.972,2026-08-01 15:09:42.971842,201,below_sampling_floor,rule2_orphan_pulse,30:41,41,30,radar,video,30,b,1785618582.269,1785618582.911,0.642,0.6551,0.3276,2.0,orphan candidate on detector '30' not registered: pulse 0.642s < gate 0.655s
1785618582.979,2026-08-01 15:09:42.978803,201,below_sampling_floor,rule2_orphan_pulse,3:30,30,3,video,video,30,a,1785618582.269,1785618582.911,0.642,0.6551,0.3276,2.0,orphan candidate on detector '30' not registered: pulse 0.642s < gate 0.655s
1785618587.912,2026-08-01 15:09:47.912361,201,below_sampling_floor,rule2_orphan_pulse,26:33,33,26,radar,video,33,a,1785618587.515,1785618587.853,0.338,0.6551,0.3276,2.0,orphan candidate on detector '33' not registered: pulse 0.338s < gate 0.655s
1785618655.869,2026-08-01 15:10:55.868972,201,below_sampling_floor,rule2_orphan_pulse,26:33,33,26,radar,video,33,a,1785618655.124,1785618655.771,0.647,0.6768,0.3384,2.0,orphan candidate on detector '33' not registered: pulse 0.647s < gate 0.677s
1785618658.503,2026-08-01 15:10:58.502887,201,below_sampling_floor,rule2_orphan_pulse,26:33,33,26,radar,video,33,a,1785618658.075,1785618658.410,0.335,0.6768,0.3384,2.0,orphan candidate on detector '33' not registered: pulse 0.335s < gate 0.677s
1785618662.559,2026-08-01 15:11:02.558561,201,below_sampling_floor,rule2_orphan_pulse,17:2,17,2,video,video,2,b,1785618662.128,1785618662.481,0.353,0.6768,0.3384,2.0,orphan candidate on detector '2' not registered: pulse 0.353s < gate 0.677s
1785618668.523,2026-08-01 15:11:08.523014,201,below_sampling_floor,rule2_orphan_pulse,31:42,42,31,radar,video,31,b,1785618667.845,1785618668.491,0.645,0.6768,0.3384,2.0,orphan candidate on detector '31' not registered: pulse 0.645s < gate 0.677s
1785618668.523,2026-08-01 15:11:08.523014,201,below_sampling_floor,rule2_orphan_pulse,31:8,31,8,video,video,31,a,1785618667.845,1785618668.491,0.645,0.6768,0.3384,2.0,orphan candidate on detector '31' not registered: pulse 0.645s < gate 0.677s
1785618670.141,2026-08-01 15:11:10.140679,201,below_sampling_floor,rule2_orphan_pulse,31:42,42,31,radar,video,31,b,1785618669.815,1785618670.137,0.322,0.6768,0.3384,2.0,orphan candidate on detector '31' not registered: pulse 0.322s < gate 0.677s
1785618670.142,2026-08-01 15:11:10.142194,201,below_sampling_floor,rule2_orphan_pulse,31:8,31,8,video,video,31,a,1785618669.815,1785618670.137,0.322,0.6768,0.3384,2.0,orphan candidate on detector '31' not registered: pulse 0.322s < gate 0.677s
1785618670.552,2026-08-01 15:11:10.552376,201,below_sampling_floor,rule2_orphan_pulse,26:33,33,26,radar,video,33,a,1785618670.137,1785618670.479,0.342,0.6768,0.3384,2.0,orphan candidate on detector '33' not registered: pulse 0.342s < gate 0.677s
1785618671.474,2026-08-01 15:11:11.474002,201,below_sampling_floor,rule2_orphan_pulse,31:42,42,31,radar,video,31,b,1785618671.128,1785618671.462,0.334,0.6768,0.3384,2.0,orphan candidate on detector '31' not registered: pulse 0.334s < gate 0.677s
1785618671.475,2026-08-01 15:11:11.475012,201,below_sampling_floor,rule2_orphan_pulse,31:8,31,8,video,video,31,a,1785618671.128,1785618671.462,0.334,0.6768,0.3384,2.0,orphan candidate on detector '31' not registered: pulse 0.334s < gate 0.677s
1785618734.547,2026-08-01 15:12:14.547314,201,below_sampling_floor,rule2_orphan_pulse,17:2,17,2,video,video,2,b,1785618733.840,1785618734.493,0.652,0.6624,0.3312,2.0,orphan candidate on detector '2' not registered: pulse 0.652s < gate 0.662s
1785618734.547,2026-08-01 15:12:14.547314,201,below_sampling_floor,rule2_orphan_pulse,2:46,2,46,video,radar,2,a,1785618733.840,1785618734.493,0.652,0.6624,0.3312,2.0,orphan candidate on detector '2' not registered: pulse 0.652s < gate 0.662s
1785618802.333,2026-08-01 15:13:22.333400,201,below_sampling_floor,rule2_orphan_pulse,31:42,42,31,radar,video,42,a,1785618801.961,1785618802.288,0.327,0.6462,0.3231,2.0,orphan candidate on detector '42' not registered: pulse 0.327s < gate 0.646s
1785618802.333,2026-08-01 15:13:22.333400,201,below_sampling_floor,rule2_orphan_pulse,42:8,8,42,video,radar,42,b,1785618801.961,1785618802.288,0.327,0.6462,0.3231,2.0,orphan candidate on detector '42' not registered: pulse 0.327s < gate 0.646s
1785618805.261,2026-08-01 15:13:25.260942,201,below_sampling_floor,rule2_orphan_pulse,29:43,43,29,radar,video,29,b,1785618804.866,1785618805.184,0.318,0.6462,0.3231,2.0,orphan candidate on detector '29' not registered: pulse 0.318s < gate 0.646s
1785618859.911,2026-08-01 15:14:19.910569,201,below_sampling_floor,rule2_orphan_pulse,31:42,42,31,radar,video,31,b,1785618859.571,1785618859.894,0.323,0.6602,0.3301,2.0,orphan candidate on detector '31' not registered: pulse 0.323s < gate 0.660s
1785618863.946,2026-08-01 15:14:23.946180,201,below_sampling_floor,rule2_orphan_pulse,31:8,31,8,video,video,31,a,1785618859.571,1785618859.894,0.323,0.6602,0.3301,2.0,orphan candidate on detector '31' not registered: pulse 0.323s < gate 0.660s
1785618876.176,2026-08-01 15:14:36.175559,201,below_sampling_floor,rule2_orphan_pulse,26:33,33,26,radar,video,33,a,1785618875.815,1785618876.126,0.312,0.6602,0.3301,2.0,orphan candidate on detector '33' not registered: pulse 0.312s < gate 0.660s
1785618879.396,2026-08-01 15:14:39.396161,201,below_sampling_floor,rule2_orphan_pulse,26:33,33,26,radar,video,33,a,1785618879.034,1785618879.358,0.324,0.6602,0.3301,2.0,orphan candidate on detector '33' not registered: pulse 0.324s < gate 0.660s
1785618881.616,2026-08-01 15:14:41.616423,201,below_sampling_floor,rule2_orphan_pulse,26:33,33,26,radar,video,33,a,1785618880.962,1785618881.592,0.63,0.6602,0.3301,2.0,orphan candidate on detector '33' not registered: pulse 0.630s < gate 0.660s
1785618905.923,2026-08-01 15:15:05.923421,201,below_sampling_floor,rule2_orphan_pulse,29:43,43,29,radar,video,43,a,1785618905.570,1785618905.900,0.33,0.6602,0.3301,2.0,orphan candidate on detector '43' not registered: pulse 0.330s < gate 0.660s
1785618927.896,2026-08-01 15:15:27.896021,201,below_sampling_floor,rule2_orphan_pulse,29:43,43,29,radar,video,43,a,1785618927.157,1785618927.807,0.65,0.6684,0.3342,2.0,orphan candidate on detector '43' not registered: pulse 0.650s < gate 0.668s
1785618989.084,2026-08-01 15:16:29.084247,201,below_sampling_floor,rule2_orphan_pulse,17:46,46,17,radar,video,46,a,1785618988.358,1785618988.991,0.633,0.651,0.3255,2.0,orphan candidate on detector '46' not registered: pulse 0.633s < gate 0.651s
1785618989.085,2026-08-01 15:16:29.085336,201,below_sampling_floor,rule2_orphan_pulse,2:46,2,46,video,radar,46,b,1785618988.358,1785618988.991,0.633,0.651,0.3255,2.0,orphan candidate on detector '46' not registered: pulse 0.633s < gate 0.651s
1785618990.298,2026-08-01 15:16:30.297727,201,below_sampling_floor,rule2_orphan_pulse,17:2,17,2,video,video,2,b,1785618989.627,1785618990.277,0.649,0.651,0.3255,2.0,orphan candidate on detector '2' not registered: pulse 0.649s < gate 0.651s
1785618990.300,2026-08-01 15:16:30.299738,201,below_sampling_floor,rule2_orphan_pulse,2:46,2,46,video,radar,2,a,1785618989.627,1785618990.277,0.649,0.651,0.3255,2.0,orphan candidate on detector '2' not registered: pulse 0.649s < gate 0.651s
1785619001.004,2026-08-01 15:16:41.004194,201,below_sampling_floor,rule2_orphan_pulse,26:33,33,26,radar,video,33,a,1785619000.280,1785619000.914,0.635,0.651,0.3255,2.0,orphan candidate on detector '33' not registered: pulse 0.635s < gate 0.651s
1785619003.521,2026-08-01 15:16:43.520715,201,below_sampling_floor,rule2_orphan_pulse,26:33,33,26,radar,video,33,a,1785619002.874,1785619003.508,0.634,0.651,0.3255,2.0,orphan candidate on detector '33' not registered: pulse 0.634s < gate 0.651s
1785619055.984,2026-08-01 15:17:35.984216,201,below_sampling_floor,rule2_orphan_pulse,29:43,43,29,radar,video,29,b,1785619055.620,1785619055.934,0.313,0.6425,0.3212,2.0,orphan candidate on detector '29' not registered: pulse 0.313s < gate 0.642s
1785619057.599,2026-08-01 15:17:37.599267,201,below_sampling_floor,rule2_orphan_pulse,29:43,43,29,radar,video,29,b,1785619056.909,1785619057.537,0.628,0.6425,0.3212,2.0,orphan candidate on detector '29' not registered: pulse 0.628s < gate 0.642s
1785619144.816,2026-08-01 15:19:04.816292,201,below_sampling_floor,rule2_orphan_pulse,26:33,33,26,radar,video,33,a,1785619144.464,1785619144.783,0.318,0.6688,0.3344,2.0,orphan candidate on detector '33' not registered: pulse 0.318s < gate 0.669s
1785619147.036,2026-08-01 15:19:07.036405,201,below_sampling_floor,rule2_orphan_pulse,26:33,33,26,radar,video,33,a,1785619146.683,1785619146.996,0.313,0.6688,0.3344,2.0,orphan candidate on detector '33' not registered: pulse 0.313s < gate 0.669s
1785619149.257,2026-08-01 15:19:09.256787,201,below_sampling_floor,rule2_orphan_pulse,26:33,33,26,radar,video,33,a,1785619148.597,1785619149.244,0.647,0.6688,0.3344,2.0,orphan candidate on detector '33' not registered: pulse 0.647s < gate 0.669s
1785619160.737,2026-08-01 15:19:20.737284,201,below_sampling_floor,rule2_orphan_pulse,26:33,33,26,radar,video,33,a,1785619160.081,1785619160.707,0.626,0.6354,0.3177,2.0,orphan candidate on detector '33' not registered: pulse 0.626s < gate 0.635s
1785619168.090,2026-08-01 15:19:28.089785,201,below_sampling_floor,rule2_orphan_pulse,31:42,42,31,radar,video,31,b,1785619167.750,1785619168.069,0.32,0.6354,0.3177,2.0,orphan candidate on detector '31' not registered: pulse 0.320s < gate 0.635s
1785619168.091,2026-08-01 15:19:28.090808,201,below_sampling_floor,rule2_orphan_pulse,31:8,31,8,video,video,31,a,1785619167.750,1785619168.069,0.32,0.6354,0.3177,2.0,orphan candidate on detector '31' not registered: pulse 0.320s < gate 0.635s
1785619173.542,2026-08-01 15:19:33.542008,201,below_sampling_floor,rule2_orphan_pulse,31:8,31,8,video,video,8,b,1785619173.214,1785619173.542,0.328,0.6354,0.3177,2.0,orphan candidate on detector '8' not registered: pulse 0.328s < gate 0.635s
1785619185.861,2026-08-01 15:19:45.860721,201,below_sampling_floor,rule2_orphan_pulse,31:42,42,31,radar,video,42,a,1785619185.533,1785619185.849,0.317,0.6354,0.3177,2.0,orphan candidate on detector '42' not registered: pulse 0.317s < gate 0.635s
1785619185.863,2026-08-01 15:19:45.862736,201,below_sampling_floor,rule2_orphan_pulse,42:8,8,42,video,radar,8,a,1785619173.214,1785619173.542,0.328,0.6354,0.3177,2.0,orphan candidate on detector '8' not registered: pulse 0.328s < gate 0.635s
1785619185.863,2026-08-01 15:19:45.862736,201,below_sampling_floor,rule2_orphan_pulse,42:8,8,42,video,radar,42,b,1785619185.533,1785619185.849,0.317,0.6354,0.3177,2.0,orphan candidate on detector '42' not registered: pulse 0.317s < gate 0.635s
1785619197.158,2026-08-01 15:19:57.158462,201,below_sampling_floor,rule2_orphan_pulse,30:41,41,30,radar,video,30,b,1785619196.717,1785619197.082,0.365,0.6354,0.3177,2.0,orphan candidate on detector '30' not registered: pulse 0.365s < gate 0.635s
1785619197.158,2026-08-01 15:19:57.158462,201,below_sampling_floor,rule2_orphan_pulse,3:30,30,3,video,video,30,a,1785619196.717,1785619197.082,0.365,0.6354,0.3177,2.0,orphan candidate on detector '30' not registered: pulse 0.365s < gate 0.635s
1785619202.823,2026-08-01 15:20:02.822645,201,below_sampling_floor,rule2_orphan_pulse,17:46,46,17,radar,video,46,a,1785619202.498,1785619202.821,0.322,0.6354,0.3177,2.0,orphan candidate on detector '46' not registered: pulse 0.322s < gate 0.635s
1785619202.824,2026-08-01 15:20:02.824363,201,below_sampling_floor,rule2_orphan_pulse,2:46,2,46,video,radar,46,b,1785619202.498,1785619202.821,0.322,0.6354,0.3177,2.0,orphan candidate on detector '46' not registered: pulse 0.322s < gate 0.635s
1785619222.806,2026-08-01 15:20:22.806202,201,below_sampling_floor,rule2_orphan_pulse,29:43,43,29,radar,video,29,b,1785619222.413,1785619222.735,0.322,0.6422,0.3211,2.0,orphan candidate on detector '29' not registered: pulse 0.322s < gate 0.642s
1785619259.575,2026-08-01 15:20:59.574522,201,below_sampling_floor,rule2_orphan_pulse,31:42,42,31,radar,video,42,a,1785619259.200,1785619259.575,0.374,0.6422,0.3211,2.0,orphan candidate on detector '42' not registered: pulse 0.374s < gate 0.642s
1785619259.584,2026-08-01 15:20:59.584313,201,below_sampling_floor,rule2_orphan_pulse,42:8,8,42,video,radar,42,b,1785619259.200,1785619259.575,0.374,0.6422,0.3211,2.0,orphan candidate on detector '42' not registered: pulse 0.374s < gate 0.642s
1785619274.834,2026-08-01 15:21:14.834178,201,below_sampling_floor,rule2_orphan_pulse,22:4,22,4,video,video,4,b,1785619274.452,1785619274.787,0.335,0.6422,0.3211,2.0,orphan candidate on detector '4' not registered: pulse 0.335s < gate 0.642s
1785619274.836,2026-08-01 15:21:14.836064,201,below_sampling_floor,rule2_orphan_pulse,39:4,4,39,video,radar,4,a,1785619274.452,1785619274.787,0.335,0.6422,0.3211,2.0,orphan candidate on detector '4' not registered: pulse 0.335s < gate 0.642s
1785619323.216,2026-08-01 15:22:03.216219,201,below_sampling_floor,rule2_orphan_pulse,26:33,33,26,radar,video,33,a,1785619322.509,1785619323.152,0.644,0.6723,0.3362,2.0,orphan candidate on detector '33' not registered: pulse 0.644s < gate 0.672s
1785619325.129,2026-08-01 15:22:05.129353,201,below_sampling_floor,rule2_orphan_pulse,26:33,33,26,radar,video,33,a,1785619324.778,1785619325.104,0.326,0.6723,0.3362,2.0,orphan candidate on detector '33' not registered: pulse 0.326s < gate 0.672s
1785619326.744,2026-08-01 15:22:06.743594,201,below_sampling_floor,rule2_orphan_pulse,26:33,33,26,radar,video,33,a,1785619326.059,1785619326.708,0.649,0.6723,0.3362,2.0,orphan candidate on detector '33' not registered: pulse 0.649s < gate 0.672s
1785619328.055,2026-08-01 15:22:08.054784,201,below_sampling_floor,rule2_orphan_pulse,17:46,46,17,radar,video,46,a,1785619327.662,1785619327.994,0.332,0.6723,0.3362,2.0,orphan candidate on detector '46' not registered: pulse 0.332s < gate 0.672s
1785619328.055,2026-08-01 15:22:08.054784,201,below_sampling_floor,rule2_orphan_pulse,2:46,2,46,video,radar,46,b,1785619327.662,1785619327.994,0.332,0.6723,0.3362,2.0,orphan candidate on detector '46' not registered: pulse 0.332s < gate 0.672s
1785619328.662,2026-08-01 15:22:08.661653,201,below_sampling_floor,rule2_orphan_pulse,26:33,33,26,radar,video,33,a,1785619328.317,1785619328.637,0.32,0.6723,0.3362,2.0,orphan candidate on detector '33' not registered: pulse 0.320s < gate 0.672s
1785619330.278,2026-08-01 15:22:10.278261,201,below_sampling_floor,rule2_orphan_pulse,26:33,33,26,radar,video,33,a,1785619329.622,1785619330.275,0.653,0.6723,0.3362,2.0,orphan candidate on detector '33' not registered: pulse 0.653s < gate 0.672s
1785619339.236,2026-08-01 15:22:19.236400,201,below_sampling_floor,rule2_orphan_pulse,3:41,3,41,video,radar,41,b,1785619338.907,1785619339.223,0.316,0.6478,0.3239,2.0,orphan candidate on detector '41' not registered: pulse 0.316s < gate 0.648s
1785619339.539,2026-08-01 15:22:19.539073,201,below_sampling_floor,rule2_orphan_pulse,30:41,41,30,radar,video,41,a,1785619338.907,1785619339.223,0.316,0.6478,0.3239,2.0,orphan candidate on detector '41' not registered: pulse 0.316s < gate 0.648s
1785619340.547,2026-08-01 15:22:20.547104,201,below_sampling_floor,rule2_orphan_pulse,3:30,30,3,video,video,3,b,1785619339.856,1785619340.492,0.636,0.6478,0.3239,2.0,orphan candidate on detector '3' not registered: pulse 0.636s < gate 0.648s
1785619340.549,2026-08-01 15:22:20.548587,201,below_sampling_floor,rule2_orphan_pulse,3:41,3,41,video,radar,3,a,1785619339.856,1785619340.492,0.636,0.6478,0.3239,2.0,orphan candidate on detector '3' not registered: pulse 0.636s < gate 0.648s
1785619340.555,2026-08-01 15:22:20.554501,201,below_sampling_floor,rule2_orphan_pulse,24:38,38,24,radar,video,24,b,1785619340.176,1785619340.492,0.316,0.6478,0.3239,2.0,orphan candidate on detector '24' not registered: pulse 0.316s < gate 0.648s
1785619340.555,2026-08-01 15:22:20.555481,201,below_sampling_floor,rule2_orphan_pulse,24:7,24,7,video,video,24,a,1785619340.176,1785619340.492,0.316,0.6478,0.3239,2.0,orphan candidate on detector '24' not registered: pulse 0.316s < gate 0.648s
1785619340.860,2026-08-01 15:22:20.859745,201,below_sampling_floor,rule2_orphan_pulse,24:7,24,7,video,video,7,b,1785619340.176,1785619340.804,0.627,0.6478,0.3239,2.0,orphan candidate on detector '7' not registered: pulse 0.627s < gate 0.648s
1785619340.860,2026-08-01 15:22:20.859745,201,below_sampling_floor,rule2_orphan_pulse,38:7,7,38,video,radar,7,a,1785619340.176,1785619340.804,0.627,0.6478,0.3239,2.0,orphan candidate on detector '7' not registered: pulse 0.627s < gate 0.648s
1785619402.265,2026-08-01 15:23:22.264709,201,below_sampling_floor,rule2_orphan_pulse,31:42,42,31,radar,video,31,b,1785619401.925,1785619402.245,0.32,0.6417,0.3209,2.0,orphan candidate on detector '31' not registered: pulse 0.320s < gate 0.642s
1785619402.267,2026-08-01 15:23:22.266713,201,below_sampling_floor,rule2_orphan_pulse,31:8,31,8,video,video,31,a,1785619401.925,1785619402.245,0.32,0.6417,0.3209,2.0,orphan candidate on detector '31' not registered: pulse 0.320s < gate 0.642s
1785619527.233,2026-08-01 15:25:27.232873,201,below_sampling_floor,rule2_orphan_pulse,29:43,43,29,radar,video,43,a,1785619526.505,1785619527.163,0.658,0.6627,0.3314,2.0,orphan candidate on detector '43' not registered: pulse 0.658s < gate 0.663s
1785619543.966,2026-08-01 15:25:43.966263,201,below_sampling_floor,rule2_orphan_pulse,29:43,43,29,radar,video,29,b,1785619543.287,1785619543.947,0.66,0.6627,0.3314,2.0,orphan candidate on detector '29' not registered: pulse 0.660s < gate 0.663s
1785619583.859,2026-08-01 15:26:23.859467,201,below_sampling_floor,rule2_orphan_pulse,31:42,42,31,radar,video,42,a,1785619583.496,1785619583.827,0.331,0.6476,0.3238,2.0,orphan candidate on detector '42' not registered: pulse 0.331s < gate 0.648s
1785619584.162,2026-08-01 15:26:24.162302,201,below_sampling_floor,rule2_orphan_pulse,42:8,8,42,video,radar,42,b,1785619583.496,1785619583.827,0.331,0.6476,0.3238,2.0,orphan candidate on detector '42' not registered: pulse 0.331s < gate 0.648s
1785619600.817,2026-08-01 15:26:40.817158,201,below_sampling_floor,rule2_orphan_pulse,17:2,17,2,video,video,2,b,1785619600.160,1785619600.794,0.634,0.6476,0.3238,2.0,orphan candidate on detector '2' not registered: pulse 0.634s < gate 0.648s
1785619600.817,2026-08-01 15:26:40.817158,201,below_sampling_floor,rule2_orphan_pulse,2:46,2,46,video,radar,2,a,1785619600.160,1785619600.794,0.634,0.6476,0.3238,2.0,orphan candidate on detector '2' not registered: pulse 0.634s < gate 0.648s
1785619674.094,2026-08-01 15:27:54.093961,201,below_sampling_floor,rule2_orphan_pulse,22:4,22,4,video,video,4,b,1785619673.725,1785619674.048,0.323,0.6583,0.3291,2.0,orphan candidate on detector '4' not registered: pulse 0.323s < gate 0.658s
1785619674.096,2026-08-01 15:27:54.095974,201,below_sampling_floor,rule2_orphan_pulse,39:4,4,39,video,radar,4,a,1785619673.725,1785619674.048,0.323,0.6583,0.3291,2.0,orphan candidate on detector '4' not registered: pulse 0.323s < gate 0.658s
1785619675.105,2026-08-01 15:27:55.104831,201,below_sampling_floor,rule2_orphan_pulse,22:4,22,4,video,video,4,b,1785619674.387,1785619675.021,0.634,0.6583,0.3291,2.0,orphan candidate on detector '4' not registered: pulse 0.634s < gate 0.658s
1785619675.106,2026-08-01 15:27:55.106280,201,below_sampling_floor,rule2_orphan_pulse,39:4,4,39,video,radar,4,a,1785619674.387,1785619675.021,0.634,0.6583,0.3291,2.0,orphan candidate on detector '4' not registered: pulse 0.634s < gate 0.658s
1785619754.159,2026-08-01 15:29:14.159035,201,below_sampling_floor,rule2_orphan_pulse,29:43,43,29,radar,video,29,b,1785619753.785,1785619754.114,0.328,0.6588,0.3294,2.0,orphan candidate on detector '29' not registered: pulse 0.328s < gate 0.659s
1785619776.327,2026-08-01 15:29:36.326739,201,below_sampling_floor,rule2_orphan_pulse,31:42,42,31,radar,video,42,a,1785619775.614,1785619776.265,0.65,0.6715,0.3357,2.0,orphan candidate on detector '42' not registered: pulse 0.650s < gate 0.671s
1785619776.328,2026-08-01 15:29:36.327751,201,below_sampling_floor,rule2_orphan_pulse,42:8,8,42,video,radar,42,b,1785619775.614,1785619776.265,0.65,0.6715,0.3357,2.0,orphan candidate on detector '42' not registered: pulse 0.650s < gate 0.671s
1785619783.197,2026-08-01 15:29:43.196815,201,below_sampling_floor,rule2_orphan_pulse,29:43,43,29,radar,video,43,a,1785619782.528,1785619783.186,0.658,0.6715,0.3357,2.0,orphan candidate on detector '43' not registered: pulse 0.658s < gate 0.671s
1785619792.176,2026-08-01 15:29:52.175545,201,below_sampling_floor,rule2_orphan_pulse,26:33,33,26,radar,video,33,a,1785619791.788,1785619792.127,0.339,0.6715,0.3357,2.0,orphan candidate on detector '33' not registered: pulse 0.339s < gate 0.671s
1785619896.542,2026-08-01 15:31:36.542286,201,below_sampling_floor,rule2_orphan_pulse,29:43,43,29,radar,video,43,a,1785619896.217,1785619896.540,0.324,0.6566,0.3283,2.0,orphan candidate on detector '43' not registered: pulse 0.324s < gate 0.657s
1785619937.851,2026-08-01 15:32:17.850709,201,below_sampling_floor,rule2_orphan_pulse,26:33,33,26,radar,video,33,a,1785619937.481,1785619937.800,0.319,0.6702,0.3351,2.0,orphan candidate on detector '33' not registered: pulse 0.319s < gate 0.670s
1785619945.523,2026-08-01 15:32:25.522560,201,below_sampling_floor,rule2_orphan_pulse,26:33,33,26,radar,video,33,a,1785619944.795,1785619945.460,0.665,0.6702,0.3351,2.0,orphan candidate on detector '33' not registered: pulse 0.665s < gate 0.670s
1785619948.747,2026-08-01 15:32:28.746776,201,below_sampling_floor,rule2_orphan_pulse,26:33,33,26,radar,video,33,a,1785619948.055,1785619948.686,0.631,0.6702,0.3351,2.0,orphan candidate on detector '33' not registered: pulse 0.631s < gate 0.670s
1785619950.764,2026-08-01 15:32:30.763897,201,below_sampling_floor,rule2_orphan_pulse,26:33,33,26,radar,video,33,a,1785619950.018,1785619950.672,0.654,0.6702,0.3351,2.0,orphan candidate on detector '33' not registered: pulse 0.654s < gate 0.670s
1785619957.618,2026-08-01 15:32:37.618130,201,below_sampling_floor,rule2_orphan_pulse,17:46,46,17,radar,video,46,a,1785619956.873,1785619957.525,0.652,0.6702,0.3351,2.0,orphan candidate on detector '46' not registered: pulse 0.652s < gate 0.670s
1785619957.620,2026-08-01 15:32:37.619737,201,below_sampling_floor,rule2_orphan_pulse,2:46,2,46,video,radar,46,b,1785619956.873,1785619957.525,0.652,0.6702,0.3351,2.0,orphan candidate on detector '46' not registered: pulse 0.652s < gate 0.670s
1785619959.537,2026-08-01 15:32:39.537012,201,below_sampling_floor,rule2_orphan_pulse,26:33,33,26,radar,video,33,a,1785619958.826,1785619959.486,0.66,0.6702,0.3351,2.0,orphan candidate on detector '33' not registered: pulse 0.660s < gate 0.670s
1785619962.771,2026-08-01 15:32:42.771245,201,below_sampling_floor,rule2_orphan_pulse,26:33,33,26,radar,video,33,a,1785619962.440,1785619962.757,0.317,0.6702,0.3351,2.0,orphan candidate on detector '33' not registered: pulse 0.317s < gate 0.670s
1785619975.979,2026-08-01 15:32:55.979278,201,below_sampling_floor,rule2_orphan_pulse,26:33,33,26,radar,video,33,a,1785619975.328,1785619975.976,0.648,0.6702,0.3351,2.0,orphan candidate on detector '33' not registered: pulse 0.648s < gate 0.670s
1785619999.370,2026-08-01 15:33:19.369569,201,below_sampling_floor,rule2_orphan_pulse,31:42,42,31,radar,video,31,b,1785619999.039,1785619999.354,0.315,0.653,0.3265,2.0,orphan candidate on detector '31' not registered: pulse 0.315s < gate 0.653s
1785619999.371,2026-08-01 15:33:19.370679,201,below_sampling_floor,rule2_orphan_pulse,31:8,31,8,video,video,31,a,1785619999.039,1785619999.354,0.315,0.653,0.3265,2.0,orphan candidate on detector '31' not registered: pulse 0.315s < gate 0.653s
1785620047.481,2026-08-01 15:34:07.481085,201,below_sampling_floor,rule2_orphan_pulse,17:46,46,17,radar,video,46,a,1785620047.117,1785620047.458,0.342,0.653,0.3265,2.0,orphan candidate on detector '46' not registered: pulse 0.342s < gate 0.653s
1785620047.483,2026-08-01 15:34:07.482682,201,below_sampling_floor,rule2_orphan_pulse,2:46,2,46,video,radar,46,b,1785620047.117,1785620047.458,0.342,0.653,0.3265,2.0,orphan candidate on detector '46' not registered: pulse 0.342s < gate 0.653s
1785620255.263,2026-08-01 15:37:35.263447,201,below_sampling_floor,rule2_orphan_pulse,29:43,43,29,radar,video,43,a,1785620254.870,1785620255.192,0.322,0.6669,0.3335,2.0,orphan candidate on detector '43' not registered: pulse 0.322s < gate 0.667s
1785620256.480,2026-08-01 15:37:36.480036,201,below_sampling_floor,rule2_orphan_pulse,31:42,42,31,radar,video,42,a,1785620255.814,1785620256.476,0.662,0.6669,0.3335,2.0,orphan candidate on detector '42' not registered: pulse 0.662s < gate 0.667s
1785620256.481,2026-08-01 15:37:36.480637,201,below_sampling_floor,rule2_orphan_pulse,42:8,8,42,video,radar,42,b,1785620255.814,1785620256.476,0.662,0.6669,0.3335,2.0,orphan candidate on detector '42' not registered: pulse 0.662s < gate 0.667s
1785620266.969,2026-08-01 15:37:46.968565,201,below_sampling_floor,rule2_orphan_pulse,30:41,41,30,radar,video,30,b,1785620266.588,1785620266.905,0.316,0.6669,0.3335,2.0,orphan candidate on detector '30' not registered: pulse 0.316s < gate 0.667s
1785620266.969,2026-08-01 15:37:46.969440,201,below_sampling_floor,rule2_orphan_pulse,3:30,30,3,video,video,30,a,1785620266.588,1785620266.905,0.316,0.6669,0.3335,2.0,orphan candidate on detector '30' not registered: pulse 0.316s < gate 0.667s
1785620268.183,2026-08-01 15:37:48.183028,201,below_sampling_floor,rule2_orphan_pulse,30:41,41,30,radar,video,30,b,1785620267.545,1785620268.183,0.638,0.6669,0.3335,2.0,orphan candidate on detector '30' not registered: pulse 0.638s < gate 0.667s
1785620268.186,2026-08-01 15:37:48.186135,201,below_sampling_floor,rule2_orphan_pulse,3:30,30,3,video,video,30,a,1785620267.545,1785620268.183,0.638,0.6669,0.3335,2.0,orphan candidate on detector '30' not registered: pulse 0.638s < gate 0.667s
1785620296.496,2026-08-01 15:38:16.496050,201,below_sampling_floor,rule2_orphan_pulse,17:2,17,2,video,video,2,b,1785620296.107,1785620296.423,0.316,0.6394,0.3197,2.0,orphan candidate on detector '2' not registered: pulse 0.316s < gate 0.639s
1785620296.499,2026-08-01 15:38:16.498544,201,below_sampling_floor,rule2_orphan_pulse,2:46,2,46,video,radar,2,a,1785620296.107,1785620296.423,0.316,0.6394,0.3197,2.0,orphan candidate on detector '2' not registered: pulse 0.316s < gate 0.639s
1785620301.635,2026-08-01 15:38:21.634777,201,below_sampling_floor,rule2_orphan_pulse,29:43,43,29,radar,video,29,b,1785620300.906,1785620301.536,0.629,0.6394,0.3197,2.0,orphan candidate on detector '29' not registered: pulse 0.629s < gate 0.639s
1785620301.638,2026-08-01 15:38:21.637930,201,below_sampling_floor,rule2_orphan_pulse,31:42,42,31,radar,video,31,b,1785620300.906,1785620301.536,0.629,0.6394,0.3197,2.0,orphan candidate on detector '31' not registered: pulse 0.629s < gate 0.639s
1785620301.640,2026-08-01 15:38:21.639833,201,below_sampling_floor,rule2_orphan_pulse,31:8,31,8,video,video,31,a,1785620300.906,1785620301.536,0.629,0.6394,0.3197,2.0,orphan candidate on detector '31' not registered: pulse 0.629s < gate 0.639s
1785620330.450,2026-08-01 15:38:50.450059,201,below_sampling_floor,rule2_orphan_pulse,26:33,33,26,radar,video,33,a,1785620329.787,1785620330.409,0.622,0.6394,0.3197,2.0,orphan candidate on detector '33' not registered: pulse 0.622s < gate 0.639s
1785620332.169,2026-08-01 15:38:52.168721,201,below_sampling_floor,rule2_orphan_pulse,26:33,33,26,radar,video,33,a,1785620331.458,1785620332.092,0.634,0.6394,0.3197,2.0,orphan candidate on detector '33' not registered: pulse 0.634s < gate 0.639s
1785620341.949,2026-08-01 15:39:01.949115,201,below_sampling_floor,rule2_orphan_pulse,26:33,33,26,radar,video,33,a,1785620341.577,1785620341.900,0.323,0.6394,0.3197,2.0,orphan candidate on detector '33' not registered: pulse 0.323s < gate 0.639s
1785620386.305,2026-08-01 15:39:46.304839,201,below_sampling_floor,rule2_orphan_pulse,17:2,17,2,video,video,2,b,1785620385.590,1785620386.219,0.63,0.6438,0.3219,2.0,orphan candidate on detector '2' not registered: pulse 0.630s < gate 0.644s
1785620386.307,2026-08-01 15:39:46.306852,201,below_sampling_floor,rule2_orphan_pulse,2:46,2,46,video,radar,2,a,1785620385.590,1785620386.219,0.63,0.6438,0.3219,2.0,orphan candidate on detector '2' not registered: pulse 0.630s < gate 0.644s
1785620389.837,2026-08-01 15:39:49.837082,201,below_sampling_floor,rule2_orphan_pulse,30:41,41,30,radar,video,30,b,1785620389.457,1785620389.779,0.322,0.6438,0.3219,2.0,orphan candidate on detector '30' not registered: pulse 0.322s < gate 0.644s
1785620389.837,2026-08-01 15:39:49.837082,201,below_sampling_floor,rule2_orphan_pulse,3:30,30,3,video,video,30,a,1785620389.457,1785620389.779,0.322,0.6438,0.3219,2.0,orphan candidate on detector '30' not registered: pulse 0.322s < gate 0.644s
1785620390.749,2026-08-01 15:39:50.749437,201,below_sampling_floor,rule2_orphan_pulse,30:41,41,30,radar,video,30,b,1785620390.101,1785620390.743,0.642,0.6438,0.3219,2.0,orphan candidate on detector '30' not registered: pulse 0.642s < gate 0.644s
1785620390.749,2026-08-01 15:39:50.749437,201,below_sampling_floor,rule2_orphan_pulse,3:30,30,3,video,video,30,a,1785620390.101,1785620390.743,0.642,0.6438,0.3219,2.0,orphan candidate on detector '30' not registered: pulse 0.642s < gate 0.644s
1785620391.767,2026-08-01 15:39:51.767477,201,below_sampling_floor,rule2_orphan_pulse,30:41,41,30,radar,video,30,b,1785620391.447,1785620391.767,0.32,0.6438,0.3219,2.0,orphan candidate on detector '30' not registered: pulse 0.320s < gate 0.644s
1785620391.767,2026-08-01 15:39:51.767477,201,below_sampling_floor,rule2_orphan_pulse,3:30,30,3,video,video,30,a,1785620391.447,1785620391.767,0.32,0.6438,0.3219,2.0,orphan candidate on detector '30' not registered: pulse 0.320s < gate 0.644s
1785620489.045,2026-08-01 15:41:29.044939,201,below_sampling_floor,rule2_orphan_pulse,31:42,42,31,radar,video,31,b,1785620488.700,1785620489.015,0.315,0.6654,0.3327,2.0,orphan candidate on detector '31' not registered: pulse 0.315s < gate 0.665s
1785620489.049,2026-08-01 15:41:29.048951,201,below_sampling_floor,rule2_orphan_pulse,31:8,31,8,video,video,31,a,1785620488.700,1785620489.015,0.315,0.6654,0.3327,2.0,orphan candidate on detector '31' not registered: pulse 0.315s < gate 0.665s
1785620490.363,2026-08-01 15:41:30.362839,201,below_sampling_floor,rule2_orphan_pulse,31:42,42,31,radar,video,31,b,1785620490.006,1785620490.321,0.315,0.6654,0.3327,2.0,orphan candidate on detector '31' not registered: pulse 0.315s < gate 0.665s
1785620490.366,2026-08-01 15:41:30.365594,201,below_sampling_floor,rule2_orphan_pulse,31:8,31,8,video,video,31,a,1785620490.006,1785620490.321,0.315,0.6654,0.3327,2.0,orphan candidate on detector '31' not registered: pulse 0.315s < gate 0.665s
1785620501.884,2026-08-01 15:41:41.884024,201,below_sampling_floor,rule2_orphan_pulse,26:33,33,26,radar,video,33,a,1785620501.545,1785620501.861,0.316,0.6654,0.3327,2.0,orphan candidate on detector '33' not registered: pulse 0.316s < gate 0.665s
1785620535.025,2026-08-01 15:42:15.025420,201,below_sampling_floor,rule2_orphan_pulse,26:33,33,26,radar,video,26,b,1785620534.384,1785620535.013,0.629,0.6654,0.3327,2.0,orphan candidate on detector '26' not registered: pulse 0.629s < gate 0.665s
1785620563.452,2026-08-01 15:42:43.452140,201,below_sampling_floor,rule2_orphan_pulse,26:33,33,26,radar,video,33,a,1785620562.773,1785620563.434,0.661,0.9652,0.4826,2.0,orphan candidate on detector '33' not registered: pulse 0.661s < gate 0.965s
1785620576.366,2026-08-01 15:42:56.365615,201,below_sampling_floor,rule2_orphan_pulse,29:43,43,29,radar,video,43,a,1785620575.687,1785620576.329,0.642,0.9652,0.4826,2.0,orphan candidate on detector '43' not registered: pulse 0.642s < gate 0.965s
1785620577.984,2026-08-01 15:42:57.983951,201,below_sampling_floor,rule2_orphan_pulse,31:42,42,31,radar,video,42,a,1785620577.630,1785620577.978,0.348,0.9652,0.4826,2.0,orphan candidate on detector '42' not registered: pulse 0.348s < gate 0.965s
1785620577.985,2026-08-01 15:42:57.985024,201,below_sampling_floor,rule2_orphan_pulse,42:8,8,42,video,radar,42,b,1785620577.630,1785620577.978,0.348,0.9652,0.4826,2.0,orphan candidate on detector '42' not registered: pulse 0.348s < gate 0.965s
1785620578.694,2026-08-01 15:42:58.693664,201,below_sampling_floor,rule2_orphan_pulse,26:33,33,26,radar,video,33,a,1785620577.978,1785620578.622,0.644,0.9652,0.4826,2.0,orphan candidate on detector '33' not registered: pulse 0.644s < gate 0.965s
1785620582.327,2026-08-01 15:43:02.326637,201,below_sampling_floor,rule2_orphan_pulse,31:42,42,31,radar,video,31,b,1785620581.931,1785620582.257,0.326,0.9652,0.4826,2.0,orphan candidate on detector '31' not registered: pulse 0.326s < gate 0.965s
1785620582.331,2026-08-01 15:43:02.331254,201,below_sampling_floor,rule2_orphan_pulse,31:8,31,8,video,video,31,a,1785620581.931,1785620582.257,0.326,0.9652,0.4826,2.0,orphan candidate on detector '31' not registered: pulse 0.326s < gate 0.965s
1785620589.203,2026-08-01 15:43:09.203437,201,below_sampling_floor,rule2_orphan_pulse,24:38,38,24,radar,video,24,b,1785620588.473,1785620589.129,0.657,0.9652,0.4826,2.0,orphan candidate on detector '24' not registered: pulse 0.657s < gate 0.965s
1785620589.206,2026-08-01 15:43:09.206073,201,below_sampling_floor,rule2_orphan_pulse,24:7,24,7,video,video,24,a,1785620588.473,1785620589.129,0.657,0.9652,0.4826,2.0,orphan candidate on detector '24' not registered: pulse 0.657s < gate 0.965s
1785620605.857,2026-08-01 15:43:25.857157,201,below_sampling_floor,rule2_orphan_pulse,24:7,24,7,video,video,7,b,1785620605.483,1785620605.799,0.315,0.6572,0.3286,2.0,orphan candidate on detector '7' not registered: pulse 0.315s < gate 0.657s
1785620605.858,2026-08-01 15:43:25.858325,201,below_sampling_floor,rule2_orphan_pulse,38:7,7,38,video,radar,7,a,1785620605.483,1785620605.799,0.315,0.6572,0.3286,2.0,orphan candidate on detector '7' not registered: pulse 0.315s < gate 0.657s
1785620691.486,2026-08-01 15:44:51.486296,201,below_sampling_floor,rule2_orphan_pulse,24:38,38,24,radar,video,24,b,1785620690.779,1785620691.431,0.651,0.6627,0.3313,2.0,orphan candidate on detector '24' not registered: pulse 0.651s < gate 0.663s
1785620691.487,2026-08-01 15:44:51.487191,201,below_sampling_floor,rule2_orphan_pulse,24:7,24,7,video,video,24,a,1785620690.779,1785620691.431,0.651,0.6627,0.3313,2.0,orphan candidate on detector '24' not registered: pulse 0.651s < gate 0.663s
1785620765.762,2026-08-01 15:46:05.761687,201,below_sampling_floor,rule2_orphan_pulse,3:30,30,3,video,video,3,b,1785620765.024,1785620765.682,0.658,0.6798,0.3399,2.0,orphan candidate on detector '3' not registered: pulse 0.658s < gate 0.680s
1785620765.762,2026-08-01 15:46:05.761687,201,below_sampling_floor,rule2_orphan_pulse,3:41,3,41,video,radar,3,a,1785620765.024,1785620765.682,0.658,0.6798,0.3399,2.0,orphan candidate on detector '3' not registered: pulse 0.658s < gate 0.680s
1785620801.677,2026-08-01 15:46:41.676994,201,below_sampling_floor,rule2_orphan_pulse,29:43,43,29,radar,video,29,b,1785620801.302,1785620801.619,0.317,0.6443,0.3221,2.0,orphan candidate on detector '29' not registered: pulse 0.317s < gate 0.644s
1785620802.996,2026-08-01 15:46:42.995535,201,below_sampling_floor,rule2_orphan_pulse,29:43,43,29,radar,video,29,b,1785620802.294,1785620802.934,0.64,0.6443,0.3221,2.0,orphan candidate on detector '29' not registered: pulse 0.640s < gate 0.644s
1785620849.387,2026-08-01 15:47:29.387402,201,below_sampling_floor,rule2_orphan_pulse,26:33,33,26,radar,video,33,a,1785620848.999,1785620849.308,0.309,0.6555,0.3277,2.0,orphan candidate on detector '33' not registered: pulse 0.309s < gate 0.655s
1785620860.688,2026-08-01 15:47:40.688154,201,below_sampling_floor,rule2_orphan_pulse,26:33,33,26,radar,video,33,a,1785620860.278,1785620860.606,0.328,0.6555,0.3277,2.0,orphan candidate on detector '33' not registered: pulse 0.328s < gate 0.655s
1785620874.410,2026-08-01 15:47:54.409772,201,below_sampling_floor,rule2_orphan_pulse,26:33,33,26,radar,video,33,a,1785620874.067,1785620874.386,0.319,0.6555,0.3277,2.0,orphan candidate on detector '33' not registered: pulse 0.319s < gate 0.655s
1785620890.940,2026-08-01 15:48:10.939860,201,below_sampling_floor,rule2_orphan_pulse,26:33,33,26,radar,video,33,a,1785620890.611,1785620890.923,0.313,0.6555,0.3277,2.0,orphan candidate on detector '33' not registered: pulse 0.313s < gate 0.655s
1785620892.960,2026-08-01 15:48:12.960306,201,below_sampling_floor,rule2_orphan_pulse,26:33,33,26,radar,video,33,a,1785620892.222,1785620892.862,0.64,0.6555,0.3277,2.0,orphan candidate on detector '33' not registered: pulse 0.640s < gate 0.655s
1785620894.527,2026-08-01 15:48:14.527019,201,below_sampling_floor,rule2_orphan_pulse,26:33,33,26,radar,video,33,a,1785620894.138,1785620894.447,0.31,0.6555,0.3277,2.0,orphan candidate on detector '33' not registered: pulse 0.310s < gate 0.655s
1785620895.749,2026-08-01 15:48:15.749380,201,below_sampling_floor,rule2_orphan_pulse,26:33,33,26,radar,video,33,a,1785620895.404,1785620895.707,0.303,0.6399,0.32,2.0,orphan candidate on detector '33' not registered: pulse 0.303s < gate 0.640s
1785620905.725,2026-08-01 15:48:25.724885,201,below_sampling_floor,rule2_orphan_pulse,26:33,33,26,radar,video,33,a,1785620905.389,1785620905.699,0.31,0.6399,0.32,2.0,orphan candidate on detector '33' not registered: pulse 0.310s < gate 0.640s
1785620908.653,2026-08-01 15:48:28.653488,201,below_sampling_floor,rule2_orphan_pulse,26:33,33,26,radar,video,33,a,1785620908.243,1785620908.554,0.311,0.6399,0.32,2.0,orphan candidate on detector '33' not registered: pulse 0.311s < gate 0.640s
1785620942.309,2026-08-01 15:49:02.309114,201,below_sampling_floor,rule2_orphan_pulse,17:2,17,2,video,video,2,b,1785620941.597,1785620942.226,0.629,0.6399,0.32,2.0,orphan candidate on detector '2' not registered: pulse 0.629s < gate 0.640s
1785620942.309,2026-08-01 15:49:02.309114,201,below_sampling_floor,rule2_orphan_pulse,2:46,2,46,video,radar,2,a,1785620941.597,1785620942.226,0.629,0.6399,0.32,2.0,orphan candidate on detector '2' not registered: pulse 0.629s < gate 0.640s
1785621000.942,2026-08-01 15:50:00.941800,201,below_sampling_floor,rule2_orphan_pulse,26:33,33,26,radar,video,33,a,1785621000.529,1785621000.849,0.32,0.6475,0.3238,2.0,orphan candidate on detector '33' not registered: pulse 0.320s < gate 0.648s
1785621007.194,2026-08-01 15:50:07.194218,201,below_sampling_floor,rule2_orphan_pulse,26:33,33,26,radar,video,33,a,1785621006.764,1785621007.115,0.35,0.6475,0.3238,2.0,orphan candidate on detector '33' not registered: pulse 0.350s < gate 0.648s
1785621099.099,2026-08-01 15:51:39.099124,201,below_sampling_floor,rule2_orphan_pulse,26:33,33,26,radar,video,33,a,1785621098.377,1785621099.012,0.635,0.658,0.329,2.0,orphan candidate on detector '33' not registered: pulse 0.635s < gate 0.658s
1785621134.573,2026-08-01 15:52:14.572872,201,below_sampling_floor,rule2_orphan_pulse,26:33,33,26,radar,video,33,a,1785621133.913,1785621134.565,0.653,0.658,0.329,2.0,orphan candidate on detector '33' not registered: pulse 0.653s < gate 0.658s
1785621134.978,2026-08-01 15:52:14.977726,201,below_sampling_floor,rule2_orphan_pulse,31:42,42,31,radar,video,31,b,1785621134.565,1785621134.895,0.33,0.658,0.329,2.0,orphan candidate on detector '31' not registered: pulse 0.330s < gate 0.658s
1785621135.006,2026-08-01 15:52:15.006405,201,below_sampling_floor,rule2_orphan_pulse,31:8,31,8,video,video,31,a,1785621134.565,1785621134.895,0.33,0.658,0.329,2.0,orphan candidate on detector '31' not registered: pulse 0.330s < gate 0.658s
1785621135.627,2026-08-01 15:52:15.627179,201,below_sampling_floor,rule2_orphan_pulse,31:42,42,31,radar,video,31,b,1785621135.217,1785621135.532,0.314,0.6639,0.3319,2.0,orphan candidate on detector '31' not registered: pulse 0.314s < gate 0.664s
1785621135.628,2026-08-01 15:52:15.628187,201,below_sampling_floor,rule2_orphan_pulse,31:8,31,8,video,video,31,a,1785621135.217,1785621135.532,0.314,0.6639,0.3319,2.0,orphan candidate on detector '31' not registered: pulse 0.314s < gate 0.664s
1785621137.168,2026-08-01 15:52:17.168150,201,below_sampling_floor,rule2_orphan_pulse,29:43,43,29,radar,video,43,a,1785621136.813,1785621137.132,0.319,0.6639,0.3319,2.0,orphan candidate on detector '43' not registered: pulse 0.319s < gate 0.664s
1785621137.170,2026-08-01 15:52:17.170287,201,below_sampling_floor,rule2_orphan_pulse,17:46,46,17,radar,video,46,a,1785621136.494,1785621137.132,0.638,0.6639,0.3319,2.0,orphan candidate on detector '46' not registered: pulse 0.638s < gate 0.664s
1785621137.170,2026-08-01 15:52:17.170287,201,below_sampling_floor,rule2_orphan_pulse,2:46,2,46,video,radar,46,b,1785621136.494,1785621137.132,0.638,0.6639,0.3319,2.0,orphan candidate on detector '46' not registered: pulse 0.638s < gate 0.664s
1785621160.383,2026-08-01 15:52:40.383337,201,below_sampling_floor,rule2_orphan_pulse,31:42,42,31,radar,video,31,b,1785621160.028,1785621160.354,0.326,0.6639,0.3319,2.0,orphan candidate on detector '31' not registered: pulse 0.326s < gate 0.664s
1785621160.383,2026-08-01 15:52:40.383337,201,below_sampling_floor,rule2_orphan_pulse,31:8,31,8,video,video,31,a,1785621160.028,1785621160.354,0.326,0.6639,0.3319,2.0,orphan candidate on detector '31' not registered: pulse 0.326s < gate 0.664s
1785621162.001,2026-08-01 15:52:42.000546,201,below_sampling_floor,rule2_orphan_pulse,29:43,43,29,radar,video,43,a,1785621161.662,1785621161.988,0.326,0.6639,0.3319,2.0,orphan candidate on detector '43' not registered: pulse 0.326s < gate 0.664s
1785621168.965,2026-08-01 15:52:48.965302,201,below_sampling_floor,rule2_orphan_pulse,3:30,30,3,video,video,3,b,1785621168.628,1785621168.955,0.327,0.6639,0.3319,2.0,orphan candidate on detector '3' not registered: pulse 0.327s < gate 0.664s
1785621168.968,2026-08-01 15:52:48.968340,201,below_sampling_floor,rule2_orphan_pulse,3:41,3,41,video,radar,3,a,1785621168.628,1785621168.955,0.327,0.6639,0.3319,2.0,orphan candidate on detector '3' not registered: pulse 0.327s < gate 0.664s
1785621170.985,2026-08-01 15:52:50.985121,201,below_sampling_floor,rule2_orphan_pulse,17:2,17,2,video,video,2,b,1785621170.602,1785621170.941,0.339,0.6639,0.3319,2.0,orphan candidate on detector '2' not registered: pulse 0.339s < gate 0.664s
1785621170.987,2026-08-01 15:52:50.987222,201,below_sampling_floor,rule2_orphan_pulse,2:46,2,46,video,radar,2,a,1785621170.602,1785621170.941,0.339,0.6639,0.3319,2.0,orphan candidate on detector '2' not registered: pulse 0.339s < gate 0.664s
1785621195.185,2026-08-01 15:53:15.184939,201,below_sampling_floor,rule2_orphan_pulse,17:46,46,17,radar,video,46,a,1785621194.479,1785621195.139,0.661,0.6639,0.3319,2.0,orphan candidate on detector '46' not registered: pulse 0.661s < gate 0.664s
1785621195.194,2026-08-01 15:53:15.194359,201,below_sampling_floor,rule2_orphan_pulse,2:46,2,46,video,radar,46,b,1785621194.479,1785621195.139,0.661,0.6639,0.3319,2.0,orphan candidate on detector '46' not registered: pulse 0.661s < gate 0.664s
1785621196.540,2026-08-01 15:53:16.540134,201,below_sampling_floor,rule2_orphan_pulse,17:2,17,2,video,video,2,b,1785621195.783,1785621196.444,0.661,0.6627,0.3313,2.0,orphan candidate on detector '2' not registered: pulse 0.661s < gate 0.663s
1785621196.540,2026-08-01 15:53:16.540134,201,below_sampling_floor,rule2_orphan_pulse,2:46,2,46,video,radar,2,a,1785621195.783,1785621196.444,0.661,0.6627,0.3313,2.0,orphan candidate on detector '2' not registered: pulse 0.661s < gate 0.663s
1785621212.275,2026-08-01 15:53:32.275115,201,below_sampling_floor,rule2_orphan_pulse,24:7,24,7,video,video,7,b,1785621211.597,1785621212.229,0.632,0.6627,0.3313,2.0,orphan candidate on detector '7' not registered: pulse 0.632s < gate 0.663s
1785621212.277,2026-08-01 15:53:32.277274,201,below_sampling_floor,rule2_orphan_pulse,38:7,7,38,video,radar,7,a,1785621211.597,1785621212.229,0.632,0.6627,0.3313,2.0,orphan candidate on detector '7' not registered: pulse 0.632s < gate 0.663s
1785621214.591,2026-08-01 15:53:34.591168,201,below_sampling_floor,rule2_orphan_pulse,17:2,17,2,video,video,2,b,1785621213.843,1785621214.496,0.653,0.6627,0.3313,2.0,orphan candidate on detector '2' not registered: pulse 0.653s < gate 0.663s
1785621214.591,2026-08-01 15:53:34.591168,201,below_sampling_floor,rule2_orphan_pulse,2:46,2,46,video,radar,2,a,1785621213.843,1785621214.496,0.653,0.6627,0.3313,2.0,orphan candidate on detector '2' not registered: pulse 0.653s < gate 0.663s
1785621227.802,2026-08-01 15:53:47.801993,201,below_sampling_floor,rule2_orphan_pulse,24:7,24,7,video,video,7,b,1785621227.450,1785621227.788,0.338,0.6627,0.3313,2.0,orphan candidate on detector '7' not registered: pulse 0.338s < gate 0.663s
1785621227.805,2026-08-01 15:53:47.804945,201,below_sampling_floor,rule2_orphan_pulse,38:7,7,38,video,radar,7,a,1785621227.450,1785621227.788,0.338,0.6627,0.3313,2.0,orphan candidate on detector '7' not registered: pulse 0.338s < gate 0.663s
1785621254.206,2026-08-01 15:54:14.205601,201,below_sampling_floor,rule2_orphan_pulse,26:33,33,26,radar,video,33,a,1785621253.455,1785621254.107,0.652,0.6627,0.3313,2.0,orphan candidate on detector '33' not registered: pulse 0.652s < gate 0.663s
1785621256.126,2026-08-01 15:54:16.126183,201,below_sampling_floor,rule2_orphan_pulse,26:33,33,26,radar,video,33,a,1785621255.397,1785621256.031,0.634,0.6526,0.3263,2.0,orphan candidate on detector '33' not registered: pulse 0.634s < gate 0.653s
1785621264.796,2026-08-01 15:54:24.796454,201,below_sampling_floor,rule2_orphan_pulse,26:33,33,26,radar,video,33,a,1785621264.074,1785621264.714,0.64,0.6526,0.3263,2.0,orphan candidate on detector '33' not registered: pulse 0.640s < gate 0.653s
1785621267.923,2026-08-01 15:54:27.922527,201,below_sampling_floor,rule2_orphan_pulse,26:33,33,26,radar,video,33,a,1785621267.591,1785621267.905,0.314,0.6526,0.3263,2.0,orphan candidate on detector '33' not registered: pulse 0.314s < gate 0.653s
1785621413.626,2026-08-01 15:56:53.626365,201,below_sampling_floor,rule2_orphan_pulse,31:42,42,31,radar,video,31,b,1785621413.298,1785621413.621,0.323,0.6508,0.3254,2.0,orphan candidate on detector '31' not registered: pulse 0.323s < gate 0.651s
1785621413.627,2026-08-01 15:56:53.627422,201,below_sampling_floor,rule2_orphan_pulse,31:8,31,8,video,video,31,a,1785621413.298,1785621413.621,0.323,0.6508,0.3254,2.0,orphan candidate on detector '31' not registered: pulse 0.323s < gate 0.651s
1785621415.243,2026-08-01 15:56:55.242903,201,below_sampling_floor,rule2_orphan_pulse,31:8,31,8,video,video,8,b,1785621414.905,1785621415.225,0.32,0.6508,0.3254,2.0,orphan candidate on detector '8' not registered: pulse 0.320s < gate 0.651s
1785621415.243,2026-08-01 15:56:55.242903,201,below_sampling_floor,rule2_orphan_pulse,42:8,8,42,video,radar,8,a,1785621414.905,1785621415.225,0.32,0.6508,0.3254,2.0,orphan candidate on detector '8' not registered: pulse 0.320s < gate 0.651s
1785621417.864,2026-08-01 15:56:57.863582,201,below_sampling_floor,rule2_orphan_pulse,31:8,31,8,video,video,8,b,1785621417.186,1785621417.824,0.638,0.6508,0.3254,2.0,orphan candidate on detector '8' not registered: pulse 0.638s < gate 0.651s
1785621417.866,2026-08-01 15:56:57.865609,201,below_sampling_floor,rule2_orphan_pulse,42:8,8,42,video,radar,8,a,1785621417.186,1785621417.824,0.638,0.6508,0.3254,2.0,orphan candidate on detector '8' not registered: pulse 0.638s < gate 0.651s
1785621428.381,2026-08-01 15:57:08.381065,201,below_sampling_floor,rule2_orphan_pulse,31:42,42,31,radar,video,42,a,1785621428.020,1785621428.355,0.336,0.6508,0.3254,2.0,orphan candidate on detector '42' not registered: pulse 0.336s < gate 0.651s
1785621428.381,2026-08-01 15:57:08.381065,201,below_sampling_floor,rule2_orphan_pulse,42:8,8,42,video,radar,42,b,1785621428.020,1785621428.355,0.336,0.6508,0.3254,2.0,orphan candidate on detector '42' not registered: pulse 0.336s < gate 0.651s
1785621433.628,2026-08-01 15:57:13.627659,201,below_sampling_floor,rule2_orphan_pulse,29:43,43,29,radar,video,29,b,1785621432.891,1785621433.536,0.645,0.6508,0.3254,2.0,orphan candidate on detector '29' not registered: pulse 0.645s < gate 0.651s
1785621433.628,2026-08-01 15:57:13.627659,201,below_sampling_floor,rule2_orphan_pulse,31:42,42,31,radar,video,31,b,1785621432.891,1785621433.536,0.645,0.6508,0.3254,2.0,orphan candidate on detector '31' not registered: pulse 0.645s < gate 0.651s
1785621433.636,2026-08-01 15:57:13.636283,201,below_sampling_floor,rule2_orphan_pulse,31:8,31,8,video,video,31,a,1785621432.891,1785621433.536,0.645,0.6508,0.3254,2.0,orphan candidate on detector '31' not registered: pulse 0.645s < gate 0.651s
1785621458.579,2026-08-01 15:57:38.579145,201,below_sampling_floor,rule2_orphan_pulse,24:38,38,24,radar,video,24,b,1785621458.211,1785621458.537,0.326,0.653,0.3265,2.0,orphan candidate on detector '24' not registered: pulse 0.326s < gate 0.653s
1785621458.581,2026-08-01 15:57:38.581221,201,below_sampling_floor,rule2_orphan_pulse,24:7,24,7,video,video,24,a,1785621458.211,1785621458.537,0.326,0.653,0.3265,2.0,orphan candidate on detector '24' not registered: pulse 0.326s < gate 0.653s
1785621461.000,2026-08-01 15:57:41.000091,201,below_sampling_floor,rule2_orphan_pulse,24:38,38,24,radar,video,24,b,1785621460.587,1785621460.920,0.333,0.653,0.3265,2.0,orphan candidate on detector '24' not registered: pulse 0.333s < gate 0.653s
1785621461.002,2026-08-01 15:57:41.001725,201,below_sampling_floor,rule2_orphan_pulse,24:7,24,7,video,video,24,a,1785621460.587,1785621460.920,0.333,0.653,0.3265,2.0,orphan candidate on detector '24' not registered: pulse 0.333s < gate 0.653s
1785621473.638,2026-08-01 15:57:53.638453,201,below_sampling_floor,rule2_orphan_pulse,29:43,43,29,radar,video,43,a,1785621473.232,1785621473.583,0.351,0.653,0.3265,2.0,orphan candidate on detector '43' not registered: pulse 0.351s < gate 0.653s
1785621477.172,2026-08-01 15:57:57.172222,201,below_sampling_floor,rule2_orphan_pulse,24:38,38,24,radar,video,24,b,1785621476.701,1785621477.085,0.384,0.653,0.3265,2.0,orphan candidate on detector '24' not registered: pulse 0.384s < gate 0.653s
1785621477.175,2026-08-01 15:57:57.174791,201,below_sampling_floor,rule2_orphan_pulse,24:7,24,7,video,video,24,a,1785621476.701,1785621477.085,0.384,0.653,0.3265,2.0,orphan candidate on detector '24' not registered: pulse 0.384s < gate 0.653s
1785621479.402,2026-08-01 15:57:59.402391,201,below_sampling_floor,rule2_orphan_pulse,26:33,33,26,radar,video,33,a,1785621478.991,1785621479.309,0.317,0.653,0.3265,2.0,orphan candidate on detector '33' not registered: pulse 0.317s < gate 0.653s
1785621482.634,2026-08-01 15:58:02.634119,201,below_sampling_floor,rule2_orphan_pulse,24:38,38,24,radar,video,24,b,1785621481.903,1785621482.545,0.642,0.653,0.3265,2.0,orphan candidate on detector '24' not registered: pulse 0.642s < gate 0.653s
1785621482.634,2026-08-01 15:58:02.634119,201,below_sampling_floor,rule2_orphan_pulse,24:7,24,7,video,video,24,a,1785621481.903,1785621482.545,0.642,0.653,0.3265,2.0,orphan candidate on detector '24' not registered: pulse 0.642s < gate 0.653s
1785621490.703,2026-08-01 15:58:10.702975,201,below_sampling_floor,rule2_orphan_pulse,24:7,24,7,video,video,24,a,1785621489.987,1785621490.626,0.639,0.653,0.3265,2.0,orphan candidate on detector '24' not registered: pulse 0.639s < gate 0.653s
1785621561.942,2026-08-01 15:59:21.942427,201,below_sampling_floor,rule2_orphan_pulse,26:33,33,26,radar,video,33,a,1785621559.937,1785621560.576,0.639,0.6412,0.3206,2.0,orphan candidate on detector '33' not registered: pulse 0.639s < gate 0.641s
1785621566.082,2026-08-01 15:59:26.081868,201,below_sampling_floor,rule2_orphan_pulse,3:30,30,3,video,video,3,b,1785621565.423,1785621566.050,0.627,0.6412,0.3206,2.0,orphan candidate on detector '3' not registered: pulse 0.627s < gate 0.641s
1785621566.084,2026-08-01 15:59:26.083875,201,below_sampling_floor,rule2_orphan_pulse,3:41,3,41,video,radar,3,a,1785621565.423,1785621566.050,0.627,0.6412,0.3206,2.0,orphan candidate on detector '3' not registered: pulse 0.627s < gate 0.641s
1785621569.716,2026-08-01 15:59:29.716007,201,below_sampling_floor,rule2_orphan_pulse,26:33,33,26,radar,video,33,a,1785621569.320,1785621569.625,0.305,0.6412,0.3206,2.0,orphan candidate on detector '33' not registered: pulse 0.305s < gate 0.641s
1785621585.679,2026-08-01 15:59:45.679469,201,below_sampling_floor,rule2_orphan_pulse,30:41,41,30,radar,video,30,b,1785621585.274,1785621585.604,0.329,0.6412,0.3206,2.0,orphan candidate on detector '30' not registered: pulse 0.329s < gate 0.641s
1785621597.265,2026-08-01 15:59:57.265229,201,below_sampling_floor,rule2_orphan_pulse,30:41,41,30,radar,video,30,b,1785621596.938,1785621597.260,0.321,0.6412,0.3206,2.0,orphan candidate on detector '30' not registered: pulse 0.321s < gate 0.641s
1785621597.265,2026-08-01 15:59:57.265229,201,below_sampling_floor,rule2_orphan_pulse,3:30,30,3,video,video,30,a,1785621596.938,1785621597.260,0.321,0.6412,0.3206,2.0,orphan candidate on detector '30' not registered: pulse 0.321s < gate 0.641s
1785621607.244,2026-08-01 16:00:07.244006,201,below_sampling_floor,rule2_orphan_pulse,31:42,42,31,radar,video,42,a,1785621606.871,1785621607.200,0.329,0.6412,0.3206,2.0,orphan candidate on detector '42' not registered: pulse 0.329s < gate 0.641s
1785621607.246,2026-08-01 16:00:07.246112,201,below_sampling_floor,rule2_orphan_pulse,42:8,8,42,video,radar,42,b,1785621606.871,1785621607.200,0.329,0.6412,0.3206,2.0,orphan candidate on detector '42' not registered: pulse 0.329s < gate 0.641s
1785621607.854,2026-08-01 16:00:07.854459,201,below_sampling_floor,rule2_orphan_pulse,31:42,42,31,radar,video,31,b,1785621607.512,1785621607.838,0.325,0.6412,0.3206,2.0,orphan candidate on detector '31' not registered: pulse 0.325s < gate 0.641s
1785621607.856,2026-08-01 16:00:07.856476,201,below_sampling_floor,rule2_orphan_pulse,31:8,31,8,video,video,31,a,1785621607.512,1785621607.838,0.325,0.6412,0.3206,2.0,orphan candidate on detector '31' not registered: pulse 0.325s < gate 0.641s
1785621613.498,2026-08-01 16:00:13.498228,201,below_sampling_floor,rule2_orphan_pulse,31:42,42,31,radar,video,42,a,1785621613.106,1785621613.441,0.335,0.6412,0.3206,2.0,orphan candidate on detector '42' not registered: pulse 0.335s < gate 0.641s
1785621613.498,2026-08-01 16:00:13.498228,201,below_sampling_floor,rule2_orphan_pulse,42:8,8,42,video,radar,42,b,1785621613.106,1785621613.441,0.335,0.6412,0.3206,2.0,orphan candidate on detector '42' not registered: pulse 0.335s < gate 0.641s
1785621625.130,2026-08-01 16:00:25.129635,201,below_sampling_floor,rule2_orphan_pulse,30:41,41,30,radar,video,30,b,1785621624.431,1785621625.076,0.645,0.6575,0.3287,2.0,orphan candidate on detector '30' not registered: pulse 0.645s < gate 0.657s
1785621625.131,2026-08-01 16:00:25.131103,201,below_sampling_floor,rule2_orphan_pulse,3:30,30,3,video,video,30,a,1785621624.431,1785621625.076,0.645,0.6575,0.3287,2.0,orphan candidate on detector '30' not registered: pulse 0.645s < gate 0.657s
1785621712.629,2026-08-01 16:01:52.629448,201,below_sampling_floor,rule2_orphan_pulse,3:30,30,3,video,video,3,b,1785621712.248,1785621712.564,0.316,0.6485,0.3243,2.0,orphan candidate on detector '3' not registered: pulse 0.316s < gate 0.649s
1785621712.632,2026-08-01 16:01:52.631577,201,below_sampling_floor,rule2_orphan_pulse,3:41,3,41,video,radar,3,a,1785621712.248,1785621712.564,0.316,0.6485,0.3243,2.0,orphan candidate on detector '3' not registered: pulse 0.316s < gate 0.649s
1785621744.667,2026-08-01 16:02:24.666648,201,below_sampling_floor,rule2_orphan_pulse,26:33,33,26,radar,video,33,a,1785621744.251,1785621744.576,0.324,0.6428,0.3214,2.0,orphan candidate on detector '33' not registered: pulse 0.324s < gate 0.643s
1785621750.409,2026-08-01 16:02:30.409256,201,below_sampling_floor,rule2_orphan_pulse,3:30,30,3,video,video,3,b,1785621750.056,1785621750.370,0.315,0.6428,0.3214,2.0,orphan candidate on detector '3' not registered: pulse 0.315s < gate 0.643s
1785621750.411,2026-08-01 16:02:30.411308,201,below_sampling_floor,rule2_orphan_pulse,3:41,3,41,video,radar,3,a,1785621750.056,1785621750.370,0.315,0.6428,0.3214,2.0,orphan candidate on detector '3' not registered: pulse 0.315s < gate 0.643s
1785621776.024,2026-08-01 16:02:56.024169,201,below_sampling_floor,rule2_orphan_pulse,3:30,30,3,video,video,3,b,1785621775.387,1785621776.021,0.634,0.6428,0.3214,2.0,orphan candidate on detector '3' not registered: pulse 0.634s < gate 0.643s
1785621776.026,2026-08-01 16:02:56.025748,201,below_sampling_floor,rule2_orphan_pulse,3:41,3,41,video,radar,3,a,1785621775.387,1785621776.021,0.634,0.6428,0.3214,2.0,orphan candidate on detector '3' not registered: pulse 0.634s < gate 0.643s
1785621813.256,2026-08-01 16:03:33.255867,201,below_sampling_floor,rule2_orphan_pulse,17:2,17,2,video,video,2,b,1785621812.932,1785621813.246,0.315,0.6411,0.3205,2.0,orphan candidate on detector '2' not registered: pulse 0.315s < gate 0.641s
1785621813.256,2026-08-01 16:03:33.255867,201,below_sampling_floor,rule2_orphan_pulse,2:46,2,46,video,radar,2,a,1785621812.932,1785621813.246,0.315,0.6411,0.3205,2.0,orphan candidate on detector '2' not registered: pulse 0.315s < gate 0.641s
1785621961.761,2026-08-01 16:06:01.760901,201,below_sampling_floor,rule2_orphan_pulse,26:33,33,26,radar,video,33,a,1785621961.370,1785621961.695,0.325,0.6535,0.3267,2.0,orphan candidate on detector '33' not registered: pulse 0.325s < gate 0.653s
1785621963.676,2026-08-01 16:06:03.676134,201,below_sampling_floor,rule2_orphan_pulse,26:33,33,26,radar,video,33,a,1785621962.990,1785621963.636,0.646,0.6535,0.3267,2.0,orphan candidate on detector '33' not registered: pulse 0.646s < gate 0.653s
1785621984.027,2026-08-01 16:06:24.027424,201,below_sampling_floor,rule2_orphan_pulse,26:33,33,26,radar,video,33,a,1785621983.302,1785621983.942,0.64,0.6449,0.3224,2.0,orphan candidate on detector '33' not registered: pulse 0.640s < gate 0.645s
1785621989.777,2026-08-01 16:06:29.776552,201,below_sampling_floor,rule2_orphan_pulse,26:33,33,26,radar,video,33,a,1785621989.434,1785621989.764,0.33,0.6449,0.3224,2.0,orphan candidate on detector '33' not registered: pulse 0.330s < gate 0.645s
1785621991.490,2026-08-01 16:06:31.490248,201,below_sampling_floor,rule2_orphan_pulse,26:33,33,26,radar,video,33,a,1785621991.131,1785621991.451,0.319,0.6449,0.3224,2.0,orphan candidate on detector '33' not registered: pulse 0.319s < gate 0.645s
1785621994.110,2026-08-01 16:06:34.110306,201,below_sampling_floor,rule2_orphan_pulse,26:33,33,26,radar,video,33,a,1785621993.697,1785621994.026,0.328,0.6449,0.3224,2.0,orphan candidate on detector '33' not registered: pulse 0.328s < gate 0.645s
1785622051.275,2026-08-01 16:07:31.275096,201,below_sampling_floor,rule2_orphan_pulse,26:33,33,26,radar,video,33,a,1785622050.899,1785622051.224,0.324,0.6583,0.3291,2.0,orphan candidate on detector '33' not registered: pulse 0.324s < gate 0.658s
1785622100.546,2026-08-01 16:08:20.546363,201,below_sampling_floor,rule2_orphan_pulse,17:2,17,2,video,video,2,b,1785622100.192,1785622100.539,0.347,0.6537,0.3268,2.0,orphan candidate on detector '2' not registered: pulse 0.347s < gate 0.654s
1785622100.548,2026-08-01 16:08:20.547859,201,below_sampling_floor,rule2_orphan_pulse,2:46,2,46,video,radar,2,a,1785622100.192,1785622100.539,0.347,0.6537,0.3268,2.0,orphan candidate on detector '2' not registered: pulse 0.347s < gate 0.654s
1785622115.778,2026-08-01 16:08:35.778000,201,below_sampling_floor,rule2_orphan_pulse,17:2,17,2,video,video,2,b,1785622115.403,1785622115.728,0.325,0.6537,0.3268,2.0,orphan candidate on detector '2' not registered: pulse 0.325s < gate 0.654s
1785622115.781,2026-08-01 16:08:35.780847,201,below_sampling_floor,rule2_orphan_pulse,2:46,2,46,video,radar,2,a,1785622115.403,1785622115.728,0.325,0.6537,0.3268,2.0,orphan candidate on detector '2' not registered: pulse 0.325s < gate 0.654s
1785622120.520,2026-08-01 16:08:40.519556,201,below_sampling_floor,rule2_orphan_pulse,31:42,42,31,radar,video,31,b,1785622120.170,1785622120.496,0.326,0.6537,0.3268,2.0,orphan candidate on detector '31' not registered: pulse 0.326s < gate 0.654s
1785622120.521,2026-08-01 16:08:40.520533,201,below_sampling_floor,rule2_orphan_pulse,31:8,31,8,video,video,31,a,1785622120.170,1785622120.496,0.326,0.6537,0.3268,2.0,orphan candidate on detector '31' not registered: pulse 0.326s < gate 0.654s
1785622123.554,2026-08-01 16:08:43.553702,201,below_sampling_floor,rule2_orphan_pulse,29:43,43,29,radar,video,29,b,1785622123.131,1785622123.471,0.34,0.6537,0.3268,2.0,orphan candidate on detector '29' not registered: pulse 0.340s < gate 0.654s
1785622123.556,2026-08-01 16:08:43.555945,201,below_sampling_floor,rule2_orphan_pulse,31:42,42,31,radar,video,31,b,1785622123.131,1785622123.471,0.34,0.6537,0.3268,2.0,orphan candidate on detector '31' not registered: pulse 0.340s < gate 0.654s
1785622123.557,2026-08-01 16:08:43.557041,201,below_sampling_floor,rule2_orphan_pulse,31:8,31,8,video,video,31,a,1785622123.131,1785622123.471,0.34,0.6537,0.3268,2.0,orphan candidate on detector '31' not registered: pulse 0.340s < gate 0.654s
1785622129.523,2026-08-01 16:08:49.522818,201,below_sampling_floor,rule2_orphan_pulse,3:30,30,3,video,video,3,b,1785622129.107,1785622129.430,0.323,0.6537,0.3268,2.0,orphan candidate on detector '3' not registered: pulse 0.323s < gate 0.654s
1785622129.525,2026-08-01 16:08:49.525319,201,below_sampling_floor,rule2_orphan_pulse,3:41,3,41,video,radar,3,a,1785622129.107,1785622129.430,0.323,0.6537,0.3268,2.0,orphan candidate on detector '3' not registered: pulse 0.323s < gate 0.654s
1785622132.149,2026-08-01 16:08:52.148765,201,below_sampling_floor,rule2_orphan_pulse,3:30,30,3,video,video,3,b,1785622131.766,1785622132.108,0.342,0.6537,0.3268,2.0,orphan candidate on detector '3' not registered: pulse 0.342s < gate 0.654s
1785622132.151,2026-08-01 16:08:52.151435,201,below_sampling_floor,rule2_orphan_pulse,3:41,3,41,video,radar,3,a,1785622131.766,1785622132.108,0.342,0.6537,0.3268,2.0,orphan candidate on detector '3' not registered: pulse 0.342s < gate 0.654s
1785622154.536,2026-08-01 16:09:14.536374,201,below_sampling_floor,rule2_orphan_pulse,29:43,43,29,radar,video,29,b,1785622154.138,1785622154.481,0.343,0.6537,0.3268,2.0,orphan candidate on detector '29' not registered: pulse 0.343s < gate 0.654s
1785622154.539,2026-08-01 16:09:14.538743,201,below_sampling_floor,rule2_orphan_pulse,31:42,42,31,radar,video,31,b,1785622154.138,1785622154.481,0.343,0.6537,0.3268,2.0,orphan candidate on detector '31' not registered: pulse 0.343s < gate 0.654s
1785622154.541,2026-08-01 16:09:14.540638,201,below_sampling_floor,rule2_orphan_pulse,31:8,31,8,video,video,31,a,1785622154.138,1785622154.481,0.343,0.6537,0.3268,2.0,orphan candidate on detector '31' not registered: pulse 0.343s < gate 0.654s
1785622163.100,2026-08-01 16:09:23.100457,201,below_sampling_floor,rule2_orphan_pulse,29:43,43,29,radar,video,29,b,1785622162.390,1785622163.062,0.671,0.6819,0.341,2.0,orphan candidate on detector '29' not registered: pulse 0.671s < gate 0.682s
1785622163.100,2026-08-01 16:09:23.100457,201,below_sampling_floor,rule2_orphan_pulse,31:42,42,31,radar,video,31,b,1785622162.390,1785622163.062,0.671,0.6819,0.341,2.0,orphan candidate on detector '31' not registered: pulse 0.671s < gate 0.682s
1785622163.104,2026-08-01 16:09:23.104109,201,below_sampling_floor,rule2_orphan_pulse,31:8,31,8,video,video,31,a,1785622162.390,1785622163.062,0.671,0.6819,0.341,2.0,orphan candidate on detector '31' not registered: pulse 0.671s < gate 0.682s
1785622163.811,2026-08-01 16:09:23.811239,201,below_sampling_floor,rule2_orphan_pulse,29:43,43,29,radar,video,29,b,1785622163.420,1785622163.752,0.332,0.6819,0.341,2.0,orphan candidate on detector '29' not registered: pulse 0.332s < gate 0.682s
1785622163.813,2026-08-01 16:09:23.812594,201,below_sampling_floor,rule2_orphan_pulse,31:42,42,31,radar,video,31,b,1785622163.420,1785622163.752,0.332,0.6819,0.341,2.0,orphan candidate on detector '31' not registered: pulse 0.332s < gate 0.682s
1785622163.814,2026-08-01 16:09:23.813593,201,below_sampling_floor,rule2_orphan_pulse,31:8,31,8,video,video,31,a,1785622163.420,1785622163.752,0.332,0.6819,0.341,2.0,orphan candidate on detector '31' not registered: pulse 0.332s < gate 0.682s
1785622200.006,2026-08-01 16:10:00.005886,201,below_sampling_floor,rule2_orphan_pulse,17:2,17,2,video,video,2,b,1785622199.329,1785622199.991,0.662,0.6819,0.341,2.0,orphan candidate on detector '2' not registered: pulse 0.662s < gate 0.682s
1785622200.010,2026-08-01 16:10:00.009922,201,below_sampling_floor,rule2_orphan_pulse,2:46,2,46,video,radar,2,a,1785622199.329,1785622199.991,0.662,0.6819,0.341,2.0,orphan candidate on detector '2' not registered: pulse 0.662s < gate 0.682s
1785622207.464,2026-08-01 16:10:07.463945,201,below_sampling_floor,rule2_orphan_pulse,26:33,33,26,radar,video,33,a,1785622206.724,1785622207.397,0.673,0.6819,0.341,2.0,orphan candidate on detector '33' not registered: pulse 0.673s < gate 0.682s
1785622208.881,2026-08-01 16:10:08.881050,201,below_sampling_floor,rule2_orphan_pulse,26:33,33,26,radar,video,33,a,1785622208.143,1785622208.812,0.668,0.6819,0.341,2.0,orphan candidate on detector '33' not registered: pulse 0.668s < gate 0.682s
1785622291.911,2026-08-01 16:11:31.910774,201,below_sampling_floor,rule2_orphan_pulse,31:42,42,31,radar,video,31,b,1785622291.511,1785622291.834,0.323,0.6539,0.327,2.0,orphan candidate on detector '31' not registered: pulse 0.323s < gate 0.654s
1785622292.215,2026-08-01 16:11:32.215200,201,below_sampling_floor,rule2_orphan_pulse,29:43,43,29,radar,video,43,a,1785622291.511,1785622292.163,0.652,0.6539,0.327,2.0,orphan candidate on detector '43' not registered: pulse 0.652s < gate 0.654s
1785622298.471,2026-08-01 16:11:38.471109,201,below_sampling_floor,rule2_orphan_pulse,30:41,41,30,radar,video,30,b,1785622298.084,1785622298.397,0.313,0.6539,0.327,2.0,orphan candidate on detector '30' not registered: pulse 0.313s < gate 0.654s
1785622298.473,2026-08-01 16:11:38.473194,201,below_sampling_floor,rule2_orphan_pulse,3:30,30,3,video,video,30,a,1785622298.084,1785622298.397,0.313,0.6539,0.327,2.0,orphan candidate on detector '30' not registered: pulse 0.313s < gate 0.654s
1785622312.786,2026-08-01 16:11:52.786160,201,below_sampling_floor,rule2_orphan_pulse,26:33,33,26,radar,video,33,a,1785622312.416,1785622312.726,0.31,0.6539,0.327,2.0,orphan candidate on detector '33' not registered: pulse 0.310s < gate 0.654s
1785622381.828,2026-08-01 16:13:01.827847,201,below_sampling_floor,rule2_orphan_pulse,26:33,33,26,radar,video,33,a,1785622381.450,1785622381.765,0.315,0.6656,0.3328,2.0,orphan candidate on detector '33' not registered: pulse 0.315s < gate 0.666s
1785622384.147,2026-08-01 16:13:04.147338,201,below_sampling_floor,rule2_orphan_pulse,26:33,33,26,radar,video,33,a,1785622383.394,1785622384.057,0.663,0.6656,0.3328,2.0,orphan candidate on detector '33' not registered: pulse 0.663s < gate 0.666s
1785622388.898,2026-08-01 16:13:08.897895,201,below_sampling_floor,rule2_orphan_pulse,26:33,33,26,radar,video,33,a,1785622388.556,1785622388.898,0.342,0.6656,0.3328,2.0,orphan candidate on detector '33' not registered: pulse 0.342s < gate 0.666s
1785622399.281,2026-08-01 16:13:19.281049,201,below_sampling_floor,rule2_orphan_pulse,26:33,33,26,radar,video,33,a,1785622398.949,1785622399.281,0.332,0.6453,0.3226,2.0,orphan candidate on detector '33' not registered: pulse 0.332s < gate 0.645s
1785622402.507,2026-08-01 16:13:22.506957,201,below_sampling_floor,rule2_orphan_pulse,26:33,33,26,radar,video,33,a,1785622402.189,1785622402.505,0.316,0.6453,0.3226,2.0,orphan candidate on detector '33' not registered: pulse 0.316s < gate 0.645s
1785622406.447,2026-08-01 16:13:26.446662,201,below_sampling_floor,rule2_orphan_pulse,26:33,33,26,radar,video,33,a,1785622406.114,1785622406.436,0.322,0.6453,0.3226,2.0,orphan candidate on detector '33' not registered: pulse 0.322s < gate 0.645s
1785622409.767,2026-08-01 16:13:29.767002,201,below_sampling_floor,rule2_orphan_pulse,26:33,33,26,radar,video,33,a,1785622409.370,1785622409.690,0.32,0.6453,0.3226,2.0,orphan candidate on detector '33' not registered: pulse 0.320s < gate 0.645s
1785622411.685,2026-08-01 16:13:31.684776,201,below_sampling_floor,rule2_orphan_pulse,26:33,33,26,radar,video,33,a,1785622411.289,1785622411.612,0.322,0.6453,0.3226,2.0,orphan candidate on detector '33' not registered: pulse 0.322s < gate 0.645s
1785622435.159,2026-08-01 16:13:55.159269,201,below_sampling_floor,rule2_orphan_pulse,17:2,17,2,video,video,2,b,1785622434.786,1785622435.106,0.32,0.6453,0.3226,2.0,orphan candidate on detector '2' not registered: pulse 0.320s < gate 0.645s
1785622435.162,2026-08-01 16:13:55.162410,201,below_sampling_floor,rule2_orphan_pulse,2:46,2,46,video,radar,2,a,1785622434.786,1785622435.106,0.32,0.6453,0.3226,2.0,orphan candidate on detector '2' not registered: pulse 0.320s < gate 0.645s
1785622435.165,2026-08-01 16:13:55.164538,201,below_sampling_floor,rule2_orphan_pulse,3:30,30,3,video,video,3,b,1785622434.786,1785622435.106,0.32,0.6453,0.3226,2.0,orphan candidate on detector '3' not registered: pulse 0.320s < gate 0.645s
1785622435.165,2026-08-01 16:13:55.164538,201,below_sampling_floor,rule2_orphan_pulse,3:41,3,41,video,radar,3,a,1785622434.786,1785622435.106,0.32,0.6453,0.3226,2.0,orphan candidate on detector '3' not registered: pulse 0.320s < gate 0.645s
1785622435.165,2026-08-01 16:13:55.164538,201,below_sampling_floor,rule2_orphan_pulse,31:42,42,31,radar,video,42,a,1785622434.786,1785622435.107,0.321,0.6453,0.3226,2.0,orphan candidate on detector '42' not registered: pulse 0.321s < gate 0.645s
1785622435.177,2026-08-01 16:13:55.177236,201,below_sampling_floor,rule2_orphan_pulse,42:8,8,42,video,radar,42,b,1785622434.786,1785622435.107,0.321,0.6453,0.3226,2.0,orphan candidate on detector '42' not registered: pulse 0.321s < gate 0.645s
1785622436.084,2026-08-01 16:13:56.084092,201,below_sampling_floor,rule2_orphan_pulse,31:42,42,31,radar,video,42,a,1785622435.421,1785622436.061,0.639,0.6453,0.3226,2.0,orphan candidate on detector '42' not registered: pulse 0.639s < gate 0.645s
1785622436.084,2026-08-01 16:13:56.084092,201,below_sampling_floor,rule2_orphan_pulse,42:8,8,42,video,radar,42,b,1785622435.421,1785622436.061,0.639,0.6453,0.3226,2.0,orphan candidate on detector '42' not registered: pulse 0.639s < gate 0.645s
1785622441.631,2026-08-01 16:14:01.631027,201,below_sampling_floor,rule2_orphan_pulse,29:43,43,29,radar,video,29,b,1785622440.938,1785622441.578,0.64,0.6453,0.3226,2.0,orphan candidate on detector '29' not registered: pulse 0.640s < gate 0.645s
1785622444.557,2026-08-01 16:14:04.557257,201,below_sampling_floor,rule2_orphan_pulse,29:43,43,29,radar,video,29,b,1785622444.164,1785622444.478,0.313,0.6453,0.3226,2.0,orphan candidate on detector '29' not registered: pulse 0.313s < gate 0.645s
1785622444.560,2026-08-01 16:14:04.560079,201,below_sampling_floor,rule2_orphan_pulse,17:2,17,2,video,video,2,b,1785622444.164,1785622444.478,0.313,0.6453,0.3226,2.0,orphan candidate on detector '2' not registered: pulse 0.313s < gate 0.645s
1785622444.563,2026-08-01 16:14:04.563226,201,below_sampling_floor,rule2_orphan_pulse,2:46,2,46,video,radar,2,a,1785622444.164,1785622444.478,0.313,0.6453,0.3226,2.0,orphan candidate on detector '2' not registered: pulse 0.313s < gate 0.645s
1785622495.093,2026-08-01 16:14:55.092719,201,below_sampling_floor,rule2_orphan_pulse,26:33,33,26,radar,video,33,a,1785622494.745,1785622495.092,0.347,0.6392,0.3196,2.0,orphan candidate on detector '33' not registered: pulse 0.347s < gate 0.639s
1785622508.307,2026-08-01 16:15:08.306852,201,below_sampling_floor,rule2_orphan_pulse,26:33,33,26,radar,video,33,a,1785622507.888,1785622508.206,0.317,0.6392,0.3196,2.0,orphan candidate on detector '33' not registered: pulse 0.317s < gate 0.639s
1785622516.779,2026-08-01 16:15:16.778701,201,below_sampling_floor,rule2_orphan_pulse,26:33,33,26,radar,video,33,a,1785622516.046,1785622516.681,0.635,0.6489,0.3245,2.0,orphan candidate on detector '33' not registered: pulse 0.635s < gate 0.649s
1785622540.681,2026-08-01 16:15:40.680502,201,below_sampling_floor,rule2_orphan_pulse,30:41,41,30,radar,video,30,b,1785622540.296,1785622540.636,0.339,0.6489,0.3245,2.0,orphan candidate on detector '30' not registered: pulse 0.339s < gate 0.649s
1785622540.681,2026-08-01 16:15:40.680502,201,below_sampling_floor,rule2_orphan_pulse,3:30,30,3,video,video,30,a,1785622540.296,1785622540.636,0.339,0.6489,0.3245,2.0,orphan candidate on detector '30' not registered: pulse 0.339s < gate 0.649s
1785622542.396,2026-08-01 16:15:42.396157,201,below_sampling_floor,rule2_orphan_pulse,3:30,30,3,video,video,3,b,1785622541.969,1785622542.299,0.33,0.6489,0.3245,2.0,orphan candidate on detector '3' not registered: pulse 0.330s < gate 0.649s
1785622542.398,2026-08-01 16:15:42.398437,201,below_sampling_floor,rule2_orphan_pulse,3:41,3,41,video,radar,3,a,1785622541.969,1785622542.299,0.33,0.6489,0.3245,2.0,orphan candidate on detector '3' not registered: pulse 0.330s < gate 0.649s
1785622543.610,2026-08-01 16:15:43.610024,201,below_sampling_floor,rule2_orphan_pulse,29:43,43,29,radar,video,29,b,1785622543.260,1785622543.587,0.327,0.6489,0.3245,2.0,orphan candidate on detector '29' not registered: pulse 0.327s < gate 0.649s
1785622544.319,2026-08-01 16:15:44.318859,201,below_sampling_floor,rule2_orphan_pulse,29:43,43,29,radar,video,29,b,1785622543.912,1785622544.231,0.319,0.6489,0.3245,2.0,orphan candidate on detector '29' not registered: pulse 0.319s < gate 0.649s
1785622544.926,2026-08-01 16:15:44.925620,201,below_sampling_floor,rule2_orphan_pulse,29:43,43,29,radar,video,29,b,1785622544.551,1785622544.880,0.33,0.6489,0.3245,2.0,orphan candidate on detector '29' not registered: pulse 0.330s < gate 0.649s
1785622545.836,2026-08-01 16:15:45.835504,201,below_sampling_floor,rule2_orphan_pulse,29:43,43,29,radar,video,29,b,1785622545.198,1785622545.836,0.638,0.6489,0.3245,2.0,orphan candidate on detector '29' not registered: pulse 0.638s < gate 0.649s
1785622597.604,2026-08-01 16:16:37.603930,201,below_sampling_floor,rule2_orphan_pulse,17:46,46,17,radar,video,46,a,1785622596.932,1785622597.576,0.644,0.6458,0.3229,2.0,orphan candidate on detector '46' not registered: pulse 0.644s < gate 0.646s
1785622597.605,2026-08-01 16:16:37.605490,201,below_sampling_floor,rule2_orphan_pulse,2:46,2,46,video,radar,46,b,1785622596.932,1785622597.576,0.644,0.6458,0.3229,2.0,orphan candidate on detector '46' not registered: pulse 0.644s < gate 0.646s
1785622601.535,2026-08-01 16:16:41.534755,201,below_sampling_floor,rule2_orphan_pulse,26:33,33,26,radar,video,33,a,1785622600.835,1785622601.475,0.641,0.6458,0.3229,2.0,orphan candidate on detector '33' not registered: pulse 0.641s < gate 0.646s
1785622634.302,2026-08-01 16:17:14.302111,201,below_sampling_floor,rule2_orphan_pulse,29:43,43,29,radar,video,29,b,1785622633.881,1785622634.229,0.348,0.6458,0.3229,2.0,orphan candidate on detector '29' not registered: pulse 0.348s < gate 0.646s
1785622638.994,2026-08-01 16:17:18.994498,201,below_sampling_floor,rule2_orphan_pulse,29:43,43,29,radar,video,29,b,1785622638.288,1785622638.945,0.658,0.6622,0.3311,2.0,orphan candidate on detector '29' not registered: pulse 0.658s < gate 0.662s
1785622644.957,2026-08-01 16:17:24.956944,201,below_sampling_floor,rule2_orphan_pulse,31:8,31,8,video,video,8,b,1785622644.548,1785622644.874,0.325,0.6622,0.3311,2.0,orphan candidate on detector '8' not registered: pulse 0.325s < gate 0.662s
1785622710.096,2026-08-01 16:18:30.095646,201,below_sampling_floor,rule2_orphan_pulse,42:8,8,42,video,radar,8,a,1785622644.548,1785622644.874,0.325,0.6561,0.3281,2.0,orphan candidate on detector '8' not registered: pulse 0.325s < gate 0.656s
1785622796.539,2026-08-01 16:19:56.539499,201,below_sampling_floor,rule2_orphan_pulse,17:2,17,2,video,video,2,b,1785622796.217,1785622796.539,0.323,0.6634,0.3317,2.0,orphan candidate on detector '2' not registered: pulse 0.323s < gate 0.663s
1785622796.542,2026-08-01 16:19:56.541690,201,below_sampling_floor,rule2_orphan_pulse,2:46,2,46,video,radar,2,a,1785622796.217,1785622796.539,0.323,0.6634,0.3317,2.0,orphan candidate on detector '2' not registered: pulse 0.323s < gate 0.663s
1785622799.764,2026-08-01 16:19:59.764428,201,below_sampling_floor,rule2_orphan_pulse,26:33,33,26,radar,video,33,a,1785622799.421,1785622799.743,0.322,0.6634,0.3317,2.0,orphan candidate on detector '33' not registered: pulse 0.322s < gate 0.663s
1785622804.310,2026-08-01 16:20:04.309826,201,below_sampling_floor,rule2_orphan_pulse,26:33,33,26,radar,video,33,a,1785622803.902,1785622804.219,0.317,0.6634,0.3317,2.0,orphan candidate on detector '33' not registered: pulse 0.317s < gate 0.663s
1785622807.238,2026-08-01 16:20:07.238400,201,below_sampling_floor,rule2_orphan_pulse,26:33,33,26,radar,video,33,a,1785622806.847,1785622807.178,0.331,0.6634,0.3317,2.0,orphan candidate on detector '33' not registered: pulse 0.331s < gate 0.663s
1785622832.964,2026-08-01 16:20:32.963668,201,below_sampling_floor,rule2_orphan_pulse,26:33,33,26,radar,video,33,a,1785622832.322,1785622832.957,0.635,0.6452,0.3226,2.0,orphan candidate on detector '33' not registered: pulse 0.635s < gate 0.645s
1785622835.892,2026-08-01 16:20:35.891554,201,below_sampling_floor,rule2_orphan_pulse,26:33,33,26,radar,video,33,a,1785622835.557,1785622835.878,0.322,0.6452,0.3226,2.0,orphan candidate on detector '33' not registered: pulse 0.322s < gate 0.645s
1785622840.426,2026-08-01 16:20:40.425572,201,below_sampling_floor,rule2_orphan_pulse,26:33,33,26,radar,video,33,a,1785622840.065,1785622840.395,0.33,0.6452,0.3226,2.0,orphan candidate on detector '33' not registered: pulse 0.330s < gate 0.645s
1785622842.037,2026-08-01 16:20:42.037228,201,below_sampling_floor,rule2_orphan_pulse,26:33,33,26,radar,video,33,a,1785622841.671,1785622841.989,0.319,0.6452,0.3226,2.0,orphan candidate on detector '33' not registered: pulse 0.319s < gate 0.645s
1785622855.224,2026-08-01 16:20:55.223892,201,below_sampling_floor,rule2_orphan_pulse,17:2,17,2,video,video,2,b,1785622854.873,1785622855.208,0.334,0.6452,0.3226,2.0,orphan candidate on detector '2' not registered: pulse 0.334s < gate 0.645s
1785622855.225,2026-08-01 16:20:55.225382,201,below_sampling_floor,rule2_orphan_pulse,2:46,2,46,video,radar,2,a,1785622854.873,1785622855.208,0.334,0.6452,0.3226,2.0,orphan candidate on detector '2' not registered: pulse 0.334s < gate 0.645s
1785622862.174,2026-08-01 16:21:02.173794,201,below_sampling_floor,rule2_orphan_pulse,17:2,17,2,video,video,2,b,1785622861.793,1785622862.125,0.331,0.6452,0.3226,2.0,orphan candidate on detector '2' not registered: pulse 0.331s < gate 0.645s
1785622862.176,2026-08-01 16:21:02.175514,201,below_sampling_floor,rule2_orphan_pulse,2:46,2,46,video,radar,2,a,1785622861.793,1785622862.125,0.331,0.6452,0.3226,2.0,orphan candidate on detector '2' not registered: pulse 0.331s < gate 0.645s
1785622970.362,2026-08-01 16:22:50.361867,201,below_sampling_floor,rule2_orphan_pulse,26:33,33,26,radar,video,33,a,1785622969.973,1785622970.297,0.324,0.644,0.322,2.0,orphan candidate on detector '33' not registered: pulse 0.324s < gate 0.644s
1785622985.305,2026-08-01 16:23:05.305191,201,below_sampling_floor,rule2_orphan_pulse,31:42,42,31,radar,video,31,b,1785622984.913,1785622985.237,0.324,0.644,0.322,2.0,orphan candidate on detector '31' not registered: pulse 0.324s < gate 0.644s
1785622985.305,2026-08-01 16:23:05.305191,201,below_sampling_floor,rule2_orphan_pulse,31:8,31,8,video,video,31,a,1785622984.913,1785622985.237,0.324,0.644,0.322,2.0,orphan candidate on detector '31' not registered: pulse 0.324s < gate 0.644s
1785622989.540,2026-08-01 16:23:09.539853,201,below_sampling_floor,rule2_orphan_pulse,31:42,42,31,radar,video,31,b,1785622989.130,1785622989.460,0.331,0.644,0.322,2.0,orphan candidate on detector '31' not registered: pulse 0.331s < gate 0.644s
1785622989.541,2026-08-01 16:23:09.540858,201,below_sampling_floor,rule2_orphan_pulse,31:8,31,8,video,video,31,a,1785622989.130,1785622989.460,0.331,0.644,0.322,2.0,orphan candidate on detector '31' not registered: pulse 0.331s < gate 0.644s
1785623001.439,2026-08-01 16:23:21.439017,201,below_sampling_floor,rule2_orphan_pulse,26:33,33,26,radar,video,33,a,1785623000.761,1785623001.399,0.638,0.6444,0.3222,2.0,orphan candidate on detector '33' not registered: pulse 0.638s < gate 0.644s
1785623004.061,2026-08-01 16:23:24.061451,201,below_sampling_floor,rule2_orphan_pulse,26:33,33,26,radar,video,33,a,1785623003.346,1785623003.988,0.642,0.6444,0.3222,2.0,orphan candidate on detector '33' not registered: pulse 0.642s < gate 0.644s
1785623012.445,2026-08-01 16:23:32.444769,201,below_sampling_floor,rule2_orphan_pulse,26:33,33,26,radar,video,33,a,1785623011.709,1785623012.347,0.638,0.6444,0.3222,2.0,orphan candidate on detector '33' not registered: pulse 0.638s < gate 0.644s
1785623083.675,2026-08-01 16:24:43.675060,201,below_sampling_floor,rule2_orphan_pulse,26:33,33,26,radar,video,33,a,1785623083.277,1785623083.605,0.328,0.6536,0.3268,2.0,orphan candidate on detector '33' not registered: pulse 0.328s < gate 0.654s
1785623152.286,2026-08-01 16:25:52.286143,201,below_sampling_floor,rule2_orphan_pulse,26:33,33,26,radar,video,33,a,1785623151.556,1785623152.204,0.648,0.6627,0.3314,2.0,orphan candidate on detector '33' not registered: pulse 0.648s < gate 0.663s
1785623155.609,2026-08-01 16:25:55.608767,201,below_sampling_floor,rule2_orphan_pulse,24:7,24,7,video,video,7,b,1785623155.194,1785623155.541,0.347,0.6627,0.3314,2.0,orphan candidate on detector '7' not registered: pulse 0.347s < gate 0.663s
1785623155.610,2026-08-01 16:25:55.609596,201,below_sampling_floor,rule2_orphan_pulse,38:7,7,38,video,radar,7,a,1785623155.194,1785623155.541,0.347,0.6627,0.3314,2.0,orphan candidate on detector '7' not registered: pulse 0.347s < gate 0.663s
1785623231.029,2026-08-01 16:27:11.029105,201,below_sampling_floor,rule2_orphan_pulse,26:33,33,26,radar,video,33,a,1785623230.650,1785623230.979,0.329,0.6597,0.3299,2.0,orphan candidate on detector '33' not registered: pulse 0.329s < gate 0.660s
1785623242.925,2026-08-01 16:27:22.925220,201,below_sampling_floor,rule2_orphan_pulse,26:33,33,26,radar,video,33,a,1785623242.237,1785623242.882,0.645,0.6491,0.3245,2.0,orphan candidate on detector '33' not registered: pulse 0.645s < gate 0.649s
1785623245.144,2026-08-01 16:27:25.143910,201,below_sampling_floor,rule2_orphan_pulse,26:33,33,26,radar,video,33,a,1785623244.815,1785623245.142,0.328,0.6491,0.3245,2.0,orphan candidate on detector '33' not registered: pulse 0.328s < gate 0.649s
1785623260.764,2026-08-01 16:27:40.764276,201,below_sampling_floor,rule2_orphan_pulse,29:43,43,29,radar,video,29,b,1785623260.096,1785623260.742,0.645,0.6491,0.3245,2.0,orphan candidate on detector '29' not registered: pulse 0.645s < gate 0.649s
1785623337.565,2026-08-01 16:28:57.564844,201,below_sampling_floor,rule2_orphan_pulse,29:43,43,29,radar,video,29,b,1785623337.234,1785623337.553,0.319,0.6436,0.3218,2.0,orphan candidate on detector '29' not registered: pulse 0.319s < gate 0.644s
1785623397.530,2026-08-01 16:29:57.530256,201,below_sampling_floor,rule2_orphan_pulse,26:33,33,26,radar,video,33,a,1785623396.846,1785623397.494,0.648,0.6597,0.3299,2.0,orphan candidate on detector '33' not registered: pulse 0.648s < gate 0.660s
1785623417.508,2026-08-01 16:30:17.507994,201,below_sampling_floor,rule2_orphan_pulse,26:33,33,26,radar,video,33,a,1785623417.103,1785623417.424,0.321,0.6462,0.3231,2.0,orphan candidate on detector '33' not registered: pulse 0.321s < gate 0.646s
1785623419.120,2026-08-01 16:30:19.120308,201,below_sampling_floor,rule2_orphan_pulse,26:33,33,26,radar,video,33,a,1785623418.716,1785623419.032,0.315,0.6462,0.3231,2.0,orphan candidate on detector '33' not registered: pulse 0.315s < gate 0.646s
1785623421.642,2026-08-01 16:30:21.642427,201,below_sampling_floor,rule2_orphan_pulse,26:33,33,26,radar,video,33,a,1785623421.269,1785623421.588,0.319,0.6462,0.3231,2.0,orphan candidate on detector '33' not registered: pulse 0.319s < gate 0.646s
1785623423.860,2026-08-01 16:30:23.860324,201,below_sampling_floor,rule2_orphan_pulse,26:33,33,26,radar,video,33,a,1785623423.207,1785623423.832,0.625,0.6462,0.3231,2.0,orphan candidate on detector '33' not registered: pulse 0.625s < gate 0.646s
1785623425.472,2026-08-01 16:30:25.472262,201,below_sampling_floor,rule2_orphan_pulse,26:33,33,26,radar,video,33,a,1785623425.126,1785623425.453,0.327,0.6462,0.3231,2.0,orphan candidate on detector '33' not registered: pulse 0.327s < gate 0.646s
1785623429.103,2026-08-01 16:30:29.102736,201,below_sampling_floor,rule2_orphan_pulse,26:33,33,26,radar,video,33,a,1785623428.716,1785623429.048,0.332,0.6462,0.3231,2.0,orphan candidate on detector '33' not registered: pulse 0.332s < gate 0.646s
1785623430.718,2026-08-01 16:30:30.717815,201,below_sampling_floor,rule2_orphan_pulse,26:33,33,26,radar,video,33,a,1785623430.380,1785623430.714,0.333,0.6462,0.3231,2.0,orphan candidate on detector '33' not registered: pulse 0.333s < gate 0.646s
1785623434.953,2026-08-01 16:30:34.953143,201,below_sampling_floor,rule2_orphan_pulse,26:33,33,26,radar,video,33,a,1785623434.595,1785623434.931,0.336,0.6462,0.3231,2.0,orphan candidate on detector '33' not registered: pulse 0.336s < gate 0.646s
1785623436.667,2026-08-01 16:30:36.667338,201,below_sampling_floor,rule2_orphan_pulse,26:33,33,26,radar,video,33,a,1785623436.251,1785623436.576,0.325,0.6462,0.3231,2.0,orphan candidate on detector '33' not registered: pulse 0.325s < gate 0.646s
1785623468.744,2026-08-01 16:31:08.743841,201,below_sampling_floor,rule2_orphan_pulse,30:41,41,30,radar,video,30,b,1785623468.033,1785623468.662,0.629,0.6462,0.3231,2.0,orphan candidate on detector '30' not registered: pulse 0.629s < gate 0.646s
1785623468.746,2026-08-01 16:31:08.745631,201,below_sampling_floor,rule2_orphan_pulse,3:30,30,3,video,video,30,a,1785623468.033,1785623468.662,0.629,0.6462,0.3231,2.0,orphan candidate on detector '30' not registered: pulse 0.629s < gate 0.646s
1785623473.588,2026-08-01 16:31:13.587557,201,below_sampling_floor,rule2_orphan_pulse,30:41,41,30,radar,video,30,b,1785623473.173,1785623473.517,0.345,0.6462,0.3231,2.0,orphan candidate on detector '30' not registered: pulse 0.345s < gate 0.646s
1785623473.589,2026-08-01 16:31:13.589272,201,below_sampling_floor,rule2_orphan_pulse,3:30,30,3,video,video,30,a,1785623473.173,1785623473.517,0.345,0.6462,0.3231,2.0,orphan candidate on detector '30' not registered: pulse 0.345s < gate 0.646s
1785623496.074,2026-08-01 16:31:36.073626,201,below_sampling_floor,rule2_orphan_pulse,26:33,33,26,radar,video,33,a,1785623494.399,1785623494.746,0.347,0.6526,0.3263,2.0,orphan candidate on detector '33' not registered: pulse 0.347s < gate 0.653s
1785623498.392,2026-08-01 16:31:38.391887,201,below_sampling_floor,rule2_orphan_pulse,26:33,33,26,radar,video,33,a,1785623498.023,1785623498.343,0.32,0.6526,0.3263,2.0,orphan candidate on detector '33' not registered: pulse 0.320s < gate 0.653s
1785623500.406,2026-08-01 16:31:40.406399,201,below_sampling_floor,rule2_orphan_pulse,26:33,33,26,radar,video,33,a,1785623500.028,1785623500.355,0.327,0.6526,0.3263,2.0,orphan candidate on detector '33' not registered: pulse 0.327s < gate 0.653s
1785623502.422,2026-08-01 16:31:42.421886,201,below_sampling_floor,rule2_orphan_pulse,26:33,33,26,radar,video,33,a,1785623502.066,1785623502.384,0.318,0.6526,0.3263,2.0,orphan candidate on detector '33' not registered: pulse 0.318s < gate 0.653s
1785623505.048,2026-08-01 16:31:45.048148,201,below_sampling_floor,rule2_orphan_pulse,26:33,33,26,radar,video,33,a,1785623504.699,1785623505.040,0.34,0.6526,0.3263,2.0,orphan candidate on detector '33' not registered: pulse 0.340s < gate 0.653s
1785623508.071,2026-08-01 16:31:48.071423,201,below_sampling_floor,rule2_orphan_pulse,26:33,33,26,radar,video,33,a,1785623507.682,1785623508.021,0.339,0.6526,0.3263,2.0,orphan candidate on detector '33' not registered: pulse 0.339s < gate 0.653s
1785623513.320,2026-08-01 16:31:53.320262,201,below_sampling_floor,rule2_orphan_pulse,26:33,33,26,radar,video,33,a,1785623512.591,1785623513.242,0.651,0.6526,0.3263,2.0,orphan candidate on detector '33' not registered: pulse 0.651s < gate 0.653s
1785623514.331,2026-08-01 16:31:54.331408,201,below_sampling_floor,rule2_orphan_pulse,26:33,33,26,radar,video,33,a,1785623513.593,1785623514.239,0.646,0.6526,0.3263,2.0,orphan candidate on detector '33' not registered: pulse 0.646s < gate 0.653s
1785623520.478,2026-08-01 16:32:00.478174,201,below_sampling_floor,rule2_orphan_pulse,26:33,33,26,radar,video,33,a,1785623520.084,1785623520.415,0.331,0.6526,0.3263,2.0,orphan candidate on detector '33' not registered: pulse 0.331s < gate 0.653s
1785623527.029,2026-08-01 16:32:07.028866,201,below_sampling_floor,rule2_orphan_pulse,26:33,33,26,radar,video,33,a,1785623526.353,1785623526.985,0.632,0.6526,0.3263,2.0,orphan candidate on detector '33' not registered: pulse 0.632s < gate 0.653s
1785623550.595,2026-08-01 16:32:30.594647,201,below_sampling_floor,rule2_orphan_pulse,17:2,17,2,video,video,2,b,1785623550.194,1785623550.515,0.321,0.675,0.3375,2.0,orphan candidate on detector '2' not registered: pulse 0.321s < gate 0.675s
1785623550.596,2026-08-01 16:32:30.596350,201,below_sampling_floor,rule2_orphan_pulse,2:46,2,46,video,radar,2,a,1785623550.194,1785623550.515,0.321,0.675,0.3375,2.0,orphan candidate on detector '2' not registered: pulse 0.321s < gate 0.675s
1785623574.611,2026-08-01 16:32:54.611029,201,below_sampling_floor,rule2_orphan_pulse,29:43,43,29,radar,video,29,b,1785623573.911,1785623574.561,0.65,0.675,0.3375,2.0,orphan candidate on detector '29' not registered: pulse 0.650s < gate 0.675s
1785623576.240,2026-08-01 16:32:56.239952,201,below_sampling_floor,rule2_orphan_pulse,29:43,43,29,radar,video,29,b,1785623575.538,1785623576.178,0.64,0.675,0.3375,2.0,orphan candidate on detector '29' not registered: pulse 0.640s < gate 0.675s
1785623577.564,2026-08-01 16:32:57.564391,201,below_sampling_floor,rule2_orphan_pulse,29:43,43,29,radar,video,29,b,1785623577.182,1785623577.512,0.329,0.675,0.3375,2.0,orphan candidate on detector '29' not registered: pulse 0.329s < gate 0.675s
1785623580.893,2026-08-01 16:33:00.892539,201,below_sampling_floor,rule2_orphan_pulse,29:43,43,29,radar,video,29,b,1785623580.510,1785623580.830,0.32,0.675,0.3375,2.0,orphan candidate on detector '29' not registered: pulse 0.320s < gate 0.675s
1785623684.482,2026-08-01 16:34:44.482479,201,below_sampling_floor,rule2_orphan_pulse,29:43,43,29,radar,video,29,b,1785623683.776,1785623684.419,0.643,0.6447,0.3223,2.0,orphan candidate on detector '29' not registered: pulse 0.643s < gate 0.645s
1785623692.752,2026-08-01 16:34:52.751820,201,below_sampling_floor,rule2_orphan_pulse,29:43,43,29,radar,video,29,b,1785623692.405,1785623692.726,0.321,0.6447,0.3223,2.0,orphan candidate on detector '29' not registered: pulse 0.321s < gate 0.645s
1785623713.521,2026-08-01 16:35:13.521229,201,below_sampling_floor,rule2_orphan_pulse,3:30,30,3,video,video,3,b,1785623713.128,1785623713.463,0.335,0.6447,0.3223,2.0,orphan candidate on detector '3' not registered: pulse 0.335s < gate 0.645s
1785623713.525,2026-08-01 16:35:13.524920,201,below_sampling_floor,rule2_orphan_pulse,3:41,3,41,video,radar,3,a,1785623713.128,1785623713.463,0.335,0.6447,0.3223,2.0,orphan candidate on detector '3' not registered: pulse 0.335s < gate 0.645s
1785623795.100,2026-08-01 16:36:35.100451,201,below_sampling_floor,rule2_orphan_pulse,26:33,33,26,radar,video,33,a,1785623793.104,1785623793.741,0.637,0.6416,0.3208,2.0,orphan candidate on detector '33' not registered: pulse 0.637s < gate 0.642s
1785623799.639,2026-08-01 16:36:39.638712,201,below_sampling_floor,rule2_orphan_pulse,26:33,33,26,radar,video,33,a,1785623798.916,1785623799.544,0.627,0.6416,0.3208,2.0,orphan candidate on detector '33' not registered: pulse 0.627s < gate 0.642s
1785623811.523,2026-08-01 16:36:51.523134,201,below_sampling_floor,rule2_orphan_pulse,26:33,33,26,radar,video,33,a,1785623811.118,1785623811.450,0.332,0.6416,0.3208,2.0,orphan candidate on detector '33' not registered: pulse 0.332s < gate 0.642s
1785623814.141,2026-08-01 16:36:54.141397,201,below_sampling_floor,rule2_orphan_pulse,26:33,33,26,radar,video,33,a,1785623813.725,1785623814.050,0.325,0.6416,0.3208,2.0,orphan candidate on detector '33' not registered: pulse 0.325s < gate 0.642s
1785623824.121,2026-08-01 16:37:04.120533,201,below_sampling_floor,rule2_orphan_pulse,26:33,33,26,radar,video,33,a,1785623823.472,1785623824.110,0.638,0.6416,0.3208,2.0,orphan candidate on detector '33' not registered: pulse 0.638s < gate 0.642s
1785623827.363,2026-08-01 16:37:07.362988,201,below_sampling_floor,rule2_orphan_pulse,29:43,43,29,radar,video,43,a,1785623827.012,1785623827.332,0.32,0.6416,0.3208,2.0,orphan candidate on detector '43' not registered: pulse 0.320s < gate 0.642s
1785623834.230,2026-08-01 16:37:14.230465,201,below_sampling_floor,rule2_orphan_pulse,26:33,33,26,radar,video,33,a,1785623833.817,1785623834.133,0.315,0.6416,0.3208,2.0,orphan candidate on detector '33' not registered: pulse 0.315s < gate 0.642s
1785623835.148,2026-08-01 16:37:15.148224,201,below_sampling_floor,rule2_orphan_pulse,3:30,30,3,video,video,3,b,1785623834.757,1785623835.083,0.326,0.6416,0.3208,2.0,orphan candidate on detector '3' not registered: pulse 0.326s < gate 0.642s
1785623835.163,2026-08-01 16:37:15.162792,201,below_sampling_floor,rule2_orphan_pulse,3:41,3,41,video,radar,3,a,1785623834.757,1785623835.083,0.326,0.6416,0.3208,2.0,orphan candidate on detector '3' not registered: pulse 0.326s < gate 0.642s
1785623845.748,2026-08-01 16:37:25.747919,201,below_sampling_floor,rule2_orphan_pulse,26:33,33,26,radar,video,33,a,1785623845.084,1785623845.722,0.638,0.6476,0.3238,2.0,orphan candidate on detector '33' not registered: pulse 0.638s < gate 0.648s
1785623848.971,2026-08-01 16:37:28.971423,201,below_sampling_floor,rule2_orphan_pulse,17:2,17,2,video,video,2,b,1785623848.610,1785623848.929,0.318,0.6476,0.3238,2.0,orphan candidate on detector '2' not registered: pulse 0.318s < gate 0.648s
1785623848.974,2026-08-01 16:37:28.974234,201,below_sampling_floor,rule2_orphan_pulse,2:46,2,46,video,radar,2,a,1785623848.610,1785623848.929,0.318,0.6476,0.3238,2.0,orphan candidate on detector '2' not registered: pulse 0.318s < gate 0.648s
1785623849.883,2026-08-01 16:37:29.882958,201,below_sampling_floor,rule2_orphan_pulse,17:2,17,2,video,video,2,b,1785623849.245,1785623849.879,0.634,0.6476,0.3238,2.0,orphan candidate on detector '2' not registered: pulse 0.634s < gate 0.648s
1785623849.884,2026-08-01 16:37:29.883604,201,below_sampling_floor,rule2_orphan_pulse,2:46,2,46,video,radar,2,a,1785623849.245,1785623849.879,0.634,0.6476,0.3238,2.0,orphan candidate on detector '2' not registered: pulse 0.634s < gate 0.648s
1785623851.298,2026-08-01 16:37:31.298432,201,below_sampling_floor,rule2_orphan_pulse,29:43,43,29,radar,video,43,a,1785623850.861,1785623851.222,0.36,0.6476,0.3238,2.0,orphan candidate on detector '43' not registered: pulse 0.360s < gate 0.648s
1785623885.579,2026-08-01 16:38:05.579287,201,below_sampling_floor,rule2_orphan_pulse,3:30,30,3,video,video,30,a,1785623885.195,1785623885.540,0.344,0.6476,0.3238,2.0,orphan candidate on detector '30' not registered: pulse 0.344s < gate 0.648s
1785623886.185,2026-08-01 16:38:06.185052,201,below_sampling_floor,rule2_orphan_pulse,30:41,41,30,radar,video,30,b,1785623885.195,1785623885.540,0.344,0.6476,0.3238,2.0,orphan candidate on detector '30' not registered: pulse 0.344s < gate 0.648s
1785623887.194,2026-08-01 16:38:07.193863,201,below_sampling_floor,rule2_orphan_pulse,3:30,30,3,video,video,3,b,1785623886.495,1785623887.131,0.636,0.6476,0.3238,2.0,orphan candidate on detector '3' not registered: pulse 0.636s < gate 0.648s
1785623887.196,2026-08-01 16:38:07.195872,201,below_sampling_floor,rule2_orphan_pulse,3:41,3,41,video,radar,3,a,1785623886.495,1785623887.131,0.636,0.6476,0.3238,2.0,orphan candidate on detector '3' not registered: pulse 0.636s < gate 0.648s
1785623893.145,2026-08-01 16:38:13.144965,201,below_sampling_floor,rule2_orphan_pulse,29:43,43,29,radar,video,29,b,1785623892.398,1785623893.044,0.646,0.6476,0.3238,2.0,orphan candidate on detector '29' not registered: pulse 0.646s < gate 0.648s
1785623893.146,2026-08-01 16:38:13.145920,201,below_sampling_floor,rule2_orphan_pulse,31:42,42,31,radar,video,31,b,1785623892.398,1785623893.044,0.646,0.6476,0.3238,2.0,orphan candidate on detector '31' not registered: pulse 0.646s < gate 0.648s
1785623893.146,2026-08-01 16:38:13.145920,201,below_sampling_floor,rule2_orphan_pulse,31:8,31,8,video,video,31,a,1785623892.398,1785623893.044,0.646,0.6476,0.3238,2.0,orphan candidate on detector '31' not registered: pulse 0.646s < gate 0.648s
1785623894.060,2026-08-01 16:38:14.060364,201,below_sampling_floor,rule2_orphan_pulse,29:43,43,29,radar,video,29,b,1785623893.709,1785623894.045,0.336,0.6476,0.3238,2.0,orphan candidate on detector '29' not registered: pulse 0.336s < gate 0.648s
1785623902.625,2026-08-01 16:38:22.624892,201,below_sampling_floor,rule2_orphan_pulse,30:41,41,30,radar,video,30,b,1785623902.225,1785623902.538,0.313,0.6578,0.3289,2.0,orphan candidate on detector '30' not registered: pulse 0.313s < gate 0.658s
1785623902.625,2026-08-01 16:38:22.624892,201,below_sampling_floor,rule2_orphan_pulse,3:30,30,3,video,video,30,a,1785623902.225,1785623902.538,0.313,0.6578,0.3289,2.0,orphan candidate on detector '30' not registered: pulse 0.313s < gate 0.658s
1785623904.243,2026-08-01 16:38:24.242600,201,below_sampling_floor,rule2_orphan_pulse,3:30,30,3,video,video,3,b,1785623903.847,1785623904.182,0.335,0.6578,0.3289,2.0,orphan candidate on detector '3' not registered: pulse 0.335s < gate 0.658s
1785623904.245,2026-08-01 16:38:24.245269,201,below_sampling_floor,rule2_orphan_pulse,3:41,3,41,video,radar,3,a,1785623903.847,1785623904.182,0.335,0.6578,0.3289,2.0,orphan candidate on detector '3' not registered: pulse 0.335s < gate 0.658s
1785623932.681,2026-08-01 16:38:52.681343,201,below_sampling_floor,rule2_orphan_pulse,30:41,41,30,radar,video,41,a,1785623932.251,1785623932.581,0.33,0.6578,0.3289,2.0,orphan candidate on detector '41' not registered: pulse 0.330s < gate 0.658s
1785623932.683,2026-08-01 16:38:52.683416,201,below_sampling_floor,rule2_orphan_pulse,3:41,3,41,video,radar,41,b,1785623932.251,1785623932.581,0.33,0.6578,0.3289,2.0,orphan candidate on detector '41' not registered: pulse 0.330s < gate 0.658s
1785623952.943,2026-08-01 16:39:12.943278,201,below_sampling_floor,rule2_orphan_pulse,26:33,33,26,radar,video,33,a,1785623952.227,1785623952.866,0.64,0.6578,0.3289,2.0,orphan candidate on detector '33' not registered: pulse 0.640s < gate 0.658s
1785623958.598,2026-08-01 16:39:18.598323,201,below_sampling_floor,rule2_orphan_pulse,26:33,33,26,radar,video,33,a,1785623958.252,1785623958.583,0.331,0.6485,0.3242,2.0,orphan candidate on detector '33' not registered: pulse 0.331s < gate 0.648s
1785624019.263,2026-08-01 16:40:19.263395,201,below_sampling_floor,rule2_orphan_pulse,17:2,17,2,video,video,2,b,1785624018.548,1785624019.198,0.65,0.6645,0.3322,2.0,orphan candidate on detector '2' not registered: pulse 0.650s < gate 0.664s
1785624019.267,2026-08-01 16:40:19.267439,201,below_sampling_floor,rule2_orphan_pulse,2:46,2,46,video,radar,2,a,1785624018.548,1785624019.198,0.65,0.6645,0.3322,2.0,orphan candidate on detector '2' not registered: pulse 0.650s < gate 0.664s
1785624024.407,2026-08-01 16:40:24.407486,201,below_sampling_floor,rule2_orphan_pulse,17:46,46,17,radar,video,46,a,1785624024.030,1785624024.350,0.319,0.6645,0.3322,2.0,orphan candidate on detector '46' not registered: pulse 0.319s < gate 0.664s
1785624024.410,2026-08-01 16:40:24.410491,201,below_sampling_floor,rule2_orphan_pulse,2:46,2,46,video,radar,46,b,1785624024.030,1785624024.350,0.319,0.6645,0.3322,2.0,orphan candidate on detector '46' not registered: pulse 0.319s < gate 0.664s
1785624024.415,2026-08-01 16:40:24.414593,201,below_sampling_floor,rule2_orphan_pulse,26:33,33,26,radar,video,33,a,1785624024.030,1785624024.350,0.319,0.6645,0.3322,2.0,orphan candidate on detector '33' not registered: pulse 0.319s < gate 0.664s
1785624026.027,2026-08-01 16:40:26.026657,201,below_sampling_floor,rule2_orphan_pulse,17:2,17,2,video,video,2,b,1785624025.331,1785624025.994,0.663,0.6645,0.3322,2.0,orphan candidate on detector '2' not registered: pulse 0.663s < gate 0.664s
1785624026.027,2026-08-01 16:40:26.026657,201,below_sampling_floor,rule2_orphan_pulse,2:46,2,46,video,radar,2,a,1785624025.331,1785624025.994,0.663,0.6645,0.3322,2.0,orphan candidate on detector '2' not registered: pulse 0.663s < gate 0.664s
1785624030.575,2026-08-01 16:40:30.574847,201,below_sampling_floor,rule2_orphan_pulse,31:8,31,8,video,video,8,b,1785624030.189,1785624030.508,0.32,0.6645,0.3322,2.0,orphan candidate on detector '8' not registered: pulse 0.320s < gate 0.664s
1785624030.576,2026-08-01 16:40:30.575855,201,below_sampling_floor,rule2_orphan_pulse,42:8,8,42,video,radar,8,a,1785624030.189,1785624030.508,0.32,0.6645,0.3322,2.0,orphan candidate on detector '8' not registered: pulse 0.320s < gate 0.664s
1785624049.522,2026-08-01 16:40:49.522397,201,below_sampling_floor,rule2_orphan_pulse,29:43,43,29,radar,video,43,a,1785624048.800,1785624049.434,0.634,0.6645,0.3322,2.0,orphan candidate on detector '43' not registered: pulse 0.634s < gate 0.664s
1785624136.386,2026-08-01 16:42:16.386345,201,below_sampling_floor,rule2_orphan_pulse,26:33,33,26,radar,video,33,a,1785624136.030,1785624136.386,0.356,0.6663,0.3332,2.0,orphan candidate on detector '33' not registered: pulse 0.356s < gate 0.666s
1785624173.096,2026-08-01 16:42:53.095747,201,below_sampling_floor,rule2_orphan_pulse,26:33,33,26,radar,video,33,a,1785624172.737,1785624173.067,0.329,0.6663,0.3332,2.0,orphan candidate on detector '33' not registered: pulse 0.329s < gate 0.666s
1785624175.012,2026-08-01 16:42:55.011774,201,below_sampling_floor,rule2_orphan_pulse,26:33,33,26,radar,video,33,a,1785624174.671,1785624174.974,0.303,0.6663,0.3332,2.0,orphan candidate on detector '33' not registered: pulse 0.303s < gate 0.666s
1785624176.627,2026-08-01 16:42:56.626987,201,below_sampling_floor,rule2_orphan_pulse,26:33,33,26,radar,video,33,a,1785624176.303,1785624176.627,0.324,0.6663,0.3332,2.0,orphan candidate on detector '33' not registered: pulse 0.324s < gate 0.666s
1785624179.549,2026-08-01 16:42:59.549376,201,below_sampling_floor,rule2_orphan_pulse,26:33,33,26,radar,video,33,a,1785624178.896,1785624179.536,0.64,0.6663,0.3332,2.0,orphan candidate on detector '33' not registered: pulse 0.640s < gate 0.666s
1785624180.862,2026-08-01 16:43:00.861947,201,below_sampling_floor,rule2_orphan_pulse,26:33,33,26,radar,video,33,a,1785624180.503,1785624180.828,0.325,0.6663,0.3332,2.0,orphan candidate on detector '33' not registered: pulse 0.325s < gate 0.666s
1785624183.081,2026-08-01 16:43:03.080959,201,below_sampling_floor,rule2_orphan_pulse,26:33,33,26,radar,video,33,a,1785624182.439,1785624183.081,0.642,0.6663,0.3332,2.0,orphan candidate on detector '33' not registered: pulse 0.642s < gate 0.666s
1785624184.396,2026-08-01 16:43:04.395949,201,below_sampling_floor,rule2_orphan_pulse,26:33,33,26,radar,video,33,a,1785624184.057,1785624184.382,0.325,0.6663,0.3332,2.0,orphan candidate on detector '33' not registered: pulse 0.325s < gate 0.666s
1785624190.249,2026-08-01 16:43:10.248549,201,below_sampling_floor,rule2_orphan_pulse,26:33,33,26,radar,video,33,a,1785624189.513,1785624190.155,0.641,0.6663,0.3332,2.0,orphan candidate on detector '33' not registered: pulse 0.641s < gate 0.666s
1785624192.468,2026-08-01 16:43:12.467662,201,below_sampling_floor,rule2_orphan_pulse,26:33,33,26,radar,video,33,a,1785624192.095,1785624192.417,0.323,0.6663,0.3332,2.0,orphan candidate on detector '33' not registered: pulse 0.323s < gate 0.666s
1785624274.317,2026-08-01 16:44:34.316759,201,below_sampling_floor,rule2_orphan_pulse,26:33,33,26,radar,video,33,a,1785624273.931,1785624274.261,0.33,0.6549,0.3275,2.0,orphan candidate on detector '33' not registered: pulse 0.330s < gate 0.655s
1785624278.553,2026-08-01 16:44:38.553318,201,below_sampling_floor,rule2_orphan_pulse,26:33,33,26,radar,video,33,a,1785624277.844,1785624278.489,0.645,0.6549,0.3275,2.0,orphan candidate on detector '33' not registered: pulse 0.645s < gate 0.655s
1785624287.431,2026-08-01 16:44:47.430932,201,below_sampling_floor,rule2_orphan_pulse,26:33,33,26,radar,video,33,a,1785624286.758,1785624287.404,0.646,0.6549,0.3275,2.0,orphan candidate on detector '33' not registered: pulse 0.646s < gate 0.655s
1785624290.667,2026-08-01 16:44:50.667097,201,below_sampling_floor,rule2_orphan_pulse,29:43,43,29,radar,video,43,a,1785624290.295,1785624290.632,0.337,0.6549,0.3275,2.0,orphan candidate on detector '43' not registered: pulse 0.337s < gate 0.655s
1785624298.038,2026-08-01 16:44:58.037761,201,below_sampling_floor,rule2_orphan_pulse,17:46,46,17,radar,video,46,a,1785624297.393,1785624298.026,0.633,0.6549,0.3275,2.0,orphan candidate on detector '46' not registered: pulse 0.633s < gate 0.655s
1785624298.040,2026-08-01 16:44:58.040274,201,below_sampling_floor,rule2_orphan_pulse,2:46,2,46,video,radar,46,b,1785624297.393,1785624298.026,0.633,0.6549,0.3275,2.0,orphan candidate on detector '46' not registered: pulse 0.633s < gate 0.655s
1785624326.453,2026-08-01 16:45:26.452711,201,below_sampling_floor,rule2_orphan_pulse,30:41,41,30,radar,video,30,b,1785624326.029,1785624326.358,0.329,0.6542,0.3271,2.0,orphan candidate on detector '30' not registered: pulse 0.329s < gate 0.654s
1785624326.459,2026-08-01 16:45:26.458608,201,below_sampling_floor,rule2_orphan_pulse,3:30,30,3,video,video,30,a,1785624326.029,1785624326.358,0.329,0.6542,0.3271,2.0,orphan candidate on detector '30' not registered: pulse 0.329s < gate 0.654s
1785624341.889,2026-08-01 16:45:41.888704,201,below_sampling_floor,rule2_orphan_pulse,26:33,33,26,radar,video,33,a,1785624341.461,1785624341.799,0.338,0.6542,0.3271,2.0,orphan candidate on detector '33' not registered: pulse 0.338s < gate 0.654s
1785624343.908,2026-08-01 16:45:43.907974,201,below_sampling_floor,rule2_orphan_pulse,26:33,33,26,radar,video,33,a,1785624343.490,1785624343.826,0.336,0.6542,0.3271,2.0,orphan candidate on detector '33' not registered: pulse 0.336s < gate 0.654s
1785624362.056,2026-08-01 16:46:02.056499,201,below_sampling_floor,rule2_orphan_pulse,24:38,38,24,radar,video,24,b,1785624361.343,1785624361.987,0.643,0.6542,0.3271,2.0,orphan candidate on detector '24' not registered: pulse 0.643s < gate 0.654s
1785624362.060,2026-08-01 16:46:02.060232,201,below_sampling_floor,rule2_orphan_pulse,24:7,24,7,video,video,24,a,1785624361.343,1785624361.987,0.643,0.6542,0.3271,2.0,orphan candidate on detector '24' not registered: pulse 0.643s < gate 0.654s
1785624459.812,2026-08-01 16:47:39.812404,201,below_sampling_floor,rule2_orphan_pulse,30:41,41,30,radar,video,41,a,1785624459.393,1785624459.717,0.324,0.6718,0.3359,2.0,orphan candidate on detector '41' not registered: pulse 0.324s < gate 0.672s
1785624459.816,2026-08-01 16:47:39.815512,201,below_sampling_floor,rule2_orphan_pulse,3:41,3,41,video,radar,41,b,1785624459.393,1785624459.717,0.324,0.6718,0.3359,2.0,orphan candidate on detector '41' not registered: pulse 0.324s < gate 0.672s
1785624475.028,2026-08-01 16:47:55.028382,201,below_sampling_floor,rule2_orphan_pulse,26:33,33,26,radar,video,33,a,1785624474.629,1785624474.945,0.317,0.6718,0.3359,2.0,orphan candidate on detector '33' not registered: pulse 0.317s < gate 0.672s
1785624476.949,2026-08-01 16:47:56.948745,201,below_sampling_floor,rule2_orphan_pulse,26:33,33,26,radar,video,33,a,1785624476.258,1785624476.911,0.654,0.6718,0.3359,2.0,orphan candidate on detector '33' not registered: pulse 0.654s < gate 0.672s
1785624480.185,2026-08-01 16:48:00.184907,201,below_sampling_floor,rule2_orphan_pulse,26:33,33,26,radar,video,33,a,1785624479.510,1785624480.175,0.665,0.6718,0.3359,2.0,orphan candidate on detector '33' not registered: pulse 0.665s < gate 0.672s
1785624482.200,2026-08-01 16:48:02.200152,201,below_sampling_floor,rule2_orphan_pulse,26:33,33,26,radar,video,33,a,1785624481.507,1785624482.164,0.657,0.6718,0.3359,2.0,orphan candidate on detector '33' not registered: pulse 0.657s < gate 0.672s
1785624484.214,2026-08-01 16:48:04.213594,201,below_sampling_floor,rule2_orphan_pulse,26:33,33,26,radar,video,33,a,1785624483.487,1785624484.137,0.65,0.6718,0.3359,2.0,orphan candidate on detector '33' not registered: pulse 0.650s < gate 0.672s
1785624486.428,2026-08-01 16:48:06.428459,201,below_sampling_floor,rule2_orphan_pulse,26:33,33,26,radar,video,33,a,1785624485.765,1785624486.405,0.64,0.6718,0.3359,2.0,orphan candidate on detector '33' not registered: pulse 0.640s < gate 0.672s
1785624488.141,2026-08-01 16:48:08.141422,201,below_sampling_floor,rule2_orphan_pulse,26:33,33,26,radar,video,33,a,1785624487.409,1785624488.045,0.636,0.6718,0.3359,2.0,orphan candidate on detector '33' not registered: pulse 0.636s < gate 0.672s
1785624492.369,2026-08-01 16:48:12.368897,201,below_sampling_floor,rule2_orphan_pulse,26:33,33,26,radar,video,33,a,1785624491.644,1785624492.272,0.628,0.6718,0.3359,2.0,orphan candidate on detector '33' not registered: pulse 0.628s < gate 0.672s
1785624495.286,2026-08-01 16:48:15.286366,201,below_sampling_floor,rule2_orphan_pulse,26:33,33,26,radar,video,33,a,1785624494.545,1785624495.188,0.643,0.6718,0.3359,2.0,orphan candidate on detector '33' not registered: pulse 0.643s < gate 0.672s
1785624505.868,2026-08-01 16:48:25.868040,201,below_sampling_floor,rule2_orphan_pulse,26:33,33,26,radar,video,33,a,1785624505.519,1785624505.839,0.32,0.6478,0.3239,2.0,orphan candidate on detector '33' not registered: pulse 0.320s < gate 0.648s
1785624511.100,2026-08-01 16:48:31.100354,201,below_sampling_floor,rule2_orphan_pulse,26:33,33,26,radar,video,33,a,1785624510.719,1785624511.040,0.321,0.6478,0.3239,2.0,orphan candidate on detector '33' not registered: pulse 0.321s < gate 0.648s
