event_timestamp,local_timestamp,intersection_id,reason,rule,pair_key,det_a,det_b,det_a_type,det_b_type,orphan_det,slot,event_start_ts,event_end_ts,pulse_duration_sec,min_pulse_sec,sampling_floor_sec,min_pulse_floor_multiple,description
1785685157.578,2026-08-02 09:39:17.578279,201,below_sampling_floor,rule2_orphan_pulse,17:46,46,17,radar,video,17,b,1785685155.683,1785685157.531,1.849,3.2,1.6,2.0,orphan candidate on detector '17' not registered: pulse 1.849s < gate 3.200s
1785685157.581,2026-08-02 09:39:17.581290,201,below_sampling_floor,rule2_orphan_pulse,17:2,17,2,video,video,17,a,1785685155.683,1785685157.531,1.849,3.2,1.6,2.0,orphan candidate on detector '17' not registered: pulse 1.849s < gate 3.200s
1785685160.504,2026-08-02 09:39:20.503762,201,below_sampling_floor,rule2_orphan_pulse,17:46,46,17,radar,video,17,b,1785685158.254,1785685160.460,2.206,3.2,1.6,2.0,orphan candidate on detector '17' not registered: pulse 2.206s < gate 3.200s
1785685160.505,2026-08-02 09:39:20.504805,201,below_sampling_floor,rule2_orphan_pulse,17:2,17,2,video,video,17,a,1785685158.254,1785685160.460,2.206,3.2,1.6,2.0,orphan candidate on detector '17' not registered: pulse 2.206s < gate 3.200s
1785685161.917,2026-08-02 09:39:21.916564,201,below_sampling_floor,rule2_orphan_pulse,22:4,22,4,video,video,4,b,1785685158.999,1785685161.907,2.908,3.2,1.6,2.0,orphan candidate on detector '4' not registered: pulse 2.908s < gate 3.200s
1785685161.918,2026-08-02 09:39:21.917927,201,below_sampling_floor,rule2_orphan_pulse,39:4,4,39,video,radar,4,a,1785685158.999,1785685161.907,2.908,3.2,1.6,2.0,orphan candidate on detector '4' not registered: pulse 2.908s < gate 3.200s
1785685177.467,2026-08-02 09:39:37.467409,201,below_sampling_floor,rule2_orphan_pulse,30:41,41,30,radar,video,30,b,1785685175.992,1785685177.451,1.459,3.2,1.6,2.0,orphan candidate on detector '30' not registered: pulse 1.459s < gate 3.200s
1785685177.467,2026-08-02 09:39:37.467409,201,below_sampling_floor,rule2_orphan_pulse,3:30,30,3,video,video,30,a,1785685175.992,1785685177.451,1.459,3.2,1.6,2.0,orphan candidate on detector '30' not registered: pulse 1.459s < gate 3.200s
1785685178.578,2026-08-02 09:39:38.578023,201,below_sampling_floor,rule2_orphan_pulse,3:30,30,3,video,video,3,b,1785685177.451,1785685178.535,1.084,3.2,1.6,2.0,orphan candidate on detector '3' not registered: pulse 1.084s < gate 3.200s
1785685178.580,2026-08-02 09:39:38.580199,201,below_sampling_floor,rule2_orphan_pulse,3:41,3,41,video,radar,3,a,1785685177.451,1785685178.535,1.084,3.2,1.6,2.0,orphan candidate on detector '3' not registered: pulse 1.084s < gate 3.200s
1785685182.713,2026-08-02 09:39:42.712642,201,below_sampling_floor,rule2_orphan_pulse,22:39,39,22,radar,video,39,a,1785685180.388,1785685182.632,2.244,3.2,1.6,2.0,orphan candidate on detector '39' not registered: pulse 2.244s < gate 3.200s
1785685182.715,2026-08-02 09:39:42.715164,201,below_sampling_floor,rule2_orphan_pulse,39:4,4,39,video,radar,39,b,1785685180.388,1785685182.632,2.244,3.2,1.6,2.0,orphan candidate on detector '39' not registered: pulse 2.244s < gate 3.200s
1785685189.374,2026-08-02 09:39:49.374057,201,below_sampling_floor,rule2_orphan_pulse,30:41,41,30,radar,video,30,b,1785685186.335,1785685189.374,3.039,3.2,1.6,2.0,orphan candidate on detector '30' not registered: pulse 3.039s < gate 3.200s
1785685189.376,2026-08-02 09:39:49.375981,201,below_sampling_floor,rule2_orphan_pulse,3:30,30,3,video,video,30,a,1785685186.335,1785685189.374,3.039,3.2,1.6,2.0,orphan candidate on detector '30' not registered: pulse 3.039s < gate 3.200s
1785685200.368,2026-08-02 09:40:00.368425,201,below_sampling_floor,rule2_orphan_pulse,31:42,42,31,radar,video,42,a,1785685199.567,1785685200.322,0.755,0.7553,0.3776,2.0,orphan candidate on detector '42' not registered: pulse 0.755s < gate 0.755s
1785685200.371,2026-08-02 09:40:00.370672,201,below_sampling_floor,rule2_orphan_pulse,42:8,8,42,video,radar,42,b,1785685199.567,1785685200.322,0.755,0.7553,0.3776,2.0,orphan candidate on detector '42' not registered: pulse 0.755s < gate 0.755s
1785685224.889,2026-08-02 09:40:24.888628,201,below_sampling_floor,rule2_orphan_pulse,17:46,46,17,radar,video,17,b,1785685224.487,1785685224.871,0.384,0.7553,0.3776,2.0,orphan candidate on detector '17' not registered: pulse 0.384s < gate 0.755s
1785685224.890,2026-08-02 09:40:24.890136,201,below_sampling_floor,rule2_orphan_pulse,17:2,17,2,video,video,17,a,1785685224.487,1785685224.871,0.384,0.7553,0.3776,2.0,orphan candidate on detector '17' not registered: pulse 0.384s < gate 0.755s
1785685225.697,2026-08-02 09:40:25.696768,201,below_sampling_floor,rule2_orphan_pulse,17:2,17,2,video,video,2,b,1785685224.871,1785685225.596,0.725,0.7553,0.3776,2.0,orphan candidate on detector '2' not registered: pulse 0.725s < gate 0.755s
1785685225.699,2026-08-02 09:40:25.699014,201,below_sampling_floor,rule2_orphan_pulse,2:46,2,46,video,radar,2,a,1785685224.871,1785685225.596,0.725,0.7553,0.3776,2.0,orphan candidate on detector '2' not registered: pulse 0.725s < gate 0.755s
1785685267.371,2026-08-02 09:41:07.370552,201,below_sampling_floor,rule2_orphan_pulse,31:42,42,31,radar,video,42,a,1785685266.963,1785685267.332,0.368,0.7293,0.3647,2.0,orphan candidate on detector '42' not registered: pulse 0.368s < gate 0.729s
1785685267.371,2026-08-02 09:41:07.370552,201,below_sampling_floor,rule2_orphan_pulse,42:8,8,42,video,radar,42,b,1785685266.963,1785685267.332,0.368,0.7293,0.3647,2.0,orphan candidate on detector '42' not registered: pulse 0.368s < gate 0.729s
1785685275.656,2026-08-02 09:41:15.655737,201,below_sampling_floor,rule2_orphan_pulse,17:2,17,2,video,video,2,b,1785685275.235,1785685275.635,0.4,0.7293,0.3647,2.0,orphan candidate on detector '2' not registered: pulse 0.400s < gate 0.729s
1785685275.656,2026-08-02 09:41:15.655737,201,below_sampling_floor,rule2_orphan_pulse,2:46,2,46,video,radar,2,a,1785685275.235,1785685275.635,0.4,0.7293,0.3647,2.0,orphan candidate on detector '2' not registered: pulse 0.400s < gate 0.729s
1785685300.588,2026-08-02 09:41:40.588388,201,below_sampling_floor,rule2_orphan_pulse,29:43,43,29,radar,video,43,a,1785685300.135,1785685300.523,0.388,0.7293,0.3647,2.0,orphan candidate on detector '43' not registered: pulse 0.388s < gate 0.729s
1785685306.238,2026-08-02 09:41:46.237895,201,below_sampling_floor,rule2_orphan_pulse,26:33,33,26,radar,video,33,a,1785685305.801,1785685306.173,0.372,0.7293,0.3647,2.0,orphan candidate on detector '33' not registered: pulse 0.372s < gate 0.729s
1785685307.753,2026-08-02 09:41:47.753088,201,below_sampling_floor,rule2_orphan_pulse,26:33,33,26,radar,video,33,a,1785685307.297,1785685307.696,0.399,0.7293,0.3647,2.0,orphan candidate on detector '33' not registered: pulse 0.399s < gate 0.729s
1785685313.012,2026-08-02 09:41:53.011838,201,below_sampling_floor,rule2_orphan_pulse,17:2,17,2,video,video,2,b,1785685312.599,1785685312.975,0.376,0.7293,0.3647,2.0,orphan candidate on detector '2' not registered: pulse 0.376s < gate 0.729s
1785685313.015,2026-08-02 09:41:53.014854,201,below_sampling_floor,rule2_orphan_pulse,2:46,2,46,video,radar,2,a,1785685312.599,1785685312.975,0.376,0.7293,0.3647,2.0,orphan candidate on detector '2' not registered: pulse 0.376s < gate 0.729s
1785685317.168,2026-08-02 09:41:57.168276,201,below_sampling_floor,rule2_orphan_pulse,26:33,33,26,radar,video,33,a,1785685316.761,1785685317.135,0.374,0.7528,0.3764,2.0,orphan candidate on detector '33' not registered: pulse 0.374s < gate 0.753s
1785685320.197,2026-08-02 09:42:00.196758,201,below_sampling_floor,rule2_orphan_pulse,17:46,46,17,radar,video,46,a,1785685319.384,1785685320.132,0.747,0.7528,0.3764,2.0,orphan candidate on detector '46' not registered: pulse 0.747s < gate 0.753s
1785685320.197,2026-08-02 09:42:00.196758,201,below_sampling_floor,rule2_orphan_pulse,2:46,2,46,video,radar,46,b,1785685319.384,1785685320.132,0.747,0.7528,0.3764,2.0,orphan candidate on detector '46' not registered: pulse 0.747s < gate 0.753s
1785685320.503,2026-08-02 09:42:00.502636,201,below_sampling_floor,rule2_orphan_pulse,26:33,33,26,radar,video,33,a,1785685320.132,1785685320.500,0.368,0.7528,0.3764,2.0,orphan candidate on detector '33' not registered: pulse 0.368s < gate 0.753s
1785685322.115,2026-08-02 09:42:02.114882,201,below_sampling_floor,rule2_orphan_pulse,17:46,46,17,radar,video,46,a,1785685321.287,1785685322.035,0.748,0.7528,0.3764,2.0,orphan candidate on detector '46' not registered: pulse 0.748s < gate 0.753s
1785685322.118,2026-08-02 09:42:02.117933,201,below_sampling_floor,rule2_orphan_pulse,2:46,2,46,video,radar,46,b,1785685321.287,1785685322.035,0.748,0.7528,0.3764,2.0,orphan candidate on detector '46' not registered: pulse 0.748s < gate 0.753s
1785685323.228,2026-08-02 09:42:03.228317,201,below_sampling_floor,rule2_orphan_pulse,17:2,17,2,video,video,2,b,1785685322.400,1785685323.136,0.737,0.7528,0.3764,2.0,orphan candidate on detector '2' not registered: pulse 0.737s < gate 0.753s
1785685323.231,2026-08-02 09:42:03.231333,201,below_sampling_floor,rule2_orphan_pulse,2:46,2,46,video,radar,2,a,1785685322.400,1785685323.136,0.737,0.7528,0.3764,2.0,orphan candidate on detector '2' not registered: pulse 0.737s < gate 0.753s
1785685328.884,2026-08-02 09:42:08.884306,201,below_sampling_floor,rule2_orphan_pulse,17:46,46,17,radar,video,46,a,1785685328.475,1785685328.839,0.364,0.7528,0.3764,2.0,orphan candidate on detector '46' not registered: pulse 0.364s < gate 0.753s
1785685328.887,2026-08-02 09:42:08.886899,201,below_sampling_floor,rule2_orphan_pulse,2:46,2,46,video,radar,46,b,1785685328.475,1785685328.839,0.364,0.7528,0.3764,2.0,orphan candidate on detector '46' not registered: pulse 0.364s < gate 0.753s
1785685330.399,2026-08-02 09:42:10.398948,201,below_sampling_floor,rule2_orphan_pulse,17:2,17,2,video,video,2,b,1785685329.612,1785685330.339,0.727,0.7528,0.3764,2.0,orphan candidate on detector '2' not registered: pulse 0.727s < gate 0.753s
1785685330.399,2026-08-02 09:42:10.398948,201,below_sampling_floor,rule2_orphan_pulse,2:46,2,46,video,radar,2,a,1785685329.612,1785685330.339,0.727,0.7528,0.3764,2.0,orphan candidate on detector '2' not registered: pulse 0.727s < gate 0.753s
1785685375.719,2026-08-02 09:42:55.718908,201,below_sampling_floor,rule2_orphan_pulse,26:33,33,26,radar,video,33,a,1785685375.262,1785685375.653,0.391,0.745,0.3725,2.0,orphan candidate on detector '33' not registered: pulse 0.391s < gate 0.745s
1785685380.164,2026-08-02 09:43:00.164406,201,below_sampling_floor,rule2_orphan_pulse,26:33,33,26,radar,video,33,a,1785685379.716,1785685380.078,0.362,0.745,0.3725,2.0,orphan candidate on detector '33' not registered: pulse 0.362s < gate 0.745s
1785685381.582,2026-08-02 09:43:01.582030,201,below_sampling_floor,rule2_orphan_pulse,26:33,33,26,radar,video,33,a,1785685381.185,1785685381.554,0.368,0.745,0.3725,2.0,orphan candidate on detector '33' not registered: pulse 0.368s < gate 0.745s
1785685389.054,2026-08-02 09:43:09.053890,201,below_sampling_floor,rule2_orphan_pulse,26:33,33,26,radar,video,33,a,1785685388.662,1785685389.036,0.374,0.745,0.3725,2.0,orphan candidate on detector '33' not registered: pulse 0.374s < gate 0.745s
1785685394.304,2026-08-02 09:43:14.303537,201,below_sampling_floor,rule2_orphan_pulse,26:33,33,26,radar,video,33,a,1785685393.889,1785685394.260,0.371,0.745,0.3725,2.0,orphan candidate on detector '33' not registered: pulse 0.371s < gate 0.745s
1785685395.718,2026-08-02 09:43:15.717922,201,below_sampling_floor,rule2_orphan_pulse,26:33,33,26,radar,video,33,a,1785685395.346,1785685395.714,0.368,0.745,0.3725,2.0,orphan candidate on detector '33' not registered: pulse 0.368s < gate 0.745s
1785685397.236,2026-08-02 09:43:17.236187,201,below_sampling_floor,rule2_orphan_pulse,26:33,33,26,radar,video,33,a,1785685396.799,1785685397.179,0.38,0.745,0.3725,2.0,orphan candidate on detector '33' not registered: pulse 0.380s < gate 0.745s
1785685398.352,2026-08-02 09:43:18.352463,201,below_sampling_floor,rule2_orphan_pulse,26:33,33,26,radar,video,33,a,1785685397.902,1785685398.276,0.374,0.745,0.3725,2.0,orphan candidate on detector '33' not registered: pulse 0.374s < gate 0.745s
1785685401.388,2026-08-02 09:43:21.388125,201,below_sampling_floor,rule2_orphan_pulse,26:33,33,26,radar,video,33,a,1785685400.878,1785685401.304,0.426,0.745,0.3725,2.0,orphan candidate on detector '33' not registered: pulse 0.426s < gate 0.745s
1785685439.364,2026-08-02 09:43:59.363503,201,below_sampling_floor,rule2_orphan_pulse,24:7,24,7,video,video,7,b,1785685438.957,1785685439.319,0.362,0.7494,0.3747,2.0,orphan candidate on detector '7' not registered: pulse 0.362s < gate 0.749s
1785685439.367,2026-08-02 09:43:59.366517,201,below_sampling_floor,rule2_orphan_pulse,38:7,7,38,video,radar,7,a,1785685438.957,1785685439.319,0.362,0.7494,0.3747,2.0,orphan candidate on detector '7' not registered: pulse 0.362s < gate 0.749s
1785685447.935,2026-08-02 09:44:07.935207,201,below_sampling_floor,rule2_orphan_pulse,26:33,33,26,radar,video,33,a,1785685447.151,1785685447.882,0.731,0.7494,0.3747,2.0,orphan candidate on detector '33' not registered: pulse 0.731s < gate 0.749s
1785685535.523,2026-08-02 09:45:35.523276,201,below_sampling_floor,rule2_orphan_pulse,26:33,33,26,radar,video,33,a,1785685535.152,1785685535.514,0.362,0.7531,0.3765,2.0,orphan candidate on detector '33' not registered: pulse 0.362s < gate 0.753s
1785685538.556,2026-08-02 09:45:38.556245,201,below_sampling_floor,rule2_orphan_pulse,26:33,33,26,radar,video,33,a,1785685537.731,1785685538.478,0.746,0.7531,0.3765,2.0,orphan candidate on detector '33' not registered: pulse 0.746s < gate 0.753s
1785685590.695,2026-08-02 09:46:30.695173,201,below_sampling_floor,rule2_orphan_pulse,17:2,17,2,video,video,2,b,1785685590.253,1785685590.639,0.386,0.7358,0.3679,2.0,orphan candidate on detector '2' not registered: pulse 0.386s < gate 0.736s
1785685590.698,2026-08-02 09:46:30.697836,201,below_sampling_floor,rule2_orphan_pulse,2:46,2,46,video,radar,2,a,1785685590.253,1785685590.639,0.386,0.7358,0.3679,2.0,orphan candidate on detector '2' not registered: pulse 0.386s < gate 0.736s
1785685610.580,2026-08-02 09:46:50.579984,201,below_sampling_floor,rule2_orphan_pulse,17:2,17,2,video,video,2,b,1785685609.758,1785685610.491,0.733,0.7358,0.3679,2.0,orphan candidate on detector '2' not registered: pulse 0.733s < gate 0.736s
1785685610.580,2026-08-02 09:46:50.580488,201,below_sampling_floor,rule2_orphan_pulse,2:46,2,46,video,radar,2,a,1785685609.758,1785685610.491,0.733,0.7358,0.3679,2.0,orphan candidate on detector '2' not registered: pulse 0.733s < gate 0.736s
1785685616.433,2026-08-02 09:46:56.433419,201,below_sampling_floor,rule2_orphan_pulse,26:33,33,26,radar,video,33,a,1785685615.981,1785685616.357,0.376,0.7493,0.3746,2.0,orphan candidate on detector '33' not registered: pulse 0.376s < gate 0.749s
1785685618.981,2026-08-02 09:46:58.980778,201,below_sampling_floor,rule2_orphan_pulse,26:33,33,26,radar,video,33,a,1785685618.226,1785685618.950,0.724,0.7493,0.3746,2.0,orphan candidate on detector '33' not registered: pulse 0.724s < gate 0.749s
1785685798.496,2026-08-02 09:49:58.496338,201,below_sampling_floor,rule2_orphan_pulse,26:33,33,26,radar,video,33,a,1785685797.702,1785685798.431,0.729,0.749,0.3745,2.0,orphan candidate on detector '33' not registered: pulse 0.729s < gate 0.749s
1785685801.830,2026-08-02 09:50:01.829702,201,below_sampling_floor,rule2_orphan_pulse,26:33,33,26,radar,video,33,a,1785685801.031,1785685801.762,0.731,0.749,0.3745,2.0,orphan candidate on detector '33' not registered: pulse 0.731s < gate 0.749s
1785685806.271,2026-08-02 09:50:06.271165,201,below_sampling_floor,rule2_orphan_pulse,17:46,46,17,radar,video,46,a,1785685805.548,1785685806.271,0.723,0.749,0.3745,2.0,orphan candidate on detector '46' not registered: pulse 0.723s < gate 0.749s
1785685806.273,2026-08-02 09:50:06.273169,201,below_sampling_floor,rule2_orphan_pulse,2:46,2,46,video,radar,46,b,1785685805.548,1785685806.271,0.723,0.749,0.3745,2.0,orphan candidate on detector '46' not registered: pulse 0.723s < gate 0.749s
1785685808.189,2026-08-02 09:50:08.189193,201,below_sampling_floor,rule2_orphan_pulse,17:46,46,17,radar,video,46,a,1785685807.406,1785685808.142,0.736,0.749,0.3745,2.0,orphan candidate on detector '46' not registered: pulse 0.736s < gate 0.749s
1785685808.189,2026-08-02 09:50:08.189193,201,below_sampling_floor,rule2_orphan_pulse,2:46,2,46,video,radar,46,b,1785685807.406,1785685808.142,0.736,0.749,0.3745,2.0,orphan candidate on detector '46' not registered: pulse 0.736s < gate 0.749s
1785685809.300,2026-08-02 09:50:09.299660,201,below_sampling_floor,rule2_orphan_pulse,17:46,46,17,radar,video,46,a,1785685808.522,1785685809.263,0.741,0.749,0.3745,2.0,orphan candidate on detector '46' not registered: pulse 0.741s < gate 0.749s
1785685809.302,2026-08-02 09:50:09.301679,201,below_sampling_floor,rule2_orphan_pulse,2:46,2,46,video,radar,46,b,1785685808.522,1785685809.263,0.741,0.749,0.3745,2.0,orphan candidate on detector '46' not registered: pulse 0.741s < gate 0.749s
1785685810.818,2026-08-02 09:50:10.817851,201,below_sampling_floor,rule2_orphan_pulse,17:2,17,2,video,video,2,b,1785685810.025,1785685810.764,0.739,0.749,0.3745,2.0,orphan candidate on detector '2' not registered: pulse 0.739s < gate 0.749s
1785685810.820,2026-08-02 09:50:10.819862,201,below_sampling_floor,rule2_orphan_pulse,2:46,2,46,video,radar,2,a,1785685810.025,1785685810.764,0.739,0.749,0.3745,2.0,orphan candidate on detector '2' not registered: pulse 0.739s < gate 0.749s
1785685816.170,2026-08-02 09:50:16.170008,201,below_sampling_floor,rule2_orphan_pulse,26:33,33,26,radar,video,33,a,1785685815.782,1785685816.161,0.379,0.749,0.3745,2.0,orphan candidate on detector '33' not registered: pulse 0.379s < gate 0.749s
1785685819.499,2026-08-02 09:50:19.498876,201,below_sampling_floor,rule2_orphan_pulse,26:33,33,26,radar,video,33,a,1785685819.100,1785685819.478,0.377,0.749,0.3745,2.0,orphan candidate on detector '33' not registered: pulse 0.377s < gate 0.749s
1785685821.412,2026-08-02 09:50:21.412344,201,below_sampling_floor,rule2_orphan_pulse,26:33,33,26,radar,video,33,a,1785685820.949,1785685821.316,0.368,0.749,0.3745,2.0,orphan candidate on detector '33' not registered: pulse 0.368s < gate 0.749s
1785685947.125,2026-08-02 09:52:27.124709,201,below_sampling_floor,rule2_orphan_pulse,26:33,33,26,radar,video,33,a,1785685946.745,1785685947.108,0.362,0.7372,0.3686,2.0,orphan candidate on detector '33' not registered: pulse 0.362s < gate 0.737s
1785685950.050,2026-08-02 09:52:30.049823,201,below_sampling_floor,rule2_orphan_pulse,26:33,33,26,radar,video,33,a,1785685949.313,1785685950.045,0.732,0.7372,0.3686,2.0,orphan candidate on detector '33' not registered: pulse 0.732s < gate 0.737s
1785685951.567,2026-08-02 09:52:31.566822,201,below_sampling_floor,rule2_orphan_pulse,26:33,33,26,radar,video,33,a,1785685950.783,1785685951.520,0.737,0.7372,0.3686,2.0,orphan candidate on detector '33' not registered: pulse 0.737s < gate 0.737s
1785685953.398,2026-08-02 09:52:33.398284,201,below_sampling_floor,rule2_orphan_pulse,26:33,33,26,radar,video,33,a,1785685952.613,1785685953.346,0.733,0.7372,0.3686,2.0,orphan candidate on detector '33' not registered: pulse 0.733s < gate 0.737s
1785685959.759,2026-08-02 09:52:39.758934,201,below_sampling_floor,rule2_orphan_pulse,26:33,33,26,radar,video,33,a,1785685959.316,1785685959.724,0.408,0.7372,0.3686,2.0,orphan candidate on detector '33' not registered: pulse 0.408s < gate 0.737s
1785685961.684,2026-08-02 09:52:41.684187,201,below_sampling_floor,rule2_orphan_pulse,26:33,33,26,radar,video,33,a,1785685961.217,1785685961.589,0.373,0.7372,0.3686,2.0,orphan candidate on detector '33' not registered: pulse 0.373s < gate 0.737s
1785685966.425,2026-08-02 09:52:46.425213,201,below_sampling_floor,rule2_orphan_pulse,26:33,33,26,radar,video,33,a,1785685966.058,1785685966.424,0.365,0.7372,0.3686,2.0,orphan candidate on detector '33' not registered: pulse 0.365s < gate 0.737s
1785685968.245,2026-08-02 09:52:48.244814,201,below_sampling_floor,rule2_orphan_pulse,26:33,33,26,radar,video,33,a,1785685967.519,1785685968.245,0.725,0.7372,0.3686,2.0,orphan candidate on detector '33' not registered: pulse 0.725s < gate 0.737s
1785685969.057,2026-08-02 09:52:49.056709,201,below_sampling_floor,rule2_orphan_pulse,22:4,22,4,video,video,4,b,1785685968.613,1785685968.988,0.375,0.7372,0.3686,2.0,orphan candidate on detector '4' not registered: pulse 0.375s < gate 0.737s
1785685969.057,2026-08-02 09:52:49.056709,201,below_sampling_floor,rule2_orphan_pulse,39:4,4,39,video,radar,4,a,1785685968.613,1785685968.988,0.375,0.7372,0.3686,2.0,orphan candidate on detector '4' not registered: pulse 0.375s < gate 0.737s
1785685969.768,2026-08-02 09:52:49.768010,201,below_sampling_floor,rule2_orphan_pulse,22:4,22,4,video,video,4,b,1785685969.352,1785685969.724,0.371,0.7372,0.3686,2.0,orphan candidate on detector '4' not registered: pulse 0.371s < gate 0.737s
1785685969.768,2026-08-02 09:52:49.768010,201,below_sampling_floor,rule2_orphan_pulse,39:4,4,39,video,radar,4,a,1785685969.352,1785685969.724,0.371,0.7372,0.3686,2.0,orphan candidate on detector '4' not registered: pulse 0.371s < gate 0.737s
1785685969.768,2026-08-02 09:52:49.768010,201,below_sampling_floor,rule2_orphan_pulse,24:7,24,7,video,video,7,b,1785685969.352,1785685969.724,0.371,0.7372,0.3686,2.0,orphan candidate on detector '7' not registered: pulse 0.371s < gate 0.737s
1785685969.774,2026-08-02 09:52:49.774140,201,below_sampling_floor,rule2_orphan_pulse,38:7,7,38,video,radar,7,a,1785685969.352,1785685969.724,0.371,0.7372,0.3686,2.0,orphan candidate on detector '7' not registered: pulse 0.371s < gate 0.737s
1785685970.481,2026-08-02 09:52:50.480955,201,below_sampling_floor,rule2_orphan_pulse,24:7,24,7,video,video,7,b,1785685970.089,1785685970.458,0.368,0.7372,0.3686,2.0,orphan candidate on detector '7' not registered: pulse 0.368s < gate 0.737s
1785685970.487,2026-08-02 09:52:50.486530,201,below_sampling_floor,rule2_orphan_pulse,38:7,7,38,video,radar,7,a,1785685970.089,1785685970.458,0.368,0.7372,0.3686,2.0,orphan candidate on detector '7' not registered: pulse 0.368s < gate 0.737s
1785685972.710,2026-08-02 09:52:52.710460,201,below_sampling_floor,rule2_orphan_pulse,22:39,39,22,radar,video,22,b,1785685971.933,1785685972.666,0.733,0.7372,0.3686,2.0,orphan candidate on detector '22' not registered: pulse 0.733s < gate 0.737s
1785685972.710,2026-08-02 09:52:52.710460,201,below_sampling_floor,rule2_orphan_pulse,22:4,22,4,video,video,22,a,1785685971.933,1785685972.666,0.733,0.7372,0.3686,2.0,orphan candidate on detector '22' not registered: pulse 0.733s < gate 0.737s
1785685984.241,2026-08-02 09:53:04.241328,201,below_sampling_floor,rule2_orphan_pulse,24:7,24,7,video,video,7,b,1785685983.849,1785685984.215,0.367,0.7443,0.3721,2.0,orphan candidate on detector '7' not registered: pulse 0.367s < gate 0.744s
1785686021.670,2026-08-02 09:53:41.670390,201,below_sampling_floor,rule2_orphan_pulse,22:4,22,4,video,video,4,b,1785686021.274,1785686021.646,0.372,0.7443,0.3721,2.0,orphan candidate on detector '4' not registered: pulse 0.372s < gate 0.744s
1785686021.670,2026-08-02 09:53:41.670390,201,below_sampling_floor,rule2_orphan_pulse,39:4,4,39,video,radar,4,a,1785686021.274,1785686021.646,0.372,0.7443,0.3721,2.0,orphan candidate on detector '4' not registered: pulse 0.372s < gate 0.744s
1785686022.078,2026-08-02 09:53:42.078055,201,below_sampling_floor,rule2_orphan_pulse,24:7,24,7,video,video,7,b,1785686021.646,1785686022.022,0.376,0.7443,0.3721,2.0,orphan candidate on detector '7' not registered: pulse 0.376s < gate 0.744s
1785686022.080,2026-08-02 09:53:42.080068,201,below_sampling_floor,rule2_orphan_pulse,38:7,7,38,video,radar,7,a,1785686021.646,1785686022.022,0.376,0.7443,0.3721,2.0,orphan candidate on detector '7' not registered: pulse 0.376s < gate 0.744s
1785686023.896,2026-08-02 09:53:43.895964,201,below_sampling_floor,rule2_orphan_pulse,24:7,24,7,video,video,7,b,1785686023.511,1785686023.886,0.375,0.7443,0.3721,2.0,orphan candidate on detector '7' not registered: pulse 0.375s < gate 0.744s
1785686023.898,2026-08-02 09:53:43.897976,201,below_sampling_floor,rule2_orphan_pulse,38:7,7,38,video,radar,7,a,1785686023.511,1785686023.886,0.375,0.7443,0.3721,2.0,orphan candidate on detector '7' not registered: pulse 0.375s < gate 0.744s
1785686134.537,2026-08-02 09:55:34.537420,201,below_sampling_floor,rule2_orphan_pulse,26:33,33,26,radar,video,33,a,1785686134.145,1785686134.522,0.377,0.753,0.3765,2.0,orphan candidate on detector '33' not registered: pulse 0.377s < gate 0.753s
1785686165.329,2026-08-02 09:56:05.328856,201,below_sampling_floor,rule2_orphan_pulse,17:2,17,2,video,video,2,b,1785686164.925,1785686165.294,0.369,0.7336,0.3668,2.0,orphan candidate on detector '2' not registered: pulse 0.369s < gate 0.734s
1785686165.331,2026-08-02 09:56:05.330874,201,below_sampling_floor,rule2_orphan_pulse,2:46,2,46,video,radar,2,a,1785686164.925,1785686165.294,0.369,0.7336,0.3668,2.0,orphan candidate on detector '2' not registered: pulse 0.369s < gate 0.734s
1785686166.139,2026-08-02 09:56:06.139314,201,below_sampling_floor,rule2_orphan_pulse,26:33,33,26,radar,video,33,a,1785686164.551,1785686164.925,0.374,0.7336,0.3668,2.0,orphan candidate on detector '33' not registered: pulse 0.374s < gate 0.734s
1785686233.865,2026-08-02 09:57:13.864860,201,below_sampling_floor,rule2_orphan_pulse,31:42,42,31,radar,video,31,b,1785686233.427,1785686233.805,0.378,0.7354,0.3677,2.0,orphan candidate on detector '31' not registered: pulse 0.378s < gate 0.735s
1785686233.866,2026-08-02 09:57:13.866487,201,below_sampling_floor,rule2_orphan_pulse,31:8,31,8,video,video,31,a,1785686233.427,1785686233.805,0.378,0.7354,0.3677,2.0,orphan candidate on detector '31' not registered: pulse 0.378s < gate 0.735s
1785686253.335,2026-08-02 09:57:33.334764,201,below_sampling_floor,rule2_orphan_pulse,26:33,33,26,radar,video,33,a,1785686252.862,1785686253.239,0.377,0.7354,0.3677,2.0,orphan candidate on detector '33' not registered: pulse 0.377s < gate 0.735s
1785686255.153,2026-08-02 09:57:35.152721,201,below_sampling_floor,rule2_orphan_pulse,26:33,33,26,radar,video,33,a,1785686254.697,1785686255.060,0.363,0.7354,0.3677,2.0,orphan candidate on detector '33' not registered: pulse 0.363s < gate 0.735s
1785686258.080,2026-08-02 09:57:38.080082,201,below_sampling_floor,rule2_orphan_pulse,26:33,33,26,radar,video,33,a,1785686257.610,1785686257.993,0.383,0.7354,0.3677,2.0,orphan candidate on detector '33' not registered: pulse 0.383s < gate 0.735s
1785686261.307,2026-08-02 09:57:41.306706,201,below_sampling_floor,rule2_orphan_pulse,17:46,46,17,radar,video,46,a,1785686260.563,1785686261.298,0.734,0.7354,0.3677,2.0,orphan candidate on detector '46' not registered: pulse 0.734s < gate 0.735s
1785686261.308,2026-08-02 09:57:41.307724,201,below_sampling_floor,rule2_orphan_pulse,2:46,2,46,video,radar,46,b,1785686260.563,1785686261.298,0.734,0.7354,0.3677,2.0,orphan candidate on detector '46' not registered: pulse 0.734s < gate 0.735s
1785686285.207,2026-08-02 09:58:05.207341,201,below_sampling_floor,rule2_orphan_pulse,26:33,33,26,radar,video,33,a,1785686284.748,1785686285.131,0.384,0.7479,0.3739,2.0,orphan candidate on detector '33' not registered: pulse 0.384s < gate 0.748s
1785686331.686,2026-08-02 09:58:51.686051,201,below_sampling_floor,rule2_orphan_pulse,26:33,33,26,radar,video,33,a,1785686330.888,1785686331.636,0.748,0.7479,0.3739,2.0,orphan candidate on detector '33' not registered: pulse 0.748s < gate 0.748s
1785686332.090,2026-08-02 09:58:52.089715,201,below_sampling_floor,rule2_orphan_pulse,31:42,42,31,radar,video,31,b,1785686331.636,1785686332.019,0.383,0.7479,0.3739,2.0,orphan candidate on detector '31' not registered: pulse 0.383s < gate 0.748s
1785686332.090,2026-08-02 09:58:52.089715,201,below_sampling_floor,rule2_orphan_pulse,31:8,31,8,video,video,31,a,1785686331.636,1785686332.019,0.383,0.7479,0.3739,2.0,orphan candidate on detector '31' not registered: pulse 0.383s < gate 0.748s
1785686335.118,2026-08-02 09:58:55.118124,201,below_sampling_floor,rule2_orphan_pulse,26:33,33,26,radar,video,33,a,1785686334.702,1785686335.065,0.363,0.7479,0.3739,2.0,orphan candidate on detector '33' not registered: pulse 0.363s < gate 0.748s
1785686340.471,2026-08-02 09:59:00.470722,201,below_sampling_floor,rule2_orphan_pulse,26:33,33,26,radar,video,33,a,1785686339.652,1785686340.387,0.735,0.7563,0.3782,2.0,orphan candidate on detector '33' not registered: pulse 0.735s < gate 0.756s
1785686402.577,2026-08-02 10:00:02.576853,201,below_sampling_floor,rule2_orphan_pulse,17:2,17,2,video,video,2,b,1785686401.778,1785686402.510,0.732,0.7358,0.3679,2.0,orphan candidate on detector '2' not registered: pulse 0.732s < gate 0.736s
1785686402.580,2026-08-02 10:00:02.579716,201,below_sampling_floor,rule2_orphan_pulse,2:46,2,46,video,radar,2,a,1785686401.778,1785686402.510,0.732,0.7358,0.3679,2.0,orphan candidate on detector '2' not registered: pulse 0.732s < gate 0.736s
1785686409.915,2026-08-02 10:00:09.914944,201,below_sampling_floor,rule2_orphan_pulse,29:43,43,29,radar,video,29,b,1785686409.532,1785686409.899,0.367,0.7358,0.3679,2.0,orphan candidate on detector '29' not registered: pulse 0.367s < gate 0.736s
1785686409.915,2026-08-02 10:00:09.914944,201,below_sampling_floor,rule2_orphan_pulse,31:42,42,31,radar,video,31,b,1785686409.532,1785686409.899,0.367,0.7358,0.3679,2.0,orphan candidate on detector '31' not registered: pulse 0.367s < gate 0.736s
1785686409.915,2026-08-02 10:00:09.914944,201,below_sampling_floor,rule2_orphan_pulse,31:8,31,8,video,video,31,a,1785686409.532,1785686409.899,0.367,0.7358,0.3679,2.0,orphan candidate on detector '31' not registered: pulse 0.367s < gate 0.736s
1785686451.135,2026-08-02 10:00:51.134797,201,below_sampling_floor,rule2_orphan_pulse,26:33,33,26,radar,video,33,a,1785686450.675,1785686451.056,0.381,0.7358,0.3679,2.0,orphan candidate on detector '33' not registered: pulse 0.381s < gate 0.736s
1785686453.667,2026-08-02 10:00:53.667436,201,below_sampling_floor,rule2_orphan_pulse,26:33,33,26,radar,video,33,a,1785686453.288,1785686453.650,0.362,0.7358,0.3679,2.0,orphan candidate on detector '33' not registered: pulse 0.362s < gate 0.736s
1785686500.159,2026-08-02 10:01:40.158693,201,below_sampling_floor,rule2_orphan_pulse,17:2,17,2,video,video,2,b,1785686499.786,1785686500.156,0.37,0.742,0.371,2.0,orphan candidate on detector '2' not registered: pulse 0.370s < gate 0.742s
1785686500.159,2026-08-02 10:01:40.158693,201,below_sampling_floor,rule2_orphan_pulse,2:46,2,46,video,radar,2,a,1785686499.786,1785686500.156,0.37,0.742,0.371,2.0,orphan candidate on detector '2' not registered: pulse 0.370s < gate 0.742s
1785686503.288,2026-08-02 10:01:43.287758,201,below_sampling_floor,rule2_orphan_pulse,31:42,42,31,radar,video,42,a,1785686502.826,1785686503.206,0.38,0.742,0.371,2.0,orphan candidate on detector '42' not registered: pulse 0.380s < gate 0.742s
1785686503.288,2026-08-02 10:01:43.287758,201,below_sampling_floor,rule2_orphan_pulse,42:8,8,42,video,radar,42,b,1785686502.826,1785686503.206,0.38,0.742,0.371,2.0,orphan candidate on detector '42' not registered: pulse 0.380s < gate 0.742s
1785686622.920,2026-08-02 10:03:42.919877,201,below_sampling_floor,rule2_orphan_pulse,31:42,42,31,radar,video,31,b,1785686622.524,1785686622.897,0.372,0.7344,0.3672,2.0,orphan candidate on detector '31' not registered: pulse 0.372s < gate 0.734s
1785686622.921,2026-08-02 10:03:42.920904,201,below_sampling_floor,rule2_orphan_pulse,31:8,31,8,video,video,31,a,1785686622.524,1785686622.897,0.372,0.7344,0.3672,2.0,orphan candidate on detector '31' not registered: pulse 0.372s < gate 0.734s
1785686623.628,2026-08-02 10:03:43.627640,201,below_sampling_floor,rule2_orphan_pulse,31:8,31,8,video,video,8,b,1785686623.259,1785686623.617,0.359,0.7344,0.3672,2.0,orphan candidate on detector '8' not registered: pulse 0.359s < gate 0.734s
1785686623.630,2026-08-02 10:03:43.629661,201,below_sampling_floor,rule2_orphan_pulse,42:8,8,42,video,radar,8,a,1785686623.259,1785686623.617,0.359,0.7344,0.3672,2.0,orphan candidate on detector '8' not registered: pulse 0.359s < gate 0.734s
1785686757.235,2026-08-02 10:05:57.235426,201,below_sampling_floor,rule2_orphan_pulse,26:33,33,26,radar,video,33,a,1785686756.494,1785686757.235,0.741,0.7617,0.3809,2.0,orphan candidate on detector '33' not registered: pulse 0.741s < gate 0.762s
1785686758.048,2026-08-02 10:05:58.048177,201,below_sampling_floor,rule2_orphan_pulse,17:46,46,17,radar,video,46,a,1785686757.235,1785686757.989,0.754,0.7617,0.3809,2.0,orphan candidate on detector '46' not registered: pulse 0.754s < gate 0.762s
1785686758.048,2026-08-02 10:05:58.048177,201,below_sampling_floor,rule2_orphan_pulse,2:46,2,46,video,radar,46,b,1785686757.235,1785686757.989,0.754,0.7617,0.3809,2.0,orphan candidate on detector '46' not registered: pulse 0.754s < gate 0.762s
1785686759.472,2026-08-02 10:05:59.472262,201,below_sampling_floor,rule2_orphan_pulse,17:2,17,2,video,video,2,b,1785686759.085,1785686759.472,0.387,0.7617,0.3809,2.0,orphan candidate on detector '2' not registered: pulse 0.387s < gate 0.762s
1785686759.472,2026-08-02 10:05:59.472262,201,below_sampling_floor,rule2_orphan_pulse,2:46,2,46,video,radar,2,a,1785686759.085,1785686759.472,0.387,0.7617,0.3809,2.0,orphan candidate on detector '2' not registered: pulse 0.387s < gate 0.762s
1785686761.695,2026-08-02 10:06:01.694547,201,below_sampling_floor,rule2_orphan_pulse,26:33,33,26,radar,video,33,a,1785686761.320,1785686761.679,0.359,0.7617,0.3809,2.0,orphan candidate on detector '33' not registered: pulse 0.359s < gate 0.762s
1785686773.282,2026-08-02 10:06:13.282253,201,below_sampling_floor,rule2_orphan_pulse,26:33,33,26,radar,video,33,a,1785686772.524,1785686773.274,0.75,0.7617,0.3809,2.0,orphan candidate on detector '33' not registered: pulse 0.750s < gate 0.762s
1785686777.112,2026-08-02 10:06:17.111881,201,below_sampling_floor,rule2_orphan_pulse,26:33,33,26,radar,video,33,a,1785686776.278,1785686777.027,0.75,0.7617,0.3809,2.0,orphan candidate on detector '33' not registered: pulse 0.750s < gate 0.762s
1785686798.780,2026-08-02 10:06:38.779609,201,below_sampling_floor,rule2_orphan_pulse,17:2,17,2,video,video,2,b,1785686798.336,1785686798.693,0.357,0.7617,0.3809,2.0,orphan candidate on detector '2' not registered: pulse 0.357s < gate 0.762s
1785686798.780,2026-08-02 10:06:38.779609,201,below_sampling_floor,rule2_orphan_pulse,2:46,2,46,video,radar,2,a,1785686798.336,1785686798.693,0.357,0.7617,0.3809,2.0,orphan candidate on detector '2' not registered: pulse 0.357s < gate 0.762s
1785686800.202,2026-08-02 10:06:40.201844,201,below_sampling_floor,rule2_orphan_pulse,17:2,17,2,video,video,2,b,1785686799.794,1785686800.181,0.386,0.7617,0.3809,2.0,orphan candidate on detector '2' not registered: pulse 0.386s < gate 0.762s
1785686800.202,2026-08-02 10:06:40.202465,201,below_sampling_floor,rule2_orphan_pulse,2:46,2,46,video,radar,2,a,1785686799.794,1785686800.181,0.386,0.7617,0.3809,2.0,orphan candidate on detector '2' not registered: pulse 0.386s < gate 0.762s
1785686803.630,2026-08-02 10:06:43.630419,201,below_sampling_floor,rule2_orphan_pulse,17:46,46,17,radar,video,46,a,1785686802.829,1785686803.581,0.752,0.7617,0.3809,2.0,orphan candidate on detector '46' not registered: pulse 0.752s < gate 0.762s
1785686803.634,2026-08-02 10:06:43.634105,201,below_sampling_floor,rule2_orphan_pulse,2:46,2,46,video,radar,46,b,1785686802.829,1785686803.581,0.752,0.7617,0.3809,2.0,orphan candidate on detector '46' not registered: pulse 0.752s < gate 0.762s
1785686860.082,2026-08-02 10:07:40.082185,201,below_sampling_floor,rule2_orphan_pulse,26:33,33,26,radar,video,33,a,1785686859.294,1785686860.068,0.773,0.7773,0.3886,2.0,orphan candidate on detector '33' not registered: pulse 0.773s < gate 0.777s
1785686863.919,2026-08-02 10:07:43.918664,201,below_sampling_floor,rule2_orphan_pulse,17:46,46,17,radar,video,46,a,1785686863.101,1785686863.845,0.744,0.7773,0.3886,2.0,orphan candidate on detector '46' not registered: pulse 0.744s < gate 0.777s
1785686863.919,2026-08-02 10:07:43.918664,201,below_sampling_floor,rule2_orphan_pulse,2:46,2,46,video,radar,46,b,1785686863.101,1785686863.845,0.744,0.7773,0.3886,2.0,orphan candidate on detector '46' not registered: pulse 0.744s < gate 0.777s
1785686866.839,2026-08-02 10:07:46.838977,201,below_sampling_floor,rule2_orphan_pulse,26:33,33,26,radar,video,33,a,1785686866.079,1785686866.836,0.758,0.7773,0.3886,2.0,orphan candidate on detector '33' not registered: pulse 0.758s < gate 0.777s
1785686875.203,2026-08-02 10:07:55.203218,201,below_sampling_floor,rule2_orphan_pulse,17:46,46,17,radar,video,46,a,1785686874.403,1785686875.128,0.725,0.7773,0.3886,2.0,orphan candidate on detector '46' not registered: pulse 0.725s < gate 0.777s
1785686875.204,2026-08-02 10:07:55.204317,201,below_sampling_floor,rule2_orphan_pulse,2:46,2,46,video,radar,46,b,1785686874.403,1785686875.128,0.725,0.7773,0.3886,2.0,orphan candidate on detector '46' not registered: pulse 0.725s < gate 0.777s
1785686939.992,2026-08-02 10:08:59.991779,201,below_sampling_floor,rule2_orphan_pulse,26:33,33,26,radar,video,33,a,1785686939.203,1785686939.938,0.735,0.7915,0.3958,2.0,orphan candidate on detector '33' not registered: pulse 0.735s < gate 0.792s
1785686943.324,2026-08-02 10:09:03.323619,201,below_sampling_floor,rule2_orphan_pulse,26:33,33,26,radar,video,33,a,1785686942.517,1785686943.258,0.741,0.7915,0.3958,2.0,orphan candidate on detector '33' not registered: pulse 0.741s < gate 0.792s
1785686945.852,2026-08-02 10:09:05.852243,201,below_sampling_floor,rule2_orphan_pulse,26:33,33,26,radar,video,33,a,1785686945.080,1785686945.808,0.728,0.7915,0.3958,2.0,orphan candidate on detector '33' not registered: pulse 0.728s < gate 0.792s
1785686949.895,2026-08-02 10:09:09.895365,201,below_sampling_floor,rule2_orphan_pulse,26:33,33,26,radar,video,33,a,1785686949.148,1785686949.882,0.733,0.7915,0.3958,2.0,orphan candidate on detector '33' not registered: pulse 0.733s < gate 0.792s
1785686953.322,2026-08-02 10:09:13.322420,201,below_sampling_floor,rule2_orphan_pulse,26:33,33,26,radar,video,33,a,1785686952.485,1785686953.235,0.75,0.7915,0.3958,2.0,orphan candidate on detector '33' not registered: pulse 0.750s < gate 0.792s
1785686954.736,2026-08-02 10:09:14.735548,201,below_sampling_floor,rule2_orphan_pulse,26:33,33,26,radar,video,33,a,1785686953.995,1785686954.725,0.73,0.7915,0.3958,2.0,orphan candidate on detector '33' not registered: pulse 0.730s < gate 0.792s
1785686957.359,2026-08-02 10:09:17.359114,201,below_sampling_floor,rule2_orphan_pulse,26:33,33,26,radar,video,33,a,1785686956.538,1785686957.277,0.739,0.7915,0.3958,2.0,orphan candidate on detector '33' not registered: pulse 0.739s < gate 0.792s
1785686958.378,2026-08-02 10:09:18.377588,201,below_sampling_floor,rule2_orphan_pulse,26:33,33,26,radar,video,33,a,1785686957.633,1785686958.378,0.744,0.7915,0.3958,2.0,orphan candidate on detector '33' not registered: pulse 0.744s < gate 0.792s
1785686961.404,2026-08-02 10:09:21.404445,201,below_sampling_floor,rule2_orphan_pulse,26:33,33,26,radar,video,33,a,1785686960.956,1785686961.321,0.365,0.7915,0.3958,2.0,orphan candidate on detector '33' not registered: pulse 0.365s < gate 0.792s
1785686963.225,2026-08-02 10:09:23.224794,201,below_sampling_floor,rule2_orphan_pulse,26:33,33,26,radar,video,33,a,1785686962.413,1785686963.146,0.733,0.7915,0.3958,2.0,orphan candidate on detector '33' not registered: pulse 0.733s < gate 0.792s
1785686965.342,2026-08-02 10:09:25.341731,201,below_sampling_floor,rule2_orphan_pulse,26:33,33,26,radar,video,33,a,1785686964.616,1785686965.337,0.721,0.7915,0.3958,2.0,orphan candidate on detector '33' not registered: pulse 0.721s < gate 0.792s
1785686968.371,2026-08-02 10:09:28.370959,201,below_sampling_floor,rule2_orphan_pulse,26:33,33,26,radar,video,33,a,1785686967.617,1785686968.353,0.736,0.7915,0.3958,2.0,orphan candidate on detector '33' not registered: pulse 0.736s < gate 0.792s
1785686970.787,2026-08-02 10:09:30.786976,201,below_sampling_floor,rule2_orphan_pulse,26:33,33,26,radar,video,33,a,1785686970.309,1785686970.692,0.383,0.7915,0.3958,2.0,orphan candidate on detector '33' not registered: pulse 0.383s < gate 0.792s
1785686973.510,2026-08-02 10:09:33.510116,201,below_sampling_floor,rule2_orphan_pulse,26:33,33,26,radar,video,33,a,1785686973.039,1785686973.441,0.401,0.7915,0.3958,2.0,orphan candidate on detector '33' not registered: pulse 0.401s < gate 0.792s
1785686976.933,2026-08-02 10:09:36.933264,201,below_sampling_floor,rule2_orphan_pulse,26:33,33,26,radar,video,33,a,1785686976.516,1785686976.906,0.39,0.7915,0.3958,2.0,orphan candidate on detector '33' not registered: pulse 0.390s < gate 0.792s
1785686978.949,2026-08-02 10:09:38.948673,201,below_sampling_floor,rule2_orphan_pulse,26:33,33,26,radar,video,33,a,1785686978.474,1785686978.872,0.398,0.7915,0.3958,2.0,orphan candidate on detector '33' not registered: pulse 0.398s < gate 0.792s
1785687014.333,2026-08-02 10:10:14.332763,201,below_sampling_floor,rule2_orphan_pulse,3:30,30,3,video,video,3,b,1785687013.928,1785687014.307,0.379,0.7335,0.3667,2.0,orphan candidate on detector '3' not registered: pulse 0.379s < gate 0.733s
1785687014.334,2026-08-02 10:10:14.333783,201,below_sampling_floor,rule2_orphan_pulse,3:41,3,41,video,radar,3,a,1785687013.928,1785687014.307,0.379,0.7335,0.3667,2.0,orphan candidate on detector '3' not registered: pulse 0.379s < gate 0.733s
1785687080.684,2026-08-02 10:11:20.684434,201,below_sampling_floor,rule2_orphan_pulse,29:43,43,29,radar,video,43,a,1785687080.193,1785687080.613,0.42,0.771,0.3855,2.0,orphan candidate on detector '43' not registered: pulse 0.420s < gate 0.771s
1785687126.346,2026-08-02 10:12:06.346161,201,below_sampling_floor,rule2_orphan_pulse,26:33,33,26,radar,video,33,a,1785687125.583,1785687126.310,0.727,0.7482,0.3741,2.0,orphan candidate on detector '33' not registered: pulse 0.727s < gate 0.748s
1785687128.567,2026-08-02 10:12:08.566721,201,below_sampling_floor,rule2_orphan_pulse,26:33,33,26,radar,video,33,a,1785687128.185,1785687128.554,0.369,0.7482,0.3741,2.0,orphan candidate on detector '33' not registered: pulse 0.369s < gate 0.748s
1785687139.157,2026-08-02 10:12:19.156857,201,below_sampling_floor,rule2_orphan_pulse,31:42,42,31,radar,video,42,a,1785687138.739,1785687139.121,0.382,0.7482,0.3741,2.0,orphan candidate on detector '42' not registered: pulse 0.382s < gate 0.748s
1785687139.157,2026-08-02 10:12:19.156857,201,below_sampling_floor,rule2_orphan_pulse,42:8,8,42,video,radar,42,b,1785687138.739,1785687139.121,0.382,0.7482,0.3741,2.0,orphan candidate on detector '42' not registered: pulse 0.382s < gate 0.748s
1785687140.271,2026-08-02 10:12:20.270845,201,below_sampling_floor,rule2_orphan_pulse,31:42,42,31,radar,video,31,b,1785687139.858,1785687140.229,0.37,0.7482,0.3741,2.0,orphan candidate on detector '31' not registered: pulse 0.370s < gate 0.748s
1785687140.271,2026-08-02 10:12:20.270845,201,below_sampling_floor,rule2_orphan_pulse,31:8,31,8,video,video,31,a,1785687139.858,1785687140.229,0.37,0.7482,0.3741,2.0,orphan candidate on detector '31' not registered: pulse 0.370s < gate 0.748s
1785687141.891,2026-08-02 10:12:21.891166,201,below_sampling_floor,rule2_orphan_pulse,31:42,42,31,radar,video,42,a,1785687141.415,1785687141.791,0.376,0.7482,0.3741,2.0,orphan candidate on detector '42' not registered: pulse 0.376s < gate 0.748s
1785687141.892,2026-08-02 10:12:21.891672,201,below_sampling_floor,rule2_orphan_pulse,42:8,8,42,video,radar,42,b,1785687141.415,1785687141.791,0.376,0.7482,0.3741,2.0,orphan candidate on detector '42' not registered: pulse 0.376s < gate 0.748s
1785687145.222,2026-08-02 10:12:25.221664,201,below_sampling_floor,rule2_orphan_pulse,26:33,33,26,radar,video,33,a,1785687144.768,1785687145.141,0.373,0.7482,0.3741,2.0,orphan candidate on detector '33' not registered: pulse 0.373s < gate 0.748s
1785687147.041,2026-08-02 10:12:27.041184,201,below_sampling_floor,rule2_orphan_pulse,26:33,33,26,radar,video,33,a,1785687146.640,1785687147.004,0.364,0.7482,0.3741,2.0,orphan candidate on detector '33' not registered: pulse 0.364s < gate 0.748s
1785687148.551,2026-08-02 10:12:28.550873,201,below_sampling_floor,rule2_orphan_pulse,29:43,43,29,radar,video,43,a,1785687147.737,1785687148.476,0.739,0.7482,0.3741,2.0,orphan candidate on detector '43' not registered: pulse 0.739s < gate 0.748s
1785687149.658,2026-08-02 10:12:29.658270,201,below_sampling_floor,rule2_orphan_pulse,30:41,41,30,radar,video,30,b,1785687149.204,1785687149.576,0.372,0.7482,0.3741,2.0,orphan candidate on detector '30' not registered: pulse 0.372s < gate 0.748s
1785687149.659,2026-08-02 10:12:29.658777,201,below_sampling_floor,rule2_orphan_pulse,3:30,30,3,video,video,30,a,1785687149.204,1785687149.576,0.372,0.7482,0.3741,2.0,orphan candidate on detector '30' not registered: pulse 0.372s < gate 0.748s
1785687151.875,2026-08-02 10:12:31.874960,201,below_sampling_floor,rule2_orphan_pulse,26:33,33,26,radar,video,33,a,1785687151.039,1785687151.784,0.745,0.7482,0.3741,2.0,orphan candidate on detector '33' not registered: pulse 0.745s < gate 0.748s
1785687167.429,2026-08-02 10:12:47.429308,201,below_sampling_floor,rule2_orphan_pulse,31:42,42,31,radar,video,42,a,1785687166.649,1785687167.369,0.72,0.7482,0.3741,2.0,orphan candidate on detector '42' not registered: pulse 0.720s < gate 0.748s
1785687167.433,2026-08-02 10:12:47.433473,201,below_sampling_floor,rule2_orphan_pulse,42:8,8,42,video,radar,42,b,1785687166.649,1785687167.369,0.72,0.7482,0.3741,2.0,orphan candidate on detector '42' not registered: pulse 0.720s < gate 0.748s
1785687217.579,2026-08-02 10:13:37.578888,201,below_sampling_floor,rule2_orphan_pulse,24:38,38,24,radar,video,24,b,1785687217.110,1785687217.488,0.378,0.7512,0.3756,2.0,orphan candidate on detector '24' not registered: pulse 0.378s < gate 0.751s
1785687217.581,2026-08-02 10:13:37.580895,201,below_sampling_floor,rule2_orphan_pulse,24:7,24,7,video,video,24,a,1785687217.110,1785687217.488,0.378,0.7512,0.3756,2.0,orphan candidate on detector '24' not registered: pulse 0.378s < gate 0.751s
1785687217.581,2026-08-02 10:13:37.580895,201,below_sampling_floor,rule2_orphan_pulse,24:7,24,7,video,video,7,b,1785687217.110,1785687217.488,0.378,0.7512,0.3756,2.0,orphan candidate on detector '7' not registered: pulse 0.378s < gate 0.751s
1785687217.583,2026-08-02 10:13:37.583334,201,below_sampling_floor,rule2_orphan_pulse,38:7,7,38,video,radar,7,a,1785687217.110,1785687217.488,0.378,0.7512,0.3756,2.0,orphan candidate on detector '7' not registered: pulse 0.378s < gate 0.751s
1785687218.696,2026-08-02 10:13:38.695518,201,below_sampling_floor,rule2_orphan_pulse,26:33,33,26,radar,video,33,a,1785687217.875,1785687218.603,0.728,0.7512,0.3756,2.0,orphan candidate on detector '33' not registered: pulse 0.728s < gate 0.751s
1785687224.348,2026-08-02 10:13:44.348429,201,below_sampling_floor,rule2_orphan_pulse,26:33,33,26,radar,video,33,a,1785687223.911,1785687224.290,0.379,0.7512,0.3756,2.0,orphan candidate on detector '33' not registered: pulse 0.379s < gate 0.751s
1785687228.994,2026-08-02 10:13:48.994076,201,below_sampling_floor,rule2_orphan_pulse,17:46,46,17,radar,video,46,a,1785687228.161,1785687228.911,0.75,0.7512,0.3756,2.0,orphan candidate on detector '46' not registered: pulse 0.750s < gate 0.751s
1785687228.996,2026-08-02 10:13:48.996130,201,below_sampling_floor,rule2_orphan_pulse,2:46,2,46,video,radar,46,b,1785687228.161,1785687228.911,0.75,0.7512,0.3756,2.0,orphan candidate on detector '46' not registered: pulse 0.750s < gate 0.751s
1785687231.315,2026-08-02 10:13:51.315336,201,below_sampling_floor,rule2_orphan_pulse,26:33,33,26,radar,video,33,a,1785687230.821,1785687231.215,0.393,0.7512,0.3756,2.0,orphan candidate on detector '33' not registered: pulse 0.393s < gate 0.751s
1785687237.061,2026-08-02 10:13:57.061162,201,below_sampling_floor,rule2_orphan_pulse,26:33,33,26,radar,video,33,a,1785687236.589,1785687236.982,0.394,0.7667,0.3834,2.0,orphan candidate on detector '33' not registered: pulse 0.394s < gate 0.767s
1785687242.206,2026-08-02 10:14:02.205606,201,below_sampling_floor,rule2_orphan_pulse,17:46,46,17,radar,video,46,a,1785687241.466,1785687242.206,0.739,0.7667,0.3834,2.0,orphan candidate on detector '46' not registered: pulse 0.739s < gate 0.767s
1785687242.208,2026-08-02 10:14:02.207848,201,below_sampling_floor,rule2_orphan_pulse,2:46,2,46,video,radar,46,b,1785687241.466,1785687242.206,0.739,0.7667,0.3834,2.0,orphan candidate on detector '46' not registered: pulse 0.739s < gate 0.767s
1785687252.604,2026-08-02 10:14:12.603673,201,below_sampling_floor,rule2_orphan_pulse,31:42,42,31,radar,video,31,b,1785687251.853,1785687252.587,0.734,0.7667,0.3834,2.0,orphan candidate on detector '31' not registered: pulse 0.734s < gate 0.767s
1785687252.606,2026-08-02 10:14:12.605685,201,below_sampling_floor,rule2_orphan_pulse,31:8,31,8,video,video,31,a,1785687251.853,1785687252.587,0.734,0.7667,0.3834,2.0,orphan candidate on detector '31' not registered: pulse 0.734s < gate 0.767s
1785687261.607,2026-08-02 10:14:21.607153,201,below_sampling_floor,rule2_orphan_pulse,26:33,33,26,radar,video,33,a,1785687260.830,1785687261.588,0.758,0.7667,0.3834,2.0,orphan candidate on detector '33' not registered: pulse 0.758s < gate 0.767s
1785687263.119,2026-08-02 10:14:23.118718,201,below_sampling_floor,rule2_orphan_pulse,26:33,33,26,radar,video,33,a,1785687262.340,1785687263.099,0.759,0.7667,0.3834,2.0,orphan candidate on detector '33' not registered: pulse 0.759s < gate 0.767s
1785687305.007,2026-08-02 10:15:05.007479,201,below_sampling_floor,rule2_orphan_pulse,31:42,42,31,radar,video,42,a,1785687304.627,1785687304.996,0.37,0.74,0.37,2.0,orphan candidate on detector '42' not registered: pulse 0.370s < gate 0.740s
1785687306.521,2026-08-02 10:15:06.521492,201,below_sampling_floor,rule2_orphan_pulse,42:8,8,42,video,radar,42,b,1785687304.627,1785687304.996,0.37,0.74,0.37,2.0,orphan candidate on detector '42' not registered: pulse 0.370s < gate 0.740s
1785687334.458,2026-08-02 10:15:34.457504,201,below_sampling_floor,rule2_orphan_pulse,31:42,42,31,radar,video,42,a,1785687333.637,1785687334.375,0.738,0.74,0.37,2.0,orphan candidate on detector '42' not registered: pulse 0.738s < gate 0.740s
1785687334.462,2026-08-02 10:15:34.461527,201,below_sampling_floor,rule2_orphan_pulse,42:8,8,42,video,radar,42,b,1785687333.637,1785687334.375,0.738,0.74,0.37,2.0,orphan candidate on detector '42' not registered: pulse 0.738s < gate 0.740s
1785687334.766,2026-08-02 10:15:34.765503,201,below_sampling_floor,rule2_orphan_pulse,31:42,42,31,radar,video,31,b,1785687334.375,1785687334.726,0.351,0.74,0.37,2.0,orphan candidate on detector '31' not registered: pulse 0.351s < gate 0.740s
1785687334.766,2026-08-02 10:15:34.765503,201,below_sampling_floor,rule2_orphan_pulse,31:8,31,8,video,video,31,a,1785687334.375,1785687334.726,0.351,0.74,0.37,2.0,orphan candidate on detector '31' not registered: pulse 0.351s < gate 0.740s
1785687335.172,2026-08-02 10:15:35.171521,201,below_sampling_floor,rule2_orphan_pulse,29:43,43,29,radar,video,43,a,1785687334.375,1785687335.096,0.721,0.74,0.37,2.0,orphan candidate on detector '43' not registered: pulse 0.721s < gate 0.740s
1785687340.632,2026-08-02 10:15:40.632497,201,below_sampling_floor,rule2_orphan_pulse,31:42,42,31,radar,video,42,a,1785687340.208,1785687340.575,0.367,0.74,0.37,2.0,orphan candidate on detector '42' not registered: pulse 0.367s < gate 0.740s
1785687341.040,2026-08-02 10:15:41.039771,201,below_sampling_floor,rule2_orphan_pulse,31:8,31,8,video,video,8,b,1785687340.208,1785687340.947,0.739,0.74,0.37,2.0,orphan candidate on detector '8' not registered: pulse 0.739s < gate 0.740s
1785687345.482,2026-08-02 10:15:45.482385,201,below_sampling_floor,rule2_orphan_pulse,31:42,42,31,radar,video,31,b,1785687345.087,1785687345.467,0.379,0.74,0.37,2.0,orphan candidate on detector '31' not registered: pulse 0.379s < gate 0.740s
1785687345.482,2026-08-02 10:15:45.482385,201,below_sampling_floor,rule2_orphan_pulse,31:8,31,8,video,video,31,a,1785687345.087,1785687345.467,0.379,0.74,0.37,2.0,orphan candidate on detector '31' not registered: pulse 0.379s < gate 0.740s
1785687359.727,2026-08-02 10:15:59.726737,201,below_sampling_floor,rule2_orphan_pulse,3:30,30,3,video,video,3,b,1785687359.277,1785687359.649,0.373,0.741,0.3705,2.0,orphan candidate on detector '3' not registered: pulse 0.373s < gate 0.741s
1785687381.906,2026-08-02 10:16:21.905676,201,below_sampling_floor,rule2_orphan_pulse,24:7,24,7,video,video,7,b,1785687381.468,1785687381.844,0.375,0.741,0.3705,2.0,orphan candidate on detector '7' not registered: pulse 0.375s < gate 0.741s
1785687381.906,2026-08-02 10:16:21.905676,201,below_sampling_floor,rule2_orphan_pulse,38:7,7,38,video,radar,7,a,1785687381.468,1785687381.844,0.375,0.741,0.3705,2.0,orphan candidate on detector '7' not registered: pulse 0.375s < gate 0.741s
1785687382.623,2026-08-02 10:16:22.623256,201,below_sampling_floor,rule2_orphan_pulse,24:7,24,7,video,video,7,b,1785687382.216,1785687382.579,0.363,0.741,0.3705,2.0,orphan candidate on detector '7' not registered: pulse 0.363s < gate 0.741s
1785687382.626,2026-08-02 10:16:22.625823,201,below_sampling_floor,rule2_orphan_pulse,38:7,7,38,video,radar,7,a,1785687382.216,1785687382.579,0.363,0.741,0.3705,2.0,orphan candidate on detector '7' not registered: pulse 0.363s < gate 0.741s
1785687393.925,2026-08-02 10:16:33.924525,201,below_sampling_floor,rule2_orphan_pulse,31:42,42,31,radar,video,31,b,1785687393.517,1785687393.895,0.377,0.741,0.3705,2.0,orphan candidate on detector '31' not registered: pulse 0.377s < gate 0.741s
1785687393.926,2026-08-02 10:16:33.926070,201,below_sampling_floor,rule2_orphan_pulse,31:8,31,8,video,video,31,a,1785687393.517,1785687393.895,0.377,0.741,0.3705,2.0,orphan candidate on detector '31' not registered: pulse 0.377s < gate 0.741s
1785687398.868,2026-08-02 10:16:38.867547,201,below_sampling_floor,rule2_orphan_pulse,42:8,8,42,video,radar,42,b,1785687340.208,1785687340.575,0.367,0.741,0.3705,2.0,orphan candidate on detector '42' not registered: pulse 0.367s < gate 0.741s
1785687433.681,2026-08-02 10:17:13.681453,201,below_sampling_floor,rule2_orphan_pulse,26:33,33,26,radar,video,33,a,1785687432.817,1785687433.587,0.77,0.9521,0.4761,2.0,orphan candidate on detector '33' not registered: pulse 0.770s < gate 0.952s
1785687438.426,2026-08-02 10:17:18.426345,201,below_sampling_floor,rule2_orphan_pulse,26:33,33,26,radar,video,33,a,1785687437.662,1785687438.401,0.739,0.9521,0.4761,2.0,orphan candidate on detector '33' not registered: pulse 0.739s < gate 0.952s
1785687445.189,2026-08-02 10:17:25.189392,201,below_sampling_floor,rule2_orphan_pulse,26:33,33,26,radar,video,33,a,1785687444.434,1785687445.180,0.746,0.9521,0.4761,2.0,orphan candidate on detector '33' not registered: pulse 0.746s < gate 0.952s
1785687447.910,2026-08-02 10:17:27.910039,201,below_sampling_floor,rule2_orphan_pulse,26:33,33,26,radar,video,33,a,1785687447.079,1785687447.832,0.753,0.9521,0.4761,2.0,orphan candidate on detector '33' not registered: pulse 0.753s < gate 0.952s
1785687452.045,2026-08-02 10:17:32.045352,201,below_sampling_floor,rule2_orphan_pulse,26:33,33,26,radar,video,33,a,1785687451.197,1785687451.970,0.773,0.9521,0.4761,2.0,orphan candidate on detector '33' not registered: pulse 0.773s < gate 0.952s
1785687454.873,2026-08-02 10:17:34.872643,201,below_sampling_floor,rule2_orphan_pulse,26:33,33,26,radar,video,33,a,1785687453.955,1785687454.787,0.832,0.9521,0.4761,2.0,orphan candidate on detector '33' not registered: pulse 0.832s < gate 0.952s
1785687485.429,2026-08-02 10:18:05.428837,201,below_sampling_floor,rule2_orphan_pulse,26:33,33,26,radar,video,33,a,1785687484.586,1785687485.328,0.742,0.7525,0.3763,2.0,orphan candidate on detector '33' not registered: pulse 0.742s < gate 0.753s
1785687487.245,2026-08-02 10:18:07.245260,201,below_sampling_floor,rule2_orphan_pulse,26:33,33,26,radar,video,33,a,1785687486.836,1785687487.187,0.35,0.7525,0.3763,2.0,orphan candidate on detector '33' not registered: pulse 0.350s < gate 0.753s
1785687488.756,2026-08-02 10:18:08.755816,201,below_sampling_floor,rule2_orphan_pulse,26:33,33,26,radar,video,33,a,1785687487.963,1785687488.704,0.741,0.7525,0.3763,2.0,orphan candidate on detector '33' not registered: pulse 0.741s < gate 0.753s
1785687491.378,2026-08-02 10:18:11.378494,201,below_sampling_floor,rule2_orphan_pulse,26:33,33,26,radar,video,33,a,1785687490.554,1785687491.287,0.733,0.7525,0.3763,2.0,orphan candidate on detector '33' not registered: pulse 0.733s < gate 0.753s
1785687494.314,2026-08-02 10:18:14.313739,201,below_sampling_floor,rule2_orphan_pulse,26:33,33,26,radar,video,33,a,1785687493.906,1785687494.287,0.38,0.7525,0.3763,2.0,orphan candidate on detector '33' not registered: pulse 0.380s < gate 0.753s
1785687496.132,2026-08-02 10:18:16.131527,201,below_sampling_floor,rule2_orphan_pulse,26:33,33,26,radar,video,33,a,1785687495.392,1785687496.116,0.723,0.7525,0.3763,2.0,orphan candidate on detector '33' not registered: pulse 0.723s < gate 0.753s
1785687498.049,2026-08-02 10:18:18.048593,201,below_sampling_floor,rule2_orphan_pulse,26:33,33,26,radar,video,33,a,1785687497.622,1785687497.987,0.365,0.7525,0.3763,2.0,orphan candidate on detector '33' not registered: pulse 0.365s < gate 0.753s
1785687499.561,2026-08-02 10:18:19.561304,201,below_sampling_floor,rule2_orphan_pulse,26:33,33,26,radar,video,33,a,1785687498.754,1785687499.490,0.736,0.7525,0.3763,2.0,orphan candidate on detector '33' not registered: pulse 0.736s < gate 0.753s
1785687591.629,2026-08-02 10:19:51.628706,201,below_sampling_floor,rule2_orphan_pulse,26:33,33,26,radar,video,33,a,1785687590.882,1785687591.614,0.732,0.7341,0.367,2.0,orphan candidate on detector '33' not registered: pulse 0.732s < gate 0.734s
1785687607.252,2026-08-02 10:20:07.252447,201,below_sampling_floor,rule2_orphan_pulse,26:33,33,26,radar,video,33,a,1785687606.862,1785687607.224,0.361,0.7385,0.3693,2.0,orphan candidate on detector '33' not registered: pulse 0.361s < gate 0.739s
1785687626.122,2026-08-02 10:20:26.122241,201,below_sampling_floor,rule2_orphan_pulse,31:42,42,31,radar,video,42,a,1785687625.647,1785687626.025,0.378,0.7385,0.3693,2.0,orphan candidate on detector '42' not registered: pulse 0.378s < gate 0.739s
1785687626.122,2026-08-02 10:20:26.122241,201,below_sampling_floor,rule2_orphan_pulse,42:8,8,42,video,radar,42,b,1785687625.647,1785687626.025,0.378,0.7385,0.3693,2.0,orphan candidate on detector '42' not registered: pulse 0.378s < gate 0.739s
1785687631.081,2026-08-02 10:20:31.080893,201,below_sampling_floor,rule2_orphan_pulse,3:30,30,3,video,video,30,a,1785687630.644,1785687631.027,0.383,0.7385,0.3693,2.0,orphan candidate on detector '30' not registered: pulse 0.383s < gate 0.739s
1785687632.294,2026-08-02 10:20:32.293748,201,below_sampling_floor,rule2_orphan_pulse,3:30,30,3,video,video,3,b,1785687631.835,1785687632.237,0.402,0.7385,0.3693,2.0,orphan candidate on detector '3' not registered: pulse 0.402s < gate 0.739s
1785687632.701,2026-08-02 10:20:32.700821,201,below_sampling_floor,rule2_orphan_pulse,24:7,24,7,video,video,7,b,1785687632.237,1785687632.615,0.378,0.7385,0.3693,2.0,orphan candidate on detector '7' not registered: pulse 0.378s < gate 0.739s
1785687632.701,2026-08-02 10:20:32.700821,201,below_sampling_floor,rule2_orphan_pulse,38:7,7,38,video,radar,7,a,1785687632.237,1785687632.615,0.378,0.7385,0.3693,2.0,orphan candidate on detector '7' not registered: pulse 0.378s < gate 0.739s
1785687734.024,2026-08-02 10:22:14.024443,201,below_sampling_floor,rule2_orphan_pulse,26:33,33,26,radar,video,33,a,1785687733.610,1785687733.994,0.383,0.7463,0.3731,2.0,orphan candidate on detector '33' not registered: pulse 0.383s < gate 0.746s
1785687734.736,2026-08-02 10:22:14.736042,201,below_sampling_floor,rule2_orphan_pulse,17:2,17,2,video,video,2,b,1785687733.994,1785687734.736,0.742,0.7463,0.3731,2.0,orphan candidate on detector '2' not registered: pulse 0.742s < gate 0.746s
1785687734.736,2026-08-02 10:22:14.736042,201,below_sampling_floor,rule2_orphan_pulse,2:46,2,46,video,radar,2,a,1785687733.994,1785687734.736,0.742,0.7463,0.3731,2.0,orphan candidate on detector '2' not registered: pulse 0.742s < gate 0.746s
1785687736.657,2026-08-02 10:22:16.656909,201,below_sampling_floor,rule2_orphan_pulse,26:33,33,26,radar,video,33,a,1785687735.843,1785687736.576,0.733,0.7463,0.3731,2.0,orphan candidate on detector '33' not registered: pulse 0.733s < gate 0.746s
1785687738.479,2026-08-02 10:22:18.478773,201,below_sampling_floor,rule2_orphan_pulse,26:33,33,26,radar,video,33,a,1785687738.051,1785687738.410,0.359,0.7463,0.3731,2.0,orphan candidate on detector '33' not registered: pulse 0.359s < gate 0.746s
1785687814.116,2026-08-02 10:23:34.116102,201,below_sampling_floor,rule2_orphan_pulse,26:33,33,26,radar,video,33,a,1785687813.304,1785687814.030,0.726,0.7435,0.3718,2.0,orphan candidate on detector '33' not registered: pulse 0.726s < gate 0.744s
1785687849.598,2026-08-02 10:24:09.597965,201,below_sampling_floor,rule2_orphan_pulse,17:2,17,2,video,video,2,b,1785687849.146,1785687849.525,0.379,0.743,0.3715,2.0,orphan candidate on detector '2' not registered: pulse 0.379s < gate 0.743s
1785687849.598,2026-08-02 10:24:09.597965,201,below_sampling_floor,rule2_orphan_pulse,2:46,2,46,video,radar,2,a,1785687849.146,1785687849.525,0.379,0.743,0.3715,2.0,orphan candidate on detector '2' not registered: pulse 0.379s < gate 0.743s
1785687889.963,2026-08-02 10:24:49.963359,201,below_sampling_floor,rule2_orphan_pulse,26:33,33,26,radar,video,33,a,1785687889.214,1785687889.956,0.742,0.743,0.3715,2.0,orphan candidate on detector '33' not registered: pulse 0.742s < gate 0.743s
1785687892.591,2026-08-02 10:24:52.591467,201,below_sampling_floor,rule2_orphan_pulse,26:33,33,26,radar,video,33,a,1785687892.202,1785687892.591,0.389,0.743,0.3715,2.0,orphan candidate on detector '33' not registered: pulse 0.389s < gate 0.743s
1785687895.212,2026-08-02 10:24:55.212012,201,below_sampling_floor,rule2_orphan_pulse,26:33,33,26,radar,video,33,a,1785687894.823,1785687895.196,0.373,0.743,0.3715,2.0,orphan candidate on detector '33' not registered: pulse 0.373s < gate 0.743s
1785687896.735,2026-08-02 10:24:56.735462,201,below_sampling_floor,rule2_orphan_pulse,26:33,33,26,radar,video,33,a,1785687896.283,1785687896.656,0.373,0.7534,0.3767,2.0,orphan candidate on detector '33' not registered: pulse 0.373s < gate 0.753s
1785687899.661,2026-08-02 10:24:59.661093,201,below_sampling_floor,rule2_orphan_pulse,17:46,46,17,radar,video,46,a,1785687898.901,1785687899.629,0.728,0.7534,0.3767,2.0,orphan candidate on detector '46' not registered: pulse 0.728s < gate 0.753s
1785687899.663,2026-08-02 10:24:59.663209,201,below_sampling_floor,rule2_orphan_pulse,2:46,2,46,video,radar,46,b,1785687898.901,1785687899.629,0.728,0.7534,0.3767,2.0,orphan candidate on detector '46' not registered: pulse 0.728s < gate 0.753s
1785687900.772,2026-08-02 10:25:00.772029,201,below_sampling_floor,rule2_orphan_pulse,17:2,17,2,video,video,2,b,1785687900.011,1785687900.764,0.753,0.7534,0.3767,2.0,orphan candidate on detector '2' not registered: pulse 0.753s < gate 0.753s
1785687900.776,2026-08-02 10:25:00.775682,201,below_sampling_floor,rule2_orphan_pulse,2:46,2,46,video,radar,2,a,1785687900.011,1785687900.764,0.753,0.7534,0.3767,2.0,orphan candidate on detector '2' not registered: pulse 0.753s < gate 0.753s
1785687904.919,2026-08-02 10:25:04.919442,201,below_sampling_floor,rule2_orphan_pulse,17:46,46,17,radar,video,46,a,1785687904.166,1785687904.896,0.73,0.7534,0.3767,2.0,orphan candidate on detector '46' not registered: pulse 0.730s < gate 0.753s
1785687904.921,2026-08-02 10:25:04.921457,201,below_sampling_floor,rule2_orphan_pulse,2:46,2,46,video,radar,46,b,1785687904.166,1785687904.896,0.73,0.7534,0.3767,2.0,orphan candidate on detector '46' not registered: pulse 0.730s < gate 0.753s
1785687912.495,2026-08-02 10:25:12.495454,201,below_sampling_floor,rule2_orphan_pulse,17:2,17,2,video,video,2,b,1785687912.084,1785687912.461,0.378,0.7534,0.3767,2.0,orphan candidate on detector '2' not registered: pulse 0.378s < gate 0.753s
1785687912.495,2026-08-02 10:25:12.495454,201,below_sampling_floor,rule2_orphan_pulse,2:46,2,46,video,radar,2,a,1785687912.084,1785687912.461,0.378,0.7534,0.3767,2.0,orphan candidate on detector '2' not registered: pulse 0.378s < gate 0.753s
1785687913.303,2026-08-02 10:25:13.303076,201,below_sampling_floor,rule2_orphan_pulse,17:2,17,2,video,video,2,b,1785687912.840,1785687913.210,0.37,0.7534,0.3767,2.0,orphan candidate on detector '2' not registered: pulse 0.370s < gate 0.753s
1785687913.304,2026-08-02 10:25:13.303585,201,below_sampling_floor,rule2_orphan_pulse,2:46,2,46,video,radar,2,a,1785687912.840,1785687913.210,0.37,0.7534,0.3767,2.0,orphan candidate on detector '2' not registered: pulse 0.370s < gate 0.753s
1785687918.668,2026-08-02 10:25:18.668160,201,below_sampling_floor,rule2_orphan_pulse,17:46,46,17,radar,video,46,a,1785687918.216,1785687918.595,0.38,0.7534,0.3767,2.0,orphan candidate on detector '46' not registered: pulse 0.380s < gate 0.753s
1785687918.669,2026-08-02 10:25:18.669169,201,below_sampling_floor,rule2_orphan_pulse,2:46,2,46,video,radar,46,b,1785687918.216,1785687918.595,0.38,0.7534,0.3767,2.0,orphan candidate on detector '46' not registered: pulse 0.380s < gate 0.753s
1785687920.181,2026-08-02 10:25:20.181410,201,below_sampling_floor,rule2_orphan_pulse,17:2,17,2,video,video,2,b,1785687919.343,1785687920.094,0.751,0.7534,0.3767,2.0,orphan candidate on detector '2' not registered: pulse 0.751s < gate 0.753s
1785687920.184,2026-08-02 10:25:20.183935,201,below_sampling_floor,rule2_orphan_pulse,2:46,2,46,video,radar,2,a,1785687919.343,1785687920.094,0.751,0.7534,0.3767,2.0,orphan candidate on detector '2' not registered: pulse 0.751s < gate 0.753s
1785687955.162,2026-08-02 10:25:55.161783,201,below_sampling_floor,rule2_orphan_pulse,24:7,24,7,video,video,7,b,1785687954.734,1785687955.100,0.366,0.7534,0.3767,2.0,orphan candidate on detector '7' not registered: pulse 0.366s < gate 0.753s
1785687955.164,2026-08-02 10:25:55.163784,201,below_sampling_floor,rule2_orphan_pulse,38:7,7,38,video,radar,7,a,1785687954.734,1785687955.100,0.366,0.7534,0.3767,2.0,orphan candidate on detector '7' not registered: pulse 0.366s < gate 0.753s
1785688082.063,2026-08-02 10:28:02.063378,201,below_sampling_floor,rule2_orphan_pulse,17:2,17,2,video,video,2,b,1785688081.586,1785688081.972,0.386,0.7488,0.3744,2.0,orphan candidate on detector '2' not registered: pulse 0.386s < gate 0.749s
1785688082.063,2026-08-02 10:28:02.063378,201,below_sampling_floor,rule2_orphan_pulse,2:46,2,46,video,radar,2,a,1785688081.586,1785688081.972,0.386,0.7488,0.3744,2.0,orphan candidate on detector '2' not registered: pulse 0.386s < gate 0.749s
1785688119.107,2026-08-02 10:28:39.107365,201,below_sampling_floor,rule2_orphan_pulse,17:46,46,17,radar,video,46,a,1785688118.273,1785688119.013,0.741,0.7488,0.3744,2.0,orphan candidate on detector '46' not registered: pulse 0.741s < gate 0.749s
1785688119.109,2026-08-02 10:28:39.108691,201,below_sampling_floor,rule2_orphan_pulse,2:46,2,46,video,radar,46,b,1785688118.273,1785688119.013,0.741,0.7488,0.3744,2.0,orphan candidate on detector '46' not registered: pulse 0.741s < gate 0.749s
1785688120.522,2026-08-02 10:28:40.522153,201,below_sampling_floor,rule2_orphan_pulse,17:2,17,2,video,video,2,b,1785688119.750,1785688120.484,0.734,0.7488,0.3744,2.0,orphan candidate on detector '2' not registered: pulse 0.734s < gate 0.749s
1785688120.523,2026-08-02 10:28:40.523306,201,below_sampling_floor,rule2_orphan_pulse,2:46,2,46,video,radar,2,a,1785688119.750,1785688120.484,0.734,0.7488,0.3744,2.0,orphan candidate on detector '2' not registered: pulse 0.734s < gate 0.749s
1785688125.364,2026-08-02 10:28:45.363945,201,below_sampling_floor,rule2_orphan_pulse,17:46,46,17,radar,video,46,a,1785688124.603,1785688125.344,0.741,0.7488,0.3744,2.0,orphan candidate on detector '46' not registered: pulse 0.741s < gate 0.749s
1785688125.364,2026-08-02 10:28:45.363945,201,below_sampling_floor,rule2_orphan_pulse,2:46,2,46,video,radar,46,b,1785688124.603,1785688125.344,0.741,0.7488,0.3744,2.0,orphan candidate on detector '46' not registered: pulse 0.741s < gate 0.749s
1785688168.044,2026-08-02 10:29:28.043524,201,below_sampling_floor,rule2_orphan_pulse,17:46,46,17,radar,video,46,a,1785688167.281,1785688168.023,0.743,0.7537,0.3769,2.0,orphan candidate on detector '46' not registered: pulse 0.743s < gate 0.754s
1785688168.044,2026-08-02 10:29:28.043524,201,below_sampling_floor,rule2_orphan_pulse,2:46,2,46,video,radar,46,b,1785688167.281,1785688168.023,0.743,0.7537,0.3769,2.0,orphan candidate on detector '46' not registered: pulse 0.743s < gate 0.754s
1785688236.836,2026-08-02 10:30:36.835888,201,below_sampling_floor,rule2_orphan_pulse,26:33,33,26,radar,video,33,a,1785688236.076,1785688236.815,0.739,0.7405,0.3702,2.0,orphan candidate on detector '33' not registered: pulse 0.739s < gate 0.740s
1785688246.621,2026-08-02 10:30:46.620881,201,below_sampling_floor,rule2_orphan_pulse,26:33,33,26,radar,video,33,a,1785688246.205,1785688246.577,0.371,0.7405,0.3702,2.0,orphan candidate on detector '33' not registered: pulse 0.371s < gate 0.740s
1785688288.052,2026-08-02 10:31:28.051551,201,below_sampling_floor,rule2_orphan_pulse,29:43,43,29,radar,video,29,b,1785688287.648,1785688288.012,0.364,0.7829,0.3915,2.0,orphan candidate on detector '29' not registered: pulse 0.364s < gate 0.783s
1785688379.172,2026-08-02 10:32:59.172463,201,below_sampling_floor,rule2_orphan_pulse,26:33,33,26,radar,video,33,a,1785688378.741,1785688379.120,0.379,0.735,0.3675,2.0,orphan candidate on detector '33' not registered: pulse 0.379s < gate 0.735s
1785688411.143,2026-08-02 10:33:31.143352,201,below_sampling_floor,rule2_orphan_pulse,29:43,43,29,radar,video,29,b,1785688410.738,1785688411.103,0.365,0.735,0.3675,2.0,orphan candidate on detector '29' not registered: pulse 0.365s < gate 0.735s
1785688420.636,2026-08-02 10:33:40.636168,201,below_sampling_floor,rule2_orphan_pulse,29:43,43,29,radar,video,29,b,1785688419.907,1785688420.625,0.718,0.735,0.3675,2.0,orphan candidate on detector '29' not registered: pulse 0.718s < gate 0.735s
1785688473.242,2026-08-02 10:34:33.242075,201,below_sampling_floor,rule2_orphan_pulse,17:46,46,17,radar,video,46,a,1785688472.842,1785688473.212,0.371,0.7626,0.3813,2.0,orphan candidate on detector '46' not registered: pulse 0.371s < gate 0.763s
1785688473.244,2026-08-02 10:34:33.243678,201,below_sampling_floor,rule2_orphan_pulse,2:46,2,46,video,radar,46,b,1785688472.842,1785688473.212,0.371,0.7626,0.3813,2.0,orphan candidate on detector '46' not registered: pulse 0.371s < gate 0.763s
1785688473.648,2026-08-02 10:34:33.647854,201,below_sampling_floor,rule2_orphan_pulse,17:2,17,2,video,video,2,b,1785688473.212,1785688473.627,0.415,0.7626,0.3813,2.0,orphan candidate on detector '2' not registered: pulse 0.415s < gate 0.763s
1785688473.648,2026-08-02 10:34:33.648364,201,below_sampling_floor,rule2_orphan_pulse,2:46,2,46,video,radar,2,a,1785688473.212,1785688473.627,0.415,0.7626,0.3813,2.0,orphan candidate on detector '2' not registered: pulse 0.415s < gate 0.763s
1785688525.566,2026-08-02 10:35:25.565536,201,below_sampling_floor,rule2_orphan_pulse,31:42,42,31,radar,video,42,a,1785688524.807,1785688525.523,0.716,0.7329,0.3665,2.0,orphan candidate on detector '42' not registered: pulse 0.716s < gate 0.733s
1785688525.567,2026-08-02 10:35:25.566541,201,below_sampling_floor,rule2_orphan_pulse,42:8,8,42,video,radar,42,b,1785688524.807,1785688525.523,0.716,0.7329,0.3665,2.0,orphan candidate on detector '42' not registered: pulse 0.716s < gate 0.733s
1785688528.598,2026-08-02 10:35:28.598373,201,below_sampling_floor,rule2_orphan_pulse,29:43,43,29,radar,video,29,b,1785688528.160,1785688528.547,0.387,0.7329,0.3665,2.0,orphan candidate on detector '29' not registered: pulse 0.387s < gate 0.733s
1785688530.518,2026-08-02 10:35:30.517706,201,below_sampling_floor,rule2_orphan_pulse,17:2,17,2,video,video,2,b,1785688530.059,1785688530.453,0.394,0.7329,0.3665,2.0,orphan candidate on detector '2' not registered: pulse 0.394s < gate 0.733s
1785688530.521,2026-08-02 10:35:30.520864,201,below_sampling_floor,rule2_orphan_pulse,2:46,2,46,video,radar,2,a,1785688530.059,1785688530.453,0.394,0.7329,0.3665,2.0,orphan candidate on detector '2' not registered: pulse 0.394s < gate 0.733s
1785688532.436,2026-08-02 10:35:32.436347,201,below_sampling_floor,rule2_orphan_pulse,17:2,17,2,video,video,2,b,1785688531.968,1785688532.345,0.376,0.7329,0.3665,2.0,orphan candidate on detector '2' not registered: pulse 0.376s < gate 0.733s
1785688532.440,2026-08-02 10:35:32.440100,201,below_sampling_floor,rule2_orphan_pulse,2:46,2,46,video,radar,2,a,1785688531.968,1785688532.345,0.376,0.7329,0.3665,2.0,orphan candidate on detector '2' not registered: pulse 0.376s < gate 0.733s
1785688532.745,2026-08-02 10:35:32.745164,201,below_sampling_floor,rule2_orphan_pulse,29:43,43,29,radar,video,29,b,1785688532.345,1785688532.733,0.389,0.7329,0.3665,2.0,orphan candidate on detector '29' not registered: pulse 0.389s < gate 0.733s
1785688537.693,2026-08-02 10:35:37.693033,201,below_sampling_floor,rule2_orphan_pulse,24:7,24,7,video,video,7,b,1785688537.241,1785688537.620,0.378,0.7329,0.3665,2.0,orphan candidate on detector '7' not registered: pulse 0.378s < gate 0.733s
1785688537.695,2026-08-02 10:35:37.695045,201,below_sampling_floor,rule2_orphan_pulse,38:7,7,38,video,radar,7,a,1785688537.241,1785688537.620,0.378,0.7329,0.3665,2.0,orphan candidate on detector '7' not registered: pulse 0.378s < gate 0.733s
1785688620.437,2026-08-02 10:37:00.437063,201,below_sampling_floor,rule2_orphan_pulse,17:46,46,17,radar,video,46,a,1785688619.592,1785688620.355,0.763,0.7739,0.387,2.0,orphan candidate on detector '46' not registered: pulse 0.763s < gate 0.774s
1785688620.439,2026-08-02 10:37:00.439119,201,below_sampling_floor,rule2_orphan_pulse,2:46,2,46,video,radar,46,b,1785688619.592,1785688620.355,0.763,0.7739,0.387,2.0,orphan candidate on detector '46' not registered: pulse 0.763s < gate 0.774s
1785688703.859,2026-08-02 10:38:23.859062,201,below_sampling_floor,rule2_orphan_pulse,31:8,31,8,video,video,8,b,1785688703.390,1785688703.768,0.378,0.7545,0.3773,2.0,orphan candidate on detector '8' not registered: pulse 0.378s < gate 0.755s
1785688703.861,2026-08-02 10:38:23.861093,201,below_sampling_floor,rule2_orphan_pulse,42:8,8,42,video,radar,8,a,1785688703.390,1785688703.768,0.378,0.7545,0.3773,2.0,orphan candidate on detector '8' not registered: pulse 0.378s < gate 0.755s
1785688722.510,2026-08-02 10:38:42.510422,201,below_sampling_floor,rule2_orphan_pulse,30:41,41,30,radar,video,30,b,1785688722.068,1785688722.435,0.367,0.7545,0.3773,2.0,orphan candidate on detector '30' not registered: pulse 0.367s < gate 0.755s
1785688722.511,2026-08-02 10:38:42.510955,201,below_sampling_floor,rule2_orphan_pulse,3:30,30,3,video,video,30,a,1785688722.068,1785688722.435,0.367,0.7545,0.3773,2.0,orphan candidate on detector '30' not registered: pulse 0.367s < gate 0.755s
1785688723.624,2026-08-02 10:38:43.623501,201,below_sampling_floor,rule2_orphan_pulse,3:30,30,3,video,video,3,b,1785688723.178,1785688723.552,0.374,0.7545,0.3773,2.0,orphan candidate on detector '3' not registered: pulse 0.374s < gate 0.755s
1785688723.627,2026-08-02 10:38:43.626594,201,below_sampling_floor,rule2_orphan_pulse,3:41,3,41,video,radar,3,a,1785688723.178,1785688723.552,0.374,0.7545,0.3773,2.0,orphan candidate on detector '3' not registered: pulse 0.374s < gate 0.755s
1785688772.994,2026-08-02 10:39:32.994468,201,below_sampling_floor,rule2_orphan_pulse,17:2,17,2,video,video,2,b,1785688772.217,1785688772.954,0.737,0.7629,0.3815,2.0,orphan candidate on detector '2' not registered: pulse 0.737s < gate 0.763s
1785688772.994,2026-08-02 10:39:32.994468,201,below_sampling_floor,rule2_orphan_pulse,2:46,2,46,video,radar,2,a,1785688772.217,1785688772.954,0.737,0.7629,0.3815,2.0,orphan candidate on detector '2' not registered: pulse 0.737s < gate 0.763s
1785688806.968,2026-08-02 10:40:06.968024,201,below_sampling_floor,rule2_orphan_pulse,17:2,17,2,video,video,2,b,1785688806.211,1785688806.936,0.725,0.7435,0.3718,2.0,orphan candidate on detector '2' not registered: pulse 0.725s < gate 0.744s
1785688806.968,2026-08-02 10:40:06.968024,201,below_sampling_floor,rule2_orphan_pulse,2:46,2,46,video,radar,2,a,1785688806.211,1785688806.936,0.725,0.7435,0.3718,2.0,orphan candidate on detector '2' not registered: pulse 0.725s < gate 0.744s
1785688821.913,2026-08-02 10:40:21.913374,201,below_sampling_floor,rule2_orphan_pulse,17:2,17,2,video,video,2,b,1785688821.157,1785688821.885,0.728,0.7435,0.3718,2.0,orphan candidate on detector '2' not registered: pulse 0.728s < gate 0.744s
1785688821.913,2026-08-02 10:40:21.913374,201,below_sampling_floor,rule2_orphan_pulse,2:46,2,46,video,radar,2,a,1785688821.157,1785688821.885,0.728,0.7435,0.3718,2.0,orphan candidate on detector '2' not registered: pulse 0.728s < gate 0.744s
1785688834.328,2026-08-02 10:40:34.327664,201,below_sampling_floor,rule2_orphan_pulse,24:7,24,7,video,video,7,b,1785688833.868,1785688834.235,0.367,0.7435,0.3718,2.0,orphan candidate on detector '7' not registered: pulse 0.367s < gate 0.744s
1785688834.328,2026-08-02 10:40:34.327664,201,below_sampling_floor,rule2_orphan_pulse,38:7,7,38,video,radar,7,a,1785688833.868,1785688834.235,0.367,0.7435,0.3718,2.0,orphan candidate on detector '7' not registered: pulse 0.367s < gate 0.744s
1785688834.636,2026-08-02 10:40:34.635698,201,below_sampling_floor,rule2_orphan_pulse,26:33,33,26,radar,video,33,a,1785688833.868,1785688834.602,0.734,0.7435,0.3718,2.0,orphan candidate on detector '33' not registered: pulse 0.734s < gate 0.744s
1785688867.131,2026-08-02 10:41:07.131280,201,below_sampling_floor,rule2_orphan_pulse,29:43,43,29,radar,video,43,a,1785688866.301,1785688867.049,0.748,0.7489,0.3745,2.0,orphan candidate on detector '43' not registered: pulse 0.748s < gate 0.749s
1785688891.480,2026-08-02 10:41:31.479729,201,below_sampling_floor,rule2_orphan_pulse,26:33,33,26,radar,video,33,a,1785688890.736,1785688891.463,0.728,0.7489,0.3745,2.0,orphan candidate on detector '33' not registered: pulse 0.728s < gate 0.749s
1785688892.993,2026-08-02 10:41:32.992767,201,below_sampling_floor,rule2_orphan_pulse,26:33,33,26,radar,video,33,a,1785688892.187,1785688892.926,0.739,0.7489,0.3745,2.0,orphan candidate on detector '33' not registered: pulse 0.739s < gate 0.749s
1785688895.525,2026-08-02 10:41:35.525093,201,below_sampling_floor,rule2_orphan_pulse,26:33,33,26,radar,video,33,a,1785688894.768,1785688895.504,0.736,0.7489,0.3745,2.0,orphan candidate on detector '33' not registered: pulse 0.736s < gate 0.749s
1785688897.045,2026-08-02 10:41:37.044612,201,below_sampling_floor,rule2_orphan_pulse,26:33,33,26,radar,video,33,a,1785688896.238,1785688896.974,0.736,0.7489,0.3745,2.0,orphan candidate on detector '33' not registered: pulse 0.736s < gate 0.749s
1785688899.263,2026-08-02 10:41:39.262546,201,below_sampling_floor,rule2_orphan_pulse,26:33,33,26,radar,video,33,a,1785688898.443,1785688899.180,0.737,0.7489,0.3745,2.0,orphan candidate on detector '33' not registered: pulse 0.737s < gate 0.749s
1785688903.298,2026-08-02 10:41:43.297919,201,below_sampling_floor,rule2_orphan_pulse,26:33,33,26,radar,video,33,a,1785688902.561,1785688903.298,0.737,0.7489,0.3745,2.0,orphan candidate on detector '33' not registered: pulse 0.737s < gate 0.749s
1785688905.922,2026-08-02 10:41:45.922067,201,below_sampling_floor,rule2_orphan_pulse,26:33,33,26,radar,video,33,a,1785688905.499,1785688905.859,0.36,0.7489,0.3745,2.0,orphan candidate on detector '33' not registered: pulse 0.360s < gate 0.749s
1785688961.669,2026-08-02 10:42:41.669035,201,below_sampling_floor,rule2_orphan_pulse,31:42,42,31,radar,video,31,b,1785688961.264,1785688961.623,0.359,0.7408,0.3704,2.0,orphan candidate on detector '31' not registered: pulse 0.359s < gate 0.741s
1785688961.669,2026-08-02 10:42:41.669035,201,below_sampling_floor,rule2_orphan_pulse,31:8,31,8,video,video,31,a,1785688961.264,1785688961.623,0.359,0.7408,0.3704,2.0,orphan candidate on detector '31' not registered: pulse 0.359s < gate 0.741s
1785688970.234,2026-08-02 10:42:50.234292,201,below_sampling_floor,rule2_orphan_pulse,26:33,33,26,radar,video,33,a,1785688969.836,1785688970.220,0.384,0.7408,0.3704,2.0,orphan candidate on detector '33' not registered: pulse 0.384s < gate 0.741s
1785688986.464,2026-08-02 10:43:06.464461,201,below_sampling_floor,rule2_orphan_pulse,31:42,42,31,radar,video,31,b,1785688986.016,1785688986.382,0.366,0.7479,0.374,2.0,orphan candidate on detector '31' not registered: pulse 0.366s < gate 0.748s
1785688987.878,2026-08-02 10:43:07.877815,201,below_sampling_floor,rule2_orphan_pulse,31:42,42,31,radar,video,31,b,1785688987.497,1785688987.871,0.374,0.7479,0.374,2.0,orphan candidate on detector '31' not registered: pulse 0.374s < gate 0.748s
1785688988.987,2026-08-02 10:43:08.987360,201,below_sampling_floor,rule2_orphan_pulse,31:8,31,8,video,video,31,a,1785688987.497,1785688987.871,0.374,0.7479,0.374,2.0,orphan candidate on detector '31' not registered: pulse 0.374s < gate 0.748s
1785688997.284,2026-08-02 10:43:17.283719,201,below_sampling_floor,rule2_orphan_pulse,22:39,39,22,radar,video,39,a,1785688996.834,1785688997.214,0.379,0.7479,0.374,2.0,orphan candidate on detector '39' not registered: pulse 0.379s < gate 0.748s
1785688997.284,2026-08-02 10:43:17.283719,201,below_sampling_floor,rule2_orphan_pulse,39:4,4,39,video,radar,39,b,1785688996.834,1785688997.214,0.379,0.7479,0.374,2.0,orphan candidate on detector '39' not registered: pulse 0.379s < gate 0.748s
1785688998.803,2026-08-02 10:43:18.802991,201,below_sampling_floor,rule2_orphan_pulse,22:4,22,4,video,video,4,b,1785688998.374,1785688998.786,0.411,0.7479,0.374,2.0,orphan candidate on detector '4' not registered: pulse 0.411s < gate 0.748s
1785688998.804,2026-08-02 10:43:18.804089,201,below_sampling_floor,rule2_orphan_pulse,39:4,4,39,video,radar,4,a,1785688998.374,1785688998.786,0.411,0.7479,0.374,2.0,orphan candidate on detector '4' not registered: pulse 0.411s < gate 0.748s
1785689011.505,2026-08-02 10:43:31.504920,201,below_sampling_floor,rule2_orphan_pulse,17:2,17,2,video,video,2,b,1785689011.045,1785689011.448,0.402,0.7479,0.374,2.0,orphan candidate on detector '2' not registered: pulse 0.402s < gate 0.748s
1785689011.505,2026-08-02 10:43:31.504920,201,below_sampling_floor,rule2_orphan_pulse,2:46,2,46,video,radar,2,a,1785689011.045,1785689011.448,0.402,0.7479,0.374,2.0,orphan candidate on detector '2' not registered: pulse 0.402s < gate 0.748s
1785689012.218,2026-08-02 10:43:32.218146,201,below_sampling_floor,rule2_orphan_pulse,17:2,17,2,video,video,2,b,1785689011.813,1785689012.174,0.361,0.7479,0.374,2.0,orphan candidate on detector '2' not registered: pulse 0.361s < gate 0.748s
1785689012.220,2026-08-02 10:43:32.220161,201,below_sampling_floor,rule2_orphan_pulse,2:46,2,46,video,radar,2,a,1785689011.813,1785689012.174,0.361,0.7479,0.374,2.0,orphan candidate on detector '2' not registered: pulse 0.361s < gate 0.748s
1785689017.482,2026-08-02 10:43:37.481713,201,below_sampling_floor,rule2_orphan_pulse,26:33,33,26,radar,video,33,a,1785689017.044,1785689017.416,0.373,0.7479,0.374,2.0,orphan candidate on detector '33' not registered: pulse 0.373s < gate 0.748s
1785689025.649,2026-08-02 10:43:45.649349,201,below_sampling_floor,rule2_orphan_pulse,17:2,17,2,video,video,2,b,1785689025.212,1785689025.569,0.356,0.7479,0.374,2.0,orphan candidate on detector '2' not registered: pulse 0.356s < gate 0.748s
1785689025.651,2026-08-02 10:43:45.651369,201,below_sampling_floor,rule2_orphan_pulse,2:46,2,46,video,radar,2,a,1785689025.212,1785689025.569,0.356,0.7479,0.374,2.0,orphan candidate on detector '2' not registered: pulse 0.356s < gate 0.748s
1785689109.801,2026-08-02 10:45:09.800947,201,below_sampling_floor,rule2_orphan_pulse,17:46,46,17,radar,video,46,a,1785689109.004,1785689109.732,0.728,0.7358,0.3679,2.0,orphan candidate on detector '46' not registered: pulse 0.728s < gate 0.736s
1785689109.804,2026-08-02 10:45:09.803732,201,below_sampling_floor,rule2_orphan_pulse,2:46,2,46,video,radar,46,b,1785689109.004,1785689109.732,0.728,0.7358,0.3679,2.0,orphan candidate on detector '46' not registered: pulse 0.728s < gate 0.736s
1785689110.918,2026-08-02 10:45:10.918405,201,below_sampling_floor,rule2_orphan_pulse,26:33,33,26,radar,video,33,a,1785689110.482,1785689110.846,0.365,0.7358,0.3679,2.0,orphan candidate on detector '33' not registered: pulse 0.365s < gate 0.736s
1785689121.825,2026-08-02 10:45:21.825065,201,below_sampling_floor,rule2_orphan_pulse,26:33,33,26,radar,video,33,a,1785689121.447,1785689121.825,0.378,0.7358,0.3679,2.0,orphan candidate on detector '33' not registered: pulse 0.378s < gate 0.736s
1785689160.851,2026-08-02 10:46:00.851348,201,below_sampling_floor,rule2_orphan_pulse,24:7,24,7,video,video,7,b,1785689160.431,1785689160.810,0.379,0.795,0.3975,2.0,orphan candidate on detector '7' not registered: pulse 0.379s < gate 0.795s
1785689160.852,2026-08-02 10:46:00.852397,201,below_sampling_floor,rule2_orphan_pulse,38:7,7,38,video,radar,7,a,1785689160.431,1785689160.810,0.379,0.795,0.3975,2.0,orphan candidate on detector '7' not registered: pulse 0.379s < gate 0.795s
1785689211.780,2026-08-02 10:46:51.780150,201,below_sampling_floor,rule2_orphan_pulse,26:33,33,26,radar,video,26,b,1785689211.331,1785689211.687,0.356,0.795,0.3975,2.0,orphan candidate on detector '26' not registered: pulse 0.356s < gate 0.795s
1785689215.019,2026-08-02 10:46:55.019397,201,below_sampling_floor,rule2_orphan_pulse,17:2,17,2,video,video,2,b,1785689214.617,1785689214.989,0.372,0.795,0.3975,2.0,orphan candidate on detector '2' not registered: pulse 0.372s < gate 0.795s
1785689215.021,2026-08-02 10:46:55.021409,201,below_sampling_floor,rule2_orphan_pulse,2:46,2,46,video,radar,2,a,1785689214.617,1785689214.989,0.372,0.795,0.3975,2.0,orphan candidate on detector '2' not registered: pulse 0.372s < gate 0.795s
1785689224.915,2026-08-02 10:47:04.914988,201,below_sampling_floor,rule2_orphan_pulse,26:33,33,26,radar,video,33,a,1785689224.101,1785689224.832,0.731,0.7359,0.3679,2.0,orphan candidate on detector '33' not registered: pulse 0.731s < gate 0.736s
1785689228.651,2026-08-02 10:47:08.651457,201,below_sampling_floor,rule2_orphan_pulse,26:33,33,26,radar,video,33,a,1785689227.886,1785689228.619,0.732,0.7359,0.3679,2.0,orphan candidate on detector '33' not registered: pulse 0.732s < gate 0.736s
1785689235.722,2026-08-02 10:47:15.721655,201,below_sampling_floor,rule2_orphan_pulse,26:33,33,26,radar,video,33,a,1785689234.951,1785689235.684,0.734,0.7359,0.3679,2.0,orphan candidate on detector '33' not registered: pulse 0.734s < gate 0.736s
1785689246.018,2026-08-02 10:47:26.017946,201,below_sampling_floor,rule2_orphan_pulse,26:33,33,26,radar,video,33,a,1785689245.286,1785689246.008,0.722,0.7359,0.3679,2.0,orphan candidate on detector '33' not registered: pulse 0.722s < gate 0.736s
1785689256.611,2026-08-02 10:47:36.611228,201,below_sampling_floor,rule2_orphan_pulse,26:33,33,26,radar,video,33,a,1785689256.172,1785689256.554,0.381,0.7359,0.3679,2.0,orphan candidate on detector '33' not registered: pulse 0.381s < gate 0.736s
1785689270.441,2026-08-02 10:47:50.441087,201,below_sampling_floor,rule2_orphan_pulse,26:33,33,26,radar,video,33,a,1785689270.069,1785689270.433,0.364,0.7359,0.3679,2.0,orphan candidate on detector '33' not registered: pulse 0.364s < gate 0.736s
1785689296.782,2026-08-02 10:48:16.781953,201,below_sampling_floor,rule2_orphan_pulse,17:2,17,2,video,video,2,b,1785689295.956,1785689296.688,0.731,0.7504,0.3752,2.0,orphan candidate on detector '2' not registered: pulse 0.731s < gate 0.750s
1785689296.784,2026-08-02 10:48:16.784015,201,below_sampling_floor,rule2_orphan_pulse,2:46,2,46,video,radar,2,a,1785689295.956,1785689296.688,0.731,0.7504,0.3752,2.0,orphan candidate on detector '2' not registered: pulse 0.731s < gate 0.750s
1785689309.283,2026-08-02 10:48:29.282500,201,below_sampling_floor,rule2_orphan_pulse,17:46,46,17,radar,video,17,b,1785689308.487,1785689309.219,0.731,0.7504,0.3752,2.0,orphan candidate on detector '17' not registered: pulse 0.731s < gate 0.750s
1785689309.284,2026-08-02 10:48:29.284243,201,below_sampling_floor,rule2_orphan_pulse,17:2,17,2,video,video,17,a,1785689308.487,1785689309.219,0.731,0.7504,0.3752,2.0,orphan candidate on detector '17' not registered: pulse 0.731s < gate 0.750s
1785689309.689,2026-08-02 10:48:29.689195,201,below_sampling_floor,rule2_orphan_pulse,17:2,17,2,video,video,2,b,1785689309.219,1785689309.603,0.384,0.7504,0.3752,2.0,orphan candidate on detector '2' not registered: pulse 0.384s < gate 0.750s
1785689309.689,2026-08-02 10:48:29.689195,201,below_sampling_floor,rule2_orphan_pulse,2:46,2,46,video,radar,2,a,1785689309.219,1785689309.603,0.384,0.7504,0.3752,2.0,orphan candidate on detector '2' not registered: pulse 0.384s < gate 0.750s
1785689356.100,2026-08-02 10:49:16.100399,201,below_sampling_floor,rule2_orphan_pulse,31:42,42,31,radar,video,42,a,1785689355.316,1785689356.045,0.729,0.758,0.379,2.0,orphan candidate on detector '42' not registered: pulse 0.729s < gate 0.758s
1785689356.100,2026-08-02 10:49:16.100399,201,below_sampling_floor,rule2_orphan_pulse,42:8,8,42,video,radar,42,b,1785689355.316,1785689356.045,0.729,0.758,0.379,2.0,orphan candidate on detector '42' not registered: pulse 0.729s < gate 0.758s
1785689380.998,2026-08-02 10:49:40.997722,201,below_sampling_floor,rule2_orphan_pulse,17:2,17,2,video,video,2,b,1785689380.585,1785689380.951,0.365,0.758,0.379,2.0,orphan candidate on detector '2' not registered: pulse 0.365s < gate 0.758s
1785689380.998,2026-08-02 10:49:40.997722,201,below_sampling_floor,rule2_orphan_pulse,2:46,2,46,video,radar,2,a,1785689380.585,1785689380.951,0.365,0.758,0.379,2.0,orphan candidate on detector '2' not registered: pulse 0.365s < gate 0.758s
1785689393.526,2026-08-02 10:49:53.526278,201,below_sampling_floor,rule2_orphan_pulse,26:33,33,26,radar,video,33,a,1785689391.606,1785689392.348,0.742,0.758,0.379,2.0,orphan candidate on detector '33' not registered: pulse 0.742s < gate 0.758s
1785689437.717,2026-08-02 10:50:37.717035,201,below_sampling_floor,rule2_orphan_pulse,24:38,38,24,radar,video,24,b,1785689437.330,1785689437.691,0.361,0.7442,0.3721,2.0,orphan candidate on detector '24' not registered: pulse 0.361s < gate 0.744s
1785689437.717,2026-08-02 10:50:37.717035,201,below_sampling_floor,rule2_orphan_pulse,24:7,24,7,video,video,24,a,1785689437.330,1785689437.691,0.361,0.7442,0.3721,2.0,orphan candidate on detector '24' not registered: pulse 0.361s < gate 0.744s
1785689611.001,2026-08-02 10:53:31.001423,201,below_sampling_floor,rule2_orphan_pulse,30:41,41,30,radar,video,30,b,1785689610.213,1785689610.931,0.717,0.7362,0.3681,2.0,orphan candidate on detector '30' not registered: pulse 0.717s < gate 0.736s
1785689611.003,2026-08-02 10:53:31.003456,201,below_sampling_floor,rule2_orphan_pulse,3:30,30,3,video,video,30,a,1785689610.213,1785689610.931,0.717,0.7362,0.3681,2.0,orphan candidate on detector '30' not registered: pulse 0.717s < gate 0.736s
1785689678.176,2026-08-02 10:54:38.176131,201,below_sampling_floor,rule2_orphan_pulse,26:33,33,26,radar,video,33,a,1785689677.373,1785689678.101,0.728,0.7309,0.3654,2.0,orphan candidate on detector '33' not registered: pulse 0.728s < gate 0.731s
1785689737.646,2026-08-02 10:55:37.646387,201,below_sampling_floor,rule2_orphan_pulse,17:2,17,2,video,video,2,b,1785689737.255,1785689737.632,0.376,0.743,0.3715,2.0,orphan candidate on detector '2' not registered: pulse 0.376s < gate 0.743s
1785689737.648,2026-08-02 10:55:37.648395,201,below_sampling_floor,rule2_orphan_pulse,2:46,2,46,video,radar,2,a,1785689737.255,1785689737.632,0.376,0.743,0.3715,2.0,orphan candidate on detector '2' not registered: pulse 0.376s < gate 0.743s
1785689779.786,2026-08-02 10:56:19.786494,201,below_sampling_floor,rule2_orphan_pulse,17:46,46,17,radar,video,46,a,1785689779.358,1785689779.718,0.36,0.7369,0.3685,2.0,orphan candidate on detector '46' not registered: pulse 0.360s < gate 0.737s
1785689779.786,2026-08-02 10:56:19.786494,201,below_sampling_floor,rule2_orphan_pulse,2:46,2,46,video,radar,46,b,1785689779.358,1785689779.718,0.36,0.7369,0.3685,2.0,orphan candidate on detector '46' not registered: pulse 0.360s < gate 0.737s
1785689787.859,2026-08-02 10:56:27.859387,201,below_sampling_floor,rule2_orphan_pulse,26:33,33,26,radar,video,33,a,1785689787.114,1785689787.842,0.728,0.7369,0.3685,2.0,orphan candidate on detector '33' not registered: pulse 0.728s < gate 0.737s
1785689807.531,2026-08-02 10:56:47.531029,201,below_sampling_floor,rule2_orphan_pulse,26:33,33,26,radar,video,33,a,1785689806.741,1785689807.475,0.734,0.7369,0.3685,2.0,orphan candidate on detector '33' not registered: pulse 0.734s < gate 0.737s
1785689815.005,2026-08-02 10:56:55.004878,201,below_sampling_floor,rule2_orphan_pulse,26:33,33,26,radar,video,33,a,1785689814.230,1785689814.954,0.724,0.7369,0.3685,2.0,orphan candidate on detector '33' not registered: pulse 0.724s < gate 0.737s
1785689821.756,2026-08-02 10:57:01.756233,201,below_sampling_floor,rule2_orphan_pulse,31:42,42,31,radar,video,42,a,1785689821.322,1785689821.694,0.372,0.7431,0.3716,2.0,orphan candidate on detector '42' not registered: pulse 0.372s < gate 0.743s
1785689821.757,2026-08-02 10:57:01.757305,201,below_sampling_floor,rule2_orphan_pulse,42:8,8,42,video,radar,42,b,1785689821.322,1785689821.694,0.372,0.7431,0.3716,2.0,orphan candidate on detector '42' not registered: pulse 0.372s < gate 0.743s
1785689842.264,2026-08-02 10:57:22.263623,201,below_sampling_floor,rule2_orphan_pulse,29:43,43,29,radar,video,43,a,1785689841.821,1785689842.204,0.383,0.7431,0.3716,2.0,orphan candidate on detector '43' not registered: pulse 0.383s < gate 0.743s
1785689856.800,2026-08-02 10:57:36.799822,201,below_sampling_floor,rule2_orphan_pulse,29:43,43,29,radar,video,43,a,1785689856.336,1785689856.742,0.405,0.7431,0.3716,2.0,orphan candidate on detector '43' not registered: pulse 0.405s < gate 0.743s
1785689870.221,2026-08-02 10:57:50.221054,201,below_sampling_floor,rule2_orphan_pulse,30:41,41,30,radar,video,30,b,1785689869.467,1785689870.204,0.737,0.7431,0.3716,2.0,orphan candidate on detector '30' not registered: pulse 0.737s < gate 0.743s
1785689870.223,2026-08-02 10:57:50.223097,201,below_sampling_floor,rule2_orphan_pulse,3:30,30,3,video,video,30,a,1785689869.467,1785689870.204,0.737,0.7431,0.3716,2.0,orphan candidate on detector '30' not registered: pulse 0.737s < gate 0.743s
1785689894.945,2026-08-02 10:58:14.944803,201,below_sampling_floor,rule2_orphan_pulse,26:33,33,26,radar,video,33,a,1785689894.568,1785689894.942,0.374,1.0332,0.5166,2.0,orphan candidate on detector '33' not registered: pulse 0.374s < gate 1.033s
1785689899.193,2026-08-02 10:58:19.193128,201,below_sampling_floor,rule2_orphan_pulse,26:33,33,26,radar,video,33,a,1785689898.731,1785689899.109,0.378,1.0332,0.5166,2.0,orphan candidate on detector '33' not registered: pulse 0.378s < gate 1.033s
1785689901.516,2026-08-02 10:58:21.516244,201,below_sampling_floor,rule2_orphan_pulse,26:33,33,26,radar,video,33,a,1785689900.682,1785689901.448,0.767,1.0332,0.5166,2.0,orphan candidate on detector '33' not registered: pulse 0.767s < gate 1.033s
1785689936.287,2026-08-02 10:58:56.286877,201,below_sampling_floor,rule2_orphan_pulse,26:33,33,26,radar,video,33,a,1785689935.128,1785689936.219,1.091,1.126,0.563,2.0,orphan candidate on detector '33' not registered: pulse 1.091s < gate 1.126s
1785689939.316,2026-08-02 10:58:59.316392,201,below_sampling_floor,rule2_orphan_pulse,26:33,33,26,radar,video,33,a,1785689938.506,1785689939.229,0.723,1.126,0.563,2.0,orphan candidate on detector '33' not registered: pulse 0.723s < gate 1.126s
1785689941.836,2026-08-02 10:59:01.835570,201,below_sampling_floor,rule2_orphan_pulse,17:46,46,17,radar,video,46,a,1785689941.037,1785689941.760,0.723,1.126,0.563,2.0,orphan candidate on detector '46' not registered: pulse 0.723s < gate 1.126s
1785689941.837,2026-08-02 10:59:01.836621,201,below_sampling_floor,rule2_orphan_pulse,2:46,2,46,video,radar,46,b,1785689941.037,1785689941.760,0.723,1.126,0.563,2.0,orphan candidate on detector '46' not registered: pulse 0.723s < gate 1.126s
1785689943.250,2026-08-02 10:59:03.249895,201,below_sampling_floor,rule2_orphan_pulse,17:2,17,2,video,video,2,b,1785689942.495,1785689943.234,0.739,1.126,0.563,2.0,orphan candidate on detector '2' not registered: pulse 0.739s < gate 1.126s
1785689943.250,2026-08-02 10:59:03.249895,201,below_sampling_floor,rule2_orphan_pulse,2:46,2,46,video,radar,2,a,1785689942.495,1785689943.234,0.739,1.126,0.563,2.0,orphan candidate on detector '2' not registered: pulse 0.739s < gate 1.126s
1785689943.250,2026-08-02 10:59:03.249895,201,below_sampling_floor,rule2_orphan_pulse,26:33,33,26,radar,video,33,a,1785689942.130,1785689943.234,1.104,1.126,0.563,2.0,orphan candidate on detector '33' not registered: pulse 1.104s < gate 1.126s
1785689948.111,2026-08-02 10:59:08.111015,201,below_sampling_floor,rule2_orphan_pulse,26:33,33,26,radar,video,33,a,1785689946.975,1785689948.066,1.091,1.126,0.563,2.0,orphan candidate on detector '33' not registered: pulse 1.091s < gate 1.126s
1785689949.620,2026-08-02 10:59:09.619766,201,below_sampling_floor,rule2_orphan_pulse,26:33,33,26,radar,video,33,a,1785689948.803,1785689949.529,0.726,1.126,0.563,2.0,orphan candidate on detector '33' not registered: pulse 0.726s < gate 1.126s
1785689952.139,2026-08-02 10:59:12.139262,201,below_sampling_floor,rule2_orphan_pulse,26:33,33,26,radar,video,33,a,1785689950.998,1785689952.113,1.115,1.126,0.563,2.0,orphan candidate on detector '33' not registered: pulse 1.115s < gate 1.126s
1785689967.169,2026-08-02 10:59:27.169129,201,below_sampling_floor,rule2_orphan_pulse,24:7,24,7,video,video,7,b,1785689966.645,1785689967.069,0.424,1.126,0.563,2.0,orphan candidate on detector '7' not registered: pulse 0.424s < gate 1.126s
1785689967.170,2026-08-02 10:59:27.170151,201,below_sampling_floor,rule2_orphan_pulse,38:7,7,38,video,radar,7,a,1785689966.645,1785689967.069,0.424,1.126,0.563,2.0,orphan candidate on detector '7' not registered: pulse 0.424s < gate 1.126s
1785690002.150,2026-08-02 11:00:02.149683,201,below_sampling_floor,rule2_orphan_pulse,17:2,17,2,video,video,2,b,1785690001.697,1785690002.049,0.352,0.7355,0.3678,2.0,orphan candidate on detector '2' not registered: pulse 0.352s < gate 0.736s
1785690002.150,2026-08-02 11:00:02.149683,201,below_sampling_floor,rule2_orphan_pulse,2:46,2,46,video,radar,2,a,1785690001.697,1785690002.049,0.352,0.7355,0.3678,2.0,orphan candidate on detector '2' not registered: pulse 0.352s < gate 0.736s
1785690012.948,2026-08-02 11:00:12.948247,201,below_sampling_floor,rule2_orphan_pulse,26:33,33,26,radar,video,33,a,1785690012.195,1785690012.927,0.732,0.7355,0.3678,2.0,orphan candidate on detector '33' not registered: pulse 0.732s < gate 0.736s
1785690014.061,2026-08-02 11:00:14.061438,201,below_sampling_floor,rule2_orphan_pulse,26:33,33,26,radar,video,33,a,1785690013.298,1785690014.017,0.719,0.7355,0.3678,2.0,orphan candidate on detector '33' not registered: pulse 0.719s < gate 0.736s
1785690015.982,2026-08-02 11:00:15.982062,201,below_sampling_floor,rule2_orphan_pulse,26:33,33,26,radar,video,33,a,1785690015.520,1785690015.899,0.379,0.7355,0.3678,2.0,orphan candidate on detector '33' not registered: pulse 0.379s < gate 0.736s
1785690021.128,2026-08-02 11:00:21.127979,201,below_sampling_floor,rule2_orphan_pulse,26:33,33,26,radar,video,33,a,1785690020.309,1785690021.033,0.724,0.7355,0.3678,2.0,orphan candidate on detector '33' not registered: pulse 0.724s < gate 0.736s
1785690023.752,2026-08-02 11:00:23.751715,201,below_sampling_floor,rule2_orphan_pulse,26:33,33,26,radar,video,33,a,1785690023.351,1785690023.714,0.363,0.7355,0.3678,2.0,orphan candidate on detector '33' not registered: pulse 0.363s < gate 0.736s
1785690039.489,2026-08-02 11:00:39.488928,201,below_sampling_floor,rule2_orphan_pulse,26:33,33,26,radar,video,33,a,1785690039.056,1785690039.442,0.385,0.7355,0.3678,2.0,orphan candidate on detector '33' not registered: pulse 0.385s < gate 0.736s
1785690064.005,2026-08-02 11:01:04.005220,201,below_sampling_floor,rule2_orphan_pulse,31:42,42,31,radar,video,42,a,1785690063.530,1785690063.910,0.38,0.7551,0.3776,2.0,orphan candidate on detector '42' not registered: pulse 0.380s < gate 0.755s
1785690064.006,2026-08-02 11:01:04.006232,201,below_sampling_floor,rule2_orphan_pulse,42:8,8,42,video,radar,42,b,1785690063.530,1785690063.910,0.38,0.7551,0.3776,2.0,orphan candidate on detector '42' not registered: pulse 0.380s < gate 0.755s
1785690064.714,2026-08-02 11:01:04.713835,201,below_sampling_floor,rule2_orphan_pulse,29:43,43,29,radar,video,43,a,1785690063.910,1785690064.650,0.74,0.7551,0.3776,2.0,orphan candidate on detector '43' not registered: pulse 0.740s < gate 0.755s
1785690065.119,2026-08-02 11:01:05.119334,201,below_sampling_floor,rule2_orphan_pulse,31:42,42,31,radar,video,31,b,1785690064.273,1785690065.021,0.748,0.7551,0.3776,2.0,orphan candidate on detector '31' not registered: pulse 0.748s < gate 0.755s
1785690065.120,2026-08-02 11:01:05.120475,201,below_sampling_floor,rule2_orphan_pulse,31:8,31,8,video,video,31,a,1785690064.273,1785690065.021,0.748,0.7551,0.3776,2.0,orphan candidate on detector '31' not registered: pulse 0.748s < gate 0.755s
1785690069.968,2026-08-02 11:01:09.968329,201,below_sampling_floor,rule2_orphan_pulse,29:43,43,29,radar,video,43,a,1785690069.164,1785690069.901,0.736,0.7551,0.3776,2.0,orphan candidate on detector '43' not registered: pulse 0.736s < gate 0.755s
1785690071.487,2026-08-02 11:01:11.486888,201,below_sampling_floor,rule2_orphan_pulse,26:33,33,26,radar,video,33,a,1785690070.998,1785690071.448,0.45,0.7551,0.3776,2.0,orphan candidate on detector '33' not registered: pulse 0.450s < gate 0.755s
1785690079.372,2026-08-02 11:01:19.372112,201,below_sampling_floor,rule2_orphan_pulse,26:33,33,26,radar,video,33,a,1785690078.959,1785690079.336,0.377,0.7551,0.3776,2.0,orphan candidate on detector '33' not registered: pulse 0.377s < gate 0.755s
1785690092.876,2026-08-02 11:01:32.875606,201,below_sampling_floor,rule2_orphan_pulse,22:4,22,4,video,video,4,b,1785690092.449,1785690092.818,0.369,0.7551,0.3776,2.0,orphan candidate on detector '4' not registered: pulse 0.369s < gate 0.755s
1785690101.052,2026-08-02 11:01:41.052080,201,below_sampling_floor,rule2_orphan_pulse,24:7,24,7,video,video,7,b,1785690100.649,1785690101.034,0.385,0.7551,0.3776,2.0,orphan candidate on detector '7' not registered: pulse 0.385s < gate 0.755s
1785690101.052,2026-08-02 11:01:41.052080,201,below_sampling_floor,rule2_orphan_pulse,38:7,7,38,video,radar,7,a,1785690100.649,1785690101.034,0.385,0.7551,0.3776,2.0,orphan candidate on detector '7' not registered: pulse 0.385s < gate 0.755s
1785690104.383,2026-08-02 11:01:44.382786,201,below_sampling_floor,rule2_orphan_pulse,17:2,17,2,video,video,2,b,1785690104.001,1785690104.366,0.364,0.7551,0.3776,2.0,orphan candidate on detector '2' not registered: pulse 0.364s < gate 0.755s
1785690104.383,2026-08-02 11:01:44.382786,201,below_sampling_floor,rule2_orphan_pulse,2:46,2,46,video,radar,2,a,1785690104.001,1785690104.366,0.364,0.7551,0.3776,2.0,orphan candidate on detector '2' not registered: pulse 0.364s < gate 0.755s
1785690208.209,2026-08-02 11:03:28.209069,201,below_sampling_floor,rule2_orphan_pulse,31:42,42,31,radar,video,31,b,1785690207.834,1785690208.202,0.368,0.7752,0.3876,2.0,orphan candidate on detector '31' not registered: pulse 0.368s < gate 0.775s
1785690212.251,2026-08-02 11:03:32.250830,201,below_sampling_floor,rule2_orphan_pulse,29:43,43,29,radar,video,43,a,1785690211.503,1785690212.242,0.738,0.7752,0.3876,2.0,orphan candidate on detector '43' not registered: pulse 0.738s < gate 0.775s
1785690217.010,2026-08-02 11:03:37.009649,201,below_sampling_floor,rule2_orphan_pulse,3:30,30,3,video,video,3,b,1785690216.251,1785690217.003,0.751,0.7752,0.3876,2.0,orphan candidate on detector '3' not registered: pulse 0.751s < gate 0.775s
1785690217.010,2026-08-02 11:03:37.009649,201,below_sampling_floor,rule2_orphan_pulse,3:41,3,41,video,radar,3,a,1785690216.251,1785690217.003,0.751,0.7752,0.3876,2.0,orphan candidate on detector '3' not registered: pulse 0.751s < gate 0.775s
1785690228.905,2026-08-02 11:03:48.905260,201,below_sampling_floor,rule2_orphan_pulse,17:46,46,17,radar,video,46,a,1785690228.137,1785690228.872,0.736,0.7752,0.3876,2.0,orphan candidate on detector '46' not registered: pulse 0.736s < gate 0.775s
1785690228.905,2026-08-02 11:03:48.905260,201,below_sampling_floor,rule2_orphan_pulse,2:46,2,46,video,radar,46,b,1785690228.137,1785690228.872,0.736,0.7752,0.3876,2.0,orphan candidate on detector '46' not registered: pulse 0.736s < gate 0.775s
1785690230.018,2026-08-02 11:03:50.017746,201,below_sampling_floor,rule2_orphan_pulse,17:46,46,17,radar,video,46,a,1785690229.240,1785690229.972,0.731,0.7752,0.3876,2.0,orphan candidate on detector '46' not registered: pulse 0.731s < gate 0.775s
1785690230.019,2026-08-02 11:03:50.019117,201,below_sampling_floor,rule2_orphan_pulse,2:46,2,46,video,radar,46,b,1785690229.240,1785690229.972,0.731,0.7752,0.3876,2.0,orphan candidate on detector '46' not registered: pulse 0.731s < gate 0.775s
1785690243.825,2026-08-02 11:04:03.825266,201,below_sampling_floor,rule2_orphan_pulse,26:33,33,26,radar,video,33,a,1785690243.044,1785690243.771,0.727,0.74,0.37,2.0,orphan candidate on detector '33' not registered: pulse 0.727s < gate 0.740s
1785690273.792,2026-08-02 11:04:33.791830,201,below_sampling_floor,rule2_orphan_pulse,30:41,41,30,radar,video,30,b,1785690273.402,1785690273.792,0.39,0.74,0.37,2.0,orphan candidate on detector '30' not registered: pulse 0.390s < gate 0.740s
1785690273.792,2026-08-02 11:04:33.791830,201,below_sampling_floor,rule2_orphan_pulse,3:30,30,3,video,video,30,a,1785690273.402,1785690273.792,0.39,0.74,0.37,2.0,orphan candidate on detector '30' not registered: pulse 0.390s < gate 0.740s
1785690277.327,2026-08-02 11:04:37.326930,201,below_sampling_floor,rule2_orphan_pulse,3:30,30,3,video,video,3,b,1785690276.901,1785690277.275,0.374,0.74,0.37,2.0,orphan candidate on detector '3' not registered: pulse 0.374s < gate 0.740s
1785690277.329,2026-08-02 11:04:37.328960,201,below_sampling_floor,rule2_orphan_pulse,3:41,3,41,video,radar,3,a,1785690276.901,1785690277.275,0.374,0.74,0.37,2.0,orphan candidate on detector '3' not registered: pulse 0.374s < gate 0.740s
1785690285.705,2026-08-02 11:04:45.705300,201,below_sampling_floor,rule2_orphan_pulse,26:33,33,26,radar,video,33,a,1785690285.218,1785690285.622,0.404,0.74,0.37,2.0,orphan candidate on detector '33' not registered: pulse 0.404s < gate 0.740s
1785690288.225,2026-08-02 11:04:48.225102,201,below_sampling_floor,rule2_orphan_pulse,26:33,33,26,radar,video,33,a,1785690287.844,1785690288.223,0.379,0.74,0.37,2.0,orphan candidate on detector '33' not registered: pulse 0.379s < gate 0.740s
1785690292.761,2026-08-02 11:04:52.761125,201,below_sampling_floor,rule2_orphan_pulse,26:33,33,26,radar,video,33,a,1785690292.006,1785690292.737,0.732,0.74,0.37,2.0,orphan candidate on detector '33' not registered: pulse 0.732s < gate 0.740s
1785690312.229,2026-08-02 11:05:12.229451,201,below_sampling_floor,rule2_orphan_pulse,17:46,46,17,radar,video,46,a,1785690311.813,1785690312.194,0.381,0.7547,0.3774,2.0,orphan candidate on detector '46' not registered: pulse 0.381s < gate 0.755s
1785690312.231,2026-08-02 11:05:12.231465,201,below_sampling_floor,rule2_orphan_pulse,2:46,2,46,video,radar,46,b,1785690311.813,1785690312.194,0.381,0.7547,0.3774,2.0,orphan candidate on detector '46' not registered: pulse 0.381s < gate 0.755s
1785690313.346,2026-08-02 11:05:13.346291,201,below_sampling_floor,rule2_orphan_pulse,17:2,17,2,video,video,2,b,1785690312.905,1785690313.294,0.389,0.7547,0.3774,2.0,orphan candidate on detector '2' not registered: pulse 0.389s < gate 0.755s
1785690313.348,2026-08-02 11:05:13.347811,201,below_sampling_floor,rule2_orphan_pulse,2:46,2,46,video,radar,2,a,1785690312.905,1785690313.294,0.389,0.7547,0.3774,2.0,orphan candidate on detector '2' not registered: pulse 0.389s < gate 0.755s
1785690318.097,2026-08-02 11:05:18.097177,201,below_sampling_floor,rule2_orphan_pulse,26:33,33,26,radar,video,33,a,1785690317.340,1785690318.087,0.747,0.7547,0.3774,2.0,orphan candidate on detector '33' not registered: pulse 0.747s < gate 0.755s
1785690321.131,2026-08-02 11:05:21.131076,201,below_sampling_floor,rule2_orphan_pulse,26:33,33,26,radar,video,33,a,1785690320.323,1785690321.060,0.738,0.7547,0.3774,2.0,orphan candidate on detector '33' not registered: pulse 0.738s < gate 0.755s
1785690323.652,2026-08-02 11:05:23.652056,201,below_sampling_floor,rule2_orphan_pulse,26:33,33,26,radar,video,33,a,1785690323.287,1785690323.651,0.363,0.7547,0.3774,2.0,orphan candidate on detector '33' not registered: pulse 0.363s < gate 0.755s
1785690325.576,2026-08-02 11:05:25.576015,201,below_sampling_floor,rule2_orphan_pulse,26:33,33,26,radar,video,33,a,1785690324.791,1785690325.537,0.746,0.7547,0.3774,2.0,orphan candidate on detector '33' not registered: pulse 0.746s < gate 0.755s
1785690329.303,2026-08-02 11:05:29.303237,201,below_sampling_floor,rule2_orphan_pulse,26:33,33,26,radar,video,33,a,1785690328.900,1785690329.269,0.368,0.7547,0.3774,2.0,orphan candidate on detector '33' not registered: pulse 0.368s < gate 0.755s
1785690346.341,2026-08-02 11:05:46.341159,201,below_sampling_floor,rule2_orphan_pulse,26:33,33,26,radar,video,33,a,1785690345.931,1785690346.304,0.373,0.7547,0.3774,2.0,orphan candidate on detector '33' not registered: pulse 0.373s < gate 0.755s
1785690366.513,2026-08-02 11:06:06.512679,201,below_sampling_floor,rule2_orphan_pulse,17:2,17,2,video,video,2,b,1785690366.100,1785690366.458,0.358,0.7424,0.3712,2.0,orphan candidate on detector '2' not registered: pulse 0.358s < gate 0.742s
1785690366.513,2026-08-02 11:06:06.512679,201,below_sampling_floor,rule2_orphan_pulse,2:46,2,46,video,radar,2,a,1785690366.100,1785690366.458,0.358,0.7424,0.3712,2.0,orphan candidate on detector '2' not registered: pulse 0.358s < gate 0.742s
1785690366.516,2026-08-02 11:06:06.515734,201,below_sampling_floor,rule2_orphan_pulse,31:42,42,31,radar,video,42,a,1785690366.100,1785690366.458,0.358,0.7424,0.3712,2.0,orphan candidate on detector '42' not registered: pulse 0.358s < gate 0.742s
1785690366.520,2026-08-02 11:06:06.519747,201,below_sampling_floor,rule2_orphan_pulse,42:8,8,42,video,radar,42,b,1785690366.100,1785690366.458,0.358,0.7424,0.3712,2.0,orphan candidate on detector '42' not registered: pulse 0.358s < gate 0.742s
1785690369.142,2026-08-02 11:06:09.142115,201,below_sampling_floor,rule2_orphan_pulse,31:42,42,31,radar,video,42,a,1785690368.704,1785690369.070,0.366,0.7424,0.3712,2.0,orphan candidate on detector '42' not registered: pulse 0.366s < gate 0.742s
1785690369.146,2026-08-02 11:06:09.146178,201,below_sampling_floor,rule2_orphan_pulse,42:8,8,42,video,radar,42,b,1785690368.704,1785690369.070,0.366,0.7424,0.3712,2.0,orphan candidate on detector '42' not registered: pulse 0.366s < gate 0.742s
1785690372.092,2026-08-02 11:06:12.091781,201,below_sampling_floor,rule2_orphan_pulse,29:43,43,29,radar,video,29,b,1785690371.676,1785690372.042,0.366,0.7424,0.3712,2.0,orphan candidate on detector '29' not registered: pulse 0.366s < gate 0.742s
1785690375.427,2026-08-02 11:06:15.427455,201,below_sampling_floor,rule2_orphan_pulse,29:43,43,29,radar,video,29,b,1785690375.003,1785690375.406,0.403,0.7424,0.3712,2.0,orphan candidate on detector '29' not registered: pulse 0.403s < gate 0.742s
1785690388.959,2026-08-02 11:06:28.958818,201,below_sampling_floor,rule2_orphan_pulse,29:43,43,29,radar,video,29,b,1785690388.123,1785690388.858,0.736,0.7424,0.3712,2.0,orphan candidate on detector '29' not registered: pulse 0.736s < gate 0.742s
1785690425.594,2026-08-02 11:07:05.593965,201,below_sampling_floor,rule2_orphan_pulse,17:2,17,2,video,video,2,b,1785690425.126,1785690425.506,0.38,0.7476,0.3738,2.0,orphan candidate on detector '2' not registered: pulse 0.380s < gate 0.748s
1785690425.596,2026-08-02 11:07:05.596201,201,below_sampling_floor,rule2_orphan_pulse,2:46,2,46,video,radar,2,a,1785690425.126,1785690425.506,0.38,0.7476,0.3738,2.0,orphan candidate on detector '2' not registered: pulse 0.380s < gate 0.748s
1785690426.303,2026-08-02 11:07:06.302675,201,below_sampling_floor,rule2_orphan_pulse,17:2,17,2,video,video,2,b,1785690425.873,1785690426.248,0.376,0.7476,0.3738,2.0,orphan candidate on detector '2' not registered: pulse 0.376s < gate 0.748s
1785690426.305,2026-08-02 11:07:06.304686,201,below_sampling_floor,rule2_orphan_pulse,2:46,2,46,video,radar,2,a,1785690425.873,1785690426.248,0.376,0.7476,0.3738,2.0,orphan candidate on detector '2' not registered: pulse 0.376s < gate 0.748s
1785690428.127,2026-08-02 11:07:08.127078,201,below_sampling_floor,rule2_orphan_pulse,31:42,42,31,radar,video,31,b,1785690427.347,1785690428.092,0.745,0.7476,0.3738,2.0,orphan candidate on detector '31' not registered: pulse 0.745s < gate 0.748s
1785690428.128,2026-08-02 11:07:08.128217,201,below_sampling_floor,rule2_orphan_pulse,31:8,31,8,video,video,31,a,1785690427.347,1785690428.092,0.745,0.7476,0.3738,2.0,orphan candidate on detector '31' not registered: pulse 0.745s < gate 0.748s
1785690443.882,2026-08-02 11:07:23.881948,201,below_sampling_floor,rule2_orphan_pulse,3:30,30,3,video,video,3,b,1785690443.097,1785690443.841,0.744,0.7476,0.3738,2.0,orphan candidate on detector '3' not registered: pulse 0.744s < gate 0.748s
1785690443.883,2026-08-02 11:07:23.882964,201,below_sampling_floor,rule2_orphan_pulse,3:41,3,41,video,radar,3,a,1785690443.097,1785690443.841,0.744,0.7476,0.3738,2.0,orphan candidate on detector '3' not registered: pulse 0.744s < gate 0.748s
1785690449.143,2026-08-02 11:07:29.142703,201,below_sampling_floor,rule2_orphan_pulse,3:30,30,3,video,video,3,b,1785690448.334,1785690449.074,0.74,0.7476,0.3738,2.0,orphan candidate on detector '3' not registered: pulse 0.740s < gate 0.748s
1785690449.144,2026-08-02 11:07:29.143842,201,below_sampling_floor,rule2_orphan_pulse,3:41,3,41,video,radar,3,a,1785690448.334,1785690449.074,0.74,0.7476,0.3738,2.0,orphan candidate on detector '3' not registered: pulse 0.740s < gate 0.748s
1785690480.815,2026-08-02 11:08:00.814687,201,below_sampling_floor,rule2_orphan_pulse,31:42,42,31,radar,video,31,b,1785690480.416,1785690480.804,0.389,0.7519,0.376,2.0,orphan candidate on detector '31' not registered: pulse 0.389s < gate 0.752s
1785690493.216,2026-08-02 11:08:13.215626,201,below_sampling_floor,rule2_orphan_pulse,26:33,33,26,radar,video,33,a,1785690492.396,1785690493.126,0.73,0.7519,0.376,2.0,orphan candidate on detector '33' not registered: pulse 0.730s < gate 0.752s
1785690528.957,2026-08-02 11:08:48.957283,201,below_sampling_floor,rule2_orphan_pulse,29:43,43,29,radar,video,43,a,1785690528.564,1785690528.928,0.364,0.7519,0.376,2.0,orphan candidate on detector '43' not registered: pulse 0.364s < gate 0.752s
1785690542.592,2026-08-02 11:09:02.591595,201,below_sampling_floor,rule2_orphan_pulse,29:43,43,29,radar,video,43,a,1785690542.112,1785690542.495,0.383,0.8025,0.4013,2.0,orphan candidate on detector '43' not registered: pulse 0.383s < gate 0.803s
1785690543.705,2026-08-02 11:09:03.705210,201,below_sampling_floor,rule2_orphan_pulse,31:42,42,31,radar,video,31,b,1785690543.214,1785690543.609,0.395,0.8025,0.4013,2.0,orphan candidate on detector '31' not registered: pulse 0.395s < gate 0.803s
1785690543.705,2026-08-02 11:09:03.705210,201,below_sampling_floor,rule2_orphan_pulse,31:8,31,8,video,video,31,a,1785690543.214,1785690543.609,0.395,0.8025,0.4013,2.0,orphan candidate on detector '31' not registered: pulse 0.395s < gate 0.803s
1785690544.012,2026-08-02 11:09:04.011971,201,below_sampling_floor,rule2_orphan_pulse,31:8,31,8,video,video,8,b,1785690543.214,1785690544.001,0.787,0.8025,0.4013,2.0,orphan candidate on detector '8' not registered: pulse 0.787s < gate 0.803s
1785690544.012,2026-08-02 11:09:04.011971,201,below_sampling_floor,rule2_orphan_pulse,42:8,8,42,video,radar,8,a,1785690543.214,1785690544.001,0.787,0.8025,0.4013,2.0,orphan candidate on detector '8' not registered: pulse 0.787s < gate 0.803s
1785690566.840,2026-08-02 11:09:26.840311,201,below_sampling_floor,rule2_orphan_pulse,26:33,33,26,radar,video,33,a,1785690565.248,1785690565.616,0.368,0.8025,0.4013,2.0,orphan candidate on detector '33' not registered: pulse 0.368s < gate 0.803s
1785690577.830,2026-08-02 11:09:37.829798,201,below_sampling_floor,rule2_orphan_pulse,31:42,42,31,radar,video,42,a,1785690577.000,1785690577.738,0.738,0.8025,0.4013,2.0,orphan candidate on detector '42' not registered: pulse 0.738s < gate 0.803s
1785690577.831,2026-08-02 11:09:37.831053,201,below_sampling_floor,rule2_orphan_pulse,42:8,8,42,video,radar,42,b,1785690577.000,1785690577.738,0.738,0.8025,0.4013,2.0,orphan candidate on detector '42' not registered: pulse 0.738s < gate 0.803s
1785690585.107,2026-08-02 11:09:45.106586,201,below_sampling_floor,rule2_orphan_pulse,26:33,33,26,radar,video,33,a,1785690584.632,1785690585.015,0.383,0.8025,0.4013,2.0,orphan candidate on detector '33' not registered: pulse 0.383s < gate 0.803s
1785690587.325,2026-08-02 11:09:47.325181,201,below_sampling_floor,rule2_orphan_pulse,26:33,33,26,radar,video,33,a,1785690586.916,1785690587.281,0.366,0.8025,0.4013,2.0,orphan candidate on detector '33' not registered: pulse 0.366s < gate 0.803s
1785690599.838,2026-08-02 11:09:59.838332,201,below_sampling_floor,rule2_orphan_pulse,29:43,43,29,radar,video,43,a,1785690599.019,1785690599.748,0.729,0.7701,0.385,2.0,orphan candidate on detector '43' not registered: pulse 0.729s < gate 0.770s
1785690602.865,2026-08-02 11:10:02.864594,201,below_sampling_floor,rule2_orphan_pulse,26:33,33,26,radar,video,33,a,1785690602.065,1785690602.834,0.769,0.7701,0.385,2.0,orphan candidate on detector '33' not registered: pulse 0.769s < gate 0.770s
1785690616.085,2026-08-02 11:10:16.085451,201,below_sampling_floor,rule2_orphan_pulse,26:33,33,26,radar,video,33,a,1785690615.251,1785690616.014,0.763,0.7701,0.385,2.0,orphan candidate on detector '33' not registered: pulse 0.763s < gate 0.770s
1785690648.250,2026-08-02 11:10:48.250223,201,below_sampling_floor,rule2_orphan_pulse,17:2,17,2,video,video,2,b,1785690647.787,1785690648.165,0.378,0.7701,0.385,2.0,orphan candidate on detector '2' not registered: pulse 0.378s < gate 0.770s
1785690648.252,2026-08-02 11:10:48.252254,201,below_sampling_floor,rule2_orphan_pulse,2:46,2,46,video,radar,2,a,1785690647.787,1785690648.165,0.378,0.7701,0.385,2.0,orphan candidate on detector '2' not registered: pulse 0.378s < gate 0.770s
1785690660.463,2026-08-02 11:11:00.463427,201,below_sampling_floor,rule2_orphan_pulse,29:43,43,29,radar,video,43,a,1785690659.716,1785690660.457,0.741,0.75,0.375,2.0,orphan candidate on detector '43' not registered: pulse 0.741s < gate 0.750s
1785690666.930,2026-08-02 11:11:06.930431,201,below_sampling_floor,rule2_orphan_pulse,17:2,17,2,video,video,2,b,1785690666.447,1785690666.831,0.385,0.75,0.375,2.0,orphan candidate on detector '2' not registered: pulse 0.385s < gate 0.750s
1785690666.933,2026-08-02 11:11:06.932774,201,below_sampling_floor,rule2_orphan_pulse,2:46,2,46,video,radar,2,a,1785690666.447,1785690666.831,0.385,0.75,0.375,2.0,orphan candidate on detector '2' not registered: pulse 0.385s < gate 0.750s
1785690699.761,2026-08-02 11:11:39.760558,201,below_sampling_floor,rule2_orphan_pulse,29:43,43,29,radar,video,43,a,1785690699.366,1785690699.732,0.366,0.75,0.375,2.0,orphan candidate on detector '43' not registered: pulse 0.366s < gate 0.750s
1785692132.149,2026-08-02 11:35:32.149380,201,below_sampling_floor,rule2_orphan_pulse,17:46,46,17,radar,video,46,a,1785692131.756,1785692132.102,0.345,12.6758,6.3379,2.0,orphan candidate on detector '46' not registered: pulse 0.345s < gate 12.676s
1785692132.149,2026-08-02 11:35:32.149380,201,below_sampling_floor,rule2_orphan_pulse,2:46,2,46,video,radar,46,b,1785692131.756,1785692132.102,0.345,12.6758,6.3379,2.0,orphan candidate on detector '46' not registered: pulse 0.345s < gate 12.676s
1785692132.151,2026-08-02 11:35:32.151416,201,below_sampling_floor,rule2_orphan_pulse,26:33,33,26,radar,video,33,a,1785692131.756,1785692132.102,0.345,12.6758,6.3379,2.0,orphan candidate on detector '33' not registered: pulse 0.345s < gate 12.676s
1785692133.159,2026-08-02 11:35:33.159273,201,below_sampling_floor,rule2_orphan_pulse,17:46,46,17,radar,video,17,b,1785692131.756,1785692133.091,1.335,12.6758,6.3379,2.0,orphan candidate on detector '17' not registered: pulse 1.335s < gate 12.676s
1785692133.159,2026-08-02 11:35:33.159273,201,below_sampling_floor,rule2_orphan_pulse,17:2,17,2,video,video,17,a,1785692131.756,1785692133.091,1.335,12.6758,6.3379,2.0,orphan candidate on detector '17' not registered: pulse 1.335s < gate 12.676s
1785692133.465,2026-08-02 11:35:33.465239,201,below_sampling_floor,rule2_orphan_pulse,17:2,17,2,video,video,2,b,1785692132.102,1785692133.421,1.32,12.6758,6.3379,2.0,orphan candidate on detector '2' not registered: pulse 1.320s < gate 12.676s
1785692133.467,2026-08-02 11:35:33.466997,201,below_sampling_floor,rule2_orphan_pulse,2:46,2,46,video,radar,2,a,1785692132.102,1785692133.421,1.32,12.6758,6.3379,2.0,orphan candidate on detector '2' not registered: pulse 1.320s < gate 12.676s
1785692150.596,2026-08-02 11:35:50.596112,201,below_sampling_floor,rule2_orphan_pulse,29:43,43,29,radar,video,29,b,1785692149.849,1785692150.527,0.678,12.6758,6.3379,2.0,orphan candidate on detector '29' not registered: pulse 0.678s < gate 12.676s
1785692151.304,2026-08-02 11:35:51.304383,201,below_sampling_floor,rule2_orphan_pulse,29:43,43,29,radar,video,29,b,1785692150.849,1785692151.211,0.362,12.6758,6.3379,2.0,orphan candidate on detector '29' not registered: pulse 0.362s < gate 12.676s
1785692151.609,2026-08-02 11:35:51.609470,201,below_sampling_floor,rule2_orphan_pulse,24:7,24,7,video,video,7,b,1785692148.536,1785692151.526,2.99,12.6758,6.3379,2.0,orphan candidate on detector '7' not registered: pulse 2.990s < gate 12.676s
1785692151.609,2026-08-02 11:35:51.609470,201,below_sampling_floor,rule2_orphan_pulse,38:7,7,38,video,radar,7,a,1785692148.536,1785692151.526,2.99,12.6758,6.3379,2.0,orphan candidate on detector '7' not registered: pulse 2.990s < gate 12.676s
1785692153.223,2026-08-02 11:35:53.222768,201,below_sampling_floor,rule2_orphan_pulse,29:43,43,29,radar,video,29,b,1785692151.849,1785692153.199,1.35,12.6758,6.3379,2.0,orphan candidate on detector '29' not registered: pulse 1.350s < gate 12.676s
1785692154.231,2026-08-02 11:35:54.231287,201,below_sampling_floor,rule2_orphan_pulse,29:43,43,29,radar,video,29,b,1785692153.854,1785692154.184,0.329,12.6758,6.3379,2.0,orphan candidate on detector '29' not registered: pulse 0.329s < gate 12.676s
1785692221.295,2026-08-02 11:37:01.295319,201,below_sampling_floor,rule2_orphan_pulse,30:41,41,30,radar,video,30,b,1785692220.943,1785692221.276,0.333,0.6692,0.3346,2.0,orphan candidate on detector '30' not registered: pulse 0.333s < gate 0.669s
1785692221.295,2026-08-02 11:37:01.295319,201,below_sampling_floor,rule2_orphan_pulse,3:30,30,3,video,video,30,a,1785692220.943,1785692221.276,0.333,0.6692,0.3346,2.0,orphan candidate on detector '30' not registered: pulse 0.333s < gate 0.669s
1785692226.486,2026-08-02 11:37:06.486461,201,below_sampling_floor,rule2_orphan_pulse,26:33,33,26,radar,video,33,a,1785692225.818,1785692226.460,0.642,0.6692,0.3346,2.0,orphan candidate on detector '33' not registered: pulse 0.642s < gate 0.669s
1785692236.102,2026-08-02 11:37:16.101875,201,below_sampling_floor,rule2_orphan_pulse,26:33,33,26,radar,video,33,a,1785692235.372,1785692236.003,0.631,0.6692,0.3346,2.0,orphan candidate on detector '33' not registered: pulse 0.631s < gate 0.669s
1785692238.026,2026-08-02 11:37:18.025799,201,below_sampling_floor,rule2_orphan_pulse,26:33,33,26,radar,video,33,a,1785692237.626,1785692237.950,0.323,0.6692,0.3346,2.0,orphan candidate on detector '33' not registered: pulse 0.323s < gate 0.669s
1785692241.264,2026-08-02 11:37:21.263937,201,below_sampling_floor,rule2_orphan_pulse,26:33,33,26,radar,video,33,a,1785692240.527,1785692241.165,0.638,0.6692,0.3346,2.0,orphan candidate on detector '33' not registered: pulse 0.638s < gate 0.669s
1785692243.186,2026-08-02 11:37:23.186194,201,below_sampling_floor,rule2_orphan_pulse,26:33,33,26,radar,video,33,a,1785692242.516,1785692243.148,0.632,0.6692,0.3346,2.0,orphan candidate on detector '33' not registered: pulse 0.632s < gate 0.669s
1785692245.710,2026-08-02 11:37:25.709922,201,below_sampling_floor,rule2_orphan_pulse,26:33,33,26,radar,video,33,a,1785692245.378,1785692245.710,0.331,0.6692,0.3346,2.0,orphan candidate on detector '33' not registered: pulse 0.331s < gate 0.669s
1785692247.025,2026-08-02 11:37:27.024570,201,below_sampling_floor,rule2_orphan_pulse,26:33,33,26,radar,video,33,a,1785692246.351,1785692246.990,0.639,0.6692,0.3346,2.0,orphan candidate on detector '33' not registered: pulse 0.639s < gate 0.669s
1785692249.945,2026-08-02 11:37:29.944896,201,below_sampling_floor,rule2_orphan_pulse,26:33,33,26,radar,video,33,a,1785692249.289,1785692249.945,0.656,0.6692,0.3346,2.0,orphan candidate on detector '33' not registered: pulse 0.656s < gate 0.669s
1785692252.910,2026-08-02 11:37:32.909754,201,below_sampling_floor,rule2_orphan_pulse,26:33,33,26,radar,video,33,a,1785692252.555,1785692252.879,0.323,0.6692,0.3346,2.0,orphan candidate on detector '33' not registered: pulse 0.323s < gate 0.669s
1785692255.531,2026-08-02 11:37:35.530989,201,below_sampling_floor,rule2_orphan_pulse,26:33,33,26,radar,video,33,a,1785692255.140,1785692255.457,0.316,0.6692,0.3346,2.0,orphan candidate on detector '33' not registered: pulse 0.316s < gate 0.669s
1785692319.282,2026-08-02 11:38:39.282381,201,below_sampling_floor,rule2_orphan_pulse,30:41,41,30,radar,video,30,b,1785692318.919,1785692319.243,0.323,0.6594,0.3297,2.0,orphan candidate on detector '30' not registered: pulse 0.323s < gate 0.659s
1785692319.282,2026-08-02 11:38:39.282381,201,below_sampling_floor,rule2_orphan_pulse,3:30,30,3,video,video,30,a,1785692318.919,1785692319.243,0.323,0.6594,0.3297,2.0,orphan candidate on detector '30' not registered: pulse 0.323s < gate 0.659s
1785692322.615,2026-08-02 11:38:42.615070,201,below_sampling_floor,rule2_orphan_pulse,29:43,43,29,radar,video,29,b,1785692322.184,1785692322.515,0.331,0.6594,0.3297,2.0,orphan candidate on detector '29' not registered: pulse 0.331s < gate 0.659s
1785692379.311,2026-08-02 11:39:39.311274,201,below_sampling_floor,rule2_orphan_pulse,26:33,33,26,radar,video,33,a,1785692378.570,1785692379.223,0.653,0.6657,0.3329,2.0,orphan candidate on detector '33' not registered: pulse 0.653s < gate 0.666s
1785692418.713,2026-08-02 11:40:18.712898,201,below_sampling_floor,rule2_orphan_pulse,26:33,33,26,radar,video,33,a,1785692418.294,1785692418.624,0.33,0.6455,0.3228,2.0,orphan candidate on detector '33' not registered: pulse 0.330s < gate 0.646s
1785692432.130,2026-08-02 11:40:32.129666,201,below_sampling_floor,rule2_orphan_pulse,26:33,33,26,radar,video,33,a,1785692431.449,1785692432.090,0.641,0.6455,0.3228,2.0,orphan candidate on detector '33' not registered: pulse 0.641s < gate 0.646s
1785692444.264,2026-08-02 11:40:44.263536,201,below_sampling_floor,rule2_orphan_pulse,26:33,33,26,radar,video,33,a,1785692443.605,1785692444.241,0.636,0.6455,0.3228,2.0,orphan candidate on detector '33' not registered: pulse 0.636s < gate 0.646s
1785692446.288,2026-08-02 11:40:46.288115,201,below_sampling_floor,rule2_orphan_pulse,26:33,33,26,radar,video,33,a,1785692445.558,1785692446.199,0.641,0.6455,0.3228,2.0,orphan candidate on detector '33' not registered: pulse 0.641s < gate 0.646s
1785692456.081,2026-08-02 11:40:56.080518,201,below_sampling_floor,rule2_orphan_pulse,26:33,33,26,radar,video,33,a,1785692455.742,1785692456.076,0.335,0.6608,0.3304,2.0,orphan candidate on detector '33' not registered: pulse 0.335s < gate 0.661s
1785692456.484,2026-08-02 11:40:56.484256,201,below_sampling_floor,rule2_orphan_pulse,17:46,46,17,radar,video,46,a,1785692455.742,1785692456.392,0.65,0.6608,0.3304,2.0,orphan candidate on detector '46' not registered: pulse 0.650s < gate 0.661s
1785692469.489,2026-08-02 11:41:09.488699,201,below_sampling_floor,rule2_orphan_pulse,26:33,33,26,radar,video,33,a,1785692469.074,1785692469.412,0.338,0.6608,0.3304,2.0,orphan candidate on detector '33' not registered: pulse 0.338s < gate 0.661s
1785692470.903,2026-08-02 11:41:10.903267,201,below_sampling_floor,rule2_orphan_pulse,26:33,33,26,radar,video,33,a,1785692470.528,1785692470.895,0.367,0.6608,0.3304,2.0,orphan candidate on detector '33' not registered: pulse 0.367s < gate 0.661s
1785692473.023,2026-08-02 11:41:13.023488,201,below_sampling_floor,rule2_orphan_pulse,26:33,33,26,radar,video,33,a,1785692472.334,1785692472.979,0.646,0.6608,0.3304,2.0,orphan candidate on detector '33' not registered: pulse 0.646s < gate 0.661s
1785692545.759,2026-08-02 11:42:25.759259,201,below_sampling_floor,rule2_orphan_pulse,31:42,42,31,radar,video,31,b,1785692545.348,1785692545.663,0.315,0.6455,0.3227,2.0,orphan candidate on detector '31' not registered: pulse 0.315s < gate 0.645s
1785692545.759,2026-08-02 11:42:25.759259,201,below_sampling_floor,rule2_orphan_pulse,31:8,31,8,video,video,31,a,1785692545.348,1785692545.663,0.315,0.6455,0.3227,2.0,orphan candidate on detector '31' not registered: pulse 0.315s < gate 0.645s
1785692599.725,2026-08-02 11:43:19.724583,201,below_sampling_floor,rule2_orphan_pulse,26:33,33,26,radar,video,33,a,1785692598.989,1785692599.632,0.643,0.6597,0.3298,2.0,orphan candidate on detector '33' not registered: pulse 0.643s < gate 0.660s
1785692608.112,2026-08-02 11:43:28.112035,201,below_sampling_floor,rule2_orphan_pulse,26:33,33,26,radar,video,33,a,1785692607.394,1785692608.040,0.646,0.6597,0.3298,2.0,orphan candidate on detector '33' not registered: pulse 0.646s < gate 0.660s
1785692609.727,2026-08-02 11:43:29.727316,201,below_sampling_floor,rule2_orphan_pulse,26:33,33,26,radar,video,33,a,1785692609.037,1785692609.672,0.636,0.6597,0.3298,2.0,orphan candidate on detector '33' not registered: pulse 0.636s < gate 0.660s
1785692613.960,2026-08-02 11:43:33.959768,201,below_sampling_floor,rule2_orphan_pulse,26:33,33,26,radar,video,33,a,1785692613.226,1785692613.865,0.639,0.6597,0.3298,2.0,orphan candidate on detector '33' not registered: pulse 0.639s < gate 0.660s
1785692626.276,2026-08-02 11:43:46.276430,201,below_sampling_floor,rule2_orphan_pulse,17:2,17,2,video,video,2,b,1785692625.573,1785692626.228,0.655,0.6597,0.3298,2.0,orphan candidate on detector '2' not registered: pulse 0.655s < gate 0.660s
1785692626.276,2026-08-02 11:43:46.276430,201,below_sampling_floor,rule2_orphan_pulse,2:46,2,46,video,radar,2,a,1785692625.573,1785692626.228,0.655,0.6597,0.3298,2.0,orphan candidate on detector '2' not registered: pulse 0.655s < gate 0.660s
1785692699.386,2026-08-02 11:44:59.386179,201,below_sampling_floor,rule2_orphan_pulse,29:43,43,29,radar,video,29,b,1785692698.976,1785692699.316,0.34,0.6529,0.3264,2.0,orphan candidate on detector '29' not registered: pulse 0.340s < gate 0.653s
1785692699.386,2026-08-02 11:44:59.386179,201,below_sampling_floor,rule2_orphan_pulse,31:42,42,31,radar,video,31,b,1785692698.976,1785692699.316,0.34,0.6529,0.3264,2.0,orphan candidate on detector '31' not registered: pulse 0.340s < gate 0.653s
1785692699.386,2026-08-02 11:44:59.386179,201,below_sampling_floor,rule2_orphan_pulse,31:8,31,8,video,video,31,a,1785692698.976,1785692699.316,0.34,0.6529,0.3264,2.0,orphan candidate on detector '31' not registered: pulse 0.340s < gate 0.653s
1785692700.399,2026-08-02 11:45:00.398763,201,below_sampling_floor,rule2_orphan_pulse,26:33,33,26,radar,video,33,a,1785692699.975,1785692700.316,0.341,0.6529,0.3264,2.0,orphan candidate on detector '33' not registered: pulse 0.341s < gate 0.653s
1785692750.944,2026-08-02 11:45:50.944376,201,below_sampling_floor,rule2_orphan_pulse,26:33,33,26,radar,video,33,a,1785692748.968,1785692749.612,0.644,0.6529,0.3264,2.0,orphan candidate on detector '33' not registered: pulse 0.644s < gate 0.653s
1785692885.391,2026-08-02 11:48:05.391480,201,below_sampling_floor,rule2_orphan_pulse,26:33,33,26,radar,video,26,b,1785692884.992,1785692885.324,0.332,0.656,0.328,2.0,orphan candidate on detector '26' not registered: pulse 0.332s < gate 0.656s
1785692900.930,2026-08-02 11:48:20.930176,201,below_sampling_floor,rule2_orphan_pulse,31:42,42,31,radar,video,42,a,1785692900.526,1785692900.849,0.323,0.656,0.328,2.0,orphan candidate on detector '42' not registered: pulse 0.323s < gate 0.656s
1785692901.942,2026-08-02 11:48:21.942305,201,below_sampling_floor,rule2_orphan_pulse,31:42,42,31,radar,video,31,b,1785692901.521,1785692901.843,0.322,0.656,0.328,2.0,orphan candidate on detector '31' not registered: pulse 0.322s < gate 0.656s
1785692908.095,2026-08-02 11:48:28.095237,201,below_sampling_floor,rule2_orphan_pulse,31:42,42,31,radar,video,31,b,1785692907.771,1785692908.095,0.325,0.656,0.328,2.0,orphan candidate on detector '31' not registered: pulse 0.325s < gate 0.656s
1785692908.805,2026-08-02 11:48:28.805309,201,below_sampling_floor,rule2_orphan_pulse,31:42,42,31,radar,video,31,b,1785692908.422,1785692908.749,0.326,0.656,0.328,2.0,orphan candidate on detector '31' not registered: pulse 0.326s < gate 0.656s
1785692909.814,2026-08-02 11:48:29.814213,201,below_sampling_floor,rule2_orphan_pulse,31:42,42,31,radar,video,31,b,1785692909.396,1785692909.721,0.325,0.656,0.328,2.0,orphan candidate on detector '31' not registered: pulse 0.325s < gate 0.656s
1785692912.634,2026-08-02 11:48:32.634288,201,below_sampling_floor,rule2_orphan_pulse,3:30,30,3,video,video,3,b,1785692912.297,1785692912.620,0.323,0.656,0.328,2.0,orphan candidate on detector '3' not registered: pulse 0.323s < gate 0.656s
1785692912.635,2026-08-02 11:48:32.635293,201,below_sampling_floor,rule2_orphan_pulse,3:41,3,41,video,radar,3,a,1785692912.297,1785692912.620,0.323,0.656,0.328,2.0,orphan candidate on detector '3' not registered: pulse 0.323s < gate 0.656s
1785692949.789,2026-08-02 11:49:09.789282,201,below_sampling_floor,rule2_orphan_pulse,26:33,33,26,radar,video,33,a,1785692949.065,1785692949.728,0.663,0.6722,0.3361,2.0,orphan candidate on detector '33' not registered: pulse 0.663s < gate 0.672s
1785692974.883,2026-08-02 11:49:34.883289,201,below_sampling_floor,rule2_orphan_pulse,31:8,31,8,video,video,31,a,1785692909.396,1785692909.721,0.325,0.6722,0.3361,2.0,orphan candidate on detector '31' not registered: pulse 0.325s < gate 0.672s
1785693017.614,2026-08-02 11:50:17.614494,201,below_sampling_floor,rule2_orphan_pulse,17:46,46,17,radar,video,17,b,1785693016.920,1785693017.566,0.646,0.6661,0.3331,2.0,orphan candidate on detector '17' not registered: pulse 0.646s < gate 0.666s
1785693017.614,2026-08-02 11:50:17.614494,201,below_sampling_floor,rule2_orphan_pulse,17:2,17,2,video,video,17,a,1785693016.920,1785693017.566,0.646,0.6661,0.3331,2.0,orphan candidate on detector '17' not registered: pulse 0.646s < gate 0.666s
1785693026.489,2026-08-02 11:50:26.488635,201,below_sampling_floor,rule2_orphan_pulse,3:30,30,3,video,video,3,b,1785693026.050,1785693026.414,0.365,0.6661,0.3331,2.0,orphan candidate on detector '3' not registered: pulse 0.365s < gate 0.666s
1785693026.493,2026-08-02 11:50:26.492651,201,below_sampling_floor,rule2_orphan_pulse,3:41,3,41,video,radar,3,a,1785693026.050,1785693026.414,0.365,0.6661,0.3331,2.0,orphan candidate on detector '3' not registered: pulse 0.365s < gate 0.666s
1785693068.864,2026-08-02 11:51:08.864438,201,below_sampling_floor,rule2_orphan_pulse,26:33,33,26,radar,video,33,a,1785693068.155,1785693068.800,0.644,0.6563,0.3282,2.0,orphan candidate on detector '33' not registered: pulse 0.644s < gate 0.656s
1785693083.808,2026-08-02 11:51:23.807555,201,below_sampling_floor,rule2_orphan_pulse,26:33,33,26,radar,video,33,a,1785693083.121,1785693083.737,0.616,0.6563,0.3282,2.0,orphan candidate on detector '33' not registered: pulse 0.616s < gate 0.656s
1785693088.655,2026-08-02 11:51:28.654992,201,below_sampling_floor,rule2_orphan_pulse,26:33,33,26,radar,video,33,a,1785693087.970,1785693088.610,0.641,0.6563,0.3282,2.0,orphan candidate on detector '33' not registered: pulse 0.641s < gate 0.656s
1785693090.877,2026-08-02 11:51:30.876621,201,below_sampling_floor,rule2_orphan_pulse,26:33,33,26,radar,video,33,a,1785693090.542,1785693090.872,0.33,0.6563,0.3282,2.0,orphan candidate on detector '33' not registered: pulse 0.330s < gate 0.656s
1785693092.903,2026-08-02 11:51:32.902848,201,below_sampling_floor,rule2_orphan_pulse,26:33,33,26,radar,video,33,a,1785693092.495,1785693092.816,0.322,0.6563,0.3282,2.0,orphan candidate on detector '33' not registered: pulse 0.322s < gate 0.656s
1785693098.340,2026-08-02 11:51:38.340093,201,below_sampling_floor,rule2_orphan_pulse,26:33,33,26,radar,video,33,a,1785693097.667,1785693098.302,0.635,0.6563,0.3282,2.0,orphan candidate on detector '33' not registered: pulse 0.635s < gate 0.656s
1785693112.553,2026-08-02 11:51:52.553129,201,below_sampling_floor,rule2_orphan_pulse,26:33,33,26,radar,video,33,a,1785693111.811,1785693112.454,0.643,0.6563,0.3282,2.0,orphan candidate on detector '33' not registered: pulse 0.643s < gate 0.656s
1785693115.578,2026-08-02 11:51:55.577919,201,below_sampling_floor,rule2_orphan_pulse,26:33,33,26,radar,video,33,a,1785693115.223,1785693115.554,0.331,0.6563,0.3282,2.0,orphan candidate on detector '33' not registered: pulse 0.331s < gate 0.656s
1785693117.597,2026-08-02 11:51:57.597153,201,below_sampling_floor,rule2_orphan_pulse,26:33,33,26,radar,video,33,a,1785693116.892,1785693117.565,0.672,0.683,0.3415,2.0,orphan candidate on detector '33' not registered: pulse 0.672s < gate 0.683s
1785693122.841,2026-08-02 11:52:02.840799,201,below_sampling_floor,rule2_orphan_pulse,26:33,33,26,radar,video,33,a,1785693122.117,1785693122.772,0.655,0.683,0.3415,2.0,orphan candidate on detector '33' not registered: pulse 0.655s < gate 0.683s
1785693135.661,2026-08-02 11:52:15.661415,201,below_sampling_floor,rule2_orphan_pulse,26:33,33,26,radar,video,33,a,1785693134.961,1785693135.589,0.629,0.683,0.3415,2.0,orphan candidate on detector '33' not registered: pulse 0.629s < gate 0.683s
1785693143.251,2026-08-02 11:52:23.250678,201,below_sampling_floor,rule2_orphan_pulse,26:33,33,26,radar,video,33,a,1785693142.902,1785693143.227,0.324,0.683,0.3415,2.0,orphan candidate on detector '33' not registered: pulse 0.324s < gate 0.683s
1785693147.896,2026-08-02 11:52:27.896270,201,below_sampling_floor,rule2_orphan_pulse,26:33,33,26,radar,video,33,a,1785693147.556,1785693147.858,0.302,0.683,0.3415,2.0,orphan candidate on detector '33' not registered: pulse 0.302s < gate 0.683s
1785693150.815,2026-08-02 11:52:30.815190,201,below_sampling_floor,rule2_orphan_pulse,26:33,33,26,radar,video,33,a,1785693150.129,1785693150.777,0.648,0.683,0.3415,2.0,orphan candidate on detector '33' not registered: pulse 0.648s < gate 0.683s
1785693154.142,2026-08-02 11:52:34.141507,201,below_sampling_floor,rule2_orphan_pulse,26:33,33,26,radar,video,33,a,1785693153.720,1785693154.040,0.32,0.683,0.3415,2.0,orphan candidate on detector '33' not registered: pulse 0.320s < gate 0.683s
1785693155.754,2026-08-02 11:52:35.754061,201,below_sampling_floor,rule2_orphan_pulse,17:46,46,17,radar,video,46,a,1785693155.019,1785693155.669,0.65,0.683,0.3415,2.0,orphan candidate on detector '46' not registered: pulse 0.650s < gate 0.683s
1785693155.757,2026-08-02 11:52:35.756977,201,below_sampling_floor,rule2_orphan_pulse,2:46,2,46,video,radar,46,b,1785693155.019,1785693155.669,0.65,0.683,0.3415,2.0,orphan candidate on detector '46' not registered: pulse 0.650s < gate 0.683s
1785693157.370,2026-08-02 11:52:37.370037,201,below_sampling_floor,rule2_orphan_pulse,26:33,33,26,radar,video,33,a,1785693156.990,1785693157.314,0.324,0.683,0.3415,2.0,orphan candidate on detector '33' not registered: pulse 0.324s < gate 0.683s
1785693162.919,2026-08-02 11:52:42.919265,201,below_sampling_floor,rule2_orphan_pulse,26:33,33,26,radar,video,33,a,1785693162.215,1785693162.883,0.669,0.683,0.3415,2.0,orphan candidate on detector '33' not registered: pulse 0.669s < gate 0.683s
1785693184.915,2026-08-02 11:53:04.915169,201,below_sampling_floor,rule2_orphan_pulse,26:33,33,26,radar,video,33,a,1785693184.540,1785693184.860,0.319,0.651,0.3255,2.0,orphan candidate on detector '33' not registered: pulse 0.319s < gate 0.651s
1785693205.899,2026-08-02 11:53:25.899261,201,below_sampling_floor,rule2_orphan_pulse,31:42,42,31,radar,video,42,a,1785693205.476,1785693205.812,0.336,0.651,0.3255,2.0,orphan candidate on detector '42' not registered: pulse 0.336s < gate 0.651s
1785693205.899,2026-08-02 11:53:25.899261,201,below_sampling_floor,rule2_orphan_pulse,42:8,8,42,video,radar,42,b,1785693205.476,1785693205.812,0.336,0.651,0.3255,2.0,orphan candidate on detector '42' not registered: pulse 0.336s < gate 0.651s
1785693210.044,2026-08-02 11:53:30.043925,201,below_sampling_floor,rule2_orphan_pulse,24:7,24,7,video,video,7,b,1785693209.353,1785693209.990,0.637,0.651,0.3255,2.0,orphan candidate on detector '7' not registered: pulse 0.637s < gate 0.651s
1785693210.044,2026-08-02 11:53:30.043925,201,below_sampling_floor,rule2_orphan_pulse,38:7,7,38,video,radar,7,a,1785693209.353,1785693209.990,0.637,0.651,0.3255,2.0,orphan candidate on detector '7' not registered: pulse 0.637s < gate 0.651s
1785693215.502,2026-08-02 11:53:35.501716,201,below_sampling_floor,rule2_orphan_pulse,29:43,43,29,radar,video,29,b,1785693215.174,1785693215.494,0.32,0.651,0.3255,2.0,orphan candidate on detector '29' not registered: pulse 0.320s < gate 0.651s
1785693217.820,2026-08-02 11:53:37.820091,201,below_sampling_floor,rule2_orphan_pulse,29:43,43,29,radar,video,29,b,1785693217.119,1785693217.750,0.631,0.651,0.3255,2.0,orphan candidate on detector '29' not registered: pulse 0.631s < gate 0.651s
1785693218.737,2026-08-02 11:53:38.736827,201,below_sampling_floor,rule2_orphan_pulse,29:43,43,29,radar,video,29,b,1785693218.391,1785693218.714,0.323,0.651,0.3255,2.0,orphan candidate on detector '29' not registered: pulse 0.323s < gate 0.651s
1785693231.439,2026-08-02 11:53:51.438678,201,below_sampling_floor,rule2_orphan_pulse,29:43,43,29,radar,video,29,b,1785693231.072,1785693231.396,0.324,0.651,0.3255,2.0,orphan candidate on detector '29' not registered: pulse 0.324s < gate 0.651s
1785693234.065,2026-08-02 11:53:54.065177,201,below_sampling_floor,rule2_orphan_pulse,29:43,43,29,radar,video,29,b,1785693233.655,1785693233.979,0.324,0.651,0.3255,2.0,orphan candidate on detector '29' not registered: pulse 0.324s < gate 0.651s
1785693300.414,2026-08-02 11:55:00.413551,201,below_sampling_floor,rule2_orphan_pulse,17:2,17,2,video,video,2,b,1785693299.997,1785693300.320,0.322,0.6513,0.3256,2.0,orphan candidate on detector '2' not registered: pulse 0.322s < gate 0.651s
1785693300.414,2026-08-02 11:55:00.413551,201,below_sampling_floor,rule2_orphan_pulse,2:46,2,46,video,radar,2,a,1785693299.997,1785693300.320,0.322,0.6513,0.3256,2.0,orphan candidate on detector '2' not registered: pulse 0.322s < gate 0.651s
1785693315.348,2026-08-02 11:55:15.347957,201,below_sampling_floor,rule2_orphan_pulse,31:42,42,31,radar,video,31,b,1785693314.613,1785693315.249,0.636,0.6513,0.3256,2.0,orphan candidate on detector '31' not registered: pulse 0.636s < gate 0.651s
1785693315.350,2026-08-02 11:55:15.350441,201,below_sampling_floor,rule2_orphan_pulse,31:8,31,8,video,video,31,a,1785693314.613,1785693315.249,0.636,0.6513,0.3256,2.0,orphan candidate on detector '31' not registered: pulse 0.636s < gate 0.651s
1785693318.283,2026-08-02 11:55:18.282826,201,below_sampling_floor,rule2_orphan_pulse,31:42,42,31,radar,video,31,b,1785693317.863,1785693318.193,0.33,0.6513,0.3256,2.0,orphan candidate on detector '31' not registered: pulse 0.330s < gate 0.651s
1785693318.283,2026-08-02 11:55:18.283353,201,below_sampling_floor,rule2_orphan_pulse,31:8,31,8,video,video,31,a,1785693317.863,1785693318.193,0.33,0.6513,0.3256,2.0,orphan candidate on detector '31' not registered: pulse 0.330s < gate 0.651s
1785693348.139,2026-08-02 11:55:48.139485,201,below_sampling_floor,rule2_orphan_pulse,17:2,17,2,video,video,2,b,1785693347.813,1785693348.131,0.318,0.6513,0.3256,2.0,orphan candidate on detector '2' not registered: pulse 0.318s < gate 0.651s
1785693348.141,2026-08-02 11:55:48.140504,201,below_sampling_floor,rule2_orphan_pulse,2:46,2,46,video,radar,2,a,1785693347.813,1785693348.131,0.318,0.6513,0.3256,2.0,orphan candidate on detector '2' not registered: pulse 0.318s < gate 0.651s
1785693389.871,2026-08-02 11:56:29.871044,201,below_sampling_floor,rule2_orphan_pulse,17:2,17,2,video,video,2,b,1785693389.121,1785693389.773,0.653,0.6599,0.3299,2.0,orphan candidate on detector '2' not registered: pulse 0.653s < gate 0.660s
1785693389.871,2026-08-02 11:56:29.871044,201,below_sampling_floor,rule2_orphan_pulse,2:46,2,46,video,radar,2,a,1785693389.121,1785693389.773,0.653,0.6599,0.3299,2.0,orphan candidate on detector '2' not registered: pulse 0.653s < gate 0.660s
1785693424.600,2026-08-02 11:57:04.600272,201,below_sampling_floor,rule2_orphan_pulse,26:33,33,26,radar,video,33,a,1785693423.868,1785693424.508,0.64,0.6482,0.3241,2.0,orphan candidate on detector '33' not registered: pulse 0.640s < gate 0.648s
1785693428.134,2026-08-02 11:57:08.134344,201,below_sampling_floor,rule2_orphan_pulse,31:42,42,31,radar,video,31,b,1785693427.759,1785693428.075,0.316,0.6482,0.3241,2.0,orphan candidate on detector '31' not registered: pulse 0.316s < gate 0.648s
1785693428.136,2026-08-02 11:57:08.136389,201,below_sampling_floor,rule2_orphan_pulse,31:8,31,8,video,video,31,a,1785693427.759,1785693428.075,0.316,0.6482,0.3241,2.0,orphan candidate on detector '31' not registered: pulse 0.316s < gate 0.648s
1785693429.450,2026-08-02 11:57:09.449967,201,below_sampling_floor,rule2_orphan_pulse,31:42,42,31,radar,video,31,b,1785693429.044,1785693429.358,0.315,0.6482,0.3241,2.0,orphan candidate on detector '31' not registered: pulse 0.315s < gate 0.648s
1785693429.454,2026-08-02 11:57:09.453986,201,below_sampling_floor,rule2_orphan_pulse,31:8,31,8,video,video,31,a,1785693429.044,1785693429.358,0.315,0.6482,0.3241,2.0,orphan candidate on detector '31' not registered: pulse 0.315s < gate 0.648s
1785693430.063,2026-08-02 11:57:10.063298,201,below_sampling_floor,rule2_orphan_pulse,31:42,42,31,radar,video,31,b,1785693429.670,1785693429.993,0.323,0.6482,0.3241,2.0,orphan candidate on detector '31' not registered: pulse 0.323s < gate 0.648s
1785693430.064,2026-08-02 11:57:10.064334,201,below_sampling_floor,rule2_orphan_pulse,31:8,31,8,video,video,31,a,1785693429.670,1785693429.993,0.323,0.6482,0.3241,2.0,orphan candidate on detector '31' not registered: pulse 0.323s < gate 0.648s
1785693431.678,2026-08-02 11:57:11.678487,201,below_sampling_floor,rule2_orphan_pulse,31:42,42,31,radar,video,31,b,1785693430.962,1785693431.606,0.644,0.6482,0.3241,2.0,orphan candidate on detector '31' not registered: pulse 0.644s < gate 0.648s
1785693431.680,2026-08-02 11:57:11.679509,201,below_sampling_floor,rule2_orphan_pulse,31:8,31,8,video,video,31,a,1785693430.962,1785693431.606,0.644,0.6482,0.3241,2.0,orphan candidate on detector '31' not registered: pulse 0.644s < gate 0.648s
1785693486.751,2026-08-02 11:58:06.751073,201,below_sampling_floor,rule2_orphan_pulse,30:41,41,30,radar,video,30,b,1785693486.362,1785693486.683,0.321,0.6452,0.3226,2.0,orphan candidate on detector '30' not registered: pulse 0.321s < gate 0.645s
1785693486.753,2026-08-02 11:58:06.753077,201,below_sampling_floor,rule2_orphan_pulse,3:30,30,3,video,video,30,a,1785693486.362,1785693486.683,0.321,0.6452,0.3226,2.0,orphan candidate on detector '30' not registered: pulse 0.321s < gate 0.645s
1785693487.359,2026-08-02 11:58:07.359457,201,below_sampling_floor,rule2_orphan_pulse,30:41,41,30,radar,video,30,b,1785693487.011,1785693487.343,0.332,0.6452,0.3226,2.0,orphan candidate on detector '30' not registered: pulse 0.332s < gate 0.645s
1785693487.362,2026-08-02 11:58:07.361803,201,below_sampling_floor,rule2_orphan_pulse,3:30,30,3,video,video,30,a,1785693487.011,1785693487.343,0.332,0.6452,0.3226,2.0,orphan candidate on detector '30' not registered: pulse 0.332s < gate 0.645s
1785693547.700,2026-08-02 11:59:07.699915,201,below_sampling_floor,rule2_orphan_pulse,26:33,33,26,radar,video,33,a,1785693547.356,1785693547.666,0.31,0.6536,0.3268,2.0,orphan candidate on detector '33' not registered: pulse 0.310s < gate 0.654s
1785693554.854,2026-08-02 11:59:14.854172,201,below_sampling_floor,rule2_orphan_pulse,26:33,33,26,radar,video,33,a,1785693554.458,1785693554.774,0.316,0.6536,0.3268,2.0,orphan candidate on detector '33' not registered: pulse 0.316s < gate 0.654s
1785693588.034,2026-08-02 11:59:48.034110,201,below_sampling_floor,rule2_orphan_pulse,29:43,43,29,radar,video,29,b,1785693587.699,1785693588.015,0.316,0.6536,0.3268,2.0,orphan candidate on detector '29' not registered: pulse 0.316s < gate 0.654s
1785693591.965,2026-08-02 11:59:51.965098,201,below_sampling_floor,rule2_orphan_pulse,29:43,43,29,radar,video,29,b,1785693591.632,1785693591.960,0.327,0.6536,0.3268,2.0,orphan candidate on detector '29' not registered: pulse 0.327s < gate 0.654s
1785693594.993,2026-08-02 11:59:54.993341,201,below_sampling_floor,rule2_orphan_pulse,29:43,43,29,radar,video,29,b,1785693594.589,1785693594.912,0.323,0.6536,0.3268,2.0,orphan candidate on detector '29' not registered: pulse 0.323s < gate 0.654s
1785693609.507,2026-08-02 12:00:09.506913,201,below_sampling_floor,rule2_orphan_pulse,3:30,30,3,video,video,3,b,1785693609.170,1785693609.485,0.315,0.6552,0.3276,2.0,orphan candidate on detector '3' not registered: pulse 0.315s < gate 0.655s
1785693609.507,2026-08-02 12:00:09.506913,201,below_sampling_floor,rule2_orphan_pulse,3:41,3,41,video,radar,3,a,1785693609.170,1785693609.485,0.315,0.6552,0.3276,2.0,orphan candidate on detector '3' not registered: pulse 0.315s < gate 0.655s
1785693616.678,2026-08-02 12:00:16.678340,201,below_sampling_floor,rule2_orphan_pulse,17:2,17,2,video,video,2,b,1785693616.318,1785693616.641,0.323,0.6552,0.3276,2.0,orphan candidate on detector '2' not registered: pulse 0.323s < gate 0.655s
1785693616.680,2026-08-02 12:00:16.680362,201,below_sampling_floor,rule2_orphan_pulse,2:46,2,46,video,radar,2,a,1785693616.318,1785693616.641,0.323,0.6552,0.3276,2.0,orphan candidate on detector '2' not registered: pulse 0.323s < gate 0.655s
1785693633.837,2026-08-02 12:00:33.837495,201,below_sampling_floor,rule2_orphan_pulse,26:33,33,26,radar,video,33,a,1785693633.472,1785693633.802,0.329,0.6552,0.3276,2.0,orphan candidate on detector '33' not registered: pulse 0.329s < gate 0.655s
1785693653.418,2026-08-02 12:00:53.418484,201,below_sampling_floor,rule2_orphan_pulse,26:33,33,26,radar,video,33,a,1785693653.037,1785693653.369,0.332,0.6552,0.3276,2.0,orphan candidate on detector '33' not registered: pulse 0.332s < gate 0.655s
1785693655.432,2026-08-02 12:00:55.431548,201,below_sampling_floor,rule2_orphan_pulse,26:33,33,26,radar,video,33,a,1785693655.035,1785693655.378,0.343,0.6552,0.3276,2.0,orphan candidate on detector '33' not registered: pulse 0.343s < gate 0.655s
1785693660.978,2026-08-02 12:01:00.978031,201,below_sampling_floor,rule2_orphan_pulse,26:33,33,26,radar,video,33,a,1785693660.605,1785693660.927,0.321,0.665,0.3325,2.0,orphan candidate on detector '33' not registered: pulse 0.321s < gate 0.665s
1785693665.516,2026-08-02 12:01:05.515687,201,below_sampling_floor,rule2_orphan_pulse,26:33,33,26,radar,video,33,a,1785693664.798,1785693665.452,0.654,0.665,0.3325,2.0,orphan candidate on detector '33' not registered: pulse 0.654s < gate 0.665s
1785693675.391,2026-08-02 12:01:15.390837,201,below_sampling_floor,rule2_orphan_pulse,17:46,46,17,radar,video,46,a,1785693675.040,1785693675.355,0.315,0.665,0.3325,2.0,orphan candidate on detector '46' not registered: pulse 0.315s < gate 0.665s
1785693675.392,2026-08-02 12:01:15.391848,201,below_sampling_floor,rule2_orphan_pulse,2:46,2,46,video,radar,46,b,1785693675.040,1785693675.355,0.315,0.665,0.3325,2.0,orphan candidate on detector '46' not registered: pulse 0.315s < gate 0.665s
1785693677.009,2026-08-02 12:01:17.009499,201,below_sampling_floor,rule2_orphan_pulse,26:33,33,26,radar,video,33,a,1785693676.648,1785693676.966,0.319,0.665,0.3325,2.0,orphan candidate on detector '33' not registered: pulse 0.319s < gate 0.665s
1785693685.693,2026-08-02 12:01:25.693225,201,below_sampling_floor,rule2_orphan_pulse,26:33,33,26,radar,video,33,a,1785693685.005,1785693685.658,0.653,0.665,0.3325,2.0,orphan candidate on detector '33' not registered: pulse 0.653s < gate 0.665s
1785693696.675,2026-08-02 12:01:36.675366,201,below_sampling_floor,rule2_orphan_pulse,26:33,33,26,radar,video,33,a,1785693695.998,1785693696.659,0.662,0.665,0.3325,2.0,orphan candidate on detector '33' not registered: pulse 0.662s < gate 0.665s
1785693703.846,2026-08-02 12:01:43.845522,201,below_sampling_floor,rule2_orphan_pulse,31:42,42,31,radar,video,42,a,1785693703.456,1785693703.778,0.322,0.665,0.3325,2.0,orphan candidate on detector '42' not registered: pulse 0.322s < gate 0.665s
1785693703.848,2026-08-02 12:01:43.847568,201,below_sampling_floor,rule2_orphan_pulse,42:8,8,42,video,radar,42,b,1785693703.456,1785693703.778,0.322,0.665,0.3325,2.0,orphan candidate on detector '42' not registered: pulse 0.322s < gate 0.665s
1785693713.424,2026-08-02 12:01:53.423979,201,below_sampling_floor,rule2_orphan_pulse,31:42,42,31,radar,video,42,a,1785693712.765,1785693713.406,0.641,0.665,0.3325,2.0,orphan candidate on detector '42' not registered: pulse 0.641s < gate 0.665s
1785693713.425,2026-08-02 12:01:53.425083,201,below_sampling_floor,rule2_orphan_pulse,42:8,8,42,video,radar,42,b,1785693712.765,1785693713.406,0.641,0.665,0.3325,2.0,orphan candidate on detector '42' not registered: pulse 0.641s < gate 0.665s
1785693780.337,2026-08-02 12:03:00.336695,201,below_sampling_floor,rule2_orphan_pulse,3:30,30,3,video,video,3,b,1785693779.596,1785693780.258,0.662,0.6642,0.3321,2.0,orphan candidate on detector '3' not registered: pulse 0.662s < gate 0.664s
1785693780.338,2026-08-02 12:03:00.338246,201,below_sampling_floor,rule2_orphan_pulse,3:41,3,41,video,radar,3,a,1785693779.596,1785693780.258,0.662,0.6642,0.3321,2.0,orphan candidate on detector '3' not registered: pulse 0.662s < gate 0.664s
1785693782.265,2026-08-02 12:03:02.264583,201,below_sampling_floor,rule2_orphan_pulse,3:30,30,3,video,video,3,b,1785693781.609,1785693782.256,0.647,0.6642,0.3321,2.0,orphan candidate on detector '3' not registered: pulse 0.647s < gate 0.664s
1785693782.266,2026-08-02 12:03:02.266198,201,below_sampling_floor,rule2_orphan_pulse,3:41,3,41,video,radar,3,a,1785693781.609,1785693782.256,0.647,0.6642,0.3321,2.0,orphan candidate on detector '3' not registered: pulse 0.647s < gate 0.664s
1785693805.659,2026-08-02 12:03:25.659379,201,below_sampling_floor,rule2_orphan_pulse,26:33,33,26,radar,video,33,a,1785693805.311,1785693805.622,0.311,0.6642,0.3321,2.0,orphan candidate on detector '33' not registered: pulse 0.311s < gate 0.664s
1785693808.590,2026-08-02 12:03:28.589744,201,below_sampling_floor,rule2_orphan_pulse,26:33,33,26,radar,video,33,a,1785693808.183,1785693808.497,0.314,0.6642,0.3321,2.0,orphan candidate on detector '33' not registered: pulse 0.314s < gate 0.664s
1785693817.574,2026-08-02 12:03:37.574119,201,below_sampling_floor,rule2_orphan_pulse,26:33,33,26,radar,video,33,a,1785693816.882,1785693817.522,0.64,0.6642,0.3321,2.0,orphan candidate on detector '33' not registered: pulse 0.640s < gate 0.664s
1785693819.496,2026-08-02 12:03:39.495689,201,below_sampling_floor,rule2_orphan_pulse,26:33,33,26,radar,video,33,a,1785693819.128,1785693819.440,0.312,0.6642,0.3321,2.0,orphan candidate on detector '33' not registered: pulse 0.312s < gate 0.664s
1785693822.424,2026-08-02 12:03:42.423915,201,below_sampling_floor,rule2_orphan_pulse,26:33,33,26,radar,video,33,a,1785693822.057,1785693822.376,0.319,0.6642,0.3321,2.0,orphan candidate on detector '33' not registered: pulse 0.319s < gate 0.664s
1785693827.268,2026-08-02 12:03:47.267558,201,below_sampling_floor,rule2_orphan_pulse,26:33,33,26,radar,video,33,a,1785693826.582,1785693827.236,0.654,0.6642,0.3321,2.0,orphan candidate on detector '33' not registered: pulse 0.654s < gate 0.664s
1785693834.128,2026-08-02 12:03:54.128017,201,below_sampling_floor,rule2_orphan_pulse,26:33,33,26,radar,video,33,a,1785693833.468,1785693834.094,0.626,0.6642,0.3321,2.0,orphan candidate on detector '33' not registered: pulse 0.626s < gate 0.664s
1785693835.439,2026-08-02 12:03:55.438974,201,below_sampling_floor,rule2_orphan_pulse,26:33,33,26,radar,video,33,a,1785693835.094,1785693835.415,0.321,0.6642,0.3321,2.0,orphan candidate on detector '33' not registered: pulse 0.321s < gate 0.664s
1785693842.600,2026-08-02 12:04:02.599907,201,below_sampling_floor,rule2_orphan_pulse,26:33,33,26,radar,video,33,a,1785693842.245,1785693842.570,0.325,0.6515,0.3257,2.0,orphan candidate on detector '33' not registered: pulse 0.325s < gate 0.651s
1785693843.915,2026-08-02 12:04:03.915394,201,below_sampling_floor,rule2_orphan_pulse,26:33,33,26,radar,video,33,a,1785693843.562,1785693843.881,0.318,0.6515,0.3257,2.0,orphan candidate on detector '33' not registered: pulse 0.318s < gate 0.651s
1785693867.825,2026-08-02 12:04:27.824957,201,below_sampling_floor,rule2_orphan_pulse,17:46,46,17,radar,video,46,a,1785693867.422,1785693867.780,0.358,0.6515,0.3257,2.0,orphan candidate on detector '46' not registered: pulse 0.358s < gate 0.651s
1785693867.827,2026-08-02 12:04:27.826968,201,below_sampling_floor,rule2_orphan_pulse,2:46,2,46,video,radar,46,b,1785693867.422,1785693867.780,0.358,0.6515,0.3257,2.0,orphan candidate on detector '46' not registered: pulse 0.358s < gate 0.651s
1785693920.645,2026-08-02 12:05:20.644792,201,below_sampling_floor,rule2_orphan_pulse,29:43,43,29,radar,video,29,b,1785693919.889,1785693920.587,0.699,0.7217,0.3608,2.0,orphan candidate on detector '29' not registered: pulse 0.699s < gate 0.722s
1785693923.071,2026-08-02 12:05:23.070966,201,below_sampling_floor,rule2_orphan_pulse,30:41,41,30,radar,video,30,b,1785693922.345,1785693923.038,0.693,0.7217,0.3608,2.0,orphan candidate on detector '30' not registered: pulse 0.693s < gate 0.722s
1785693923.071,2026-08-02 12:05:23.070966,201,below_sampling_floor,rule2_orphan_pulse,3:30,30,3,video,video,30,a,1785693922.345,1785693923.038,0.693,0.7217,0.3608,2.0,orphan candidate on detector '30' not registered: pulse 0.693s < gate 0.722s
1785693925.192,2026-08-02 12:05:25.191546,201,below_sampling_floor,rule2_orphan_pulse,29:43,43,29,radar,video,29,b,1785693924.441,1785693925.158,0.717,0.7217,0.3608,2.0,orphan candidate on detector '29' not registered: pulse 0.717s < gate 0.722s
1785693928.720,2026-08-02 12:05:28.720466,201,below_sampling_floor,rule2_orphan_pulse,29:43,43,29,radar,video,29,b,1785693928.283,1785693928.636,0.352,0.7217,0.3608,2.0,orphan candidate on detector '29' not registered: pulse 0.352s < gate 0.722s
1785693929.427,2026-08-02 12:05:29.427336,201,below_sampling_floor,rule2_orphan_pulse,29:43,43,29,radar,video,29,b,1785693928.985,1785693929.338,0.353,0.7217,0.3608,2.0,orphan candidate on detector '29' not registered: pulse 0.353s < gate 0.722s
1785693930.036,2026-08-02 12:05:30.035515,201,below_sampling_floor,rule2_orphan_pulse,29:43,43,29,radar,video,29,b,1785693929.683,1785693930.036,0.353,0.7217,0.3608,2.0,orphan candidate on detector '29' not registered: pulse 0.353s < gate 0.722s
1785693969.442,2026-08-02 12:06:09.441567,201,below_sampling_floor,rule2_orphan_pulse,17:46,46,17,radar,video,46,a,1785693969.103,1785693969.426,0.322,0.6538,0.3269,2.0,orphan candidate on detector '46' not registered: pulse 0.322s < gate 0.654s
1785693969.443,2026-08-02 12:06:09.442578,201,below_sampling_floor,rule2_orphan_pulse,2:46,2,46,video,radar,46,b,1785693969.103,1785693969.426,0.322,0.6538,0.3269,2.0,orphan candidate on detector '46' not registered: pulse 0.322s < gate 0.654s
1785693970.151,2026-08-02 12:06:10.150795,201,below_sampling_floor,rule2_orphan_pulse,26:33,33,26,radar,video,33,a,1785693969.426,1785693970.076,0.65,0.6538,0.3269,2.0,orphan candidate on detector '33' not registered: pulse 0.650s < gate 0.654s
1785693972.080,2026-08-02 12:06:12.080317,201,below_sampling_floor,rule2_orphan_pulse,26:33,33,26,radar,video,33,a,1785693971.722,1785693972.065,0.343,0.6538,0.3269,2.0,orphan candidate on detector '33' not registered: pulse 0.343s < gate 0.654s
1785693974.707,2026-08-02 12:06:14.706665,201,below_sampling_floor,rule2_orphan_pulse,26:33,33,26,radar,video,33,a,1785693973.991,1785693974.636,0.645,0.6538,0.3269,2.0,orphan candidate on detector '33' not registered: pulse 0.645s < gate 0.654s
1785693987.322,2026-08-02 12:06:27.321680,201,below_sampling_floor,rule2_orphan_pulse,26:33,33,26,radar,video,33,a,1785693986.882,1785693987.223,0.341,0.6538,0.3269,2.0,orphan candidate on detector '33' not registered: pulse 0.341s < gate 0.654s
1785693992.876,2026-08-02 12:06:32.875868,201,below_sampling_floor,rule2_orphan_pulse,26:33,33,26,radar,video,33,a,1785693992.139,1785693992.778,0.638,0.6538,0.3269,2.0,orphan candidate on detector '33' not registered: pulse 0.638s < gate 0.654s
1785693999.437,2026-08-02 12:06:39.436934,201,below_sampling_floor,rule2_orphan_pulse,26:33,33,26,radar,video,33,a,1785693998.705,1785693999.356,0.65,0.6538,0.3269,2.0,orphan candidate on detector '33' not registered: pulse 0.650s < gate 0.654s
1785694006.608,2026-08-02 12:06:46.608213,201,below_sampling_floor,rule2_orphan_pulse,26:33,33,26,radar,video,33,a,1785694006.219,1785694006.536,0.317,0.6538,0.3269,2.0,orphan candidate on detector '33' not registered: pulse 0.317s < gate 0.654s
1785694022.362,2026-08-02 12:07:02.361777,201,below_sampling_floor,rule2_orphan_pulse,26:33,33,26,radar,video,26,b,1785694022.035,1785694022.362,0.327,0.6528,0.3264,2.0,orphan candidate on detector '26' not registered: pulse 0.327s < gate 0.653s
1785694037.694,2026-08-02 12:07:17.693933,201,below_sampling_floor,rule2_orphan_pulse,17:2,17,2,video,video,2,b,1785694037.272,1785694037.601,0.329,0.6528,0.3264,2.0,orphan candidate on detector '2' not registered: pulse 0.329s < gate 0.653s
1785694037.695,2026-08-02 12:07:17.695451,201,below_sampling_floor,rule2_orphan_pulse,2:46,2,46,video,radar,2,a,1785694037.272,1785694037.601,0.329,0.6528,0.3264,2.0,orphan candidate on detector '2' not registered: pulse 0.329s < gate 0.653s
1785694038.604,2026-08-02 12:07:18.603696,201,below_sampling_floor,rule2_orphan_pulse,17:2,17,2,video,video,2,b,1785694038.255,1785694038.575,0.319,0.6528,0.3264,2.0,orphan candidate on detector '2' not registered: pulse 0.319s < gate 0.653s
1785694038.605,2026-08-02 12:07:18.605062,201,below_sampling_floor,rule2_orphan_pulse,2:46,2,46,video,radar,2,a,1785694038.255,1785694038.575,0.319,0.6528,0.3264,2.0,orphan candidate on detector '2' not registered: pulse 0.319s < gate 0.653s
1785694039.311,2026-08-02 12:07:19.310895,201,below_sampling_floor,rule2_orphan_pulse,26:33,33,26,radar,video,33,a,1785694038.575,1785694039.223,0.649,0.6528,0.3264,2.0,orphan candidate on detector '33' not registered: pulse 0.649s < gate 0.653s
1785694045.867,2026-08-02 12:07:25.867295,201,below_sampling_floor,rule2_orphan_pulse,26:33,33,26,radar,video,33,a,1785694045.444,1785694045.767,0.323,0.6528,0.3264,2.0,orphan candidate on detector '33' not registered: pulse 0.323s < gate 0.653s
1785694048.499,2026-08-02 12:07:28.498610,201,below_sampling_floor,rule2_orphan_pulse,26:33,33,26,radar,video,33,a,1785694047.776,1785694048.426,0.65,0.6528,0.3264,2.0,orphan candidate on detector '33' not registered: pulse 0.650s < gate 0.653s
1785694054.047,2026-08-02 12:07:34.047140,201,below_sampling_floor,rule2_orphan_pulse,17:2,17,2,video,video,2,b,1785694053.665,1785694054.010,0.344,0.6528,0.3264,2.0,orphan candidate on detector '2' not registered: pulse 0.344s < gate 0.653s
1785694054.047,2026-08-02 12:07:34.047140,201,below_sampling_floor,rule2_orphan_pulse,2:46,2,46,video,radar,2,a,1785694053.665,1785694054.010,0.344,0.6528,0.3264,2.0,orphan candidate on detector '2' not registered: pulse 0.344s < gate 0.653s
1785694055.669,2026-08-02 12:07:35.668971,201,below_sampling_floor,rule2_orphan_pulse,26:33,33,26,radar,video,33,a,1785694055.325,1785694055.642,0.317,0.6528,0.3264,2.0,orphan candidate on detector '33' not registered: pulse 0.317s < gate 0.653s
1785694060.312,2026-08-02 12:07:40.311816,201,below_sampling_floor,rule2_orphan_pulse,26:33,33,26,radar,video,33,a,1785694059.939,1785694060.272,0.333,0.6528,0.3264,2.0,orphan candidate on detector '33' not registered: pulse 0.333s < gate 0.653s
1785694191.695,2026-08-02 12:09:51.694619,201,below_sampling_floor,rule2_orphan_pulse,26:33,33,26,radar,video,33,a,1785694191.046,1785694191.683,0.637,0.6817,0.3408,2.0,orphan candidate on detector '33' not registered: pulse 0.637s < gate 0.682s
1785694202.100,2026-08-02 12:10:02.100175,201,below_sampling_floor,rule2_orphan_pulse,26:33,33,26,radar,video,33,a,1785694201.437,1785694202.062,0.625,0.6643,0.3322,2.0,orphan candidate on detector '33' not registered: pulse 0.625s < gate 0.664s
1785694219.243,2026-08-02 12:10:19.243084,201,below_sampling_floor,rule2_orphan_pulse,26:33,33,26,radar,video,33,a,1785694218.555,1785694219.182,0.628,0.6643,0.3322,2.0,orphan candidate on detector '33' not registered: pulse 0.628s < gate 0.664s
1785694225.007,2026-08-02 12:10:25.006764,201,below_sampling_floor,rule2_orphan_pulse,17:46,46,17,radar,video,46,a,1785694224.295,1785694224.913,0.618,0.6643,0.3322,2.0,orphan candidate on detector '46' not registered: pulse 0.618s < gate 0.664s
1785694225.009,2026-08-02 12:10:25.009457,201,below_sampling_floor,rule2_orphan_pulse,2:46,2,46,video,radar,46,b,1785694224.295,1785694224.913,0.618,0.6643,0.3322,2.0,orphan candidate on detector '46' not registered: pulse 0.618s < gate 0.664s
1785694228.544,2026-08-02 12:10:28.543502,201,below_sampling_floor,rule2_orphan_pulse,31:42,42,31,radar,video,31,b,1785694227.854,1785694228.498,0.645,0.6643,0.3322,2.0,orphan candidate on detector '31' not registered: pulse 0.645s < gate 0.664s
1785694244.985,2026-08-02 12:10:44.985405,201,below_sampling_floor,rule2_orphan_pulse,31:8,31,8,video,video,31,a,1785694227.854,1785694228.498,0.645,0.6643,0.3322,2.0,orphan candidate on detector '31' not registered: pulse 0.645s < gate 0.664s
1785694295.578,2026-08-02 12:11:35.578203,201,below_sampling_floor,rule2_orphan_pulse,17:46,46,17,radar,video,17,b,1785694294.995,1785694295.575,0.58,0.6557,0.3278,2.0,orphan candidate on detector '17' not registered: pulse 0.580s < gate 0.656s
1785694295.578,2026-08-02 12:11:35.578203,201,below_sampling_floor,rule2_orphan_pulse,17:2,17,2,video,video,17,a,1785694294.995,1785694295.575,0.58,0.6557,0.3278,2.0,orphan candidate on detector '17' not registered: pulse 0.580s < gate 0.656s
1785694334.765,2026-08-02 12:12:14.764637,201,below_sampling_floor,rule2_orphan_pulse,31:42,42,31,radar,video,31,b,1785694334.379,1785694334.683,0.304,0.7452,0.3726,2.0,orphan candidate on detector '31' not registered: pulse 0.304s < gate 0.745s
1785694334.767,2026-08-02 12:12:14.766650,201,below_sampling_floor,rule2_orphan_pulse,31:8,31,8,video,video,31,a,1785694334.379,1785694334.683,0.304,0.7452,0.3726,2.0,orphan candidate on detector '31' not registered: pulse 0.304s < gate 0.745s
1785694335.675,2026-08-02 12:12:15.674928,201,below_sampling_floor,rule2_orphan_pulse,31:42,42,31,radar,video,31,b,1785694335.338,1785694335.660,0.322,0.7452,0.3726,2.0,orphan candidate on detector '31' not registered: pulse 0.322s < gate 0.745s
1785694335.676,2026-08-02 12:12:15.675952,201,below_sampling_floor,rule2_orphan_pulse,31:8,31,8,video,video,31,a,1785694335.338,1785694335.660,0.322,0.7452,0.3726,2.0,orphan candidate on detector '31' not registered: pulse 0.322s < gate 0.745s
1785694336.687,2026-08-02 12:12:16.686614,201,below_sampling_floor,rule2_orphan_pulse,31:42,42,31,radar,video,31,b,1785694336.298,1785694336.616,0.318,0.7452,0.3726,2.0,orphan candidate on detector '31' not registered: pulse 0.318s < gate 0.745s
1785694336.688,2026-08-02 12:12:16.687752,201,below_sampling_floor,rule2_orphan_pulse,31:8,31,8,video,video,31,a,1785694336.298,1785694336.616,0.318,0.7452,0.3726,2.0,orphan candidate on detector '31' not registered: pulse 0.318s < gate 0.745s
1785694361.978,2026-08-02 12:12:41.978263,201,below_sampling_floor,rule2_orphan_pulse,31:42,42,31,radar,video,31,b,1785694361.625,1785694361.954,0.329,0.7452,0.3726,2.0,orphan candidate on detector '31' not registered: pulse 0.329s < gate 0.745s
1785694361.979,2026-08-02 12:12:41.979277,201,below_sampling_floor,rule2_orphan_pulse,31:8,31,8,video,video,31,a,1785694361.625,1785694361.954,0.329,0.7452,0.3726,2.0,orphan candidate on detector '31' not registered: pulse 0.329s < gate 0.745s
1785694384.261,2026-08-02 12:13:04.261420,201,below_sampling_floor,rule2_orphan_pulse,26:33,33,26,radar,video,33,a,1785694383.522,1785694384.169,0.647,0.7016,0.3508,2.0,orphan candidate on detector '33' not registered: pulse 0.647s < gate 0.702s
1785694388.493,2026-08-02 12:13:08.493137,201,below_sampling_floor,rule2_orphan_pulse,26:33,33,26,radar,video,33,a,1785694387.737,1785694388.399,0.662,0.7016,0.3508,2.0,orphan candidate on detector '33' not registered: pulse 0.662s < gate 0.702s
1785694392.630,2026-08-02 12:13:12.629935,201,below_sampling_floor,rule2_orphan_pulse,26:33,33,26,radar,video,33,a,1785694391.926,1785694392.594,0.668,0.7016,0.3508,2.0,orphan candidate on detector '33' not registered: pulse 0.668s < gate 0.702s
1785694402.300,2026-08-02 12:13:22.300168,201,below_sampling_floor,rule2_orphan_pulse,31:42,42,31,radar,video,31,b,1785694401.937,1785694402.275,0.339,0.7016,0.3508,2.0,orphan candidate on detector '31' not registered: pulse 0.339s < gate 0.702s
1785694402.301,2026-08-02 12:13:22.301177,201,below_sampling_floor,rule2_orphan_pulse,31:8,31,8,video,video,31,a,1785694401.937,1785694402.275,0.339,0.7016,0.3508,2.0,orphan candidate on detector '31' not registered: pulse 0.339s < gate 0.702s
1785694424.294,2026-08-02 12:13:44.293637,201,below_sampling_floor,rule2_orphan_pulse,29:43,43,29,radar,video,29,b,1785694423.885,1785694424.216,0.331,0.7016,0.3508,2.0,orphan candidate on detector '29' not registered: pulse 0.331s < gate 0.702s
1785694439.036,2026-08-02 12:13:59.036334,201,below_sampling_floor,rule2_orphan_pulse,24:38,38,24,radar,video,24,b,1785694438.340,1785694438.991,0.651,0.6555,0.3278,2.0,orphan candidate on detector '24' not registered: pulse 0.651s < gate 0.656s
1785694439.036,2026-08-02 12:13:59.036334,201,below_sampling_floor,rule2_orphan_pulse,24:7,24,7,video,video,24,a,1785694438.340,1785694438.991,0.651,0.6555,0.3278,2.0,orphan candidate on detector '24' not registered: pulse 0.651s < gate 0.656s
1785694488.782,2026-08-02 12:14:48.781974,201,below_sampling_floor,rule2_orphan_pulse,17:46,46,17,radar,video,46,a,1785694488.442,1785694488.745,0.302,0.6555,0.3278,2.0,orphan candidate on detector '46' not registered: pulse 0.302s < gate 0.656s
1785694488.784,2026-08-02 12:14:48.783738,201,below_sampling_floor,rule2_orphan_pulse,2:46,2,46,video,radar,46,b,1785694488.442,1785694488.745,0.302,0.6555,0.3278,2.0,orphan candidate on detector '46' not registered: pulse 0.302s < gate 0.656s
1785694515.157,2026-08-02 12:15:15.156871,201,below_sampling_floor,rule2_orphan_pulse,22:4,22,4,video,video,4,b,1785694514.749,1785694515.065,0.316,0.6417,0.3208,2.0,orphan candidate on detector '4' not registered: pulse 0.316s < gate 0.642s
1785694515.158,2026-08-02 12:15:15.157879,201,below_sampling_floor,rule2_orphan_pulse,39:4,4,39,video,radar,4,a,1785694514.749,1785694515.065,0.316,0.6417,0.3208,2.0,orphan candidate on detector '4' not registered: pulse 0.316s < gate 0.642s
1785694556.089,2026-08-02 12:15:56.089053,201,below_sampling_floor,rule2_orphan_pulse,31:8,31,8,video,video,8,b,1785694555.713,1785694556.043,0.33,0.6417,0.3208,2.0,orphan candidate on detector '8' not registered: pulse 0.330s < gate 0.642s
1785694556.091,2026-08-02 12:15:56.090600,201,below_sampling_floor,rule2_orphan_pulse,42:8,8,42,video,radar,8,a,1785694555.713,1785694556.043,0.33,0.6417,0.3208,2.0,orphan candidate on detector '8' not registered: pulse 0.330s < gate 0.642s
1785694560.525,2026-08-02 12:16:00.524582,201,below_sampling_floor,rule2_orphan_pulse,31:8,31,8,video,video,8,b,1785694560.131,1785694560.462,0.331,0.6607,0.3304,2.0,orphan candidate on detector '8' not registered: pulse 0.331s < gate 0.661s
1785694560.530,2026-08-02 12:16:00.529629,201,below_sampling_floor,rule2_orphan_pulse,42:8,8,42,video,radar,8,a,1785694560.131,1785694560.462,0.331,0.6607,0.3304,2.0,orphan candidate on detector '8' not registered: pulse 0.331s < gate 0.661s
1785694563.260,2026-08-02 12:16:03.259769,201,below_sampling_floor,rule2_orphan_pulse,17:2,17,2,video,video,2,b,1785694562.862,1785694563.222,0.36,0.6607,0.3304,2.0,orphan candidate on detector '2' not registered: pulse 0.360s < gate 0.661s
1785694579.488,2026-08-02 12:16:19.487715,201,below_sampling_floor,rule2_orphan_pulse,31:42,42,31,radar,video,31,b,1785694578.803,1785694579.437,0.634,0.6607,0.3304,2.0,orphan candidate on detector '31' not registered: pulse 0.634s < gate 0.661s
1785694579.489,2026-08-02 12:16:19.489290,201,below_sampling_floor,rule2_orphan_pulse,31:8,31,8,video,video,31,a,1785694578.803,1785694579.437,0.634,0.6607,0.3304,2.0,orphan candidate on detector '31' not registered: pulse 0.634s < gate 0.661s
1785694586.164,2026-08-02 12:16:26.164490,201,below_sampling_floor,rule2_orphan_pulse,26:33,33,26,radar,video,33,a,1785694585.786,1785694586.129,0.343,0.6607,0.3304,2.0,orphan candidate on detector '33' not registered: pulse 0.343s < gate 0.661s
1785694589.617,2026-08-02 12:16:29.617168,201,below_sampling_floor,rule2_orphan_pulse,26:33,33,26,radar,video,33,a,1785694589.234,1785694589.581,0.347,0.6607,0.3304,2.0,orphan candidate on detector '33' not registered: pulse 0.347s < gate 0.661s
1785694593.646,2026-08-02 12:16:33.645654,201,below_sampling_floor,rule2_orphan_pulse,17:2,17,2,video,video,2,b,1785694593.309,1785694593.630,0.321,0.6607,0.3304,2.0,orphan candidate on detector '2' not registered: pulse 0.321s < gate 0.661s
1785694593.647,2026-08-02 12:16:33.646672,201,below_sampling_floor,rule2_orphan_pulse,2:46,2,46,video,radar,2,a,1785694593.309,1785694593.630,0.321,0.6607,0.3304,2.0,orphan candidate on detector '2' not registered: pulse 0.321s < gate 0.661s
1785694594.355,2026-08-02 12:16:34.354547,201,below_sampling_floor,rule2_orphan_pulse,26:33,33,26,radar,video,33,a,1785694593.946,1785694594.306,0.36,0.6607,0.3304,2.0,orphan candidate on detector '33' not registered: pulse 0.360s < gate 0.661s
1785694636.898,2026-08-02 12:17:16.898135,201,below_sampling_floor,rule2_orphan_pulse,17:2,17,2,video,video,2,b,1785694636.501,1785694636.839,0.338,0.6546,0.3273,2.0,orphan candidate on detector '2' not registered: pulse 0.338s < gate 0.655s
1785694636.898,2026-08-02 12:17:16.898135,201,below_sampling_floor,rule2_orphan_pulse,2:46,2,46,video,radar,2,a,1785694636.501,1785694636.839,0.338,0.6546,0.3273,2.0,orphan candidate on detector '2' not registered: pulse 0.338s < gate 0.655s
1785694657.674,2026-08-02 12:17:37.673823,201,below_sampling_floor,rule2_orphan_pulse,31:42,42,31,radar,video,42,a,1785694657.323,1785694657.649,0.326,0.6546,0.3273,2.0,orphan candidate on detector '42' not registered: pulse 0.326s < gate 0.655s
1785694657.674,2026-08-02 12:17:37.673823,201,below_sampling_floor,rule2_orphan_pulse,42:8,8,42,video,radar,42,b,1785694657.323,1785694657.649,0.326,0.6546,0.3273,2.0,orphan candidate on detector '42' not registered: pulse 0.326s < gate 0.655s
1785694663.627,2026-08-02 12:17:43.626751,201,below_sampling_floor,rule2_orphan_pulse,29:43,43,29,radar,video,43,a,1785694662.954,1785694663.599,0.645,0.6546,0.3273,2.0,orphan candidate on detector '43' not registered: pulse 0.645s < gate 0.655s
1785694665.952,2026-08-02 12:17:45.951741,201,below_sampling_floor,rule2_orphan_pulse,22:39,39,22,radar,video,22,b,1785694665.225,1785694665.870,0.645,0.6546,0.3273,2.0,orphan candidate on detector '22' not registered: pulse 0.645s < gate 0.655s
1785694665.954,2026-08-02 12:17:45.953751,201,below_sampling_floor,rule2_orphan_pulse,22:4,22,4,video,video,22,a,1785694665.225,1785694665.870,0.645,0.6546,0.3273,2.0,orphan candidate on detector '22' not registered: pulse 0.645s < gate 0.655s
1785694665.954,2026-08-02 12:17:45.953751,201,below_sampling_floor,rule2_orphan_pulse,22:4,22,4,video,video,4,b,1785694665.542,1785694665.870,0.329,0.6546,0.3273,2.0,orphan candidate on detector '4' not registered: pulse 0.329s < gate 0.655s
1785694665.957,2026-08-02 12:17:45.957278,201,below_sampling_floor,rule2_orphan_pulse,39:4,4,39,video,radar,4,a,1785694665.542,1785694665.870,0.329,0.6546,0.3273,2.0,orphan candidate on detector '4' not registered: pulse 0.329s < gate 0.655s
1785694666.261,2026-08-02 12:17:46.260592,201,below_sampling_floor,rule2_orphan_pulse,17:2,17,2,video,video,2,b,1785694665.542,1785694666.184,0.643,0.6546,0.3273,2.0,orphan candidate on detector '2' not registered: pulse 0.643s < gate 0.655s
1785694666.265,2026-08-02 12:17:46.264748,201,below_sampling_floor,rule2_orphan_pulse,2:46,2,46,video,radar,2,a,1785694665.542,1785694666.184,0.643,0.6546,0.3273,2.0,orphan candidate on detector '2' not registered: pulse 0.643s < gate 0.655s
1785694666.570,2026-08-02 12:17:46.569827,201,below_sampling_floor,rule2_orphan_pulse,24:38,38,24,radar,video,24,b,1785694665.870,1785694666.517,0.647,0.6546,0.3273,2.0,orphan candidate on detector '24' not registered: pulse 0.647s < gate 0.655s
1785694666.571,2026-08-02 12:17:46.571000,201,below_sampling_floor,rule2_orphan_pulse,24:7,24,7,video,video,24,a,1785694665.870,1785694666.517,0.647,0.6546,0.3273,2.0,orphan candidate on detector '24' not registered: pulse 0.647s < gate 0.655s
1785694666.571,2026-08-02 12:17:46.571000,201,below_sampling_floor,rule2_orphan_pulse,24:7,24,7,video,video,7,b,1785694666.184,1785694666.517,0.333,0.6546,0.3273,2.0,orphan candidate on detector '7' not registered: pulse 0.333s < gate 0.655s
1785694666.576,2026-08-02 12:17:46.576054,201,below_sampling_floor,rule2_orphan_pulse,38:7,7,38,video,radar,7,a,1785694666.184,1785694666.517,0.333,0.6546,0.3273,2.0,orphan candidate on detector '7' not registered: pulse 0.333s < gate 0.655s
1785694673.337,2026-08-02 12:17:53.337141,201,below_sampling_floor,rule2_orphan_pulse,24:7,24,7,video,video,7,b,1785694672.976,1785694673.297,0.32,0.6546,0.3273,2.0,orphan candidate on detector '7' not registered: pulse 0.320s < gate 0.655s
1785694673.337,2026-08-02 12:17:53.337141,201,below_sampling_floor,rule2_orphan_pulse,38:7,7,38,video,radar,7,a,1785694672.976,1785694673.297,0.32,0.6546,0.3273,2.0,orphan candidate on detector '7' not registered: pulse 0.320s < gate 0.655s
1785694676.983,2026-08-02 12:17:56.982948,201,below_sampling_floor,rule2_orphan_pulse,26:33,33,26,radar,video,33,a,1785694676.571,1785694676.900,0.328,0.6533,0.3266,2.0,orphan candidate on detector '33' not registered: pulse 0.328s < gate 0.653s
1785694718.914,2026-08-02 12:18:38.913854,201,below_sampling_floor,rule2_orphan_pulse,31:42,42,31,radar,video,31,b,1785694718.534,1785694718.882,0.348,0.6533,0.3266,2.0,orphan candidate on detector '31' not registered: pulse 0.348s < gate 0.653s
1785694721.647,2026-08-02 12:18:41.647432,201,below_sampling_floor,rule2_orphan_pulse,26:33,33,26,radar,video,33,a,1785694721.233,1785694721.619,0.387,0.6533,0.3266,2.0,orphan candidate on detector '33' not registered: pulse 0.387s < gate 0.653s
1785694721.951,2026-08-02 12:18:41.950946,201,below_sampling_floor,rule2_orphan_pulse,29:43,43,29,radar,video,43,a,1785694721.619,1785694721.932,0.312,0.6533,0.3266,2.0,orphan candidate on detector '43' not registered: pulse 0.312s < gate 0.653s
1785694739.396,2026-08-02 12:18:59.396045,201,below_sampling_floor,rule2_orphan_pulse,26:33,33,26,radar,video,33,a,1785694738.680,1785694739.324,0.644,0.6982,0.3491,2.0,orphan candidate on detector '33' not registered: pulse 0.644s < gate 0.698s
1785694742.013,2026-08-02 12:19:02.013255,201,below_sampling_floor,rule2_orphan_pulse,26:33,33,26,radar,video,33,a,1785694741.594,1785694741.920,0.326,0.6982,0.3491,2.0,orphan candidate on detector '33' not registered: pulse 0.326s < gate 0.698s
1785694748.768,2026-08-02 12:19:08.767932,201,below_sampling_floor,rule2_orphan_pulse,26:33,33,26,radar,video,33,a,1785694748.368,1785694748.698,0.33,0.6982,0.3491,2.0,orphan candidate on detector '33' not registered: pulse 0.330s < gate 0.698s
1785694749.072,2026-08-02 12:19:09.071955,201,below_sampling_floor,rule2_orphan_pulse,24:7,24,7,video,video,7,b,1785694748.698,1785694749.021,0.323,0.6982,0.3491,2.0,orphan candidate on detector '7' not registered: pulse 0.323s < gate 0.698s
1785694749.072,2026-08-02 12:19:09.071955,201,below_sampling_floor,rule2_orphan_pulse,38:7,7,38,video,radar,7,a,1785694748.698,1785694749.021,0.323,0.6982,0.3491,2.0,orphan candidate on detector '7' not registered: pulse 0.323s < gate 0.698s
1785694751.692,2026-08-02 12:19:11.692317,201,below_sampling_floor,rule2_orphan_pulse,26:33,33,26,radar,video,33,a,1785694751.274,1785694751.601,0.327,0.6982,0.3491,2.0,orphan candidate on detector '33' not registered: pulse 0.327s < gate 0.698s
1785694754.921,2026-08-02 12:19:14.920934,201,below_sampling_floor,rule2_orphan_pulse,26:33,33,26,radar,video,33,a,1785694754.570,1785694754.897,0.327,0.6982,0.3491,2.0,orphan candidate on detector '33' not registered: pulse 0.327s < gate 0.698s
1785694758.052,2026-08-02 12:19:18.052397,201,below_sampling_floor,rule2_orphan_pulse,26:33,33,26,radar,video,33,a,1785694757.333,1785694757.991,0.657,0.6982,0.3491,2.0,orphan candidate on detector '33' not registered: pulse 0.657s < gate 0.698s
1785694766.812,2026-08-02 12:19:26.812448,201,below_sampling_floor,rule2_orphan_pulse,26:33,33,26,radar,video,33,a,1785694766.108,1785694766.788,0.68,0.6982,0.3491,2.0,orphan candidate on detector '33' not registered: pulse 0.680s < gate 0.698s
1785694773.582,2026-08-02 12:19:33.582175,201,below_sampling_floor,rule2_orphan_pulse,17:2,17,2,video,video,2,b,1785694772.904,1785694773.539,0.635,0.6982,0.3491,2.0,orphan candidate on detector '2' not registered: pulse 0.635s < gate 0.698s
1785694773.582,2026-08-02 12:19:33.582175,201,below_sampling_floor,rule2_orphan_pulse,2:46,2,46,video,radar,2,a,1785694772.904,1785694773.539,0.635,0.6982,0.3491,2.0,orphan candidate on detector '2' not registered: pulse 0.635s < gate 0.698s
1785694775.198,2026-08-02 12:19:35.197562,201,below_sampling_floor,rule2_orphan_pulse,17:2,17,2,video,video,2,b,1785694774.833,1785694775.147,0.314,0.6982,0.3491,2.0,orphan candidate on detector '2' not registered: pulse 0.314s < gate 0.698s
1785694775.198,2026-08-02 12:19:35.197562,201,below_sampling_floor,rule2_orphan_pulse,2:46,2,46,video,radar,2,a,1785694774.833,1785694775.147,0.314,0.6982,0.3491,2.0,orphan candidate on detector '2' not registered: pulse 0.314s < gate 0.698s
1785694775.198,2026-08-02 12:19:35.197562,201,below_sampling_floor,rule2_orphan_pulse,26:33,33,26,radar,video,33,a,1785694774.513,1785694775.147,0.634,0.6982,0.3491,2.0,orphan candidate on detector '33' not registered: pulse 0.634s < gate 0.698s
1785694777.823,2026-08-02 12:19:37.823096,201,below_sampling_floor,rule2_orphan_pulse,26:33,33,26,radar,video,33,a,1785694777.413,1785694777.736,0.323,0.6982,0.3491,2.0,orphan candidate on detector '33' not registered: pulse 0.323s < gate 0.698s
1785694785.276,2026-08-02 12:19:45.276018,201,below_sampling_floor,rule2_orphan_pulse,26:33,33,26,radar,video,33,a,1785694784.911,1785694785.237,0.325,0.6982,0.3491,2.0,orphan candidate on detector '33' not registered: pulse 0.325s < gate 0.698s
1785694790.815,2026-08-02 12:19:50.815294,201,below_sampling_floor,rule2_orphan_pulse,26:33,33,26,radar,video,33,a,1785694790.170,1785694790.814,0.644,0.6982,0.3491,2.0,orphan candidate on detector '33' not registered: pulse 0.644s < gate 0.698s
1785694838.797,2026-08-02 12:20:38.797153,201,below_sampling_floor,rule2_orphan_pulse,31:42,42,31,radar,video,31,b,1785694838.088,1785694838.707,0.619,0.6565,0.3282,2.0,orphan candidate on detector '31' not registered: pulse 0.619s < gate 0.656s
1785694838.799,2026-08-02 12:20:38.798683,201,below_sampling_floor,rule2_orphan_pulse,31:8,31,8,video,video,31,a,1785694838.088,1785694838.707,0.619,0.6565,0.3282,2.0,orphan candidate on detector '31' not registered: pulse 0.619s < gate 0.656s
1785694879.222,2026-08-02 12:21:19.221696,201,below_sampling_floor,rule2_orphan_pulse,26:33,33,26,radar,video,33,a,1785694878.842,1785694879.162,0.32,0.6698,0.3349,2.0,orphan candidate on detector '33' not registered: pulse 0.320s < gate 0.670s
1785694899.723,2026-08-02 12:21:39.722668,201,below_sampling_floor,rule2_orphan_pulse,26:33,33,26,radar,video,33,a,1785694899.397,1785694899.712,0.314,0.6698,0.3349,2.0,orphan candidate on detector '33' not registered: pulse 0.314s < gate 0.670s
1785694903.656,2026-08-02 12:21:43.656034,201,below_sampling_floor,rule2_orphan_pulse,17:2,17,2,video,video,2,b,1785694903.242,1785694903.559,0.317,0.6698,0.3349,2.0,orphan candidate on detector '2' not registered: pulse 0.317s < gate 0.670s
1785694903.656,2026-08-02 12:21:43.656034,201,below_sampling_floor,rule2_orphan_pulse,2:46,2,46,video,radar,2,a,1785694903.242,1785694903.559,0.317,0.6698,0.3349,2.0,orphan candidate on detector '2' not registered: pulse 0.317s < gate 0.670s
1785694907.392,2026-08-02 12:21:47.392357,201,below_sampling_floor,rule2_orphan_pulse,26:33,33,26,radar,video,33,a,1785694906.741,1785694907.387,0.646,0.6698,0.3349,2.0,orphan candidate on detector '33' not registered: pulse 0.646s < gate 0.670s
1785694909.410,2026-08-02 12:21:49.410163,201,below_sampling_floor,rule2_orphan_pulse,17:46,46,17,radar,video,46,a,1785694908.686,1785694909.345,0.659,0.6698,0.3349,2.0,orphan candidate on detector '46' not registered: pulse 0.659s < gate 0.670s
1785694909.411,2026-08-02 12:21:49.411261,201,below_sampling_floor,rule2_orphan_pulse,2:46,2,46,video,radar,46,b,1785694908.686,1785694909.345,0.659,0.6698,0.3349,2.0,orphan candidate on detector '46' not registered: pulse 0.659s < gate 0.670s
1785694909.715,2026-08-02 12:21:49.714743,201,below_sampling_floor,rule2_orphan_pulse,26:33,33,26,radar,video,33,a,1785694909.006,1785694909.672,0.666,0.6698,0.3349,2.0,orphan candidate on detector '33' not registered: pulse 0.666s < gate 0.670s
1785694938.641,2026-08-02 12:22:18.641263,201,below_sampling_floor,rule2_orphan_pulse,26:33,33,26,radar,video,33,a,1785694937.947,1785694938.585,0.638,0.6505,0.3252,2.0,orphan candidate on detector '33' not registered: pulse 0.638s < gate 0.650s
1785694943.177,2026-08-02 12:22:23.177089,201,below_sampling_floor,rule2_orphan_pulse,26:33,33,26,radar,video,33,a,1785694942.806,1785694943.126,0.32,0.6505,0.3252,2.0,orphan candidate on detector '33' not registered: pulse 0.320s < gate 0.650s
1785694946.102,2026-08-02 12:22:26.102335,201,below_sampling_floor,rule2_orphan_pulse,26:33,33,26,radar,video,33,a,1785694945.721,1785694946.036,0.315,0.6505,0.3252,2.0,orphan candidate on detector '33' not registered: pulse 0.315s < gate 0.650s
1785694961.814,2026-08-02 12:22:41.813602,201,below_sampling_floor,rule2_orphan_pulse,26:33,33,26,radar,video,33,a,1785694961.086,1785694961.736,0.65,0.6505,0.3252,2.0,orphan candidate on detector '33' not registered: pulse 0.650s < gate 0.650s
1785694967.356,2026-08-02 12:22:47.356332,201,below_sampling_floor,rule2_orphan_pulse,26:33,33,26,radar,video,33,a,1785694966.628,1785694967.274,0.646,0.6505,0.3252,2.0,orphan candidate on detector '33' not registered: pulse 0.646s < gate 0.650s
1785694975.520,2026-08-02 12:22:55.520201,201,below_sampling_floor,rule2_orphan_pulse,26:33,33,26,radar,video,33,a,1785694974.825,1785694975.469,0.644,0.6505,0.3252,2.0,orphan candidate on detector '33' not registered: pulse 0.644s < gate 0.650s
1785694977.437,2026-08-02 12:22:57.437199,201,below_sampling_floor,rule2_orphan_pulse,26:33,33,26,radar,video,33,a,1785694976.773,1785694977.424,0.651,0.6522,0.3261,2.0,orphan candidate on detector '33' not registered: pulse 0.651s < gate 0.652s
1785694977.841,2026-08-02 12:22:57.841198,201,below_sampling_floor,rule2_orphan_pulse,17:46,46,17,radar,video,46,a,1785694977.104,1785694977.750,0.646,0.6522,0.3261,2.0,orphan candidate on detector '46' not registered: pulse 0.646s < gate 0.652s
1785694977.841,2026-08-02 12:22:57.841198,201,below_sampling_floor,rule2_orphan_pulse,2:46,2,46,video,radar,46,b,1785694977.104,1785694977.750,0.646,0.6522,0.3261,2.0,orphan candidate on detector '46' not registered: pulse 0.646s < gate 0.652s
1785694979.053,2026-08-02 12:22:59.053206,201,below_sampling_floor,rule2_orphan_pulse,26:33,33,26,radar,video,33,a,1785694978.718,1785694979.034,0.316,0.6522,0.3261,2.0,orphan candidate on detector '33' not registered: pulse 0.316s < gate 0.652s
1785694987.425,2026-08-02 12:23:07.425251,201,below_sampling_floor,rule2_orphan_pulse,31:42,42,31,radar,video,42,a,1785694987.058,1785694987.383,0.325,0.6522,0.3261,2.0,orphan candidate on detector '42' not registered: pulse 0.325s < gate 0.652s
1785694987.426,2026-08-02 12:23:07.426183,201,below_sampling_floor,rule2_orphan_pulse,42:8,8,42,video,radar,42,b,1785694987.058,1785694987.383,0.325,0.6522,0.3261,2.0,orphan candidate on detector '42' not registered: pulse 0.325s < gate 0.652s
1785695007.398,2026-08-02 12:23:27.398194,201,below_sampling_floor,rule2_orphan_pulse,17:2,17,2,video,video,2,b,1785695006.982,1785695007.318,0.335,0.6522,0.3261,2.0,orphan candidate on detector '2' not registered: pulse 0.335s < gate 0.652s
1785695007.399,2026-08-02 12:23:27.399290,201,below_sampling_floor,rule2_orphan_pulse,2:46,2,46,video,radar,2,a,1785695006.982,1785695007.318,0.335,0.6522,0.3261,2.0,orphan candidate on detector '2' not registered: pulse 0.335s < gate 0.652s
1785695058.306,2026-08-02 12:24:18.305857,201,below_sampling_floor,rule2_orphan_pulse,26:33,33,26,radar,video,33,a,1785695057.583,1785695058.216,0.633,0.6692,0.3346,2.0,orphan candidate on detector '33' not registered: pulse 0.633s < gate 0.669s
1785695064.651,2026-08-02 12:24:24.650743,201,below_sampling_floor,rule2_orphan_pulse,26:33,33,26,radar,video,33,a,1785695063.928,1785695064.564,0.636,0.6692,0.3346,2.0,orphan candidate on detector '33' not registered: pulse 0.636s < gate 0.669s
1785695065.864,2026-08-02 12:24:25.864455,201,below_sampling_floor,rule2_orphan_pulse,26:33,33,26,radar,video,33,a,1785695065.227,1785695065.864,0.638,0.6692,0.3346,2.0,orphan candidate on detector '33' not registered: pulse 0.638s < gate 0.669s
1785695067.888,2026-08-02 12:24:27.887851,201,below_sampling_floor,rule2_orphan_pulse,26:33,33,26,radar,video,33,a,1785695067.516,1785695067.861,0.346,0.6692,0.3346,2.0,orphan candidate on detector '33' not registered: pulse 0.346s < gate 0.669s
1785695080.992,2026-08-02 12:24:40.992054,201,below_sampling_floor,rule2_orphan_pulse,26:33,33,26,radar,video,33,a,1785695080.620,1785695080.952,0.332,0.6692,0.3346,2.0,orphan candidate on detector '33' not registered: pulse 0.332s < gate 0.669s
1785695082.710,2026-08-02 12:24:42.709781,201,below_sampling_floor,rule2_orphan_pulse,26:33,33,26,radar,video,33,a,1785695082.284,1785695082.626,0.342,0.6692,0.3346,2.0,orphan candidate on detector '33' not registered: pulse 0.342s < gate 0.669s
1785695112.174,2026-08-02 12:25:12.174169,201,below_sampling_floor,rule2_orphan_pulse,26:33,33,26,radar,video,33,a,1785695111.500,1785695112.142,0.642,0.6582,0.3291,2.0,orphan candidate on detector '33' not registered: pulse 0.642s < gate 0.658s
1785695114.087,2026-08-02 12:25:14.087135,201,below_sampling_floor,rule2_orphan_pulse,26:33,33,26,radar,video,33,a,1785695113.431,1785695114.077,0.646,0.6582,0.3291,2.0,orphan candidate on detector '33' not registered: pulse 0.646s < gate 0.658s
1785695119.323,2026-08-02 12:25:19.323234,201,below_sampling_floor,rule2_orphan_pulse,26:33,33,26,radar,video,33,a,1785695118.659,1785695119.306,0.647,0.6582,0.3291,2.0,orphan candidate on detector '33' not registered: pulse 0.647s < gate 0.658s
1785695143.908,2026-08-02 12:25:43.908033,201,below_sampling_floor,rule2_orphan_pulse,29:43,43,29,radar,video,29,b,1785695143.521,1785695143.830,0.309,0.6582,0.3291,2.0,orphan candidate on detector '29' not registered: pulse 0.309s < gate 0.658s
1785695145.824,2026-08-02 12:25:45.824337,201,below_sampling_floor,rule2_orphan_pulse,29:43,43,29,radar,video,29,b,1785695145.448,1785695145.784,0.337,0.6582,0.3291,2.0,orphan candidate on detector '29' not registered: pulse 0.337s < gate 0.658s
1785695146.431,2026-08-02 12:25:46.431474,201,below_sampling_floor,rule2_orphan_pulse,29:43,43,29,radar,video,29,b,1785695146.097,1785695146.406,0.309,0.6582,0.3291,2.0,orphan candidate on detector '29' not registered: pulse 0.309s < gate 0.658s
1785695147.138,2026-08-02 12:25:47.137825,201,below_sampling_floor,rule2_orphan_pulse,29:43,43,29,radar,video,29,b,1785695146.723,1785695147.057,0.334,0.6582,0.3291,2.0,orphan candidate on detector '29' not registered: pulse 0.334s < gate 0.658s
1785695172.552,2026-08-02 12:26:12.552398,201,below_sampling_floor,rule2_orphan_pulse,24:7,24,7,video,video,7,b,1785695171.821,1785695172.471,0.65,0.6626,0.3313,2.0,orphan candidate on detector '7' not registered: pulse 0.650s < gate 0.663s
1785695172.552,2026-08-02 12:26:12.552398,201,below_sampling_floor,rule2_orphan_pulse,38:7,7,38,video,radar,7,a,1785695171.821,1785695172.471,0.65,0.6626,0.3313,2.0,orphan candidate on detector '7' not registered: pulse 0.650s < gate 0.663s
1785695209.064,2026-08-02 12:26:49.063983,201,below_sampling_floor,rule2_orphan_pulse,17:46,46,17,radar,video,46,a,1785695208.687,1785695209.006,0.319,0.6626,0.3313,2.0,orphan candidate on detector '46' not registered: pulse 0.319s < gate 0.663s
1785695209.066,2026-08-02 12:26:49.065711,201,below_sampling_floor,rule2_orphan_pulse,2:46,2,46,video,radar,46,b,1785695208.687,1785695209.006,0.319,0.6626,0.3313,2.0,orphan candidate on detector '46' not registered: pulse 0.319s < gate 0.663s
1785695239.707,2026-08-02 12:27:19.706613,201,below_sampling_floor,rule2_orphan_pulse,17:2,17,2,video,video,2,b,1785695239.318,1785695239.655,0.337,0.6474,0.3237,2.0,orphan candidate on detector '2' not registered: pulse 0.337s < gate 0.647s
1785695239.709,2026-08-02 12:27:19.708780,201,below_sampling_floor,rule2_orphan_pulse,2:46,2,46,video,radar,2,a,1785695239.318,1785695239.655,0.337,0.6474,0.3237,2.0,orphan candidate on detector '2' not registered: pulse 0.337s < gate 0.647s
1785695264.196,2026-08-02 12:27:44.195873,201,below_sampling_floor,rule2_orphan_pulse,26:33,33,26,radar,video,33,a,1785695263.772,1785695264.105,0.333,0.6474,0.3237,2.0,orphan candidate on detector '33' not registered: pulse 0.333s < gate 0.647s
1785695281.228,2026-08-02 12:28:01.227856,201,below_sampling_floor,rule2_orphan_pulse,26:33,33,26,radar,video,33,a,1785695280.527,1785695281.172,0.644,0.6567,0.3284,2.0,orphan candidate on detector '33' not registered: pulse 0.644s < gate 0.657s
1785695287.474,2026-08-02 12:28:07.473804,201,below_sampling_floor,rule2_orphan_pulse,17:2,17,2,video,video,2,b,1785695287.126,1785695287.449,0.323,0.6567,0.3284,2.0,orphan candidate on detector '2' not registered: pulse 0.323s < gate 0.657s
1785695287.474,2026-08-02 12:28:07.474345,201,below_sampling_floor,rule2_orphan_pulse,2:46,2,46,video,radar,2,a,1785695287.126,1785695287.449,0.323,0.6567,0.3284,2.0,orphan candidate on detector '2' not registered: pulse 0.323s < gate 0.657s
1785695299.568,2026-08-02 12:28:19.567591,201,below_sampling_floor,rule2_orphan_pulse,17:2,17,2,video,video,2,b,1785695298.859,1785695299.496,0.637,0.6567,0.3284,2.0,orphan candidate on detector '2' not registered: pulse 0.637s < gate 0.657s
1785695299.569,2026-08-02 12:28:19.568673,201,below_sampling_floor,rule2_orphan_pulse,2:46,2,46,video,radar,2,a,1785695298.859,1785695299.496,0.637,0.6567,0.3284,2.0,orphan candidate on detector '2' not registered: pulse 0.637s < gate 0.657s
1785695321.034,2026-08-02 12:28:41.034471,201,below_sampling_floor,rule2_orphan_pulse,22:4,22,4,video,video,4,b,1785695320.621,1785695320.956,0.335,0.6567,0.3284,2.0,orphan candidate on detector '4' not registered: pulse 0.335s < gate 0.657s
1785695321.037,2026-08-02 12:28:41.037480,201,below_sampling_floor,rule2_orphan_pulse,39:4,4,39,video,radar,4,a,1785695320.621,1785695320.956,0.335,0.6567,0.3284,2.0,orphan candidate on detector '4' not registered: pulse 0.335s < gate 0.657s
1785695408.883,2026-08-02 12:30:08.882898,201,below_sampling_floor,rule2_orphan_pulse,17:46,46,17,radar,video,46,a,1785695408.443,1785695408.801,0.358,0.6426,0.3213,2.0,orphan candidate on detector '46' not registered: pulse 0.358s < gate 0.643s
1785695408.883,2026-08-02 12:30:08.882898,201,below_sampling_floor,rule2_orphan_pulse,2:46,2,46,video,radar,46,b,1785695408.443,1785695408.801,0.358,0.6426,0.3213,2.0,orphan candidate on detector '46' not registered: pulse 0.358s < gate 0.643s
1785695470.223,2026-08-02 12:31:10.223272,201,below_sampling_floor,rule2_orphan_pulse,17:2,17,2,video,video,2,b,1785695469.831,1785695470.164,0.333,0.6722,0.3361,2.0,orphan candidate on detector '2' not registered: pulse 0.333s < gate 0.672s
1785695470.224,2026-08-02 12:31:10.224280,201,below_sampling_floor,rule2_orphan_pulse,2:46,2,46,video,radar,2,a,1785695469.831,1785695470.164,0.333,0.6722,0.3361,2.0,orphan candidate on detector '2' not registered: pulse 0.333s < gate 0.672s
1785695470.225,2026-08-02 12:31:10.225277,201,below_sampling_floor,rule2_orphan_pulse,26:33,33,26,radar,video,33,a,1785695469.517,1785695470.164,0.647,0.6722,0.3361,2.0,orphan candidate on detector '33' not registered: pulse 0.647s < gate 0.672s
1785695474.279,2026-08-02 12:31:14.278526,201,below_sampling_floor,rule2_orphan_pulse,17:46,46,17,radar,video,46,a,1785695473.531,1785695474.191,0.66,0.6722,0.3361,2.0,orphan candidate on detector '46' not registered: pulse 0.660s < gate 0.672s
1785695474.279,2026-08-02 12:31:14.278526,201,below_sampling_floor,rule2_orphan_pulse,2:46,2,46,video,radar,46,b,1785695473.531,1785695474.191,0.66,0.6722,0.3361,2.0,orphan candidate on detector '46' not registered: pulse 0.660s < gate 0.672s
1785695487.198,2026-08-02 12:31:27.197662,201,below_sampling_floor,rule2_orphan_pulse,26:33,33,26,radar,video,26,b,1785695486.820,1785695487.149,0.329,0.6722,0.3361,2.0,orphan candidate on detector '26' not registered: pulse 0.329s < gate 0.672s
1785695513.299,2026-08-02 12:31:53.298834,201,below_sampling_floor,rule2_orphan_pulse,17:2,17,2,video,video,2,b,1785695512.951,1785695513.264,0.313,0.6722,0.3361,2.0,orphan candidate on detector '2' not registered: pulse 0.313s < gate 0.672s
1785695513.299,2026-08-02 12:31:53.298834,201,below_sampling_floor,rule2_orphan_pulse,2:46,2,46,video,radar,2,a,1785695512.951,1785695513.264,0.313,0.6722,0.3361,2.0,orphan candidate on detector '2' not registered: pulse 0.313s < gate 0.672s
1785695548.277,2026-08-02 12:32:28.276717,201,below_sampling_floor,rule2_orphan_pulse,31:42,42,31,radar,video,42,a,1785695547.578,1785695548.218,0.639,0.6561,0.3281,2.0,orphan candidate on detector '42' not registered: pulse 0.639s < gate 0.656s
1785695548.277,2026-08-02 12:32:28.276717,201,below_sampling_floor,rule2_orphan_pulse,42:8,8,42,video,radar,42,b,1785695547.578,1785695548.218,0.639,0.6561,0.3281,2.0,orphan candidate on detector '42' not registered: pulse 0.639s < gate 0.656s
1785695549.893,2026-08-02 12:32:29.893371,201,below_sampling_floor,rule2_orphan_pulse,31:42,42,31,radar,video,31,b,1785695549.503,1785695549.826,0.323,0.6561,0.3281,2.0,orphan candidate on detector '31' not registered: pulse 0.323s < gate 0.656s
1785695549.893,2026-08-02 12:32:29.893371,201,below_sampling_floor,rule2_orphan_pulse,31:8,31,8,video,video,31,a,1785695549.503,1785695549.826,0.323,0.6561,0.3281,2.0,orphan candidate on detector '31' not registered: pulse 0.323s < gate 0.656s
1785695562.926,2026-08-02 12:32:42.925569,201,below_sampling_floor,rule2_orphan_pulse,26:33,33,26,radar,video,33,a,1785695562.247,1785695562.880,0.633,0.6561,0.3281,2.0,orphan candidate on detector '33' not registered: pulse 0.633s < gate 0.656s
1785695566.455,2026-08-02 12:32:46.454822,201,below_sampling_floor,rule2_orphan_pulse,26:33,33,26,radar,video,33,a,1785695565.792,1785695566.431,0.639,0.6561,0.3281,2.0,orphan candidate on detector '33' not registered: pulse 0.639s < gate 0.656s
1785695579.162,2026-08-02 12:32:59.162440,201,below_sampling_floor,rule2_orphan_pulse,26:33,33,26,radar,video,33,a,1785695578.764,1785695579.095,0.331,0.646,0.323,2.0,orphan candidate on detector '33' not registered: pulse 0.331s < gate 0.646s
1785695583.494,2026-08-02 12:33:03.494243,201,below_sampling_floor,rule2_orphan_pulse,26:33,33,26,radar,video,33,a,1785695582.808,1785695583.451,0.643,0.646,0.323,2.0,orphan candidate on detector '33' not registered: pulse 0.643s < gate 0.646s
1785695621.731,2026-08-02 12:33:41.730671,201,below_sampling_floor,rule2_orphan_pulse,26:33,33,26,radar,video,33,a,1785695621.034,1785695621.673,0.639,0.646,0.323,2.0,orphan candidate on detector '33' not registered: pulse 0.639s < gate 0.646s
1785695676.715,2026-08-02 12:34:36.715050,201,below_sampling_floor,rule2_orphan_pulse,29:43,43,29,radar,video,29,b,1785695676.371,1785695676.697,0.326,0.6723,0.3362,2.0,orphan candidate on detector '29' not registered: pulse 0.326s < gate 0.672s
1785695751.485,2026-08-02 12:35:51.484777,201,below_sampling_floor,rule2_orphan_pulse,17:46,46,17,radar,video,46,a,1785695751.088,1785695751.417,0.329,0.6514,0.3257,2.0,orphan candidate on detector '46' not registered: pulse 0.329s < gate 0.651s
1785695751.486,2026-08-02 12:35:51.485981,201,below_sampling_floor,rule2_orphan_pulse,2:46,2,46,video,radar,46,b,1785695751.088,1785695751.417,0.329,0.6514,0.3257,2.0,orphan candidate on detector '46' not registered: pulse 0.329s < gate 0.651s
1785695781.152,2026-08-02 12:36:21.151840,201,below_sampling_floor,rule2_orphan_pulse,29:43,43,29,radar,video,43,a,1785695780.423,1785695781.060,0.638,0.6589,0.3295,2.0,orphan candidate on detector '43' not registered: pulse 0.638s < gate 0.659s
1785695784.281,2026-08-02 12:36:24.280691,201,below_sampling_floor,rule2_orphan_pulse,26:33,33,26,radar,video,33,a,1785695783.621,1785695784.260,0.639,0.6589,0.3295,2.0,orphan candidate on detector '33' not registered: pulse 0.639s < gate 0.659s
1785695786.609,2026-08-02 12:36:26.609459,201,below_sampling_floor,rule2_orphan_pulse,26:33,33,26,radar,video,33,a,1785695786.228,1785695786.538,0.31,0.6589,0.3295,2.0,orphan candidate on detector '33' not registered: pulse 0.310s < gate 0.659s
1785695788.527,2026-08-02 12:36:28.526793,201,below_sampling_floor,rule2_orphan_pulse,26:33,33,26,radar,video,33,a,1785695787.865,1785695788.522,0.658,0.6589,0.3295,2.0,orphan candidate on detector '33' not registered: pulse 0.658s < gate 0.659s
1785695790.241,2026-08-02 12:36:30.241304,201,below_sampling_floor,rule2_orphan_pulse,26:33,33,26,radar,video,33,a,1785695789.526,1785695790.173,0.647,0.6589,0.3295,2.0,orphan candidate on detector '33' not registered: pulse 0.647s < gate 0.659s
1785695794.476,2026-08-02 12:36:34.476237,201,below_sampling_floor,rule2_orphan_pulse,26:33,33,26,radar,video,33,a,1785695793.767,1785695794.425,0.658,0.6589,0.3295,2.0,orphan candidate on detector '33' not registered: pulse 0.658s < gate 0.659s
1785695803.248,2026-08-02 12:36:43.247565,201,below_sampling_floor,rule2_orphan_pulse,26:33,33,26,radar,video,33,a,1785695802.610,1785695803.242,0.633,0.6589,0.3295,2.0,orphan candidate on detector '33' not registered: pulse 0.633s < gate 0.659s
1785695816.884,2026-08-02 12:36:56.884176,201,below_sampling_floor,rule2_orphan_pulse,31:42,42,31,radar,video,31,b,1785695816.234,1785695816.875,0.641,0.6483,0.3241,2.0,orphan candidate on detector '31' not registered: pulse 0.641s < gate 0.648s
1785695816.885,2026-08-02 12:36:56.885283,201,below_sampling_floor,rule2_orphan_pulse,31:8,31,8,video,video,31,a,1785695816.234,1785695816.875,0.641,0.6483,0.3241,2.0,orphan candidate on detector '31' not registered: pulse 0.641s < gate 0.648s
1785695818.196,2026-08-02 12:36:58.195999,201,below_sampling_floor,rule2_orphan_pulse,30:41,41,30,radar,video,30,b,1785695817.859,1785695818.178,0.319,0.6483,0.3241,2.0,orphan candidate on detector '30' not registered: pulse 0.319s < gate 0.648s
1785695818.198,2026-08-02 12:36:58.198121,201,below_sampling_floor,rule2_orphan_pulse,3:30,30,3,video,video,30,a,1785695817.859,1785695818.178,0.319,0.6483,0.3241,2.0,orphan candidate on detector '30' not registered: pulse 0.319s < gate 0.648s
1785695820.524,2026-08-02 12:37:00.524472,201,below_sampling_floor,rule2_orphan_pulse,31:42,42,31,radar,video,31,b,1785695820.116,1785695820.453,0.337,0.6483,0.3241,2.0,orphan candidate on detector '31' not registered: pulse 0.337s < gate 0.648s
1785695820.524,2026-08-02 12:37:00.524472,201,below_sampling_floor,rule2_orphan_pulse,31:8,31,8,video,video,31,a,1785695820.116,1785695820.453,0.337,0.6483,0.3241,2.0,orphan candidate on detector '31' not registered: pulse 0.337s < gate 0.648s
1785695821.534,2026-08-02 12:37:01.534470,201,below_sampling_floor,rule2_orphan_pulse,3:30,30,3,video,video,3,b,1785695821.104,1785695821.503,0.399,0.6483,0.3241,2.0,orphan candidate on detector '3' not registered: pulse 0.399s < gate 0.648s
1785695821.535,2026-08-02 12:37:01.535499,201,below_sampling_floor,rule2_orphan_pulse,3:41,3,41,video,radar,3,a,1785695821.104,1785695821.503,0.399,0.6483,0.3241,2.0,orphan candidate on detector '3' not registered: pulse 0.399s < gate 0.648s
1785695825.803,2026-08-02 12:37:05.803317,201,below_sampling_floor,rule2_orphan_pulse,31:42,42,31,radar,video,31,b,1785695825.444,1785695825.791,0.348,0.6483,0.3241,2.0,orphan candidate on detector '31' not registered: pulse 0.348s < gate 0.648s
1785695825.803,2026-08-02 12:37:05.803317,201,below_sampling_floor,rule2_orphan_pulse,31:8,31,8,video,video,31,a,1785695825.444,1785695825.791,0.348,0.6483,0.3241,2.0,orphan candidate on detector '31' not registered: pulse 0.348s < gate 0.648s
1785695834.098,2026-08-02 12:37:14.098425,201,below_sampling_floor,rule2_orphan_pulse,24:7,24,7,video,video,7,b,1785695833.417,1785695834.057,0.64,0.6483,0.3241,2.0,orphan candidate on detector '7' not registered: pulse 0.640s < gate 0.648s
1785695834.098,2026-08-02 12:37:14.098425,201,below_sampling_floor,rule2_orphan_pulse,38:7,7,38,video,radar,7,a,1785695833.417,1785695834.057,0.64,0.6483,0.3241,2.0,orphan candidate on detector '7' not registered: pulse 0.640s < gate 0.648s
1785695891.450,2026-08-02 12:38:11.449917,201,below_sampling_floor,rule2_orphan_pulse,17:46,46,17,radar,video,17,b,1785695890.748,1785695891.381,0.633,0.6858,0.3429,2.0,orphan candidate on detector '17' not registered: pulse 0.633s < gate 0.686s
1785695891.450,2026-08-02 12:38:11.449917,201,below_sampling_floor,rule2_orphan_pulse,17:2,17,2,video,video,17,a,1785695890.748,1785695891.381,0.633,0.6858,0.3429,2.0,orphan candidate on detector '17' not registered: pulse 0.633s < gate 0.686s
1785695927.169,2026-08-02 12:38:47.168905,201,below_sampling_floor,rule2_orphan_pulse,26:33,33,26,radar,video,33,a,1785695926.467,1785695927.119,0.652,0.6858,0.3429,2.0,orphan candidate on detector '33' not registered: pulse 0.652s < gate 0.686s
1785695955.021,2026-08-02 12:39:15.021433,201,below_sampling_floor,rule2_orphan_pulse,17:2,17,2,video,video,2,b,1785695954.655,1785695954.980,0.325,0.6421,0.3211,2.0,orphan candidate on detector '2' not registered: pulse 0.325s < gate 0.642s
1785695955.022,2026-08-02 12:39:15.021998,201,below_sampling_floor,rule2_orphan_pulse,2:46,2,46,video,radar,2,a,1785695954.655,1785695954.980,0.325,0.6421,0.3211,2.0,orphan candidate on detector '2' not registered: pulse 0.325s < gate 0.642s
1785696046.305,2026-08-02 12:40:46.304800,201,below_sampling_floor,rule2_orphan_pulse,17:46,46,17,radar,video,17,b,1785696045.981,1785696046.305,0.324,0.6676,0.3338,2.0,orphan candidate on detector '17' not registered: pulse 0.324s < gate 0.668s
1785696046.307,2026-08-02 12:40:46.306804,201,below_sampling_floor,rule2_orphan_pulse,17:2,17,2,video,video,17,a,1785696045.981,1785696046.305,0.324,0.6676,0.3338,2.0,orphan candidate on detector '17' not registered: pulse 0.324s < gate 0.668s
1785696065.892,2026-08-02 12:41:05.892025,201,below_sampling_floor,rule2_orphan_pulse,31:42,42,31,radar,video,42,a,1785696065.474,1785696065.810,0.336,0.6541,0.3271,2.0,orphan candidate on detector '42' not registered: pulse 0.336s < gate 0.654s
1785696065.894,2026-08-02 12:41:05.894035,201,below_sampling_floor,rule2_orphan_pulse,42:8,8,42,video,radar,42,b,1785696065.474,1785696065.810,0.336,0.6541,0.3271,2.0,orphan candidate on detector '42' not registered: pulse 0.336s < gate 0.654s
1785696171.878,2026-08-02 12:42:51.878426,201,below_sampling_floor,rule2_orphan_pulse,17:2,17,2,video,video,17,a,1785696171.500,1785696171.837,0.337,0.6514,0.3257,2.0,orphan candidate on detector '17' not registered: pulse 0.337s < gate 0.651s
1785696238.541,2026-08-02 12:43:58.541440,201,below_sampling_floor,rule2_orphan_pulse,31:8,31,8,video,video,8,b,1785696238.134,1785696238.440,0.307,0.6547,0.3273,2.0,orphan candidate on detector '8' not registered: pulse 0.307s < gate 0.655s
1785696238.541,2026-08-02 12:43:58.541440,201,below_sampling_floor,rule2_orphan_pulse,42:8,8,42,video,radar,8,a,1785696238.134,1785696238.440,0.307,0.6547,0.3273,2.0,orphan candidate on detector '8' not registered: pulse 0.307s < gate 0.655s
1785696248.223,2026-08-02 12:44:08.222504,201,below_sampling_floor,rule2_orphan_pulse,30:41,41,30,radar,video,30,b,1785696247.541,1785696248.175,0.634,0.6547,0.3273,2.0,orphan candidate on detector '30' not registered: pulse 0.634s < gate 0.655s
1785696248.224,2026-08-02 12:44:08.224289,201,below_sampling_floor,rule2_orphan_pulse,3:30,30,3,video,video,30,a,1785696247.541,1785696248.175,0.634,0.6547,0.3273,2.0,orphan candidate on detector '30' not registered: pulse 0.634s < gate 0.655s
1785696249.546,2026-08-02 12:44:09.545649,201,below_sampling_floor,rule2_orphan_pulse,3:30,30,3,video,video,3,b,1785696249.165,1785696249.499,0.334,0.6547,0.3273,2.0,orphan candidate on detector '3' not registered: pulse 0.334s < gate 0.655s
1785696249.547,2026-08-02 12:44:09.546699,201,below_sampling_floor,rule2_orphan_pulse,3:41,3,41,video,radar,3,a,1785696249.165,1785696249.499,0.334,0.6547,0.3273,2.0,orphan candidate on detector '3' not registered: pulse 0.334s < gate 0.655s
1785696266.944,2026-08-02 12:44:26.944002,201,below_sampling_floor,rule2_orphan_pulse,31:42,42,31,radar,video,31,b,1785696266.604,1785696266.932,0.328,0.6547,0.3273,2.0,orphan candidate on detector '31' not registered: pulse 0.328s < gate 0.655s
1785696266.945,2026-08-02 12:44:26.945047,201,below_sampling_floor,rule2_orphan_pulse,31:8,31,8,video,video,31,a,1785696266.604,1785696266.932,0.328,0.6547,0.3273,2.0,orphan candidate on detector '31' not registered: pulse 0.328s < gate 0.655s
1785696284.514,2026-08-02 12:44:44.513899,201,below_sampling_floor,rule2_orphan_pulse,31:42,42,31,radar,video,31,b,1785696284.142,1785696284.472,0.33,0.6547,0.3273,2.0,orphan candidate on detector '31' not registered: pulse 0.330s < gate 0.655s
1785696290.352,2026-08-02 12:44:50.352457,201,below_sampling_floor,rule2_orphan_pulse,31:8,31,8,video,video,31,a,1785696284.142,1785696284.472,0.33,0.6547,0.3273,2.0,orphan candidate on detector '31' not registered: pulse 0.330s < gate 0.655s
1785696308.931,2026-08-02 12:45:08.930860,201,below_sampling_floor,rule2_orphan_pulse,26:33,33,26,radar,video,33,a,1785696308.218,1785696308.861,0.643,0.6665,0.3333,2.0,orphan candidate on detector '33' not registered: pulse 0.643s < gate 0.667s
1785696317.013,2026-08-02 12:45:17.013408,201,below_sampling_floor,rule2_orphan_pulse,17:46,46,17,radar,video,46,a,1785696316.643,1785696316.968,0.325,0.6665,0.3333,2.0,orphan candidate on detector '46' not registered: pulse 0.325s < gate 0.667s
1785696317.015,2026-08-02 12:45:17.015419,201,below_sampling_floor,rule2_orphan_pulse,2:46,2,46,video,radar,46,b,1785696316.643,1785696316.968,0.325,0.6665,0.3333,2.0,orphan candidate on detector '46' not registered: pulse 0.325s < gate 0.667s
1785696332.143,2026-08-02 12:45:32.142888,201,below_sampling_floor,rule2_orphan_pulse,26:33,33,26,radar,video,33,a,1785696331.408,1785696332.062,0.654,0.6665,0.3333,2.0,orphan candidate on detector '33' not registered: pulse 0.654s < gate 0.667s
1785696361.195,2026-08-02 12:46:01.195058,201,below_sampling_floor,rule2_orphan_pulse,31:42,42,31,radar,video,31,b,1785696360.805,1785696361.122,0.317,0.6811,0.3405,2.0,orphan candidate on detector '31' not registered: pulse 0.317s < gate 0.681s
1785696361.195,2026-08-02 12:46:01.195058,201,below_sampling_floor,rule2_orphan_pulse,31:8,31,8,video,video,31,a,1785696360.805,1785696361.122,0.317,0.6811,0.3405,2.0,orphan candidate on detector '31' not registered: pulse 0.317s < gate 0.681s
1785696364.122,2026-08-02 12:46:04.121514,201,below_sampling_floor,rule2_orphan_pulse,31:42,42,31,radar,video,31,b,1785696363.728,1785696364.039,0.311,0.6811,0.3405,2.0,orphan candidate on detector '31' not registered: pulse 0.311s < gate 0.681s
1785696364.124,2026-08-02 12:46:04.123872,201,below_sampling_floor,rule2_orphan_pulse,31:8,31,8,video,video,31,a,1785696363.728,1785696364.039,0.311,0.6811,0.3405,2.0,orphan candidate on detector '31' not registered: pulse 0.311s < gate 0.681s
1785696384.445,2026-08-02 12:46:24.444879,201,below_sampling_floor,rule2_orphan_pulse,29:43,43,29,radar,video,29,b,1785696383.756,1785696384.422,0.666,0.6811,0.3405,2.0,orphan candidate on detector '29' not registered: pulse 0.666s < gate 0.681s
1785696385.758,2026-08-02 12:46:25.758093,201,below_sampling_floor,rule2_orphan_pulse,29:43,43,29,radar,video,29,b,1785696385.389,1785696385.720,0.331,0.6811,0.3405,2.0,orphan candidate on detector '29' not registered: pulse 0.331s < gate 0.681s
1785696387.777,2026-08-02 12:46:27.777401,201,below_sampling_floor,rule2_orphan_pulse,29:43,43,29,radar,video,29,b,1785696387.369,1785696387.707,0.338,0.6811,0.3405,2.0,orphan candidate on detector '29' not registered: pulse 0.338s < gate 0.681s
1785696388.389,2026-08-02 12:46:28.389185,201,below_sampling_floor,rule2_orphan_pulse,29:43,43,29,radar,video,29,b,1785696388.027,1785696388.354,0.327,0.6811,0.3405,2.0,orphan candidate on detector '29' not registered: pulse 0.327s < gate 0.681s
1785696391.317,2026-08-02 12:46:31.316853,201,below_sampling_floor,rule2_orphan_pulse,29:43,43,29,radar,video,29,b,1785696390.607,1785696391.262,0.655,0.6811,0.3405,2.0,orphan candidate on detector '29' not registered: pulse 0.655s < gate 0.681s
1785696394.552,2026-08-02 12:46:34.551987,201,below_sampling_floor,rule2_orphan_pulse,31:42,42,31,radar,video,42,a,1785696394.180,1785696394.498,0.318,0.6811,0.3405,2.0,orphan candidate on detector '42' not registered: pulse 0.318s < gate 0.681s
1785696394.552,2026-08-02 12:46:34.551987,201,below_sampling_floor,rule2_orphan_pulse,42:8,8,42,video,radar,42,b,1785696394.180,1785696394.498,0.318,0.6811,0.3405,2.0,orphan candidate on detector '42' not registered: pulse 0.318s < gate 0.681s
1785696409.584,2026-08-02 12:46:49.584263,201,below_sampling_floor,rule2_orphan_pulse,22:39,39,22,radar,video,22,b,1785696409.178,1785696409.498,0.32,0.6811,0.3405,2.0,orphan candidate on detector '22' not registered: pulse 0.320s < gate 0.681s
1785696409.584,2026-08-02 12:46:49.584263,201,below_sampling_floor,rule2_orphan_pulse,22:4,22,4,video,video,22,a,1785696409.178,1785696409.498,0.32,0.6811,0.3405,2.0,orphan candidate on detector '22' not registered: pulse 0.320s < gate 0.681s
1785696410.797,2026-08-02 12:46:50.796914,201,below_sampling_floor,rule2_orphan_pulse,24:38,38,24,radar,video,24,b,1785696410.133,1785696410.759,0.626,0.6811,0.3405,2.0,orphan candidate on detector '24' not registered: pulse 0.626s < gate 0.681s
1785696410.797,2026-08-02 12:46:50.796914,201,below_sampling_floor,rule2_orphan_pulse,24:7,24,7,video,video,24,a,1785696410.133,1785696410.759,0.626,0.6811,0.3405,2.0,orphan candidate on detector '24' not registered: pulse 0.626s < gate 0.681s
1785696434.326,2026-08-02 12:47:14.325732,201,below_sampling_floor,rule2_orphan_pulse,26:33,33,26,radar,video,33,a,1785696433.984,1785696434.315,0.33,0.6499,0.325,2.0,orphan candidate on detector '33' not registered: pulse 0.330s < gate 0.650s
1785696572.223,2026-08-02 12:49:32.223289,201,below_sampling_floor,rule2_orphan_pulse,26:33,33,26,radar,video,33,a,1785696571.495,1785696572.146,0.652,0.6535,0.3267,2.0,orphan candidate on detector '33' not registered: pulse 0.652s < gate 0.653s
1785696575.143,2026-08-02 12:49:35.142824,201,below_sampling_floor,rule2_orphan_pulse,26:33,33,26,radar,video,33,a,1785696574.736,1785696575.057,0.321,0.6535,0.3267,2.0,orphan candidate on detector '33' not registered: pulse 0.321s < gate 0.653s
1785696614.884,2026-08-02 12:50:14.883877,201,below_sampling_floor,rule2_orphan_pulse,17:2,17,2,video,video,2,b,1785696614.500,1785696614.825,0.325,0.6558,0.3279,2.0,orphan candidate on detector '2' not registered: pulse 0.325s < gate 0.656s
1785696614.886,2026-08-02 12:50:14.885663,201,below_sampling_floor,rule2_orphan_pulse,2:46,2,46,video,radar,2,a,1785696614.500,1785696614.825,0.325,0.6558,0.3279,2.0,orphan candidate on detector '2' not registered: pulse 0.325s < gate 0.656s
1785696785.792,2026-08-02 12:53:05.792186,201,below_sampling_floor,rule2_orphan_pulse,24:38,38,24,radar,video,24,b,1785696785.391,1785696785.706,0.315,0.66,0.33,2.0,orphan candidate on detector '24' not registered: pulse 0.315s < gate 0.660s
1785696785.792,2026-08-02 12:53:05.792186,201,below_sampling_floor,rule2_orphan_pulse,24:7,24,7,video,video,24,a,1785696785.391,1785696785.706,0.315,0.66,0.33,2.0,orphan candidate on detector '24' not registered: pulse 0.315s < gate 0.660s
1785696786.403,2026-08-02 12:53:06.403327,201,below_sampling_floor,rule2_orphan_pulse,24:7,24,7,video,video,7,b,1785696786.030,1785696786.342,0.312,0.66,0.33,2.0,orphan candidate on detector '7' not registered: pulse 0.312s < gate 0.660s
1785696786.405,2026-08-02 12:53:06.404676,201,below_sampling_floor,rule2_orphan_pulse,38:7,7,38,video,radar,7,a,1785696786.030,1785696786.342,0.312,0.66,0.33,2.0,orphan candidate on detector '7' not registered: pulse 0.312s < gate 0.660s
1785696853.418,2026-08-02 12:54:13.417967,201,below_sampling_floor,rule2_orphan_pulse,30:41,41,30,radar,video,41,a,1785696853.062,1785696853.410,0.348,0.6569,0.3284,2.0,orphan candidate on detector '41' not registered: pulse 0.348s < gate 0.657s
1785696853.421,2026-08-02 12:54:13.421174,201,below_sampling_floor,rule2_orphan_pulse,3:41,3,41,video,radar,41,b,1785696853.062,1785696853.410,0.348,0.6569,0.3284,2.0,orphan candidate on detector '41' not registered: pulse 0.348s < gate 0.657s
1785696870.679,2026-08-02 12:54:30.678531,201,below_sampling_floor,rule2_orphan_pulse,17:2,17,2,video,video,2,b,1785696870.273,1785696870.624,0.351,0.6569,0.3284,2.0,orphan candidate on detector '2' not registered: pulse 0.351s < gate 0.657s
1785696870.680,2026-08-02 12:54:30.679623,201,below_sampling_floor,rule2_orphan_pulse,2:46,2,46,video,radar,2,a,1785696870.273,1785696870.624,0.351,0.6569,0.3284,2.0,orphan candidate on detector '2' not registered: pulse 0.351s < gate 0.657s
1785696915.050,2026-08-02 12:55:15.050324,201,below_sampling_floor,rule2_orphan_pulse,17:46,46,17,radar,video,46,a,1785696914.634,1785696914.956,0.322,0.6539,0.3269,2.0,orphan candidate on detector '46' not registered: pulse 0.322s < gate 0.654s
1785696915.050,2026-08-02 12:55:15.050324,201,below_sampling_floor,rule2_orphan_pulse,2:46,2,46,video,radar,46,b,1785696914.634,1785696914.956,0.322,0.6539,0.3269,2.0,orphan candidate on detector '46' not registered: pulse 0.322s < gate 0.654s
1785696959.724,2026-08-02 12:55:59.724107,201,below_sampling_floor,rule2_orphan_pulse,22:4,22,4,video,video,4,b,1785696959.335,1785696959.665,0.329,0.6444,0.3222,2.0,orphan candidate on detector '4' not registered: pulse 0.329s < gate 0.644s
1785696959.725,2026-08-02 12:55:59.725119,201,below_sampling_floor,rule2_orphan_pulse,39:4,4,39,video,radar,4,a,1785696959.335,1785696959.665,0.329,0.6444,0.3222,2.0,orphan candidate on detector '4' not registered: pulse 0.329s < gate 0.644s
1785696995.422,2026-08-02 12:56:35.421558,201,below_sampling_floor,rule2_orphan_pulse,3:30,30,3,video,video,3,b,1785696995.017,1785696995.347,0.331,0.6444,0.3222,2.0,orphan candidate on detector '3' not registered: pulse 0.331s < gate 0.644s
1785696995.423,2026-08-02 12:56:35.422570,201,below_sampling_floor,rule2_orphan_pulse,3:41,3,41,video,radar,3,a,1785696995.017,1785696995.347,0.331,0.6444,0.3222,2.0,orphan candidate on detector '3' not registered: pulse 0.331s < gate 0.644s
1785697018.007,2026-08-02 12:56:58.007085,201,below_sampling_floor,rule2_orphan_pulse,31:42,42,31,radar,video,31,b,1785697017.347,1785697017.975,0.628,0.6569,0.3285,2.0,orphan candidate on detector '31' not registered: pulse 0.628s < gate 0.657s
1785697018.007,2026-08-02 12:56:58.007085,201,below_sampling_floor,rule2_orphan_pulse,31:8,31,8,video,video,31,a,1785697017.347,1785697017.975,0.628,0.6569,0.3285,2.0,orphan candidate on detector '31' not registered: pulse 0.628s < gate 0.657s
1785697029.300,2026-08-02 12:57:09.299594,201,below_sampling_floor,rule2_orphan_pulse,29:43,43,29,radar,video,43,a,1785697028.894,1785697029.231,0.336,0.6569,0.3285,2.0,orphan candidate on detector '43' not registered: pulse 0.336s < gate 0.657s
1785697038.085,2026-08-02 12:57:18.084838,201,below_sampling_floor,rule2_orphan_pulse,17:46,46,17,radar,video,46,a,1785697037.432,1785697038.082,0.65,0.6569,0.3285,2.0,orphan candidate on detector '46' not registered: pulse 0.650s < gate 0.657s
1785697038.088,2026-08-02 12:57:18.087853,201,below_sampling_floor,rule2_orphan_pulse,2:46,2,46,video,radar,46,b,1785697037.432,1785697038.082,0.65,0.6569,0.3285,2.0,orphan candidate on detector '46' not registered: pulse 0.650s < gate 0.657s
1785697052.318,2026-08-02 12:57:32.317505,201,below_sampling_floor,rule2_orphan_pulse,31:42,42,31,radar,video,31,b,1785697051.631,1785697052.267,0.636,0.6569,0.3285,2.0,orphan candidate on detector '31' not registered: pulse 0.636s < gate 0.657s
1785697052.319,2026-08-02 12:57:32.318602,201,below_sampling_floor,rule2_orphan_pulse,31:8,31,8,video,video,31,a,1785697051.631,1785697052.267,0.636,0.6569,0.3285,2.0,orphan candidate on detector '31' not registered: pulse 0.636s < gate 0.657s
1785697053.328,2026-08-02 12:57:33.327876,201,below_sampling_floor,rule2_orphan_pulse,31:42,42,31,radar,video,31,b,1785697052.922,1785697053.246,0.325,0.6569,0.3285,2.0,orphan candidate on detector '31' not registered: pulse 0.325s < gate 0.657s
1785697053.328,2026-08-02 12:57:33.327876,201,below_sampling_floor,rule2_orphan_pulse,31:8,31,8,video,video,31,a,1785697052.922,1785697053.246,0.325,0.6569,0.3285,2.0,orphan candidate on detector '31' not registered: pulse 0.325s < gate 0.657s
1785697221.633,2026-08-02 13:00:21.633138,201,below_sampling_floor,rule2_orphan_pulse,17:2,17,2,video,video,2,b,1785697221.287,1785697221.630,0.344,0.6536,0.3268,2.0,orphan candidate on detector '2' not registered: pulse 0.344s < gate 0.654s
1785697221.637,2026-08-02 13:00:21.637230,201,below_sampling_floor,rule2_orphan_pulse,2:46,2,46,video,radar,2,a,1785697221.287,1785697221.630,0.344,0.6536,0.3268,2.0,orphan candidate on detector '2' not registered: pulse 0.344s < gate 0.654s
1785697223.253,2026-08-02 13:00:23.253356,201,below_sampling_floor,rule2_orphan_pulse,17:46,46,17,radar,video,46,a,1785697222.589,1785697223.221,0.632,0.6536,0.3268,2.0,orphan candidate on detector '46' not registered: pulse 0.632s < gate 0.654s
1785697223.253,2026-08-02 13:00:23.253356,201,below_sampling_floor,rule2_orphan_pulse,2:46,2,46,video,radar,46,b,1785697222.589,1785697223.221,0.632,0.6536,0.3268,2.0,orphan candidate on detector '46' not registered: pulse 0.632s < gate 0.654s
1785697224.867,2026-08-02 13:00:24.866876,201,below_sampling_floor,rule2_orphan_pulse,17:2,17,2,video,video,2,b,1785697224.512,1785697224.836,0.325,0.6536,0.3268,2.0,orphan candidate on detector '2' not registered: pulse 0.325s < gate 0.654s
1785697224.867,2026-08-02 13:00:24.866876,201,below_sampling_floor,rule2_orphan_pulse,2:46,2,46,video,radar,2,a,1785697224.512,1785697224.836,0.325,0.6536,0.3268,2.0,orphan candidate on detector '2' not registered: pulse 0.325s < gate 0.654s
1785697290.157,2026-08-02 13:01:30.157326,201,below_sampling_floor,rule2_orphan_pulse,31:42,42,31,radar,video,31,b,1785697289.792,1785697290.109,0.317,0.6491,0.3246,2.0,orphan candidate on detector '31' not registered: pulse 0.317s < gate 0.649s
1785697290.157,2026-08-02 13:01:30.157326,201,below_sampling_floor,rule2_orphan_pulse,31:8,31,8,video,video,31,a,1785697289.792,1785697290.109,0.317,0.6491,0.3246,2.0,orphan candidate on detector '31' not registered: pulse 0.317s < gate 0.649s
1785697325.224,2026-08-02 13:02:05.224302,201,below_sampling_floor,rule2_orphan_pulse,22:39,39,22,radar,video,39,a,1785697324.912,1785697325.224,0.312,0.676,0.338,2.0,orphan candidate on detector '39' not registered: pulse 0.312s < gate 0.676s
1785697325.226,2026-08-02 13:02:05.226467,201,below_sampling_floor,rule2_orphan_pulse,39:4,4,39,video,radar,39,b,1785697324.912,1785697325.224,0.312,0.676,0.338,2.0,orphan candidate on detector '39' not registered: pulse 0.312s < gate 0.676s
1785697327.548,2026-08-02 13:02:07.548029,201,below_sampling_floor,rule2_orphan_pulse,22:39,39,22,radar,video,22,b,1785697326.815,1785697327.457,0.642,0.676,0.338,2.0,orphan candidate on detector '22' not registered: pulse 0.642s < gate 0.676s
1785697327.551,2026-08-02 13:02:07.551056,201,below_sampling_floor,rule2_orphan_pulse,22:4,22,4,video,video,22,a,1785697326.815,1785697327.457,0.642,0.676,0.338,2.0,orphan candidate on detector '22' not registered: pulse 0.642s < gate 0.676s
1785697472.963,2026-08-02 13:04:32.962649,201,below_sampling_floor,rule2_orphan_pulse,31:42,42,31,radar,video,31,b,1785697472.278,1785697472.926,0.648,0.655,0.3275,2.0,orphan candidate on detector '31' not registered: pulse 0.648s < gate 0.655s
1785697472.963,2026-08-02 13:04:32.962649,201,below_sampling_floor,rule2_orphan_pulse,31:8,31,8,video,video,31,a,1785697472.278,1785697472.926,0.648,0.655,0.3275,2.0,orphan candidate on detector '31' not registered: pulse 0.648s < gate 0.655s
1785697479.433,2026-08-02 13:04:39.432630,201,below_sampling_floor,rule2_orphan_pulse,31:42,42,31,radar,video,31,b,1785697478.751,1785697479.402,0.65,0.655,0.3275,2.0,orphan candidate on detector '31' not registered: pulse 0.650s < gate 0.655s
1785697479.735,2026-08-02 13:04:39.735110,201,below_sampling_floor,rule2_orphan_pulse,29:43,43,29,radar,video,43,a,1785697479.077,1785697479.715,0.638,0.655,0.3275,2.0,orphan candidate on detector '43' not registered: pulse 0.638s < gate 0.655s
1785697488.219,2026-08-02 13:04:48.219127,201,below_sampling_floor,rule2_orphan_pulse,24:7,24,7,video,video,7,b,1785697487.875,1785697488.189,0.314,0.655,0.3275,2.0,orphan candidate on detector '7' not registered: pulse 0.314s < gate 0.655s
1785697488.220,2026-08-02 13:04:48.220153,201,below_sampling_floor,rule2_orphan_pulse,38:7,7,38,video,radar,7,a,1785697487.875,1785697488.189,0.314,0.655,0.3275,2.0,orphan candidate on detector '7' not registered: pulse 0.314s < gate 0.655s
1785697488.929,2026-08-02 13:04:48.928901,201,below_sampling_floor,rule2_orphan_pulse,31:42,42,31,radar,video,42,a,1785697488.189,1785697488.828,0.639,0.655,0.3275,2.0,orphan candidate on detector '42' not registered: pulse 0.639s < gate 0.655s
1785697488.930,2026-08-02 13:04:48.930420,201,below_sampling_floor,rule2_orphan_pulse,42:8,8,42,video,radar,42,b,1785697488.189,1785697488.828,0.639,0.655,0.3275,2.0,orphan candidate on detector '42' not registered: pulse 0.639s < gate 0.655s
1785697490.445,2026-08-02 13:04:50.444788,201,below_sampling_floor,rule2_orphan_pulse,29:43,43,29,radar,video,29,b,1785697489.799,1785697490.430,0.631,0.655,0.3275,2.0,orphan candidate on detector '29' not registered: pulse 0.631s < gate 0.655s
1785697491.452,2026-08-02 13:04:51.451958,201,below_sampling_floor,rule2_orphan_pulse,29:43,43,29,radar,video,29,b,1785697491.090,1785697491.413,0.323,0.655,0.3275,2.0,orphan candidate on detector '29' not registered: pulse 0.323s < gate 0.655s
1785697539.801,2026-08-02 13:05:39.801029,201,below_sampling_floor,rule2_orphan_pulse,22:39,39,22,radar,video,39,a,1785697539.092,1785697539.736,0.644,0.6508,0.3254,2.0,orphan candidate on detector '39' not registered: pulse 0.644s < gate 0.651s
1785697539.804,2026-08-02 13:05:39.804049,201,below_sampling_floor,rule2_orphan_pulse,39:4,4,39,video,radar,39,b,1785697539.092,1785697539.736,0.644,0.6508,0.3254,2.0,orphan candidate on detector '39' not registered: pulse 0.644s < gate 0.651s
1785697556.458,2026-08-02 13:05:56.457898,201,below_sampling_floor,rule2_orphan_pulse,17:46,46,17,radar,video,46,a,1785697556.115,1785697556.442,0.327,0.6508,0.3254,2.0,orphan candidate on detector '46' not registered: pulse 0.327s < gate 0.651s
1785697556.458,2026-08-02 13:05:56.457898,201,below_sampling_floor,rule2_orphan_pulse,2:46,2,46,video,radar,46,b,1785697556.115,1785697556.442,0.327,0.6508,0.3254,2.0,orphan candidate on detector '46' not registered: pulse 0.327s < gate 0.651s
1785697596.412,2026-08-02 13:06:36.411818,201,below_sampling_floor,rule2_orphan_pulse,31:42,42,31,radar,video,31,b,1785697596.017,1785697596.333,0.316,0.6627,0.3314,2.0,orphan candidate on detector '31' not registered: pulse 0.316s < gate 0.663s
1785697690.164,2026-08-02 13:08:10.164416,201,below_sampling_floor,rule2_orphan_pulse,29:43,43,29,radar,video,29,b,1785697689.407,1785697690.068,0.661,0.6621,0.331,2.0,orphan candidate on detector '29' not registered: pulse 0.661s < gate 0.662s
1785697707.408,2026-08-02 13:08:27.408385,201,below_sampling_floor,rule2_orphan_pulse,30:41,41,30,radar,video,30,b,1785697707.038,1785697707.361,0.323,0.6621,0.331,2.0,orphan candidate on detector '30' not registered: pulse 0.323s < gate 0.662s
1785697707.413,2026-08-02 13:08:27.413172,201,below_sampling_floor,rule2_orphan_pulse,3:30,30,3,video,video,30,a,1785697707.038,1785697707.361,0.323,0.6621,0.331,2.0,orphan candidate on detector '30' not registered: pulse 0.323s < gate 0.662s
1785697712.349,2026-08-02 13:08:32.348535,201,below_sampling_floor,rule2_orphan_pulse,24:7,24,7,video,video,7,b,1785697711.961,1785697712.293,0.332,0.6621,0.331,2.0,orphan candidate on detector '7' not registered: pulse 0.332s < gate 0.662s
1785697712.349,2026-08-02 13:08:32.348535,201,below_sampling_floor,rule2_orphan_pulse,38:7,7,38,video,radar,7,a,1785697711.961,1785697712.293,0.332,0.6621,0.331,2.0,orphan candidate on detector '7' not registered: pulse 0.332s < gate 0.662s
1785697796.781,2026-08-02 13:09:56.780828,201,below_sampling_floor,rule2_orphan_pulse,29:43,43,29,radar,video,43,a,1785697796.446,1785697796.760,0.314,0.6549,0.3275,2.0,orphan candidate on detector '43' not registered: pulse 0.314s < gate 0.655s
1785697802.644,2026-08-02 13:10:02.644217,201,below_sampling_floor,rule2_orphan_pulse,31:42,42,31,radar,video,31,b,1785697801.989,1785697802.623,0.634,0.6549,0.3275,2.0,orphan candidate on detector '31' not registered: pulse 0.634s < gate 0.655s
1785697826.852,2026-08-02 13:10:26.851664,201,below_sampling_floor,rule2_orphan_pulse,17:46,46,17,radar,video,46,a,1785697826.152,1785697826.779,0.627,0.6549,0.3275,2.0,orphan candidate on detector '46' not registered: pulse 0.627s < gate 0.655s
1785697826.853,2026-08-02 13:10:26.853200,201,below_sampling_floor,rule2_orphan_pulse,2:46,2,46,video,radar,46,b,1785697826.152,1785697826.779,0.627,0.6549,0.3275,2.0,orphan candidate on detector '46' not registered: pulse 0.627s < gate 0.655s
1785697840.783,2026-08-02 13:10:40.783472,201,below_sampling_floor,rule2_orphan_pulse,17:2,17,2,video,video,2,b,1785697840.363,1785697840.693,0.33,0.6549,0.3275,2.0,orphan candidate on detector '2' not registered: pulse 0.330s < gate 0.655s
1785697840.783,2026-08-02 13:10:40.783472,201,below_sampling_floor,rule2_orphan_pulse,2:46,2,46,video,radar,2,a,1785697840.363,1785697840.693,0.33,0.6549,0.3275,2.0,orphan candidate on detector '2' not registered: pulse 0.330s < gate 0.655s
1785697867.726,2026-08-02 13:11:07.725994,201,below_sampling_floor,rule2_orphan_pulse,31:8,31,8,video,video,31,a,1785697801.989,1785697802.623,0.634,0.6713,0.3356,2.0,orphan candidate on detector '31' not registered: pulse 0.634s < gate 0.671s
1785697879.259,2026-08-02 13:11:19.258600,201,below_sampling_floor,rule2_orphan_pulse,31:42,42,31,radar,video,31,b,1785697878.850,1785697879.187,0.337,0.6713,0.3356,2.0,orphan candidate on detector '31' not registered: pulse 0.337s < gate 0.671s
1785697879.261,2026-08-02 13:11:19.260922,201,below_sampling_floor,rule2_orphan_pulse,31:8,31,8,video,video,31,a,1785697878.850,1785697879.187,0.337,0.6713,0.3356,2.0,orphan candidate on detector '31' not registered: pulse 0.337s < gate 0.671s
1785697879.869,2026-08-02 13:11:19.869060,201,below_sampling_floor,rule2_orphan_pulse,24:7,24,7,video,video,7,b,1785697879.530,1785697879.869,0.339,0.6713,0.3356,2.0,orphan candidate on detector '7' not registered: pulse 0.339s < gate 0.671s
1785697879.871,2026-08-02 13:11:19.871087,201,below_sampling_floor,rule2_orphan_pulse,38:7,7,38,video,radar,7,a,1785697879.530,1785697879.869,0.339,0.6713,0.3356,2.0,orphan candidate on detector '7' not registered: pulse 0.339s < gate 0.671s
1785697881.185,2026-08-02 13:11:21.184628,201,below_sampling_floor,rule2_orphan_pulse,24:7,24,7,video,video,7,b,1785697880.524,1785697881.178,0.654,0.6713,0.3356,2.0,orphan candidate on detector '7' not registered: pulse 0.654s < gate 0.671s
1785697881.186,2026-08-02 13:11:21.185788,201,below_sampling_floor,rule2_orphan_pulse,38:7,7,38,video,radar,7,a,1785697880.524,1785697881.178,0.654,0.6713,0.3356,2.0,orphan candidate on detector '7' not registered: pulse 0.654s < gate 0.671s
1785697891.488,2026-08-02 13:11:31.487789,201,below_sampling_floor,rule2_orphan_pulse,17:2,17,2,video,video,2,b,1785697891.090,1785697891.413,0.322,0.6713,0.3356,2.0,orphan candidate on detector '2' not registered: pulse 0.322s < gate 0.671s
1785697891.489,2026-08-02 13:11:31.488891,201,below_sampling_floor,rule2_orphan_pulse,2:46,2,46,video,radar,2,a,1785697891.090,1785697891.413,0.322,0.6713,0.3356,2.0,orphan candidate on detector '2' not registered: pulse 0.322s < gate 0.671s
1785697928.399,2026-08-02 13:12:08.398724,201,below_sampling_floor,rule2_orphan_pulse,17:2,17,2,video,video,2,b,1785697927.747,1785697928.399,0.651,0.681,0.3405,2.0,orphan candidate on detector '2' not registered: pulse 0.651s < gate 0.681s
1785697928.401,2026-08-02 13:12:08.400556,201,below_sampling_floor,rule2_orphan_pulse,2:46,2,46,video,radar,2,a,1785697927.747,1785697928.399,0.651,0.681,0.3405,2.0,orphan candidate on detector '2' not registered: pulse 0.651s < gate 0.681s
1785697931.324,2026-08-02 13:12:11.323920,201,below_sampling_floor,rule2_orphan_pulse,22:4,22,4,video,video,4,b,1785697930.988,1785697931.307,0.319,0.681,0.3405,2.0,orphan candidate on detector '4' not registered: pulse 0.319s < gate 0.681s
1785697931.324,2026-08-02 13:12:11.323920,201,below_sampling_floor,rule2_orphan_pulse,39:4,4,39,video,radar,4,a,1785697930.988,1785697931.307,0.319,0.681,0.3405,2.0,orphan candidate on detector '4' not registered: pulse 0.319s < gate 0.681s
1785697962.906,2026-08-02 13:12:42.905933,201,below_sampling_floor,rule2_orphan_pulse,29:43,43,29,radar,video,43,a,1785697962.261,1785697962.897,0.636,0.681,0.3405,2.0,orphan candidate on detector '43' not registered: pulse 0.636s < gate 0.681s
1785698008.909,2026-08-02 13:13:28.909031,201,below_sampling_floor,rule2_orphan_pulse,17:46,46,17,radar,video,17,b,1785698008.521,1785698008.847,0.325,0.6738,0.3369,2.0,orphan candidate on detector '17' not registered: pulse 0.325s < gate 0.674s
1785698008.912,2026-08-02 13:13:28.912046,201,below_sampling_floor,rule2_orphan_pulse,17:2,17,2,video,video,17,a,1785698008.521,1785698008.847,0.325,0.6738,0.3369,2.0,orphan candidate on detector '17' not registered: pulse 0.325s < gate 0.674s
1785698009.217,2026-08-02 13:13:29.216675,201,below_sampling_floor,rule2_orphan_pulse,31:42,42,31,radar,video,42,a,1785698008.521,1785698009.175,0.653,0.6738,0.3369,2.0,orphan candidate on detector '42' not registered: pulse 0.653s < gate 0.674s
1785698009.218,2026-08-02 13:13:29.218247,201,below_sampling_floor,rule2_orphan_pulse,42:8,8,42,video,radar,42,b,1785698008.521,1785698009.175,0.653,0.6738,0.3369,2.0,orphan candidate on detector '42' not registered: pulse 0.653s < gate 0.674s
1785698010.228,2026-08-02 13:13:30.228012,201,below_sampling_floor,rule2_orphan_pulse,29:43,43,29,radar,video,29,b,1785698009.823,1785698010.147,0.324,0.6738,0.3369,2.0,orphan candidate on detector '29' not registered: pulse 0.324s < gate 0.674s
1785698012.446,2026-08-02 13:13:32.445799,201,below_sampling_floor,rule2_orphan_pulse,29:43,43,29,radar,video,29,b,1785698011.807,1785698012.444,0.637,0.6738,0.3369,2.0,orphan candidate on detector '29' not registered: pulse 0.637s < gate 0.674s
1785698014.770,2026-08-02 13:13:34.770320,201,below_sampling_floor,rule2_orphan_pulse,17:46,46,17,radar,video,46,a,1785698014.065,1785698014.707,0.641,0.6738,0.3369,2.0,orphan candidate on detector '46' not registered: pulse 0.641s < gate 0.674s
1785698014.774,2026-08-02 13:13:34.774141,201,below_sampling_floor,rule2_orphan_pulse,2:46,2,46,video,radar,46,b,1785698014.065,1785698014.707,0.641,0.6738,0.3369,2.0,orphan candidate on detector '46' not registered: pulse 0.641s < gate 0.674s
1785698016.694,2026-08-02 13:13:36.693525,201,below_sampling_floor,rule2_orphan_pulse,17:46,46,17,radar,video,46,a,1785698015.997,1785698016.656,0.659,0.6738,0.3369,2.0,orphan candidate on detector '46' not registered: pulse 0.659s < gate 0.674s
1785698016.695,2026-08-02 13:13:36.694585,201,below_sampling_floor,rule2_orphan_pulse,2:46,2,46,video,radar,46,b,1785698015.997,1785698016.656,0.659,0.6738,0.3369,2.0,orphan candidate on detector '46' not registered: pulse 0.659s < gate 0.674s
1785698048.748,2026-08-02 13:14:08.748485,201,below_sampling_floor,rule2_orphan_pulse,31:42,42,31,radar,video,42,a,1785698048.382,1785698048.710,0.328,0.6531,0.3266,2.0,orphan candidate on detector '42' not registered: pulse 0.328s < gate 0.653s
1785698048.750,2026-08-02 13:14:08.750120,201,below_sampling_floor,rule2_orphan_pulse,42:8,8,42,video,radar,42,b,1785698048.382,1785698048.710,0.328,0.6531,0.3266,2.0,orphan candidate on detector '42' not registered: pulse 0.328s < gate 0.653s
1785698049.460,2026-08-02 13:14:09.460493,201,below_sampling_floor,rule2_orphan_pulse,31:42,42,31,radar,video,31,b,1785698049.053,1785698049.379,0.326,0.6531,0.3266,2.0,orphan candidate on detector '31' not registered: pulse 0.326s < gate 0.653s
1785698049.464,2026-08-02 13:14:09.463770,201,below_sampling_floor,rule2_orphan_pulse,31:8,31,8,video,video,31,a,1785698049.053,1785698049.379,0.326,0.6531,0.3266,2.0,orphan candidate on detector '31' not registered: pulse 0.326s < gate 0.653s
1785698050.069,2026-08-02 13:14:10.069210,201,below_sampling_floor,rule2_orphan_pulse,29:43,43,29,radar,video,43,a,1785698049.701,1785698050.023,0.322,0.6531,0.3266,2.0,orphan candidate on detector '43' not registered: pulse 0.322s < gate 0.653s
1785698055.014,2026-08-02 13:14:15.013682,201,below_sampling_floor,rule2_orphan_pulse,31:42,42,31,radar,video,31,b,1785698054.303,1785698054.946,0.643,0.6531,0.3266,2.0,orphan candidate on detector '31' not registered: pulse 0.643s < gate 0.653s
1785698055.015,2026-08-02 13:14:15.014693,201,below_sampling_floor,rule2_orphan_pulse,31:8,31,8,video,video,31,a,1785698054.303,1785698054.946,0.643,0.6531,0.3266,2.0,orphan candidate on detector '31' not registered: pulse 0.643s < gate 0.653s
1785698056.226,2026-08-02 13:14:16.226331,201,below_sampling_floor,rule2_orphan_pulse,31:42,42,31,radar,video,31,b,1785698055.581,1785698056.221,0.64,0.6531,0.3266,2.0,orphan candidate on detector '31' not registered: pulse 0.640s < gate 0.653s
1785698056.226,2026-08-02 13:14:16.226331,201,below_sampling_floor,rule2_orphan_pulse,31:8,31,8,video,video,31,a,1785698055.581,1785698056.221,0.64,0.6531,0.3266,2.0,orphan candidate on detector '31' not registered: pulse 0.640s < gate 0.653s
1785698079.026,2026-08-02 13:14:39.026145,201,below_sampling_floor,rule2_orphan_pulse,29:43,43,29,radar,video,43,a,1785698078.673,1785698079.006,0.333,0.6531,0.3266,2.0,orphan candidate on detector '43' not registered: pulse 0.333s < gate 0.653s
1785698218.528,2026-08-02 13:16:58.528372,201,below_sampling_floor,rule2_orphan_pulse,17:2,17,2,video,video,2,b,1785698218.124,1785698218.467,0.343,0.658,0.329,2.0,orphan candidate on detector '2' not registered: pulse 0.343s < gate 0.658s
1785698218.528,2026-08-02 13:16:58.528372,201,below_sampling_floor,rule2_orphan_pulse,2:46,2,46,video,radar,2,a,1785698218.124,1785698218.467,0.343,0.658,0.329,2.0,orphan candidate on detector '2' not registered: pulse 0.343s < gate 0.658s
1785698219.141,2026-08-02 13:16:59.140696,201,below_sampling_floor,rule2_orphan_pulse,17:2,17,2,video,video,2,b,1785698218.792,1785698219.115,0.323,0.658,0.329,2.0,orphan candidate on detector '2' not registered: pulse 0.323s < gate 0.658s
1785698219.142,2026-08-02 13:16:59.141861,201,below_sampling_floor,rule2_orphan_pulse,2:46,2,46,video,radar,2,a,1785698218.792,1785698219.115,0.323,0.658,0.329,2.0,orphan candidate on detector '2' not registered: pulse 0.323s < gate 0.658s
1785698354.821,2026-08-02 13:19:14.820772,201,below_sampling_floor,rule2_orphan_pulse,31:8,31,8,video,video,8,b,1785698289.383,1785698289.709,0.326,0.6558,0.3279,2.0,orphan candidate on detector '8' not registered: pulse 0.326s < gate 0.656s
1785698354.823,2026-08-02 13:19:14.823199,201,below_sampling_floor,rule2_orphan_pulse,42:8,8,42,video,radar,8,a,1785698289.383,1785698289.709,0.326,0.6558,0.3279,2.0,orphan candidate on detector '8' not registered: pulse 0.326s < gate 0.656s
1785698437.423,2026-08-02 13:20:37.423410,201,below_sampling_floor,rule2_orphan_pulse,17:2,17,2,video,video,2,b,1785698437.030,1785698437.357,0.327,0.6432,0.3216,2.0,orphan candidate on detector '2' not registered: pulse 0.327s < gate 0.643s
1785698437.424,2026-08-02 13:20:37.424423,201,below_sampling_floor,rule2_orphan_pulse,2:46,2,46,video,radar,2,a,1785698437.030,1785698437.357,0.327,0.6432,0.3216,2.0,orphan candidate on detector '2' not registered: pulse 0.327s < gate 0.643s
1785698479.889,2026-08-02 13:21:19.888737,201,below_sampling_floor,rule2_orphan_pulse,22:4,22,4,video,video,4,b,1785698479.566,1785698479.885,0.319,0.6464,0.3232,2.0,orphan candidate on detector '4' not registered: pulse 0.319s < gate 0.646s
1785698479.893,2026-08-02 13:21:19.892774,201,below_sampling_floor,rule2_orphan_pulse,39:4,4,39,video,radar,4,a,1785698479.566,1785698479.885,0.319,0.6464,0.3232,2.0,orphan candidate on detector '4' not registered: pulse 0.319s < gate 0.646s
1785698510.861,2026-08-02 13:21:50.860608,201,below_sampling_floor,rule2_orphan_pulse,31:42,42,31,radar,video,42,a,1785698510.484,1785698510.815,0.331,0.6464,0.3232,2.0,orphan candidate on detector '42' not registered: pulse 0.331s < gate 0.646s
1785698510.862,2026-08-02 13:21:50.861757,201,below_sampling_floor,rule2_orphan_pulse,42:8,8,42,video,radar,42,b,1785698510.484,1785698510.815,0.331,0.6464,0.3232,2.0,orphan candidate on detector '42' not registered: pulse 0.331s < gate 0.646s
1785698512.474,2026-08-02 13:21:52.473917,201,below_sampling_floor,rule2_orphan_pulse,31:42,42,31,radar,video,42,a,1785698511.818,1785698512.462,0.644,0.6464,0.3232,2.0,orphan candidate on detector '42' not registered: pulse 0.644s < gate 0.646s
1785698512.476,2026-08-02 13:21:52.476012,201,below_sampling_floor,rule2_orphan_pulse,42:8,8,42,video,radar,42,b,1785698511.818,1785698512.462,0.644,0.6464,0.3232,2.0,orphan candidate on detector '42' not registered: pulse 0.644s < gate 0.646s
1785698534.151,2026-08-02 13:22:14.151021,201,below_sampling_floor,rule2_orphan_pulse,17:46,46,17,radar,video,46,a,1785698533.437,1785698534.067,0.63,0.6558,0.3279,2.0,orphan candidate on detector '46' not registered: pulse 0.630s < gate 0.656s
1785698534.154,2026-08-02 13:22:14.153727,201,below_sampling_floor,rule2_orphan_pulse,2:46,2,46,video,radar,46,b,1785698533.437,1785698534.067,0.63,0.6558,0.3279,2.0,orphan candidate on detector '46' not registered: pulse 0.630s < gate 0.656s
1785698644.826,2026-08-02 13:24:04.826122,201,below_sampling_floor,rule2_orphan_pulse,24:7,24,7,video,video,7,b,1785698644.398,1785698644.735,0.336,0.6579,0.3289,2.0,orphan candidate on detector '7' not registered: pulse 0.336s < gate 0.658s
1785698644.826,2026-08-02 13:24:04.826122,201,below_sampling_floor,rule2_orphan_pulse,38:7,7,38,video,radar,7,a,1785698644.398,1785698644.735,0.336,0.6579,0.3289,2.0,orphan candidate on detector '7' not registered: pulse 0.336s < gate 0.658s
1785698674.271,2026-08-02 13:24:34.270514,201,below_sampling_floor,rule2_orphan_pulse,24:7,24,7,video,video,7,b,1785698673.851,1785698674.190,0.339,0.6579,0.3289,2.0,orphan candidate on detector '7' not registered: pulse 0.339s < gate 0.658s
1785698675.279,2026-08-02 13:24:35.279086,201,below_sampling_floor,rule2_orphan_pulse,24:7,24,7,video,video,7,b,1785698674.869,1785698675.204,0.335,0.6579,0.3289,2.0,orphan candidate on detector '7' not registered: pulse 0.335s < gate 0.658s
1785698699.176,2026-08-02 13:24:59.175914,201,below_sampling_floor,rule2_orphan_pulse,31:42,42,31,radar,video,31,b,1785698698.820,1785698699.151,0.332,0.6483,0.3241,2.0,orphan candidate on detector '31' not registered: pulse 0.332s < gate 0.648s
1785698699.176,2026-08-02 13:24:59.175914,201,below_sampling_floor,rule2_orphan_pulse,31:8,31,8,video,video,31,a,1785698698.820,1785698699.151,0.332,0.6483,0.3241,2.0,orphan candidate on detector '31' not registered: pulse 0.332s < gate 0.648s
1785698723.899,2026-08-02 13:25:23.899437,201,below_sampling_floor,rule2_orphan_pulse,26:33,33,26,radar,video,33,a,1785698723.180,1785698723.804,0.625,0.6483,0.3241,2.0,orphan candidate on detector '33' not registered: pulse 0.625s < gate 0.648s
1785698727.126,2026-08-02 13:25:27.125985,201,below_sampling_floor,rule2_orphan_pulse,30:41,41,30,radar,video,30,b,1785698726.708,1785698727.030,0.322,0.6483,0.3241,2.0,orphan candidate on detector '30' not registered: pulse 0.322s < gate 0.648s
1785698727.128,2026-08-02 13:25:27.127993,201,below_sampling_floor,rule2_orphan_pulse,3:30,30,3,video,video,30,a,1785698726.708,1785698727.030,0.322,0.6483,0.3241,2.0,orphan candidate on detector '30' not registered: pulse 0.322s < gate 0.648s
1785698727.130,2026-08-02 13:25:27.130012,201,below_sampling_floor,rule2_orphan_pulse,26:33,33,26,radar,video,33,a,1785698726.396,1785698727.030,0.634,0.6483,0.3241,2.0,orphan candidate on detector '33' not registered: pulse 0.634s < gate 0.648s
1785698727.435,2026-08-02 13:25:27.435175,201,below_sampling_floor,rule2_orphan_pulse,30:41,41,30,radar,video,41,a,1785698727.030,1785698727.336,0.307,0.6483,0.3241,2.0,orphan candidate on detector '41' not registered: pulse 0.307s < gate 0.648s
1785698727.438,2026-08-02 13:25:27.437635,201,below_sampling_floor,rule2_orphan_pulse,3:41,3,41,video,radar,41,b,1785698727.030,1785698727.336,0.307,0.6483,0.3241,2.0,orphan candidate on detector '41' not registered: pulse 0.307s < gate 0.648s
1785698732.272,2026-08-02 13:25:32.271855,201,below_sampling_floor,rule2_orphan_pulse,26:33,33,26,radar,video,33,a,1785698731.860,1785698732.172,0.312,0.6483,0.3241,2.0,orphan candidate on detector '33' not registered: pulse 0.312s < gate 0.648s
1785698734.496,2026-08-02 13:25:34.496228,201,below_sampling_floor,rule2_orphan_pulse,26:33,33,26,radar,video,33,a,1785698734.095,1785698734.419,0.324,0.6483,0.3241,2.0,orphan candidate on detector '33' not registered: pulse 0.324s < gate 0.648s
1785698738.026,2026-08-02 13:25:38.025927,201,below_sampling_floor,rule2_orphan_pulse,26:33,33,26,radar,video,33,a,1785698737.656,1785698737.974,0.318,0.6483,0.3241,2.0,orphan candidate on detector '33' not registered: pulse 0.318s < gate 0.648s
1785698740.246,2026-08-02 13:25:40.246007,201,below_sampling_floor,rule2_orphan_pulse,26:33,33,26,radar,video,33,a,1785698739.914,1785698740.242,0.328,0.6483,0.3241,2.0,orphan candidate on detector '33' not registered: pulse 0.328s < gate 0.648s
1785698864.800,2026-08-02 13:27:44.800019,201,below_sampling_floor,rule2_orphan_pulse,3:30,30,3,video,video,3,b,1785698864.106,1785698864.758,0.653,0.6854,0.3427,2.0,orphan candidate on detector '3' not registered: pulse 0.653s < gate 0.685s
1785698864.801,2026-08-02 13:27:44.801086,201,below_sampling_floor,rule2_orphan_pulse,3:41,3,41,video,radar,3,a,1785698864.106,1785698864.758,0.653,0.6854,0.3427,2.0,orphan candidate on detector '3' not registered: pulse 0.653s < gate 0.685s
1785698876.192,2026-08-02 13:27:56.192373,201,below_sampling_floor,rule2_orphan_pulse,29:43,43,29,radar,video,29,b,1785698875.828,1785698876.175,0.347,0.6854,0.3427,2.0,orphan candidate on detector '29' not registered: pulse 0.347s < gate 0.685s
1785698877.603,2026-08-02 13:27:57.602647,201,below_sampling_floor,rule2_orphan_pulse,29:43,43,29,radar,video,29,b,1785698876.862,1785698877.510,0.649,0.6768,0.3384,2.0,orphan candidate on detector '29' not registered: pulse 0.649s < gate 0.677s
1785698878.212,2026-08-02 13:27:58.211763,201,below_sampling_floor,rule2_orphan_pulse,31:42,42,31,radar,video,42,a,1785698877.845,1785698878.183,0.338,0.6768,0.3384,2.0,orphan candidate on detector '42' not registered: pulse 0.338s < gate 0.677s
1785698880.937,2026-08-02 13:28:00.937442,201,below_sampling_floor,rule2_orphan_pulse,42:8,8,42,video,radar,42,b,1785698877.845,1785698878.183,0.338,0.6768,0.3384,2.0,orphan candidate on detector '42' not registered: pulse 0.338s < gate 0.677s
1785698928.038,2026-08-02 13:28:48.038343,201,below_sampling_floor,rule2_orphan_pulse,31:42,42,31,radar,video,31,b,1785698927.401,1785698928.034,0.633,0.6768,0.3384,2.0,orphan candidate on detector '31' not registered: pulse 0.633s < gate 0.677s
1785698928.038,2026-08-02 13:28:48.038343,201,below_sampling_floor,rule2_orphan_pulse,31:8,31,8,video,video,31,a,1785698927.401,1785698928.034,0.633,0.6768,0.3384,2.0,orphan candidate on detector '31' not registered: pulse 0.633s < gate 0.677s
1785698931.985,2026-08-02 13:28:51.984604,201,below_sampling_floor,rule2_orphan_pulse,30:41,41,30,radar,video,30,b,1785698931.594,1785698931.910,0.316,0.6768,0.3384,2.0,orphan candidate on detector '30' not registered: pulse 0.316s < gate 0.677s
1785698931.985,2026-08-02 13:28:51.984604,201,below_sampling_floor,rule2_orphan_pulse,3:30,30,3,video,video,30,a,1785698931.594,1785698931.910,0.316,0.6768,0.3384,2.0,orphan candidate on detector '30' not registered: pulse 0.316s < gate 0.677s
1785698936.125,2026-08-02 13:28:56.124569,201,below_sampling_floor,rule2_orphan_pulse,3:30,30,3,video,video,3,b,1785698935.471,1785698936.117,0.647,0.6768,0.3384,2.0,orphan candidate on detector '3' not registered: pulse 0.647s < gate 0.677s
1785698936.125,2026-08-02 13:28:56.124569,201,below_sampling_floor,rule2_orphan_pulse,3:41,3,41,video,radar,3,a,1785698935.471,1785698936.117,0.647,0.6768,0.3384,2.0,orphan candidate on detector '3' not registered: pulse 0.647s < gate 0.677s
1785699022.067,2026-08-02 13:30:22.066668,201,below_sampling_floor,rule2_orphan_pulse,30:41,41,30,radar,video,30,b,1785699021.650,1785699021.975,0.325,0.6478,0.3239,2.0,orphan candidate on detector '30' not registered: pulse 0.325s < gate 0.648s
1785699022.068,2026-08-02 13:30:22.067684,201,below_sampling_floor,rule2_orphan_pulse,3:30,30,3,video,video,30,a,1785699021.650,1785699021.975,0.325,0.6478,0.3239,2.0,orphan candidate on detector '30' not registered: pulse 0.325s < gate 0.648s
1785699028.223,2026-08-02 13:30:28.223058,201,below_sampling_floor,rule2_orphan_pulse,30:41,41,30,radar,video,30,b,1785699027.817,1785699028.140,0.323,0.6478,0.3239,2.0,orphan candidate on detector '30' not registered: pulse 0.323s < gate 0.648s
1785699028.223,2026-08-02 13:30:28.223058,201,below_sampling_floor,rule2_orphan_pulse,3:30,30,3,video,video,30,a,1785699027.817,1785699028.140,0.323,0.6478,0.3239,2.0,orphan candidate on detector '30' not registered: pulse 0.323s < gate 0.648s
1785699063.623,2026-08-02 13:31:03.623006,201,below_sampling_floor,rule2_orphan_pulse,24:7,24,7,video,video,7,b,1785699063.217,1785699063.534,0.317,0.6584,0.3292,2.0,orphan candidate on detector '7' not registered: pulse 0.317s < gate 0.658s
1785699063.624,2026-08-02 13:31:03.624163,201,below_sampling_floor,rule2_orphan_pulse,38:7,7,38,video,radar,7,a,1785699063.217,1785699063.534,0.317,0.6584,0.3292,2.0,orphan candidate on detector '7' not registered: pulse 0.317s < gate 0.658s
1785699069.781,2026-08-02 13:31:09.781127,201,below_sampling_floor,rule2_orphan_pulse,26:33,33,26,radar,video,33,a,1785699069.061,1785699069.713,0.653,0.6584,0.3292,2.0,orphan candidate on detector '33' not registered: pulse 0.653s < gate 0.658s
1785699107.417,2026-08-02 13:31:47.416682,201,below_sampling_floor,rule2_orphan_pulse,31:42,42,31,radar,video,42,a,1785699107.074,1785699107.387,0.312,0.6584,0.3292,2.0,orphan candidate on detector '42' not registered: pulse 0.312s < gate 0.658s
1785699107.417,2026-08-02 13:31:47.416682,201,below_sampling_floor,rule2_orphan_pulse,42:8,8,42,video,radar,42,b,1785699107.074,1785699107.387,0.312,0.6584,0.3292,2.0,orphan candidate on detector '42' not registered: pulse 0.312s < gate 0.658s
1785699111.649,2026-08-02 13:31:51.649045,201,below_sampling_floor,rule2_orphan_pulse,29:43,43,29,radar,video,43,a,1785699110.931,1785699111.586,0.655,0.6584,0.3292,2.0,orphan candidate on detector '43' not registered: pulse 0.655s < gate 0.658s
1785699117.492,2026-08-02 13:31:57.491747,201,below_sampling_floor,rule2_orphan_pulse,29:43,43,29,radar,video,29,b,1785699117.088,1785699117.415,0.327,0.6464,0.3232,2.0,orphan candidate on detector '29' not registered: pulse 0.327s < gate 0.646s
1785699118.400,2026-08-02 13:31:58.399865,201,below_sampling_floor,rule2_orphan_pulse,29:43,43,29,radar,video,29,b,1785699118.076,1785699118.393,0.317,0.6464,0.3232,2.0,orphan candidate on detector '29' not registered: pulse 0.317s < gate 0.646s
1785699370.209,2026-08-02 13:36:10.209135,201,below_sampling_floor,rule2_orphan_pulse,31:42,42,31,radar,video,31,b,1785699369.892,1785699370.206,0.314,0.6551,0.3276,2.0,orphan candidate on detector '31' not registered: pulse 0.314s < gate 0.655s
1785699380.499,2026-08-02 13:36:20.498957,201,below_sampling_floor,rule2_orphan_pulse,17:2,17,2,video,video,2,b,1785699380.108,1785699380.425,0.317,0.6551,0.3276,2.0,orphan candidate on detector '2' not registered: pulse 0.317s < gate 0.655s
1785699380.503,2026-08-02 13:36:20.502552,201,below_sampling_floor,rule2_orphan_pulse,2:46,2,46,video,radar,2,a,1785699380.108,1785699380.425,0.317,0.6551,0.3276,2.0,orphan candidate on detector '2' not registered: pulse 0.317s < gate 0.655s
1785699470.308,2026-08-02 13:37:50.307601,201,below_sampling_floor,rule2_orphan_pulse,3:30,30,3,video,video,3,b,1785699469.974,1785699470.289,0.316,0.6584,0.3292,2.0,orphan candidate on detector '3' not registered: pulse 0.316s < gate 0.658s
1785699470.308,2026-08-02 13:37:50.307601,201,below_sampling_floor,rule2_orphan_pulse,3:41,3,41,video,radar,3,a,1785699469.974,1785699470.289,0.316,0.6584,0.3292,2.0,orphan candidate on detector '3' not registered: pulse 0.316s < gate 0.658s
1785699523.025,2026-08-02 13:38:43.024797,201,below_sampling_floor,rule2_orphan_pulse,31:42,42,31,radar,video,31,b,1785699522.274,1785699522.925,0.651,0.6656,0.3328,2.0,orphan candidate on detector '31' not registered: pulse 0.651s < gate 0.666s
1785699523.025,2026-08-02 13:38:43.024797,201,below_sampling_floor,rule2_orphan_pulse,31:8,31,8,video,video,31,a,1785699522.274,1785699522.925,0.651,0.6656,0.3328,2.0,orphan candidate on detector '31' not registered: pulse 0.651s < gate 0.666s
1785699527.569,2026-08-02 13:38:47.569143,201,below_sampling_floor,rule2_orphan_pulse,31:42,42,31,radar,video,31,b,1785699526.918,1785699527.553,0.636,0.6656,0.3328,2.0,orphan candidate on detector '31' not registered: pulse 0.636s < gate 0.666s
1785699527.571,2026-08-02 13:38:47.571470,201,below_sampling_floor,rule2_orphan_pulse,31:8,31,8,video,video,31,a,1785699526.918,1785699527.553,0.636,0.6656,0.3328,2.0,orphan candidate on detector '31' not registered: pulse 0.636s < gate 0.666s
1785699530.908,2026-08-02 13:38:50.908004,201,below_sampling_floor,rule2_orphan_pulse,29:43,43,29,radar,video,29,b,1785699530.560,1785699530.895,0.335,0.6656,0.3328,2.0,orphan candidate on detector '29' not registered: pulse 0.335s < gate 0.666s
1785699530.909,2026-08-02 13:38:50.909013,201,below_sampling_floor,rule2_orphan_pulse,31:42,42,31,radar,video,31,b,1785699530.560,1785699530.895,0.335,0.6656,0.3328,2.0,orphan candidate on detector '31' not registered: pulse 0.335s < gate 0.666s
1785699530.910,2026-08-02 13:38:50.910169,201,below_sampling_floor,rule2_orphan_pulse,31:8,31,8,video,video,31,a,1785699530.560,1785699530.895,0.335,0.6656,0.3328,2.0,orphan candidate on detector '31' not registered: pulse 0.335s < gate 0.666s
1785699532.019,2026-08-02 13:38:52.018865,201,below_sampling_floor,rule2_orphan_pulse,29:43,43,29,radar,video,43,a,1785699531.598,1785699531.924,0.326,0.6656,0.3328,2.0,orphan candidate on detector '43' not registered: pulse 0.326s < gate 0.666s
1785699532.329,2026-08-02 13:38:52.328681,201,below_sampling_floor,rule2_orphan_pulse,29:43,43,29,radar,video,29,b,1785699531.598,1785699532.239,0.641,0.6656,0.3328,2.0,orphan candidate on detector '29' not registered: pulse 0.641s < gate 0.666s
1785699547.093,2026-08-02 13:39:07.092550,201,below_sampling_floor,rule2_orphan_pulse,17:46,46,17,radar,video,17,b,1785699546.702,1785699547.056,0.354,0.6677,0.3338,2.0,orphan candidate on detector '17' not registered: pulse 0.354s < gate 0.668s
1785699547.094,2026-08-02 13:39:07.093563,201,below_sampling_floor,rule2_orphan_pulse,17:2,17,2,video,video,17,a,1785699546.702,1785699547.056,0.354,0.6677,0.3338,2.0,orphan candidate on detector '17' not registered: pulse 0.354s < gate 0.668s
1785699554.361,2026-08-02 13:39:14.360922,201,below_sampling_floor,rule2_orphan_pulse,17:46,46,17,radar,video,46,a,1785699554.011,1785699554.326,0.315,0.6677,0.3338,2.0,orphan candidate on detector '46' not registered: pulse 0.315s < gate 0.668s
1785699554.362,2026-08-02 13:39:14.361940,201,below_sampling_floor,rule2_orphan_pulse,2:46,2,46,video,radar,46,b,1785699554.011,1785699554.326,0.315,0.6677,0.3338,2.0,orphan candidate on detector '46' not registered: pulse 0.315s < gate 0.668s
1785699555.070,2026-08-02 13:39:15.070329,201,below_sampling_floor,rule2_orphan_pulse,31:42,42,31,radar,video,31,b,1785699554.659,1785699554.996,0.337,0.6677,0.3338,2.0,orphan candidate on detector '31' not registered: pulse 0.337s < gate 0.668s
1785699555.071,2026-08-02 13:39:15.071332,201,below_sampling_floor,rule2_orphan_pulse,31:8,31,8,video,video,31,a,1785699554.659,1785699554.996,0.337,0.6677,0.3338,2.0,orphan candidate on detector '31' not registered: pulse 0.337s < gate 0.668s
1785699556.585,2026-08-02 13:39:16.584511,201,below_sampling_floor,rule2_orphan_pulse,31:42,42,31,radar,video,31,b,1785699555.940,1785699556.582,0.642,0.6677,0.3338,2.0,orphan candidate on detector '31' not registered: pulse 0.642s < gate 0.668s
1785699556.585,2026-08-02 13:39:16.584511,201,below_sampling_floor,rule2_orphan_pulse,31:8,31,8,video,video,31,a,1785699555.940,1785699556.582,0.642,0.6677,0.3338,2.0,orphan candidate on detector '31' not registered: pulse 0.642s < gate 0.668s
1785699587.868,2026-08-02 13:39:47.867966,201,below_sampling_floor,rule2_orphan_pulse,17:2,17,2,video,video,2,b,1785699587.479,1785699587.815,0.336,0.6677,0.3338,2.0,orphan candidate on detector '2' not registered: pulse 0.336s < gate 0.668s
1785699587.870,2026-08-02 13:39:47.869981,201,below_sampling_floor,rule2_orphan_pulse,2:46,2,46,video,radar,2,a,1785699587.479,1785699587.815,0.336,0.6677,0.3338,2.0,orphan candidate on detector '2' not registered: pulse 0.336s < gate 0.668s
1785699593.419,2026-08-02 13:39:53.419247,201,below_sampling_floor,rule2_orphan_pulse,17:2,17,2,video,video,2,b,1785699593.080,1785699593.408,0.328,0.6677,0.3338,2.0,orphan candidate on detector '2' not registered: pulse 0.328s < gate 0.668s
1785699593.419,2026-08-02 13:39:53.419247,201,below_sampling_floor,rule2_orphan_pulse,2:46,2,46,video,radar,2,a,1785699593.080,1785699593.408,0.328,0.6677,0.3338,2.0,orphan candidate on detector '2' not registered: pulse 0.328s < gate 0.668s
1785699598.358,2026-08-02 13:39:58.358139,201,below_sampling_floor,rule2_orphan_pulse,17:2,17,2,video,video,2,b,1785699597.681,1785699598.330,0.648,0.6619,0.3309,2.0,orphan candidate on detector '2' not registered: pulse 0.648s < gate 0.662s
1785699598.358,2026-08-02 13:39:58.358139,201,below_sampling_floor,rule2_orphan_pulse,2:46,2,46,video,radar,2,a,1785699597.681,1785699598.330,0.648,0.6619,0.3309,2.0,orphan candidate on detector '2' not registered: pulse 0.648s < gate 0.662s
1785699620.849,2026-08-02 13:40:20.849406,201,below_sampling_floor,rule2_orphan_pulse,24:7,24,7,video,video,7,b,1785699620.123,1785699620.779,0.655,0.6619,0.3309,2.0,orphan candidate on detector '7' not registered: pulse 0.655s < gate 0.662s
1785699620.851,2026-08-02 13:40:20.851419,201,below_sampling_floor,rule2_orphan_pulse,38:7,7,38,video,radar,7,a,1785699620.123,1785699620.779,0.655,0.6619,0.3309,2.0,orphan candidate on detector '7' not registered: pulse 0.655s < gate 0.662s
1785699689.862,2026-08-02 13:41:29.862391,201,below_sampling_floor,rule2_orphan_pulse,31:42,42,31,radar,video,31,b,1785699689.533,1785699689.852,0.319,0.6451,0.3226,2.0,orphan candidate on detector '31' not registered: pulse 0.319s < gate 0.645s
1785699701.255,2026-08-02 13:41:41.254904,201,below_sampling_floor,rule2_orphan_pulse,30:41,41,30,radar,video,30,b,1785699700.577,1785699701.222,0.645,0.6451,0.3226,2.0,orphan candidate on detector '30' not registered: pulse 0.645s < gate 0.645s
1785699701.257,2026-08-02 13:41:41.257417,201,below_sampling_floor,rule2_orphan_pulse,3:30,30,3,video,video,30,a,1785699700.577,1785699701.222,0.645,0.6451,0.3226,2.0,orphan candidate on detector '30' not registered: pulse 0.645s < gate 0.645s
1785699701.964,2026-08-02 13:41:41.964445,201,below_sampling_floor,rule2_orphan_pulse,3:30,30,3,video,video,3,b,1785699701.574,1785699701.896,0.322,0.6451,0.3226,2.0,orphan candidate on detector '3' not registered: pulse 0.322s < gate 0.645s
1785699701.966,2026-08-02 13:41:41.965691,201,below_sampling_floor,rule2_orphan_pulse,3:41,3,41,video,radar,3,a,1785699701.574,1785699701.896,0.322,0.6451,0.3226,2.0,orphan candidate on detector '3' not registered: pulse 0.322s < gate 0.645s
1785699717.816,2026-08-02 13:41:57.816391,201,below_sampling_floor,rule2_orphan_pulse,17:2,17,2,video,video,2,b,1785699717.084,1785699717.733,0.649,0.6539,0.3269,2.0,orphan candidate on detector '2' not registered: pulse 0.649s < gate 0.654s
1785699717.818,2026-08-02 13:41:57.818455,201,below_sampling_floor,rule2_orphan_pulse,2:46,2,46,video,radar,2,a,1785699717.084,1785699717.733,0.649,0.6539,0.3269,2.0,orphan candidate on detector '2' not registered: pulse 0.649s < gate 0.654s
1785699736.270,2026-08-02 13:42:16.269801,201,below_sampling_floor,rule2_orphan_pulse,17:2,17,2,video,video,17,a,1785699735.560,1785699736.202,0.642,0.6539,0.3269,2.0,orphan candidate on detector '17' not registered: pulse 0.642s < gate 0.654s
1785699748.490,2026-08-02 13:42:28.490003,201,below_sampling_floor,rule2_orphan_pulse,31:42,42,31,radar,video,31,b,1785699748.061,1785699748.397,0.337,0.6539,0.3269,2.0,orphan candidate on detector '31' not registered: pulse 0.337s < gate 0.654s
1785699750.406,2026-08-02 13:42:30.405783,201,below_sampling_floor,rule2_orphan_pulse,31:42,42,31,radar,video,31,b,1785699750.072,1785699750.392,0.32,0.6539,0.3269,2.0,orphan candidate on detector '31' not registered: pulse 0.320s < gate 0.654s
1785699751.716,2026-08-02 13:42:31.716302,201,below_sampling_floor,rule2_orphan_pulse,31:42,42,31,radar,video,31,b,1785699751.046,1785699751.697,0.651,0.6539,0.3269,2.0,orphan candidate on detector '31' not registered: pulse 0.651s < gate 0.654s
1785699752.422,2026-08-02 13:42:32.422374,201,below_sampling_floor,rule2_orphan_pulse,31:42,42,31,radar,video,31,b,1785699752.022,1785699752.351,0.329,0.6539,0.3269,2.0,orphan candidate on detector '31' not registered: pulse 0.329s < gate 0.654s
1785699753.738,2026-08-02 13:42:33.737927,201,below_sampling_floor,rule2_orphan_pulse,31:42,42,31,radar,video,31,b,1785699753.314,1785699753.671,0.357,0.6539,0.3269,2.0,orphan candidate on detector '31' not registered: pulse 0.357s < gate 0.654s
1785699753.738,2026-08-02 13:42:33.737927,201,below_sampling_floor,rule2_orphan_pulse,31:8,31,8,video,video,31,a,1785699753.314,1785699753.671,0.357,0.6539,0.3269,2.0,orphan candidate on detector '31' not registered: pulse 0.357s < gate 0.654s
1785699761.818,2026-08-02 13:42:41.818038,201,below_sampling_floor,rule2_orphan_pulse,17:46,46,17,radar,video,17,b,1785699761.499,1785699761.818,0.32,0.6539,0.3269,2.0,orphan candidate on detector '17' not registered: pulse 0.320s < gate 0.654s
1785699761.819,2026-08-02 13:42:41.819116,201,below_sampling_floor,rule2_orphan_pulse,17:2,17,2,video,video,17,a,1785699761.499,1785699761.818,0.32,0.6539,0.3269,2.0,orphan candidate on detector '17' not registered: pulse 0.320s < gate 0.654s
1785699930.828,2026-08-02 13:45:30.828206,201,below_sampling_floor,rule2_orphan_pulse,31:42,42,31,radar,video,42,a,1785699930.155,1785699930.784,0.629,0.6407,0.3203,2.0,orphan candidate on detector '42' not registered: pulse 0.629s < gate 0.641s
1785699930.829,2026-08-02 13:45:30.829214,201,below_sampling_floor,rule2_orphan_pulse,42:8,8,42,video,radar,42,b,1785699930.155,1785699930.784,0.629,0.6407,0.3203,2.0,orphan candidate on detector '42' not registered: pulse 0.629s < gate 0.641s
1785699940.828,2026-08-02 13:45:40.827761,201,below_sampling_floor,rule2_orphan_pulse,29:43,43,29,radar,video,29,b,1785699940.190,1785699940.818,0.628,0.6407,0.3203,2.0,orphan candidate on detector '29' not registered: pulse 0.628s < gate 0.641s
1785699998.541,2026-08-02 13:46:38.541328,201,below_sampling_floor,rule2_orphan_pulse,31:42,42,31,radar,video,42,a,1785699998.138,1785699998.482,0.344,0.6544,0.3272,2.0,orphan candidate on detector '42' not registered: pulse 0.344s < gate 0.654s
1785699998.541,2026-08-02 13:46:38.541328,201,below_sampling_floor,rule2_orphan_pulse,31:42,42,31,radar,video,31,b,1785699961.225,1785699961.577,0.351,0.6544,0.3272,2.0,orphan candidate on detector '31' not registered: pulse 0.351s < gate 0.654s
1785699998.541,2026-08-02 13:46:38.541328,201,below_sampling_floor,rule2_orphan_pulse,42:8,8,42,video,radar,42,b,1785699998.138,1785699998.482,0.344,0.6544,0.3272,2.0,orphan candidate on detector '42' not registered: pulse 0.344s < gate 0.654s
1785699999.553,2026-08-02 13:46:39.552525,201,below_sampling_floor,rule2_orphan_pulse,22:4,22,4,video,video,4,b,1785699999.183,1785699999.508,0.325,0.6544,0.3272,2.0,orphan candidate on detector '4' not registered: pulse 0.325s < gate 0.654s
1785700000.560,2026-08-02 13:46:40.559849,201,below_sampling_floor,rule2_orphan_pulse,24:38,38,24,radar,video,24,b,1785700000.182,1785700000.527,0.344,0.6544,0.3272,2.0,orphan candidate on detector '24' not registered: pulse 0.344s < gate 0.654s
1785700000.560,2026-08-02 13:46:40.559849,201,below_sampling_floor,rule2_orphan_pulse,24:7,24,7,video,video,24,a,1785700000.182,1785700000.527,0.344,0.6544,0.3272,2.0,orphan candidate on detector '24' not registered: pulse 0.344s < gate 0.654s
1785700000.560,2026-08-02 13:46:40.559849,201,below_sampling_floor,rule2_orphan_pulse,24:7,24,7,video,video,7,b,1785700000.182,1785700000.527,0.344,0.6544,0.3272,2.0,orphan candidate on detector '7' not registered: pulse 0.344s < gate 0.654s
1785700000.560,2026-08-02 13:46:40.559849,201,below_sampling_floor,rule2_orphan_pulse,38:7,7,38,video,radar,7,a,1785700000.182,1785700000.527,0.344,0.6544,0.3272,2.0,orphan candidate on detector '7' not registered: pulse 0.344s < gate 0.654s
1785700005.510,2026-08-02 13:46:45.509924,201,below_sampling_floor,rule2_orphan_pulse,31:8,31,8,video,video,31,a,1785699961.225,1785699961.577,0.351,0.6544,0.3272,2.0,orphan candidate on detector '31' not registered: pulse 0.351s < gate 0.654s
1785700006.419,2026-08-02 13:46:46.418833,201,below_sampling_floor,rule2_orphan_pulse,31:42,42,31,radar,video,31,b,1785700005.750,1785700006.401,0.651,0.6544,0.3272,2.0,orphan candidate on detector '31' not registered: pulse 0.651s < gate 0.654s
1785700006.421,2026-08-02 13:46:46.420883,201,below_sampling_floor,rule2_orphan_pulse,31:8,31,8,video,video,31,a,1785700005.750,1785700006.401,0.651,0.6544,0.3272,2.0,orphan candidate on detector '31' not registered: pulse 0.651s < gate 0.654s
1785700016.530,2026-08-02 13:46:56.530192,201,below_sampling_floor,rule2_orphan_pulse,17:2,17,2,video,video,2,b,1785700015.857,1785700016.489,0.632,0.6544,0.3272,2.0,orphan candidate on detector '2' not registered: pulse 0.632s < gate 0.654s
1785700016.531,2026-08-02 13:46:56.531239,201,below_sampling_floor,rule2_orphan_pulse,2:46,2,46,video,radar,2,a,1785700015.857,1785700016.489,0.632,0.6544,0.3272,2.0,orphan candidate on detector '2' not registered: pulse 0.632s < gate 0.654s
1785700020.260,2026-08-02 13:47:00.259871,201,below_sampling_floor,rule2_orphan_pulse,17:46,46,17,radar,video,46,a,1785700019.852,1785700020.173,0.321,0.6476,0.3238,2.0,orphan candidate on detector '46' not registered: pulse 0.321s < gate 0.648s
1785700020.262,2026-08-02 13:47:00.262428,201,below_sampling_floor,rule2_orphan_pulse,2:46,2,46,video,radar,46,b,1785700019.852,1785700020.173,0.321,0.6476,0.3238,2.0,orphan candidate on detector '46' not registered: pulse 0.321s < gate 0.648s
1785700097.734,2026-08-02 13:48:17.734233,201,below_sampling_floor,rule2_orphan_pulse,2:46,2,46,video,radar,2,a,1785700097.356,1785700097.690,0.334,0.6481,0.3241,2.0,orphan candidate on detector '2' not registered: pulse 0.334s < gate 0.648s
1785700098.742,2026-08-02 13:48:18.742361,201,below_sampling_floor,rule2_orphan_pulse,2:46,2,46,video,radar,2,a,1785700098.354,1785700098.689,0.334,0.6481,0.3241,2.0,orphan candidate on detector '2' not registered: pulse 0.334s < gate 0.648s
1785700141.214,2026-08-02 13:49:01.213995,201,below_sampling_floor,rule2_orphan_pulse,29:43,43,29,radar,video,29,b,1785700140.537,1785700141.172,0.635,0.6491,0.3246,2.0,orphan candidate on detector '29' not registered: pulse 0.635s < gate 0.649s
1785700150.512,2026-08-02 13:49:10.512367,201,below_sampling_floor,rule2_orphan_pulse,29:43,43,29,radar,video,29,b,1785700150.170,1785700150.508,0.338,0.6491,0.3246,2.0,orphan candidate on detector '29' not registered: pulse 0.338s < gate 0.649s
1785700177.867,2026-08-02 13:49:37.867428,201,below_sampling_floor,rule2_orphan_pulse,31:42,42,31,radar,video,42,a,1785700177.141,1785700177.788,0.647,0.6491,0.3246,2.0,orphan candidate on detector '42' not registered: pulse 0.647s < gate 0.649s
1785700177.873,2026-08-02 13:49:37.872870,201,below_sampling_floor,rule2_orphan_pulse,42:8,8,42,video,radar,42,b,1785700177.141,1785700177.788,0.647,0.6491,0.3246,2.0,orphan candidate on detector '42' not registered: pulse 0.647s < gate 0.649s
1785700193.304,2026-08-02 13:49:53.304405,201,below_sampling_floor,rule2_orphan_pulse,3:30,30,3,video,video,3,b,1785700192.891,1785700193.220,0.329,0.6491,0.3246,2.0,orphan candidate on detector '3' not registered: pulse 0.329s < gate 0.649s
1785700193.305,2026-08-02 13:49:53.304862,201,below_sampling_floor,rule2_orphan_pulse,3:41,3,41,video,radar,3,a,1785700192.891,1785700193.220,0.329,0.6491,0.3246,2.0,orphan candidate on detector '3' not registered: pulse 0.329s < gate 0.649s
1785700244.596,2026-08-02 13:50:44.595907,201,below_sampling_floor,rule2_orphan_pulse,29:43,43,29,radar,video,43,a,1785700244.258,1785700244.592,0.333,0.6505,0.3253,2.0,orphan candidate on detector '43' not registered: pulse 0.333s < gate 0.651s
1785700309.302,2026-08-02 13:51:49.301537,201,below_sampling_floor,rule2_orphan_pulse,31:42,42,31,radar,video,31,b,1785700308.912,1785700309.237,0.326,0.6655,0.3328,2.0,orphan candidate on detector '31' not registered: pulse 0.326s < gate 0.666s
1785700309.303,2026-08-02 13:51:49.303281,201,below_sampling_floor,rule2_orphan_pulse,31:8,31,8,video,video,31,a,1785700308.912,1785700309.237,0.326,0.6655,0.3328,2.0,orphan candidate on detector '31' not registered: pulse 0.326s < gate 0.666s
1785700312.222,2026-08-02 13:51:52.222494,201,below_sampling_floor,rule2_orphan_pulse,31:42,42,31,radar,video,31,b,1785700311.499,1785700312.148,0.648,0.6655,0.3328,2.0,orphan candidate on detector '31' not registered: pulse 0.648s < gate 0.666s
1785700312.224,2026-08-02 13:51:52.223788,201,below_sampling_floor,rule2_orphan_pulse,31:8,31,8,video,video,31,a,1785700311.499,1785700312.148,0.648,0.6655,0.3328,2.0,orphan candidate on detector '31' not registered: pulse 0.648s < gate 0.666s
1785700320.099,2026-08-02 13:52:00.099198,201,below_sampling_floor,rule2_orphan_pulse,31:42,42,31,radar,video,31,b,1785700319.695,1785700320.018,0.323,0.6511,0.3255,2.0,orphan candidate on detector '31' not registered: pulse 0.323s < gate 0.651s
1785700429.498,2026-08-02 13:53:49.497900,201,below_sampling_floor,rule2_orphan_pulse,26:33,33,26,radar,video,33,a,1785700428.784,1785700429.447,0.663,0.6644,0.3322,2.0,orphan candidate on detector '33' not registered: pulse 0.663s < gate 0.664s
1785700432.223,2026-08-02 13:53:52.223349,201,below_sampling_floor,rule2_orphan_pulse,26:33,33,26,radar,video,33,a,1785700431.473,1785700432.132,0.658,0.6644,0.3322,2.0,orphan candidate on detector '33' not registered: pulse 0.658s < gate 0.664s
1785700435.151,2026-08-02 13:53:55.150653,201,below_sampling_floor,rule2_orphan_pulse,26:33,33,26,radar,video,33,a,1785700434.741,1785700435.064,0.323,0.6644,0.3322,2.0,orphan candidate on detector '33' not registered: pulse 0.323s < gate 0.664s
1785700437.370,2026-08-02 13:53:57.369844,201,below_sampling_floor,rule2_orphan_pulse,26:33,33,26,radar,video,33,a,1785700437.033,1785700437.354,0.321,0.6582,0.3291,2.0,orphan candidate on detector '33' not registered: pulse 0.321s < gate 0.658s
1785700439.084,2026-08-02 13:53:59.084392,201,below_sampling_floor,rule2_orphan_pulse,26:33,33,26,radar,video,33,a,1785700438.665,1785700438.991,0.326,0.6582,0.3291,2.0,orphan candidate on detector '33' not registered: pulse 0.326s < gate 0.658s
1785700440.395,2026-08-02 13:54:00.395476,201,below_sampling_floor,rule2_orphan_pulse,26:33,33,26,radar,video,33,a,1785700439.975,1785700440.321,0.346,0.6582,0.3291,2.0,orphan candidate on detector '33' not registered: pulse 0.346s < gate 0.658s
1785700461.257,2026-08-02 13:54:21.257097,201,below_sampling_floor,rule2_orphan_pulse,26:33,33,26,radar,video,33,a,1785700460.883,1785700461.227,0.344,0.6582,0.3291,2.0,orphan candidate on detector '33' not registered: pulse 0.344s < gate 0.658s
1785700463.278,2026-08-02 13:54:23.277500,201,below_sampling_floor,rule2_orphan_pulse,26:33,33,26,radar,video,33,a,1785700462.602,1785700463.248,0.646,0.6582,0.3291,2.0,orphan candidate on detector '33' not registered: pulse 0.646s < gate 0.658s
1785700478.908,2026-08-02 13:54:38.908132,201,below_sampling_floor,rule2_orphan_pulse,26:33,33,26,radar,video,33,a,1785700478.522,1785700478.854,0.332,0.6582,0.3291,2.0,orphan candidate on detector '33' not registered: pulse 0.332s < gate 0.658s
1785700629.841,2026-08-02 13:57:09.841254,201,below_sampling_floor,rule2_orphan_pulse,17:46,46,17,radar,video,46,a,1785700629.129,1785700629.778,0.649,0.6519,0.3259,2.0,orphan candidate on detector '46' not registered: pulse 0.649s < gate 0.652s
1785700629.843,2026-08-02 13:57:09.843439,201,below_sampling_floor,rule2_orphan_pulse,2:46,2,46,video,radar,46,b,1785700629.129,1785700629.778,0.649,0.6519,0.3259,2.0,orphan candidate on detector '46' not registered: pulse 0.649s < gate 0.652s
1785700707.127,2026-08-02 13:58:27.126935,201,below_sampling_floor,rule2_orphan_pulse,3:30,30,3,video,video,3,b,1785700706.799,1785700707.124,0.326,0.6519,0.3259,2.0,orphan candidate on detector '3' not registered: pulse 0.326s < gate 0.652s
1785700707.127,2026-08-02 13:58:27.126935,201,below_sampling_floor,rule2_orphan_pulse,3:41,3,41,video,radar,3,a,1785700706.799,1785700707.124,0.326,0.6519,0.3259,2.0,orphan candidate on detector '3' not registered: pulse 0.326s < gate 0.652s
1785700709.754,2026-08-02 13:58:29.753986,201,below_sampling_floor,rule2_orphan_pulse,30:41,41,30,radar,video,30,b,1785700709.064,1785700709.703,0.639,0.6519,0.3259,2.0,orphan candidate on detector '30' not registered: pulse 0.639s < gate 0.652s
1785700709.756,2026-08-02 13:58:29.756108,201,below_sampling_floor,rule2_orphan_pulse,3:30,30,3,video,video,30,a,1785700709.064,1785700709.703,0.639,0.6519,0.3259,2.0,orphan candidate on detector '30' not registered: pulse 0.639s < gate 0.652s
1785700711.068,2026-08-02 13:58:31.068406,201,below_sampling_floor,rule2_orphan_pulse,30:41,41,30,radar,video,30,b,1785700710.665,1785700710.984,0.319,0.6519,0.3259,2.0,orphan candidate on detector '30' not registered: pulse 0.319s < gate 0.652s
1785700711.072,2026-08-02 13:58:31.071540,201,below_sampling_floor,rule2_orphan_pulse,3:30,30,3,video,video,30,a,1785700710.665,1785700710.984,0.319,0.6519,0.3259,2.0,orphan candidate on detector '30' not registered: pulse 0.319s < gate 0.652s
1785700719.437,2026-08-02 13:58:39.437453,201,below_sampling_floor,rule2_orphan_pulse,24:7,24,7,video,video,7,b,1785700719.062,1785700719.383,0.321,0.6519,0.3259,2.0,orphan candidate on detector '7' not registered: pulse 0.321s < gate 0.652s
1785700719.438,2026-08-02 13:58:39.438466,201,below_sampling_floor,rule2_orphan_pulse,38:7,7,38,video,radar,7,a,1785700719.062,1785700719.383,0.321,0.6519,0.3259,2.0,orphan candidate on detector '7' not registered: pulse 0.321s < gate 0.652s
1785700759.290,2026-08-02 13:59:19.289634,201,below_sampling_floor,rule2_orphan_pulse,30:41,41,30,radar,video,30,b,1785700758.925,1785700759.251,0.326,0.6437,0.3218,2.0,orphan candidate on detector '30' not registered: pulse 0.326s < gate 0.644s
1785700759.292,2026-08-02 13:59:19.291859,201,below_sampling_floor,rule2_orphan_pulse,3:30,30,3,video,video,30,a,1785700758.925,1785700759.251,0.326,0.6437,0.3218,2.0,orphan candidate on detector '30' not registered: pulse 0.326s < gate 0.644s
1785700789.342,2026-08-02 13:59:49.342222,201,below_sampling_floor,rule2_orphan_pulse,30:41,41,30,radar,video,30,b,1785700788.937,1785700789.252,0.314,0.6437,0.3218,2.0,orphan candidate on detector '30' not registered: pulse 0.314s < gate 0.644s
1785700789.343,2026-08-02 13:59:49.343235,201,below_sampling_floor,rule2_orphan_pulse,3:30,30,3,video,video,30,a,1785700788.937,1785700789.252,0.314,0.6437,0.3218,2.0,orphan candidate on detector '30' not registered: pulse 0.314s < gate 0.644s
1785700859.805,2026-08-02 14:00:59.805106,201,below_sampling_floor,rule2_orphan_pulse,31:42,42,31,radar,video,31,b,1785700859.395,1785700859.740,0.345,0.6555,0.3277,2.0,orphan candidate on detector '31' not registered: pulse 0.345s < gate 0.655s
1785700859.808,2026-08-02 14:00:59.808251,201,below_sampling_floor,rule2_orphan_pulse,31:8,31,8,video,video,31,a,1785700859.395,1785700859.740,0.345,0.6555,0.3277,2.0,orphan candidate on detector '31' not registered: pulse 0.345s < gate 0.655s
1785700860.413,2026-08-02 14:01:00.413256,201,below_sampling_floor,rule2_orphan_pulse,29:43,43,29,radar,video,43,a,1785700860.060,1785700860.391,0.33,0.6555,0.3277,2.0,orphan candidate on detector '43' not registered: pulse 0.330s < gate 0.655s
1785700880.692,2026-08-02 14:01:20.692498,201,below_sampling_floor,rule2_orphan_pulse,29:43,43,29,radar,video,29,b,1785700880.338,1785700880.674,0.336,0.6555,0.3277,2.0,orphan candidate on detector '29' not registered: pulse 0.336s < gate 0.655s
1785700985.537,2026-08-02 14:03:05.537061,201,below_sampling_floor,rule2_orphan_pulse,17:2,17,2,video,video,2,b,1785700985.109,1785700985.443,0.334,0.666,0.333,2.0,orphan candidate on detector '2' not registered: pulse 0.334s < gate 0.666s
1785700985.537,2026-08-02 14:03:05.537061,201,below_sampling_floor,rule2_orphan_pulse,2:46,2,46,video,radar,2,a,1785700985.109,1785700985.443,0.334,0.666,0.333,2.0,orphan candidate on detector '2' not registered: pulse 0.334s < gate 0.666s
1785701029.019,2026-08-02 14:03:49.018587,201,below_sampling_floor,rule2_orphan_pulse,26:33,33,26,radar,video,33,a,1785701028.612,1785701028.952,0.34,0.666,0.333,2.0,orphan candidate on detector '33' not registered: pulse 0.340s < gate 0.666s
1785701069.271,2026-08-02 14:04:29.270849,201,below_sampling_floor,rule2_orphan_pulse,31:42,42,31,radar,video,42,a,1785701068.530,1785701069.184,0.653,0.6868,0.3434,2.0,orphan candidate on detector '42' not registered: pulse 0.653s < gate 0.687s
1785701069.272,2026-08-02 14:04:29.272207,201,below_sampling_floor,rule2_orphan_pulse,42:8,8,42,video,radar,42,b,1785701068.530,1785701069.184,0.653,0.6868,0.3434,2.0,orphan candidate on detector '42' not registered: pulse 0.653s < gate 0.687s
1785701070.480,2026-08-02 14:04:30.480397,201,below_sampling_floor,rule2_orphan_pulse,31:42,42,31,radar,video,42,a,1785701069.827,1785701070.469,0.641,0.6868,0.3434,2.0,orphan candidate on detector '42' not registered: pulse 0.641s < gate 0.687s
1785701070.480,2026-08-02 14:04:30.480397,201,below_sampling_floor,rule2_orphan_pulse,42:8,8,42,video,radar,42,b,1785701069.827,1785701070.469,0.641,0.6868,0.3434,2.0,orphan candidate on detector '42' not registered: pulse 0.641s < gate 0.687s
1785701156.096,2026-08-02 14:05:56.096212,201,below_sampling_floor,rule2_orphan_pulse,30:41,41,30,radar,video,30,b,1785701155.757,1785701156.076,0.319,0.6421,0.321,2.0,orphan candidate on detector '30' not registered: pulse 0.319s < gate 0.642s
1785701156.096,2026-08-02 14:05:56.096212,201,below_sampling_floor,rule2_orphan_pulse,3:30,30,3,video,video,30,a,1785701155.757,1785701156.076,0.319,0.6421,0.321,2.0,orphan candidate on detector '30' not registered: pulse 0.319s < gate 0.642s
1785701157.518,2026-08-02 14:05:57.517500,201,below_sampling_floor,rule2_orphan_pulse,17:2,17,2,video,video,2,b,1785701157.083,1785701157.428,0.345,0.6587,0.3294,2.0,orphan candidate on detector '2' not registered: pulse 0.345s < gate 0.659s
1785701157.520,2026-08-02 14:05:57.519532,201,below_sampling_floor,rule2_orphan_pulse,2:46,2,46,video,radar,2,a,1785701157.083,1785701157.428,0.345,0.6587,0.3294,2.0,orphan candidate on detector '2' not registered: pulse 0.345s < gate 0.659s
1785701161.255,2026-08-02 14:06:01.255384,201,below_sampling_floor,rule2_orphan_pulse,17:2,17,2,video,video,2,b,1785701160.883,1785701161.234,0.352,0.6587,0.3294,2.0,orphan candidate on detector '2' not registered: pulse 0.352s < gate 0.659s
1785701161.257,2026-08-02 14:06:01.257406,201,below_sampling_floor,rule2_orphan_pulse,2:46,2,46,video,radar,2,a,1785701160.883,1785701161.234,0.352,0.6587,0.3294,2.0,orphan candidate on detector '2' not registered: pulse 0.352s < gate 0.659s
1785701170.130,2026-08-02 14:06:10.129648,201,below_sampling_floor,rule2_orphan_pulse,30:41,41,30,radar,video,30,b,1785701169.760,1785701170.094,0.334,0.6587,0.3294,2.0,orphan candidate on detector '30' not registered: pulse 0.334s < gate 0.659s
1785701170.131,2026-08-02 14:06:10.130651,201,below_sampling_floor,rule2_orphan_pulse,3:30,30,3,video,video,30,a,1785701169.760,1785701170.094,0.334,0.6587,0.3294,2.0,orphan candidate on detector '30' not registered: pulse 0.334s < gate 0.659s
1785701185.760,2026-08-02 14:06:25.759989,201,below_sampling_floor,rule2_orphan_pulse,30:41,41,30,radar,video,30,b,1785701185.362,1785701185.689,0.327,0.6587,0.3294,2.0,orphan candidate on detector '30' not registered: pulse 0.327s < gate 0.659s
1785701185.761,2026-08-02 14:06:25.761009,201,below_sampling_floor,rule2_orphan_pulse,3:30,30,3,video,video,30,a,1785701185.362,1785701185.689,0.327,0.6587,0.3294,2.0,orphan candidate on detector '30' not registered: pulse 0.327s < gate 0.659s
1785701228.501,2026-08-02 14:07:08.500901,201,below_sampling_floor,rule2_orphan_pulse,30:41,41,30,radar,video,30,b,1785701227.767,1785701228.413,0.645,0.6454,0.3227,2.0,orphan candidate on detector '30' not registered: pulse 0.645s < gate 0.645s
1785701228.502,2026-08-02 14:07:08.502048,201,below_sampling_floor,rule2_orphan_pulse,3:30,30,3,video,video,30,a,1785701227.767,1785701228.413,0.645,0.6454,0.3227,2.0,orphan candidate on detector '30' not registered: pulse 0.645s < gate 0.645s
1785701230.724,2026-08-02 14:07:10.724106,201,below_sampling_floor,rule2_orphan_pulse,17:2,17,2,video,video,2,b,1785701230.363,1785701230.687,0.324,0.6454,0.3227,2.0,orphan candidate on detector '2' not registered: pulse 0.324s < gate 0.645s
1785701230.727,2026-08-02 14:07:10.727133,201,below_sampling_floor,rule2_orphan_pulse,2:46,2,46,video,radar,2,a,1785701230.363,1785701230.687,0.324,0.6454,0.3227,2.0,orphan candidate on detector '2' not registered: pulse 0.324s < gate 0.645s
1785701340.160,2026-08-02 14:09:00.159914,201,below_sampling_floor,rule2_orphan_pulse,31:42,42,31,radar,video,31,b,1785701339.809,1785701340.120,0.311,0.6549,0.3274,2.0,orphan candidate on detector '31' not registered: pulse 0.311s < gate 0.655s
1785701340.162,2026-08-02 14:09:00.162430,201,below_sampling_floor,rule2_orphan_pulse,31:8,31,8,video,video,31,a,1785701339.809,1785701340.120,0.311,0.6549,0.3274,2.0,orphan candidate on detector '31' not registered: pulse 0.311s < gate 0.655s
1785701373.275,2026-08-02 14:09:33.274746,201,below_sampling_floor,rule2_orphan_pulse,26:33,33,26,radar,video,33,a,1785701372.551,1785701373.197,0.645,0.6549,0.3274,2.0,orphan candidate on detector '33' not registered: pulse 0.645s < gate 0.655s
1785701374.489,2026-08-02 14:09:34.489123,201,below_sampling_floor,rule2_orphan_pulse,26:33,33,26,radar,video,33,a,1785701373.841,1785701374.487,0.646,0.6549,0.3274,2.0,orphan candidate on detector '33' not registered: pulse 0.646s < gate 0.655s
1785701376.810,2026-08-02 14:09:36.810026,201,below_sampling_floor,rule2_orphan_pulse,26:33,33,26,radar,video,33,a,1785701376.106,1785701376.745,0.64,0.6549,0.3274,2.0,orphan candidate on detector '33' not registered: pulse 0.640s < gate 0.655s
1785701378.427,2026-08-02 14:09:38.426621,201,below_sampling_floor,rule2_orphan_pulse,26:33,33,26,radar,video,33,a,1785701377.726,1785701378.372,0.646,0.6549,0.3274,2.0,orphan candidate on detector '33' not registered: pulse 0.646s < gate 0.655s
1785701383.263,2026-08-02 14:09:43.263448,201,below_sampling_floor,rule2_orphan_pulse,26:33,33,26,radar,video,33,a,1785701382.613,1785701383.255,0.642,0.6549,0.3274,2.0,orphan candidate on detector '33' not registered: pulse 0.642s < gate 0.655s
1785701387.507,2026-08-02 14:09:47.507270,201,below_sampling_floor,rule2_orphan_pulse,26:33,33,26,radar,video,33,a,1785701386.852,1785701387.497,0.645,0.6549,0.3274,2.0,orphan candidate on detector '33' not registered: pulse 0.645s < gate 0.655s
1785701395.377,2026-08-02 14:09:55.376933,201,below_sampling_floor,rule2_orphan_pulse,26:33,33,26,radar,video,33,a,1785701394.671,1785701395.313,0.642,0.6549,0.3274,2.0,orphan candidate on detector '33' not registered: pulse 0.642s < gate 0.655s
1785701407.277,2026-08-02 14:10:07.277229,201,below_sampling_floor,rule2_orphan_pulse,26:33,33,26,radar,video,33,a,1785701406.583,1785701407.226,0.643,0.6541,0.327,2.0,orphan candidate on detector '33' not registered: pulse 0.643s < gate 0.654s
1785701416.245,2026-08-02 14:10:16.245210,201,below_sampling_floor,rule2_orphan_pulse,26:33,33,26,radar,video,33,a,1785701415.842,1785701416.154,0.312,0.6541,0.327,2.0,orphan candidate on detector '33' not registered: pulse 0.312s < gate 0.654s
1785701420.480,2026-08-02 14:10:20.480199,201,below_sampling_floor,rule2_orphan_pulse,26:33,33,26,radar,video,33,a,1785701419.787,1785701420.438,0.651,0.6541,0.327,2.0,orphan candidate on detector '33' not registered: pulse 0.651s < gate 0.654s
1785701458.305,2026-08-02 14:10:58.304602,201,below_sampling_floor,rule2_orphan_pulse,29:43,43,29,radar,video,43,a,1785701457.947,1785701458.281,0.334,0.6605,0.3302,2.0,orphan candidate on detector '43' not registered: pulse 0.334s < gate 0.660s
1785701467.499,2026-08-02 14:11:07.498654,201,below_sampling_floor,rule2_orphan_pulse,29:43,43,29,radar,video,29,b,1785701467.150,1785701467.460,0.31,0.6605,0.3302,2.0,orphan candidate on detector '29' not registered: pulse 0.310s < gate 0.660s
1785701468.509,2026-08-02 14:11:08.508968,201,below_sampling_floor,rule2_orphan_pulse,24:7,24,7,video,video,7,b,1785701467.796,1785701468.454,0.658,0.6605,0.3302,2.0,orphan candidate on detector '7' not registered: pulse 0.658s < gate 0.660s
1785701468.512,2026-08-02 14:11:08.511773,201,below_sampling_floor,rule2_orphan_pulse,38:7,7,38,video,radar,7,a,1785701467.796,1785701468.454,0.658,0.6605,0.3302,2.0,orphan candidate on detector '7' not registered: pulse 0.658s < gate 0.660s
1785701515.431,2026-08-02 14:11:55.431237,201,below_sampling_floor,rule2_orphan_pulse,17:2,17,2,video,video,2,b,1785701514.748,1785701515.393,0.645,0.6605,0.3302,2.0,orphan candidate on detector '2' not registered: pulse 0.645s < gate 0.660s
1785701515.432,2026-08-02 14:11:55.432256,201,below_sampling_floor,rule2_orphan_pulse,2:46,2,46,video,radar,2,a,1785701514.748,1785701515.393,0.645,0.6605,0.3302,2.0,orphan candidate on detector '2' not registered: pulse 0.645s < gate 0.660s
1785701551.729,2026-08-02 14:12:31.728513,201,below_sampling_floor,rule2_orphan_pulse,31:42,42,31,radar,video,31,b,1785701551.349,1785701551.663,0.314,0.6554,0.3277,2.0,orphan candidate on detector '31' not registered: pulse 0.314s < gate 0.655s
1785701551.730,2026-08-02 14:12:31.730126,201,below_sampling_floor,rule2_orphan_pulse,31:8,31,8,video,video,31,a,1785701551.349,1785701551.663,0.314,0.6554,0.3277,2.0,orphan candidate on detector '31' not registered: pulse 0.314s < gate 0.655s
1785701605.312,2026-08-02 14:13:25.312117,201,below_sampling_floor,rule2_orphan_pulse,31:42,42,31,radar,video,31,b,1785701604.954,1785701605.310,0.357,0.6489,0.3245,2.0,orphan candidate on detector '31' not registered: pulse 0.357s < gate 0.649s
1785701605.313,2026-08-02 14:13:25.312690,201,below_sampling_floor,rule2_orphan_pulse,31:8,31,8,video,video,31,a,1785701604.954,1785701605.310,0.357,0.6489,0.3245,2.0,orphan candidate on detector '31' not registered: pulse 0.357s < gate 0.649s
1785701623.163,2026-08-02 14:13:43.163454,201,below_sampling_floor,rule2_orphan_pulse,26:33,33,26,radar,video,33,a,1785701622.796,1785701623.109,0.314,0.6489,0.3245,2.0,orphan candidate on detector '33' not registered: pulse 0.314s < gate 0.649s
1785701649.376,2026-08-02 14:14:09.376075,201,below_sampling_floor,rule2_orphan_pulse,24:7,24,7,video,video,7,b,1785701649.022,1785701649.350,0.327,0.648,0.324,2.0,orphan candidate on detector '7' not registered: pulse 0.327s < gate 0.648s
1785701649.379,2026-08-02 14:14:09.378790,201,below_sampling_floor,rule2_orphan_pulse,38:7,7,38,video,radar,7,a,1785701649.022,1785701649.350,0.327,0.648,0.324,2.0,orphan candidate on detector '7' not registered: pulse 0.327s < gate 0.648s
1785701769.210,2026-08-02 14:16:09.210056,201,below_sampling_floor,rule2_orphan_pulse,29:43,43,29,radar,video,43,a,1785701768.890,1785701769.210,0.32,0.6504,0.3252,2.0,orphan candidate on detector '43' not registered: pulse 0.320s < gate 0.650s
1785701808.553,2026-08-02 14:16:48.553348,201,below_sampling_floor,rule2_orphan_pulse,29:43,43,29,radar,video,43,a,1785701808.142,1785701808.486,0.344,0.6504,0.3252,2.0,orphan candidate on detector '43' not registered: pulse 0.344s < gate 0.650s
1785701819.150,2026-08-02 14:16:59.149511,201,below_sampling_floor,rule2_orphan_pulse,29:43,43,29,radar,video,43,a,1785701818.493,1785701819.145,0.652,0.6716,0.3358,2.0,orphan candidate on detector '43' not registered: pulse 0.652s < gate 0.672s
1785701944.000,2026-08-02 14:19:03.999856,201,below_sampling_floor,rule2_orphan_pulse,31:42,42,31,radar,video,31,b,1785701943.642,1785701943.981,0.339,0.6617,0.3308,2.0,orphan candidate on detector '31' not registered: pulse 0.339s < gate 0.662s
1785701944.000,2026-08-02 14:19:03.999856,201,below_sampling_floor,rule2_orphan_pulse,31:8,31,8,video,video,31,a,1785701943.642,1785701943.981,0.339,0.6617,0.3308,2.0,orphan candidate on detector '31' not registered: pulse 0.339s < gate 0.662s
1785701950.385,2026-08-02 14:19:10.385320,201,below_sampling_floor,rule2_orphan_pulse,29:43,43,29,radar,video,43,a,1785701949.975,1785701950.297,0.322,0.6617,0.3308,2.0,orphan candidate on detector '43' not registered: pulse 0.322s < gate 0.662s
1785701953.309,2026-08-02 14:19:13.308897,201,below_sampling_floor,rule2_orphan_pulse,30:41,41,30,radar,video,30,b,1785701952.927,1785701953.237,0.31,0.6617,0.3308,2.0,orphan candidate on detector '30' not registered: pulse 0.310s < gate 0.662s
1785701953.311,2026-08-02 14:19:13.310917,201,below_sampling_floor,rule2_orphan_pulse,3:30,30,3,video,video,30,a,1785701952.927,1785701953.237,0.31,0.6617,0.3308,2.0,orphan candidate on detector '30' not registered: pulse 0.310s < gate 0.662s
1785701956.241,2026-08-02 14:19:16.240764,201,below_sampling_floor,rule2_orphan_pulse,3:30,30,3,video,video,3,b,1785701955.536,1785701956.184,0.648,0.6617,0.3308,2.0,orphan candidate on detector '3' not registered: pulse 0.648s < gate 0.662s
1785701956.242,2026-08-02 14:19:16.241770,201,below_sampling_floor,rule2_orphan_pulse,3:41,3,41,video,radar,3,a,1785701955.536,1785701956.184,0.648,0.6617,0.3308,2.0,orphan candidate on detector '3' not registered: pulse 0.648s < gate 0.662s
1785701977.213,2026-08-02 14:19:37.213402,201,below_sampling_floor,rule2_orphan_pulse,31:42,42,31,radar,video,31,b,1785701976.826,1785701977.147,0.321,0.6617,0.3308,2.0,orphan candidate on detector '31' not registered: pulse 0.321s < gate 0.662s
1785701980.743,2026-08-02 14:19:40.743431,201,below_sampling_floor,rule2_orphan_pulse,31:42,42,31,radar,video,31,b,1785701980.386,1785701980.707,0.321,0.6617,0.3308,2.0,orphan candidate on detector '31' not registered: pulse 0.321s < gate 0.662s
1785701982.459,2026-08-02 14:19:42.459378,201,below_sampling_floor,rule2_orphan_pulse,31:8,31,8,video,video,8,b,1785701982.044,1785701982.391,0.346,0.6617,0.3308,2.0,orphan candidate on detector '8' not registered: pulse 0.346s < gate 0.662s
1785701982.461,2026-08-02 14:19:42.461396,201,below_sampling_floor,rule2_orphan_pulse,42:8,8,42,video,radar,8,a,1785701982.044,1785701982.391,0.346,0.6617,0.3308,2.0,orphan candidate on detector '8' not registered: pulse 0.346s < gate 0.662s
1785701988.724,2026-08-02 14:19:48.724317,201,below_sampling_floor,rule2_orphan_pulse,3:30,30,3,video,video,3,b,1785701988.348,1785701988.678,0.329,0.6617,0.3308,2.0,orphan candidate on detector '3' not registered: pulse 0.329s < gate 0.662s
1785701988.727,2026-08-02 14:19:48.726958,201,below_sampling_floor,rule2_orphan_pulse,3:41,3,41,video,radar,3,a,1785701988.348,1785701988.678,0.329,0.6617,0.3308,2.0,orphan candidate on detector '3' not registered: pulse 0.329s < gate 0.662s
1785702000.827,2026-08-02 14:20:00.827095,201,below_sampling_floor,rule2_orphan_pulse,17:2,17,2,video,video,2,b,1785702000.415,1785702000.747,0.332,0.6528,0.3264,2.0,orphan candidate on detector '2' not registered: pulse 0.332s < gate 0.653s
1785702000.829,2026-08-02 14:20:00.829103,201,below_sampling_floor,rule2_orphan_pulse,2:46,2,46,video,radar,2,a,1785702000.415,1785702000.747,0.332,0.6528,0.3264,2.0,orphan candidate on detector '2' not registered: pulse 0.332s < gate 0.653s
1785702041.558,2026-08-02 14:20:41.558137,201,below_sampling_floor,rule2_orphan_pulse,29:43,43,29,radar,video,43,a,1785702041.112,1785702041.495,0.383,0.6528,0.3264,2.0,orphan candidate on detector '43' not registered: pulse 0.383s < gate 0.653s
1785702044.780,2026-08-02 14:20:44.780329,201,below_sampling_floor,rule2_orphan_pulse,31:42,42,31,radar,video,31,b,1785702044.434,1785702044.768,0.334,0.6528,0.3264,2.0,orphan candidate on detector '31' not registered: pulse 0.334s < gate 0.653s
1785702045.790,2026-08-02 14:20:45.789526,201,below_sampling_floor,rule2_orphan_pulse,31:42,42,31,radar,video,31,b,1785702045.407,1785702045.736,0.329,0.6528,0.3264,2.0,orphan candidate on detector '31' not registered: pulse 0.329s < gate 0.653s
1785702068.200,2026-08-02 14:21:08.200387,201,below_sampling_floor,rule2_orphan_pulse,30:41,41,30,radar,video,30,b,1785702067.524,1785702068.168,0.644,0.6458,0.3229,2.0,orphan candidate on detector '30' not registered: pulse 0.644s < gate 0.646s
1785702068.202,2026-08-02 14:21:08.202441,201,below_sampling_floor,rule2_orphan_pulse,3:30,30,3,video,video,30,a,1785702067.524,1785702068.168,0.644,0.6458,0.3229,2.0,orphan candidate on detector '30' not registered: pulse 0.644s < gate 0.646s
1785702076.767,2026-08-02 14:21:16.767307,201,below_sampling_floor,rule2_orphan_pulse,29:43,43,29,radar,video,29,b,1785702076.369,1785702076.699,0.33,0.6458,0.3229,2.0,orphan candidate on detector '29' not registered: pulse 0.330s < gate 0.646s
1785702077.373,2026-08-02 14:21:17.373436,201,below_sampling_floor,rule2_orphan_pulse,29:43,43,29,radar,video,29,b,1785702077.036,1785702077.369,0.333,0.6458,0.3229,2.0,orphan candidate on detector '29' not registered: pulse 0.333s < gate 0.646s
1785702079.087,2026-08-02 14:21:19.087155,201,below_sampling_floor,rule2_orphan_pulse,29:43,43,29,radar,video,29,b,1785702078.715,1785702079.054,0.339,0.6458,0.3229,2.0,orphan candidate on detector '29' not registered: pulse 0.339s < gate 0.646s
1785702095.636,2026-08-02 14:21:35.636289,201,below_sampling_floor,rule2_orphan_pulse,26:33,33,26,radar,video,33,a,1785702095.279,1785702095.623,0.343,0.6458,0.3229,2.0,orphan candidate on detector '33' not registered: pulse 0.343s < gate 0.646s
1785702102.613,2026-08-02 14:21:42.612584,201,below_sampling_floor,rule2_orphan_pulse,26:33,33,26,radar,video,26,b,1785702102.277,1785702102.590,0.313,0.6458,0.3229,2.0,orphan candidate on detector '26' not registered: pulse 0.313s < gate 0.646s
1785702123.285,2026-08-02 14:22:03.285081,201,below_sampling_floor,rule2_orphan_pulse,31:8,31,8,video,video,8,b,1785702122.945,1785702123.276,0.331,0.641,0.3205,2.0,orphan candidate on detector '8' not registered: pulse 0.331s < gate 0.641s
1785702123.285,2026-08-02 14:22:03.285081,201,below_sampling_floor,rule2_orphan_pulse,42:8,8,42,video,radar,8,a,1785702122.945,1785702123.276,0.331,0.641,0.3205,2.0,orphan candidate on detector '8' not registered: pulse 0.331s < gate 0.641s
1785702128.637,2026-08-02 14:22:08.637460,201,below_sampling_floor,rule2_orphan_pulse,31:42,42,31,radar,video,31,b,1785702128.241,1785702128.562,0.32,0.641,0.3205,2.0,orphan candidate on detector '31' not registered: pulse 0.320s < gate 0.641s
1785702128.640,2026-08-02 14:22:08.639904,201,below_sampling_floor,rule2_orphan_pulse,31:8,31,8,video,video,31,a,1785702128.241,1785702128.562,0.32,0.641,0.3205,2.0,orphan candidate on detector '31' not registered: pulse 0.320s < gate 0.641s
1785702145.204,2026-08-02 14:22:25.204334,201,below_sampling_floor,rule2_orphan_pulse,17:46,46,17,radar,video,46,a,1785702144.523,1785702145.157,0.634,0.641,0.3205,2.0,orphan candidate on detector '46' not registered: pulse 0.634s < gate 0.641s
1785702145.206,2026-08-02 14:22:25.206386,201,below_sampling_floor,rule2_orphan_pulse,2:46,2,46,video,radar,46,b,1785702144.523,1785702145.157,0.634,0.641,0.3205,2.0,orphan candidate on detector '46' not registered: pulse 0.634s < gate 0.641s
1785702159.131,2026-08-02 14:22:39.130818,201,below_sampling_floor,rule2_orphan_pulse,17:2,17,2,video,video,2,b,1785702158.479,1785702159.116,0.637,0.641,0.3205,2.0,orphan candidate on detector '2' not registered: pulse 0.637s < gate 0.641s
1785702159.131,2026-08-02 14:22:39.130818,201,below_sampling_floor,rule2_orphan_pulse,2:46,2,46,video,radar,2,a,1785702158.479,1785702159.116,0.637,0.641,0.3205,2.0,orphan candidate on detector '2' not registered: pulse 0.637s < gate 0.641s
1785702169.738,2026-08-02 14:22:49.738137,201,below_sampling_floor,rule2_orphan_pulse,26:33,33,26,radar,video,33,a,1785702169.031,1785702169.657,0.626,0.641,0.3205,2.0,orphan candidate on detector '33' not registered: pulse 0.626s < gate 0.641s
1785702170.044,2026-08-02 14:22:50.044142,201,below_sampling_floor,rule2_orphan_pulse,17:46,46,17,radar,video,46,a,1785702169.349,1785702169.977,0.628,0.641,0.3205,2.0,orphan candidate on detector '46' not registered: pulse 0.628s < gate 0.641s
1785702170.045,2026-08-02 14:22:50.045209,201,below_sampling_floor,rule2_orphan_pulse,17:2,17,2,video,video,2,b,1785702169.349,1785702169.977,0.628,0.641,0.3205,2.0,orphan candidate on detector '2' not registered: pulse 0.628s < gate 0.641s
1785702170.046,2026-08-02 14:22:50.046210,201,below_sampling_floor,rule2_orphan_pulse,2:46,2,46,video,radar,2,a,1785702169.349,1785702169.977,0.628,0.641,0.3205,2.0,orphan candidate on detector '2' not registered: pulse 0.628s < gate 0.641s
1785702170.046,2026-08-02 14:22:50.046210,201,below_sampling_floor,rule2_orphan_pulse,2:46,2,46,video,radar,46,b,1785702169.349,1785702169.977,0.628,0.641,0.3205,2.0,orphan candidate on detector '46' not registered: pulse 0.628s < gate 0.641s
1785702237.257,2026-08-02 14:23:57.257302,201,below_sampling_floor,rule2_orphan_pulse,31:42,42,31,radar,video,31,b,1785702236.850,1785702237.171,0.321,0.6712,0.3356,2.0,orphan candidate on detector '31' not registered: pulse 0.321s < gate 0.671s
1785702237.258,2026-08-02 14:23:57.258312,201,below_sampling_floor,rule2_orphan_pulse,31:8,31,8,video,video,31,a,1785702236.850,1785702237.171,0.321,0.6712,0.3356,2.0,orphan candidate on detector '31' not registered: pulse 0.321s < gate 0.671s
1785702244.134,2026-08-02 14:24:04.134027,201,below_sampling_floor,rule2_orphan_pulse,29:43,43,29,radar,video,29,b,1785702243.376,1785702244.041,0.665,0.6712,0.3356,2.0,orphan candidate on detector '29' not registered: pulse 0.665s < gate 0.671s
1785702244.137,2026-08-02 14:24:04.136607,201,below_sampling_floor,rule2_orphan_pulse,31:42,42,31,radar,video,31,b,1785702243.376,1785702244.041,0.665,0.6712,0.3356,2.0,orphan candidate on detector '31' not registered: pulse 0.665s < gate 0.671s
1785702254.626,2026-08-02 14:24:14.625599,201,below_sampling_floor,rule2_orphan_pulse,17:2,17,2,video,video,2,b,1785702254.256,1785702254.591,0.335,0.6712,0.3356,2.0,orphan candidate on detector '2' not registered: pulse 0.335s < gate 0.671s
1785702254.628,2026-08-02 14:24:14.627843,201,below_sampling_floor,rule2_orphan_pulse,2:46,2,46,video,radar,2,a,1785702254.256,1785702254.591,0.335,0.6712,0.3356,2.0,orphan candidate on detector '2' not registered: pulse 0.335s < gate 0.671s
1785702315.587,2026-08-02 14:25:15.587196,201,below_sampling_floor,rule2_orphan_pulse,31:42,42,31,radar,video,42,a,1785702315.168,1785702315.487,0.318,0.6429,0.3215,2.0,orphan candidate on detector '42' not registered: pulse 0.318s < gate 0.643s
1785702315.587,2026-08-02 14:25:15.587196,201,below_sampling_floor,rule2_orphan_pulse,42:8,8,42,video,radar,42,b,1785702315.168,1785702315.487,0.318,0.6429,0.3215,2.0,orphan candidate on detector '42' not registered: pulse 0.318s < gate 0.643s
1785702346.739,2026-08-02 14:25:46.739149,201,below_sampling_floor,rule2_orphan_pulse,26:33,33,26,radar,video,33,a,1785702346.089,1785702346.731,0.642,0.6429,0.3215,2.0,orphan candidate on detector '33' not registered: pulse 0.642s < gate 0.643s
1785702351.276,2026-08-02 14:25:51.275704,201,below_sampling_floor,rule2_orphan_pulse,26:33,33,26,radar,video,33,a,1785702350.930,1785702351.257,0.327,0.6429,0.3215,2.0,orphan candidate on detector '33' not registered: pulse 0.327s < gate 0.643s
1785702357.217,2026-08-02 14:25:57.217302,201,below_sampling_floor,rule2_orphan_pulse,17:46,46,17,radar,video,46,a,1785702356.802,1785702357.120,0.318,0.6501,0.325,2.0,orphan candidate on detector '46' not registered: pulse 0.318s < gate 0.650s
1785702357.219,2026-08-02 14:25:57.219308,201,below_sampling_floor,rule2_orphan_pulse,2:46,2,46,video,radar,46,b,1785702356.802,1785702357.120,0.318,0.6501,0.325,2.0,orphan candidate on detector '46' not registered: pulse 0.318s < gate 0.650s
1785702360.349,2026-08-02 14:26:00.348928,201,below_sampling_floor,rule2_orphan_pulse,26:33,33,26,radar,video,33,a,1785702360.021,1785702360.349,0.328,0.6501,0.325,2.0,orphan candidate on detector '33' not registered: pulse 0.328s < gate 0.650s
1785702377.592,2026-08-02 14:26:17.591949,201,below_sampling_floor,rule2_orphan_pulse,17:46,46,17,radar,video,46,a,1785702376.915,1785702377.549,0.634,0.6501,0.325,2.0,orphan candidate on detector '46' not registered: pulse 0.634s < gate 0.650s
1785702377.593,2026-08-02 14:26:17.592590,201,below_sampling_floor,rule2_orphan_pulse,2:46,2,46,video,radar,46,b,1785702376.915,1785702377.549,0.634,0.6501,0.325,2.0,orphan candidate on detector '46' not registered: pulse 0.634s < gate 0.650s
1785702379.207,2026-08-02 14:26:19.206792,201,below_sampling_floor,rule2_orphan_pulse,26:33,33,26,radar,video,33,a,1785702378.511,1785702379.159,0.648,0.6501,0.325,2.0,orphan candidate on detector '33' not registered: pulse 0.648s < gate 0.650s
1785702380.829,2026-08-02 14:26:20.828560,201,below_sampling_floor,rule2_orphan_pulse,26:33,33,26,radar,video,33,a,1785702380.431,1785702380.771,0.34,0.6501,0.325,2.0,orphan candidate on detector '33' not registered: pulse 0.340s < gate 0.650s
1785702382.752,2026-08-02 14:26:22.751812,201,below_sampling_floor,rule2_orphan_pulse,26:33,33,26,radar,video,33,a,1785702382.374,1785702382.701,0.327,0.6501,0.325,2.0,orphan candidate on detector '33' not registered: pulse 0.327s < gate 0.650s
1785702385.977,2026-08-02 14:26:25.976921,201,below_sampling_floor,rule2_orphan_pulse,26:33,33,26,radar,video,33,a,1785702385.570,1785702385.884,0.315,0.6501,0.325,2.0,orphan candidate on detector '33' not registered: pulse 0.315s < gate 0.650s
1785702387.901,2026-08-02 14:26:27.900968,201,below_sampling_floor,rule2_orphan_pulse,26:33,33,26,radar,video,33,a,1785702387.494,1785702387.831,0.336,0.6501,0.325,2.0,orphan candidate on detector '33' not registered: pulse 0.336s < gate 0.650s
1785702390.121,2026-08-02 14:26:30.120862,201,below_sampling_floor,rule2_orphan_pulse,26:33,33,26,radar,video,33,a,1785702389.783,1785702390.115,0.332,0.6501,0.325,2.0,orphan candidate on detector '33' not registered: pulse 0.332s < gate 0.650s
1785702392.538,2026-08-02 14:26:32.537980,201,below_sampling_floor,rule2_orphan_pulse,26:33,33,26,radar,video,33,a,1785702392.148,1785702392.469,0.321,0.6501,0.325,2.0,orphan candidate on detector '33' not registered: pulse 0.321s < gate 0.650s
1785702404.837,2026-08-02 14:26:44.837170,201,below_sampling_floor,rule2_orphan_pulse,26:33,33,26,radar,video,33,a,1785702404.134,1785702404.772,0.637,0.6501,0.325,2.0,orphan candidate on detector '33' not registered: pulse 0.637s < gate 0.650s
1785702435.611,2026-08-02 14:27:15.611137,201,below_sampling_floor,rule2_orphan_pulse,29:43,43,29,radar,video,29,b,1785702434.972,1785702435.606,0.634,0.6502,0.3251,2.0,orphan candidate on detector '29' not registered: pulse 0.634s < gate 0.650s
1785702437.639,2026-08-02 14:27:17.639367,201,below_sampling_floor,rule2_orphan_pulse,29:43,43,29,radar,video,29,b,1785702437.246,1785702437.561,0.315,0.6502,0.3251,2.0,orphan candidate on detector '29' not registered: pulse 0.315s < gate 0.650s
1785702438.550,2026-08-02 14:27:18.549984,201,below_sampling_floor,rule2_orphan_pulse,31:42,42,31,radar,video,42,a,1785702438.221,1785702438.549,0.327,0.6502,0.3251,2.0,orphan candidate on detector '42' not registered: pulse 0.327s < gate 0.650s
1785702441.875,2026-08-02 14:27:21.874759,201,below_sampling_floor,rule2_orphan_pulse,42:8,8,42,video,radar,42,b,1785702438.221,1785702438.549,0.327,0.6502,0.3251,2.0,orphan candidate on detector '42' not registered: pulse 0.327s < gate 0.650s
1785702548.522,2026-08-02 14:29:08.522064,201,below_sampling_floor,rule2_orphan_pulse,31:42,42,31,radar,video,31,b,1785702548.117,1785702548.438,0.322,0.6631,0.3315,2.0,orphan candidate on detector '31' not registered: pulse 0.322s < gate 0.663s
1785702548.522,2026-08-02 14:29:08.522064,201,below_sampling_floor,rule2_orphan_pulse,31:8,31,8,video,video,31,a,1785702548.117,1785702548.438,0.322,0.6631,0.3315,2.0,orphan candidate on detector '31' not registered: pulse 0.322s < gate 0.663s
1785702554.168,2026-08-02 14:29:14.168303,201,below_sampling_floor,rule2_orphan_pulse,29:43,43,29,radar,video,43,a,1785702553.778,1785702554.096,0.318,0.6631,0.3315,2.0,orphan candidate on detector '43' not registered: pulse 0.318s < gate 0.663s
1785702557.799,2026-08-02 14:29:17.798510,201,below_sampling_floor,rule2_orphan_pulse,17:46,46,17,radar,video,46,a,1785702557.105,1785702557.765,0.659,0.6631,0.3315,2.0,orphan candidate on detector '46' not registered: pulse 0.659s < gate 0.663s
1785702557.800,2026-08-02 14:29:17.800029,201,below_sampling_floor,rule2_orphan_pulse,2:46,2,46,video,radar,46,b,1785702557.105,1785702557.765,0.659,0.6631,0.3315,2.0,orphan candidate on detector '46' not registered: pulse 0.659s < gate 0.663s
1785702625.870,2026-08-02 14:30:25.869622,201,below_sampling_floor,rule2_orphan_pulse,22:39,39,22,radar,video,22,b,1785702625.487,1785702625.814,0.326,0.6548,0.3274,2.0,orphan candidate on detector '22' not registered: pulse 0.326s < gate 0.655s
1785702625.871,2026-08-02 14:30:25.870632,201,below_sampling_floor,rule2_orphan_pulse,22:4,22,4,video,video,22,a,1785702625.487,1785702625.814,0.326,0.6548,0.3274,2.0,orphan candidate on detector '22' not registered: pulse 0.326s < gate 0.655s
1785702626.177,2026-08-02 14:30:26.177499,201,below_sampling_floor,rule2_orphan_pulse,22:4,22,4,video,video,4,b,1785702625.487,1785702626.140,0.653,0.6548,0.3274,2.0,orphan candidate on detector '4' not registered: pulse 0.653s < gate 0.655s
1785702626.177,2026-08-02 14:30:26.177499,201,below_sampling_floor,rule2_orphan_pulse,39:4,4,39,video,radar,4,a,1785702625.487,1785702626.140,0.653,0.6548,0.3274,2.0,orphan candidate on detector '4' not registered: pulse 0.653s < gate 0.655s
1785702627.192,2026-08-02 14:30:27.191924,201,below_sampling_floor,rule2_orphan_pulse,24:7,24,7,video,video,7,b,1785702626.482,1785702627.132,0.65,0.6548,0.3274,2.0,orphan candidate on detector '7' not registered: pulse 0.650s < gate 0.655s
1785702627.192,2026-08-02 14:30:27.191924,201,below_sampling_floor,rule2_orphan_pulse,38:7,7,38,video,radar,7,a,1785702626.482,1785702627.132,0.65,0.6548,0.3274,2.0,orphan candidate on detector '7' not registered: pulse 0.650s < gate 0.655s
1785702699.033,2026-08-02 14:31:39.032923,201,below_sampling_floor,rule2_orphan_pulse,31:42,42,31,radar,video,31,b,1785702698.702,1785702699.019,0.317,0.6482,0.3241,2.0,orphan candidate on detector '31' not registered: pulse 0.317s < gate 0.648s
1785702699.033,2026-08-02 14:31:39.032923,201,below_sampling_floor,rule2_orphan_pulse,31:8,31,8,video,video,31,a,1785702698.702,1785702699.019,0.317,0.6482,0.3241,2.0,orphan candidate on detector '31' not registered: pulse 0.317s < gate 0.648s
1785702896.611,2026-08-02 14:34:56.610526,201,below_sampling_floor,rule2_orphan_pulse,31:42,42,31,radar,video,42,a,1785702896.205,1785702896.537,0.332,0.6494,0.3247,2.0,orphan candidate on detector '42' not registered: pulse 0.332s < gate 0.649s
1785702896.612,2026-08-02 14:34:56.611537,201,below_sampling_floor,rule2_orphan_pulse,42:8,8,42,video,radar,42,b,1785702896.205,1785702896.537,0.332,0.6494,0.3247,2.0,orphan candidate on detector '42' not registered: pulse 0.332s < gate 0.649s
1785702897.218,2026-08-02 14:34:57.218361,201,below_sampling_floor,rule2_orphan_pulse,31:8,31,8,video,video,8,b,1785702896.537,1785702897.175,0.638,0.6494,0.3247,2.0,orphan candidate on detector '8' not registered: pulse 0.638s < gate 0.649s
1785702897.220,2026-08-02 14:34:57.219714,201,below_sampling_floor,rule2_orphan_pulse,42:8,8,42,video,radar,8,a,1785702896.537,1785702897.175,0.638,0.6494,0.3247,2.0,orphan candidate on detector '8' not registered: pulse 0.638s < gate 0.649s
1785702903.677,2026-08-02 14:35:03.676542,201,below_sampling_floor,rule2_orphan_pulse,29:43,43,29,radar,video,29,b,1785702903.320,1785702903.655,0.335,0.6453,0.3227,2.0,orphan candidate on detector '29' not registered: pulse 0.335s < gate 0.645s
1785702903.678,2026-08-02 14:35:03.678061,201,below_sampling_floor,rule2_orphan_pulse,31:42,42,31,radar,video,31,b,1785702903.320,1785702903.655,0.335,0.6453,0.3227,2.0,orphan candidate on detector '31' not registered: pulse 0.335s < gate 0.645s
1785702903.680,2026-08-02 14:35:03.680118,201,below_sampling_floor,rule2_orphan_pulse,31:8,31,8,video,video,31,a,1785702903.320,1785702903.655,0.335,0.6453,0.3227,2.0,orphan candidate on detector '31' not registered: pulse 0.335s < gate 0.645s
1785703022.345,2026-08-02 14:37:02.345408,201,below_sampling_floor,rule2_orphan_pulse,24:7,24,7,video,video,7,b,1785703021.657,1785703022.291,0.635,0.6487,0.3244,2.0,orphan candidate on detector '7' not registered: pulse 0.635s < gate 0.649s
1785703022.346,2026-08-02 14:37:02.346417,201,below_sampling_floor,rule2_orphan_pulse,38:7,7,38,video,radar,7,a,1785703021.657,1785703022.291,0.635,0.6487,0.3244,2.0,orphan candidate on detector '7' not registered: pulse 0.635s < gate 0.649s
1785703083.991,2026-08-02 14:38:03.990893,201,below_sampling_floor,rule2_orphan_pulse,17:46,46,17,radar,video,46,a,1785703083.289,1785703083.918,0.629,0.6502,0.3251,2.0,orphan candidate on detector '46' not registered: pulse 0.629s < gate 0.650s
1785703083.993,2026-08-02 14:38:03.992857,201,below_sampling_floor,rule2_orphan_pulse,2:46,2,46,video,radar,46,b,1785703083.289,1785703083.918,0.629,0.6502,0.3251,2.0,orphan candidate on detector '46' not registered: pulse 0.629s < gate 0.650s
1785703092.465,2026-08-02 14:38:12.465141,201,below_sampling_floor,rule2_orphan_pulse,17:2,17,2,video,video,2,b,1785703092.048,1785703092.372,0.324,0.6502,0.3251,2.0,orphan candidate on detector '2' not registered: pulse 0.324s < gate 0.650s
1785703092.467,2026-08-02 14:38:12.467152,201,below_sampling_floor,rule2_orphan_pulse,2:46,2,46,video,radar,2,a,1785703092.048,1785703092.372,0.324,0.6502,0.3251,2.0,orphan candidate on detector '2' not registered: pulse 0.324s < gate 0.650s
1785703198.183,2026-08-02 14:39:58.182918,201,below_sampling_floor,rule2_orphan_pulse,17:2,17,2,video,video,2,b,1785703197.532,1785703198.175,0.643,0.6568,0.3284,2.0,orphan candidate on detector '2' not registered: pulse 0.643s < gate 0.657s
1785703198.184,2026-08-02 14:39:58.183541,201,below_sampling_floor,rule2_orphan_pulse,2:46,2,46,video,radar,2,a,1785703197.532,1785703198.175,0.643,0.6568,0.3284,2.0,orphan candidate on detector '2' not registered: pulse 0.643s < gate 0.657s
1785703208.069,2026-08-02 14:40:08.068978,201,below_sampling_floor,rule2_orphan_pulse,29:43,43,29,radar,video,29,b,1785703207.402,1785703208.057,0.655,0.6568,0.3284,2.0,orphan candidate on detector '29' not registered: pulse 0.655s < gate 0.657s
1785703209.077,2026-08-02 14:40:09.076958,201,below_sampling_floor,rule2_orphan_pulse,29:43,43,29,radar,video,29,b,1785703208.382,1785703209.028,0.646,0.6568,0.3284,2.0,orphan candidate on detector '29' not registered: pulse 0.646s < gate 0.657s
1785703227.171,2026-08-02 14:40:27.170927,201,below_sampling_floor,rule2_orphan_pulse,29:43,43,29,radar,video,29,b,1785703226.525,1785703227.169,0.645,0.6568,0.3284,2.0,orphan candidate on detector '29' not registered: pulse 0.645s < gate 0.657s
1785703229.187,2026-08-02 14:40:29.187016,201,below_sampling_floor,rule2_orphan_pulse,29:43,43,29,radar,video,29,b,1785703228.816,1785703229.138,0.322,0.6568,0.3284,2.0,orphan candidate on detector '29' not registered: pulse 0.322s < gate 0.657s
1785703229.894,2026-08-02 14:40:29.894430,201,below_sampling_floor,rule2_orphan_pulse,29:43,43,29,radar,video,29,b,1785703229.478,1785703229.799,0.321,0.6568,0.3284,2.0,orphan candidate on detector '29' not registered: pulse 0.321s < gate 0.657s
1785703230.500,2026-08-02 14:40:30.499614,201,below_sampling_floor,rule2_orphan_pulse,29:43,43,29,radar,video,29,b,1785703230.111,1785703230.441,0.33,0.6568,0.3284,2.0,orphan candidate on detector '29' not registered: pulse 0.330s < gate 0.657s
1785703281.319,2026-08-02 14:41:21.319304,201,below_sampling_floor,rule2_orphan_pulse,31:42,42,31,radar,video,31,b,1785703280.920,1785703281.241,0.321,0.6436,0.3218,2.0,orphan candidate on detector '31' not registered: pulse 0.321s < gate 0.644s
1785703281.321,2026-08-02 14:41:21.320734,201,below_sampling_floor,rule2_orphan_pulse,31:8,31,8,video,video,31,a,1785703280.920,1785703281.241,0.321,0.6436,0.3218,2.0,orphan candidate on detector '31' not registered: pulse 0.321s < gate 0.644s
1785703287.470,2026-08-02 14:41:27.470488,201,below_sampling_floor,rule2_orphan_pulse,29:43,43,29,radar,video,43,a,1785703287.099,1785703287.414,0.316,0.6436,0.3218,2.0,orphan candidate on detector '43' not registered: pulse 0.316s < gate 0.644s
1785703325.514,2026-08-02 14:42:05.514043,201,below_sampling_floor,rule2_orphan_pulse,31:42,42,31,radar,video,31,b,1785703324.790,1785703325.457,0.667,0.6786,0.3393,2.0,orphan candidate on detector '31' not registered: pulse 0.667s < gate 0.679s
1785703334.085,2026-08-02 14:42:14.085092,201,below_sampling_floor,rule2_orphan_pulse,31:8,31,8,video,video,31,a,1785703324.790,1785703325.457,0.667,0.6786,0.3393,2.0,orphan candidate on detector '31' not registered: pulse 0.667s < gate 0.679s
1785703351.038,2026-08-02 14:42:31.038325,201,below_sampling_floor,rule2_orphan_pulse,26:33,33,26,radar,video,33,a,1785703350.681,1785703351.016,0.335,0.6786,0.3393,2.0,orphan candidate on detector '33' not registered: pulse 0.335s < gate 0.679s
1785703355.371,2026-08-02 14:42:35.371077,201,below_sampling_floor,rule2_orphan_pulse,26:33,33,26,radar,video,33,a,1785703354.688,1785703355.348,0.66,0.6786,0.3393,2.0,orphan candidate on detector '33' not registered: pulse 0.660s < gate 0.679s
1785703385.643,2026-08-02 14:43:05.643366,201,below_sampling_floor,rule2_orphan_pulse,17:2,17,2,video,video,2,b,1785703385.276,1785703385.618,0.343,0.6619,0.331,2.0,orphan candidate on detector '2' not registered: pulse 0.343s < gate 0.662s
1785703385.643,2026-08-02 14:43:05.643366,201,below_sampling_floor,rule2_orphan_pulse,2:46,2,46,video,radar,2,a,1785703385.276,1785703385.618,0.343,0.6619,0.331,2.0,orphan candidate on detector '2' not registered: pulse 0.343s < gate 0.662s
1785703405.209,2026-08-02 14:43:25.209339,201,below_sampling_floor,rule2_orphan_pulse,24:38,38,24,radar,video,38,a,1785703404.553,1785703405.209,0.657,0.6619,0.331,2.0,orphan candidate on detector '38' not registered: pulse 0.657s < gate 0.662s
1785703405.211,2026-08-02 14:43:25.211346,201,below_sampling_floor,rule2_orphan_pulse,38:7,7,38,video,radar,38,b,1785703404.553,1785703405.209,0.657,0.6619,0.331,2.0,orphan candidate on detector '38' not registered: pulse 0.657s < gate 0.662s
1785703405.920,2026-08-02 14:43:25.919901,201,below_sampling_floor,rule2_orphan_pulse,22:39,39,22,radar,video,22,b,1785703405.209,1785703405.848,0.639,0.6619,0.331,2.0,orphan candidate on detector '22' not registered: pulse 0.639s < gate 0.662s
1785703405.920,2026-08-02 14:43:25.919901,201,below_sampling_floor,rule2_orphan_pulse,22:4,22,4,video,video,22,a,1785703405.209,1785703405.848,0.639,0.6619,0.331,2.0,orphan candidate on detector '22' not registered: pulse 0.639s < gate 0.662s
1785703421.660,2026-08-02 14:43:41.659870,201,below_sampling_floor,rule2_orphan_pulse,29:43,43,29,radar,video,29,b,1785703421.287,1785703421.626,0.339,0.6619,0.331,2.0,orphan candidate on detector '29' not registered: pulse 0.339s < gate 0.662s
1785703587.162,2026-08-02 14:46:27.162198,201,below_sampling_floor,rule2_orphan_pulse,24:7,24,7,video,video,7,b,1785703586.793,1785703587.106,0.314,0.6615,0.3308,2.0,orphan candidate on detector '7' not registered: pulse 0.314s < gate 0.662s
1785703587.164,2026-08-02 14:46:27.164251,201,below_sampling_floor,rule2_orphan_pulse,38:7,7,38,video,radar,7,a,1785703586.793,1785703587.106,0.314,0.6615,0.3308,2.0,orphan candidate on detector '7' not registered: pulse 0.314s < gate 0.662s
1785703599.869,2026-08-02 14:46:39.868605,201,below_sampling_floor,rule2_orphan_pulse,24:7,24,7,video,video,7,b,1785703599.493,1785703599.848,0.355,0.6615,0.3308,2.0,orphan candidate on detector '7' not registered: pulse 0.355s < gate 0.662s
1785703599.869,2026-08-02 14:46:39.868605,201,below_sampling_floor,rule2_orphan_pulse,38:7,7,38,video,radar,7,a,1785703599.493,1785703599.848,0.355,0.6615,0.3308,2.0,orphan candidate on detector '7' not registered: pulse 0.355s < gate 0.662s
1785703735.225,2026-08-02 14:48:55.224750,201,below_sampling_floor,rule2_orphan_pulse,31:42,42,31,radar,video,31,b,1785703734.812,1785703735.131,0.319,0.6488,0.3244,2.0,orphan candidate on detector '31' not registered: pulse 0.319s < gate 0.649s
1785703735.225,2026-08-02 14:48:55.224750,201,below_sampling_floor,rule2_orphan_pulse,31:8,31,8,video,video,31,a,1785703734.812,1785703735.131,0.319,0.6488,0.3244,2.0,orphan candidate on detector '31' not registered: pulse 0.319s < gate 0.649s
1785703835.199,2026-08-02 14:50:35.199047,201,below_sampling_floor,rule2_orphan_pulse,31:42,42,31,radar,video,31,b,1785703834.852,1785703835.186,0.334,0.7082,0.3541,2.0,orphan candidate on detector '31' not registered: pulse 0.334s < gate 0.708s
1785703835.199,2026-08-02 14:50:35.199047,201,below_sampling_floor,rule2_orphan_pulse,31:8,31,8,video,video,31,a,1785703834.852,1785703835.186,0.334,0.7082,0.3541,2.0,orphan candidate on detector '31' not registered: pulse 0.334s < gate 0.708s
1785703853.668,2026-08-02 14:50:53.668410,201,below_sampling_floor,rule2_orphan_pulse,31:42,42,31,radar,video,31,b,1785703852.944,1785703853.580,0.636,0.7082,0.3541,2.0,orphan candidate on detector '31' not registered: pulse 0.636s < gate 0.708s
1785703853.670,2026-08-02 14:50:53.670423,201,below_sampling_floor,rule2_orphan_pulse,31:8,31,8,video,video,31,a,1785703852.944,1785703853.580,0.636,0.7082,0.3541,2.0,orphan candidate on detector '31' not registered: pulse 0.636s < gate 0.708s
1785703859.215,2026-08-02 14:50:59.214640,201,below_sampling_floor,rule2_orphan_pulse,31:42,42,31,radar,video,31,b,1785703858.800,1785703859.118,0.318,0.6455,0.3228,2.0,orphan candidate on detector '31' not registered: pulse 0.318s < gate 0.646s
1785703859.216,2026-08-02 14:50:59.216294,201,below_sampling_floor,rule2_orphan_pulse,31:8,31,8,video,video,31,a,1785703858.800,1785703859.118,0.318,0.6455,0.3228,2.0,orphan candidate on detector '31' not registered: pulse 0.318s < gate 0.646s
1785703871.923,2026-08-02 14:51:11.923469,201,below_sampling_floor,rule2_orphan_pulse,3:30,30,3,video,video,3,b,1785703871.506,1785703871.832,0.325,0.6455,0.3228,2.0,orphan candidate on detector '3' not registered: pulse 0.325s < gate 0.646s
1785703871.925,2026-08-02 14:51:11.925483,201,below_sampling_floor,rule2_orphan_pulse,3:41,3,41,video,radar,3,a,1785703871.506,1785703871.832,0.325,0.6455,0.3228,2.0,orphan candidate on detector '3' not registered: pulse 0.325s < gate 0.646s
1785703961.712,2026-08-02 14:52:41.711786,201,below_sampling_floor,rule2_orphan_pulse,17:2,17,2,video,video,2,b,1785703961.394,1785703961.706,0.312,0.6527,0.3264,2.0,orphan candidate on detector '2' not registered: pulse 0.312s < gate 0.653s
1785703961.713,2026-08-02 14:52:41.712791,201,below_sampling_floor,rule2_orphan_pulse,2:46,2,46,video,radar,2,a,1785703961.394,1785703961.706,0.312,0.6527,0.3264,2.0,orphan candidate on detector '2' not registered: pulse 0.312s < gate 0.653s
1785703963.130,2026-08-02 14:52:43.129782,201,below_sampling_floor,rule2_orphan_pulse,17:2,17,2,video,video,2,b,1785703962.756,1785703963.087,0.331,0.6527,0.3264,2.0,orphan candidate on detector '2' not registered: pulse 0.331s < gate 0.653s
1785703963.133,2026-08-02 14:52:43.132890,201,below_sampling_floor,rule2_orphan_pulse,2:46,2,46,video,radar,2,a,1785703962.756,1785703963.087,0.331,0.6527,0.3264,2.0,orphan candidate on detector '2' not registered: pulse 0.331s < gate 0.653s
1785703978.688,2026-08-02 14:52:58.688145,201,below_sampling_floor,rule2_orphan_pulse,29:43,43,29,radar,video,29,b,1785703978.290,1785703978.611,0.322,0.6541,0.3271,2.0,orphan candidate on detector '29' not registered: pulse 0.322s < gate 0.654s
1785703979.895,2026-08-02 14:52:59.895268,201,below_sampling_floor,rule2_orphan_pulse,29:43,43,29,radar,video,29,b,1785703979.247,1785703979.893,0.645,0.6541,0.3271,2.0,orphan candidate on detector '29' not registered: pulse 0.645s < gate 0.654s
1785704063.632,2026-08-02 14:54:23.631682,201,below_sampling_floor,rule2_orphan_pulse,31:42,42,31,radar,video,31,b,1785704062.960,1785704063.615,0.655,0.6664,0.3332,2.0,orphan candidate on detector '31' not registered: pulse 0.655s < gate 0.666s
1785704063.633,2026-08-02 14:54:23.632722,201,below_sampling_floor,rule2_orphan_pulse,31:8,31,8,video,video,31,a,1785704062.960,1785704063.615,0.655,0.6664,0.3332,2.0,orphan candidate on detector '31' not registered: pulse 0.655s < gate 0.666s
1785704069.186,2026-08-02 14:54:29.185754,201,below_sampling_floor,rule2_orphan_pulse,31:42,42,31,radar,video,31,b,1785704068.829,1785704069.145,0.316,0.6664,0.3332,2.0,orphan candidate on detector '31' not registered: pulse 0.316s < gate 0.666s
1785704100.086,2026-08-02 14:55:00.086196,201,below_sampling_floor,rule2_orphan_pulse,26:33,33,26,radar,video,33,a,1785704099.407,1785704100.049,0.643,0.6957,0.3479,2.0,orphan candidate on detector '33' not registered: pulse 0.643s < gate 0.696s
1785704114.011,2026-08-02 14:55:14.011383,201,below_sampling_floor,rule2_orphan_pulse,29:43,43,29,radar,video,43,a,1785704113.606,1785704113.924,0.318,0.6957,0.3479,2.0,orphan candidate on detector '43' not registered: pulse 0.318s < gate 0.696s
1785704171.467,2026-08-02 14:56:11.466565,201,below_sampling_floor,rule2_orphan_pulse,26:33,33,26,radar,video,26,b,1785704170.767,1785704171.406,0.639,0.6469,0.3235,2.0,orphan candidate on detector '26' not registered: pulse 0.639s < gate 0.647s
1785704172.485,2026-08-02 14:56:12.484809,201,below_sampling_floor,rule2_orphan_pulse,26:33,33,26,radar,video,26,b,1785704172.077,1785704172.406,0.329,0.6469,0.3235,2.0,orphan candidate on detector '26' not registered: pulse 0.329s < gate 0.647s
1785704187.408,2026-08-02 14:56:27.407824,201,below_sampling_floor,rule2_orphan_pulse,26:33,33,26,radar,video,26,b,1785704186.761,1785704187.408,0.647,0.6469,0.3235,2.0,orphan candidate on detector '26' not registered: pulse 0.647s < gate 0.647s
1785704189.429,2026-08-02 14:56:29.428642,201,below_sampling_floor,rule2_orphan_pulse,26:33,33,26,radar,video,26,b,1785704189.010,1785704189.329,0.319,0.6469,0.3235,2.0,orphan candidate on detector '26' not registered: pulse 0.319s < gate 0.647s
1785704199.202,2026-08-02 14:56:39.202332,201,below_sampling_floor,rule2_orphan_pulse,31:42,42,31,radar,video,42,a,1785704198.825,1785704199.151,0.325,0.6469,0.3235,2.0,orphan candidate on detector '42' not registered: pulse 0.325s < gate 0.647s
1785704199.203,2026-08-02 14:56:39.203384,201,below_sampling_floor,rule2_orphan_pulse,42:8,8,42,video,radar,42,b,1785704198.825,1785704199.151,0.325,0.6469,0.3235,2.0,orphan candidate on detector '42' not registered: pulse 0.325s < gate 0.647s
1785704207.071,2026-08-02 14:56:47.070988,201,below_sampling_floor,rule2_orphan_pulse,31:8,31,8,video,video,8,b,1785704206.653,1785704206.975,0.322,0.6469,0.3235,2.0,orphan candidate on detector '8' not registered: pulse 0.322s < gate 0.647s
1785704253.090,2026-08-02 14:57:33.090463,201,below_sampling_floor,rule2_orphan_pulse,26:33,33,26,radar,video,33,a,1785704252.357,1785704253.012,0.655,0.657,0.3285,2.0,orphan candidate on detector '33' not registered: pulse 0.655s < gate 0.657s
1785704266.407,2026-08-02 14:57:46.407220,201,below_sampling_floor,rule2_orphan_pulse,22:4,22,4,video,video,4,b,1785704266.002,1785704266.328,0.326,0.657,0.3285,2.0,orphan candidate on detector '4' not registered: pulse 0.326s < gate 0.657s
1785704266.407,2026-08-02 14:57:46.407220,201,below_sampling_floor,rule2_orphan_pulse,39:4,4,39,video,radar,4,a,1785704266.002,1785704266.328,0.326,0.657,0.3285,2.0,orphan candidate on detector '4' not registered: pulse 0.326s < gate 0.657s
1785704289.417,2026-08-02 14:58:09.416753,201,below_sampling_floor,rule2_orphan_pulse,31:8,31,8,video,video,31,a,1785704288.895,1785704289.329,0.433,0.6696,0.3348,2.0,orphan candidate on detector '31' not registered: pulse 0.433s < gate 0.670s
1785704299.604,2026-08-02 14:58:19.604213,201,below_sampling_floor,rule2_orphan_pulse,26:33,33,26,radar,video,33,a,1785704298.874,1785704299.532,0.658,0.6696,0.3348,2.0,orphan candidate on detector '33' not registered: pulse 0.658s < gate 0.670s
1785704314.929,2026-08-02 14:58:34.928981,201,below_sampling_floor,rule2_orphan_pulse,26:33,33,26,radar,video,33,a,1785704314.581,1785704314.919,0.338,0.6696,0.3348,2.0,orphan candidate on detector '33' not registered: pulse 0.338s < gate 0.670s
1785704319.473,2026-08-02 14:58:39.472614,201,below_sampling_floor,rule2_orphan_pulse,26:33,33,26,radar,video,33,a,1785704319.067,1785704319.397,0.329,0.6696,0.3348,2.0,orphan candidate on detector '33' not registered: pulse 0.329s < gate 0.670s
1785704335.204,2026-08-02 14:58:55.203632,201,below_sampling_floor,rule2_orphan_pulse,31:8,31,8,video,video,8,b,1785704334.833,1785704335.175,0.342,0.6696,0.3348,2.0,orphan candidate on detector '8' not registered: pulse 0.342s < gate 0.670s
1785704335.205,2026-08-02 14:58:55.204675,201,below_sampling_floor,rule2_orphan_pulse,42:8,8,42,video,radar,8,a,1785704334.833,1785704335.175,0.342,0.6696,0.3348,2.0,orphan candidate on detector '8' not registered: pulse 0.342s < gate 0.670s
1785704337.234,2026-08-02 14:58:57.233969,201,below_sampling_floor,rule2_orphan_pulse,31:42,42,31,radar,video,31,b,1785704336.496,1785704337.156,0.659,0.6696,0.3348,2.0,orphan candidate on detector '31' not registered: pulse 0.659s < gate 0.670s
1785704337.235,2026-08-02 14:58:57.234977,201,below_sampling_floor,rule2_orphan_pulse,31:8,31,8,video,video,31,a,1785704336.496,1785704337.156,0.659,0.6696,0.3348,2.0,orphan candidate on detector '31' not registered: pulse 0.659s < gate 0.670s
1785704339.154,2026-08-02 14:58:59.153988,201,below_sampling_floor,rule2_orphan_pulse,31:42,42,31,radar,video,31,b,1785704338.764,1785704339.100,0.336,0.665,0.3325,2.0,orphan candidate on detector '31' not registered: pulse 0.336s < gate 0.665s
1785704339.155,2026-08-02 14:58:59.154998,201,below_sampling_floor,rule2_orphan_pulse,31:8,31,8,video,video,31,a,1785704338.764,1785704339.100,0.336,0.665,0.3325,2.0,orphan candidate on detector '31' not registered: pulse 0.336s < gate 0.665s
1785704341.376,2026-08-02 14:59:01.376221,201,below_sampling_floor,rule2_orphan_pulse,31:42,42,31,radar,video,31,b,1785704341.050,1785704341.366,0.316,0.665,0.3325,2.0,orphan candidate on detector '31' not registered: pulse 0.316s < gate 0.665s
1785704341.377,2026-08-02 14:59:01.377227,201,below_sampling_floor,rule2_orphan_pulse,31:8,31,8,video,video,31,a,1785704341.050,1785704341.366,0.316,0.665,0.3325,2.0,orphan candidate on detector '31' not registered: pulse 0.316s < gate 0.665s
1785704344.613,2026-08-02 14:59:04.612543,201,below_sampling_floor,rule2_orphan_pulse,29:43,43,29,radar,video,29,b,1785704343.916,1785704344.563,0.647,0.665,0.3325,2.0,orphan candidate on detector '29' not registered: pulse 0.647s < gate 0.665s
1785704344.614,2026-08-02 14:59:04.614215,201,below_sampling_floor,rule2_orphan_pulse,31:42,42,31,radar,video,31,b,1785704343.916,1785704344.563,0.647,0.665,0.3325,2.0,orphan candidate on detector '31' not registered: pulse 0.647s < gate 0.665s
1785704344.616,2026-08-02 14:59:04.615920,201,below_sampling_floor,rule2_orphan_pulse,31:8,31,8,video,video,31,a,1785704343.916,1785704344.563,0.647,0.665,0.3325,2.0,orphan candidate on detector '31' not registered: pulse 0.647s < gate 0.665s
1785704375.913,2026-08-02 14:59:35.913069,201,below_sampling_floor,rule2_orphan_pulse,29:43,43,29,radar,video,29,b,1785704375.554,1785704375.868,0.314,0.665,0.3325,2.0,orphan candidate on detector '29' not registered: pulse 0.314s < gate 0.665s
1785704523.324,2026-08-02 15:02:03.323613,201,below_sampling_floor,rule2_orphan_pulse,17:2,17,2,video,video,2,b,1785704522.920,1785704523.264,0.344,0.6556,0.3278,2.0,orphan candidate on detector '2' not registered: pulse 0.344s < gate 0.656s
1785704523.324,2026-08-02 15:02:03.323613,201,below_sampling_floor,rule2_orphan_pulse,2:46,2,46,video,radar,2,a,1785704522.920,1785704523.264,0.344,0.6556,0.3278,2.0,orphan candidate on detector '2' not registered: pulse 0.344s < gate 0.656s
1785704616.725,2026-08-02 15:03:36.725349,201,below_sampling_floor,rule2_orphan_pulse,31:42,42,31,radar,video,31,b,1785704616.024,1785704616.668,0.644,0.7025,0.3512,2.0,orphan candidate on detector '31' not registered: pulse 0.644s < gate 0.702s
1785704616.725,2026-08-02 15:03:36.725349,201,below_sampling_floor,rule2_orphan_pulse,31:8,31,8,video,video,31,a,1785704616.024,1785704616.668,0.644,0.7025,0.3512,2.0,orphan candidate on detector '31' not registered: pulse 0.644s < gate 0.702s
1785704623.482,2026-08-02 15:03:43.482027,201,below_sampling_floor,rule2_orphan_pulse,17:46,46,17,radar,video,46,a,1785704622.807,1785704623.482,0.675,0.7025,0.3512,2.0,orphan candidate on detector '46' not registered: pulse 0.675s < gate 0.702s
1785704623.484,2026-08-02 15:03:43.483578,201,below_sampling_floor,rule2_orphan_pulse,2:46,2,46,video,radar,46,b,1785704622.807,1785704623.482,0.675,0.7025,0.3512,2.0,orphan candidate on detector '46' not registered: pulse 0.675s < gate 0.702s
1785704645.067,2026-08-02 15:04:05.067483,201,below_sampling_floor,rule2_orphan_pulse,29:43,43,29,radar,video,43,a,1785704644.679,1785704644.993,0.314,0.6674,0.3337,2.0,orphan candidate on detector '43' not registered: pulse 0.314s < gate 0.667s
1785704645.070,2026-08-02 15:04:05.069589,201,below_sampling_floor,rule2_orphan_pulse,31:42,42,31,radar,video,31,b,1785704644.679,1785704644.993,0.314,0.6674,0.3337,2.0,orphan candidate on detector '31' not registered: pulse 0.314s < gate 0.667s
1785704645.072,2026-08-02 15:04:05.071567,201,below_sampling_floor,rule2_orphan_pulse,31:8,31,8,video,video,31,a,1785704644.679,1785704644.993,0.314,0.6674,0.3337,2.0,orphan candidate on detector '31' not registered: pulse 0.314s < gate 0.667s
1785704705.714,2026-08-02 15:05:05.714147,201,below_sampling_floor,rule2_orphan_pulse,3:30,30,3,video,video,30,a,1785704705.032,1785704705.671,0.639,0.6421,0.321,2.0,orphan candidate on detector '30' not registered: pulse 0.639s < gate 0.642s
1785704712.178,2026-08-02 15:05:12.177700,201,below_sampling_floor,rule2_orphan_pulse,31:42,42,31,radar,video,42,a,1785704711.829,1785704712.148,0.319,0.6421,0.321,2.0,orphan candidate on detector '42' not registered: pulse 0.319s < gate 0.642s
1785704712.179,2026-08-02 15:05:12.178708,201,below_sampling_floor,rule2_orphan_pulse,42:8,8,42,video,radar,42,b,1785704711.829,1785704712.148,0.319,0.6421,0.321,2.0,orphan candidate on detector '42' not registered: pulse 0.319s < gate 0.642s
1785704713.491,2026-08-02 15:05:13.491072,201,below_sampling_floor,rule2_orphan_pulse,31:42,42,31,radar,video,42,a,1785704713.130,1785704713.448,0.318,0.6421,0.321,2.0,orphan candidate on detector '42' not registered: pulse 0.318s < gate 0.642s
1785704713.492,2026-08-02 15:05:13.492021,201,below_sampling_floor,rule2_orphan_pulse,42:8,8,42,video,radar,42,b,1785704713.130,1785704713.448,0.318,0.6421,0.321,2.0,orphan candidate on detector '42' not registered: pulse 0.318s < gate 0.642s
1785704736.081,2026-08-02 15:05:36.080540,201,below_sampling_floor,rule2_orphan_pulse,31:42,42,31,radar,video,31,b,1785704735.685,1785704736.010,0.325,0.6421,0.321,2.0,orphan candidate on detector '31' not registered: pulse 0.325s < gate 0.642s
1785704736.082,2026-08-02 15:05:36.081668,201,below_sampling_floor,rule2_orphan_pulse,31:8,31,8,video,video,31,a,1785704735.685,1785704736.010,0.325,0.6421,0.321,2.0,orphan candidate on detector '31' not registered: pulse 0.325s < gate 0.642s
1785704832.889,2026-08-02 15:07:12.889064,201,below_sampling_floor,rule2_orphan_pulse,17:2,17,2,video,video,2,b,1785704832.163,1785704832.815,0.653,0.6528,0.3264,2.0,orphan candidate on detector '2' not registered: pulse 0.653s < gate 0.653s
1785704832.890,2026-08-02 15:07:12.890164,201,below_sampling_floor,rule2_orphan_pulse,2:46,2,46,video,radar,2,a,1785704832.163,1785704832.815,0.653,0.6528,0.3264,2.0,orphan candidate on detector '2' not registered: pulse 0.653s < gate 0.653s
1785704870.096,2026-08-02 15:07:50.095564,201,below_sampling_floor,rule2_orphan_pulse,26:33,33,26,radar,video,33,a,1785704869.711,1785704870.060,0.35,0.6528,0.3264,2.0,orphan candidate on detector '33' not registered: pulse 0.350s < gate 0.653s
1785704874.033,2026-08-02 15:07:54.032779,201,below_sampling_floor,rule2_orphan_pulse,26:33,33,26,radar,video,33,a,1785704873.669,1785704874.004,0.335,0.6528,0.3264,2.0,orphan candidate on detector '33' not registered: pulse 0.335s < gate 0.653s
1785704875.043,2026-08-02 15:07:55.042882,201,below_sampling_floor,rule2_orphan_pulse,26:33,33,26,radar,video,33,a,1785704874.675,1785704874.990,0.315,0.6528,0.3264,2.0,orphan candidate on detector '33' not registered: pulse 0.315s < gate 0.653s
1785704884.130,2026-08-02 15:08:04.130171,201,below_sampling_floor,rule2_orphan_pulse,24:38,38,24,radar,video,24,b,1785704883.470,1785704884.129,0.659,0.6622,0.3311,2.0,orphan candidate on detector '24' not registered: pulse 0.659s < gate 0.662s
1785704884.131,2026-08-02 15:08:04.131176,201,below_sampling_floor,rule2_orphan_pulse,24:7,24,7,video,video,24,a,1785704883.470,1785704884.129,0.659,0.6622,0.3311,2.0,orphan candidate on detector '24' not registered: pulse 0.659s < gate 0.662s
1785704963.803,2026-08-02 15:09:23.802668,201,below_sampling_floor,rule2_orphan_pulse,17:2,17,2,video,video,2,b,1785704963.443,1785704963.777,0.334,0.6627,0.3313,2.0,orphan candidate on detector '2' not registered: pulse 0.334s < gate 0.663s
1785704963.804,2026-08-02 15:09:23.804188,201,below_sampling_floor,rule2_orphan_pulse,2:46,2,46,video,radar,2,a,1785704963.443,1785704963.777,0.334,0.6627,0.3313,2.0,orphan candidate on detector '2' not registered: pulse 0.334s < gate 0.663s
1785705141.221,2026-08-02 15:12:21.220606,201,below_sampling_floor,rule2_orphan_pulse,17:2,17,2,video,video,2,b,1785705140.858,1785705141.175,0.317,0.6516,0.3258,2.0,orphan candidate on detector '2' not registered: pulse 0.317s < gate 0.652s
1785705141.221,2026-08-02 15:12:21.221378,201,below_sampling_floor,rule2_orphan_pulse,2:46,2,46,video,radar,2,a,1785705140.858,1785705141.175,0.317,0.6516,0.3258,2.0,orphan candidate on detector '2' not registered: pulse 0.317s < gate 0.652s
1785705153.234,2026-08-02 15:12:33.234143,201,below_sampling_floor,rule2_orphan_pulse,31:42,42,31,radar,video,31,b,1785705152.892,1785705153.211,0.319,0.6516,0.3258,2.0,orphan candidate on detector '31' not registered: pulse 0.319s < gate 0.652s
1785705153.235,2026-08-02 15:12:33.235436,201,below_sampling_floor,rule2_orphan_pulse,31:8,31,8,video,video,31,a,1785705152.892,1785705153.211,0.319,0.6516,0.3258,2.0,orphan candidate on detector '31' not registered: pulse 0.319s < gate 0.652s
1785705189.889,2026-08-02 15:13:09.889268,201,below_sampling_floor,rule2_orphan_pulse,17:46,46,17,radar,video,46,a,1785705189.171,1785705189.830,0.659,0.6825,0.3412,2.0,orphan candidate on detector '46' not registered: pulse 0.659s < gate 0.682s
1785705189.890,2026-08-02 15:13:09.890386,201,below_sampling_floor,rule2_orphan_pulse,2:46,2,46,video,radar,46,b,1785705189.171,1785705189.830,0.659,0.6825,0.3412,2.0,orphan candidate on detector '46' not registered: pulse 0.659s < gate 0.682s
1785705260.470,2026-08-02 15:14:20.470047,201,below_sampling_floor,rule2_orphan_pulse,31:42,42,31,radar,video,42,a,1785705259.808,1785705260.463,0.656,0.6565,0.3282,2.0,orphan candidate on detector '42' not registered: pulse 0.656s < gate 0.656s
1785705260.473,2026-08-02 15:14:20.472508,201,below_sampling_floor,rule2_orphan_pulse,42:8,8,42,video,radar,42,b,1785705259.808,1785705260.463,0.656,0.6565,0.3282,2.0,orphan candidate on detector '42' not registered: pulse 0.656s < gate 0.656s
1785705308.302,2026-08-02 15:15:08.302308,201,below_sampling_floor,rule2_orphan_pulse,26:33,33,26,radar,video,26,b,1785705307.898,1785705308.212,0.315,0.6468,0.3234,2.0,orphan candidate on detector '26' not registered: pulse 0.315s < gate 0.647s
1785705463.829,2026-08-02 15:17:43.828594,201,below_sampling_floor,rule2_orphan_pulse,29:43,43,29,radar,video,29,b,1785705463.503,1785705463.829,0.326,0.6494,0.3247,2.0,orphan candidate on detector '29' not registered: pulse 0.326s < gate 0.649s
1785705496.186,2026-08-02 15:18:16.185604,201,below_sampling_floor,rule2_orphan_pulse,30:41,41,30,radar,video,41,a,1785705495.505,1785705496.152,0.647,0.6604,0.3302,2.0,orphan candidate on detector '41' not registered: pulse 0.647s < gate 0.660s
1785705496.187,2026-08-02 15:18:16.186664,201,below_sampling_floor,rule2_orphan_pulse,3:41,3,41,video,radar,41,b,1785705495.505,1785705496.152,0.647,0.6604,0.3302,2.0,orphan candidate on detector '41' not registered: pulse 0.647s < gate 0.660s
1785705515.441,2026-08-02 15:18:35.441239,201,below_sampling_floor,rule2_orphan_pulse,29:43,43,29,radar,video,43,a,1785705515.032,1785705515.343,0.311,0.6604,0.3302,2.0,orphan candidate on detector '43' not registered: pulse 0.311s < gate 0.660s
1785705546.653,2026-08-02 15:19:06.652756,201,below_sampling_floor,rule2_orphan_pulse,26:33,33,26,radar,video,33,a,1785705546.293,1785705546.602,0.309,0.6375,0.3188,2.0,orphan candidate on detector '33' not registered: pulse 0.309s < gate 0.638s
1785705565.210,2026-08-02 15:19:25.209619,201,below_sampling_floor,rule2_orphan_pulse,26:33,33,26,radar,video,33,a,1785705564.855,1785705565.166,0.311,0.6375,0.3188,2.0,orphan candidate on detector '33' not registered: pulse 0.311s < gate 0.638s
1785705567.839,2026-08-02 15:19:27.839356,201,below_sampling_floor,rule2_orphan_pulse,26:33,33,26,radar,video,33,a,1785705567.454,1785705567.790,0.336,0.6375,0.3188,2.0,orphan candidate on detector '33' not registered: pulse 0.336s < gate 0.638s
1785705637.011,2026-08-02 15:20:37.011259,201,below_sampling_floor,rule2_orphan_pulse,17:2,17,2,video,video,2,b,1785705636.593,1785705636.915,0.322,0.7487,0.3743,2.0,orphan candidate on detector '2' not registered: pulse 0.322s < gate 0.749s
1785705637.015,2026-08-02 15:20:37.015316,201,below_sampling_floor,rule2_orphan_pulse,2:46,2,46,video,radar,2,a,1785705636.593,1785705636.915,0.322,0.7487,0.3743,2.0,orphan candidate on detector '2' not registered: pulse 0.322s < gate 0.749s
1785705749.091,2026-08-02 15:22:29.091305,201,below_sampling_floor,rule2_orphan_pulse,29:43,43,29,radar,video,43,a,1785705748.756,1785705749.091,0.335,0.6574,0.3287,2.0,orphan candidate on detector '43' not registered: pulse 0.335s < gate 0.657s
1785705781.081,2026-08-02 15:23:01.080748,201,below_sampling_floor,rule2_orphan_pulse,26:33,33,26,radar,video,33,a,1785705780.408,1785705781.058,0.65,0.6502,0.3251,2.0,orphan candidate on detector '33' not registered: pulse 0.650s < gate 0.650s
1785705783.107,2026-08-02 15:23:03.107297,201,below_sampling_floor,rule2_orphan_pulse,26:33,33,26,radar,video,33,a,1785705782.373,1785705783.022,0.649,0.6502,0.3251,2.0,orphan candidate on detector '33' not registered: pulse 0.649s < gate 0.650s
1785705802.382,2026-08-02 15:23:22.382330,201,below_sampling_floor,rule2_orphan_pulse,26:33,33,26,radar,video,26,b,1785705801.968,1785705802.289,0.32,0.6502,0.3251,2.0,orphan candidate on detector '26' not registered: pulse 0.320s < gate 0.650s
1785705820.538,2026-08-02 15:23:40.537879,201,below_sampling_floor,rule2_orphan_pulse,26:33,33,26,radar,video,33,a,1785705819.800,1785705820.450,0.65,0.6502,0.3251,2.0,orphan candidate on detector '33' not registered: pulse 0.650s < gate 0.650s
1785705885.346,2026-08-02 15:24:45.345968,201,below_sampling_floor,rule2_orphan_pulse,42:8,8,42,video,radar,42,b,1785705851.211,1785705851.546,0.335,0.6715,0.3357,2.0,orphan candidate on detector '42' not registered: pulse 0.335s < gate 0.671s
1785705905.926,2026-08-02 15:25:05.925586,201,below_sampling_floor,rule2_orphan_pulse,22:39,39,22,radar,video,22,b,1785705905.189,1785705905.832,0.643,0.6492,0.3246,2.0,orphan candidate on detector '22' not registered: pulse 0.643s < gate 0.649s
1785705905.927,2026-08-02 15:25:05.927244,201,below_sampling_floor,rule2_orphan_pulse,22:4,22,4,video,video,22,a,1785705905.189,1785705905.832,0.643,0.6492,0.3246,2.0,orphan candidate on detector '22' not registered: pulse 0.643s < gate 0.649s
1785705906.229,2026-08-02 15:25:06.229290,201,below_sampling_floor,rule2_orphan_pulse,22:4,22,4,video,video,4,b,1785705905.832,1785705906.155,0.323,0.6492,0.3246,2.0,orphan candidate on detector '4' not registered: pulse 0.323s < gate 0.649s
1785705906.230,2026-08-02 15:25:06.230398,201,below_sampling_floor,rule2_orphan_pulse,39:4,4,39,video,radar,4,a,1785705905.832,1785705906.155,0.323,0.6492,0.3246,2.0,orphan candidate on detector '4' not registered: pulse 0.323s < gate 0.649s
1785705928.933,2026-08-02 15:25:28.933385,201,below_sampling_floor,rule2_orphan_pulse,22:4,22,4,video,video,4,b,1785705928.517,1785705928.854,0.337,0.6492,0.3246,2.0,orphan candidate on detector '4' not registered: pulse 0.337s < gate 0.649s
1785705954.344,2026-08-02 15:25:54.344360,201,below_sampling_floor,rule2_orphan_pulse,39:4,4,39,video,radar,4,a,1785705928.517,1785705928.854,0.337,0.6492,0.3246,2.0,orphan candidate on detector '4' not registered: pulse 0.337s < gate 0.649s
1785705962.300,2026-08-02 15:26:02.300070,201,below_sampling_floor,rule2_orphan_pulse,22:39,39,22,radar,video,22,b,1785705961.956,1785705962.294,0.337,0.6799,0.3399,2.0,orphan candidate on detector '22' not registered: pulse 0.337s < gate 0.680s
1785705962.303,2026-08-02 15:26:02.302623,201,below_sampling_floor,rule2_orphan_pulse,22:4,22,4,video,video,22,a,1785705961.956,1785705962.294,0.337,0.6799,0.3399,2.0,orphan candidate on detector '22' not registered: pulse 0.337s < gate 0.680s
1785705962.303,2026-08-02 15:26:02.302623,201,below_sampling_floor,rule2_orphan_pulse,22:4,22,4,video,video,4,b,1785705961.956,1785705962.294,0.337,0.6799,0.3399,2.0,orphan candidate on detector '4' not registered: pulse 0.337s < gate 0.680s
1785705962.307,2026-08-02 15:26:02.307339,201,below_sampling_floor,rule2_orphan_pulse,39:4,4,39,video,radar,4,a,1785705961.956,1785705962.294,0.337,0.6799,0.3399,2.0,orphan candidate on detector '4' not registered: pulse 0.337s < gate 0.680s
1785705964.325,2026-08-02 15:26:04.324877,201,below_sampling_floor,rule2_orphan_pulse,22:39,39,22,radar,video,22,b,1785705963.607,1785705964.264,0.657,0.6799,0.3399,2.0,orphan candidate on detector '22' not registered: pulse 0.657s < gate 0.680s
1785705964.326,2026-08-02 15:26:04.325885,201,below_sampling_floor,rule2_orphan_pulse,22:4,22,4,video,video,22,a,1785705963.607,1785705964.264,0.657,0.6799,0.3399,2.0,orphan candidate on detector '22' not registered: pulse 0.657s < gate 0.680s
1785705964.629,2026-08-02 15:26:04.629037,201,below_sampling_floor,rule2_orphan_pulse,22:4,22,4,video,video,4,b,1785705963.948,1785705964.605,0.657,0.6799,0.3399,2.0,orphan candidate on detector '4' not registered: pulse 0.657s < gate 0.680s
1785705964.629,2026-08-02 15:26:04.629037,201,below_sampling_floor,rule2_orphan_pulse,39:4,4,39,video,radar,4,a,1785705963.948,1785705964.605,0.657,0.6799,0.3399,2.0,orphan candidate on detector '4' not registered: pulse 0.657s < gate 0.680s
1785705965.638,2026-08-02 15:26:05.637505,201,below_sampling_floor,rule2_orphan_pulse,22:39,39,22,radar,video,22,b,1785705965.258,1785705965.622,0.364,0.6799,0.3399,2.0,orphan candidate on detector '22' not registered: pulse 0.364s < gate 0.680s
1785705965.638,2026-08-02 15:26:05.637505,201,below_sampling_floor,rule2_orphan_pulse,22:4,22,4,video,video,22,a,1785705965.258,1785705965.622,0.364,0.6799,0.3399,2.0,orphan candidate on detector '22' not registered: pulse 0.364s < gate 0.680s
1785706051.866,2026-08-02 15:27:31.865659,201,below_sampling_floor,rule2_orphan_pulse,17:46,46,17,radar,video,46,a,1785706051.495,1785706051.807,0.312,0.6517,0.3259,2.0,orphan candidate on detector '46' not registered: pulse 0.312s < gate 0.652s
1785706051.867,2026-08-02 15:27:31.867209,201,below_sampling_floor,rule2_orphan_pulse,2:46,2,46,video,radar,46,b,1785706051.495,1785706051.807,0.312,0.6517,0.3259,2.0,orphan candidate on detector '46' not registered: pulse 0.312s < gate 0.652s
1785706095.524,2026-08-02 15:28:15.524125,201,below_sampling_floor,rule2_orphan_pulse,29:43,43,29,radar,video,43,a,1785706095.152,1785706095.478,0.326,0.6478,0.3239,2.0,orphan candidate on detector '43' not registered: pulse 0.326s < gate 0.648s
1785706178.890,2026-08-02 15:29:38.889781,201,below_sampling_floor,rule2_orphan_pulse,29:43,43,29,radar,video,43,a,1785706177.846,1785706178.483,0.637,0.6579,0.329,2.0,orphan candidate on detector '43' not registered: pulse 0.637s < gate 0.658s
1785706199.671,2026-08-02 15:29:59.670686,201,below_sampling_floor,rule2_orphan_pulse,17:2,17,2,video,video,2,b,1785706198.990,1785706199.640,0.651,0.6617,0.3308,2.0,orphan candidate on detector '2' not registered: pulse 0.651s < gate 0.662s
1785706199.671,2026-08-02 15:29:59.670686,201,below_sampling_floor,rule2_orphan_pulse,2:46,2,46,video,radar,2,a,1785706198.990,1785706199.640,0.651,0.6617,0.3308,2.0,orphan candidate on detector '2' not registered: pulse 0.651s < gate 0.662s
1785706288.434,2026-08-02 15:31:28.434355,201,below_sampling_floor,rule2_orphan_pulse,31:42,42,31,radar,video,31,b,1785706287.723,1785706288.356,0.633,0.666,0.333,2.0,orphan candidate on detector '31' not registered: pulse 0.633s < gate 0.666s
1785706288.434,2026-08-02 15:31:28.434355,201,below_sampling_floor,rule2_orphan_pulse,31:8,31,8,video,video,31,a,1785706287.723,1785706288.356,0.633,0.666,0.333,2.0,orphan candidate on detector '31' not registered: pulse 0.633s < gate 0.666s
1785706436.941,2026-08-02 15:33:56.940778,201,below_sampling_floor,rule2_orphan_pulse,31:42,42,31,radar,video,31,b,1785706436.600,1785706436.922,0.322,0.6442,0.3221,2.0,orphan candidate on detector '31' not registered: pulse 0.322s < gate 0.644s
1785706436.942,2026-08-02 15:33:56.941887,201,below_sampling_floor,rule2_orphan_pulse,31:8,31,8,video,video,31,a,1785706436.600,1785706436.922,0.322,0.6442,0.3221,2.0,orphan candidate on detector '31' not registered: pulse 0.322s < gate 0.644s
1785706439.680,2026-08-02 15:33:59.679992,201,below_sampling_floor,rule2_orphan_pulse,31:42,42,31,radar,video,31,b,1785706439.236,1785706439.589,0.353,0.6512,0.3256,2.0,orphan candidate on detector '31' not registered: pulse 0.353s < gate 0.651s
1785706439.682,2026-08-02 15:33:59.681606,201,below_sampling_floor,rule2_orphan_pulse,31:8,31,8,video,video,31,a,1785706439.236,1785706439.589,0.353,0.6512,0.3256,2.0,orphan candidate on detector '31' not registered: pulse 0.353s < gate 0.651s
1785706440.291,2026-08-02 15:34:00.291397,201,below_sampling_floor,rule2_orphan_pulse,29:43,43,29,radar,video,29,b,1785706439.236,1785706439.589,0.353,0.6512,0.3256,2.0,orphan candidate on detector '29' not registered: pulse 0.353s < gate 0.651s
1785706490.114,2026-08-02 15:34:50.114047,201,below_sampling_floor,rule2_orphan_pulse,17:2,17,2,video,video,2,b,1785706489.726,1785706490.049,0.323,0.6512,0.3256,2.0,orphan candidate on detector '2' not registered: pulse 0.323s < gate 0.651s
1785706490.115,2026-08-02 15:34:50.115186,201,below_sampling_floor,rule2_orphan_pulse,2:46,2,46,video,radar,2,a,1785706489.726,1785706490.049,0.323,0.6512,0.3256,2.0,orphan candidate on detector '2' not registered: pulse 0.323s < gate 0.651s
1785706634.604,2026-08-02 15:37:14.603755,201,below_sampling_floor,rule2_orphan_pulse,29:43,43,29,radar,video,43,a,1785706633.861,1785706634.505,0.643,0.6613,0.3306,2.0,orphan candidate on detector '43' not registered: pulse 0.643s < gate 0.661s
1785706634.604,2026-08-02 15:37:14.603755,201,below_sampling_floor,rule2_orphan_pulse,31:42,42,31,radar,video,31,b,1785706634.191,1785706634.505,0.314,0.6613,0.3306,2.0,orphan candidate on detector '31' not registered: pulse 0.314s < gate 0.661s
1785706634.605,2026-08-02 15:37:14.604840,201,below_sampling_floor,rule2_orphan_pulse,31:8,31,8,video,video,31,a,1785706634.191,1785706634.505,0.314,0.6613,0.3306,2.0,orphan candidate on detector '31' not registered: pulse 0.314s < gate 0.661s
1785706638.443,2026-08-02 15:37:18.443424,201,below_sampling_floor,rule2_orphan_pulse,26:33,33,26,radar,video,33,a,1785706637.709,1785706638.356,0.648,0.6613,0.3306,2.0,orphan candidate on detector '33' not registered: pulse 0.648s < gate 0.661s
1785706693.537,2026-08-02 15:38:13.537377,201,below_sampling_floor,rule2_orphan_pulse,29:43,43,29,radar,video,29,b,1785706693.135,1785706693.473,0.337,0.656,0.328,2.0,orphan candidate on detector '29' not registered: pulse 0.337s < gate 0.656s
1785706702.920,2026-08-02 15:38:22.919649,201,below_sampling_floor,rule2_orphan_pulse,39:4,4,39,video,radar,39,b,1785706702.233,1785706702.886,0.653,0.656,0.328,2.0,orphan candidate on detector '39' not registered: pulse 0.653s < gate 0.656s
1785706703.931,2026-08-02 15:38:23.930608,201,below_sampling_floor,rule2_orphan_pulse,22:39,39,22,radar,video,39,a,1785706702.233,1785706702.886,0.653,0.656,0.328,2.0,orphan candidate on detector '39' not registered: pulse 0.653s < gate 0.656s
1785706704.234,2026-08-02 15:38:24.233500,201,below_sampling_floor,rule2_orphan_pulse,29:43,43,29,radar,video,29,b,1785706703.830,1785706704.160,0.33,0.656,0.328,2.0,orphan candidate on detector '29' not registered: pulse 0.330s < gate 0.656s
1785706720.471,2026-08-02 15:38:40.470687,201,below_sampling_floor,rule2_orphan_pulse,31:8,31,8,video,video,8,b,1785706719.757,1785706720.398,0.64,0.656,0.328,2.0,orphan candidate on detector '8' not registered: pulse 0.640s < gate 0.656s
1785706720.471,2026-08-02 15:38:40.470687,201,below_sampling_floor,rule2_orphan_pulse,42:8,8,42,video,radar,8,a,1785706719.757,1785706720.398,0.64,0.656,0.328,2.0,orphan candidate on detector '8' not registered: pulse 0.640s < gate 0.656s
1785706738.138,2026-08-02 15:38:58.138451,201,below_sampling_floor,rule2_orphan_pulse,29:43,43,29,radar,video,43,a,1785706737.780,1785706738.094,0.314,0.7175,0.3587,2.0,orphan candidate on detector '43' not registered: pulse 0.314s < gate 0.717s
1785706744.616,2026-08-02 15:39:04.615999,201,below_sampling_floor,rule2_orphan_pulse,31:42,42,31,radar,video,31,b,1785706744.195,1785706744.529,0.334,0.7175,0.3587,2.0,orphan candidate on detector '31' not registered: pulse 0.334s < gate 0.717s
1785706744.616,2026-08-02 15:39:04.615999,201,below_sampling_floor,rule2_orphan_pulse,31:8,31,8,video,video,31,a,1785706744.195,1785706744.529,0.334,0.7175,0.3587,2.0,orphan candidate on detector '31' not registered: pulse 0.334s < gate 0.717s
1785706758.058,2026-08-02 15:39:18.057618,201,below_sampling_floor,rule2_orphan_pulse,3:30,30,3,video,video,3,b,1785706757.664,1785706757.974,0.31,0.7175,0.3587,2.0,orphan candidate on detector '3' not registered: pulse 0.310s < gate 0.717s
1785706758.058,2026-08-02 15:39:18.058256,201,below_sampling_floor,rule2_orphan_pulse,3:41,3,41,video,radar,3,a,1785706757.664,1785706757.974,0.31,0.7175,0.3587,2.0,orphan candidate on detector '3' not registered: pulse 0.310s < gate 0.717s
1785706764.628,2026-08-02 15:39:24.627818,201,below_sampling_floor,rule2_orphan_pulse,26:33,33,26,radar,video,33,a,1785706763.863,1785706764.536,0.674,0.7175,0.3587,2.0,orphan candidate on detector '33' not registered: pulse 0.674s < gate 0.717s
1785706770.794,2026-08-02 15:39:30.793508,201,below_sampling_floor,rule2_orphan_pulse,26:33,33,26,radar,video,33,a,1785706770.095,1785706770.725,0.63,0.7175,0.3587,2.0,orphan candidate on detector '33' not registered: pulse 0.630s < gate 0.717s
1785706775.731,2026-08-02 15:39:35.731068,201,below_sampling_floor,rule2_orphan_pulse,24:7,24,7,video,video,7,b,1785706775.305,1785706775.645,0.34,0.7175,0.3587,2.0,orphan candidate on detector '7' not registered: pulse 0.340s < gate 0.717s
1785706776.035,2026-08-02 15:39:36.035109,201,below_sampling_floor,rule2_orphan_pulse,26:33,33,26,radar,video,33,a,1785706775.645,1785706775.966,0.32,0.7175,0.3587,2.0,orphan candidate on detector '33' not registered: pulse 0.320s < gate 0.717s
1785706789.268,2026-08-02 15:39:49.268363,201,below_sampling_floor,rule2_orphan_pulse,26:33,33,26,radar,video,33,a,1785706788.605,1785706789.255,0.65,0.7175,0.3587,2.0,orphan candidate on detector '33' not registered: pulse 0.650s < gate 0.717s
1785706815.398,2026-08-02 15:40:15.397923,201,below_sampling_floor,rule2_orphan_pulse,26:33,33,26,radar,video,33,a,1785706814.687,1785706815.311,0.624,0.6534,0.3267,2.0,orphan candidate on detector '33' not registered: pulse 0.624s < gate 0.653s
1785706816.305,2026-08-02 15:40:16.305037,201,below_sampling_floor,rule2_orphan_pulse,17:2,17,2,video,video,2,b,1785706815.969,1785706816.282,0.314,0.6534,0.3267,2.0,orphan candidate on detector '2' not registered: pulse 0.314s < gate 0.653s
1785706816.307,2026-08-02 15:40:16.306550,201,below_sampling_floor,rule2_orphan_pulse,2:46,2,46,video,radar,2,a,1785706815.969,1785706816.282,0.314,0.6534,0.3267,2.0,orphan candidate on detector '2' not registered: pulse 0.314s < gate 0.653s
1785706817.621,2026-08-02 15:40:17.620879,201,below_sampling_floor,rule2_orphan_pulse,26:33,33,26,radar,video,33,a,1785706816.915,1785706817.566,0.652,0.6534,0.3267,2.0,orphan candidate on detector '33' not registered: pulse 0.652s < gate 0.653s
1785706818.534,2026-08-02 15:40:18.533574,201,below_sampling_floor,rule2_orphan_pulse,26:33,33,26,radar,video,33,a,1785706817.884,1785706818.513,0.628,0.6534,0.3267,2.0,orphan candidate on detector '33' not registered: pulse 0.628s < gate 0.653s
1785706825.706,2026-08-02 15:40:25.706181,201,below_sampling_floor,rule2_orphan_pulse,26:33,33,26,radar,video,33,a,1785706825.330,1785706825.643,0.313,0.6534,0.3267,2.0,orphan candidate on detector '33' not registered: pulse 0.313s < gate 0.653s
1785706835.587,2026-08-02 15:40:35.586998,201,below_sampling_floor,rule2_orphan_pulse,26:33,33,26,radar,video,33,a,1785706834.847,1785706835.489,0.642,0.6534,0.3267,2.0,orphan candidate on detector '33' not registered: pulse 0.642s < gate 0.653s
1785706841.844,2026-08-02 15:40:41.843994,201,below_sampling_floor,rule2_orphan_pulse,26:33,33,26,radar,video,33,a,1785706841.485,1785706841.817,0.332,0.6534,0.3267,2.0,orphan candidate on detector '33' not registered: pulse 0.332s < gate 0.653s
1785706979.361,2026-08-02 15:42:59.360866,201,below_sampling_floor,rule2_orphan_pulse,17:2,17,2,video,video,17,a,1785706978.632,1785706979.285,0.653,0.6802,0.3401,2.0,orphan candidate on detector '17' not registered: pulse 0.653s < gate 0.680s
1785707030.193,2026-08-02 15:43:50.193314,201,below_sampling_floor,rule2_orphan_pulse,31:42,42,31,radar,video,42,a,1785707029.817,1785707030.153,0.336,0.6802,0.3401,2.0,orphan candidate on detector '42' not registered: pulse 0.336s < gate 0.680s
1785707030.196,2026-08-02 15:43:50.195928,201,below_sampling_floor,rule2_orphan_pulse,42:8,8,42,video,radar,42,b,1785707029.817,1785707030.153,0.336,0.6802,0.3401,2.0,orphan candidate on detector '42' not registered: pulse 0.336s < gate 0.680s
1785707030.500,2026-08-02 15:43:50.499508,201,below_sampling_floor,rule2_orphan_pulse,31:42,42,31,radar,video,31,b,1785707029.817,1785707030.483,0.666,0.6802,0.3401,2.0,orphan candidate on detector '31' not registered: pulse 0.666s < gate 0.680s
1785707030.502,2026-08-02 15:43:50.502125,201,below_sampling_floor,rule2_orphan_pulse,31:8,31,8,video,video,31,a,1785707029.817,1785707030.483,0.666,0.6802,0.3401,2.0,orphan candidate on detector '31' not registered: pulse 0.666s < gate 0.680s
1785707030.906,2026-08-02 15:43:50.905841,201,below_sampling_floor,rule2_orphan_pulse,31:42,42,31,radar,video,42,a,1785707030.483,1785707030.817,0.335,0.6802,0.3401,2.0,orphan candidate on detector '42' not registered: pulse 0.335s < gate 0.680s
1785707030.907,2026-08-02 15:43:50.906923,201,below_sampling_floor,rule2_orphan_pulse,42:8,8,42,video,radar,42,b,1785707030.483,1785707030.817,0.335,0.6802,0.3401,2.0,orphan candidate on detector '42' not registered: pulse 0.335s < gate 0.680s
1785707031.212,2026-08-02 15:43:51.211535,201,below_sampling_floor,rule2_orphan_pulse,17:2,17,2,video,video,2,b,1785707030.817,1785707031.160,0.342,0.6802,0.3401,2.0,orphan candidate on detector '2' not registered: pulse 0.342s < gate 0.680s
1785707130.060,2026-08-02 15:45:30.060136,201,below_sampling_floor,rule2_orphan_pulse,30:41,41,30,radar,video,30,b,1785707129.714,1785707130.035,0.322,0.6477,0.3238,2.0,orphan candidate on detector '30' not registered: pulse 0.322s < gate 0.648s
1785707130.060,2026-08-02 15:45:30.060136,201,below_sampling_floor,rule2_orphan_pulse,3:30,30,3,video,video,30,a,1785707129.714,1785707130.035,0.322,0.6477,0.3238,2.0,orphan candidate on detector '30' not registered: pulse 0.322s < gate 0.648s
1785707134.203,2026-08-02 15:45:34.203114,201,below_sampling_floor,rule2_orphan_pulse,3:30,30,3,video,video,3,b,1785707133.852,1785707134.176,0.324,0.6477,0.3238,2.0,orphan candidate on detector '3' not registered: pulse 0.324s < gate 0.648s
1785707134.205,2026-08-02 15:45:34.204992,201,below_sampling_floor,rule2_orphan_pulse,3:41,3,41,video,radar,3,a,1785707133.852,1785707134.176,0.324,0.6477,0.3238,2.0,orphan candidate on detector '3' not registered: pulse 0.324s < gate 0.648s
1785707190.064,2026-08-02 15:46:30.063642,201,below_sampling_floor,rule2_orphan_pulse,17:2,17,2,video,video,2,b,1785707189.344,1785707189.974,0.63,0.6663,0.3332,2.0,orphan candidate on detector '2' not registered: pulse 0.630s < gate 0.666s
1785707190.065,2026-08-02 15:46:30.064853,201,below_sampling_floor,rule2_orphan_pulse,2:46,2,46,video,radar,2,a,1785707189.344,1785707189.974,0.63,0.6663,0.3332,2.0,orphan candidate on detector '2' not registered: pulse 0.630s < gate 0.666s
1785707198.130,2026-08-02 15:46:38.130286,201,below_sampling_floor,rule2_orphan_pulse,17:46,46,17,radar,video,46,a,1785707197.385,1785707198.041,0.656,0.6663,0.3332,2.0,orphan candidate on detector '46' not registered: pulse 0.656s < gate 0.666s
1785707198.133,2026-08-02 15:46:38.133332,201,below_sampling_floor,rule2_orphan_pulse,2:46,2,46,video,radar,46,b,1785707197.385,1785707198.041,0.656,0.6663,0.3332,2.0,orphan candidate on detector '46' not registered: pulse 0.656s < gate 0.666s
1785707229.734,2026-08-02 15:47:09.734490,201,below_sampling_floor,rule2_orphan_pulse,17:46,46,17,radar,video,46,a,1785707228.980,1785707229.637,0.658,0.661,0.3305,2.0,orphan candidate on detector '46' not registered: pulse 0.658s < gate 0.661s
1785707229.734,2026-08-02 15:47:09.734490,201,below_sampling_floor,rule2_orphan_pulse,2:46,2,46,video,radar,46,b,1785707228.980,1785707229.637,0.658,0.661,0.3305,2.0,orphan candidate on detector '46' not registered: pulse 0.658s < gate 0.661s
1785707250.225,2026-08-02 15:47:30.224505,201,below_sampling_floor,rule2_orphan_pulse,29:43,43,29,radar,video,43,a,1785707249.872,1785707250.202,0.331,0.661,0.3305,2.0,orphan candidate on detector '43' not registered: pulse 0.331s < gate 0.661s
1785707253.750,2026-08-02 15:47:33.750447,201,below_sampling_floor,rule2_orphan_pulse,24:7,24,7,video,video,7,b,1785707253.410,1785707253.738,0.328,0.661,0.3305,2.0,orphan candidate on detector '7' not registered: pulse 0.328s < gate 0.661s
1785707253.751,2026-08-02 15:47:33.751452,201,below_sampling_floor,rule2_orphan_pulse,38:7,7,38,video,radar,7,a,1785707253.410,1785707253.738,0.328,0.661,0.3305,2.0,orphan candidate on detector '7' not registered: pulse 0.328s < gate 0.661s
1785707258.296,2026-08-02 15:47:38.295828,201,below_sampling_floor,rule2_orphan_pulse,3:30,30,3,video,video,3,b,1785707257.931,1785707258.251,0.32,0.661,0.3305,2.0,orphan candidate on detector '3' not registered: pulse 0.320s < gate 0.661s
1785707258.297,2026-08-02 15:47:38.296850,201,below_sampling_floor,rule2_orphan_pulse,3:41,3,41,video,radar,3,a,1785707257.931,1785707258.251,0.32,0.661,0.3305,2.0,orphan candidate on detector '3' not registered: pulse 0.320s < gate 0.661s
1785707259.610,2026-08-02 15:47:39.610410,201,below_sampling_floor,rule2_orphan_pulse,24:7,24,7,video,video,7,b,1785707259.208,1785707259.529,0.321,0.661,0.3305,2.0,orphan candidate on detector '7' not registered: pulse 0.321s < gate 0.661s
1785707259.611,2026-08-02 15:47:39.611499,201,below_sampling_floor,rule2_orphan_pulse,38:7,7,38,video,radar,7,a,1785707259.208,1785707259.529,0.321,0.661,0.3305,2.0,orphan candidate on detector '7' not registered: pulse 0.321s < gate 0.661s
1785707287.233,2026-08-02 15:48:07.232537,201,below_sampling_floor,rule2_orphan_pulse,30:41,41,30,radar,video,30,b,1785707286.840,1785707287.167,0.327,0.652,0.326,2.0,orphan candidate on detector '30' not registered: pulse 0.327s < gate 0.652s
1785707287.233,2026-08-02 15:48:07.232537,201,below_sampling_floor,rule2_orphan_pulse,3:30,30,3,video,video,30,a,1785707286.840,1785707287.167,0.327,0.652,0.326,2.0,orphan candidate on detector '30' not registered: pulse 0.327s < gate 0.652s
1785707325.768,2026-08-02 15:48:45.768307,201,below_sampling_floor,rule2_orphan_pulse,31:42,42,31,radar,video,31,b,1785707325.446,1785707325.768,0.323,0.652,0.326,2.0,orphan candidate on detector '31' not registered: pulse 0.323s < gate 0.652s
1785707325.770,2026-08-02 15:48:45.770323,201,below_sampling_floor,rule2_orphan_pulse,31:8,31,8,video,video,31,a,1785707325.446,1785707325.768,0.323,0.652,0.326,2.0,orphan candidate on detector '31' not registered: pulse 0.323s < gate 0.652s
1785707326.479,2026-08-02 15:48:46.478779,201,below_sampling_floor,rule2_orphan_pulse,29:43,43,29,radar,video,43,a,1785707326.090,1785707326.426,0.336,0.652,0.326,2.0,orphan candidate on detector '43' not registered: pulse 0.336s < gate 0.652s
1785707370.366,2026-08-02 15:49:30.365558,201,below_sampling_floor,rule2_orphan_pulse,26:33,33,26,radar,video,33,a,1785707370.000,1785707370.335,0.335,0.637,0.3185,2.0,orphan candidate on detector '33' not registered: pulse 0.335s < gate 0.637s
1785707452.851,2026-08-02 15:50:52.850579,201,below_sampling_floor,rule2_orphan_pulse,24:7,24,7,video,video,7,b,1785707452.462,1785707452.795,0.332,0.6538,0.3269,2.0,orphan candidate on detector '7' not registered: pulse 0.332s < gate 0.654s
1785707452.852,2026-08-02 15:50:52.851586,201,below_sampling_floor,rule2_orphan_pulse,38:7,7,38,video,radar,7,a,1785707452.462,1785707452.795,0.332,0.6538,0.3269,2.0,orphan candidate on detector '7' not registered: pulse 0.332s < gate 0.654s
1785707513.768,2026-08-02 15:51:53.767930,201,below_sampling_floor,rule2_orphan_pulse,17:46,46,17,radar,video,46,a,1785707513.406,1785707513.726,0.32,0.6579,0.329,2.0,orphan candidate on detector '46' not registered: pulse 0.320s < gate 0.658s
1785707513.768,2026-08-02 15:51:53.767930,201,below_sampling_floor,rule2_orphan_pulse,2:46,2,46,video,radar,46,b,1785707513.406,1785707513.726,0.32,0.6579,0.329,2.0,orphan candidate on detector '46' not registered: pulse 0.320s < gate 0.658s
1785707521.633,2026-08-02 15:52:01.633056,201,below_sampling_floor,rule2_orphan_pulse,26:33,33,26,radar,video,33,a,1785707520.902,1785707521.596,0.694,0.7765,0.3883,2.0,orphan candidate on detector '33' not registered: pulse 0.694s < gate 0.777s
1785707526.075,2026-08-02 15:52:06.074890,201,below_sampling_floor,rule2_orphan_pulse,26:33,33,26,radar,video,33,a,1785707525.436,1785707526.073,0.636,0.7765,0.3883,2.0,orphan candidate on detector '33' not registered: pulse 0.636s < gate 0.777s
1785707530.009,2026-08-02 15:52:10.008703,201,below_sampling_floor,rule2_orphan_pulse,26:33,33,26,radar,video,33,a,1785707529.291,1785707529.956,0.664,0.7765,0.3883,2.0,orphan candidate on detector '33' not registered: pulse 0.664s < gate 0.777s
1785707537.167,2026-08-02 15:52:17.166759,201,below_sampling_floor,rule2_orphan_pulse,26:33,33,26,radar,video,33,a,1785707536.450,1785707537.109,0.659,0.7765,0.3883,2.0,orphan candidate on detector '33' not registered: pulse 0.659s < gate 0.777s
1785707540.091,2026-08-02 15:52:20.090887,201,below_sampling_floor,rule2_orphan_pulse,26:33,33,26,radar,video,33,a,1785707539.706,1785707540.036,0.33,0.7765,0.3883,2.0,orphan candidate on detector '33' not registered: pulse 0.330s < gate 0.777s
1785707542.113,2026-08-02 15:52:22.112861,201,below_sampling_floor,rule2_orphan_pulse,26:33,33,26,radar,video,33,a,1785707541.369,1785707542.016,0.647,0.7765,0.3883,2.0,orphan candidate on detector '33' not registered: pulse 0.647s < gate 0.777s
1785707543.725,2026-08-02 15:52:23.724738,201,below_sampling_floor,rule2_orphan_pulse,26:33,33,26,radar,video,33,a,1785707542.996,1785707543.642,0.646,0.7765,0.3883,2.0,orphan candidate on detector '33' not registered: pulse 0.646s < gate 0.777s
1785707547.352,2026-08-02 15:52:27.351548,201,below_sampling_floor,rule2_orphan_pulse,26:33,33,26,radar,video,33,a,1785707546.918,1785707547.273,0.355,0.7765,0.3883,2.0,orphan candidate on detector '33' not registered: pulse 0.355s < gate 0.777s
1785707554.422,2026-08-02 15:52:34.421928,201,below_sampling_floor,rule2_orphan_pulse,26:33,33,26,radar,video,33,a,1785707554.050,1785707554.397,0.347,0.7765,0.3883,2.0,orphan candidate on detector '33' not registered: pulse 0.347s < gate 0.777s
1785707558.187,2026-08-02 15:52:38.186759,201,below_sampling_floor,rule2_orphan_pulse,26:33,33,26,radar,video,33,a,1785707557.857,1785707558.183,0.325,0.7765,0.3883,2.0,orphan candidate on detector '33' not registered: pulse 0.325s < gate 0.777s
1785707561.617,2026-08-02 15:52:41.616664,201,below_sampling_floor,rule2_orphan_pulse,26:33,33,26,radar,video,33,a,1785707560.861,1785707561.600,0.74,0.7765,0.3883,2.0,orphan candidate on detector '33' not registered: pulse 0.740s < gate 0.777s
1785707564.860,2026-08-02 15:52:44.859700,201,below_sampling_floor,rule2_orphan_pulse,26:33,33,26,radar,video,33,a,1785707564.200,1785707564.860,0.66,0.7765,0.3883,2.0,orphan candidate on detector '33' not registered: pulse 0.660s < gate 0.777s
1785707567.183,2026-08-02 15:52:47.182535,201,below_sampling_floor,rule2_orphan_pulse,26:33,33,26,radar,video,33,a,1785707566.459,1785707567.145,0.686,0.7765,0.3883,2.0,orphan candidate on detector '33' not registered: pulse 0.686s < gate 0.777s
1785707572.032,2026-08-02 15:52:52.032477,201,below_sampling_floor,rule2_orphan_pulse,26:33,33,26,radar,video,33,a,1785707571.359,1785707571.996,0.637,0.7765,0.3883,2.0,orphan candidate on detector '33' not registered: pulse 0.637s < gate 0.777s
1785707595.933,2026-08-02 15:53:15.933239,201,below_sampling_floor,rule2_orphan_pulse,24:7,24,7,video,video,7,b,1785707595.239,1785707595.878,0.639,0.6455,0.3227,2.0,orphan candidate on detector '7' not registered: pulse 0.639s < gate 0.645s
1785707595.934,2026-08-02 15:53:15.934283,201,below_sampling_floor,rule2_orphan_pulse,38:7,7,38,video,radar,7,a,1785707595.239,1785707595.878,0.639,0.6455,0.3227,2.0,orphan candidate on detector '7' not registered: pulse 0.639s < gate 0.645s
1785707596.237,2026-08-02 15:53:16.236802,201,below_sampling_floor,rule2_orphan_pulse,29:43,43,29,radar,video,29,b,1785707595.549,1785707596.192,0.644,0.6455,0.3227,2.0,orphan candidate on detector '29' not registered: pulse 0.644s < gate 0.645s
1785707694.192,2026-08-02 15:54:54.191707,201,below_sampling_floor,rule2_orphan_pulse,29:43,43,29,radar,video,43,a,1785707693.521,1785707694.168,0.647,0.6593,0.3297,2.0,orphan candidate on detector '43' not registered: pulse 0.647s < gate 0.659s
1785707727.322,2026-08-02 15:55:27.321739,201,below_sampling_floor,rule2_orphan_pulse,17:46,46,17,radar,video,46,a,1785707726.608,1785707727.250,0.642,0.647,0.3235,2.0,orphan candidate on detector '46' not registered: pulse 0.642s < gate 0.647s
1785707727.326,2026-08-02 15:55:27.325834,201,below_sampling_floor,rule2_orphan_pulse,2:46,2,46,video,radar,46,b,1785707726.608,1785707727.250,0.642,0.647,0.3235,2.0,orphan candidate on detector '46' not registered: pulse 0.642s < gate 0.647s
1785707783.448,2026-08-02 15:56:23.448275,201,below_sampling_floor,rule2_orphan_pulse,26:33,33,26,radar,video,26,b,1785707783.119,1785707783.432,0.312,0.6545,0.3272,2.0,orphan candidate on detector '26' not registered: pulse 0.312s < gate 0.654s
1785707784.458,2026-08-02 15:56:24.458286,201,below_sampling_floor,rule2_orphan_pulse,26:33,33,26,radar,video,26,b,1785707783.754,1785707784.408,0.654,0.6545,0.3272,2.0,orphan candidate on detector '26' not registered: pulse 0.654s < gate 0.654s
1785707787.788,2026-08-02 15:56:27.787943,201,below_sampling_floor,rule2_orphan_pulse,17:2,17,2,video,video,2,b,1785707787.383,1785707787.703,0.32,0.6545,0.3272,2.0,orphan candidate on detector '2' not registered: pulse 0.320s < gate 0.654s
1785707787.789,2026-08-02 15:56:27.788956,201,below_sampling_floor,rule2_orphan_pulse,2:46,2,46,video,radar,2,a,1785707787.383,1785707787.703,0.32,0.6545,0.3272,2.0,orphan candidate on detector '2' not registered: pulse 0.320s < gate 0.654s
1785707797.062,2026-08-02 15:56:37.062399,201,below_sampling_floor,rule2_orphan_pulse,17:2,17,2,video,video,2,b,1785707796.692,1785707797.044,0.352,0.6545,0.3272,2.0,orphan candidate on detector '2' not registered: pulse 0.352s < gate 0.654s
1785707797.064,2026-08-02 15:56:37.064404,201,below_sampling_floor,rule2_orphan_pulse,2:46,2,46,video,radar,2,a,1785707796.692,1785707797.044,0.352,0.6545,0.3272,2.0,orphan candidate on detector '2' not registered: pulse 0.352s < gate 0.654s
1785707814.094,2026-08-02 15:56:54.094197,201,below_sampling_floor,rule2_orphan_pulse,30:41,41,30,radar,video,30,b,1785707813.684,1785707814.025,0.342,0.6545,0.3272,2.0,orphan candidate on detector '30' not registered: pulse 0.342s < gate 0.654s
1785707814.096,2026-08-02 15:56:54.096240,201,below_sampling_floor,rule2_orphan_pulse,3:30,30,3,video,video,30,a,1785707813.684,1785707814.025,0.342,0.6545,0.3272,2.0,orphan candidate on detector '30' not registered: pulse 0.342s < gate 0.654s
1785707815.107,2026-08-02 15:56:55.107464,201,below_sampling_floor,rule2_orphan_pulse,24:7,24,7,video,video,7,b,1785707814.699,1785707815.042,0.342,0.6545,0.3272,2.0,orphan candidate on detector '7' not registered: pulse 0.342s < gate 0.654s
1785707815.109,2026-08-02 15:56:55.108587,201,below_sampling_floor,rule2_orphan_pulse,38:7,7,38,video,radar,7,a,1785707814.699,1785707815.042,0.342,0.6545,0.3272,2.0,orphan candidate on detector '7' not registered: pulse 0.342s < gate 0.654s
1785707815.723,2026-08-02 15:56:55.723114,201,below_sampling_floor,rule2_orphan_pulse,3:30,30,3,video,video,3,b,1785707815.373,1785707815.723,0.35,0.6545,0.3272,2.0,orphan candidate on detector '3' not registered: pulse 0.350s < gate 0.654s
1785707815.725,2026-08-02 15:56:55.725104,201,below_sampling_floor,rule2_orphan_pulse,3:41,3,41,video,radar,3,a,1785707815.373,1785707815.723,0.35,0.6545,0.3272,2.0,orphan candidate on detector '3' not registered: pulse 0.350s < gate 0.654s
1785707823.281,2026-08-02 15:57:03.281124,201,below_sampling_floor,rule2_orphan_pulse,24:7,24,7,video,video,7,b,1785707822.868,1785707823.183,0.316,0.664,0.332,2.0,orphan candidate on detector '7' not registered: pulse 0.316s < gate 0.664s
1785707823.286,2026-08-02 15:57:03.285918,201,below_sampling_floor,rule2_orphan_pulse,38:7,7,38,video,radar,7,a,1785707822.868,1785707823.183,0.316,0.664,0.332,2.0,orphan candidate on detector '7' not registered: pulse 0.316s < gate 0.664s
1785707830.964,2026-08-02 15:57:10.963669,201,below_sampling_floor,rule2_orphan_pulse,30:41,41,30,radar,video,30,b,1785707830.626,1785707830.955,0.329,0.664,0.332,2.0,orphan candidate on detector '30' not registered: pulse 0.329s < gate 0.664s
1785707830.964,2026-08-02 15:57:10.963669,201,below_sampling_floor,rule2_orphan_pulse,3:30,30,3,video,video,30,a,1785707830.626,1785707830.955,0.329,0.664,0.332,2.0,orphan candidate on detector '30' not registered: pulse 0.329s < gate 0.664s
1785707844.008,2026-08-02 15:57:24.007666,201,below_sampling_floor,rule2_orphan_pulse,17:2,17,2,video,video,2,b,1785707843.657,1785707844.008,0.351,0.664,0.332,2.0,orphan candidate on detector '2' not registered: pulse 0.351s < gate 0.664s
1785707844.008,2026-08-02 15:57:24.007666,201,below_sampling_floor,rule2_orphan_pulse,2:46,2,46,video,radar,2,a,1785707843.657,1785707844.008,0.351,0.664,0.332,2.0,orphan candidate on detector '2' not registered: pulse 0.351s < gate 0.664s
1785707865.607,2026-08-02 15:57:45.606651,201,below_sampling_floor,rule2_orphan_pulse,29:43,43,29,radar,video,29,b,1785707865.177,1785707865.506,0.329,0.664,0.332,2.0,orphan candidate on detector '29' not registered: pulse 0.329s < gate 0.664s
1785707908.596,2026-08-02 15:58:28.596460,201,below_sampling_floor,rule2_orphan_pulse,31:42,42,31,radar,video,42,a,1785707908.217,1785707908.537,0.32,0.6537,0.3268,2.0,orphan candidate on detector '42' not registered: pulse 0.320s < gate 0.654s
1785707908.598,2026-08-02 15:58:28.598471,201,below_sampling_floor,rule2_orphan_pulse,42:8,8,42,video,radar,42,b,1785707908.217,1785707908.537,0.32,0.6537,0.3268,2.0,orphan candidate on detector '42' not registered: pulse 0.320s < gate 0.654s
1785707909.508,2026-08-02 15:58:29.507665,201,below_sampling_floor,rule2_orphan_pulse,31:42,42,31,radar,video,31,b,1785707908.872,1785707909.501,0.629,0.6537,0.3268,2.0,orphan candidate on detector '31' not registered: pulse 0.629s < gate 0.654s
1785707909.510,2026-08-02 15:58:29.509679,201,below_sampling_floor,rule2_orphan_pulse,31:8,31,8,video,video,31,a,1785707908.872,1785707909.501,0.629,0.6537,0.3268,2.0,orphan candidate on detector '31' not registered: pulse 0.629s < gate 0.654s
1785707910.217,2026-08-02 15:58:30.216847,201,below_sampling_floor,rule2_orphan_pulse,31:42,42,31,radar,video,31,b,1785707909.821,1785707910.161,0.34,0.6537,0.3268,2.0,orphan candidate on detector '31' not registered: pulse 0.340s < gate 0.654s
1785707910.219,2026-08-02 15:58:30.219155,201,below_sampling_floor,rule2_orphan_pulse,31:8,31,8,video,video,31,a,1785707909.821,1785707910.161,0.34,0.6537,0.3268,2.0,orphan candidate on detector '31' not registered: pulse 0.340s < gate 0.654s
1785707911.230,2026-08-02 15:58:31.229787,201,below_sampling_floor,rule2_orphan_pulse,31:42,42,31,radar,video,31,b,1785707910.810,1785707911.163,0.353,0.6537,0.3268,2.0,orphan candidate on detector '31' not registered: pulse 0.353s < gate 0.654s
1785707911.230,2026-08-02 15:58:31.229787,201,below_sampling_floor,rule2_orphan_pulse,31:8,31,8,video,video,31,a,1785707910.810,1785707911.163,0.353,0.6537,0.3268,2.0,orphan candidate on detector '31' not registered: pulse 0.353s < gate 0.654s
1785707974.264,2026-08-02 15:59:34.263507,201,below_sampling_floor,rule2_orphan_pulse,26:33,33,26,radar,video,26,b,1785707973.945,1785707974.264,0.319,0.6704,0.3352,2.0,orphan candidate on detector '26' not registered: pulse 0.319s < gate 0.670s
1785707989.699,2026-08-02 15:59:49.699389,201,below_sampling_floor,rule2_orphan_pulse,31:42,42,31,radar,video,42,a,1785707988.975,1785707989.627,0.652,0.6704,0.3352,2.0,orphan candidate on detector '42' not registered: pulse 0.652s < gate 0.670s
1785707989.701,2026-08-02 15:59:49.701149,201,below_sampling_floor,rule2_orphan_pulse,42:8,8,42,video,radar,42,b,1785707988.975,1785707989.627,0.652,0.6704,0.3352,2.0,orphan candidate on detector '42' not registered: pulse 0.652s < gate 0.670s
1785707990.713,2026-08-02 15:59:50.713276,201,below_sampling_floor,rule2_orphan_pulse,29:43,43,29,radar,video,29,b,1785707990.287,1785707990.630,0.343,0.6704,0.3352,2.0,orphan candidate on detector '29' not registered: pulse 0.343s < gate 0.670s
1785708001.532,2026-08-02 16:00:01.532066,201,below_sampling_floor,rule2_orphan_pulse,24:7,24,7,video,video,7,b,1785708000.829,1785708001.467,0.638,0.6581,0.329,2.0,orphan candidate on detector '7' not registered: pulse 0.638s < gate 0.658s
1785708001.532,2026-08-02 16:00:01.532066,201,below_sampling_floor,rule2_orphan_pulse,38:7,7,38,video,radar,7,a,1785708000.829,1785708001.467,0.638,0.6581,0.329,2.0,orphan candidate on detector '7' not registered: pulse 0.638s < gate 0.658s
1785708070.186,2026-08-02 16:01:10.185815,201,below_sampling_floor,rule2_orphan_pulse,31:8,31,8,video,video,8,b,1785708069.766,1785708070.095,0.329,0.6577,0.3288,2.0,orphan candidate on detector '8' not registered: pulse 0.329s < gate 0.658s
1785708070.188,2026-08-02 16:01:10.187824,201,below_sampling_floor,rule2_orphan_pulse,42:8,8,42,video,radar,8,a,1785708069.766,1785708070.095,0.329,0.6577,0.3288,2.0,orphan candidate on detector '8' not registered: pulse 0.329s < gate 0.658s
1785708076.149,2026-08-02 16:01:16.148785,201,below_sampling_floor,rule2_orphan_pulse,29:43,43,29,radar,video,29,b,1785708075.411,1785708076.055,0.644,0.6577,0.3288,2.0,orphan candidate on detector '29' not registered: pulse 0.644s < gate 0.658s
1785708076.151,2026-08-02 16:01:16.150831,201,below_sampling_floor,rule2_orphan_pulse,31:42,42,31,radar,video,31,b,1785708075.411,1785708076.055,0.644,0.6577,0.3288,2.0,orphan candidate on detector '31' not registered: pulse 0.644s < gate 0.658s
1785708076.152,2026-08-02 16:01:16.152013,201,below_sampling_floor,rule2_orphan_pulse,31:8,31,8,video,video,31,a,1785708075.411,1785708076.055,0.644,0.6577,0.3288,2.0,orphan candidate on detector '31' not registered: pulse 0.644s < gate 0.658s
1785708139.090,2026-08-02 16:02:19.089898,201,below_sampling_floor,rule2_orphan_pulse,26:33,33,26,radar,video,26,b,1785708138.432,1785708139.060,0.628,0.6767,0.3384,2.0,orphan candidate on detector '26' not registered: pulse 0.628s < gate 0.677s
1785708139.395,2026-08-02 16:02:19.394919,201,below_sampling_floor,rule2_orphan_pulse,29:43,43,29,radar,video,43,a,1785708139.060,1785708139.382,0.322,0.6767,0.3384,2.0,orphan candidate on detector '43' not registered: pulse 0.322s < gate 0.677s
1785708154.119,2026-08-02 16:02:34.119248,201,below_sampling_floor,rule2_orphan_pulse,30:41,41,30,radar,video,30,b,1785708153.703,1785708154.032,0.329,0.6767,0.3384,2.0,orphan candidate on detector '30' not registered: pulse 0.329s < gate 0.677s
1785708154.120,2026-08-02 16:02:34.120356,201,below_sampling_floor,rule2_orphan_pulse,3:30,30,3,video,video,30,a,1785708153.703,1785708154.032,0.329,0.6767,0.3384,2.0,orphan candidate on detector '30' not registered: pulse 0.329s < gate 0.677s
1785708160.581,2026-08-02 16:02:40.581050,201,below_sampling_floor,rule2_orphan_pulse,17:2,17,2,video,video,2,b,1785708159.865,1785708160.513,0.648,0.6767,0.3384,2.0,orphan candidate on detector '2' not registered: pulse 0.648s < gate 0.677s
1785708160.582,2026-08-02 16:02:40.582239,201,below_sampling_floor,rule2_orphan_pulse,2:46,2,46,video,radar,2,a,1785708159.865,1785708160.513,0.648,0.6767,0.3384,2.0,orphan candidate on detector '2' not registered: pulse 0.648s < gate 0.677s
1785708169.974,2026-08-02 16:02:49.974354,201,below_sampling_floor,rule2_orphan_pulse,31:42,42,31,radar,video,42,a,1785708169.579,1785708169.896,0.317,0.6767,0.3384,2.0,orphan candidate on detector '42' not registered: pulse 0.317s < gate 0.677s
1785708169.975,2026-08-02 16:02:49.975475,201,below_sampling_floor,rule2_orphan_pulse,42:8,8,42,video,radar,42,b,1785708169.579,1785708169.896,0.317,0.6767,0.3384,2.0,orphan candidate on detector '42' not registered: pulse 0.317s < gate 0.677s
1785708170.582,2026-08-02 16:02:50.581566,201,below_sampling_floor,rule2_orphan_pulse,29:43,43,29,radar,video,43,a,1785708169.896,1785708170.533,0.637,0.6767,0.3384,2.0,orphan candidate on detector '43' not registered: pulse 0.637s < gate 0.677s
1785708173.907,2026-08-02 16:02:53.906992,201,below_sampling_floor,rule2_orphan_pulse,31:42,42,31,radar,video,31,b,1785708173.534,1785708173.863,0.33,0.6767,0.3384,2.0,orphan candidate on detector '31' not registered: pulse 0.330s < gate 0.677s
1785708173.908,2026-08-02 16:02:53.908007,201,below_sampling_floor,rule2_orphan_pulse,31:8,31,8,video,video,31,a,1785708173.534,1785708173.863,0.33,0.6767,0.3384,2.0,orphan candidate on detector '31' not registered: pulse 0.330s < gate 0.677s
1785708174.616,2026-08-02 16:02:54.615887,201,below_sampling_floor,rule2_orphan_pulse,29:43,43,29,radar,video,43,a,1785708174.190,1785708174.524,0.334,0.6767,0.3384,2.0,orphan candidate on detector '43' not registered: pulse 0.334s < gate 0.677s
1785708204.487,2026-08-02 16:03:24.486775,201,below_sampling_floor,rule2_orphan_pulse,29:43,43,29,radar,video,29,b,1785708204.096,1785708204.418,0.322,0.6558,0.3279,2.0,orphan candidate on detector '29' not registered: pulse 0.322s < gate 0.656s
1785708205.092,2026-08-02 16:03:25.092257,201,below_sampling_floor,rule2_orphan_pulse,29:43,43,29,radar,video,29,b,1785708204.744,1785708205.067,0.323,0.6558,0.3279,2.0,orphan candidate on detector '29' not registered: pulse 0.323s < gate 0.656s
1785708227.395,2026-08-02 16:03:47.395209,201,below_sampling_floor,rule2_orphan_pulse,30:41,41,30,radar,video,30,b,1785708227.032,1785708227.380,0.348,0.6558,0.3279,2.0,orphan candidate on detector '30' not registered: pulse 0.348s < gate 0.656s
1785708227.395,2026-08-02 16:03:47.395209,201,below_sampling_floor,rule2_orphan_pulse,3:30,30,3,video,video,30,a,1785708227.032,1785708227.380,0.348,0.6558,0.3279,2.0,orphan candidate on detector '30' not registered: pulse 0.348s < gate 0.656s
1785708243.539,2026-08-02 16:04:03.538769,201,below_sampling_floor,rule2_orphan_pulse,31:42,42,31,radar,video,31,b,1785708243.145,1785708243.487,0.342,0.6753,0.3377,2.0,orphan candidate on detector '31' not registered: pulse 0.342s < gate 0.675s
1785708243.540,2026-08-02 16:04:03.540475,201,below_sampling_floor,rule2_orphan_pulse,31:8,31,8,video,video,31,a,1785708243.145,1785708243.487,0.342,0.6753,0.3377,2.0,orphan candidate on detector '31' not registered: pulse 0.342s < gate 0.675s
1785708271.998,2026-08-02 16:04:31.998361,201,below_sampling_floor,rule2_orphan_pulse,17:46,46,17,radar,video,46,a,1785708271.248,1785708271.916,0.668,0.6753,0.3377,2.0,orphan candidate on detector '46' not registered: pulse 0.668s < gate 0.675s
1785708272.000,2026-08-02 16:04:32.000078,201,below_sampling_floor,rule2_orphan_pulse,2:46,2,46,video,radar,46,b,1785708271.248,1785708271.916,0.668,0.6753,0.3377,2.0,orphan candidate on detector '46' not registered: pulse 0.668s < gate 0.675s
1785708273.313,2026-08-02 16:04:33.313181,201,below_sampling_floor,rule2_orphan_pulse,17:2,17,2,video,video,2,b,1785708272.580,1785708273.237,0.657,0.6753,0.3377,2.0,orphan candidate on detector '2' not registered: pulse 0.657s < gate 0.675s
1785708273.314,2026-08-02 16:04:33.314320,201,below_sampling_floor,rule2_orphan_pulse,2:46,2,46,video,radar,2,a,1785708272.580,1785708273.237,0.657,0.6753,0.3377,2.0,orphan candidate on detector '2' not registered: pulse 0.657s < gate 0.675s
1785708289.352,2026-08-02 16:04:49.352050,201,below_sampling_floor,rule2_orphan_pulse,30:41,41,30,radar,video,30,b,1785708288.930,1785708289.278,0.347,0.6753,0.3377,2.0,orphan candidate on detector '30' not registered: pulse 0.347s < gate 0.675s
1785708289.352,2026-08-02 16:04:49.352050,201,below_sampling_floor,rule2_orphan_pulse,3:30,30,3,video,video,30,a,1785708288.930,1785708289.278,0.347,0.6753,0.3377,2.0,orphan candidate on detector '30' not registered: pulse 0.347s < gate 0.675s
1785708305.903,2026-08-02 16:05:05.903286,201,below_sampling_floor,rule2_orphan_pulse,26:33,33,26,radar,video,26,b,1785708305.536,1785708305.859,0.323,0.6508,0.3254,2.0,orphan candidate on detector '26' not registered: pulse 0.323s < gate 0.651s
1785708307.520,2026-08-02 16:05:07.520343,201,below_sampling_floor,rule2_orphan_pulse,26:33,33,26,radar,video,33,a,1785708307.173,1785708307.504,0.33,0.6508,0.3254,2.0,orphan candidate on detector '33' not registered: pulse 0.330s < gate 0.651s
1785708309.839,2026-08-02 16:05:09.838909,201,below_sampling_floor,rule2_orphan_pulse,26:33,33,26,radar,video,33,a,1785708309.108,1785708309.752,0.644,0.6508,0.3254,2.0,orphan candidate on detector '33' not registered: pulse 0.644s < gate 0.651s
1785708314.076,2026-08-02 16:05:14.076417,201,below_sampling_floor,rule2_orphan_pulse,26:33,33,26,radar,video,33,a,1785708313.397,1785708314.046,0.65,0.6508,0.3254,2.0,orphan candidate on detector '33' not registered: pulse 0.650s < gate 0.651s
1785708358.055,2026-08-02 16:05:58.054634,201,below_sampling_floor,rule2_orphan_pulse,29:43,43,29,radar,video,29,b,1785708357.668,1785708357.999,0.331,0.6796,0.3398,2.0,orphan candidate on detector '29' not registered: pulse 0.331s < gate 0.680s
1785708451.956,2026-08-02 16:07:31.955938,201,below_sampling_floor,rule2_orphan_pulse,17:2,17,2,video,video,2,b,1785708451.605,1785708451.953,0.349,0.6635,0.3317,2.0,orphan candidate on detector '2' not registered: pulse 0.349s < gate 0.663s
1785708451.956,2026-08-02 16:07:31.955938,201,below_sampling_floor,rule2_orphan_pulse,2:46,2,46,video,radar,2,a,1785708451.605,1785708451.953,0.349,0.6635,0.3317,2.0,orphan candidate on detector '2' not registered: pulse 0.349s < gate 0.663s
1785708523.523,2026-08-02 16:08:43.522658,201,below_sampling_floor,rule2_orphan_pulse,17:2,17,2,video,video,2,b,1785708522.863,1785708523.513,0.65,0.6704,0.3352,2.0,orphan candidate on detector '2' not registered: pulse 0.650s < gate 0.670s
1785708523.527,2026-08-02 16:08:43.526726,201,below_sampling_floor,rule2_orphan_pulse,2:46,2,46,video,radar,2,a,1785708522.863,1785708523.513,0.65,0.6704,0.3352,2.0,orphan candidate on detector '2' not registered: pulse 0.650s < gate 0.670s
1785708622.776,2026-08-02 16:10:22.776436,201,below_sampling_floor,rule2_orphan_pulse,17:46,46,17,radar,video,46,a,1785708622.118,1785708622.764,0.645,0.6673,0.3337,2.0,orphan candidate on detector '46' not registered: pulse 0.645s < gate 0.667s
1785708622.777,2026-08-02 16:10:22.777455,201,below_sampling_floor,rule2_orphan_pulse,2:46,2,46,video,radar,46,b,1785708622.118,1785708622.764,0.645,0.6673,0.3337,2.0,orphan candidate on detector '46' not registered: pulse 0.645s < gate 0.667s
1785708624.496,2026-08-02 16:10:24.496159,201,below_sampling_floor,rule2_orphan_pulse,3:41,3,41,video,radar,3,a,1785708623.750,1785708624.395,0.645,0.6673,0.3337,2.0,orphan candidate on detector '3' not registered: pulse 0.645s < gate 0.667s
1785708671.857,2026-08-02 16:11:11.856582,201,below_sampling_floor,rule2_orphan_pulse,17:46,46,17,radar,video,46,a,1785708671.184,1785708671.827,0.644,0.6585,0.3293,2.0,orphan candidate on detector '46' not registered: pulse 0.644s < gate 0.659s
1785708671.863,2026-08-02 16:11:11.863211,201,below_sampling_floor,rule2_orphan_pulse,2:46,2,46,video,radar,46,b,1785708671.184,1785708671.827,0.644,0.6585,0.3293,2.0,orphan candidate on detector '46' not registered: pulse 0.644s < gate 0.659s
1785708801.886,2026-08-02 16:13:21.886300,201,below_sampling_floor,rule2_orphan_pulse,30:41,41,30,radar,video,30,b,1785708801.131,1785708801.788,0.656,0.6643,0.3321,2.0,orphan candidate on detector '30' not registered: pulse 0.656s < gate 0.664s
1785708801.888,2026-08-02 16:13:21.888402,201,below_sampling_floor,rule2_orphan_pulse,3:30,30,3,video,video,30,a,1785708801.131,1785708801.788,0.656,0.6643,0.3321,2.0,orphan candidate on detector '30' not registered: pulse 0.656s < gate 0.664s
1785708802.799,2026-08-02 16:13:22.798716,201,below_sampling_floor,rule2_orphan_pulse,3:30,30,3,video,video,3,b,1785708802.452,1785708802.797,0.345,0.6643,0.3321,2.0,orphan candidate on detector '3' not registered: pulse 0.345s < gate 0.664s
1785708802.802,2026-08-02 16:13:22.802357,201,below_sampling_floor,rule2_orphan_pulse,3:41,3,41,video,radar,3,a,1785708802.452,1785708802.797,0.345,0.6643,0.3321,2.0,orphan candidate on detector '3' not registered: pulse 0.345s < gate 0.664s
1785708805.729,2026-08-02 16:13:25.728534,201,below_sampling_floor,rule2_orphan_pulse,29:43,43,29,radar,video,29,b,1785708805.072,1785708805.716,0.644,0.6643,0.3321,2.0,orphan candidate on detector '29' not registered: pulse 0.644s < gate 0.664s
1785708820.962,2026-08-02 16:13:40.962266,201,below_sampling_floor,rule2_orphan_pulse,29:43,43,29,radar,video,43,a,1785708820.601,1785708820.939,0.338,0.6643,0.3321,2.0,orphan candidate on detector '43' not registered: pulse 0.338s < gate 0.664s
1785708829.940,2026-08-02 16:13:49.940230,201,below_sampling_floor,rule2_orphan_pulse,29:43,43,29,radar,video,43,a,1785708829.539,1785708829.877,0.339,0.6643,0.3321,2.0,orphan candidate on detector '43' not registered: pulse 0.339s < gate 0.664s
1785708907.516,2026-08-02 16:15:07.515896,201,below_sampling_floor,rule2_orphan_pulse,29:43,43,29,radar,video,29,b,1785708906.770,1785708907.423,0.652,0.6544,0.3272,2.0,orphan candidate on detector '29' not registered: pulse 0.652s < gate 0.654s
1785708939.886,2026-08-02 16:15:39.885915,201,below_sampling_floor,rule2_orphan_pulse,22:39,39,22,radar,video,22,b,1785708939.174,1785708939.827,0.653,0.6544,0.3272,2.0,orphan candidate on detector '22' not registered: pulse 0.653s < gate 0.654s
1785708939.887,2026-08-02 16:15:39.887063,201,below_sampling_floor,rule2_orphan_pulse,22:4,22,4,video,video,22,a,1785708939.174,1785708939.827,0.653,0.6544,0.3272,2.0,orphan candidate on detector '22' not registered: pulse 0.653s < gate 0.654s
1785708940.896,2026-08-02 16:15:40.895600,201,below_sampling_floor,rule2_orphan_pulse,24:7,24,7,video,video,7,b,1785708940.489,1785708940.820,0.331,0.6544,0.3272,2.0,orphan candidate on detector '7' not registered: pulse 0.331s < gate 0.654s
1785708940.897,2026-08-02 16:15:40.896630,201,below_sampling_floor,rule2_orphan_pulse,38:7,7,38,video,radar,7,a,1785708940.489,1785708940.820,0.331,0.6544,0.3272,2.0,orphan candidate on detector '7' not registered: pulse 0.331s < gate 0.654s
1785708965.414,2026-08-02 16:16:05.413863,201,below_sampling_floor,rule2_orphan_pulse,3:30,30,3,video,video,3,b,1785708965.021,1785708965.358,0.337,0.6525,0.3262,2.0,orphan candidate on detector '3' not registered: pulse 0.337s < gate 0.652s
1785709103.507,2026-08-02 16:18:23.507352,201,below_sampling_floor,rule2_orphan_pulse,29:43,43,29,radar,video,29,b,1785709102.790,1785709103.449,0.659,0.6685,0.3342,2.0,orphan candidate on detector '29' not registered: pulse 0.659s < gate 0.668s
1785709103.508,2026-08-02 16:18:23.508413,201,below_sampling_floor,rule2_orphan_pulse,31:42,42,31,radar,video,31,b,1785709102.790,1785709103.449,0.659,0.6685,0.3342,2.0,orphan candidate on detector '31' not registered: pulse 0.659s < gate 0.668s
1785709103.509,2026-08-02 16:18:23.509411,201,below_sampling_floor,rule2_orphan_pulse,31:8,31,8,video,video,31,a,1785709102.790,1785709103.449,0.659,0.6685,0.3342,2.0,orphan candidate on detector '31' not registered: pulse 0.659s < gate 0.668s
1785709109.656,2026-08-02 16:18:29.655736,201,below_sampling_floor,rule2_orphan_pulse,29:43,43,29,radar,video,29,b,1785709109.252,1785709109.581,0.328,0.6685,0.3342,2.0,orphan candidate on detector '29' not registered: pulse 0.328s < gate 0.668s
1785709110.260,2026-08-02 16:18:30.259989,201,below_sampling_floor,rule2_orphan_pulse,17:2,17,2,video,video,2,b,1785709109.581,1785709110.236,0.656,0.6685,0.3342,2.0,orphan candidate on detector '2' not registered: pulse 0.656s < gate 0.668s
1785709110.262,2026-08-02 16:18:30.262038,201,below_sampling_floor,rule2_orphan_pulse,2:46,2,46,video,radar,2,a,1785709109.581,1785709110.236,0.656,0.6685,0.3342,2.0,orphan candidate on detector '2' not registered: pulse 0.656s < gate 0.668s
1785709126.216,2026-08-02 16:18:46.216218,201,below_sampling_floor,rule2_orphan_pulse,31:42,42,31,radar,video,31,b,1785709125.508,1785709126.139,0.632,0.6685,0.3342,2.0,orphan candidate on detector '31' not registered: pulse 0.632s < gate 0.668s
1785709127.425,2026-08-02 16:18:47.424739,201,below_sampling_floor,rule2_orphan_pulse,31:42,42,31,radar,video,31,b,1785709126.784,1785709127.424,0.64,0.6685,0.3342,2.0,orphan candidate on detector '31' not registered: pulse 0.640s < gate 0.668s
1785709131.661,2026-08-02 16:18:51.660505,201,below_sampling_floor,rule2_orphan_pulse,29:43,43,29,radar,video,29,b,1785709130.929,1785709131.567,0.638,0.6685,0.3342,2.0,orphan candidate on detector '29' not registered: pulse 0.638s < gate 0.668s
1785709133.578,2026-08-02 16:18:53.578343,201,below_sampling_floor,rule2_orphan_pulse,31:42,42,31,radar,video,42,a,1785709132.846,1785709133.492,0.646,0.6685,0.3342,2.0,orphan candidate on detector '42' not registered: pulse 0.646s < gate 0.668s
1785709156.780,2026-08-02 16:19:16.780144,201,below_sampling_floor,rule2_orphan_pulse,31:42,42,31,radar,video,31,b,1785709156.355,1785709156.684,0.329,0.6463,0.3232,2.0,orphan candidate on detector '31' not registered: pulse 0.329s < gate 0.646s
1785709156.784,2026-08-02 16:19:16.783901,201,below_sampling_floor,rule2_orphan_pulse,31:8,31,8,video,video,31,a,1785709156.355,1785709156.684,0.329,0.6463,0.3232,2.0,orphan candidate on detector '31' not registered: pulse 0.329s < gate 0.646s
1785709164.560,2026-08-02 16:19:24.559625,201,below_sampling_floor,rule2_orphan_pulse,29:43,43,29,radar,video,43,a,1785709163.837,1785709164.465,0.627,0.6463,0.3232,2.0,orphan candidate on detector '43' not registered: pulse 0.627s < gate 0.646s
1785709165.774,2026-08-02 16:19:25.774296,201,below_sampling_floor,rule2_orphan_pulse,29:43,43,29,radar,video,43,a,1785709165.099,1785709165.737,0.638,0.6463,0.3232,2.0,orphan candidate on detector '43' not registered: pulse 0.638s < gate 0.646s
1785709173.043,2026-08-02 16:19:33.043041,201,below_sampling_floor,rule2_orphan_pulse,31:42,42,31,radar,video,31,b,1785709172.334,1785709172.978,0.644,0.6463,0.3232,2.0,orphan candidate on detector '31' not registered: pulse 0.644s < gate 0.646s
1785709174.660,2026-08-02 16:19:34.660078,201,below_sampling_floor,rule2_orphan_pulse,31:42,42,31,radar,video,31,b,1785709174.255,1785709174.567,0.312,0.6463,0.3232,2.0,orphan candidate on detector '31' not registered: pulse 0.312s < gate 0.646s
1785709251.595,2026-08-02 16:20:51.594500,201,below_sampling_floor,rule2_orphan_pulse,17:46,46,17,radar,video,46,a,1785709250.854,1785709251.507,0.653,0.6536,0.3268,2.0,orphan candidate on detector '46' not registered: pulse 0.653s < gate 0.654s
1785709251.596,2026-08-02 16:20:51.596018,201,below_sampling_floor,rule2_orphan_pulse,2:46,2,46,video,radar,46,b,1785709250.854,1785709251.507,0.653,0.6536,0.3268,2.0,orphan candidate on detector '46' not registered: pulse 0.653s < gate 0.654s
1785709255.029,2026-08-02 16:20:55.028880,201,below_sampling_floor,rule2_orphan_pulse,31:8,31,8,video,video,31,a,1785709174.255,1785709174.567,0.312,0.6536,0.3268,2.0,orphan candidate on detector '31' not registered: pulse 0.312s < gate 0.654s
1785709261.695,2026-08-02 16:21:01.694527,201,below_sampling_floor,rule2_orphan_pulse,17:46,46,17,radar,video,46,a,1785709260.959,1785709261.617,0.658,0.6602,0.3301,2.0,orphan candidate on detector '46' not registered: pulse 0.658s < gate 0.660s
1785709261.695,2026-08-02 16:21:01.694527,201,below_sampling_floor,rule2_orphan_pulse,2:46,2,46,video,radar,46,b,1785709260.959,1785709261.617,0.658,0.6602,0.3301,2.0,orphan candidate on detector '46' not registered: pulse 0.658s < gate 0.660s
1785709451.558,2026-08-02 16:24:11.558134,201,below_sampling_floor,rule2_orphan_pulse,31:42,42,31,radar,video,31,b,1785709451.109,1785709451.470,0.36,0.6478,0.3239,2.0,orphan candidate on detector '31' not registered: pulse 0.360s < gate 0.648s
1785709601.631,2026-08-02 16:26:41.631303,201,below_sampling_floor,rule2_orphan_pulse,17:46,46,17,radar,video,46,a,1785709600.920,1785709601.567,0.647,0.6876,0.3438,2.0,orphan candidate on detector '46' not registered: pulse 0.647s < gate 0.688s
1785709601.634,2026-08-02 16:26:41.634398,201,below_sampling_floor,rule2_orphan_pulse,2:46,2,46,video,radar,46,b,1785709600.920,1785709601.567,0.647,0.6876,0.3438,2.0,orphan candidate on detector '46' not registered: pulse 0.647s < gate 0.688s
1785709631.591,2026-08-02 16:27:11.590763,201,below_sampling_floor,rule2_orphan_pulse,29:43,43,29,radar,video,43,a,1785709630.878,1785709631.519,0.641,0.6762,0.3381,2.0,orphan candidate on detector '43' not registered: pulse 0.641s < gate 0.676s
1785709637.139,2026-08-02 16:27:17.139404,201,below_sampling_floor,rule2_orphan_pulse,17:2,17,2,video,video,2,b,1785709636.758,1785709637.093,0.335,0.6762,0.3381,2.0,orphan candidate on detector '2' not registered: pulse 0.335s < gate 0.676s
1785709637.141,2026-08-02 16:27:17.141412,201,below_sampling_floor,rule2_orphan_pulse,2:46,2,46,video,radar,2,a,1785709636.758,1785709637.093,0.335,0.6762,0.3381,2.0,orphan candidate on detector '2' not registered: pulse 0.335s < gate 0.676s
1785709686.552,2026-08-02 16:28:06.551623,201,below_sampling_floor,rule2_orphan_pulse,31:42,42,31,radar,video,31,b,1785709686.150,1785709686.460,0.31,0.6575,0.3287,2.0,orphan candidate on detector '31' not registered: pulse 0.310s < gate 0.657s
1785709686.554,2026-08-02 16:28:06.554175,201,below_sampling_floor,rule2_orphan_pulse,31:8,31,8,video,video,31,a,1785709686.150,1785709686.460,0.31,0.6575,0.3287,2.0,orphan candidate on detector '31' not registered: pulse 0.310s < gate 0.657s
1785709693.116,2026-08-02 16:28:13.116045,201,below_sampling_floor,rule2_orphan_pulse,31:42,42,31,radar,video,31,b,1785709692.693,1785709693.023,0.33,0.6575,0.3287,2.0,orphan candidate on detector '31' not registered: pulse 0.330s < gate 0.657s
1785709712.380,2026-08-02 16:28:32.380358,201,below_sampling_floor,rule2_orphan_pulse,17:2,17,2,video,video,2,b,1785709711.981,1785709712.331,0.35,0.6575,0.3287,2.0,orphan candidate on detector '2' not registered: pulse 0.350s < gate 0.657s
1785709712.382,2026-08-02 16:28:32.382380,201,below_sampling_floor,rule2_orphan_pulse,2:46,2,46,video,radar,2,a,1785709711.981,1785709712.331,0.35,0.6575,0.3287,2.0,orphan candidate on detector '2' not registered: pulse 0.350s < gate 0.657s
1785709757.813,2026-08-02 16:29:17.813130,201,below_sampling_floor,rule2_orphan_pulse,31:8,31,8,video,video,31,a,1785709692.693,1785709693.023,0.33,0.6656,0.3328,2.0,orphan candidate on detector '31' not registered: pulse 0.330s < gate 0.666s
1785709776.596,2026-08-02 16:29:36.595714,201,below_sampling_floor,rule2_orphan_pulse,17:2,17,2,video,video,2,b,1785709775.940,1785709776.571,0.631,0.6656,0.3328,2.0,orphan candidate on detector '2' not registered: pulse 0.631s < gate 0.666s
1785709776.597,2026-08-02 16:29:36.597189,201,below_sampling_floor,rule2_orphan_pulse,2:46,2,46,video,radar,2,a,1785709775.940,1785709776.571,0.631,0.6656,0.3328,2.0,orphan candidate on detector '2' not registered: pulse 0.631s < gate 0.666s
1785709777.910,2026-08-02 16:29:37.910045,201,below_sampling_floor,rule2_orphan_pulse,17:2,17,2,video,video,2,b,1785709777.230,1785709777.873,0.643,0.6656,0.3328,2.0,orphan candidate on detector '2' not registered: pulse 0.643s < gate 0.666s
1785709777.910,2026-08-02 16:29:37.910045,201,below_sampling_floor,rule2_orphan_pulse,2:46,2,46,video,radar,2,a,1785709777.230,1785709777.873,0.643,0.6656,0.3328,2.0,orphan candidate on detector '2' not registered: pulse 0.643s < gate 0.666s
1785709858.182,2026-08-02 16:30:58.181796,201,below_sampling_floor,rule2_orphan_pulse,29:43,43,29,radar,video,29,b,1785709857.856,1785709858.180,0.323,0.6596,0.3298,2.0,orphan candidate on detector '29' not registered: pulse 0.323s < gate 0.660s
1785709897.369,2026-08-02 16:31:37.369281,201,below_sampling_floor,rule2_orphan_pulse,17:2,17,2,video,video,2,b,1785709897.003,1785709897.324,0.321,0.6596,0.3298,2.0,orphan candidate on detector '2' not registered: pulse 0.321s < gate 0.660s
1785709897.371,2026-08-02 16:31:37.371289,201,below_sampling_floor,rule2_orphan_pulse,2:46,2,46,video,radar,2,a,1785709897.003,1785709897.324,0.321,0.6596,0.3298,2.0,orphan candidate on detector '2' not registered: pulse 0.321s < gate 0.660s
1785709936.890,2026-08-02 16:32:16.890406,201,below_sampling_floor,rule2_orphan_pulse,30:41,41,30,radar,video,30,b,1785709936.149,1785709936.801,0.652,0.6602,0.3301,2.0,orphan candidate on detector '30' not registered: pulse 0.652s < gate 0.660s
1785709936.891,2026-08-02 16:32:16.891422,201,below_sampling_floor,rule2_orphan_pulse,3:30,30,3,video,video,30,a,1785709936.149,1785709936.801,0.652,0.6602,0.3301,2.0,orphan candidate on detector '30' not registered: pulse 0.652s < gate 0.660s
1785709938.503,2026-08-02 16:32:18.503260,201,below_sampling_floor,rule2_orphan_pulse,30:41,41,30,radar,video,30,b,1785709937.786,1785709938.431,0.646,0.6602,0.3301,2.0,orphan candidate on detector '30' not registered: pulse 0.646s < gate 0.660s
1785709938.504,2026-08-02 16:32:18.504321,201,below_sampling_floor,rule2_orphan_pulse,3:30,30,3,video,video,30,a,1785709937.786,1785709938.431,0.646,0.6602,0.3301,2.0,orphan candidate on detector '30' not registered: pulse 0.646s < gate 0.660s
1785709973.308,2026-08-02 16:32:53.308133,201,below_sampling_floor,rule2_orphan_pulse,17:2,17,2,video,video,2,b,1785709972.635,1785709973.284,0.649,0.6602,0.3301,2.0,orphan candidate on detector '2' not registered: pulse 0.649s < gate 0.660s
1785709973.310,2026-08-02 16:32:53.310186,201,below_sampling_floor,rule2_orphan_pulse,2:46,2,46,video,radar,2,a,1785709972.635,1785709973.284,0.649,0.6602,0.3301,2.0,orphan candidate on detector '2' not registered: pulse 0.649s < gate 0.660s
1785709994.423,2026-08-02 16:33:14.423182,201,below_sampling_floor,rule2_orphan_pulse,17:46,46,17,radar,video,46,a,1785709994.049,1785709994.385,0.336,0.6431,0.3216,2.0,orphan candidate on detector '46' not registered: pulse 0.336s < gate 0.643s
1785709994.424,2026-08-02 16:33:14.424194,201,below_sampling_floor,rule2_orphan_pulse,2:46,2,46,video,radar,46,b,1785709994.049,1785709994.385,0.336,0.6431,0.3216,2.0,orphan candidate on detector '46' not registered: pulse 0.336s < gate 0.643s
1785710136.753,2026-08-02 16:35:36.752601,201,below_sampling_floor,rule2_orphan_pulse,29:43,43,29,radar,video,43,a,1785710136.016,1785710136.669,0.653,0.6537,0.3268,2.0,orphan candidate on detector '43' not registered: pulse 0.653s < gate 0.654s
1785710192.235,2026-08-02 16:36:32.235252,201,below_sampling_floor,rule2_orphan_pulse,29:43,43,29,radar,video,29,b,1785710191.594,1785710192.235,0.641,0.6796,0.3398,2.0,orphan candidate on detector '29' not registered: pulse 0.641s < gate 0.680s
1785710204.638,2026-08-02 16:36:44.638272,201,below_sampling_floor,rule2_orphan_pulse,3:30,30,3,video,video,3,b,1785710204.263,1785710204.591,0.328,0.6796,0.3398,2.0,orphan candidate on detector '3' not registered: pulse 0.328s < gate 0.680s
1785710204.643,2026-08-02 16:36:44.642684,201,below_sampling_floor,rule2_orphan_pulse,3:41,3,41,video,radar,3,a,1785710204.263,1785710204.591,0.328,0.6796,0.3398,2.0,orphan candidate on detector '3' not registered: pulse 0.328s < gate 0.680s
1785710256.147,2026-08-02 16:37:36.146617,201,below_sampling_floor,rule2_orphan_pulse,24:38,38,24,radar,video,24,b,1785710255.391,1785710256.047,0.656,0.6695,0.3347,2.0,orphan candidate on detector '24' not registered: pulse 0.656s < gate 0.669s
1785710256.148,2026-08-02 16:37:36.147627,201,below_sampling_floor,rule2_orphan_pulse,24:7,24,7,video,video,24,a,1785710255.391,1785710256.047,0.656,0.6695,0.3347,2.0,orphan candidate on detector '24' not registered: pulse 0.656s < gate 0.669s
1785710260.686,2026-08-02 16:37:40.686496,201,below_sampling_floor,rule2_orphan_pulse,24:7,24,7,video,video,7,b,1785710260.336,1785710260.655,0.32,0.6695,0.3347,2.0,orphan candidate on detector '7' not registered: pulse 0.320s < gate 0.669s
1785710260.688,2026-08-02 16:37:40.687638,201,below_sampling_floor,rule2_orphan_pulse,38:7,7,38,video,radar,7,a,1785710260.336,1785710260.655,0.32,0.6695,0.3347,2.0,orphan candidate on detector '7' not registered: pulse 0.320s < gate 0.669s
1785710265.015,2026-08-02 16:37:45.014646,201,below_sampling_floor,rule2_orphan_pulse,17:46,46,17,radar,video,17,b,1785710264.630,1785710264.957,0.327,0.6695,0.3347,2.0,orphan candidate on detector '17' not registered: pulse 0.327s < gate 0.669s
1785710265.015,2026-08-02 16:37:45.014646,201,below_sampling_floor,rule2_orphan_pulse,17:2,17,2,video,video,17,a,1785710264.630,1785710264.957,0.327,0.6695,0.3347,2.0,orphan candidate on detector '17' not registered: pulse 0.327s < gate 0.669s
1785710278.423,2026-08-02 16:37:58.423400,201,below_sampling_floor,rule2_orphan_pulse,17:2,17,2,video,video,2,b,1785710278.044,1785710278.411,0.367,0.685,0.3425,2.0,orphan candidate on detector '2' not registered: pulse 0.367s < gate 0.685s
1785710278.423,2026-08-02 16:37:58.423400,201,below_sampling_floor,rule2_orphan_pulse,2:46,2,46,video,radar,2,a,1785710278.044,1785710278.411,0.367,0.685,0.3425,2.0,orphan candidate on detector '2' not registered: pulse 0.367s < gate 0.685s
1785710287.593,2026-08-02 16:38:07.592850,201,below_sampling_floor,rule2_orphan_pulse,17:2,17,2,video,video,2,b,1785710287.169,1785710287.519,0.35,0.685,0.3425,2.0,orphan candidate on detector '2' not registered: pulse 0.350s < gate 0.685s
1785710287.595,2026-08-02 16:38:07.594563,201,below_sampling_floor,rule2_orphan_pulse,2:46,2,46,video,radar,2,a,1785710287.169,1785710287.519,0.35,0.685,0.3425,2.0,orphan candidate on detector '2' not registered: pulse 0.350s < gate 0.685s
1785710288.608,2026-08-02 16:38:08.607817,201,below_sampling_floor,rule2_orphan_pulse,17:2,17,2,video,video,2,b,1785710287.867,1785710288.527,0.659,0.685,0.3425,2.0,orphan candidate on detector '2' not registered: pulse 0.659s < gate 0.685s
1785710288.610,2026-08-02 16:38:08.609983,201,below_sampling_floor,rule2_orphan_pulse,2:46,2,46,video,radar,2,a,1785710287.867,1785710288.527,0.659,0.685,0.3425,2.0,orphan candidate on detector '2' not registered: pulse 0.659s < gate 0.685s
1785710401.085,2026-08-02 16:40:01.085414,201,below_sampling_floor,rule2_orphan_pulse,29:43,43,29,radar,video,29,b,1785710400.710,1785710401.031,0.321,0.6691,0.3345,2.0,orphan candidate on detector '29' not registered: pulse 0.321s < gate 0.669s
1785710409.276,2026-08-02 16:40:09.275691,201,below_sampling_floor,rule2_orphan_pulse,29:43,43,29,radar,video,29,b,1785710408.604,1785710409.259,0.655,0.6691,0.3345,2.0,orphan candidate on detector '29' not registered: pulse 0.655s < gate 0.669s
1785710416.950,2026-08-02 16:40:16.950250,201,below_sampling_floor,rule2_orphan_pulse,30:41,41,30,radar,video,30,b,1785710416.603,1785710416.935,0.332,0.6691,0.3345,2.0,orphan candidate on detector '30' not registered: pulse 0.332s < gate 0.669s
1785710416.951,2026-08-02 16:40:16.951403,201,below_sampling_floor,rule2_orphan_pulse,3:30,30,3,video,video,30,a,1785710416.603,1785710416.935,0.332,0.6691,0.3345,2.0,orphan candidate on detector '30' not registered: pulse 0.332s < gate 0.669s
1785710453.902,2026-08-02 16:40:53.902267,201,below_sampling_floor,rule2_orphan_pulse,31:42,42,31,radar,video,42,a,1785710453.243,1785710453.890,0.647,0.6691,0.3345,2.0,orphan candidate on detector '42' not registered: pulse 0.647s < gate 0.669s
1785710453.903,2026-08-02 16:40:53.902792,201,below_sampling_floor,rule2_orphan_pulse,42:8,8,42,video,radar,42,b,1785710453.243,1785710453.890,0.647,0.6691,0.3345,2.0,orphan candidate on detector '42' not registered: pulse 0.647s < gate 0.669s
1785710458.542,2026-08-02 16:40:58.542169,201,below_sampling_floor,rule2_orphan_pulse,31:42,42,31,radar,video,31,b,1785710458.162,1785710458.486,0.324,0.6606,0.3303,2.0,orphan candidate on detector '31' not registered: pulse 0.324s < gate 0.661s
1785710458.544,2026-08-02 16:40:58.544174,201,below_sampling_floor,rule2_orphan_pulse,31:8,31,8,video,video,31,a,1785710458.162,1785710458.486,0.324,0.6606,0.3303,2.0,orphan candidate on detector '31' not registered: pulse 0.324s < gate 0.661s
1785710458.847,2026-08-02 16:40:58.847373,201,below_sampling_floor,rule2_orphan_pulse,29:43,43,29,radar,video,43,a,1785710458.486,1785710458.791,0.305,0.6606,0.3303,2.0,orphan candidate on detector '43' not registered: pulse 0.305s < gate 0.661s
1785710507.195,2026-08-02 16:41:47.194547,201,below_sampling_floor,rule2_orphan_pulse,17:2,17,2,video,video,2,b,1785710506.817,1785710507.139,0.322,0.6606,0.3303,2.0,orphan candidate on detector '2' not registered: pulse 0.322s < gate 0.661s
1785710507.196,2026-08-02 16:41:47.195554,201,below_sampling_floor,rule2_orphan_pulse,2:46,2,46,video,radar,2,a,1785710506.817,1785710507.139,0.322,0.6606,0.3303,2.0,orphan candidate on detector '2' not registered: pulse 0.322s < gate 0.661s
1785710682.763,2026-08-02 16:44:42.762837,201,below_sampling_floor,rule2_orphan_pulse,17:46,46,17,radar,video,46,a,1785710682.047,1785710682.687,0.641,0.6751,0.3375,2.0,orphan candidate on detector '46' not registered: pulse 0.641s < gate 0.675s
1785710682.763,2026-08-02 16:44:42.762837,201,below_sampling_floor,rule2_orphan_pulse,2:46,2,46,video,radar,46,b,1785710682.047,1785710682.687,0.641,0.6751,0.3375,2.0,orphan candidate on detector '46' not registered: pulse 0.641s < gate 0.675s
1785710684.080,2026-08-02 16:44:44.079687,201,below_sampling_floor,rule2_orphan_pulse,17:2,17,2,video,video,2,b,1785710683.323,1785710683.990,0.667,0.6751,0.3375,2.0,orphan candidate on detector '2' not registered: pulse 0.667s < gate 0.675s
1785710684.080,2026-08-02 16:44:44.080092,201,below_sampling_floor,rule2_orphan_pulse,2:46,2,46,video,radar,2,a,1785710683.323,1785710683.990,0.667,0.6751,0.3375,2.0,orphan candidate on detector '2' not registered: pulse 0.667s < gate 0.675s
1785710721.327,2026-08-02 16:45:21.326762,201,below_sampling_floor,rule2_orphan_pulse,17:2,17,2,video,video,2,b,1785710720.976,1785710721.295,0.319,0.6544,0.3272,2.0,orphan candidate on detector '2' not registered: pulse 0.319s < gate 0.654s
1785710721.329,2026-08-02 16:45:21.329206,201,below_sampling_floor,rule2_orphan_pulse,2:46,2,46,video,radar,2,a,1785710720.976,1785710721.295,0.319,0.6544,0.3272,2.0,orphan candidate on detector '2' not registered: pulse 0.319s < gate 0.654s
1785710723.051,2026-08-02 16:45:23.050729,201,below_sampling_floor,rule2_orphan_pulse,17:2,17,2,video,video,2,b,1785710722.638,1785710722.961,0.323,0.6544,0.3272,2.0,orphan candidate on detector '2' not registered: pulse 0.323s < gate 0.654s
1785710723.052,2026-08-02 16:45:23.051737,201,below_sampling_floor,rule2_orphan_pulse,2:46,2,46,video,radar,2,a,1785710722.638,1785710722.961,0.323,0.6544,0.3272,2.0,orphan candidate on detector '2' not registered: pulse 0.323s < gate 0.654s
1785710724.166,2026-08-02 16:45:24.165977,201,below_sampling_floor,rule2_orphan_pulse,17:2,17,2,video,video,2,b,1785710723.703,1785710724.075,0.372,0.6544,0.3272,2.0,orphan candidate on detector '2' not registered: pulse 0.372s < gate 0.654s
1785710724.166,2026-08-02 16:45:24.166420,201,below_sampling_floor,rule2_orphan_pulse,2:46,2,46,video,radar,2,a,1785710723.703,1785710724.075,0.372,0.6544,0.3272,2.0,orphan candidate on detector '2' not registered: pulse 0.372s < gate 0.654s
1785710803.137,2026-08-02 16:46:43.136773,201,below_sampling_floor,rule2_orphan_pulse,17:46,46,17,radar,video,46,a,1785710802.752,1785710803.082,0.33,0.6654,0.3327,2.0,orphan candidate on detector '46' not registered: pulse 0.330s < gate 0.665s
1785710803.137,2026-08-02 16:46:43.136773,201,below_sampling_floor,rule2_orphan_pulse,2:46,2,46,video,radar,46,b,1785710802.752,1785710803.082,0.33,0.6654,0.3327,2.0,orphan candidate on detector '46' not registered: pulse 0.330s < gate 0.665s
1785710804.451,2026-08-02 16:46:44.451277,201,below_sampling_floor,rule2_orphan_pulse,31:42,42,31,radar,video,31,b,1785710804.102,1785710804.426,0.324,0.6654,0.3327,2.0,orphan candidate on detector '31' not registered: pulse 0.324s < gate 0.665s
1785710804.451,2026-08-02 16:46:44.451277,201,below_sampling_floor,rule2_orphan_pulse,31:8,31,8,video,video,31,a,1785710804.102,1785710804.426,0.324,0.6654,0.3327,2.0,orphan candidate on detector '31' not registered: pulse 0.324s < gate 0.665s
1785710917.444,2026-08-02 16:48:37.443938,201,below_sampling_floor,rule2_orphan_pulse,22:39,39,22,radar,video,39,a,1785710916.717,1785710917.375,0.659,0.6607,0.3303,2.0,orphan candidate on detector '39' not registered: pulse 0.659s < gate 0.661s
1785710917.444,2026-08-02 16:48:37.443938,201,below_sampling_floor,rule2_orphan_pulse,39:4,4,39,video,radar,39,b,1785710916.717,1785710917.375,0.659,0.6607,0.3303,2.0,orphan candidate on detector '39' not registered: pulse 0.659s < gate 0.661s
1785710930.866,2026-08-02 16:48:50.866042,201,below_sampling_floor,rule2_orphan_pulse,30:41,41,30,radar,video,30,b,1785710930.524,1785710930.855,0.331,0.6607,0.3303,2.0,orphan candidate on detector '30' not registered: pulse 0.331s < gate 0.661s
1785710930.868,2026-08-02 16:48:50.868063,201,below_sampling_floor,rule2_orphan_pulse,3:30,30,3,video,video,30,a,1785710930.524,1785710930.855,0.331,0.6607,0.3303,2.0,orphan candidate on detector '30' not registered: pulse 0.331s < gate 0.661s
1785710933.301,2026-08-02 16:48:53.300782,201,below_sampling_floor,rule2_orphan_pulse,3:30,30,3,video,video,3,b,1785710932.906,1785710933.233,0.327,0.6607,0.3303,2.0,orphan candidate on detector '3' not registered: pulse 0.327s < gate 0.661s
1785710933.302,2026-08-02 16:48:53.301942,201,below_sampling_floor,rule2_orphan_pulse,3:41,3,41,video,radar,3,a,1785710932.906,1785710933.233,0.327,0.6607,0.3303,2.0,orphan candidate on detector '3' not registered: pulse 0.327s < gate 0.661s
1785710934.916,2026-08-02 16:48:54.915989,201,below_sampling_floor,rule2_orphan_pulse,29:43,43,29,radar,video,29,b,1785710934.574,1785710934.900,0.326,0.6607,0.3303,2.0,orphan candidate on detector '29' not registered: pulse 0.326s < gate 0.661s
1785710944.996,2026-08-02 16:49:04.995522,201,below_sampling_floor,rule2_orphan_pulse,29:43,43,29,radar,video,29,b,1785710944.300,1785710944.953,0.653,0.6551,0.3275,2.0,orphan candidate on detector '29' not registered: pulse 0.653s < gate 0.655s
1785710956.093,2026-08-02 16:49:16.093082,201,below_sampling_floor,rule2_orphan_pulse,24:7,24,7,video,video,7,b,1785710955.681,1785710956.008,0.326,0.6551,0.3275,2.0,orphan candidate on detector '7' not registered: pulse 0.326s < gate 0.655s
1785710956.095,2026-08-02 16:49:16.095165,201,below_sampling_floor,rule2_orphan_pulse,38:7,7,38,video,radar,7,a,1785710955.681,1785710956.008,0.326,0.6551,0.3275,2.0,orphan candidate on detector '7' not registered: pulse 0.326s < gate 0.655s
1785710958.319,2026-08-02 16:49:18.318990,201,below_sampling_floor,rule2_orphan_pulse,24:38,38,24,radar,video,24,b,1785710957.952,1785710958.286,0.334,0.6551,0.3275,2.0,orphan candidate on detector '24' not registered: pulse 0.334s < gate 0.655s
1785710958.321,2026-08-02 16:49:18.320993,201,below_sampling_floor,rule2_orphan_pulse,24:7,24,7,video,video,24,a,1785710957.952,1785710958.286,0.334,0.6551,0.3275,2.0,orphan candidate on detector '24' not registered: pulse 0.334s < gate 0.655s
1785710994.641,2026-08-02 16:49:54.641380,201,below_sampling_floor,rule2_orphan_pulse,17:46,46,17,radar,video,46,a,1785710994.269,1785710994.600,0.331,0.6551,0.3275,2.0,orphan candidate on detector '46' not registered: pulse 0.331s < gate 0.655s
1785710994.643,2026-08-02 16:49:54.642732,201,below_sampling_floor,rule2_orphan_pulse,2:46,2,46,video,radar,46,b,1785710994.269,1785710994.600,0.331,0.6551,0.3275,2.0,orphan candidate on detector '46' not registered: pulse 0.331s < gate 0.655s
1785711016.424,2026-08-02 16:50:16.424375,201,below_sampling_floor,rule2_orphan_pulse,29:43,43,29,radar,video,43,a,1785711016.003,1785711016.335,0.332,0.6514,0.3257,2.0,orphan candidate on detector '43' not registered: pulse 0.332s < gate 0.651s
1785711016.729,2026-08-02 16:50:16.728719,201,below_sampling_floor,rule2_orphan_pulse,31:42,42,31,radar,video,42,a,1785711016.335,1785711016.672,0.337,0.6514,0.3257,2.0,orphan candidate on detector '42' not registered: pulse 0.337s < gate 0.651s
1785711016.731,2026-08-02 16:50:16.731449,201,below_sampling_floor,rule2_orphan_pulse,42:8,8,42,video,radar,42,b,1785711016.335,1785711016.672,0.337,0.6514,0.3257,2.0,orphan candidate on detector '42' not registered: pulse 0.337s < gate 0.651s
1785711082.433,2026-08-02 16:51:22.432899,201,below_sampling_floor,rule2_orphan_pulse,31:42,42,31,radar,video,31,b,1785711081.791,1785711082.423,0.631,0.6536,0.3268,2.0,orphan candidate on detector '31' not registered: pulse 0.631s < gate 0.654s
1785711086.267,2026-08-02 16:51:26.266612,201,below_sampling_floor,rule2_orphan_pulse,17:2,17,2,video,video,2,b,1785711085.627,1785711086.257,0.631,0.6536,0.3268,2.0,orphan candidate on detector '2' not registered: pulse 0.631s < gate 0.654s
1785711086.267,2026-08-02 16:51:26.266612,201,below_sampling_floor,rule2_orphan_pulse,2:46,2,46,video,radar,2,a,1785711085.627,1785711086.257,0.631,0.6536,0.3268,2.0,orphan candidate on detector '2' not registered: pulse 0.631s < gate 0.654s
1785711087.582,2026-08-02 16:51:27.582373,201,below_sampling_floor,rule2_orphan_pulse,31:8,31,8,video,video,31,a,1785711081.791,1785711082.423,0.631,0.6536,0.3268,2.0,orphan candidate on detector '31' not registered: pulse 0.631s < gate 0.654s
1785711302.051,2026-08-02 16:55:02.050949,201,below_sampling_floor,rule2_orphan_pulse,29:43,43,29,radar,video,43,a,1785711301.398,1785711302.051,0.653,0.6594,0.3297,2.0,orphan candidate on detector '43' not registered: pulse 0.653s < gate 0.659s
1785711305.090,2026-08-02 16:55:05.089734,201,below_sampling_floor,rule2_orphan_pulse,29:43,43,29,radar,video,43,a,1785711304.678,1785711305.016,0.338,0.6594,0.3297,2.0,orphan candidate on detector '43' not registered: pulse 0.338s < gate 0.659s
1785711442.647,2026-08-02 16:57:22.647223,201,below_sampling_floor,rule2_orphan_pulse,31:42,42,31,radar,video,31,b,1785711442.323,1785711442.637,0.314,0.6515,0.3257,2.0,orphan candidate on detector '31' not registered: pulse 0.314s < gate 0.651s
1785711442.649,2026-08-02 16:57:22.649219,201,below_sampling_floor,rule2_orphan_pulse,31:8,31,8,video,video,31,a,1785711442.323,1785711442.637,0.314,0.6515,0.3257,2.0,orphan candidate on detector '31' not registered: pulse 0.314s < gate 0.651s
1785711449.423,2026-08-02 16:57:29.422617,201,below_sampling_floor,rule2_orphan_pulse,31:42,42,31,radar,video,31,b,1785711449.103,1785711449.422,0.318,0.6515,0.3257,2.0,orphan candidate on detector '31' not registered: pulse 0.318s < gate 0.651s
1785711502.533,2026-08-02 16:58:22.533489,201,below_sampling_floor,rule2_orphan_pulse,31:8,31,8,video,video,31,a,1785711449.103,1785711449.422,0.318,0.6517,0.3258,2.0,orphan candidate on detector '31' not registered: pulse 0.318s < gate 0.652s
1785711504.860,2026-08-02 16:58:24.860425,201,below_sampling_floor,rule2_orphan_pulse,31:42,42,31,radar,video,31,b,1785711504.501,1785711504.840,0.338,0.6517,0.3258,2.0,orphan candidate on detector '31' not registered: pulse 0.338s < gate 0.652s
1785711504.860,2026-08-02 16:58:24.860425,201,below_sampling_floor,rule2_orphan_pulse,31:8,31,8,video,video,31,a,1785711504.501,1785711504.840,0.338,0.6517,0.3258,2.0,orphan candidate on detector '31' not registered: pulse 0.338s < gate 0.652s
1785711505.874,2026-08-02 16:58:25.874187,201,below_sampling_floor,rule2_orphan_pulse,30:41,41,30,radar,video,30,b,1785711505.484,1785711505.834,0.351,0.6517,0.3258,2.0,orphan candidate on detector '30' not registered: pulse 0.351s < gate 0.652s
1785711505.874,2026-08-02 16:58:25.874187,201,below_sampling_floor,rule2_orphan_pulse,3:30,30,3,video,video,30,a,1785711505.484,1785711505.834,0.351,0.6517,0.3258,2.0,orphan candidate on detector '30' not registered: pulse 0.351s < gate 0.652s
1785711506.179,2026-08-02 16:58:26.178751,201,below_sampling_floor,rule2_orphan_pulse,31:42,42,31,radar,video,31,b,1785711505.834,1785711506.149,0.315,0.6517,0.3258,2.0,orphan candidate on detector '31' not registered: pulse 0.315s < gate 0.652s
1785711506.179,2026-08-02 16:58:26.178751,201,below_sampling_floor,rule2_orphan_pulse,31:8,31,8,video,video,31,a,1785711505.834,1785711506.149,0.315,0.6517,0.3258,2.0,orphan candidate on detector '31' not registered: pulse 0.315s < gate 0.652s
1785711506.885,2026-08-02 16:58:26.885136,201,below_sampling_floor,rule2_orphan_pulse,30:41,41,30,radar,video,30,b,1785711506.525,1785711506.853,0.328,0.6517,0.3258,2.0,orphan candidate on detector '30' not registered: pulse 0.328s < gate 0.652s
1785711506.886,2026-08-02 16:58:26.886143,201,below_sampling_floor,rule2_orphan_pulse,3:30,30,3,video,video,30,a,1785711506.525,1785711506.853,0.328,0.6517,0.3258,2.0,orphan candidate on detector '30' not registered: pulse 0.328s < gate 0.652s
1785711570.028,2026-08-02 16:59:30.028350,201,below_sampling_floor,rule2_orphan_pulse,3:30,30,3,video,video,3,b,1785711569.292,1785711569.933,0.642,0.7001,0.35,2.0,orphan candidate on detector '3' not registered: pulse 0.642s < gate 0.700s
1785711570.029,2026-08-02 16:59:30.029016,201,below_sampling_floor,rule2_orphan_pulse,3:41,3,41,video,radar,3,a,1785711569.292,1785711569.933,0.642,0.7001,0.35,2.0,orphan candidate on detector '3' not registered: pulse 0.642s < gate 0.700s
1785711573.158,2026-08-02 16:59:33.158360,201,below_sampling_floor,rule2_orphan_pulse,17:2,17,2,video,video,2,b,1785711572.517,1785711573.158,0.641,0.7001,0.35,2.0,orphan candidate on detector '2' not registered: pulse 0.641s < gate 0.700s
1785711573.158,2026-08-02 16:59:33.158360,201,below_sampling_floor,rule2_orphan_pulse,2:46,2,46,video,radar,2,a,1785711572.517,1785711573.158,0.641,0.7001,0.35,2.0,orphan candidate on detector '2' not registered: pulse 0.641s < gate 0.700s
1785711575.788,2026-08-02 16:59:35.787740,201,below_sampling_floor,rule2_orphan_pulse,17:2,17,2,video,video,2,b,1785711575.094,1785711575.738,0.644,0.7001,0.35,2.0,orphan candidate on detector '2' not registered: pulse 0.644s < gate 0.700s
1785711575.791,2026-08-02 16:59:35.790850,201,below_sampling_floor,rule2_orphan_pulse,2:46,2,46,video,radar,2,a,1785711575.094,1785711575.738,0.644,0.7001,0.35,2.0,orphan candidate on detector '2' not registered: pulse 0.644s < gate 0.700s
1785711576.095,2026-08-02 16:59:36.094773,201,below_sampling_floor,rule2_orphan_pulse,17:46,46,17,radar,video,46,a,1785711575.425,1785711576.091,0.666,0.7001,0.35,2.0,orphan candidate on detector '46' not registered: pulse 0.666s < gate 0.700s
1785711576.095,2026-08-02 16:59:36.094773,201,below_sampling_floor,rule2_orphan_pulse,2:46,2,46,video,radar,46,b,1785711575.425,1785711576.091,0.666,0.7001,0.35,2.0,orphan candidate on detector '46' not registered: pulse 0.666s < gate 0.700s
1785711579.726,2026-08-02 16:59:39.726163,201,below_sampling_floor,rule2_orphan_pulse,17:46,46,17,radar,video,46,a,1785711579.033,1785711579.689,0.656,0.7001,0.35,2.0,orphan candidate on detector '46' not registered: pulse 0.656s < gate 0.700s
1785711579.727,2026-08-02 16:59:39.727221,201,below_sampling_floor,rule2_orphan_pulse,2:46,2,46,video,radar,46,b,1785711579.033,1785711579.689,0.656,0.7001,0.35,2.0,orphan candidate on detector '46' not registered: pulse 0.656s < gate 0.700s
1785711599.996,2026-08-02 16:59:59.995808,201,below_sampling_floor,rule2_orphan_pulse,17:2,17,2,video,video,2,b,1785711599.286,1785711599.937,0.651,0.6872,0.3436,2.0,orphan candidate on detector '2' not registered: pulse 0.651s < gate 0.687s
1785711599.996,2026-08-02 16:59:59.995808,201,below_sampling_floor,rule2_orphan_pulse,2:46,2,46,video,radar,2,a,1785711599.286,1785711599.937,0.651,0.6872,0.3436,2.0,orphan candidate on detector '2' not registered: pulse 0.651s < gate 0.687s
1785711614.523,2026-08-02 17:00:14.522974,201,below_sampling_floor,rule2_orphan_pulse,17:46,46,17,radar,video,46,a,1785711613.826,1785711614.481,0.655,0.6872,0.3436,2.0,orphan candidate on detector '46' not registered: pulse 0.655s < gate 0.687s
1785711614.523,2026-08-02 17:00:14.522974,201,below_sampling_floor,rule2_orphan_pulse,2:46,2,46,video,radar,46,b,1785711613.826,1785711614.481,0.655,0.6872,0.3436,2.0,orphan candidate on detector '46' not registered: pulse 0.655s < gate 0.687s
1785711615.531,2026-08-02 17:00:15.530881,201,below_sampling_floor,rule2_orphan_pulse,17:46,46,17,radar,video,17,b,1785711614.813,1785711615.496,0.682,0.6872,0.3436,2.0,orphan candidate on detector '17' not registered: pulse 0.682s < gate 0.687s
1785711615.531,2026-08-02 17:00:15.531386,201,below_sampling_floor,rule2_orphan_pulse,17:2,17,2,video,video,17,a,1785711614.813,1785711615.496,0.682,0.6872,0.3436,2.0,orphan candidate on detector '17' not registered: pulse 0.682s < gate 0.687s
1785711615.835,2026-08-02 17:00:15.834919,201,below_sampling_floor,rule2_orphan_pulse,17:2,17,2,video,video,2,b,1785711615.166,1785711615.825,0.659,0.6872,0.3436,2.0,orphan candidate on detector '2' not registered: pulse 0.659s < gate 0.687s
1785711615.836,2026-08-02 17:00:15.835933,201,below_sampling_floor,rule2_orphan_pulse,2:46,2,46,video,radar,2,a,1785711615.166,1785711615.825,0.659,0.6872,0.3436,2.0,orphan candidate on detector '2' not registered: pulse 0.659s < gate 0.687s
1785711670.916,2026-08-02 17:01:10.915983,201,below_sampling_floor,rule2_orphan_pulse,17:46,46,17,radar,video,46,a,1785711670.200,1785711670.842,0.642,0.6541,0.327,2.0,orphan candidate on detector '46' not registered: pulse 0.642s < gate 0.654s
1785711670.917,2026-08-02 17:01:10.917030,201,below_sampling_floor,rule2_orphan_pulse,2:46,2,46,video,radar,46,b,1785711670.200,1785711670.842,0.642,0.6541,0.327,2.0,orphan candidate on detector '46' not registered: pulse 0.642s < gate 0.654s
1785711672.233,2026-08-02 17:01:12.233300,201,below_sampling_floor,rule2_orphan_pulse,17:2,17,2,video,video,2,b,1785711671.496,1785711672.140,0.644,0.6541,0.327,2.0,orphan candidate on detector '2' not registered: pulse 0.644s < gate 0.654s
1785711672.233,2026-08-02 17:01:12.233300,201,below_sampling_floor,rule2_orphan_pulse,2:46,2,46,video,radar,2,a,1785711671.496,1785711672.140,0.644,0.6541,0.327,2.0,orphan candidate on detector '2' not registered: pulse 0.644s < gate 0.654s
1785711673.146,2026-08-02 17:01:13.146062,201,below_sampling_floor,rule2_orphan_pulse,17:46,46,17,radar,video,46,a,1785711672.478,1785711673.130,0.651,0.6541,0.327,2.0,orphan candidate on detector '46' not registered: pulse 0.651s < gate 0.654s
1785711673.146,2026-08-02 17:01:13.146062,201,below_sampling_floor,rule2_orphan_pulse,2:46,2,46,video,radar,46,b,1785711672.478,1785711673.130,0.651,0.6541,0.327,2.0,orphan candidate on detector '46' not registered: pulse 0.651s < gate 0.654s
1785711694.033,2026-08-02 17:01:34.033195,201,below_sampling_floor,rule2_orphan_pulse,22:4,22,4,video,video,4,b,1785711693.692,1785711694.026,0.333,0.6541,0.327,2.0,orphan candidate on detector '4' not registered: pulse 0.333s < gate 0.654s
1785711694.034,2026-08-02 17:01:34.034207,201,below_sampling_floor,rule2_orphan_pulse,39:4,4,39,video,radar,4,a,1785711693.692,1785711694.026,0.333,0.6541,0.327,2.0,orphan candidate on detector '4' not registered: pulse 0.333s < gate 0.654s
1785711699.587,2026-08-02 17:01:39.586847,201,below_sampling_floor,rule2_orphan_pulse,24:7,24,7,video,video,7,b,1785711699.181,1785711699.494,0.313,0.6541,0.327,2.0,orphan candidate on detector '7' not registered: pulse 0.313s < gate 0.654s
1785711699.587,2026-08-02 17:01:39.586847,201,below_sampling_floor,rule2_orphan_pulse,38:7,7,38,video,radar,7,a,1785711699.181,1785711699.494,0.313,0.6541,0.327,2.0,orphan candidate on detector '7' not registered: pulse 0.313s < gate 0.654s
1785711757.596,2026-08-02 17:02:37.595783,201,below_sampling_floor,rule2_orphan_pulse,17:46,46,17,radar,video,46,a,1785711756.869,1785711757.499,0.63,0.6491,0.3245,2.0,orphan candidate on detector '46' not registered: pulse 0.630s < gate 0.649s
1785711757.596,2026-08-02 17:02:37.596294,201,below_sampling_floor,rule2_orphan_pulse,2:46,2,46,video,radar,46,b,1785711756.869,1785711757.499,0.63,0.6491,0.3245,2.0,orphan candidate on detector '46' not registered: pulse 0.630s < gate 0.649s
1785711759.818,2026-08-02 17:02:39.817868,201,below_sampling_floor,rule2_orphan_pulse,17:46,46,17,radar,video,46,a,1785711759.099,1785711759.744,0.645,0.6491,0.3245,2.0,orphan candidate on detector '46' not registered: pulse 0.645s < gate 0.649s
1785711759.818,2026-08-02 17:02:39.817868,201,below_sampling_floor,rule2_orphan_pulse,2:46,2,46,video,radar,46,b,1785711759.099,1785711759.744,0.645,0.6491,0.3245,2.0,orphan candidate on detector '46' not registered: pulse 0.645s < gate 0.649s
1785711761.129,2026-08-02 17:02:41.128630,201,below_sampling_floor,rule2_orphan_pulse,17:2,17,2,video,video,2,b,1785711760.399,1785711761.043,0.643,0.6491,0.3245,2.0,orphan candidate on detector '2' not registered: pulse 0.643s < gate 0.649s
1785711761.129,2026-08-02 17:02:41.128630,201,below_sampling_floor,rule2_orphan_pulse,2:46,2,46,video,radar,2,a,1785711760.399,1785711761.043,0.643,0.6491,0.3245,2.0,orphan candidate on detector '2' not registered: pulse 0.643s < gate 0.649s
1785711784.712,2026-08-02 17:03:04.711510,201,below_sampling_floor,rule2_orphan_pulse,31:42,42,31,radar,video,31,b,1785711784.303,1785711784.647,0.343,0.6591,0.3296,2.0,orphan candidate on detector '31' not registered: pulse 0.343s < gate 0.659s
1785711784.713,2026-08-02 17:03:04.712516,201,below_sampling_floor,rule2_orphan_pulse,31:8,31,8,video,video,31,a,1785711784.303,1785711784.647,0.343,0.6591,0.3296,2.0,orphan candidate on detector '31' not registered: pulse 0.343s < gate 0.659s
1785711786.323,2026-08-02 17:03:06.322555,201,below_sampling_floor,rule2_orphan_pulse,31:42,42,31,radar,video,31,b,1785711785.595,1785711786.249,0.654,0.6591,0.3296,2.0,orphan candidate on detector '31' not registered: pulse 0.654s < gate 0.659s
1785711786.324,2026-08-02 17:03:06.323572,201,below_sampling_floor,rule2_orphan_pulse,31:8,31,8,video,video,31,a,1785711785.595,1785711786.249,0.654,0.6591,0.3296,2.0,orphan candidate on detector '31' not registered: pulse 0.654s < gate 0.659s
1785711792.199,2026-08-02 17:03:12.198608,201,below_sampling_floor,rule2_orphan_pulse,26:33,33,26,radar,video,33,a,1785711791.481,1785711792.129,0.648,0.6591,0.3296,2.0,orphan candidate on detector '33' not registered: pulse 0.648s < gate 0.659s
1785711792.502,2026-08-02 17:03:12.502471,201,below_sampling_floor,rule2_orphan_pulse,29:43,43,29,radar,video,29,b,1785711792.129,1785711792.450,0.321,0.6591,0.3296,2.0,orphan candidate on detector '29' not registered: pulse 0.321s < gate 0.659s
1785711792.502,2026-08-02 17:03:12.502471,201,below_sampling_floor,rule2_orphan_pulse,31:42,42,31,radar,video,31,b,1785711792.129,1785711792.450,0.321,0.6591,0.3296,2.0,orphan candidate on detector '31' not registered: pulse 0.321s < gate 0.659s
1785711812.415,2026-08-02 17:03:32.414883,201,below_sampling_floor,rule2_orphan_pulse,26:33,33,26,radar,video,33,a,1785711811.706,1785711812.350,0.644,0.6591,0.3296,2.0,orphan candidate on detector '33' not registered: pulse 0.644s < gate 0.659s
1785711857.265,2026-08-02 17:04:17.265440,201,below_sampling_floor,rule2_orphan_pulse,31:8,31,8,video,video,31,a,1785711792.129,1785711792.450,0.321,0.6559,0.3279,2.0,orphan candidate on detector '31' not registered: pulse 0.321s < gate 0.656s
1785711886.029,2026-08-02 17:04:46.029410,201,below_sampling_floor,rule2_orphan_pulse,29:43,43,29,radar,video,29,b,1785711885.584,1785711885.948,0.364,0.6559,0.3279,2.0,orphan candidate on detector '29' not registered: pulse 0.364s < gate 0.656s
1785711983.602,2026-08-02 17:06:23.602028,201,below_sampling_floor,rule2_orphan_pulse,31:42,42,31,radar,video,31,b,1785711983.220,1785711983.538,0.318,0.6679,0.334,2.0,orphan candidate on detector '31' not registered: pulse 0.318s < gate 0.668s
1785711983.603,2026-08-02 17:06:23.603290,201,below_sampling_floor,rule2_orphan_pulse,31:8,31,8,video,video,31,a,1785711983.220,1785711983.538,0.318,0.6679,0.334,2.0,orphan candidate on detector '31' not registered: pulse 0.318s < gate 0.668s
1785711989.155,2026-08-02 17:06:29.154868,201,below_sampling_floor,rule2_orphan_pulse,31:42,42,31,radar,video,31,b,1785711988.788,1785711989.102,0.314,0.6679,0.334,2.0,orphan candidate on detector '31' not registered: pulse 0.314s < gate 0.668s
1785711989.158,2026-08-02 17:06:29.157871,201,below_sampling_floor,rule2_orphan_pulse,31:8,31,8,video,video,31,a,1785711988.788,1785711989.102,0.314,0.6679,0.334,2.0,orphan candidate on detector '31' not registered: pulse 0.314s < gate 0.668s
1785711990.474,2026-08-02 17:06:30.473972,201,below_sampling_floor,rule2_orphan_pulse,29:43,43,29,radar,video,43,a,1785711989.739,1785711990.385,0.646,0.6679,0.334,2.0,orphan candidate on detector '43' not registered: pulse 0.646s < gate 0.668s
1785712033.473,2026-08-02 17:07:13.473295,201,below_sampling_floor,rule2_orphan_pulse,31:42,42,31,radar,video,42,a,1785712033.133,1785712033.456,0.323,0.6793,0.3396,2.0,orphan candidate on detector '42' not registered: pulse 0.323s < gate 0.679s
1785712033.473,2026-08-02 17:07:13.473295,201,below_sampling_floor,rule2_orphan_pulse,42:8,8,42,video,radar,42,b,1785712033.133,1785712033.456,0.323,0.6793,0.3396,2.0,orphan candidate on detector '42' not registered: pulse 0.323s < gate 0.679s
1785712041.957,2026-08-02 17:07:21.957192,201,below_sampling_floor,rule2_orphan_pulse,31:42,42,31,radar,video,31,b,1785712041.248,1785712041.899,0.651,0.6793,0.3396,2.0,orphan candidate on detector '31' not registered: pulse 0.651s < gate 0.679s
1785712071.180,2026-08-02 17:07:51.180259,201,below_sampling_floor,rule2_orphan_pulse,29:43,43,29,radar,video,29,b,1785712070.856,1785712071.178,0.322,0.6793,0.3396,2.0,orphan candidate on detector '29' not registered: pulse 0.322s < gate 0.679s
1785712073.197,2026-08-02 17:07:53.196581,201,below_sampling_floor,rule2_orphan_pulse,29:43,43,29,radar,video,29,b,1785712072.775,1785712073.103,0.328,0.6793,0.3396,2.0,orphan candidate on detector '29' not registered: pulse 0.328s < gate 0.679s
1785712109.786,2026-08-02 17:08:29.786318,201,below_sampling_floor,rule2_orphan_pulse,24:7,24,7,video,video,7,b,1785712109.435,1785712109.762,0.327,0.6475,0.3237,2.0,orphan candidate on detector '7' not registered: pulse 0.327s < gate 0.647s
1785712109.788,2026-08-02 17:08:29.788036,201,below_sampling_floor,rule2_orphan_pulse,38:7,7,38,video,radar,7,a,1785712109.435,1785712109.762,0.327,0.6475,0.3237,2.0,orphan candidate on detector '7' not registered: pulse 0.327s < gate 0.647s
1785712111.097,2026-08-02 17:08:31.097397,201,below_sampling_floor,rule2_orphan_pulse,24:7,24,7,video,video,7,b,1785712110.766,1785712111.094,0.328,0.6475,0.3237,2.0,orphan candidate on detector '7' not registered: pulse 0.328s < gate 0.647s
1785712111.099,2026-08-02 17:08:31.099412,201,below_sampling_floor,rule2_orphan_pulse,38:7,7,38,video,radar,7,a,1785712110.766,1785712111.094,0.328,0.6475,0.3237,2.0,orphan candidate on detector '7' not registered: pulse 0.328s < gate 0.647s
1785712151.041,2026-08-02 17:09:11.040968,201,below_sampling_floor,rule2_orphan_pulse,31:42,42,31,radar,video,31,b,1785712150.294,1785712150.947,0.653,0.6652,0.3326,2.0,orphan candidate on detector '31' not registered: pulse 0.653s < gate 0.665s
1785712151.041,2026-08-02 17:09:11.040968,201,below_sampling_floor,rule2_orphan_pulse,31:8,31,8,video,video,31,a,1785712150.294,1785712150.947,0.653,0.6652,0.3326,2.0,orphan candidate on detector '31' not registered: pulse 0.653s < gate 0.665s
1785712233.762,2026-08-02 17:10:33.761902,201,below_sampling_floor,rule2_orphan_pulse,29:43,43,29,radar,video,43,a,1785712233.042,1785712233.692,0.65,0.6607,0.3303,2.0,orphan candidate on detector '43' not registered: pulse 0.650s < gate 0.661s
1785712239.007,2026-08-02 17:10:39.006745,201,below_sampling_floor,rule2_orphan_pulse,17:2,17,2,video,video,2,b,1785712238.644,1785712238.973,0.329,0.6607,0.3303,2.0,orphan candidate on detector '2' not registered: pulse 0.329s < gate 0.661s
1785712239.007,2026-08-02 17:10:39.007380,201,below_sampling_floor,rule2_orphan_pulse,2:46,2,46,video,radar,2,a,1785712238.644,1785712238.973,0.329,0.6607,0.3303,2.0,orphan candidate on detector '2' not registered: pulse 0.329s < gate 0.661s
1785712324.509,2026-08-02 17:12:04.508540,201,below_sampling_floor,rule2_orphan_pulse,29:43,43,29,radar,video,43,a,1785712324.178,1785712324.498,0.32,0.6638,0.3319,2.0,orphan candidate on detector '43' not registered: pulse 0.320s < gate 0.664s
1785712332.363,2026-08-02 17:12:12.362532,201,below_sampling_floor,rule2_orphan_pulse,17:46,46,17,radar,video,46,a,1785712331.945,1785712332.266,0.32,0.6638,0.3319,2.0,orphan candidate on detector '46' not registered: pulse 0.320s < gate 0.664s
1785712332.365,2026-08-02 17:12:12.364538,201,below_sampling_floor,rule2_orphan_pulse,2:46,2,46,video,radar,46,b,1785712331.945,1785712332.266,0.32,0.6638,0.3319,2.0,orphan candidate on detector '46' not registered: pulse 0.320s < gate 0.664s
1785712417.504,2026-08-02 17:13:37.503710,201,below_sampling_floor,rule2_orphan_pulse,31:42,42,31,radar,video,31,b,1785712416.803,1785712417.454,0.652,0.6545,0.3273,2.0,orphan candidate on detector '31' not registered: pulse 0.652s < gate 0.655s
1785712417.505,2026-08-02 17:13:37.504725,201,below_sampling_floor,rule2_orphan_pulse,31:8,31,8,video,video,31,a,1785712416.803,1785712417.454,0.652,0.6545,0.3273,2.0,orphan candidate on detector '31' not registered: pulse 0.652s < gate 0.655s
1785712436.643,2026-08-02 17:13:56.642745,201,below_sampling_floor,rule2_orphan_pulse,29:43,43,29,radar,video,29,b,1785712436.295,1785712436.630,0.335,0.6545,0.3273,2.0,orphan candidate on detector '29' not registered: pulse 0.335s < gate 0.655s
1785712485.563,2026-08-02 17:14:45.562999,201,below_sampling_floor,rule2_orphan_pulse,30:41,41,30,radar,video,41,a,1785712478.088,1785712478.733,0.645,0.6597,0.3299,2.0,orphan candidate on detector '41' not registered: pulse 0.645s < gate 0.660s
1785712485.970,2026-08-02 17:14:45.970153,201,below_sampling_floor,rule2_orphan_pulse,29:43,43,29,radar,video,29,b,1785712485.554,1785712485.880,0.326,0.6597,0.3299,2.0,orphan candidate on detector '29' not registered: pulse 0.326s < gate 0.660s
1785712531.263,2026-08-02 17:15:31.262664,201,below_sampling_floor,rule2_orphan_pulse,31:42,42,31,radar,video,31,b,1785712530.873,1785712531.193,0.32,0.6523,0.3262,2.0,orphan candidate on detector '31' not registered: pulse 0.320s < gate 0.652s
1785712531.265,2026-08-02 17:15:31.264673,201,below_sampling_floor,rule2_orphan_pulse,31:8,31,8,video,video,31,a,1785712530.873,1785712531.193,0.32,0.6523,0.3262,2.0,orphan candidate on detector '31' not registered: pulse 0.320s < gate 0.652s
1785712579.700,2026-08-02 17:16:19.700392,201,below_sampling_floor,rule2_orphan_pulse,17:46,46,17,radar,video,46,a,1785712578.986,1785712579.620,0.635,0.6681,0.3341,2.0,orphan candidate on detector '46' not registered: pulse 0.635s < gate 0.668s
1785712579.702,2026-08-02 17:16:19.702181,201,below_sampling_floor,rule2_orphan_pulse,2:46,2,46,video,radar,46,b,1785712578.986,1785712579.620,0.635,0.6681,0.3341,2.0,orphan candidate on detector '46' not registered: pulse 0.635s < gate 0.668s
1785712579.704,2026-08-02 17:16:19.704201,201,below_sampling_floor,rule2_orphan_pulse,26:33,33,26,radar,video,33,a,1785712578.986,1785712579.620,0.635,0.6681,0.3341,2.0,orphan candidate on detector '33' not registered: pulse 0.635s < gate 0.668s
1785712581.014,2026-08-02 17:16:21.013871,201,below_sampling_floor,rule2_orphan_pulse,17:2,17,2,video,video,2,b,1785712580.284,1785712580.939,0.655,0.6681,0.3341,2.0,orphan candidate on detector '2' not registered: pulse 0.655s < gate 0.668s
1785712581.017,2026-08-02 17:16:21.016833,201,below_sampling_floor,rule2_orphan_pulse,2:46,2,46,video,radar,2,a,1785712580.284,1785712580.939,0.655,0.6681,0.3341,2.0,orphan candidate on detector '2' not registered: pulse 0.655s < gate 0.668s
1785712639.735,2026-08-02 17:17:19.734514,201,below_sampling_floor,rule2_orphan_pulse,29:43,43,29,radar,video,29,b,1785712639.289,1785712639.641,0.352,0.6571,0.3285,2.0,orphan candidate on detector '29' not registered: pulse 0.352s < gate 0.657s
1785712642.359,2026-08-02 17:17:22.358582,201,below_sampling_floor,rule2_orphan_pulse,29:43,43,29,radar,video,29,b,1785712642.001,1785712642.341,0.34,0.6571,0.3285,2.0,orphan candidate on detector '29' not registered: pulse 0.340s < gate 0.657s
1785712644.780,2026-08-02 17:17:24.779541,201,below_sampling_floor,rule2_orphan_pulse,29:43,43,29,radar,video,29,b,1785712644.341,1785712644.688,0.346,0.6571,0.3285,2.0,orphan candidate on detector '29' not registered: pulse 0.346s < gate 0.657s
1785712649.334,2026-08-02 17:17:29.334094,201,below_sampling_floor,rule2_orphan_pulse,29:43,43,29,radar,video,29,b,1785712648.677,1785712649.323,0.647,0.6571,0.3285,2.0,orphan candidate on detector '29' not registered: pulse 0.647s < gate 0.657s
1785712663.050,2026-08-02 17:17:43.050452,201,below_sampling_floor,rule2_orphan_pulse,22:4,22,4,video,video,4,b,1785712662.589,1785712662.950,0.361,0.6571,0.3285,2.0,orphan candidate on detector '4' not registered: pulse 0.361s < gate 0.657s
1785712663.052,2026-08-02 17:17:43.052491,201,below_sampling_floor,rule2_orphan_pulse,39:4,4,39,video,radar,4,a,1785712662.589,1785712662.950,0.361,0.6571,0.3285,2.0,orphan candidate on detector '4' not registered: pulse 0.361s < gate 0.657s
1785712677.276,2026-08-02 17:17:57.275836,201,below_sampling_floor,rule2_orphan_pulse,31:42,42,31,radar,video,42,a,1785712676.931,1785712677.238,0.307,0.6571,0.3285,2.0,orphan candidate on detector '42' not registered: pulse 0.307s < gate 0.657s
1785712677.278,2026-08-02 17:17:57.277840,201,below_sampling_floor,rule2_orphan_pulse,42:8,8,42,video,radar,42,b,1785712676.931,1785712677.238,0.307,0.6571,0.3285,2.0,orphan candidate on detector '42' not registered: pulse 0.307s < gate 0.657s
1785712745.244,2026-08-02 17:19:05.244154,201,below_sampling_floor,rule2_orphan_pulse,17:2,17,2,video,video,2,b,1785712744.585,1785712745.244,0.659,0.6639,0.3319,2.0,orphan candidate on detector '2' not registered: pulse 0.659s < gate 0.664s
1785712745.246,2026-08-02 17:19:05.246166,201,below_sampling_floor,rule2_orphan_pulse,2:46,2,46,video,radar,2,a,1785712744.585,1785712745.244,0.659,0.6639,0.3319,2.0,orphan candidate on detector '2' not registered: pulse 0.659s < gate 0.664s
1785712766.963,2026-08-02 17:19:26.962624,201,below_sampling_floor,rule2_orphan_pulse,17:2,17,2,video,video,2,b,1785712766.263,1785712766.914,0.65,0.6639,0.3319,2.0,orphan candidate on detector '2' not registered: pulse 0.650s < gate 0.664s
1785712766.963,2026-08-02 17:19:26.962624,201,below_sampling_floor,rule2_orphan_pulse,2:46,2,46,video,radar,2,a,1785712766.263,1785712766.914,0.65,0.6639,0.3319,2.0,orphan candidate on detector '2' not registered: pulse 0.650s < gate 0.664s
1785712774.436,2026-08-02 17:19:34.435520,201,below_sampling_floor,rule2_orphan_pulse,26:33,33,26,radar,video,33,a,1785712773.729,1785712774.375,0.646,0.6639,0.3319,2.0,orphan candidate on detector '33' not registered: pulse 0.646s < gate 0.664s
1785712777.060,2026-08-02 17:19:37.060460,201,below_sampling_floor,rule2_orphan_pulse,26:33,33,26,radar,video,33,a,1785712776.328,1785712776.973,0.645,0.6639,0.3319,2.0,orphan candidate on detector '33' not registered: pulse 0.645s < gate 0.664s
1785712779.278,2026-08-02 17:19:39.278402,201,below_sampling_floor,rule2_orphan_pulse,26:33,33,26,radar,video,33,a,1785712778.596,1785712779.258,0.662,0.6639,0.3319,2.0,orphan candidate on detector '33' not registered: pulse 0.662s < gate 0.664s
1785712799.025,2026-08-02 17:19:59.025244,201,below_sampling_floor,rule2_orphan_pulse,30:41,41,30,radar,video,30,b,1785712798.354,1785712798.998,0.645,0.656,0.328,2.0,orphan candidate on detector '30' not registered: pulse 0.645s < gate 0.656s
1785712799.027,2026-08-02 17:19:59.026529,201,below_sampling_floor,rule2_orphan_pulse,3:30,30,3,video,video,30,a,1785712798.354,1785712798.998,0.645,0.656,0.328,2.0,orphan candidate on detector '30' not registered: pulse 0.645s < gate 0.656s
1785712896.787,2026-08-02 17:21:36.787431,201,below_sampling_floor,rule2_orphan_pulse,17:2,17,2,video,video,2,b,1785712896.145,1785712896.783,0.638,0.654,0.327,2.0,orphan candidate on detector '2' not registered: pulse 0.638s < gate 0.654s
1785712896.787,2026-08-02 17:21:36.787431,201,below_sampling_floor,rule2_orphan_pulse,2:46,2,46,video,radar,2,a,1785712896.145,1785712896.783,0.638,0.654,0.327,2.0,orphan candidate on detector '2' not registered: pulse 0.638s < gate 0.654s
1785712962.729,2026-08-02 17:22:42.729498,201,below_sampling_floor,rule2_orphan_pulse,29:43,43,29,radar,video,43,a,1785712962.036,1785712962.681,0.645,0.6688,0.3344,2.0,orphan candidate on detector '43' not registered: pulse 0.645s < gate 0.669s
1785713044.243,2026-08-02 17:24:04.242813,201,below_sampling_floor,rule2_orphan_pulse,29:43,43,29,radar,video,29,b,1785713043.846,1785713044.189,0.343,0.6616,0.3308,2.0,orphan candidate on detector '29' not registered: pulse 0.343s < gate 0.662s
1785713070.794,2026-08-02 17:24:30.794476,201,below_sampling_floor,rule2_orphan_pulse,31:42,42,31,radar,video,31,b,1785713070.451,1785713070.761,0.31,0.6616,0.3308,2.0,orphan candidate on detector '31' not registered: pulse 0.310s < gate 0.662s
1785713070.794,2026-08-02 17:24:30.794476,201,below_sampling_floor,rule2_orphan_pulse,31:8,31,8,video,video,31,a,1785713070.451,1785713070.761,0.31,0.6616,0.3308,2.0,orphan candidate on detector '31' not registered: pulse 0.310s < gate 0.662s
1785713079.562,2026-08-02 17:24:39.562440,201,below_sampling_floor,rule2_orphan_pulse,30:41,41,30,radar,video,41,a,1785713078.891,1785713079.538,0.646,0.6616,0.3308,2.0,orphan candidate on detector '41' not registered: pulse 0.646s < gate 0.662s
1785713079.562,2026-08-02 17:24:39.562440,201,below_sampling_floor,rule2_orphan_pulse,3:41,3,41,video,radar,41,b,1785713078.891,1785713079.538,0.646,0.6616,0.3308,2.0,orphan candidate on detector '41' not registered: pulse 0.646s < gate 0.662s
1785713080.875,2026-08-02 17:24:40.875405,201,below_sampling_floor,rule2_orphan_pulse,30:41,41,30,radar,video,41,a,1785713080.511,1785713080.839,0.328,0.6616,0.3308,2.0,orphan candidate on detector '41' not registered: pulse 0.328s < gate 0.662s
1785713080.877,2026-08-02 17:24:40.876520,201,below_sampling_floor,rule2_orphan_pulse,3:41,3,41,video,radar,41,b,1785713080.511,1785713080.839,0.328,0.6616,0.3308,2.0,orphan candidate on detector '41' not registered: pulse 0.328s < gate 0.662s
1785713090.279,2026-08-02 17:24:50.279138,201,below_sampling_floor,rule2_orphan_pulse,31:42,42,31,radar,video,31,b,1785713089.906,1785713090.234,0.327,0.6616,0.3308,2.0,orphan candidate on detector '31' not registered: pulse 0.327s < gate 0.662s
1785713090.279,2026-08-02 17:24:50.279138,201,below_sampling_floor,rule2_orphan_pulse,31:8,31,8,video,video,31,a,1785713089.906,1785713090.234,0.327,0.6616,0.3308,2.0,orphan candidate on detector '31' not registered: pulse 0.327s < gate 0.662s
1785713136.380,2026-08-02 17:25:36.380018,201,below_sampling_floor,rule2_orphan_pulse,17:46,46,17,radar,video,46,a,1785713135.652,1785713136.307,0.655,0.6603,0.3302,2.0,orphan candidate on detector '46' not registered: pulse 0.655s < gate 0.660s
1785713136.381,2026-08-02 17:25:36.381062,201,below_sampling_floor,rule2_orphan_pulse,2:46,2,46,video,radar,46,b,1785713135.652,1785713136.307,0.655,0.6603,0.3302,2.0,orphan candidate on detector '46' not registered: pulse 0.655s < gate 0.660s
1785713138.905,2026-08-02 17:25:38.904942,201,below_sampling_floor,rule2_orphan_pulse,17:46,46,17,radar,video,46,a,1785713138.250,1785713138.905,0.655,0.6603,0.3302,2.0,orphan candidate on detector '46' not registered: pulse 0.655s < gate 0.660s
1785713138.908,2026-08-02 17:25:38.907870,201,below_sampling_floor,rule2_orphan_pulse,2:46,2,46,video,radar,46,b,1785713138.250,1785713138.905,0.655,0.6603,0.3302,2.0,orphan candidate on detector '46' not registered: pulse 0.655s < gate 0.660s
1785713178.017,2026-08-02 17:26:18.017465,201,below_sampling_floor,rule2_orphan_pulse,17:2,17,2,video,video,2,b,1785713177.576,1785713177.920,0.344,0.6517,0.3258,2.0,orphan candidate on detector '2' not registered: pulse 0.344s < gate 0.652s
1785713178.019,2026-08-02 17:26:18.018573,201,below_sampling_floor,rule2_orphan_pulse,2:46,2,46,video,radar,2,a,1785713177.576,1785713177.920,0.344,0.6517,0.3258,2.0,orphan candidate on detector '2' not registered: pulse 0.344s < gate 0.652s
1785713214.745,2026-08-02 17:26:54.745206,201,below_sampling_floor,rule2_orphan_pulse,24:7,24,7,video,video,7,b,1785713214.407,1785713214.731,0.324,0.6517,0.3258,2.0,orphan candidate on detector '7' not registered: pulse 0.324s < gate 0.652s
1785713214.746,2026-08-02 17:26:54.746259,201,below_sampling_floor,rule2_orphan_pulse,38:7,7,38,video,radar,7,a,1785713214.407,1785713214.731,0.324,0.6517,0.3258,2.0,orphan candidate on detector '7' not registered: pulse 0.324s < gate 0.652s
1785713221.913,2026-08-02 17:27:01.912504,201,below_sampling_floor,rule2_orphan_pulse,29:43,43,29,radar,video,29,b,1785713221.187,1785713221.823,0.637,0.6514,0.3257,2.0,orphan candidate on detector '29' not registered: pulse 0.637s < gate 0.651s
1785713268.631,2026-08-02 17:27:48.631423,201,below_sampling_floor,rule2_orphan_pulse,29:43,43,29,radar,video,29,b,1785713263.951,1785713264.275,0.324,0.6514,0.3257,2.0,orphan candidate on detector '29' not registered: pulse 0.324s < gate 0.651s
1785713281.444,2026-08-02 17:28:01.443521,201,below_sampling_floor,rule2_orphan_pulse,29:43,43,29,radar,video,29,b,1785713280.712,1785713281.365,0.653,0.656,0.328,2.0,orphan candidate on detector '29' not registered: pulse 0.653s < gate 0.656s
1785713288.306,2026-08-02 17:28:08.306308,201,below_sampling_floor,rule2_orphan_pulse,29:43,43,29,radar,video,29,b,1785713287.903,1785713288.218,0.316,0.656,0.328,2.0,orphan candidate on detector '29' not registered: pulse 0.316s < gate 0.656s
1785713289.620,2026-08-02 17:28:09.620189,201,below_sampling_floor,rule2_orphan_pulse,29:43,43,29,radar,video,29,b,1785713289.196,1785713289.522,0.326,0.656,0.328,2.0,orphan candidate on detector '29' not registered: pulse 0.326s < gate 0.656s
1785713304.742,2026-08-02 17:28:24.741570,201,below_sampling_floor,rule2_orphan_pulse,31:42,42,31,radar,video,42,a,1785713304.059,1785713304.707,0.648,0.656,0.328,2.0,orphan candidate on detector '42' not registered: pulse 0.648s < gate 0.656s
1785713304.743,2026-08-02 17:28:24.742580,201,below_sampling_floor,rule2_orphan_pulse,42:8,8,42,video,radar,42,b,1785713304.059,1785713304.707,0.648,0.656,0.328,2.0,orphan candidate on detector '42' not registered: pulse 0.648s < gate 0.656s
1785713356.789,2026-08-02 17:29:16.788676,201,below_sampling_floor,rule2_orphan_pulse,31:42,42,31,radar,video,31,b,1785713356.421,1785713356.784,0.363,0.6519,0.3259,2.0,orphan candidate on detector '31' not registered: pulse 0.363s < gate 0.652s
1785713356.793,2026-08-02 17:29:16.792708,201,below_sampling_floor,rule2_orphan_pulse,31:8,31,8,video,video,31,a,1785713356.421,1785713356.784,0.363,0.6519,0.3259,2.0,orphan candidate on detector '31' not registered: pulse 0.363s < gate 0.652s
1785713365.766,2026-08-02 17:29:25.765520,201,below_sampling_floor,rule2_orphan_pulse,30:41,41,30,radar,video,30,b,1785713365.395,1785713365.749,0.354,0.6519,0.3259,2.0,orphan candidate on detector '30' not registered: pulse 0.354s < gate 0.652s
1785713365.767,2026-08-02 17:29:25.766552,201,below_sampling_floor,rule2_orphan_pulse,3:30,30,3,video,video,30,a,1785713365.395,1785713365.749,0.354,0.6519,0.3259,2.0,orphan candidate on detector '30' not registered: pulse 0.354s < gate 0.652s
1785713373.646,2026-08-02 17:29:33.645647,201,below_sampling_floor,rule2_orphan_pulse,3:30,30,3,video,video,3,b,1785713372.938,1785713373.560,0.622,0.6519,0.3259,2.0,orphan candidate on detector '3' not registered: pulse 0.622s < gate 0.652s
1785713373.646,2026-08-02 17:29:33.645647,201,below_sampling_floor,rule2_orphan_pulse,3:41,3,41,video,radar,3,a,1785713372.938,1785713373.560,0.622,0.6519,0.3259,2.0,orphan candidate on detector '3' not registered: pulse 0.622s < gate 0.652s
1785713377.273,2026-08-02 17:29:37.272646,201,below_sampling_floor,rule2_orphan_pulse,26:33,33,26,radar,video,33,a,1785713376.842,1785713377.177,0.335,0.6519,0.3259,2.0,orphan candidate on detector '33' not registered: pulse 0.335s < gate 0.652s
1785713377.578,2026-08-02 17:29:37.578217,201,below_sampling_floor,rule2_orphan_pulse,31:8,31,8,video,video,8,b,1785713377.177,1785713377.503,0.326,0.6519,0.3259,2.0,orphan candidate on detector '8' not registered: pulse 0.326s < gate 0.652s
1785713377.580,2026-08-02 17:29:37.579764,201,below_sampling_floor,rule2_orphan_pulse,42:8,8,42,video,radar,8,a,1785713377.177,1785713377.503,0.326,0.6519,0.3259,2.0,orphan candidate on detector '8' not registered: pulse 0.326s < gate 0.652s
1785713431.601,2026-08-02 17:30:31.600921,201,below_sampling_floor,rule2_orphan_pulse,29:43,43,29,radar,video,29,b,1785713431.202,1785713431.601,0.399,0.6618,0.3309,2.0,orphan candidate on detector '29' not registered: pulse 0.399s < gate 0.662s
1785713449.750,2026-08-02 17:30:49.749538,201,below_sampling_floor,rule2_orphan_pulse,17:2,17,2,video,video,2,b,1785713449.413,1785713449.720,0.307,0.6618,0.3309,2.0,orphan candidate on detector '2' not registered: pulse 0.307s < gate 0.662s
1785713449.750,2026-08-02 17:30:49.750178,201,below_sampling_floor,rule2_orphan_pulse,2:46,2,46,video,radar,2,a,1785713449.413,1785713449.720,0.307,0.6618,0.3309,2.0,orphan candidate on detector '2' not registered: pulse 0.307s < gate 0.662s
1785713513.592,2026-08-02 17:31:53.591504,201,below_sampling_floor,rule2_orphan_pulse,31:42,42,31,radar,video,42,a,1785713513.210,1785713513.528,0.318,0.6633,0.3317,2.0,orphan candidate on detector '42' not registered: pulse 0.318s < gate 0.663s
1785713513.593,2026-08-02 17:31:53.593020,201,below_sampling_floor,rule2_orphan_pulse,42:8,8,42,video,radar,42,b,1785713513.210,1785713513.528,0.318,0.6633,0.3317,2.0,orphan candidate on detector '42' not registered: pulse 0.318s < gate 0.663s
1785713535.971,2026-08-02 17:32:15.970863,201,below_sampling_floor,rule2_orphan_pulse,26:33,33,26,radar,video,33,a,1785713535.266,1785713535.941,0.675,0.6943,0.3471,2.0,orphan candidate on detector '33' not registered: pulse 0.675s < gate 0.694s
1785713541.834,2026-08-02 17:32:21.833906,201,below_sampling_floor,rule2_orphan_pulse,26:33,33,26,radar,video,33,a,1785713541.122,1785713541.808,0.686,0.6943,0.3471,2.0,orphan candidate on detector '33' not registered: pulse 0.686s < gate 0.694s
1785713545.263,2026-08-02 17:32:25.263419,201,below_sampling_floor,rule2_orphan_pulse,26:33,33,26,radar,video,33,a,1785713544.908,1785713545.263,0.355,0.6943,0.3471,2.0,orphan candidate on detector '33' not registered: pulse 0.355s < gate 0.694s
1785713546.989,2026-08-02 17:32:26.989251,201,below_sampling_floor,rule2_orphan_pulse,26:33,33,26,radar,video,33,a,1785713546.615,1785713546.964,0.349,0.6943,0.3471,2.0,orphan candidate on detector '33' not registered: pulse 0.349s < gate 0.694s
1785713593.387,2026-08-02 17:33:13.387094,201,below_sampling_floor,rule2_orphan_pulse,17:46,46,17,radar,video,46,a,1785713592.698,1785713593.367,0.67,0.6715,0.3357,2.0,orphan candidate on detector '46' not registered: pulse 0.670s < gate 0.671s
1785713593.387,2026-08-02 17:33:13.387094,201,below_sampling_floor,rule2_orphan_pulse,2:46,2,46,video,radar,46,b,1785713592.698,1785713593.367,0.67,0.6715,0.3357,2.0,orphan candidate on detector '46' not registered: pulse 0.670s < gate 0.671s
1785713597.113,2026-08-02 17:33:17.112978,201,below_sampling_floor,rule2_orphan_pulse,17:46,46,17,radar,video,46,a,1785713596.355,1785713597.017,0.662,0.6715,0.3357,2.0,orphan candidate on detector '46' not registered: pulse 0.662s < gate 0.671s
1785713597.113,2026-08-02 17:33:17.112978,201,below_sampling_floor,rule2_orphan_pulse,2:46,2,46,video,radar,46,b,1785713596.355,1785713597.017,0.662,0.6715,0.3357,2.0,orphan candidate on detector '46' not registered: pulse 0.662s < gate 0.671s
1785713606.392,2026-08-02 17:33:26.392001,201,below_sampling_floor,rule2_orphan_pulse,17:2,17,2,video,video,2,b,1785713605.718,1785713606.380,0.662,0.6715,0.3357,2.0,orphan candidate on detector '2' not registered: pulse 0.662s < gate 0.671s
1785713606.393,2026-08-02 17:33:26.392655,201,below_sampling_floor,rule2_orphan_pulse,2:46,2,46,video,radar,2,a,1785713605.718,1785713606.380,0.662,0.6715,0.3357,2.0,orphan candidate on detector '2' not registered: pulse 0.662s < gate 0.671s
1785713698.257,2026-08-02 17:34:58.256615,201,below_sampling_floor,rule2_orphan_pulse,17:2,17,2,video,video,2,b,1785713697.546,1785713698.185,0.639,0.6466,0.3233,2.0,orphan candidate on detector '2' not registered: pulse 0.639s < gate 0.647s
1785713698.258,2026-08-02 17:34:58.257709,201,below_sampling_floor,rule2_orphan_pulse,2:46,2,46,video,radar,2,a,1785713697.546,1785713698.185,0.639,0.6466,0.3233,2.0,orphan candidate on detector '2' not registered: pulse 0.639s < gate 0.647s
1785713803.713,2026-08-02 17:36:43.712946,201,below_sampling_floor,rule2_orphan_pulse,31:42,42,31,radar,video,42,a,1785713803.316,1785713803.639,0.324,0.6539,0.3269,2.0,orphan candidate on detector '42' not registered: pulse 0.324s < gate 0.654s
1785713803.713,2026-08-02 17:36:43.712946,201,below_sampling_floor,rule2_orphan_pulse,42:8,8,42,video,radar,42,b,1785713803.316,1785713803.639,0.324,0.6539,0.3269,2.0,orphan candidate on detector '42' not registered: pulse 0.324s < gate 0.654s
1785713907.351,2026-08-02 17:38:27.351297,201,below_sampling_floor,rule2_orphan_pulse,17:46,46,17,radar,video,46,a,1785713906.610,1785713907.268,0.658,0.6588,0.3294,2.0,orphan candidate on detector '46' not registered: pulse 0.658s < gate 0.659s
1785713907.359,2026-08-02 17:38:27.359475,201,below_sampling_floor,rule2_orphan_pulse,2:46,2,46,video,radar,46,b,1785713906.610,1785713907.268,0.658,0.6588,0.3294,2.0,orphan candidate on detector '46' not registered: pulse 0.658s < gate 0.659s
1785713970.186,2026-08-02 17:39:30.186448,201,below_sampling_floor,rule2_orphan_pulse,31:42,42,31,radar,video,31,b,1785713969.451,1785713970.096,0.646,0.6612,0.3306,2.0,orphan candidate on detector '31' not registered: pulse 0.646s < gate 0.661s
1785713970.189,2026-08-02 17:39:30.188504,201,below_sampling_floor,rule2_orphan_pulse,31:8,31,8,video,video,31,a,1785713969.451,1785713970.096,0.646,0.6612,0.3306,2.0,orphan candidate on detector '31' not registered: pulse 0.646s < gate 0.661s
1785713973.118,2026-08-02 17:39:33.117665,201,below_sampling_floor,rule2_orphan_pulse,30:41,41,30,radar,video,30,b,1785713972.759,1785713973.079,0.32,0.6612,0.3306,2.0,orphan candidate on detector '30' not registered: pulse 0.320s < gate 0.661s
1785713973.118,2026-08-02 17:39:33.117665,201,below_sampling_floor,rule2_orphan_pulse,3:30,30,3,video,video,30,a,1785713972.759,1785713973.079,0.32,0.6612,0.3306,2.0,orphan candidate on detector '30' not registered: pulse 0.320s < gate 0.661s
1785713976.043,2026-08-02 17:39:36.043485,201,below_sampling_floor,rule2_orphan_pulse,3:30,30,3,video,video,3,b,1785713975.640,1785713975.962,0.321,0.6612,0.3306,2.0,orphan candidate on detector '3' not registered: pulse 0.321s < gate 0.661s
1785713976.043,2026-08-02 17:39:36.043485,201,below_sampling_floor,rule2_orphan_pulse,3:41,3,41,video,radar,3,a,1785713975.640,1785713975.962,0.321,0.6612,0.3306,2.0,orphan candidate on detector '3' not registered: pulse 0.321s < gate 0.661s
1785713987.228,2026-08-02 17:39:47.228395,201,below_sampling_floor,rule2_orphan_pulse,17:46,46,17,radar,video,17,b,1785713986.796,1785713987.134,0.338,0.6612,0.3306,2.0,orphan candidate on detector '17' not registered: pulse 0.338s < gate 0.661s
1785713987.229,2026-08-02 17:39:47.229411,201,below_sampling_floor,rule2_orphan_pulse,17:2,17,2,video,video,17,a,1785713986.796,1785713987.134,0.338,0.6612,0.3306,2.0,orphan candidate on detector '17' not registered: pulse 0.338s < gate 0.661s
1785713987.834,2026-08-02 17:39:47.834278,201,below_sampling_floor,rule2_orphan_pulse,17:2,17,2,video,video,2,b,1785713987.465,1785713987.808,0.343,0.6612,0.3306,2.0,orphan candidate on detector '2' not registered: pulse 0.343s < gate 0.661s
1785713987.835,2026-08-02 17:39:47.835393,201,below_sampling_floor,rule2_orphan_pulse,2:46,2,46,video,radar,2,a,1785713987.465,1785713987.808,0.343,0.6612,0.3306,2.0,orphan candidate on detector '2' not registered: pulse 0.343s < gate 0.661s
1785714038.579,2026-08-02 17:40:38.579004,201,below_sampling_floor,rule2_orphan_pulse,31:42,42,31,radar,video,31,b,1785714038.230,1785714038.549,0.319,0.6624,0.3312,2.0,orphan candidate on detector '31' not registered: pulse 0.319s < gate 0.662s
1785714038.581,2026-08-02 17:40:38.581022,201,below_sampling_floor,rule2_orphan_pulse,31:8,31,8,video,video,31,a,1785714038.230,1785714038.549,0.319,0.6624,0.3312,2.0,orphan candidate on detector '31' not registered: pulse 0.319s < gate 0.662s
1785714038.884,2026-08-02 17:40:38.884167,201,below_sampling_floor,rule2_orphan_pulse,31:8,31,8,video,video,8,b,1785714038.549,1785714038.872,0.323,0.6624,0.3312,2.0,orphan candidate on detector '8' not registered: pulse 0.323s < gate 0.662s
1785714038.885,2026-08-02 17:40:38.884712,201,below_sampling_floor,rule2_orphan_pulse,42:8,8,42,video,radar,8,a,1785714038.549,1785714038.872,0.323,0.6624,0.3312,2.0,orphan candidate on detector '8' not registered: pulse 0.323s < gate 0.662s
1785714046.059,2026-08-02 17:40:46.058541,201,below_sampling_floor,rule2_orphan_pulse,30:41,41,30,radar,video,41,a,1785714045.329,1785714045.977,0.648,0.6624,0.3312,2.0,orphan candidate on detector '41' not registered: pulse 0.648s < gate 0.662s
1785714046.062,2026-08-02 17:40:46.061615,201,below_sampling_floor,rule2_orphan_pulse,3:41,3,41,video,radar,41,b,1785714045.329,1785714045.977,0.648,0.6624,0.3312,2.0,orphan candidate on detector '41' not registered: pulse 0.648s < gate 0.662s
1785714066.375,2026-08-02 17:41:06.375401,201,below_sampling_floor,rule2_orphan_pulse,29:43,43,29,radar,video,29,b,1785714065.981,1785714066.316,0.335,0.6616,0.3308,2.0,orphan candidate on detector '29' not registered: pulse 0.335s < gate 0.662s
1785714079.003,2026-08-02 17:41:19.002548,201,below_sampling_floor,rule2_orphan_pulse,26:33,33,26,radar,video,33,a,1785714078.300,1785714078.961,0.661,0.6616,0.3308,2.0,orphan candidate on detector '33' not registered: pulse 0.661s < gate 0.662s
1785714083.957,2026-08-02 17:41:23.956715,201,below_sampling_floor,rule2_orphan_pulse,26:33,33,26,radar,video,33,a,1785714083.219,1785714083.870,0.65,0.6616,0.3308,2.0,orphan candidate on detector '33' not registered: pulse 0.650s < gate 0.662s
1785714086.577,2026-08-02 17:41:26.577257,201,below_sampling_floor,rule2_orphan_pulse,26:33,33,26,radar,video,33,a,1785714085.838,1785714086.490,0.653,0.6616,0.3308,2.0,orphan candidate on detector '33' not registered: pulse 0.653s < gate 0.662s
1785714100.607,2026-08-02 17:41:40.607327,201,below_sampling_floor,rule2_orphan_pulse,26:33,33,26,radar,video,33,a,1785714099.911,1785714100.565,0.654,0.6616,0.3308,2.0,orphan candidate on detector '33' not registered: pulse 0.654s < gate 0.662s
1785714102.625,2026-08-02 17:41:42.625288,201,below_sampling_floor,rule2_orphan_pulse,26:33,33,26,radar,video,33,a,1785714101.916,1785714102.558,0.642,0.6616,0.3308,2.0,orphan candidate on detector '33' not registered: pulse 0.642s < gate 0.662s
1785714104.543,2026-08-02 17:41:44.542569,201,below_sampling_floor,rule2_orphan_pulse,26:33,33,26,radar,video,33,a,1785714103.854,1785714104.499,0.646,0.6616,0.3308,2.0,orphan candidate on detector '33' not registered: pulse 0.646s < gate 0.662s
1785714107.170,2026-08-02 17:41:47.170396,201,below_sampling_floor,rule2_orphan_pulse,26:33,33,26,radar,video,33,a,1785714106.446,1785714107.078,0.632,0.6616,0.3308,2.0,orphan candidate on detector '33' not registered: pulse 0.632s < gate 0.662s
1785714116.235,2026-08-02 17:41:56.234513,201,below_sampling_floor,rule2_orphan_pulse,26:33,33,26,radar,video,33,a,1785714115.512,1785714116.152,0.64,0.6616,0.3308,2.0,orphan candidate on detector '33' not registered: pulse 0.640s < gate 0.662s
1785714121.879,2026-08-02 17:42:01.879302,201,below_sampling_floor,rule2_orphan_pulse,26:33,33,26,radar,video,33,a,1785714121.472,1785714121.871,0.4,0.662,0.331,2.0,orphan candidate on detector '33' not registered: pulse 0.400s < gate 0.662s
1785714123.998,2026-08-02 17:42:03.997885,201,below_sampling_floor,rule2_orphan_pulse,26:33,33,26,radar,video,33,a,1785714123.626,1785714123.958,0.333,0.662,0.331,2.0,orphan candidate on detector '33' not registered: pulse 0.333s < gate 0.662s
1785714139.038,2026-08-02 17:42:19.038097,201,below_sampling_floor,rule2_orphan_pulse,29:43,43,29,radar,video,43,a,1785714138.367,1785714139.020,0.653,0.662,0.331,2.0,orphan candidate on detector '43' not registered: pulse 0.653s < gate 0.662s
1785714142.670,2026-08-02 17:42:22.669904,201,below_sampling_floor,rule2_orphan_pulse,30:41,41,30,radar,video,30,b,1785714142.315,1785714142.634,0.319,0.662,0.331,2.0,orphan candidate on detector '30' not registered: pulse 0.319s < gate 0.662s
1785714142.671,2026-08-02 17:42:22.670907,201,below_sampling_floor,rule2_orphan_pulse,3:30,30,3,video,video,30,a,1785714142.315,1785714142.634,0.319,0.662,0.331,2.0,orphan candidate on detector '30' not registered: pulse 0.319s < gate 0.662s
1785714195.721,2026-08-02 17:43:15.720840,201,below_sampling_floor,rule2_orphan_pulse,22:4,22,4,video,video,22,a,1785714195.001,1785714195.634,0.633,0.6575,0.3287,2.0,orphan candidate on detector '22' not registered: pulse 0.633s < gate 0.657s
1785714196.628,2026-08-02 17:43:16.628147,201,below_sampling_floor,rule2_orphan_pulse,24:7,24,7,video,video,7,b,1785714195.951,1785714196.599,0.648,0.6575,0.3287,2.0,orphan candidate on detector '7' not registered: pulse 0.648s < gate 0.657s
1785714196.629,2026-08-02 17:43:16.629183,201,below_sampling_floor,rule2_orphan_pulse,38:7,7,38,video,radar,7,a,1785714195.951,1785714196.599,0.648,0.6575,0.3287,2.0,orphan candidate on detector '7' not registered: pulse 0.648s < gate 0.657s
1785714197.134,2026-08-02 17:43:17.134476,201,below_sampling_floor,rule2_orphan_pulse,22:39,39,22,radar,video,22,b,1785714195.001,1785714195.634,0.633,0.6575,0.3287,2.0,orphan candidate on detector '22' not registered: pulse 0.633s < gate 0.657s
1785714212.456,2026-08-02 17:43:32.456177,201,below_sampling_floor,rule2_orphan_pulse,17:2,17,2,video,video,2,b,1785714212.120,1785714212.440,0.32,0.6575,0.3287,2.0,orphan candidate on detector '2' not registered: pulse 0.320s < gate 0.657s
1785714212.456,2026-08-02 17:43:32.456177,201,below_sampling_floor,rule2_orphan_pulse,2:46,2,46,video,radar,2,a,1785714212.120,1785714212.440,0.32,0.6575,0.3287,2.0,orphan candidate on detector '2' not registered: pulse 0.320s < gate 0.657s
1785714219.312,2026-08-02 17:43:39.312318,201,below_sampling_floor,rule2_orphan_pulse,26:33,33,26,radar,video,33,a,1785714218.582,1785714219.226,0.644,0.6575,0.3287,2.0,orphan candidate on detector '33' not registered: pulse 0.644s < gate 0.657s
1785714221.228,2026-08-02 17:43:41.228123,201,below_sampling_floor,rule2_orphan_pulse,26:33,33,26,radar,video,33,a,1785714220.522,1785714221.151,0.629,0.6575,0.3287,2.0,orphan candidate on detector '33' not registered: pulse 0.629s < gate 0.657s
1785714289.703,2026-08-02 17:44:49.702924,201,below_sampling_floor,rule2_orphan_pulse,17:2,17,2,video,video,2,b,1785714289.323,1785714289.638,0.315,0.649,0.3245,2.0,orphan candidate on detector '2' not registered: pulse 0.315s < gate 0.649s
1785714289.703,2026-08-02 17:44:49.702924,201,below_sampling_floor,rule2_orphan_pulse,2:46,2,46,video,radar,2,a,1785714289.323,1785714289.638,0.315,0.649,0.3245,2.0,orphan candidate on detector '2' not registered: pulse 0.315s < gate 0.649s
1785714343.649,2026-08-02 17:45:43.649228,201,below_sampling_floor,rule2_orphan_pulse,29:43,43,29,radar,video,29,b,1785714343.319,1785714343.649,0.33,0.6525,0.3262,2.0,orphan candidate on detector '29' not registered: pulse 0.330s < gate 0.652s
1785714436.853,2026-08-02 17:47:16.853040,201,below_sampling_floor,rule2_orphan_pulse,31:42,42,31,radar,video,31,b,1785714436.486,1785714436.809,0.323,0.6541,0.327,2.0,orphan candidate on detector '31' not registered: pulse 0.323s < gate 0.654s
1785714436.855,2026-08-02 17:47:16.855172,201,below_sampling_floor,rule2_orphan_pulse,31:8,31,8,video,video,31,a,1785714436.486,1785714436.809,0.323,0.6541,0.327,2.0,orphan candidate on detector '31' not registered: pulse 0.323s < gate 0.654s
1785714437.562,2026-08-02 17:47:17.561525,201,below_sampling_floor,rule2_orphan_pulse,31:42,42,31,radar,video,31,b,1785714437.150,1785714437.467,0.316,0.6541,0.327,2.0,orphan candidate on detector '31' not registered: pulse 0.316s < gate 0.654s
1785714437.563,2026-08-02 17:47:17.563120,201,below_sampling_floor,rule2_orphan_pulse,31:8,31,8,video,video,31,a,1785714437.150,1785714437.467,0.316,0.6541,0.327,2.0,orphan candidate on detector '31' not registered: pulse 0.316s < gate 0.654s
1785714441.092,2026-08-02 17:47:21.092275,201,below_sampling_floor,rule2_orphan_pulse,30:41,41,30,radar,video,30,b,1785714440.716,1785714441.043,0.327,0.6541,0.327,2.0,orphan candidate on detector '30' not registered: pulse 0.327s < gate 0.654s
1785714441.095,2026-08-02 17:47:21.094928,201,below_sampling_floor,rule2_orphan_pulse,3:30,30,3,video,video,30,a,1785714440.716,1785714441.043,0.327,0.6541,0.327,2.0,orphan candidate on detector '30' not registered: pulse 0.327s < gate 0.654s
1785714444.021,2026-08-02 17:47:24.020943,201,below_sampling_floor,rule2_orphan_pulse,30:41,41,30,radar,video,30,b,1785714443.305,1785714443.953,0.648,0.6541,0.327,2.0,orphan candidate on detector '30' not registered: pulse 0.648s < gate 0.654s
1785714444.022,2026-08-02 17:47:24.021941,201,below_sampling_floor,rule2_orphan_pulse,3:30,30,3,video,video,30,a,1785714443.305,1785714443.953,0.648,0.6541,0.327,2.0,orphan candidate on detector '30' not registered: pulse 0.648s < gate 0.654s
1785714528.287,2026-08-02 17:48:48.287358,201,below_sampling_floor,rule2_orphan_pulse,22:39,39,22,radar,video,39,a,1785714527.593,1785714528.246,0.653,0.6751,0.3376,2.0,orphan candidate on detector '39' not registered: pulse 0.653s < gate 0.675s
1785714528.291,2026-08-02 17:48:48.290669,201,below_sampling_floor,rule2_orphan_pulse,39:4,4,39,video,radar,39,b,1785714527.593,1785714528.246,0.653,0.6751,0.3376,2.0,orphan candidate on detector '39' not registered: pulse 0.653s < gate 0.675s
1785714543.545,2026-08-02 17:49:03.544703,201,below_sampling_floor,rule2_orphan_pulse,22:4,22,4,video,video,4,b,1785714543.235,1785714543.545,0.309,0.664,0.332,2.0,orphan candidate on detector '4' not registered: pulse 0.309s < gate 0.664s
1785714543.545,2026-08-02 17:49:03.544703,201,below_sampling_floor,rule2_orphan_pulse,39:4,4,39,video,radar,4,a,1785714543.235,1785714543.545,0.309,0.664,0.332,2.0,orphan candidate on detector '4' not registered: pulse 0.309s < gate 0.664s
1785714605.860,2026-08-02 17:50:05.859884,201,below_sampling_floor,rule2_orphan_pulse,17:46,46,17,radar,video,46,a,1785714605.141,1785714605.803,0.662,0.6921,0.346,2.0,orphan candidate on detector '46' not registered: pulse 0.662s < gate 0.692s
1785714605.861,2026-08-02 17:50:05.860892,201,below_sampling_floor,rule2_orphan_pulse,2:46,2,46,video,radar,46,b,1785714605.141,1785714605.803,0.662,0.6921,0.346,2.0,orphan candidate on detector '46' not registered: pulse 0.662s < gate 0.692s
1785714610.398,2026-08-02 17:50:10.397941,201,below_sampling_floor,rule2_orphan_pulse,17:46,46,17,radar,video,46,a,1785714609.696,1785714610.334,0.638,0.6921,0.346,2.0,orphan candidate on detector '46' not registered: pulse 0.638s < gate 0.692s
1785714610.399,2026-08-02 17:50:10.399020,201,below_sampling_floor,rule2_orphan_pulse,2:46,2,46,video,radar,46,b,1785714609.696,1785714610.334,0.638,0.6921,0.346,2.0,orphan candidate on detector '46' not registered: pulse 0.638s < gate 0.692s
1785714631.089,2026-08-02 17:50:31.088974,201,below_sampling_floor,rule2_orphan_pulse,17:46,46,17,radar,video,46,a,1785714630.430,1785714631.064,0.633,0.6921,0.346,2.0,orphan candidate on detector '46' not registered: pulse 0.633s < gate 0.692s
1785714631.090,2026-08-02 17:50:31.090493,201,below_sampling_floor,rule2_orphan_pulse,2:46,2,46,video,radar,46,b,1785714630.430,1785714631.064,0.633,0.6921,0.346,2.0,orphan candidate on detector '46' not registered: pulse 0.633s < gate 0.692s
1785714690.902,2026-08-02 17:51:30.901809,201,below_sampling_floor,rule2_orphan_pulse,29:43,43,29,radar,video,43,a,1785714690.170,1785714690.821,0.651,0.6516,0.3258,2.0,orphan candidate on detector '43' not registered: pulse 0.651s < gate 0.652s
1785714700.988,2026-08-02 17:51:40.988449,201,below_sampling_floor,rule2_orphan_pulse,29:43,43,29,radar,video,29,b,1785714700.629,1785714700.963,0.334,0.6516,0.3258,2.0,orphan candidate on detector '29' not registered: pulse 0.334s < gate 0.652s
1785714778.722,2026-08-02 17:52:58.722039,201,below_sampling_floor,rule2_orphan_pulse,29:43,43,29,radar,video,43,a,1785714778.014,1785714778.370,0.356,0.6584,0.3292,2.0,orphan candidate on detector '43' not registered: pulse 0.356s < gate 0.658s
1785714781.341,2026-08-02 17:53:01.341322,201,below_sampling_floor,rule2_orphan_pulse,30:41,41,30,radar,video,30,b,1785714781.004,1785714781.333,0.329,0.6584,0.3292,2.0,orphan candidate on detector '30' not registered: pulse 0.329s < gate 0.658s
1785714781.343,2026-08-02 17:53:01.343333,201,below_sampling_floor,rule2_orphan_pulse,3:30,30,3,video,video,30,a,1785714781.004,1785714781.333,0.329,0.6584,0.3292,2.0,orphan candidate on detector '30' not registered: pulse 0.329s < gate 0.658s
1785714782.958,2026-08-02 17:53:02.958433,201,below_sampling_floor,rule2_orphan_pulse,30:41,41,30,radar,video,30,b,1785714782.597,1785714782.915,0.318,0.6584,0.3292,2.0,orphan candidate on detector '30' not registered: pulse 0.318s < gate 0.658s
1785714782.958,2026-08-02 17:53:02.958433,201,below_sampling_floor,rule2_orphan_pulse,3:30,30,3,video,video,30,a,1785714782.597,1785714782.915,0.318,0.6584,0.3292,2.0,orphan candidate on detector '30' not registered: pulse 0.318s < gate 0.658s
1785714872.429,2026-08-02 17:54:32.428855,201,below_sampling_floor,rule2_orphan_pulse,31:42,42,31,radar,video,31,b,1785714872.107,1785714872.418,0.311,0.6564,0.3282,2.0,orphan candidate on detector '31' not registered: pulse 0.311s < gate 0.656s
1785714872.429,2026-08-02 17:54:32.428855,201,below_sampling_floor,rule2_orphan_pulse,31:8,31,8,video,video,31,a,1785714872.107,1785714872.418,0.311,0.6564,0.3282,2.0,orphan candidate on detector '31' not registered: pulse 0.311s < gate 0.656s
1785714877.890,2026-08-02 17:54:37.889658,201,below_sampling_floor,rule2_orphan_pulse,29:43,43,29,radar,video,43,a,1785714877.541,1785714877.854,0.313,0.6564,0.3282,2.0,orphan candidate on detector '43' not registered: pulse 0.313s < gate 0.656s
1785714896.351,2026-08-02 17:54:56.351055,201,below_sampling_floor,rule2_orphan_pulse,29:43,43,29,radar,video,29,b,1785714896.010,1785714896.336,0.326,0.6564,0.3282,2.0,orphan candidate on detector '29' not registered: pulse 0.326s < gate 0.656s
1785714903.408,2026-08-02 17:55:03.408220,201,below_sampling_floor,rule2_orphan_pulse,17:46,46,17,radar,video,46,a,1785714903.021,1785714903.333,0.312,0.667,0.3335,2.0,orphan candidate on detector '46' not registered: pulse 0.312s < gate 0.667s
1785714903.410,2026-08-02 17:55:03.410231,201,below_sampling_floor,rule2_orphan_pulse,2:46,2,46,video,radar,46,b,1785714903.021,1785714903.333,0.312,0.667,0.3335,2.0,orphan candidate on detector '46' not registered: pulse 0.312s < gate 0.667s
1785715082.318,2026-08-02 17:58:02.317833,201,below_sampling_floor,rule2_orphan_pulse,22:39,39,22,radar,video,22,b,1785715081.613,1785715082.253,0.64,0.6654,0.3327,2.0,orphan candidate on detector '22' not registered: pulse 0.640s < gate 0.665s
1785715082.318,2026-08-02 17:58:02.317833,201,below_sampling_floor,rule2_orphan_pulse,22:4,22,4,video,video,22,a,1785715081.613,1785715082.253,0.64,0.6654,0.3327,2.0,orphan candidate on detector '22' not registered: pulse 0.640s < gate 0.665s
1785715082.929,2026-08-02 17:58:02.928578,201,below_sampling_floor,rule2_orphan_pulse,22:4,22,4,video,video,4,b,1785715082.572,1785715082.912,0.34,0.6654,0.3327,2.0,orphan candidate on detector '4' not registered: pulse 0.340s < gate 0.665s
1785715082.930,2026-08-02 17:58:02.929952,201,below_sampling_floor,rule2_orphan_pulse,39:4,4,39,video,radar,4,a,1785715082.572,1785715082.912,0.34,0.6654,0.3327,2.0,orphan candidate on detector '4' not registered: pulse 0.340s < gate 0.665s
1785715089.185,2026-08-02 17:58:09.184596,201,below_sampling_floor,rule2_orphan_pulse,3:30,30,3,video,video,3,b,1785715088.805,1785715089.129,0.324,0.6654,0.3327,2.0,orphan candidate on detector '3' not registered: pulse 0.324s < gate 0.665s
1785715089.186,2026-08-02 17:58:09.185612,201,below_sampling_floor,rule2_orphan_pulse,3:41,3,41,video,radar,3,a,1785715088.805,1785715089.129,0.324,0.6654,0.3327,2.0,orphan candidate on detector '3' not registered: pulse 0.324s < gate 0.665s
1785715115.730,2026-08-02 17:58:35.729979,201,below_sampling_floor,rule2_orphan_pulse,31:42,42,31,radar,video,42,a,1785715115.333,1785715115.653,0.32,0.6654,0.3327,2.0,orphan candidate on detector '42' not registered: pulse 0.320s < gate 0.665s
1785715115.733,2026-08-02 17:58:35.733176,201,below_sampling_floor,rule2_orphan_pulse,42:8,8,42,video,radar,42,b,1785715115.333,1785715115.653,0.32,0.6654,0.3327,2.0,orphan candidate on detector '42' not registered: pulse 0.320s < gate 0.665s
1785715117.045,2026-08-02 17:58:37.044554,201,below_sampling_floor,rule2_orphan_pulse,29:43,43,29,radar,video,29,b,1785715116.656,1785715116.990,0.334,0.6654,0.3327,2.0,orphan candidate on detector '29' not registered: pulse 0.334s < gate 0.665s
1785715127.123,2026-08-02 17:58:47.122557,201,below_sampling_floor,rule2_orphan_pulse,17:2,17,2,video,video,2,b,1785715126.735,1785715127.074,0.339,0.6654,0.3327,2.0,orphan candidate on detector '2' not registered: pulse 0.339s < gate 0.665s
1785715127.123,2026-08-02 17:58:47.123333,201,below_sampling_floor,rule2_orphan_pulse,2:46,2,46,video,radar,2,a,1785715126.735,1785715127.074,0.339,0.6654,0.3327,2.0,orphan candidate on detector '2' not registered: pulse 0.339s < gate 0.665s
1785715155.303,2026-08-02 17:59:15.302711,201,below_sampling_floor,rule2_orphan_pulse,17:46,46,17,radar,video,46,a,1785715154.596,1785715155.274,0.678,0.6799,0.3399,2.0,orphan candidate on detector '46' not registered: pulse 0.678s < gate 0.680s
1785715155.311,2026-08-02 17:59:15.310912,201,below_sampling_floor,rule2_orphan_pulse,2:46,2,46,video,radar,46,b,1785715154.596,1785715155.274,0.678,0.6799,0.3399,2.0,orphan candidate on detector '46' not registered: pulse 0.678s < gate 0.680s
1785715199.197,2026-08-02 17:59:59.197334,201,below_sampling_floor,rule2_orphan_pulse,17:2,17,2,video,video,2,b,1785715198.815,1785715199.143,0.328,0.6565,0.3283,2.0,orphan candidate on detector '2' not registered: pulse 0.328s < gate 0.657s
1785715199.197,2026-08-02 17:59:59.197334,201,below_sampling_floor,rule2_orphan_pulse,2:46,2,46,video,radar,2,a,1785715198.815,1785715199.143,0.328,0.6565,0.3283,2.0,orphan candidate on detector '2' not registered: pulse 0.328s < gate 0.657s
1785715265.371,2026-08-02 18:01:05.371167,201,below_sampling_floor,rule2_orphan_pulse,31:42,42,31,radar,video,31,b,1785715264.995,1785715265.313,0.317,0.6515,0.3258,2.0,orphan candidate on detector '31' not registered: pulse 0.317s < gate 0.652s
1785715265.371,2026-08-02 18:01:05.371167,201,below_sampling_floor,rule2_orphan_pulse,31:8,31,8,video,video,31,a,1785715264.995,1785715265.313,0.317,0.6515,0.3258,2.0,orphan candidate on detector '31' not registered: pulse 0.317s < gate 0.652s
1785715269.913,2026-08-02 18:01:09.913399,201,below_sampling_floor,rule2_orphan_pulse,30:41,41,30,radar,video,30,b,1785715269.249,1785715269.898,0.649,0.6515,0.3258,2.0,orphan candidate on detector '30' not registered: pulse 0.649s < gate 0.652s
1785715269.915,2026-08-02 18:01:09.914553,201,below_sampling_floor,rule2_orphan_pulse,3:30,30,3,video,video,30,a,1785715269.249,1785715269.898,0.649,0.6515,0.3258,2.0,orphan candidate on detector '30' not registered: pulse 0.649s < gate 0.652s
1785715270.931,2026-08-02 18:01:10.931135,201,below_sampling_floor,rule2_orphan_pulse,3:30,30,3,video,video,3,b,1785715270.546,1785715270.865,0.319,0.6515,0.3258,2.0,orphan candidate on detector '3' not registered: pulse 0.319s < gate 0.652s
1785715270.931,2026-08-02 18:01:10.931135,201,below_sampling_floor,rule2_orphan_pulse,3:41,3,41,video,radar,3,a,1785715270.546,1785715270.865,0.319,0.6515,0.3258,2.0,orphan candidate on detector '3' not registered: pulse 0.319s < gate 0.652s
1785715287.824,2026-08-02 18:01:27.824466,201,below_sampling_floor,rule2_orphan_pulse,3:30,30,3,video,video,3,b,1785715287.397,1785715287.757,0.36,0.6515,0.3258,2.0,orphan candidate on detector '3' not registered: pulse 0.360s < gate 0.652s
1785715287.825,2026-08-02 18:01:27.824973,201,below_sampling_floor,rule2_orphan_pulse,3:41,3,41,video,radar,3,a,1785715287.397,1785715287.757,0.36,0.6515,0.3258,2.0,orphan candidate on detector '3' not registered: pulse 0.360s < gate 0.652s
1785715352.752,2026-08-02 18:02:32.752272,201,below_sampling_floor,rule2_orphan_pulse,30:41,41,30,radar,video,30,b,1785715352.095,1785715352.740,0.646,0.6878,0.3439,2.0,orphan candidate on detector '30' not registered: pulse 0.646s < gate 0.688s
1785715352.754,2026-08-02 18:02:32.754282,201,below_sampling_floor,rule2_orphan_pulse,3:30,30,3,video,video,30,a,1785715352.095,1785715352.740,0.646,0.6878,0.3439,2.0,orphan candidate on detector '30' not registered: pulse 0.646s < gate 0.688s
1785715353.461,2026-08-02 18:02:33.460996,201,below_sampling_floor,rule2_orphan_pulse,30:41,41,30,radar,video,30,b,1785715353.058,1785715353.379,0.321,0.6878,0.3439,2.0,orphan candidate on detector '30' not registered: pulse 0.321s < gate 0.688s
1785715353.461,2026-08-02 18:02:33.461319,201,below_sampling_floor,rule2_orphan_pulse,3:30,30,3,video,video,30,a,1785715353.058,1785715353.379,0.321,0.6878,0.3439,2.0,orphan candidate on detector '30' not registered: pulse 0.321s < gate 0.688s
1785715355.980,2026-08-02 18:02:35.979854,201,below_sampling_floor,rule2_orphan_pulse,29:43,43,29,radar,video,29,b,1785715355.610,1785715355.933,0.323,0.6878,0.3439,2.0,orphan candidate on detector '29' not registered: pulse 0.323s < gate 0.688s
1785715379.376,2026-08-02 18:02:59.375648,201,below_sampling_floor,rule2_orphan_pulse,26:33,33,26,radar,video,33,a,1785715379.031,1785715379.348,0.317,0.6979,0.3489,2.0,orphan candidate on detector '33' not registered: pulse 0.317s < gate 0.698s
1785715447.427,2026-08-02 18:04:07.426647,201,below_sampling_floor,rule2_orphan_pulse,17:2,17,2,video,video,17,a,1785715446.731,1785715447.371,0.64,0.6423,0.3212,2.0,orphan candidate on detector '17' not registered: pulse 0.640s < gate 0.642s
1785715466.877,2026-08-02 18:04:26.876846,201,below_sampling_floor,rule2_orphan_pulse,29:43,43,29,radar,video,29,b,1785715466.517,1785715466.847,0.33,0.6423,0.3212,2.0,orphan candidate on detector '29' not registered: pulse 0.330s < gate 0.642s
1785715477.567,2026-08-02 18:04:37.566930,201,below_sampling_floor,rule2_orphan_pulse,29:43,43,29,radar,video,29,b,1785715476.830,1785715477.468,0.637,0.6423,0.3212,2.0,orphan candidate on detector '29' not registered: pulse 0.637s < gate 0.642s
1785715534.215,2026-08-02 18:05:34.215016,201,below_sampling_floor,rule2_orphan_pulse,3:30,30,3,video,video,3,b,1785715533.810,1785715534.139,0.328,0.6662,0.3331,2.0,orphan candidate on detector '3' not registered: pulse 0.328s < gate 0.666s
1785715534.215,2026-08-02 18:05:34.215016,201,below_sampling_floor,rule2_orphan_pulse,3:41,3,41,video,radar,3,a,1785715533.810,1785715534.139,0.328,0.6662,0.3331,2.0,orphan candidate on detector '3' not registered: pulse 0.328s < gate 0.666s
1785715579.751,2026-08-02 18:06:19.750926,201,below_sampling_floor,rule2_orphan_pulse,29:43,43,29,radar,video,43,a,1785715579.382,1785715579.706,0.324,0.6551,0.3276,2.0,orphan candidate on detector '43' not registered: pulse 0.324s < gate 0.655s
1785715580.054,2026-08-02 18:06:20.053876,201,below_sampling_floor,rule2_orphan_pulse,31:42,42,31,radar,video,31,b,1785715579.706,1785715580.036,0.33,0.6551,0.3276,2.0,orphan candidate on detector '31' not registered: pulse 0.330s < gate 0.655s
1785715580.054,2026-08-02 18:06:20.054399,201,below_sampling_floor,rule2_orphan_pulse,31:8,31,8,video,video,31,a,1785715579.706,1785715580.036,0.33,0.6551,0.3276,2.0,orphan candidate on detector '31' not registered: pulse 0.330s < gate 0.655s
1785715643.199,2026-08-02 18:07:23.199332,201,below_sampling_floor,rule2_orphan_pulse,29:43,43,29,radar,video,29,b,1785715642.545,1785715643.195,0.649,0.6539,0.3269,2.0,orphan candidate on detector '29' not registered: pulse 0.649s < gate 0.654s
1785715646.427,2026-08-02 18:07:26.426912,201,below_sampling_floor,rule2_orphan_pulse,29:43,43,29,radar,video,29,b,1785715645.777,1785715646.413,0.636,0.6539,0.3269,2.0,orphan candidate on detector '29' not registered: pulse 0.636s < gate 0.654s
1785715651.060,2026-08-02 18:07:31.059554,201,below_sampling_floor,rule2_orphan_pulse,17:2,17,2,video,video,2,b,1785715650.722,1785715651.057,0.334,0.6539,0.3269,2.0,orphan candidate on detector '2' not registered: pulse 0.334s < gate 0.654s
1785715651.060,2026-08-02 18:07:31.060206,201,below_sampling_floor,rule2_orphan_pulse,2:46,2,46,video,radar,2,a,1785715650.722,1785715651.057,0.334,0.6539,0.3269,2.0,orphan candidate on detector '2' not registered: pulse 0.334s < gate 0.654s
1785715652.775,2026-08-02 18:07:32.775404,201,below_sampling_floor,rule2_orphan_pulse,17:2,17,2,video,video,2,b,1785715652.421,1785715652.755,0.334,0.6539,0.3269,2.0,orphan candidate on detector '2' not registered: pulse 0.334s < gate 0.654s
1785715652.775,2026-08-02 18:07:32.775404,201,below_sampling_floor,rule2_orphan_pulse,2:46,2,46,video,radar,2,a,1785715652.421,1785715652.755,0.334,0.6539,0.3269,2.0,orphan candidate on detector '2' not registered: pulse 0.334s < gate 0.654s
1785715654.186,2026-08-02 18:07:34.185694,201,below_sampling_floor,rule2_orphan_pulse,17:2,17,2,video,video,2,b,1785715653.769,1785715654.105,0.336,0.6539,0.3269,2.0,orphan candidate on detector '2' not registered: pulse 0.336s < gate 0.654s
1785715654.187,2026-08-02 18:07:34.187318,201,below_sampling_floor,rule2_orphan_pulse,2:46,2,46,video,radar,2,a,1785715653.769,1785715654.105,0.336,0.6539,0.3269,2.0,orphan candidate on detector '2' not registered: pulse 0.336s < gate 0.654s
1785715758.027,2026-08-02 18:09:18.026529,201,below_sampling_floor,rule2_orphan_pulse,17:46,46,17,radar,video,46,a,1785715757.358,1785715758.006,0.649,0.6507,0.3254,2.0,orphan candidate on detector '46' not registered: pulse 0.649s < gate 0.651s
1785715758.027,2026-08-02 18:09:18.027101,201,below_sampling_floor,rule2_orphan_pulse,2:46,2,46,video,radar,46,b,1785715757.358,1785715758.006,0.649,0.6507,0.3254,2.0,orphan candidate on detector '46' not registered: pulse 0.649s < gate 0.651s
1785715825.532,2026-08-02 18:10:25.531980,201,below_sampling_floor,rule2_orphan_pulse,17:2,17,2,video,video,2,b,1785715825.171,1785715825.477,0.306,0.6458,0.3229,2.0,orphan candidate on detector '2' not registered: pulse 0.306s < gate 0.646s
1785715825.532,2026-08-02 18:10:25.531980,201,below_sampling_floor,rule2_orphan_pulse,2:46,2,46,video,radar,2,a,1785715825.171,1785715825.477,0.306,0.6458,0.3229,2.0,orphan candidate on detector '2' not registered: pulse 0.306s < gate 0.646s
1785715829.469,2026-08-02 18:10:29.468957,201,below_sampling_floor,rule2_orphan_pulse,17:46,46,17,radar,video,17,b,1785715829.063,1785715829.375,0.312,0.6458,0.3229,2.0,orphan candidate on detector '17' not registered: pulse 0.312s < gate 0.646s
1785715829.470,2026-08-02 18:10:29.470104,201,below_sampling_floor,rule2_orphan_pulse,17:2,17,2,video,video,17,a,1785715829.063,1785715829.375,0.312,0.6458,0.3229,2.0,orphan candidate on detector '17' not registered: pulse 0.312s < gate 0.646s
1785715834.616,2026-08-02 18:10:34.616211,201,below_sampling_floor,rule2_orphan_pulse,17:2,17,2,video,video,2,b,1785715834.260,1785715834.577,0.318,0.6458,0.3229,2.0,orphan candidate on detector '2' not registered: pulse 0.318s < gate 0.646s
1785715834.618,2026-08-02 18:10:34.618221,201,below_sampling_floor,rule2_orphan_pulse,2:46,2,46,video,radar,2,a,1785715834.260,1785715834.577,0.318,0.6458,0.3229,2.0,orphan candidate on detector '2' not registered: pulse 0.318s < gate 0.646s
1785715912.323,2026-08-02 18:11:52.323426,201,below_sampling_floor,rule2_orphan_pulse,3:30,30,3,video,video,3,b,1785715911.894,1785715912.228,0.334,0.6469,0.3235,2.0,orphan candidate on detector '3' not registered: pulse 0.334s < gate 0.647s
1785715912.323,2026-08-02 18:11:52.323426,201,below_sampling_floor,rule2_orphan_pulse,3:41,3,41,video,radar,3,a,1785715911.894,1785715912.228,0.334,0.6469,0.3235,2.0,orphan candidate on detector '3' not registered: pulse 0.334s < gate 0.647s
1785716036.951,2026-08-02 18:13:56.950627,201,below_sampling_floor,rule2_orphan_pulse,29:43,43,29,radar,video,29,b,1785716036.234,1785716036.865,0.631,0.6946,0.3473,2.0,orphan candidate on detector '29' not registered: pulse 0.631s < gate 0.695s
1785716052.977,2026-08-02 18:14:12.976707,201,below_sampling_floor,rule2_orphan_pulse,17:2,17,2,video,video,2,b,1785716052.579,1785716052.898,0.319,0.6677,0.3339,2.0,orphan candidate on detector '2' not registered: pulse 0.319s < gate 0.668s
1785716052.977,2026-08-02 18:14:12.976707,201,below_sampling_floor,rule2_orphan_pulse,2:46,2,46,video,radar,2,a,1785716052.579,1785716052.898,0.319,0.6677,0.3339,2.0,orphan candidate on detector '2' not registered: pulse 0.319s < gate 0.668s
1785716059.127,2026-08-02 18:14:19.126665,201,below_sampling_floor,rule2_orphan_pulse,29:43,43,29,radar,video,29,b,1785716058.385,1785716059.037,0.652,0.6677,0.3339,2.0,orphan candidate on detector '29' not registered: pulse 0.652s < gate 0.668s
1785716194.990,2026-08-02 18:16:34.990177,201,below_sampling_floor,rule2_orphan_pulse,26:33,33,26,radar,video,33,a,1785716194.247,1785716194.917,0.67,0.6922,0.3461,2.0,orphan candidate on detector '33' not registered: pulse 0.670s < gate 0.692s
1785716200.332,2026-08-02 18:16:40.332369,201,below_sampling_floor,rule2_orphan_pulse,26:33,33,26,radar,video,33,a,1785716199.995,1785716200.319,0.324,0.6922,0.3461,2.0,orphan candidate on detector '33' not registered: pulse 0.324s < gate 0.692s
1785716208.596,2026-08-02 18:16:48.596300,201,below_sampling_floor,rule2_orphan_pulse,29:43,43,29,radar,video,29,b,1785716208.190,1785716208.509,0.319,0.6922,0.3461,2.0,orphan candidate on detector '29' not registered: pulse 0.319s < gate 0.692s
1785716316.841,2026-08-02 18:18:36.841161,201,below_sampling_floor,rule2_orphan_pulse,17:46,46,17,radar,video,46,a,1785716316.101,1785716316.770,0.669,0.6721,0.3361,2.0,orphan candidate on detector '46' not registered: pulse 0.669s < gate 0.672s
1785716316.842,2026-08-02 18:18:36.842170,201,below_sampling_floor,rule2_orphan_pulse,2:46,2,46,video,radar,46,b,1785716316.101,1785716316.770,0.669,0.6721,0.3361,2.0,orphan candidate on detector '46' not registered: pulse 0.669s < gate 0.672s
1785716323.497,2026-08-02 18:18:43.496553,201,below_sampling_floor,rule2_orphan_pulse,3:30,30,3,video,video,3,b,1785716323.152,1785716323.471,0.319,0.6721,0.3361,2.0,orphan candidate on detector '3' not registered: pulse 0.319s < gate 0.672s
1785716323.498,2026-08-02 18:18:43.497817,201,below_sampling_floor,rule2_orphan_pulse,3:41,3,41,video,radar,3,a,1785716323.152,1785716323.471,0.319,0.6721,0.3361,2.0,orphan candidate on detector '3' not registered: pulse 0.319s < gate 0.672s
1785716340.250,2026-08-02 18:19:00.250190,201,below_sampling_floor,rule2_orphan_pulse,17:46,46,17,radar,video,46,a,1785716339.565,1785716340.195,0.63,0.641,0.3205,2.0,orphan candidate on detector '46' not registered: pulse 0.630s < gate 0.641s
1785716340.250,2026-08-02 18:19:00.250190,201,below_sampling_floor,rule2_orphan_pulse,2:46,2,46,video,radar,46,b,1785716339.565,1785716340.195,0.63,0.641,0.3205,2.0,orphan candidate on detector '46' not registered: pulse 0.630s < gate 0.641s
1785716583.794,2026-08-02 18:23:03.793677,201,below_sampling_floor,rule2_orphan_pulse,26:33,33,26,radar,video,33,a,1785716583.378,1785716583.709,0.33,0.6557,0.3279,2.0,orphan candidate on detector '33' not registered: pulse 0.330s < gate 0.656s
1785716608.794,2026-08-02 18:23:28.794260,201,below_sampling_floor,rule2_orphan_pulse,17:46,46,17,radar,video,17,b,1785716608.446,1785716608.763,0.317,0.6557,0.3279,2.0,orphan candidate on detector '17' not registered: pulse 0.317s < gate 0.656s
1785716608.796,2026-08-02 18:23:28.796271,201,below_sampling_floor,rule2_orphan_pulse,17:2,17,2,video,video,17,a,1785716608.446,1785716608.763,0.317,0.6557,0.3279,2.0,orphan candidate on detector '17' not registered: pulse 0.317s < gate 0.656s
1785716609.503,2026-08-02 18:23:29.503250,201,below_sampling_floor,rule2_orphan_pulse,17:2,17,2,video,video,2,b,1785716609.096,1785716609.415,0.319,0.6557,0.3279,2.0,orphan candidate on detector '2' not registered: pulse 0.319s < gate 0.656s
1785716609.504,2026-08-02 18:23:29.504385,201,below_sampling_floor,rule2_orphan_pulse,2:46,2,46,video,radar,2,a,1785716609.096,1785716609.415,0.319,0.6557,0.3279,2.0,orphan candidate on detector '2' not registered: pulse 0.319s < gate 0.656s
1785716615.855,2026-08-02 18:23:35.855309,201,below_sampling_floor,rule2_orphan_pulse,31:42,42,31,radar,video,42,a,1785716615.199,1785716615.854,0.655,0.6557,0.3279,2.0,orphan candidate on detector '42' not registered: pulse 0.655s < gate 0.656s
1785716615.856,2026-08-02 18:23:35.856330,201,below_sampling_floor,rule2_orphan_pulse,42:8,8,42,video,radar,42,b,1785716615.199,1785716615.854,0.655,0.6557,0.3279,2.0,orphan candidate on detector '42' not registered: pulse 0.655s < gate 0.656s
1785716617.472,2026-08-02 18:23:37.472381,201,below_sampling_floor,rule2_orphan_pulse,29:43,43,29,radar,video,29,b,1785716616.799,1785716617.449,0.65,0.6557,0.3279,2.0,orphan candidate on detector '29' not registered: pulse 0.650s < gate 0.656s
1785716626.234,2026-08-02 18:23:46.234099,201,below_sampling_floor,rule2_orphan_pulse,17:2,17,2,video,video,2,b,1785716625.818,1785716626.148,0.331,0.6557,0.3279,2.0,orphan candidate on detector '2' not registered: pulse 0.331s < gate 0.656s
1785716626.235,2026-08-02 18:23:46.234770,201,below_sampling_floor,rule2_orphan_pulse,2:46,2,46,video,radar,2,a,1785716625.818,1785716626.148,0.331,0.6557,0.3279,2.0,orphan candidate on detector '2' not registered: pulse 0.331s < gate 0.656s
1785716629.161,2026-08-02 18:23:49.160764,201,below_sampling_floor,rule2_orphan_pulse,24:38,38,24,radar,video,24,b,1785716628.423,1785716629.060,0.638,0.6557,0.3279,2.0,orphan candidate on detector '24' not registered: pulse 0.638s < gate 0.656s
1785716629.163,2026-08-02 18:23:49.162774,201,below_sampling_floor,rule2_orphan_pulse,24:7,24,7,video,video,24,a,1785716628.423,1785716629.060,0.638,0.6557,0.3279,2.0,orphan candidate on detector '24' not registered: pulse 0.638s < gate 0.656s
1785716629.471,2026-08-02 18:23:49.470726,201,below_sampling_floor,rule2_orphan_pulse,24:7,24,7,video,video,7,b,1785716628.749,1785716629.381,0.632,0.6557,0.3279,2.0,orphan candidate on detector '7' not registered: pulse 0.632s < gate 0.656s
1785716629.471,2026-08-02 18:23:49.470726,201,below_sampling_floor,rule2_orphan_pulse,38:7,7,38,video,radar,7,a,1785716628.749,1785716629.381,0.632,0.6557,0.3279,2.0,orphan candidate on detector '7' not registered: pulse 0.632s < gate 0.656s
1785716649.422,2026-08-02 18:24:09.422447,201,below_sampling_floor,rule2_orphan_pulse,31:42,42,31,radar,video,31,b,1785716648.686,1785716649.322,0.636,0.6476,0.3238,2.0,orphan candidate on detector '31' not registered: pulse 0.636s < gate 0.648s
1785716649.424,2026-08-02 18:24:09.424481,201,below_sampling_floor,rule2_orphan_pulse,31:8,31,8,video,video,31,a,1785716648.686,1785716649.322,0.636,0.6476,0.3238,2.0,orphan candidate on detector '31' not registered: pulse 0.636s < gate 0.648s
1785716658.792,2026-08-02 18:24:18.792285,201,below_sampling_floor,rule2_orphan_pulse,30:41,41,30,radar,video,41,a,1785716658.395,1785716658.721,0.326,0.6476,0.3238,2.0,orphan candidate on detector '41' not registered: pulse 0.326s < gate 0.648s
1785716658.792,2026-08-02 18:24:18.792285,201,below_sampling_floor,rule2_orphan_pulse,3:41,3,41,video,radar,41,b,1785716658.395,1785716658.721,0.326,0.6476,0.3238,2.0,orphan candidate on detector '41' not registered: pulse 0.326s < gate 0.648s
1785716723.396,2026-08-02 18:25:23.395605,201,below_sampling_floor,rule2_orphan_pulse,26:33,33,26,radar,video,33,a,1785716722.990,1785716723.316,0.325,0.6491,0.3246,2.0,orphan candidate on detector '33' not registered: pulse 0.325s < gate 0.649s
1785716735.892,2026-08-02 18:25:35.891824,201,below_sampling_floor,rule2_orphan_pulse,26:33,33,26,radar,video,33,a,1785716735.477,1785716735.798,0.321,0.6491,0.3246,2.0,orphan candidate on detector '33' not registered: pulse 0.321s < gate 0.649s
1785716755.028,2026-08-02 18:25:55.027894,201,below_sampling_floor,rule2_orphan_pulse,26:33,33,26,radar,video,33,a,1785716754.383,1785716755.028,0.645,0.6491,0.3246,2.0,orphan candidate on detector '33' not registered: pulse 0.645s < gate 0.649s
1785716756.440,2026-08-02 18:25:56.440010,201,below_sampling_floor,rule2_orphan_pulse,30:41,41,30,radar,video,41,a,1785716756.040,1785716756.362,0.322,0.6491,0.3246,2.0,orphan candidate on detector '41' not registered: pulse 0.322s < gate 0.649s
1785716756.442,2026-08-02 18:25:56.442020,201,below_sampling_floor,rule2_orphan_pulse,3:41,3,41,video,radar,41,b,1785716756.040,1785716756.362,0.322,0.6491,0.3246,2.0,orphan candidate on detector '41' not registered: pulse 0.322s < gate 0.649s
1785716756.745,2026-08-02 18:25:56.745040,201,below_sampling_floor,rule2_orphan_pulse,26:33,33,26,radar,video,33,a,1785716756.040,1785716756.683,0.643,0.6491,0.3246,2.0,orphan candidate on detector '33' not registered: pulse 0.643s < gate 0.649s
1785716761.583,2026-08-02 18:26:01.583468,201,below_sampling_floor,rule2_orphan_pulse,31:42,42,31,radar,video,42,a,1785716761.238,1785716761.563,0.325,0.6556,0.3278,2.0,orphan candidate on detector '42' not registered: pulse 0.325s < gate 0.656s
1785716761.584,2026-08-02 18:26:01.584322,201,below_sampling_floor,rule2_orphan_pulse,42:8,8,42,video,radar,42,b,1785716761.238,1785716761.563,0.325,0.6556,0.3278,2.0,orphan candidate on detector '42' not registered: pulse 0.325s < gate 0.656s
1785716761.887,2026-08-02 18:26:01.886993,201,below_sampling_floor,rule2_orphan_pulse,26:33,33,26,radar,video,33,a,1785716761.238,1785716761.883,0.645,0.6556,0.3278,2.0,orphan candidate on detector '33' not registered: pulse 0.645s < gate 0.656s
1785716777.714,2026-08-02 18:26:17.714332,201,below_sampling_floor,rule2_orphan_pulse,26:33,33,26,radar,video,33,a,1785716777.307,1785716777.635,0.328,0.6556,0.3278,2.0,orphan candidate on detector '33' not registered: pulse 0.328s < gate 0.656s
1785716780.240,2026-08-02 18:26:20.239502,201,below_sampling_floor,rule2_orphan_pulse,26:33,33,26,radar,video,33,a,1785716779.538,1785716780.166,0.628,0.6556,0.3278,2.0,orphan candidate on detector '33' not registered: pulse 0.628s < gate 0.656s
1785716782.456,2026-08-02 18:26:22.455832,201,below_sampling_floor,rule2_orphan_pulse,26:33,33,26,radar,video,33,a,1785716781.777,1785716782.426,0.65,0.6556,0.3278,2.0,orphan candidate on detector '33' not registered: pulse 0.650s < gate 0.656s
1785716784.068,2026-08-02 18:26:24.068466,201,below_sampling_floor,rule2_orphan_pulse,26:33,33,26,radar,video,33,a,1785716783.368,1785716784.004,0.636,0.6556,0.3278,2.0,orphan candidate on detector '33' not registered: pulse 0.636s < gate 0.656s
1785716825.163,2026-08-02 18:27:05.162910,201,below_sampling_floor,rule2_orphan_pulse,31:42,42,31,radar,video,42,a,1785716824.770,1785716825.109,0.339,0.6574,0.3287,2.0,orphan candidate on detector '42' not registered: pulse 0.339s < gate 0.657s
1785716825.164,2026-08-02 18:27:05.164427,201,below_sampling_floor,rule2_orphan_pulse,42:8,8,42,video,radar,42,b,1785716824.770,1785716825.109,0.339,0.6574,0.3287,2.0,orphan candidate on detector '42' not registered: pulse 0.339s < gate 0.657s
1785716825.873,2026-08-02 18:27:05.873389,201,below_sampling_floor,rule2_orphan_pulse,29:43,43,29,radar,video,43,a,1785716825.446,1785716825.781,0.335,0.6574,0.3287,2.0,orphan candidate on detector '43' not registered: pulse 0.335s < gate 0.657s
1785716873.954,2026-08-02 18:27:53.953784,201,below_sampling_floor,rule2_orphan_pulse,29:43,43,29,radar,video,43,a,1785716873.610,1785716873.945,0.335,0.6574,0.3287,2.0,orphan candidate on detector '43' not registered: pulse 0.335s < gate 0.657s
1785716874.964,2026-08-02 18:27:54.964405,201,below_sampling_floor,rule2_orphan_pulse,31:42,42,31,radar,video,31,b,1785716874.607,1785716874.936,0.329,0.6574,0.3287,2.0,orphan candidate on detector '31' not registered: pulse 0.329s < gate 0.657s
1785716874.966,2026-08-02 18:27:54.966414,201,below_sampling_floor,rule2_orphan_pulse,31:8,31,8,video,video,31,a,1785716874.607,1785716874.936,0.329,0.6574,0.3287,2.0,orphan candidate on detector '31' not registered: pulse 0.329s < gate 0.657s
1785716880.922,2026-08-02 18:28:00.921927,201,below_sampling_floor,rule2_orphan_pulse,29:43,43,29,radar,video,43,a,1785716880.234,1785716880.889,0.655,0.6615,0.3307,2.0,orphan candidate on detector '43' not registered: pulse 0.655s < gate 0.661s
1785716886.578,2026-08-02 18:28:06.577778,201,below_sampling_floor,rule2_orphan_pulse,17:46,46,17,radar,video,46,a,1785716885.912,1785716886.560,0.648,0.6615,0.3307,2.0,orphan candidate on detector '46' not registered: pulse 0.648s < gate 0.661s
1785716886.581,2026-08-02 18:28:06.580526,201,below_sampling_floor,rule2_orphan_pulse,2:46,2,46,video,radar,46,b,1785716885.912,1785716886.560,0.648,0.6615,0.3307,2.0,orphan candidate on detector '46' not registered: pulse 0.648s < gate 0.661s
1785716963.536,2026-08-02 18:29:23.535654,201,below_sampling_floor,rule2_orphan_pulse,17:2,17,2,video,video,2,b,1785716963.158,1785716963.474,0.316,0.6591,0.3295,2.0,orphan candidate on detector '2' not registered: pulse 0.316s < gate 0.659s
1785716963.537,2026-08-02 18:29:23.536688,201,below_sampling_floor,rule2_orphan_pulse,2:46,2,46,video,radar,2,a,1785716963.158,1785716963.474,0.316,0.6591,0.3295,2.0,orphan candidate on detector '2' not registered: pulse 0.316s < gate 0.659s
1785717023.633,2026-08-02 18:30:23.633433,201,below_sampling_floor,rule2_orphan_pulse,26:33,33,26,radar,video,26,b,1785717023.197,1785717023.543,0.346,0.6909,0.3454,2.0,orphan candidate on detector '26' not registered: pulse 0.346s < gate 0.691s
1785717076.183,2026-08-02 18:31:16.183497,201,below_sampling_floor,rule2_orphan_pulse,17:46,46,17,radar,video,46,a,1785717075.479,1785717076.140,0.661,0.6726,0.3363,2.0,orphan candidate on detector '46' not registered: pulse 0.661s < gate 0.673s
1785717076.185,2026-08-02 18:31:16.184548,201,below_sampling_floor,rule2_orphan_pulse,2:46,2,46,video,radar,46,b,1785717075.479,1785717076.140,0.661,0.6726,0.3363,2.0,orphan candidate on detector '46' not registered: pulse 0.661s < gate 0.673s
1785717110.459,2026-08-02 18:31:50.459389,201,below_sampling_floor,rule2_orphan_pulse,29:43,43,29,radar,video,29,b,1785717110.108,1785717110.438,0.33,0.6726,0.3363,2.0,orphan candidate on detector '29' not registered: pulse 0.330s < gate 0.673s
1785717149.072,2026-08-02 18:32:29.072098,201,below_sampling_floor,rule2_orphan_pulse,17:46,46,17,radar,video,46,a,1785717148.687,1785717149.002,0.315,0.6508,0.3254,2.0,orphan candidate on detector '46' not registered: pulse 0.315s < gate 0.651s
1785717149.072,2026-08-02 18:32:29.072098,201,below_sampling_floor,rule2_orphan_pulse,2:46,2,46,video,radar,46,b,1785717148.687,1785717149.002,0.315,0.6508,0.3254,2.0,orphan candidate on detector '46' not registered: pulse 0.315s < gate 0.651s
1785717168.862,2026-08-02 18:32:48.862320,201,below_sampling_floor,rule2_orphan_pulse,29:43,43,29,radar,video,43,a,1785717168.169,1785717168.800,0.631,0.6508,0.3254,2.0,orphan candidate on detector '43' not registered: pulse 0.631s < gate 0.651s
1785717308.399,2026-08-02 18:35:08.399043,201,below_sampling_floor,rule2_orphan_pulse,29:43,43,29,radar,video,43,a,1785717307.657,1785717308.302,0.645,0.6548,0.3274,2.0,orphan candidate on detector '43' not registered: pulse 0.645s < gate 0.655s
1785717314.570,2026-08-02 18:35:14.569684,201,below_sampling_floor,rule2_orphan_pulse,3:41,3,41,video,radar,3,a,1785717314.192,1785717314.506,0.314,0.6548,0.3274,2.0,orphan candidate on detector '3' not registered: pulse 0.314s < gate 0.655s
1785717349.568,2026-08-02 18:35:49.568156,201,below_sampling_floor,rule2_orphan_pulse,17:46,46,17,radar,video,46,a,1785717348.851,1785717349.505,0.654,0.6548,0.3274,2.0,orphan candidate on detector '46' not registered: pulse 0.654s < gate 0.655s
1785717349.570,2026-08-02 18:35:49.569895,201,below_sampling_floor,rule2_orphan_pulse,2:46,2,46,video,radar,46,b,1785717348.851,1785717349.505,0.654,0.6548,0.3274,2.0,orphan candidate on detector '46' not registered: pulse 0.654s < gate 0.655s
1785717350.881,2026-08-02 18:35:50.881088,201,below_sampling_floor,rule2_orphan_pulse,17:2,17,2,video,video,2,b,1785717350.144,1785717350.783,0.639,0.6548,0.3274,2.0,orphan candidate on detector '2' not registered: pulse 0.639s < gate 0.655s
1785717350.881,2026-08-02 18:35:50.881088,201,below_sampling_floor,rule2_orphan_pulse,2:46,2,46,video,radar,2,a,1785717350.144,1785717350.783,0.639,0.6548,0.3274,2.0,orphan candidate on detector '2' not registered: pulse 0.639s < gate 0.655s
1785717394.321,2026-08-02 18:36:34.321429,201,below_sampling_floor,rule2_orphan_pulse,31:42,42,31,radar,video,31,b,1785717393.962,1785717394.317,0.355,0.6515,0.3257,2.0,orphan candidate on detector '31' not registered: pulse 0.355s < gate 0.651s
1785717394.321,2026-08-02 18:36:34.321429,201,below_sampling_floor,rule2_orphan_pulse,31:8,31,8,video,video,31,a,1785717393.962,1785717394.317,0.355,0.6515,0.3257,2.0,orphan candidate on detector '31' not registered: pulse 0.355s < gate 0.651s
1785717394.729,2026-08-02 18:36:34.729242,201,below_sampling_floor,rule2_orphan_pulse,29:43,43,29,radar,video,29,b,1785717394.317,1785717394.638,0.32,0.6515,0.3257,2.0,orphan candidate on detector '29' not registered: pulse 0.320s < gate 0.651s
1785717399.970,2026-08-02 18:36:39.970284,201,below_sampling_floor,rule2_orphan_pulse,29:43,43,29,radar,video,43,a,1785717399.606,1785717399.912,0.306,0.6515,0.3257,2.0,orphan candidate on detector '43' not registered: pulse 0.306s < gate 0.651s
1785717438.307,2026-08-02 18:37:18.306720,201,below_sampling_floor,rule2_orphan_pulse,24:38,38,24,radar,video,24,b,1785717437.909,1785717438.230,0.321,0.6502,0.3251,2.0,orphan candidate on detector '24' not registered: pulse 0.321s < gate 0.650s
1785717438.307,2026-08-02 18:37:18.306720,201,below_sampling_floor,rule2_orphan_pulse,24:7,24,7,video,video,24,a,1785717437.909,1785717438.230,0.321,0.6502,0.3251,2.0,orphan candidate on detector '24' not registered: pulse 0.321s < gate 0.650s
1785717438.915,2026-08-02 18:37:18.915157,201,below_sampling_floor,rule2_orphan_pulse,24:7,24,7,video,video,7,b,1785717438.552,1785717438.889,0.337,0.6502,0.3251,2.0,orphan candidate on detector '7' not registered: pulse 0.337s < gate 0.650s
1785717438.916,2026-08-02 18:37:18.916187,201,below_sampling_floor,rule2_orphan_pulse,38:7,7,38,video,radar,7,a,1785717438.552,1785717438.889,0.337,0.6502,0.3251,2.0,orphan candidate on detector '7' not registered: pulse 0.337s < gate 0.650s
1785717445.077,2026-08-02 18:37:25.077249,201,below_sampling_floor,rule2_orphan_pulse,29:43,43,29,radar,video,29,b,1785717444.661,1785717444.996,0.336,0.6502,0.3251,2.0,orphan candidate on detector '29' not registered: pulse 0.336s < gate 0.650s
1785717484.085,2026-08-02 18:38:04.085269,201,below_sampling_floor,rule2_orphan_pulse,17:2,17,2,video,video,2,b,1785717483.741,1785717484.075,0.334,0.6596,0.3298,2.0,orphan candidate on detector '2' not registered: pulse 0.334s < gate 0.660s
1785717484.086,2026-08-02 18:38:04.086280,201,below_sampling_floor,rule2_orphan_pulse,2:46,2,46,video,radar,2,a,1785717483.741,1785717484.075,0.334,0.6596,0.3298,2.0,orphan candidate on detector '2' not registered: pulse 0.334s < gate 0.660s
1785717607.311,2026-08-02 18:40:07.311290,201,below_sampling_floor,rule2_orphan_pulse,29:43,43,29,radar,video,29,b,1785717606.962,1785717607.283,0.321,0.6545,0.3273,2.0,orphan candidate on detector '29' not registered: pulse 0.321s < gate 0.655s
1785717607.312,2026-08-02 18:40:07.312369,201,below_sampling_floor,rule2_orphan_pulse,31:42,42,31,radar,video,42,a,1785717606.962,1785717607.283,0.321,0.6545,0.3273,2.0,orphan candidate on detector '42' not registered: pulse 0.321s < gate 0.655s
1785717607.313,2026-08-02 18:40:07.313470,201,below_sampling_floor,rule2_orphan_pulse,42:8,8,42,video,radar,42,b,1785717606.962,1785717607.283,0.321,0.6545,0.3273,2.0,orphan candidate on detector '42' not registered: pulse 0.321s < gate 0.655s
1785717609.329,2026-08-02 18:40:09.328959,201,below_sampling_floor,rule2_orphan_pulse,29:43,43,29,radar,video,29,b,1785717608.912,1785717609.239,0.327,0.6545,0.3273,2.0,orphan candidate on detector '29' not registered: pulse 0.327s < gate 0.655s
1785717610.843,2026-08-02 18:40:10.842523,201,below_sampling_floor,rule2_orphan_pulse,29:43,43,29,radar,video,29,b,1785717610.515,1785717610.839,0.323,0.6545,0.3273,2.0,orphan candidate on detector '29' not registered: pulse 0.323s < gate 0.655s
1785717613.564,2026-08-02 18:40:13.564066,201,below_sampling_floor,rule2_orphan_pulse,29:43,43,29,radar,video,29,b,1785717613.142,1785717613.466,0.324,0.6545,0.3273,2.0,orphan candidate on detector '29' not registered: pulse 0.324s < gate 0.655s
1785717619.716,2026-08-02 18:40:19.715861,201,below_sampling_floor,rule2_orphan_pulse,29:43,43,29,radar,video,29,b,1785717619.380,1785717619.716,0.336,0.6545,0.3273,2.0,orphan candidate on detector '29' not registered: pulse 0.336s < gate 0.655s
1785717682.958,2026-08-02 18:41:22.957838,201,below_sampling_floor,rule2_orphan_pulse,3:30,30,3,video,video,3,b,1785717617.078,1785717617.727,0.649,0.7574,0.3787,2.0,orphan candidate on detector '3' not registered: pulse 0.649s < gate 0.757s
1785717682.959,2026-08-02 18:41:22.958847,201,below_sampling_floor,rule2_orphan_pulse,3:41,3,41,video,radar,3,a,1785717617.078,1785717617.727,0.649,0.7574,0.3787,2.0,orphan candidate on detector '3' not registered: pulse 0.649s < gate 0.757s
1785717707.367,2026-08-02 18:41:47.367172,201,below_sampling_floor,rule2_orphan_pulse,26:33,33,26,radar,video,26,b,1785717706.699,1785717707.364,0.665,0.7574,0.3787,2.0,orphan candidate on detector '26' not registered: pulse 0.665s < gate 0.757s
1785717734.577,2026-08-02 18:42:14.577009,201,below_sampling_floor,rule2_orphan_pulse,17:2,17,2,video,video,2,b,1785717733.878,1785717734.521,0.644,0.6572,0.3286,2.0,orphan candidate on detector '2' not registered: pulse 0.644s < gate 0.657s
1785717734.578,2026-08-02 18:42:14.578056,201,below_sampling_floor,rule2_orphan_pulse,2:46,2,46,video,radar,2,a,1785717733.878,1785717734.521,0.644,0.6572,0.3286,2.0,orphan candidate on detector '2' not registered: pulse 0.644s < gate 0.657s
1785717786.956,2026-08-02 18:43:06.955811,201,below_sampling_floor,rule2_orphan_pulse,29:43,43,29,radar,video,29,b,1785717786.548,1785717786.881,0.333,0.6581,0.329,2.0,orphan candidate on detector '29' not registered: pulse 0.333s < gate 0.658s
1785717965.257,2026-08-02 18:46:05.256963,201,below_sampling_floor,rule2_orphan_pulse,29:43,43,29,radar,video,29,b,1785717964.566,1785717965.195,0.629,0.6531,0.3266,2.0,orphan candidate on detector '29' not registered: pulse 0.629s < gate 0.653s
1785717984.637,2026-08-02 18:46:24.636842,201,below_sampling_floor,rule2_orphan_pulse,29:43,43,29,radar,video,29,b,1785717983.952,1785717984.593,0.64,0.6531,0.3266,2.0,orphan candidate on detector '29' not registered: pulse 0.640s < gate 0.653s
1785717991.604,2026-08-02 18:46:31.604130,201,below_sampling_floor,rule2_orphan_pulse,30:41,41,30,radar,video,41,a,1785717991.219,1785717991.588,0.369,0.6531,0.3266,2.0,orphan candidate on detector '41' not registered: pulse 0.369s < gate 0.653s
1785717991.606,2026-08-02 18:46:31.606153,201,below_sampling_floor,rule2_orphan_pulse,3:41,3,41,video,radar,41,b,1785717991.219,1785717991.588,0.369,0.6531,0.3266,2.0,orphan candidate on detector '41' not registered: pulse 0.369s < gate 0.653s
1785717994.228,2026-08-02 18:46:34.227504,201,below_sampling_floor,rule2_orphan_pulse,29:43,43,29,radar,video,29,b,1785717993.886,1785717994.207,0.321,0.6531,0.3266,2.0,orphan candidate on detector '29' not registered: pulse 0.321s < gate 0.653s
1785717995.853,2026-08-02 18:46:35.852585,201,below_sampling_floor,rule2_orphan_pulse,31:42,42,31,radar,video,42,a,1785717995.522,1785717995.853,0.33,0.6531,0.3266,2.0,orphan candidate on detector '42' not registered: pulse 0.330s < gate 0.653s
1785717995.854,2026-08-02 18:46:35.853894,201,below_sampling_floor,rule2_orphan_pulse,42:8,8,42,video,radar,42,b,1785717995.522,1785717995.853,0.33,0.6531,0.3266,2.0,orphan candidate on detector '42' not registered: pulse 0.330s < gate 0.653s
1785718042.980,2026-08-02 18:47:22.980398,201,below_sampling_floor,rule2_orphan_pulse,17:46,46,17,radar,video,46,a,1785718042.305,1785718042.944,0.64,0.6501,0.3251,2.0,orphan candidate on detector '46' not registered: pulse 0.640s < gate 0.650s
1785718042.980,2026-08-02 18:47:22.980398,201,below_sampling_floor,rule2_orphan_pulse,2:46,2,46,video,radar,46,b,1785718042.305,1785718042.944,0.64,0.6501,0.3251,2.0,orphan candidate on detector '46' not registered: pulse 0.640s < gate 0.650s
1785718209.044,2026-08-02 18:50:09.043552,201,below_sampling_floor,rule2_orphan_pulse,29:43,43,29,radar,video,43,a,1785718208.654,1785718208.986,0.333,0.6903,0.3452,2.0,orphan candidate on detector '43' not registered: pulse 0.333s < gate 0.690s
1785718274.332,2026-08-02 18:51:14.331774,201,below_sampling_floor,rule2_orphan_pulse,26:33,33,26,radar,video,33,a,1785718273.649,1785718274.304,0.655,0.6612,0.3306,2.0,orphan candidate on detector '33' not registered: pulse 0.655s < gate 0.661s
1785718286.750,2026-08-02 18:51:26.750300,201,below_sampling_floor,rule2_orphan_pulse,31:42,42,31,radar,video,31,b,1785718286.011,1785718286.654,0.643,0.6612,0.3306,2.0,orphan candidate on detector '31' not registered: pulse 0.643s < gate 0.661s
1785718286.751,2026-08-02 18:51:26.751271,201,below_sampling_floor,rule2_orphan_pulse,31:8,31,8,video,video,31,a,1785718286.011,1785718286.654,0.643,0.6612,0.3306,2.0,orphan candidate on detector '31' not registered: pulse 0.643s < gate 0.661s
1785718287.458,2026-08-02 18:51:27.458447,201,below_sampling_floor,rule2_orphan_pulse,31:42,42,31,radar,video,31,b,1785718287.036,1785718287.364,0.328,0.6612,0.3306,2.0,orphan candidate on detector '31' not registered: pulse 0.328s < gate 0.661s
1785718287.458,2026-08-02 18:51:27.458447,201,below_sampling_floor,rule2_orphan_pulse,31:8,31,8,video,video,31,a,1785718287.036,1785718287.364,0.328,0.6612,0.3306,2.0,orphan candidate on detector '31' not registered: pulse 0.328s < gate 0.661s
1785718288.670,2026-08-02 18:51:28.669671,201,below_sampling_floor,rule2_orphan_pulse,31:42,42,31,radar,video,31,b,1785718288.014,1785718288.656,0.642,0.6612,0.3306,2.0,orphan candidate on detector '31' not registered: pulse 0.642s < gate 0.661s
1785718288.672,2026-08-02 18:51:28.671682,201,below_sampling_floor,rule2_orphan_pulse,31:8,31,8,video,video,31,a,1785718288.014,1785718288.656,0.642,0.6612,0.3306,2.0,orphan candidate on detector '31' not registered: pulse 0.642s < gate 0.661s
1785718306.228,2026-08-02 18:51:46.228150,201,below_sampling_floor,rule2_orphan_pulse,17:2,17,2,video,video,2,b,1785718305.555,1785718306.202,0.647,0.6612,0.3306,2.0,orphan candidate on detector '2' not registered: pulse 0.647s < gate 0.661s
1785718306.228,2026-08-02 18:51:46.228150,201,below_sampling_floor,rule2_orphan_pulse,2:46,2,46,video,radar,2,a,1785718305.555,1785718306.202,0.647,0.6612,0.3306,2.0,orphan candidate on detector '2' not registered: pulse 0.647s < gate 0.661s
1785718365.122,2026-08-02 18:52:45.122473,201,below_sampling_floor,rule2_orphan_pulse,22:39,39,22,radar,video,39,a,1785718364.754,1785718365.088,0.334,0.6879,0.3439,2.0,orphan candidate on detector '39' not registered: pulse 0.334s < gate 0.688s
1785718365.122,2026-08-02 18:52:45.122473,201,below_sampling_floor,rule2_orphan_pulse,39:4,4,39,video,radar,39,b,1785718364.754,1785718365.088,0.334,0.6879,0.3439,2.0,orphan candidate on detector '39' not registered: pulse 0.334s < gate 0.688s
1785718374.002,2026-08-02 18:52:54.002390,201,below_sampling_floor,rule2_orphan_pulse,29:43,43,29,radar,video,29,b,1785718373.319,1785718373.992,0.672,0.6879,0.3439,2.0,orphan candidate on detector '29' not registered: pulse 0.672s < gate 0.688s
1785718379.956,2026-08-02 18:52:59.955643,201,below_sampling_floor,rule2_orphan_pulse,17:46,46,17,radar,video,17,b,1785718379.579,1785718379.897,0.318,0.66,0.33,2.0,orphan candidate on detector '17' not registered: pulse 0.318s < gate 0.660s
1785718379.956,2026-08-02 18:52:59.955643,201,below_sampling_floor,rule2_orphan_pulse,17:2,17,2,video,video,17,a,1785718379.579,1785718379.897,0.318,0.66,0.33,2.0,orphan candidate on detector '17' not registered: pulse 0.318s < gate 0.660s
1785718380.261,2026-08-02 18:53:00.261159,201,below_sampling_floor,rule2_orphan_pulse,17:2,17,2,video,video,2,b,1785718379.897,1785718380.230,0.333,0.66,0.33,2.0,orphan candidate on detector '2' not registered: pulse 0.333s < gate 0.660s
1785718380.261,2026-08-02 18:53:00.261159,201,below_sampling_floor,rule2_orphan_pulse,2:46,2,46,video,radar,2,a,1785718379.897,1785718380.230,0.333,0.66,0.33,2.0,orphan candidate on detector '2' not registered: pulse 0.333s < gate 0.660s
1785718382.587,2026-08-02 18:53:02.587452,201,below_sampling_floor,rule2_orphan_pulse,29:43,43,29,radar,video,29,b,1785718382.242,1785718382.565,0.322,0.66,0.33,2.0,orphan candidate on detector '29' not registered: pulse 0.322s < gate 0.660s
1785718383.296,2026-08-02 18:53:03.296311,201,below_sampling_floor,rule2_orphan_pulse,29:43,43,29,radar,video,29,b,1785718382.903,1785718383.238,0.335,0.66,0.33,2.0,orphan candidate on detector '29' not registered: pulse 0.335s < gate 0.660s
1785718384.914,2026-08-02 18:53:04.914132,201,below_sampling_floor,rule2_orphan_pulse,29:43,43,29,radar,video,29,b,1785718384.548,1785718384.875,0.327,0.66,0.33,2.0,orphan candidate on detector '29' not registered: pulse 0.327s < gate 0.660s
1785718384.919,2026-08-02 18:53:04.918932,201,below_sampling_floor,rule2_orphan_pulse,17:46,46,17,radar,video,17,b,1785718384.224,1785718384.875,0.65,0.66,0.33,2.0,orphan candidate on detector '17' not registered: pulse 0.650s < gate 0.660s
1785718384.920,2026-08-02 18:53:04.919836,201,below_sampling_floor,rule2_orphan_pulse,17:2,17,2,video,video,17,a,1785718384.224,1785718384.875,0.65,0.66,0.33,2.0,orphan candidate on detector '17' not registered: pulse 0.650s < gate 0.660s
1785718385.526,2026-08-02 18:53:05.525555,201,below_sampling_floor,rule2_orphan_pulse,17:2,17,2,video,video,2,b,1785718385.196,1785718385.523,0.327,0.66,0.33,2.0,orphan candidate on detector '2' not registered: pulse 0.327s < gate 0.660s
1785718385.528,2026-08-02 18:53:05.527534,201,below_sampling_floor,rule2_orphan_pulse,2:46,2,46,video,radar,2,a,1785718385.196,1785718385.523,0.327,0.66,0.33,2.0,orphan candidate on detector '2' not registered: pulse 0.327s < gate 0.660s
1785718386.543,2026-08-02 18:53:06.542585,201,below_sampling_floor,rule2_orphan_pulse,17:2,17,2,video,video,2,b,1785718386.172,1785718386.506,0.334,0.66,0.33,2.0,orphan candidate on detector '2' not registered: pulse 0.334s < gate 0.660s
1785718386.545,2026-08-02 18:53:06.544594,201,below_sampling_floor,rule2_orphan_pulse,2:46,2,46,video,radar,2,a,1785718386.172,1785718386.506,0.334,0.66,0.33,2.0,orphan candidate on detector '2' not registered: pulse 0.334s < gate 0.660s
1785718389.172,2026-08-02 18:53:09.171623,201,below_sampling_floor,rule2_orphan_pulse,17:2,17,2,video,video,2,b,1785718388.426,1785718389.080,0.654,0.66,0.33,2.0,orphan candidate on detector '2' not registered: pulse 0.654s < gate 0.660s
1785718389.173,2026-08-02 18:53:09.172928,201,below_sampling_floor,rule2_orphan_pulse,2:46,2,46,video,radar,2,a,1785718388.426,1785718389.080,0.654,0.66,0.33,2.0,orphan candidate on detector '2' not registered: pulse 0.654s < gate 0.660s
1785718390.787,2026-08-02 18:53:10.786609,201,below_sampling_floor,rule2_orphan_pulse,17:2,17,2,video,video,2,b,1785718390.444,1785718390.782,0.338,0.66,0.33,2.0,orphan candidate on detector '2' not registered: pulse 0.338s < gate 0.660s
1785718390.787,2026-08-02 18:53:10.786609,201,below_sampling_floor,rule2_orphan_pulse,2:46,2,46,video,radar,2,a,1785718390.444,1785718390.782,0.338,0.66,0.33,2.0,orphan candidate on detector '2' not registered: pulse 0.338s < gate 0.660s
1785718393.111,2026-08-02 18:53:13.110623,201,below_sampling_floor,rule2_orphan_pulse,31:42,42,31,radar,video,42,a,1785718392.434,1785718393.084,0.65,0.66,0.33,2.0,orphan candidate on detector '42' not registered: pulse 0.650s < gate 0.660s
1785718393.111,2026-08-02 18:53:13.110623,201,below_sampling_floor,rule2_orphan_pulse,42:8,8,42,video,radar,42,b,1785718392.434,1785718393.084,0.65,0.66,0.33,2.0,orphan candidate on detector '42' not registered: pulse 0.650s < gate 0.660s
1785718461.074,2026-08-02 18:54:21.073850,201,below_sampling_floor,rule2_orphan_pulse,26:33,33,26,radar,video,33,a,1785718460.675,1785718461.002,0.328,0.6536,0.3268,2.0,orphan candidate on detector '33' not registered: pulse 0.328s < gate 0.654s
1785718499.401,2026-08-02 18:54:59.401419,201,below_sampling_floor,rule2_orphan_pulse,26:33,33,26,radar,video,33,a,1785718498.740,1785718499.381,0.641,0.6608,0.3304,2.0,orphan candidate on detector '33' not registered: pulse 0.641s < gate 0.661s
1785718499.704,2026-08-02 18:54:59.704468,201,below_sampling_floor,rule2_orphan_pulse,26:33,33,26,radar,video,26,b,1785718499.053,1785718499.690,0.637,0.6608,0.3304,2.0,orphan candidate on detector '26' not registered: pulse 0.637s < gate 0.661s
1785718574.295,2026-08-02 18:56:14.294981,201,below_sampling_floor,rule2_orphan_pulse,29:43,43,29,radar,video,43,a,1785718573.886,1785718574.214,0.328,0.65,0.325,2.0,orphan candidate on detector '43' not registered: pulse 0.328s < gate 0.650s
1785718587.290,2026-08-02 18:56:27.290412,201,below_sampling_floor,rule2_orphan_pulse,29:43,43,29,radar,video,29,b,1785718586.925,1785718587.252,0.327,0.65,0.325,2.0,orphan candidate on detector '29' not registered: pulse 0.327s < gate 0.650s
1785718679.000,2026-08-02 18:57:59.000295,201,below_sampling_floor,rule2_orphan_pulse,26:33,33,26,radar,video,33,a,1785718678.672,1785718678.980,0.308,0.6521,0.326,2.0,orphan candidate on detector '33' not registered: pulse 0.308s < gate 0.652s
1785718680.615,2026-08-02 18:58:00.614621,201,below_sampling_floor,rule2_orphan_pulse,26:33,33,26,radar,video,33,a,1785718680.268,1785718680.592,0.324,0.6521,0.326,2.0,orphan candidate on detector '33' not registered: pulse 0.324s < gate 0.652s
1785718683.237,2026-08-02 18:58:03.236815,201,below_sampling_floor,rule2_orphan_pulse,26:33,33,26,radar,video,33,a,1785718682.510,1785718683.142,0.632,0.6521,0.326,2.0,orphan candidate on detector '33' not registered: pulse 0.632s < gate 0.652s
1785718686.360,2026-08-02 18:58:06.359697,201,below_sampling_floor,rule2_orphan_pulse,26:33,33,26,radar,video,33,a,1785718685.686,1785718686.329,0.643,0.6521,0.326,2.0,orphan candidate on detector '33' not registered: pulse 0.643s < gate 0.652s
1785718688.577,2026-08-02 18:58:08.576822,201,below_sampling_floor,rule2_orphan_pulse,26:33,33,26,radar,video,33,a,1785718687.929,1785718688.572,0.643,0.6521,0.326,2.0,orphan candidate on detector '33' not registered: pulse 0.643s < gate 0.652s
1785718688.982,2026-08-02 18:58:08.982076,201,below_sampling_floor,rule2_orphan_pulse,30:41,41,30,radar,video,30,b,1785718688.572,1785718688.893,0.321,0.6521,0.326,2.0,orphan candidate on detector '30' not registered: pulse 0.321s < gate 0.652s
1785718688.983,2026-08-02 18:58:08.983212,201,below_sampling_floor,rule2_orphan_pulse,3:30,30,3,video,video,30,a,1785718688.572,1785718688.893,0.321,0.6521,0.326,2.0,orphan candidate on detector '30' not registered: pulse 0.321s < gate 0.652s
1785718691.205,2026-08-02 18:58:11.205109,201,below_sampling_floor,rule2_orphan_pulse,30:41,41,30,radar,video,30,b,1785718690.486,1785718691.128,0.642,0.6521,0.326,2.0,orphan candidate on detector '30' not registered: pulse 0.642s < gate 0.652s
1785718691.208,2026-08-02 18:58:11.207807,201,below_sampling_floor,rule2_orphan_pulse,3:30,30,3,video,video,30,a,1785718690.486,1785718691.128,0.642,0.6521,0.326,2.0,orphan candidate on detector '30' not registered: pulse 0.642s < gate 0.652s
1785718692.418,2026-08-02 18:58:12.418432,201,below_sampling_floor,rule2_orphan_pulse,26:33,33,26,radar,video,33,a,1785718691.768,1785718692.417,0.649,0.6521,0.326,2.0,orphan candidate on detector '33' not registered: pulse 0.649s < gate 0.652s
1785718696.045,2026-08-02 18:58:16.045434,201,below_sampling_floor,rule2_orphan_pulse,26:33,33,26,radar,video,33,a,1785718695.324,1785718695.954,0.63,0.6521,0.326,2.0,orphan candidate on detector '33' not registered: pulse 0.630s < gate 0.652s
1785718697.960,2026-08-02 18:58:17.959865,201,below_sampling_floor,rule2_orphan_pulse,26:33,33,26,radar,video,33,a,1785718697.593,1785718697.914,0.321,0.6521,0.326,2.0,orphan candidate on detector '33' not registered: pulse 0.321s < gate 0.652s
1785718700.277,2026-08-02 18:58:20.276784,201,below_sampling_floor,rule2_orphan_pulse,26:33,33,26,radar,video,33,a,1785718699.540,1785718700.186,0.646,0.6521,0.326,2.0,orphan candidate on detector '33' not registered: pulse 0.646s < gate 0.652s
1785718701.789,2026-08-02 18:58:21.788718,201,below_sampling_floor,rule2_orphan_pulse,26:33,33,26,radar,video,33,a,1785718701.144,1785718701.788,0.643,0.6521,0.326,2.0,orphan candidate on detector '33' not registered: pulse 0.643s < gate 0.652s
1785718705.722,2026-08-02 18:58:25.722446,201,below_sampling_floor,rule2_orphan_pulse,26:33,33,26,radar,video,33,a,1785718704.997,1785718705.647,0.65,0.6521,0.326,2.0,orphan candidate on detector '33' not registered: pulse 0.650s < gate 0.652s
1785718709.346,2026-08-02 18:58:29.346363,201,below_sampling_floor,rule2_orphan_pulse,26:33,33,26,radar,video,33,a,1785718708.952,1785718709.284,0.332,0.6521,0.326,2.0,orphan candidate on detector '33' not registered: pulse 0.332s < gate 0.652s
1785718739.511,2026-08-02 18:58:59.511315,201,below_sampling_floor,rule2_orphan_pulse,26:33,33,26,radar,video,33,a,1785718738.826,1785718739.466,0.64,0.6559,0.3279,2.0,orphan candidate on detector '33' not registered: pulse 0.640s < gate 0.656s
1785718766.826,2026-08-02 18:59:26.825958,201,below_sampling_floor,rule2_orphan_pulse,31:42,42,31,radar,video,42,a,1785718766.480,1785718766.798,0.319,0.6559,0.3279,2.0,orphan candidate on detector '42' not registered: pulse 0.319s < gate 0.656s
1785718766.827,2026-08-02 18:59:26.827080,201,below_sampling_floor,rule2_orphan_pulse,42:8,8,42,video,radar,42,b,1785718766.480,1785718766.798,0.319,0.6559,0.3279,2.0,orphan candidate on detector '42' not registered: pulse 0.319s < gate 0.656s
1785718808.040,2026-08-02 19:00:08.040008,201,below_sampling_floor,rule2_orphan_pulse,17:46,46,17,radar,video,46,a,1785718807.337,1785718807.975,0.638,0.6529,0.3264,2.0,orphan candidate on detector '46' not registered: pulse 0.638s < gate 0.653s
1785718808.042,2026-08-02 19:00:08.042040,201,below_sampling_floor,rule2_orphan_pulse,2:46,2,46,video,radar,46,b,1785718807.337,1785718807.975,0.638,0.6529,0.3264,2.0,orphan candidate on detector '46' not registered: pulse 0.638s < gate 0.653s
1785718815.396,2026-08-02 19:00:15.396035,201,below_sampling_floor,rule2_orphan_pulse,17:46,46,17,radar,video,46,a,1785718814.727,1785718815.351,0.624,0.6529,0.3264,2.0,orphan candidate on detector '46' not registered: pulse 0.624s < gate 0.653s
1785718815.397,2026-08-02 19:00:15.397246,201,below_sampling_floor,rule2_orphan_pulse,2:46,2,46,video,radar,46,b,1785718814.727,1785718815.351,0.624,0.6529,0.3264,2.0,orphan candidate on detector '46' not registered: pulse 0.624s < gate 0.653s
1785718816.710,2026-08-02 19:00:16.709647,201,below_sampling_floor,rule2_orphan_pulse,17:2,17,2,video,video,2,b,1785718815.999,1785718816.650,0.652,0.6529,0.3264,2.0,orphan candidate on detector '2' not registered: pulse 0.652s < gate 0.653s
1785718816.711,2026-08-02 19:00:16.710657,201,below_sampling_floor,rule2_orphan_pulse,2:46,2,46,video,radar,2,a,1785718815.999,1785718816.650,0.652,0.6529,0.3264,2.0,orphan candidate on detector '2' not registered: pulse 0.652s < gate 0.653s
1785718840.484,2026-08-02 19:00:40.484240,201,below_sampling_floor,rule2_orphan_pulse,26:33,33,26,radar,video,33,a,1785718839.823,1785718840.454,0.631,0.6529,0.3264,2.0,orphan candidate on detector '33' not registered: pulse 0.631s < gate 0.653s
1785718887.546,2026-08-02 19:01:27.545839,201,below_sampling_floor,rule2_orphan_pulse,29:43,43,29,radar,video,29,b,1785718887.184,1785718887.542,0.358,0.6668,0.3334,2.0,orphan candidate on detector '29' not registered: pulse 0.358s < gate 0.667s
1785718897.933,2026-08-02 19:01:37.932715,201,below_sampling_floor,rule2_orphan_pulse,29:43,43,29,radar,video,29,b,1785718897.592,1785718897.924,0.331,0.6668,0.3334,2.0,orphan candidate on detector '29' not registered: pulse 0.331s < gate 0.667s
1785718951.366,2026-08-02 19:02:31.365789,201,below_sampling_floor,rule2_orphan_pulse,26:33,33,26,radar,video,33,a,1785718950.694,1785718951.334,0.64,0.6436,0.3218,2.0,orphan candidate on detector '33' not registered: pulse 0.640s < gate 0.644s
1785718966.990,2026-08-02 19:02:46.989602,201,below_sampling_floor,rule2_orphan_pulse,26:33,33,26,radar,video,33,a,1785718966.624,1785718966.957,0.333,0.6436,0.3218,2.0,orphan candidate on detector '33' not registered: pulse 0.333s < gate 0.644s
1785718973.350,2026-08-02 19:02:53.349626,201,below_sampling_floor,rule2_orphan_pulse,26:33,33,26,radar,video,33,a,1785718972.943,1785718973.263,0.32,0.6436,0.3218,2.0,orphan candidate on detector '33' not registered: pulse 0.320s < gate 0.644s
1785718982.634,2026-08-02 19:03:02.634043,201,below_sampling_floor,rule2_orphan_pulse,26:33,33,26,radar,video,33,a,1785718982.214,1785718982.550,0.336,0.6653,0.3327,2.0,orphan candidate on detector '33' not registered: pulse 0.336s < gate 0.665s
1785718992.516,2026-08-02 19:03:12.515772,201,below_sampling_floor,rule2_orphan_pulse,26:33,33,26,radar,video,33,a,1785718992.092,1785718992.441,0.348,0.6653,0.3327,2.0,orphan candidate on detector '33' not registered: pulse 0.348s < gate 0.665s
1785719058.348,2026-08-02 19:04:18.348449,201,below_sampling_floor,rule2_orphan_pulse,31:42,42,31,radar,video,42,a,1785719057.963,1785719058.296,0.333,0.6541,0.3271,2.0,orphan candidate on detector '42' not registered: pulse 0.333s < gate 0.654s
1785719058.349,2026-08-02 19:04:18.349461,201,below_sampling_floor,rule2_orphan_pulse,42:8,8,42,video,radar,42,b,1785719057.963,1785719058.296,0.333,0.6541,0.3271,2.0,orphan candidate on detector '42' not registered: pulse 0.333s < gate 0.654s
1785719062.885,2026-08-02 19:04:22.885159,201,below_sampling_floor,rule2_orphan_pulse,29:43,43,29,radar,video,43,a,1785719062.197,1785719062.850,0.653,0.6541,0.3271,2.0,orphan candidate on detector '43' not registered: pulse 0.653s < gate 0.654s
1785719195.004,2026-08-02 19:06:35.003511,201,below_sampling_floor,rule2_orphan_pulse,17:2,17,2,video,video,2,b,1785719194.601,1785719194.917,0.316,0.669,0.3345,2.0,orphan candidate on detector '2' not registered: pulse 0.316s < gate 0.669s
1785719195.005,2026-08-02 19:06:35.004521,201,below_sampling_floor,rule2_orphan_pulse,2:46,2,46,video,radar,2,a,1785719194.601,1785719194.917,0.316,0.669,0.3345,2.0,orphan candidate on detector '2' not registered: pulse 0.316s < gate 0.669s
1785719200.456,2026-08-02 19:06:40.456187,201,below_sampling_floor,rule2_orphan_pulse,17:2,17,2,video,video,2,b,1785719199.788,1785719200.433,0.646,0.669,0.3345,2.0,orphan candidate on detector '2' not registered: pulse 0.646s < gate 0.669s
1785719200.458,2026-08-02 19:06:40.457960,201,below_sampling_floor,rule2_orphan_pulse,2:46,2,46,video,radar,2,a,1785719199.788,1785719200.433,0.646,0.669,0.3345,2.0,orphan candidate on detector '2' not registered: pulse 0.646s < gate 0.669s
1785719213.686,2026-08-02 19:06:53.686054,201,below_sampling_floor,rule2_orphan_pulse,22:4,22,4,video,video,22,a,1785719213.311,1785719213.657,0.346,0.669,0.3345,2.0,orphan candidate on detector '22' not registered: pulse 0.346s < gate 0.669s
1785719213.686,2026-08-02 19:06:53.686054,201,below_sampling_floor,rule2_orphan_pulse,22:4,22,4,video,video,4,b,1785719213.311,1785719213.657,0.346,0.669,0.3345,2.0,orphan candidate on detector '4' not registered: pulse 0.346s < gate 0.669s
1785719296.510,2026-08-02 19:08:16.509880,201,below_sampling_floor,rule2_orphan_pulse,3:30,30,3,video,video,3,b,1785719296.153,1785719296.467,0.314,0.6588,0.3294,2.0,orphan candidate on detector '3' not registered: pulse 0.314s < gate 0.659s
1785719296.510,2026-08-02 19:08:16.510481,201,below_sampling_floor,rule2_orphan_pulse,3:41,3,41,video,radar,3,a,1785719296.153,1785719296.467,0.314,0.6588,0.3294,2.0,orphan candidate on detector '3' not registered: pulse 0.314s < gate 0.659s
1785719317.795,2026-08-02 19:08:37.795146,201,below_sampling_floor,rule2_orphan_pulse,26:33,33,26,radar,video,33,a,1785719317.381,1785719317.721,0.339,0.6588,0.3294,2.0,orphan candidate on detector '33' not registered: pulse 0.339s < gate 0.659s
1785719345.516,2026-08-02 19:09:05.516050,201,below_sampling_floor,rule2_orphan_pulse,26:33,33,26,radar,video,33,a,1785719344.821,1785719345.468,0.647,0.6594,0.3297,2.0,orphan candidate on detector '33' not registered: pulse 0.647s < gate 0.659s
1785719347.739,2026-08-02 19:09:07.739406,201,below_sampling_floor,rule2_orphan_pulse,26:33,33,26,radar,video,33,a,1785719347.417,1785719347.721,0.304,0.6594,0.3297,2.0,orphan candidate on detector '33' not registered: pulse 0.304s < gate 0.659s
1785719369.024,2026-08-02 19:09:29.024458,201,below_sampling_floor,rule2_orphan_pulse,26:33,33,26,radar,video,33,a,1785719368.603,1785719368.958,0.355,0.6594,0.3297,2.0,orphan candidate on detector '33' not registered: pulse 0.355s < gate 0.659s
1785719370.645,2026-08-02 19:09:30.645100,201,below_sampling_floor,rule2_orphan_pulse,26:33,33,26,radar,video,33,a,1785719369.991,1785719370.645,0.655,0.6594,0.3297,2.0,orphan candidate on detector '33' not registered: pulse 0.655s < gate 0.659s
1785719376.798,2026-08-02 19:09:36.798378,201,below_sampling_floor,rule2_orphan_pulse,26:33,33,26,radar,video,33,a,1785719376.104,1785719376.759,0.655,0.6594,0.3297,2.0,orphan candidate on detector '33' not registered: pulse 0.655s < gate 0.659s
1785719409.777,2026-08-02 19:10:09.777498,201,below_sampling_floor,rule2_orphan_pulse,29:43,43,29,radar,video,29,b,1785719409.365,1785719409.700,0.334,0.656,0.328,2.0,orphan candidate on detector '29' not registered: pulse 0.334s < gate 0.656s
1785719489.079,2026-08-02 19:11:29.079364,201,below_sampling_floor,rule2_orphan_pulse,26:33,33,26,radar,video,33,a,1785719488.411,1785719489.067,0.657,0.6591,0.3296,2.0,orphan candidate on detector '33' not registered: pulse 0.657s < gate 0.659s
1785719499.072,2026-08-02 19:11:39.071578,201,below_sampling_floor,rule2_orphan_pulse,26:33,33,26,radar,video,33,a,1785719498.681,1785719499.027,0.346,0.6591,0.3296,2.0,orphan candidate on detector '33' not registered: pulse 0.346s < gate 0.659s
1785719515.000,2026-08-02 19:11:55.000246,201,below_sampling_floor,rule2_orphan_pulse,29:43,43,29,radar,video,29,b,1785719514.301,1785719514.934,0.633,0.6591,0.3296,2.0,orphan candidate on detector '29' not registered: pulse 0.633s < gate 0.659s
1785719584.993,2026-08-02 19:13:04.992852,201,below_sampling_floor,rule2_orphan_pulse,26:33,33,26,radar,video,33,a,1785719584.307,1785719584.966,0.659,0.6617,0.3308,2.0,orphan candidate on detector '33' not registered: pulse 0.659s < gate 0.662s
1785719590.040,2026-08-02 19:13:10.039968,201,below_sampling_floor,rule2_orphan_pulse,26:33,33,26,radar,video,33,a,1785719589.377,1785719590.021,0.644,0.6617,0.3308,2.0,orphan candidate on detector '33' not registered: pulse 0.644s < gate 0.662s
1785719592.759,2026-08-02 19:13:12.758977,201,below_sampling_floor,rule2_orphan_pulse,26:33,33,26,radar,video,33,a,1785719592.098,1785719592.749,0.65,0.6617,0.3308,2.0,orphan candidate on detector '33' not registered: pulse 0.650s < gate 0.662s
1785719632.094,2026-08-02 19:13:52.094322,201,below_sampling_floor,rule2_orphan_pulse,26:33,33,26,radar,video,33,a,1785719631.724,1785719632.043,0.319,0.6617,0.3308,2.0,orphan candidate on detector '33' not registered: pulse 0.319s < gate 0.662s
1785719648.106,2026-08-02 19:14:08.106383,201,below_sampling_floor,rule2_orphan_pulse,29:43,43,29,radar,video,29,b,1785719647.725,1785719648.034,0.308,0.6568,0.3284,2.0,orphan candidate on detector '29' not registered: pulse 0.308s < gate 0.657s
1785719649.116,2026-08-02 19:14:09.116448,201,below_sampling_floor,rule2_orphan_pulse,29:43,43,29,radar,video,29,b,1785719648.703,1785719649.040,0.337,0.6568,0.3284,2.0,orphan candidate on detector '29' not registered: pulse 0.337s < gate 0.657s
1785719672.937,2026-08-02 19:14:32.936806,201,below_sampling_floor,rule2_orphan_pulse,31:42,42,31,radar,video,42,a,1785719672.209,1785719672.851,0.642,0.6568,0.3284,2.0,orphan candidate on detector '42' not registered: pulse 0.642s < gate 0.657s
1785719672.937,2026-08-02 19:14:32.936806,201,below_sampling_floor,rule2_orphan_pulse,42:8,8,42,video,radar,42,b,1785719672.209,1785719672.851,0.642,0.6568,0.3284,2.0,orphan candidate on detector '42' not registered: pulse 0.642s < gate 0.657s
1785719673.241,2026-08-02 19:14:33.241421,201,below_sampling_floor,rule2_orphan_pulse,29:43,43,29,radar,video,43,a,1785719672.851,1785719673.177,0.326,0.6568,0.3284,2.0,orphan candidate on detector '43' not registered: pulse 0.326s < gate 0.657s
1785719752.638,2026-08-02 19:15:52.637968,201,below_sampling_floor,rule2_orphan_pulse,26:33,33,26,radar,video,33,a,1785719752.224,1785719752.549,0.325,0.6437,0.3219,2.0,orphan candidate on detector '33' not registered: pulse 0.325s < gate 0.644s
1785719755.460,2026-08-02 19:15:55.460387,201,below_sampling_floor,rule2_orphan_pulse,26:33,33,26,radar,video,33,a,1785719755.136,1785719755.458,0.322,0.6437,0.3219,2.0,orphan candidate on detector '33' not registered: pulse 0.322s < gate 0.644s
1785719758.688,2026-08-02 19:15:58.688225,201,below_sampling_floor,rule2_orphan_pulse,26:33,33,26,radar,video,33,a,1785719758.361,1785719758.685,0.324,0.6437,0.3219,2.0,orphan candidate on detector '33' not registered: pulse 0.324s < gate 0.644s
1785719760.401,2026-08-02 19:16:00.401120,201,below_sampling_floor,rule2_orphan_pulse,26:33,33,26,radar,video,33,a,1785719759.987,1785719760.322,0.334,0.6451,0.3225,2.0,orphan candidate on detector '33' not registered: pulse 0.334s < gate 0.645s
1785719763.023,2026-08-02 19:16:03.022757,201,below_sampling_floor,rule2_orphan_pulse,26:33,33,26,radar,video,33,a,1785719762.619,1785719762.955,0.336,0.6451,0.3225,2.0,orphan candidate on detector '33' not registered: pulse 0.336s < gate 0.645s
1785719769.072,2026-08-02 19:16:09.071576,201,below_sampling_floor,rule2_orphan_pulse,26:33,33,26,radar,video,33,a,1785719768.740,1785719769.055,0.315,0.6451,0.3225,2.0,orphan candidate on detector '33' not registered: pulse 0.315s < gate 0.645s
1785719773.914,2026-08-02 19:16:13.914056,201,below_sampling_floor,rule2_orphan_pulse,17:46,46,17,radar,video,46,a,1785719773.519,1785719773.838,0.319,0.6451,0.3225,2.0,orphan candidate on detector '46' not registered: pulse 0.319s < gate 0.645s
1785719773.919,2026-08-02 19:16:13.918810,201,below_sampling_floor,rule2_orphan_pulse,2:46,2,46,video,radar,46,b,1785719773.519,1785719773.838,0.319,0.6451,0.3225,2.0,orphan candidate on detector '46' not registered: pulse 0.319s < gate 0.645s
1785719783.916,2026-08-02 19:16:23.915680,201,below_sampling_floor,rule2_orphan_pulse,26:33,33,26,radar,video,33,a,1785719783.185,1785719783.820,0.635,0.6451,0.3225,2.0,orphan candidate on detector '33' not registered: pulse 0.635s < gate 0.645s
1785719785.531,2026-08-02 19:16:25.531328,201,below_sampling_floor,rule2_orphan_pulse,26:33,33,26,radar,video,33,a,1785719785.128,1785719785.442,0.314,0.6451,0.3225,2.0,orphan candidate on detector '33' not registered: pulse 0.314s < gate 0.645s
1785719787.762,2026-08-02 19:16:27.761704,201,below_sampling_floor,rule2_orphan_pulse,26:33,33,26,radar,video,33,a,1785719787.360,1785719787.672,0.312,0.6451,0.3225,2.0,orphan candidate on detector '33' not registered: pulse 0.312s < gate 0.645s
1785719791.307,2026-08-02 19:16:31.306583,201,below_sampling_floor,rule2_orphan_pulse,26:33,33,26,radar,video,33,a,1785719790.925,1785719791.245,0.319,0.6451,0.3225,2.0,orphan candidate on detector '33' not registered: pulse 0.319s < gate 0.645s
1785719792.617,2026-08-02 19:16:32.616854,201,below_sampling_floor,rule2_orphan_pulse,26:33,33,26,radar,video,33,a,1785719791.903,1785719792.539,0.636,0.6451,0.3225,2.0,orphan candidate on detector '33' not registered: pulse 0.636s < gate 0.645s
1785719795.442,2026-08-02 19:16:35.442149,201,below_sampling_floor,rule2_orphan_pulse,26:33,33,26,radar,video,33,a,1785719795.068,1785719795.378,0.31,0.6451,0.3225,2.0,orphan candidate on detector '33' not registered: pulse 0.310s < gate 0.645s
1785719799.989,2026-08-02 19:16:39.989281,201,below_sampling_floor,rule2_orphan_pulse,26:33,33,26,radar,video,33,a,1785719799.626,1785719799.946,0.321,0.6451,0.3225,2.0,orphan candidate on detector '33' not registered: pulse 0.321s < gate 0.645s
1785719802.206,2026-08-02 19:16:42.206434,201,below_sampling_floor,rule2_orphan_pulse,26:33,33,26,radar,video,33,a,1785719801.562,1785719802.196,0.635,0.6451,0.3225,2.0,orphan candidate on detector '33' not registered: pulse 0.635s < gate 0.645s
1785719809.072,2026-08-02 19:16:49.071881,201,below_sampling_floor,rule2_orphan_pulse,26:33,33,26,radar,video,33,a,1785719808.657,1785719808.977,0.319,0.6451,0.3225,2.0,orphan candidate on detector '33' not registered: pulse 0.319s < gate 0.645s
1785719817.562,2026-08-02 19:16:57.561760,201,below_sampling_floor,rule2_orphan_pulse,26:33,33,26,radar,video,33,a,1785719817.130,1785719817.477,0.347,0.6451,0.3225,2.0,orphan candidate on detector '33' not registered: pulse 0.347s < gate 0.645s
1785719870.126,2026-08-02 19:17:50.126233,201,below_sampling_floor,rule2_orphan_pulse,26:33,33,26,radar,video,33,a,1785719869.400,1785719870.055,0.655,0.6708,0.3354,2.0,orphan candidate on detector '33' not registered: pulse 0.655s < gate 0.671s
1785719871.438,2026-08-02 19:17:51.438163,201,below_sampling_floor,rule2_orphan_pulse,26:33,33,26,radar,video,33,a,1785719870.706,1785719871.339,0.633,0.6708,0.3354,2.0,orphan candidate on detector '33' not registered: pulse 0.633s < gate 0.671s
1785719874.272,2026-08-02 19:17:54.272138,201,below_sampling_floor,rule2_orphan_pulse,26:33,33,26,radar,video,33,a,1785719873.916,1785719874.242,0.326,0.6708,0.3354,2.0,orphan candidate on detector '33' not registered: pulse 0.326s < gate 0.671s
1785719997.171,2026-08-02 19:19:57.170603,201,below_sampling_floor,rule2_orphan_pulse,26:33,33,26,radar,video,33,a,1785719996.844,1785719997.144,0.3,0.6747,0.3374,2.0,orphan candidate on detector '33' not registered: pulse 0.300s < gate 0.675s
1785720044.051,2026-08-02 19:20:44.050750,201,below_sampling_floor,rule2_orphan_pulse,31:42,42,31,radar,video,31,b,1785720043.718,1785720044.027,0.309,0.6554,0.3277,2.0,orphan candidate on detector '31' not registered: pulse 0.309s < gate 0.655s
1785720082.667,2026-08-02 19:21:22.667361,201,below_sampling_floor,rule2_orphan_pulse,17:46,46,17,radar,video,46,a,1785720082.002,1785720082.666,0.664,0.6656,0.3328,2.0,orphan candidate on detector '46' not registered: pulse 0.664s < gate 0.666s
1785720121.377,2026-08-02 19:22:01.376788,201,below_sampling_floor,rule2_orphan_pulse,26:33,33,26,radar,video,33,a,1785720120.314,1785720121.285,0.971,1.022,0.511,2.0,orphan candidate on detector '33' not registered: pulse 0.971s < gate 1.022s
1785720123.698,2026-08-02 19:22:03.698171,201,below_sampling_floor,rule2_orphan_pulse,26:33,33,26,radar,video,33,a,1785720123.331,1785720123.686,0.354,1.022,0.511,2.0,orphan candidate on detector '33' not registered: pulse 0.354s < gate 1.022s
1785720129.148,2026-08-02 19:22:09.148358,201,below_sampling_floor,rule2_orphan_pulse,17:46,46,17,radar,video,46,a,1785720128.463,1785720129.131,0.668,1.022,0.511,2.0,orphan candidate on detector '46' not registered: pulse 0.668s < gate 1.022s
1785720129.150,2026-08-02 19:22:09.150096,201,below_sampling_floor,rule2_orphan_pulse,2:46,2,46,video,radar,46,b,1785720128.463,1785720129.131,0.668,1.022,0.511,2.0,orphan candidate on detector '46' not registered: pulse 0.668s < gate 1.022s
1785720130.568,2026-08-02 19:22:10.567764,201,below_sampling_floor,rule2_orphan_pulse,17:2,17,2,video,video,2,b,1785720129.827,1785720130.487,0.66,1.022,0.511,2.0,orphan candidate on detector '2' not registered: pulse 0.660s < gate 1.022s
1785720130.568,2026-08-02 19:22:10.567764,201,below_sampling_floor,rule2_orphan_pulse,2:46,2,46,video,radar,2,a,1785720129.827,1785720130.487,0.66,1.022,0.511,2.0,orphan candidate on detector '2' not registered: pulse 0.660s < gate 1.022s
1785720135.914,2026-08-02 19:22:15.913992,201,below_sampling_floor,rule2_orphan_pulse,26:33,33,26,radar,video,33,a,1785720135.537,1785720135.862,0.326,1.022,0.511,2.0,orphan candidate on detector '33' not registered: pulse 0.326s < gate 1.022s
1785720177.655,2026-08-02 19:22:57.655294,201,below_sampling_floor,rule2_orphan_pulse,24:7,24,7,video,video,7,b,1785720176.599,1785720177.567,0.969,1.022,0.511,2.0,orphan candidate on detector '7' not registered: pulse 0.969s < gate 1.022s
1785720177.656,2026-08-02 19:22:57.656335,201,below_sampling_floor,rule2_orphan_pulse,38:7,7,38,video,radar,7,a,1785720176.599,1785720177.567,0.969,1.022,0.511,2.0,orphan candidate on detector '7' not registered: pulse 0.969s < gate 1.022s
1785720183.705,2026-08-02 19:23:03.704687,201,below_sampling_floor,rule2_orphan_pulse,31:8,31,8,video,video,31,a,1785720043.718,1785720044.027,0.309,0.6522,0.3261,2.0,orphan candidate on detector '31' not registered: pulse 0.309s < gate 0.652s
1785720202.471,2026-08-02 19:23:22.470638,201,below_sampling_floor,rule2_orphan_pulse,17:46,46,17,radar,video,46,a,1785720201.769,1785720202.418,0.649,0.6522,0.3261,2.0,orphan candidate on detector '46' not registered: pulse 0.649s < gate 0.652s
1785720202.474,2026-08-02 19:23:22.473638,201,below_sampling_floor,rule2_orphan_pulse,2:46,2,46,video,radar,46,b,1785720201.769,1785720202.418,0.649,0.6522,0.3261,2.0,orphan candidate on detector '46' not registered: pulse 0.649s < gate 0.652s
1785720369.943,2026-08-02 19:26:09.943057,201,below_sampling_floor,rule2_orphan_pulse,26:33,33,26,radar,video,26,b,1785720369.189,1785720369.858,0.669,0.6818,0.3409,2.0,orphan candidate on detector '26' not registered: pulse 0.669s < gate 0.682s
1785720404.761,2026-08-02 19:26:44.761150,201,below_sampling_floor,rule2_orphan_pulse,26:33,33,26,radar,video,33,a,1785720404.355,1785720404.661,0.306,0.6818,0.3409,2.0,orphan candidate on detector '33' not registered: pulse 0.306s < gate 0.682s
1785720409.919,2026-08-02 19:26:49.918678,201,below_sampling_floor,rule2_orphan_pulse,26:33,33,26,radar,video,33,a,1785720409.514,1785720409.828,0.314,0.6818,0.3409,2.0,orphan candidate on detector '33' not registered: pulse 0.314s < gate 0.682s
1785720464.993,2026-08-02 19:27:44.992837,201,below_sampling_floor,rule2_orphan_pulse,17:46,46,17,radar,video,17,b,1785720464.322,1785720464.991,0.669,0.6704,0.3352,2.0,orphan candidate on detector '17' not registered: pulse 0.669s < gate 0.670s
1785720464.994,2026-08-02 19:27:44.993885,201,below_sampling_floor,rule2_orphan_pulse,17:2,17,2,video,video,17,a,1785720464.322,1785720464.991,0.669,0.6704,0.3352,2.0,orphan candidate on detector '17' not registered: pulse 0.669s < gate 0.670s
1785720465.699,2026-08-02 19:27:45.698999,201,below_sampling_floor,rule2_orphan_pulse,17:46,46,17,radar,video,17,b,1785720465.328,1785720465.674,0.347,0.6704,0.3352,2.0,orphan candidate on detector '17' not registered: pulse 0.347s < gate 0.670s
1785720465.702,2026-08-02 19:27:45.702017,201,below_sampling_floor,rule2_orphan_pulse,17:2,17,2,video,video,17,a,1785720465.328,1785720465.674,0.347,0.6704,0.3352,2.0,orphan candidate on detector '17' not registered: pulse 0.347s < gate 0.670s
1785720467.418,2026-08-02 19:27:47.418122,201,below_sampling_floor,rule2_orphan_pulse,17:46,46,17,radar,video,46,a,1785720466.745,1785720467.410,0.665,0.6704,0.3352,2.0,orphan candidate on detector '46' not registered: pulse 0.665s < gate 0.670s
1785720467.419,2026-08-02 19:27:47.419468,201,below_sampling_floor,rule2_orphan_pulse,2:46,2,46,video,radar,46,b,1785720466.745,1785720467.410,0.665,0.6704,0.3352,2.0,orphan candidate on detector '46' not registered: pulse 0.665s < gate 0.670s
1785720488.387,2026-08-02 19:28:08.386773,201,below_sampling_floor,rule2_orphan_pulse,26:33,33,26,radar,video,33,a,1785720488.025,1785720488.351,0.326,0.6734,0.3367,2.0,orphan candidate on detector '33' not registered: pulse 0.326s < gate 0.673s
1785720490.307,2026-08-02 19:28:10.307005,201,below_sampling_floor,rule2_orphan_pulse,26:33,33,26,radar,video,33,a,1785720489.961,1785720490.285,0.324,0.6734,0.3367,2.0,orphan candidate on detector '33' not registered: pulse 0.324s < gate 0.673s
1785720494.839,2026-08-02 19:28:14.838595,201,below_sampling_floor,rule2_orphan_pulse,26:33,33,26,radar,video,33,a,1785720494.480,1785720494.813,0.333,0.6734,0.3367,2.0,orphan candidate on detector '33' not registered: pulse 0.333s < gate 0.673s
1785720496.754,2026-08-02 19:28:16.753942,201,below_sampling_floor,rule2_orphan_pulse,26:33,33,26,radar,video,33,a,1785720496.426,1785720496.742,0.316,0.6734,0.3367,2.0,orphan candidate on detector '33' not registered: pulse 0.316s < gate 0.673s
1785720498.771,2026-08-02 19:28:18.771180,201,below_sampling_floor,rule2_orphan_pulse,26:33,33,26,radar,video,33,a,1785720498.367,1785720498.691,0.324,0.6734,0.3367,2.0,orphan candidate on detector '33' not registered: pulse 0.324s < gate 0.673s
1785720517.419,2026-08-02 19:28:37.418683,201,below_sampling_floor,rule2_orphan_pulse,26:33,33,26,radar,video,33,a,1785720517.006,1785720517.328,0.323,0.6734,0.3367,2.0,orphan candidate on detector '33' not registered: pulse 0.323s < gate 0.673s
1785720518.328,2026-08-02 19:28:38.328313,201,below_sampling_floor,rule2_orphan_pulse,26:33,33,26,radar,video,33,a,1785720517.984,1785720518.310,0.326,0.6734,0.3367,2.0,orphan candidate on detector '33' not registered: pulse 0.326s < gate 0.673s
1785720520.953,2026-08-02 19:28:40.953471,201,below_sampling_floor,rule2_orphan_pulse,26:33,33,26,radar,video,33,a,1785720520.581,1785720520.911,0.33,0.6734,0.3367,2.0,orphan candidate on detector '33' not registered: pulse 0.330s < gate 0.673s
1785720579.207,2026-08-02 19:29:39.207245,201,below_sampling_floor,rule2_orphan_pulse,26:33,33,26,radar,video,33,a,1785720578.513,1785720579.153,0.64,0.6513,0.3256,2.0,orphan candidate on detector '33' not registered: pulse 0.640s < gate 0.651s
1785720583.742,2026-08-02 19:29:43.742223,201,below_sampling_floor,rule2_orphan_pulse,26:33,33,26,radar,video,33,a,1785720583.065,1785720583.704,0.64,0.6513,0.3256,2.0,orphan candidate on detector '33' not registered: pulse 0.640s < gate 0.651s
1785720589.588,2026-08-02 19:29:49.588372,201,below_sampling_floor,rule2_orphan_pulse,26:33,33,26,radar,video,33,a,1785720589.222,1785720589.545,0.324,0.6513,0.3256,2.0,orphan candidate on detector '33' not registered: pulse 0.324s < gate 0.651s
1785720592.915,2026-08-02 19:29:52.915062,201,below_sampling_floor,rule2_orphan_pulse,26:33,33,26,radar,video,33,a,1785720592.545,1785720592.863,0.318,0.6513,0.3256,2.0,orphan candidate on detector '33' not registered: pulse 0.318s < gate 0.651s
1785720595.433,2026-08-02 19:29:55.433328,201,below_sampling_floor,rule2_orphan_pulse,26:33,33,26,radar,video,33,a,1785720595.107,1785720595.431,0.324,0.6513,0.3256,2.0,orphan candidate on detector '33' not registered: pulse 0.324s < gate 0.651s
1785720610.946,2026-08-02 19:30:10.946075,201,below_sampling_floor,rule2_orphan_pulse,26:33,33,26,radar,video,33,a,1785720610.541,1785720610.893,0.351,0.6636,0.3318,2.0,orphan candidate on detector '33' not registered: pulse 0.351s < gate 0.664s
1785720614.779,2026-08-02 19:30:14.779374,201,below_sampling_floor,rule2_orphan_pulse,26:33,33,26,radar,video,33,a,1785720614.397,1785720614.779,0.382,0.6636,0.3318,2.0,orphan candidate on detector '33' not registered: pulse 0.382s < gate 0.664s
1785720616.190,2026-08-02 19:30:16.189864,201,below_sampling_floor,rule2_orphan_pulse,26:33,33,26,radar,video,33,a,1785720615.830,1785720616.183,0.352,0.6636,0.3318,2.0,orphan candidate on detector '33' not registered: pulse 0.352s < gate 0.664s
1785720619.816,2026-08-02 19:30:19.816319,201,below_sampling_floor,rule2_orphan_pulse,26:33,33,26,radar,video,33,a,1785720619.381,1785720619.730,0.35,0.6636,0.3318,2.0,orphan candidate on detector '33' not registered: pulse 0.350s < gate 0.664s
1785720711.824,2026-08-02 19:31:51.823772,201,below_sampling_floor,rule2_orphan_pulse,31:42,42,31,radar,video,31,b,1785720646.003,1785720646.649,0.646,0.6625,0.3313,2.0,orphan candidate on detector '31' not registered: pulse 0.646s < gate 0.663s
1785720711.826,2026-08-02 19:31:51.825785,201,below_sampling_floor,rule2_orphan_pulse,31:8,31,8,video,video,31,a,1785720646.003,1785720646.649,0.646,0.6625,0.3313,2.0,orphan candidate on detector '31' not registered: pulse 0.646s < gate 0.663s
1785720732.264,2026-08-02 19:32:12.263802,201,below_sampling_floor,rule2_orphan_pulse,26:33,33,26,radar,video,33,a,1785720731.904,1785720732.233,0.33,0.6421,0.321,2.0,orphan candidate on detector '33' not registered: pulse 0.330s < gate 0.642s
1785720735.602,2026-08-02 19:32:15.602028,201,below_sampling_floor,rule2_orphan_pulse,26:33,33,26,radar,video,33,a,1785720735.191,1785720735.537,0.347,0.6421,0.321,2.0,orphan candidate on detector '33' not registered: pulse 0.347s < gate 0.642s
1785720741.246,2026-08-02 19:32:21.245701,201,below_sampling_floor,rule2_orphan_pulse,26:33,33,26,radar,video,33,a,1785720740.852,1785720741.191,0.339,0.6421,0.321,2.0,orphan candidate on detector '33' not registered: pulse 0.339s < gate 0.642s
1785720743.259,2026-08-02 19:32:23.259249,201,below_sampling_floor,rule2_orphan_pulse,26:33,33,26,radar,video,33,a,1785720742.904,1785720743.251,0.347,0.6421,0.321,2.0,orphan candidate on detector '33' not registered: pulse 0.347s < gate 0.642s
1785720752.446,2026-08-02 19:32:32.446191,201,below_sampling_floor,rule2_orphan_pulse,26:33,33,26,radar,video,33,a,1785720752.115,1785720752.442,0.327,0.6421,0.321,2.0,orphan candidate on detector '33' not registered: pulse 0.327s < gate 0.642s
1785720753.460,2026-08-02 19:32:33.459570,201,below_sampling_floor,rule2_orphan_pulse,26:33,33,26,radar,video,33,a,1785720753.096,1785720753.401,0.306,0.6421,0.321,2.0,orphan candidate on detector '33' not registered: pulse 0.306s < gate 0.642s
1785720755.072,2026-08-02 19:32:35.072221,201,below_sampling_floor,rule2_orphan_pulse,26:33,33,26,radar,video,33,a,1785720754.709,1785720755.051,0.342,0.6421,0.321,2.0,orphan candidate on detector '33' not registered: pulse 0.342s < gate 0.642s
1785720831.476,2026-08-02 19:33:51.475994,201,below_sampling_floor,rule2_orphan_pulse,29:43,43,29,radar,video,43,a,1785720830.818,1785720831.132,0.314,0.6427,0.3213,2.0,orphan candidate on detector '43' not registered: pulse 0.314s < gate 0.643s
1785720834.101,2026-08-02 19:33:54.100852,201,below_sampling_floor,rule2_orphan_pulse,30:41,41,30,radar,video,30,b,1785720833.392,1785720834.028,0.637,0.6427,0.3213,2.0,orphan candidate on detector '30' not registered: pulse 0.637s < gate 0.643s
1785720834.101,2026-08-02 19:33:54.100852,201,below_sampling_floor,rule2_orphan_pulse,3:30,30,3,video,video,30,a,1785720833.392,1785720834.028,0.637,0.6427,0.3213,2.0,orphan candidate on detector '30' not registered: pulse 0.637s < gate 0.643s
1785720988.145,2026-08-02 19:36:28.145493,201,below_sampling_floor,rule2_orphan_pulse,26:33,33,26,radar,video,33,a,1785720987.715,1785720988.050,0.335,0.6612,0.3306,2.0,orphan candidate on detector '33' not registered: pulse 0.335s < gate 0.661s
1785720990.666,2026-08-02 19:36:30.665659,201,below_sampling_floor,rule2_orphan_pulse,26:33,33,26,radar,video,33,a,1785720990.311,1785720990.653,0.342,0.6612,0.3306,2.0,orphan candidate on detector '33' not registered: pulse 0.342s < gate 0.661s
1785720993.896,2026-08-02 19:36:33.895601,201,below_sampling_floor,rule2_orphan_pulse,26:33,33,26,radar,video,33,a,1785720993.548,1785720993.879,0.332,0.6612,0.3306,2.0,orphan candidate on detector '33' not registered: pulse 0.332s < gate 0.661s
1785720997.219,2026-08-02 19:36:37.219398,201,below_sampling_floor,rule2_orphan_pulse,26:33,33,26,radar,video,33,a,1785720996.801,1785720997.124,0.323,0.6612,0.3306,2.0,orphan candidate on detector '33' not registered: pulse 0.323s < gate 0.661s
1785720998.839,2026-08-02 19:36:38.838778,201,below_sampling_floor,rule2_orphan_pulse,26:33,33,26,radar,video,33,a,1785720998.112,1785720998.746,0.635,0.6612,0.3306,2.0,orphan candidate on detector '33' not registered: pulse 0.635s < gate 0.661s
1785721002.679,2026-08-02 19:36:42.679472,201,below_sampling_floor,rule2_orphan_pulse,26:33,33,26,radar,video,33,a,1785721002.345,1785721002.674,0.329,0.6612,0.3306,2.0,orphan candidate on detector '33' not registered: pulse 0.329s < gate 0.661s
1785721004.295,2026-08-02 19:36:44.295186,201,below_sampling_floor,rule2_orphan_pulse,26:33,33,26,radar,video,33,a,1785721003.951,1785721004.271,0.32,0.6612,0.3306,2.0,orphan candidate on detector '33' not registered: pulse 0.320s < gate 0.661s
1785721118.465,2026-08-02 19:38:38.465446,201,below_sampling_floor,rule2_orphan_pulse,22:39,39,22,radar,video,22,b,1785721118.056,1785721118.389,0.332,0.67,0.335,2.0,orphan candidate on detector '22' not registered: pulse 0.332s < gate 0.670s
1785721118.468,2026-08-02 19:38:38.467556,201,below_sampling_floor,rule2_orphan_pulse,22:4,22,4,video,video,22,a,1785721118.056,1785721118.389,0.332,0.67,0.335,2.0,orphan candidate on detector '22' not registered: pulse 0.332s < gate 0.670s
1785721119.073,2026-08-02 19:38:39.072799,201,below_sampling_floor,rule2_orphan_pulse,24:7,24,7,video,video,7,b,1785721118.727,1785721119.049,0.321,0.67,0.335,2.0,orphan candidate on detector '7' not registered: pulse 0.321s < gate 0.670s
1785721119.076,2026-08-02 19:38:39.075848,201,below_sampling_floor,rule2_orphan_pulse,38:7,7,38,video,radar,7,a,1785721118.727,1785721119.049,0.321,0.67,0.335,2.0,orphan candidate on detector '7' not registered: pulse 0.321s < gate 0.670s
1785721127.355,2026-08-02 19:38:47.355242,201,below_sampling_floor,rule2_orphan_pulse,30:41,41,30,radar,video,30,b,1785721126.635,1785721127.263,0.628,0.67,0.335,2.0,orphan candidate on detector '30' not registered: pulse 0.628s < gate 0.670s
1785721127.355,2026-08-02 19:38:47.355242,201,below_sampling_floor,rule2_orphan_pulse,3:30,30,3,video,video,30,a,1785721126.635,1785721127.263,0.628,0.67,0.335,2.0,orphan candidate on detector '30' not registered: pulse 0.628s < gate 0.670s
1785721139.387,2026-08-02 19:38:59.386966,201,below_sampling_floor,rule2_orphan_pulse,26:33,33,26,radar,video,33,a,1785721138.677,1785721139.331,0.654,0.66,0.33,2.0,orphan candidate on detector '33' not registered: pulse 0.654s < gate 0.660s
1785721159.370,2026-08-02 19:39:19.370033,201,below_sampling_floor,rule2_orphan_pulse,17:46,46,17,radar,video,46,a,1785721158.685,1785721159.343,0.658,0.66,0.33,2.0,orphan candidate on detector '46' not registered: pulse 0.658s < gate 0.660s
1785721159.372,2026-08-02 19:39:19.372044,201,below_sampling_floor,rule2_orphan_pulse,2:46,2,46,video,radar,46,b,1785721158.685,1785721159.343,0.658,0.66,0.33,2.0,orphan candidate on detector '46' not registered: pulse 0.658s < gate 0.660s
1785721166.335,2026-08-02 19:39:26.335310,201,below_sampling_floor,rule2_orphan_pulse,30:41,41,30,radar,video,30,b,1785721165.989,1785721166.335,0.347,0.66,0.33,2.0,orphan candidate on detector '30' not registered: pulse 0.347s < gate 0.660s
1785721166.335,2026-08-02 19:39:26.335310,201,below_sampling_floor,rule2_orphan_pulse,3:30,30,3,video,video,30,a,1785721165.989,1785721166.335,0.347,0.66,0.33,2.0,orphan candidate on detector '30' not registered: pulse 0.347s < gate 0.660s
1785721169.674,2026-08-02 19:39:29.673715,201,below_sampling_floor,rule2_orphan_pulse,3:30,30,3,video,video,3,b,1785721168.988,1785721169.631,0.643,0.66,0.33,2.0,orphan candidate on detector '3' not registered: pulse 0.643s < gate 0.660s
1785721169.674,2026-08-02 19:39:29.673715,201,below_sampling_floor,rule2_orphan_pulse,3:41,3,41,video,radar,3,a,1785721168.988,1785721169.631,0.643,0.66,0.33,2.0,orphan candidate on detector '3' not registered: pulse 0.643s < gate 0.660s
1785721178.256,2026-08-02 19:39:38.255759,201,below_sampling_floor,rule2_orphan_pulse,17:2,17,2,video,video,2,b,1785721177.851,1785721178.182,0.331,0.66,0.33,2.0,orphan candidate on detector '2' not registered: pulse 0.331s < gate 0.660s
1785721178.257,2026-08-02 19:39:38.256765,201,below_sampling_floor,rule2_orphan_pulse,2:46,2,46,video,radar,2,a,1785721177.851,1785721178.182,0.331,0.66,0.33,2.0,orphan candidate on detector '2' not registered: pulse 0.331s < gate 0.660s
1785721211.325,2026-08-02 19:40:11.324862,201,below_sampling_floor,rule2_orphan_pulse,26:33,33,26,radar,video,33,a,1785721210.662,1785721211.299,0.637,0.6534,0.3267,2.0,orphan candidate on detector '33' not registered: pulse 0.637s < gate 0.653s
1785721213.949,2026-08-02 19:40:13.949467,201,below_sampling_floor,rule2_orphan_pulse,26:33,33,26,radar,video,33,a,1785721213.230,1785721213.879,0.648,0.6534,0.3267,2.0,orphan candidate on detector '33' not registered: pulse 0.648s < gate 0.653s
1785721220.403,2026-08-02 19:40:20.403039,201,below_sampling_floor,rule2_orphan_pulse,26:33,33,26,radar,video,33,a,1785721219.721,1785721220.364,0.643,0.6534,0.3267,2.0,orphan candidate on detector '33' not registered: pulse 0.643s < gate 0.653s
1785721336.716,2026-08-02 19:42:16.716488,201,below_sampling_floor,rule2_orphan_pulse,31:42,42,31,radar,video,31,b,1785721336.373,1785721336.687,0.314,0.655,0.3275,2.0,orphan candidate on detector '31' not registered: pulse 0.314s < gate 0.655s
1785721336.718,2026-08-02 19:42:16.718019,201,below_sampling_floor,rule2_orphan_pulse,31:8,31,8,video,video,31,a,1785721336.373,1785721336.687,0.314,0.655,0.3275,2.0,orphan candidate on detector '31' not registered: pulse 0.314s < gate 0.655s
1785721344.791,2026-08-02 19:42:24.791139,201,below_sampling_floor,rule2_orphan_pulse,29:43,43,29,radar,video,29,b,1785721344.365,1785721344.693,0.328,0.655,0.3275,2.0,orphan candidate on detector '29' not registered: pulse 0.328s < gate 0.655s
1785721344.791,2026-08-02 19:42:24.791139,201,below_sampling_floor,rule2_orphan_pulse,31:42,42,31,radar,video,31,b,1785721344.365,1785721344.693,0.328,0.655,0.3275,2.0,orphan candidate on detector '31' not registered: pulse 0.328s < gate 0.655s
1785721402.804,2026-08-02 19:43:22.804138,201,below_sampling_floor,rule2_orphan_pulse,26:33,33,26,radar,video,33,a,1785721402.442,1785721402.768,0.326,0.6639,0.332,2.0,orphan candidate on detector '33' not registered: pulse 0.326s < gate 0.664s
1785721409.862,2026-08-02 19:43:29.862296,201,below_sampling_floor,rule2_orphan_pulse,31:8,31,8,video,video,31,a,1785721344.365,1785721344.693,0.328,0.6639,0.332,2.0,orphan candidate on detector '31' not registered: pulse 0.328s < gate 0.664s
1785721424.981,2026-08-02 19:43:44.980956,201,below_sampling_floor,rule2_orphan_pulse,17:2,17,2,video,video,2,b,1785721424.612,1785721424.937,0.325,0.6639,0.332,2.0,orphan candidate on detector '2' not registered: pulse 0.325s < gate 0.664s
1785721424.982,2026-08-02 19:43:44.981968,201,below_sampling_floor,rule2_orphan_pulse,2:46,2,46,video,radar,2,a,1785721424.612,1785721424.937,0.325,0.6639,0.332,2.0,orphan candidate on detector '2' not registered: pulse 0.325s < gate 0.664s
1785721429.529,2026-08-02 19:43:49.529015,201,below_sampling_floor,rule2_orphan_pulse,17:2,17,2,video,video,2,b,1785721429.199,1785721429.508,0.309,0.6639,0.332,2.0,orphan candidate on detector '2' not registered: pulse 0.309s < gate 0.664s
1785721429.529,2026-08-02 19:43:49.529015,201,below_sampling_floor,rule2_orphan_pulse,2:46,2,46,video,radar,2,a,1785721429.199,1785721429.508,0.309,0.6639,0.332,2.0,orphan candidate on detector '2' not registered: pulse 0.309s < gate 0.664s
1785721450.411,2026-08-02 19:44:10.410702,201,below_sampling_floor,rule2_orphan_pulse,31:8,31,8,video,video,8,b,1785721449.965,1785721450.316,0.351,0.6617,0.3309,2.0,orphan candidate on detector '8' not registered: pulse 0.351s < gate 0.662s
1785721450.412,2026-08-02 19:44:10.412229,201,below_sampling_floor,rule2_orphan_pulse,42:8,8,42,video,radar,8,a,1785721449.965,1785721450.316,0.351,0.6617,0.3309,2.0,orphan candidate on detector '8' not registered: pulse 0.351s < gate 0.662s
1785721575.381,2026-08-02 19:46:15.381208,201,below_sampling_floor,rule2_orphan_pulse,26:33,33,26,radar,video,33,a,1785721574.646,1785721575.298,0.652,0.6622,0.3311,2.0,orphan candidate on detector '33' not registered: pulse 0.652s < gate 0.662s
1785721582.839,2026-08-02 19:46:22.839446,201,below_sampling_floor,rule2_orphan_pulse,26:33,33,26,radar,video,33,a,1785721582.413,1785721582.742,0.329,0.6622,0.3311,2.0,orphan candidate on detector '33' not registered: pulse 0.329s < gate 0.662s
1785721584.655,2026-08-02 19:46:24.654971,201,below_sampling_floor,rule2_orphan_pulse,26:33,33,26,radar,video,33,a,1785721584.327,1785721584.655,0.328,0.6622,0.3311,2.0,orphan candidate on detector '33' not registered: pulse 0.328s < gate 0.662s
1785721588.296,2026-08-02 19:46:28.295965,201,below_sampling_floor,rule2_orphan_pulse,30:41,41,30,radar,video,30,b,1785721587.885,1785721588.211,0.326,0.6622,0.3311,2.0,orphan candidate on detector '30' not registered: pulse 0.326s < gate 0.662s
1785721588.296,2026-08-02 19:46:28.295965,201,below_sampling_floor,rule2_orphan_pulse,3:30,30,3,video,video,30,a,1785721587.885,1785721588.211,0.326,0.6622,0.3311,2.0,orphan candidate on detector '30' not registered: pulse 0.326s < gate 0.662s
1785721634.118,2026-08-02 19:47:14.117656,201,below_sampling_floor,rule2_orphan_pulse,17:46,46,17,radar,video,17,b,1785721633.380,1785721634.030,0.651,0.9055,0.4527,2.0,orphan candidate on detector '17' not registered: pulse 0.651s < gate 0.905s
1785721634.119,2026-08-02 19:47:14.118669,201,below_sampling_floor,rule2_orphan_pulse,17:2,17,2,video,video,17,a,1785721633.380,1785721634.030,0.651,0.9055,0.4527,2.0,orphan candidate on detector '17' not registered: pulse 0.651s < gate 0.905s
1785721640.677,2026-08-02 19:47:20.676563,201,below_sampling_floor,rule2_orphan_pulse,17:46,46,17,radar,video,46,a,1785721640.006,1785721640.650,0.645,0.9055,0.4527,2.0,orphan candidate on detector '46' not registered: pulse 0.645s < gate 0.905s
1785721640.680,2026-08-02 19:47:20.679766,201,below_sampling_floor,rule2_orphan_pulse,2:46,2,46,video,radar,46,b,1785721640.006,1785721640.650,0.645,0.9055,0.4527,2.0,orphan candidate on detector '46' not registered: pulse 0.645s < gate 0.905s
1785721691.008,2026-08-02 19:48:11.007505,201,below_sampling_floor,rule2_orphan_pulse,29:43,43,29,radar,video,29,b,1785721690.615,1785721690.939,0.324,0.6463,0.3231,2.0,orphan candidate on detector '29' not registered: pulse 0.324s < gate 0.646s
1785721741.552,2026-08-02 19:49:01.551753,201,below_sampling_floor,rule2_orphan_pulse,29:43,43,29,radar,video,29,b,1785721741.161,1785721741.481,0.321,0.6606,0.3303,2.0,orphan candidate on detector '29' not registered: pulse 0.321s < gate 0.661s
1785721742.561,2026-08-02 19:49:02.560918,201,below_sampling_floor,rule2_orphan_pulse,29:43,43,29,radar,video,29,b,1785721742.188,1785721742.512,0.325,0.6606,0.3303,2.0,orphan candidate on detector '29' not registered: pulse 0.325s < gate 0.661s
1785721743.877,2026-08-02 19:49:03.877427,201,below_sampling_floor,rule2_orphan_pulse,29:43,43,29,radar,video,29,b,1785721743.158,1785721743.816,0.658,0.6606,0.3303,2.0,orphan candidate on detector '29' not registered: pulse 0.658s < gate 0.661s
1785721809.419,2026-08-02 19:50:09.418704,201,below_sampling_floor,rule2_orphan_pulse,26:33,33,26,radar,video,33,a,1785721808.692,1785721809.318,0.626,0.6489,0.3245,2.0,orphan candidate on detector '33' not registered: pulse 0.626s < gate 0.649s
1785721811.338,2026-08-02 19:50:11.337848,201,below_sampling_floor,rule2_orphan_pulse,26:33,33,26,radar,video,33,a,1785721810.619,1785721811.253,0.634,0.6489,0.3245,2.0,orphan candidate on detector '33' not registered: pulse 0.634s < gate 0.649s
1785721817.904,2026-08-02 19:50:17.903707,201,below_sampling_floor,rule2_orphan_pulse,26:33,33,26,radar,video,33,a,1785721817.503,1785721817.831,0.328,0.6489,0.3245,2.0,orphan candidate on detector '33' not registered: pulse 0.328s < gate 0.649s
1785721821.238,2026-08-02 19:50:21.238387,201,below_sampling_floor,rule2_orphan_pulse,26:33,33,26,radar,video,33,a,1785721820.539,1785721821.179,0.639,0.6489,0.3245,2.0,orphan candidate on detector '33' not registered: pulse 0.639s < gate 0.649s
1785721859.380,2026-08-02 19:50:59.379619,201,below_sampling_floor,rule2_orphan_pulse,17:2,17,2,video,video,2,b,1785721858.703,1785721859.335,0.632,0.6489,0.3245,2.0,orphan candidate on detector '2' not registered: pulse 0.632s < gate 0.649s
1785721859.382,2026-08-02 19:50:59.381775,201,below_sampling_floor,rule2_orphan_pulse,2:46,2,46,video,radar,2,a,1785721858.703,1785721859.335,0.632,0.6489,0.3245,2.0,orphan candidate on detector '2' not registered: pulse 0.632s < gate 0.649s
1785721872.596,2026-08-02 19:51:12.595559,201,below_sampling_floor,rule2_orphan_pulse,17:46,46,17,radar,video,46,a,1785721871.882,1785721872.518,0.636,0.6463,0.3232,2.0,orphan candidate on detector '46' not registered: pulse 0.636s < gate 0.646s
1785721872.596,2026-08-02 19:51:12.595559,201,below_sampling_floor,rule2_orphan_pulse,2:46,2,46,video,radar,46,b,1785721871.882,1785721872.518,0.636,0.6463,0.3232,2.0,orphan candidate on detector '46' not registered: pulse 0.636s < gate 0.646s
1785721908.102,2026-08-02 19:51:48.102484,201,below_sampling_floor,rule2_orphan_pulse,29:43,43,29,radar,video,29,b,1785721907.705,1785721908.030,0.326,0.6463,0.3232,2.0,orphan candidate on detector '29' not registered: pulse 0.326s < gate 0.646s
1785721986.447,2026-08-02 19:53:06.447413,201,below_sampling_floor,rule2_orphan_pulse,17:2,17,2,video,video,2,b,1785721985.807,1785721986.437,0.631,0.6541,0.327,2.0,orphan candidate on detector '2' not registered: pulse 0.631s < gate 0.654s
1785721986.447,2026-08-02 19:53:06.447413,201,below_sampling_floor,rule2_orphan_pulse,2:46,2,46,video,radar,2,a,1785721985.807,1785721986.437,0.631,0.6541,0.327,2.0,orphan candidate on detector '2' not registered: pulse 0.631s < gate 0.654s
1785722103.850,2026-08-02 19:55:03.849730,201,below_sampling_floor,rule2_orphan_pulse,26:33,33,26,radar,video,33,a,1785722103.484,1785722103.798,0.314,0.656,0.328,2.0,orphan candidate on detector '33' not registered: pulse 0.314s < gate 0.656s
1785722105.164,2026-08-02 19:55:05.163894,201,below_sampling_floor,rule2_orphan_pulse,26:33,33,26,radar,video,33,a,1785722104.770,1785722105.075,0.305,0.656,0.328,2.0,orphan candidate on detector '33' not registered: pulse 0.305s < gate 0.656s
1785722108.394,2026-08-02 19:55:08.393857,201,below_sampling_floor,rule2_orphan_pulse,26:33,33,26,radar,video,33,a,1785722107.676,1785722108.329,0.653,0.656,0.328,2.0,orphan candidate on detector '33' not registered: pulse 0.653s < gate 0.656s
1785722110.011,2026-08-02 19:55:10.010987,201,below_sampling_floor,rule2_orphan_pulse,26:33,33,26,radar,video,33,a,1785722109.616,1785722109.947,0.33,0.656,0.328,2.0,orphan candidate on detector '33' not registered: pulse 0.330s < gate 0.656s
1785722111.929,2026-08-02 19:55:11.928923,201,below_sampling_floor,rule2_orphan_pulse,26:33,33,26,radar,video,33,a,1785722111.581,1785722111.904,0.323,0.656,0.328,2.0,orphan candidate on detector '33' not registered: pulse 0.323s < gate 0.656s
1785722113.241,2026-08-02 19:55:13.240560,201,below_sampling_floor,rule2_orphan_pulse,26:33,33,26,radar,video,33,a,1785722112.558,1785722113.203,0.645,0.656,0.328,2.0,orphan candidate on detector '33' not registered: pulse 0.645s < gate 0.656s
1785722117.881,2026-08-02 19:55:17.880831,201,below_sampling_floor,rule2_orphan_pulse,26:33,33,26,radar,video,33,a,1785722117.471,1785722117.797,0.326,0.656,0.328,2.0,orphan candidate on detector '33' not registered: pulse 0.326s < gate 0.656s
1785722119.194,2026-08-02 19:55:19.194312,201,below_sampling_floor,rule2_orphan_pulse,26:33,33,26,radar,video,33,a,1785722118.446,1785722119.096,0.651,0.656,0.328,2.0,orphan candidate on detector '33' not registered: pulse 0.651s < gate 0.656s
1785722142.097,2026-08-02 19:55:42.097093,201,below_sampling_floor,rule2_orphan_pulse,17:2,17,2,video,video,2,b,1785722141.677,1785722142.044,0.367,0.656,0.328,2.0,orphan candidate on detector '2' not registered: pulse 0.367s < gate 0.656s
1785722142.097,2026-08-02 19:55:42.097093,201,below_sampling_floor,rule2_orphan_pulse,2:46,2,46,video,radar,2,a,1785722141.677,1785722142.044,0.367,0.656,0.328,2.0,orphan candidate on detector '2' not registered: pulse 0.367s < gate 0.656s
1785722209.014,2026-08-02 19:56:49.013707,201,below_sampling_floor,rule2_orphan_pulse,17:2,17,2,video,video,2,b,1785722208.625,1785722208.948,0.324,0.6632,0.3316,2.0,orphan candidate on detector '2' not registered: pulse 0.324s < gate 0.663s
1785722209.015,2026-08-02 19:56:49.014716,201,below_sampling_floor,rule2_orphan_pulse,2:46,2,46,video,radar,2,a,1785722208.625,1785722208.948,0.324,0.6632,0.3316,2.0,orphan candidate on detector '2' not registered: pulse 0.324s < gate 0.663s
1785722243.915,2026-08-02 19:57:23.915470,201,below_sampling_floor,rule2_orphan_pulse,26:33,33,26,radar,video,33,a,1785722243.187,1785722243.822,0.635,0.6427,0.3214,2.0,orphan candidate on detector '33' not registered: pulse 0.635s < gate 0.643s
1785722260.250,2026-08-02 19:57:40.250401,201,below_sampling_floor,rule2_orphan_pulse,29:43,43,29,radar,video,43,a,1785722259.898,1785722260.216,0.319,0.6427,0.3214,2.0,orphan candidate on detector '43' not registered: pulse 0.319s < gate 0.643s
1785722297.177,2026-08-02 19:58:17.176843,201,below_sampling_floor,rule2_orphan_pulse,17:2,17,2,video,video,2,b,1785722296.512,1785722297.150,0.639,0.6571,0.3285,2.0,orphan candidate on detector '2' not registered: pulse 0.639s < gate 0.657s
1785722297.177,2026-08-02 19:58:17.176843,201,below_sampling_floor,rule2_orphan_pulse,2:46,2,46,video,radar,2,a,1785722296.512,1785722297.150,0.639,0.6571,0.3285,2.0,orphan candidate on detector '2' not registered: pulse 0.639s < gate 0.657s
1785722300.109,2026-08-02 19:58:20.109230,201,below_sampling_floor,rule2_orphan_pulse,17:46,46,17,radar,video,17,b,1785722299.723,1785722300.059,0.336,0.6571,0.3285,2.0,orphan candidate on detector '17' not registered: pulse 0.336s < gate 0.657s
1785722300.109,2026-08-02 19:58:20.109230,201,below_sampling_floor,rule2_orphan_pulse,17:2,17,2,video,video,17,a,1785722299.723,1785722300.059,0.336,0.6571,0.3285,2.0,orphan candidate on detector '17' not registered: pulse 0.336s < gate 0.657s
1785722301.022,2026-08-02 19:58:21.021775,201,below_sampling_floor,rule2_orphan_pulse,17:2,17,2,video,video,2,b,1785722300.702,1785722301.020,0.318,0.6571,0.3285,2.0,orphan candidate on detector '2' not registered: pulse 0.318s < gate 0.657s
1785722301.024,2026-08-02 19:58:21.024004,201,below_sampling_floor,rule2_orphan_pulse,2:46,2,46,video,radar,2,a,1785722300.702,1785722301.020,0.318,0.6571,0.3285,2.0,orphan candidate on detector '2' not registered: pulse 0.318s < gate 0.657s
1785722394.545,2026-08-02 19:59:54.544593,201,below_sampling_floor,rule2_orphan_pulse,26:33,33,26,radar,video,33,a,1785722393.798,1785722394.444,0.646,0.6603,0.3302,2.0,orphan candidate on detector '33' not registered: pulse 0.646s < gate 0.660s
1785722408.957,2026-08-02 20:00:08.957397,201,below_sampling_floor,rule2_orphan_pulse,26:33,33,26,radar,video,33,a,1785722408.606,1785722408.924,0.318,0.6504,0.3252,2.0,orphan candidate on detector '33' not registered: pulse 0.318s < gate 0.650s
1785722412.694,2026-08-02 20:00:12.693831,201,below_sampling_floor,rule2_orphan_pulse,26:33,33,26,radar,video,33,a,1785722412.271,1785722412.599,0.327,0.6504,0.3252,2.0,orphan candidate on detector '33' not registered: pulse 0.327s < gate 0.650s
1785722415.324,2026-08-02 20:00:15.324323,201,below_sampling_floor,rule2_orphan_pulse,17:46,46,17,radar,video,46,a,1785722414.601,1785722415.250,0.649,0.6504,0.3252,2.0,orphan candidate on detector '46' not registered: pulse 0.649s < gate 0.650s
1785722415.326,2026-08-02 20:00:15.325845,201,below_sampling_floor,rule2_orphan_pulse,2:46,2,46,video,radar,46,b,1785722414.601,1785722415.250,0.649,0.6504,0.3252,2.0,orphan candidate on detector '46' not registered: pulse 0.649s < gate 0.650s
1785722428.258,2026-08-02 20:00:28.257709,201,below_sampling_floor,rule2_orphan_pulse,17:2,17,2,video,video,2,b,1785722427.868,1785722428.189,0.321,0.6504,0.3252,2.0,orphan candidate on detector '2' not registered: pulse 0.321s < gate 0.650s
1785722428.258,2026-08-02 20:00:28.258360,201,below_sampling_floor,rule2_orphan_pulse,2:46,2,46,video,radar,2,a,1785722427.868,1785722428.189,0.321,0.6504,0.3252,2.0,orphan candidate on detector '2' not registered: pulse 0.321s < gate 0.650s
1785722481.238,2026-08-02 20:01:21.237605,201,below_sampling_floor,rule2_orphan_pulse,26:33,33,26,radar,video,33,a,1785722480.543,1785722481.201,0.658,0.6641,0.3321,2.0,orphan candidate on detector '33' not registered: pulse 0.658s < gate 0.664s
1785722531.409,2026-08-02 20:02:11.409397,201,below_sampling_floor,rule2_orphan_pulse,26:33,33,26,radar,video,33,a,1785722531.040,1785722531.371,0.331,0.6704,0.3352,2.0,orphan candidate on detector '33' not registered: pulse 0.331s < gate 0.670s
1785722532.718,2026-08-02 20:02:12.717937,201,below_sampling_floor,rule2_orphan_pulse,26:33,33,26,radar,video,33,a,1785722532.046,1785722532.694,0.648,0.6704,0.3352,2.0,orphan candidate on detector '33' not registered: pulse 0.648s < gate 0.670s
1785722537.562,2026-08-02 20:02:17.562472,201,below_sampling_floor,rule2_orphan_pulse,26:33,33,26,radar,video,33,a,1785722537.233,1785722537.562,0.329,0.6704,0.3352,2.0,orphan candidate on detector '33' not registered: pulse 0.329s < gate 0.670s
1785722539.885,2026-08-02 20:02:19.884689,201,below_sampling_floor,rule2_orphan_pulse,26:33,33,26,radar,video,33,a,1785722539.190,1785722539.854,0.663,0.6704,0.3352,2.0,orphan candidate on detector '33' not registered: pulse 0.663s < gate 0.670s
1785722544.430,2026-08-02 20:02:24.429835,201,below_sampling_floor,rule2_orphan_pulse,26:33,33,26,radar,video,33,a,1785722543.764,1785722544.429,0.665,0.6704,0.3352,2.0,orphan candidate on detector '33' not registered: pulse 0.665s < gate 0.670s
1785722546.044,2026-08-02 20:02:26.044325,201,below_sampling_floor,rule2_orphan_pulse,26:33,33,26,radar,video,33,a,1785722545.700,1785722546.022,0.323,0.6704,0.3352,2.0,orphan candidate on detector '33' not registered: pulse 0.323s < gate 0.670s
1785722570.856,2026-08-02 20:02:50.856438,201,below_sampling_floor,rule2_orphan_pulse,17:2,17,2,video,video,2,b,1785722570.485,1785722570.808,0.323,0.6704,0.3352,2.0,orphan candidate on detector '2' not registered: pulse 0.323s < gate 0.670s
1785722570.858,2026-08-02 20:02:50.857616,201,below_sampling_floor,rule2_orphan_pulse,2:46,2,46,video,radar,2,a,1785722570.485,1785722570.808,0.323,0.6704,0.3352,2.0,orphan candidate on detector '2' not registered: pulse 0.323s < gate 0.670s
1785722582.171,2026-08-02 20:03:02.171026,201,below_sampling_floor,rule2_orphan_pulse,17:2,17,2,video,video,2,b,1785722581.843,1785722582.164,0.321,0.6475,0.3238,2.0,orphan candidate on detector '2' not registered: pulse 0.321s < gate 0.648s
1785722582.172,2026-08-02 20:03:02.172499,201,below_sampling_floor,rule2_orphan_pulse,2:46,2,46,video,radar,2,a,1785722581.843,1785722582.164,0.321,0.6475,0.3238,2.0,orphan candidate on detector '2' not registered: pulse 0.321s < gate 0.648s
1785722603.150,2026-08-02 20:03:23.150197,201,below_sampling_floor,rule2_orphan_pulse,26:33,33,26,radar,video,33,a,1785722602.494,1785722603.140,0.646,0.6475,0.3238,2.0,orphan candidate on detector '33' not registered: pulse 0.646s < gate 0.648s
1785722608.099,2026-08-02 20:03:28.098900,201,below_sampling_floor,rule2_orphan_pulse,26:33,33,26,radar,video,33,a,1785722607.727,1785722608.041,0.314,0.6475,0.3238,2.0,orphan candidate on detector '33' not registered: pulse 0.314s < gate 0.648s
1785722610.715,2026-08-02 20:03:30.714862,201,below_sampling_floor,rule2_orphan_pulse,26:33,33,26,radar,video,33,a,1785722610.310,1785722610.627,0.317,0.6475,0.3238,2.0,orphan candidate on detector '33' not registered: pulse 0.317s < gate 0.648s
1785722613.741,2026-08-02 20:03:33.740677,201,below_sampling_floor,rule2_orphan_pulse,26:33,33,26,radar,video,33,a,1785722613.266,1785722613.640,0.374,0.6475,0.3238,2.0,orphan candidate on detector '33' not registered: pulse 0.374s < gate 0.648s
1785722615.453,2026-08-02 20:03:35.453225,201,below_sampling_floor,rule2_orphan_pulse,26:33,33,26,radar,video,33,a,1785722615.074,1785722615.402,0.328,0.6475,0.3238,2.0,orphan candidate on detector '33' not registered: pulse 0.328s < gate 0.648s
1785722619.590,2026-08-02 20:03:39.590355,201,below_sampling_floor,rule2_orphan_pulse,26:33,33,26,radar,video,33,a,1785722619.252,1785722619.578,0.326,0.6475,0.3238,2.0,orphan candidate on detector '33' not registered: pulse 0.326s < gate 0.648s
1785722658.110,2026-08-02 20:04:18.110128,201,below_sampling_floor,rule2_orphan_pulse,17:2,17,2,video,video,2,b,1785722657.431,1785722658.080,0.649,0.6495,0.3248,2.0,orphan candidate on detector '2' not registered: pulse 0.649s < gate 0.650s
1785722658.111,2026-08-02 20:04:18.111135,201,below_sampling_floor,rule2_orphan_pulse,2:46,2,46,video,radar,2,a,1785722657.431,1785722658.080,0.649,0.6495,0.3248,2.0,orphan candidate on detector '2' not registered: pulse 0.649s < gate 0.650s
1785722669.015,2026-08-02 20:04:29.015334,201,below_sampling_floor,rule2_orphan_pulse,26:33,33,26,radar,video,33,a,1785722668.658,1785722669.000,0.342,0.6495,0.3248,2.0,orphan candidate on detector '33' not registered: pulse 0.342s < gate 0.650s
1785722674.555,2026-08-02 20:04:34.555018,201,below_sampling_floor,rule2_orphan_pulse,26:33,33,26,radar,video,33,a,1785722674.210,1785722674.551,0.341,0.6495,0.3248,2.0,orphan candidate on detector '33' not registered: pulse 0.341s < gate 0.650s
1785722675.966,2026-08-02 20:04:35.965708,201,below_sampling_floor,rule2_orphan_pulse,26:33,33,26,radar,video,33,a,1785722675.580,1785722675.916,0.336,0.6495,0.3248,2.0,orphan candidate on detector '33' not registered: pulse 0.336s < gate 0.650s
1785722696.045,2026-08-02 20:04:56.045494,201,below_sampling_floor,rule2_orphan_pulse,26:33,33,26,radar,video,33,a,1785722695.342,1785722695.989,0.647,0.6495,0.3248,2.0,orphan candidate on detector '33' not registered: pulse 0.647s < gate 0.650s
1785722715.722,2026-08-02 20:05:15.721997,201,below_sampling_floor,rule2_orphan_pulse,17:2,17,2,video,video,2,b,1785722715.334,1785722715.657,0.324,1.0601,0.53,2.0,orphan candidate on detector '2' not registered: pulse 0.324s < gate 1.060s
1785722715.723,2026-08-02 20:05:15.723015,201,below_sampling_floor,rule2_orphan_pulse,2:46,2,46,video,radar,2,a,1785722715.334,1785722715.657,0.324,1.0601,0.53,2.0,orphan candidate on detector '2' not registered: pulse 0.324s < gate 1.060s
1785722716.733,2026-08-02 20:05:16.732548,201,below_sampling_floor,rule2_orphan_pulse,17:2,17,2,video,video,2,b,1785722715.983,1785722716.641,0.658,1.0601,0.53,2.0,orphan candidate on detector '2' not registered: pulse 0.658s < gate 1.060s
1785722716.734,2026-08-02 20:05:16.734064,201,below_sampling_floor,rule2_orphan_pulse,2:46,2,46,video,radar,2,a,1785722715.983,1785722716.641,0.658,1.0601,0.53,2.0,orphan candidate on detector '2' not registered: pulse 0.658s < gate 1.060s
1785722720.573,2026-08-02 20:05:20.573279,201,below_sampling_floor,rule2_orphan_pulse,17:46,46,17,radar,video,46,a,1785722719.904,1785722720.543,0.639,1.0601,0.53,2.0,orphan candidate on detector '46' not registered: pulse 0.639s < gate 1.060s
1785722720.576,2026-08-02 20:05:20.576176,201,below_sampling_floor,rule2_orphan_pulse,2:46,2,46,video,radar,46,b,1785722719.904,1785722720.543,0.639,1.0601,0.53,2.0,orphan candidate on detector '46' not registered: pulse 0.639s < gate 1.060s
1785722722.295,2026-08-02 20:05:22.295376,201,below_sampling_floor,rule2_orphan_pulse,17:46,46,17,radar,video,46,a,1785722721.187,1785722722.212,1.025,1.0601,0.53,2.0,orphan candidate on detector '46' not registered: pulse 1.025s < gate 1.060s
1785722722.297,2026-08-02 20:05:22.297327,201,below_sampling_floor,rule2_orphan_pulse,17:2,17,2,video,video,2,b,1785722721.187,1785722722.212,1.025,1.0601,0.53,2.0,orphan candidate on detector '2' not registered: pulse 1.025s < gate 1.060s
1785722722.298,2026-08-02 20:05:22.297931,201,below_sampling_floor,rule2_orphan_pulse,2:46,2,46,video,radar,2,a,1785722721.187,1785722722.212,1.025,1.0601,0.53,2.0,orphan candidate on detector '2' not registered: pulse 1.025s < gate 1.060s
1785722722.298,2026-08-02 20:05:22.297931,201,below_sampling_floor,rule2_orphan_pulse,2:46,2,46,video,radar,46,b,1785722721.187,1785722722.212,1.025,1.0601,0.53,2.0,orphan candidate on detector '46' not registered: pulse 1.025s < gate 1.060s
1785722723.512,2026-08-02 20:05:23.511703,201,below_sampling_floor,rule2_orphan_pulse,17:2,17,2,video,video,2,b,1785722722.530,1785722723.511,0.981,1.0601,0.53,2.0,orphan candidate on detector '2' not registered: pulse 0.981s < gate 1.060s
1785722723.514,2026-08-02 20:05:23.513700,201,below_sampling_floor,rule2_orphan_pulse,2:46,2,46,video,radar,2,a,1785722722.530,1785722723.511,0.981,1.0601,0.53,2.0,orphan candidate on detector '2' not registered: pulse 0.981s < gate 1.060s
1785722725.227,2026-08-02 20:05:25.226790,201,below_sampling_floor,rule2_orphan_pulse,17:46,46,17,radar,video,46,a,1785722724.141,1785722725.129,0.988,1.0601,0.53,2.0,orphan candidate on detector '46' not registered: pulse 0.988s < gate 1.060s
1785722725.230,2026-08-02 20:05:25.229824,201,below_sampling_floor,rule2_orphan_pulse,2:46,2,46,video,radar,46,b,1785722724.141,1785722725.129,0.988,1.0601,0.53,2.0,orphan candidate on detector '46' not registered: pulse 0.988s < gate 1.060s
1785722726.139,2026-08-02 20:05:26.138924,201,below_sampling_floor,rule2_orphan_pulse,17:2,17,2,video,video,2,b,1785722725.129,1785722726.091,0.962,1.0601,0.53,2.0,orphan candidate on detector '2' not registered: pulse 0.962s < gate 1.060s
1785722726.142,2026-08-02 20:05:26.141673,201,below_sampling_floor,rule2_orphan_pulse,2:46,2,46,video,radar,2,a,1785722725.129,1785722726.091,0.962,1.0601,0.53,2.0,orphan candidate on detector '2' not registered: pulse 0.962s < gate 1.060s
1785722772.752,2026-08-02 20:06:12.752043,201,below_sampling_floor,rule2_orphan_pulse,26:33,33,26,radar,video,33,a,1785722772.331,1785722772.655,0.324,0.6559,0.3279,2.0,orphan candidate on detector '33' not registered: pulse 0.324s < gate 0.656s
1785722777.895,2026-08-02 20:06:17.895006,201,below_sampling_floor,rule2_orphan_pulse,26:33,33,26,radar,video,33,a,1785722777.196,1785722777.841,0.645,0.6559,0.3279,2.0,orphan candidate on detector '33' not registered: pulse 0.645s < gate 0.656s
1785722786.368,2026-08-02 20:06:26.368134,201,below_sampling_floor,rule2_orphan_pulse,24:38,38,24,radar,video,24,b,1785722786.020,1785722786.335,0.315,0.6559,0.3279,2.0,orphan candidate on detector '24' not registered: pulse 0.315s < gate 0.656s
1785722786.368,2026-08-02 20:06:26.368134,201,below_sampling_floor,rule2_orphan_pulse,24:7,24,7,video,video,24,a,1785722786.020,1785722786.335,0.315,0.6559,0.3279,2.0,orphan candidate on detector '24' not registered: pulse 0.315s < gate 0.656s
1785722786.368,2026-08-02 20:06:26.368134,201,below_sampling_floor,rule2_orphan_pulse,24:7,24,7,video,video,7,b,1785722786.020,1785722786.335,0.315,0.6559,0.3279,2.0,orphan candidate on detector '7' not registered: pulse 0.315s < gate 0.656s
1785722786.368,2026-08-02 20:06:26.368134,201,below_sampling_floor,rule2_orphan_pulse,38:7,7,38,video,radar,7,a,1785722786.020,1785722786.335,0.315,0.6559,0.3279,2.0,orphan candidate on detector '7' not registered: pulse 0.315s < gate 0.656s
1785722798.562,2026-08-02 20:06:38.561592,201,below_sampling_floor,rule2_orphan_pulse,24:7,24,7,video,video,7,b,1785722798.103,1785722798.468,0.366,0.6559,0.3279,2.0,orphan candidate on detector '7' not registered: pulse 0.366s < gate 0.656s
1785722798.563,2026-08-02 20:06:38.562606,201,below_sampling_floor,rule2_orphan_pulse,38:7,7,38,video,radar,7,a,1785722798.103,1785722798.468,0.366,0.6559,0.3279,2.0,orphan candidate on detector '7' not registered: pulse 0.366s < gate 0.656s
1785722856.959,2026-08-02 20:07:36.959371,201,below_sampling_floor,rule2_orphan_pulse,26:33,33,26,radar,video,33,a,1785722856.267,1785722856.908,0.641,0.6666,0.3333,2.0,orphan candidate on detector '33' not registered: pulse 0.641s < gate 0.667s
1785722881.863,2026-08-02 20:08:01.863142,201,below_sampling_floor,rule2_orphan_pulse,17:2,17,2,video,video,2,b,1785722881.450,1785722881.773,0.323,0.665,0.3325,2.0,orphan candidate on detector '2' not registered: pulse 0.323s < gate 0.665s
1785722881.866,2026-08-02 20:08:01.865826,201,below_sampling_floor,rule2_orphan_pulse,2:46,2,46,video,radar,2,a,1785722881.450,1785722881.773,0.323,0.665,0.3325,2.0,orphan candidate on detector '2' not registered: pulse 0.323s < gate 0.665s
1785722884.486,2026-08-02 20:08:04.486295,201,below_sampling_floor,rule2_orphan_pulse,17:2,17,2,video,video,2,b,1785722884.069,1785722884.403,0.334,0.665,0.3325,2.0,orphan candidate on detector '2' not registered: pulse 0.334s < gate 0.665s
1785722884.486,2026-08-02 20:08:04.486295,201,below_sampling_floor,rule2_orphan_pulse,2:46,2,46,video,radar,2,a,1785722884.069,1785722884.403,0.334,0.665,0.3325,2.0,orphan candidate on detector '2' not registered: pulse 0.334s < gate 0.665s
1785722884.994,2026-08-02 20:08:04.993743,201,below_sampling_floor,rule2_orphan_pulse,30:41,41,30,radar,video,41,a,1785722818.984,1785722819.303,0.32,0.665,0.3325,2.0,orphan candidate on detector '41' not registered: pulse 0.320s < gate 0.665s
1785722884.996,2026-08-02 20:08:04.995806,201,below_sampling_floor,rule2_orphan_pulse,3:41,3,41,video,radar,41,b,1785722818.984,1785722819.303,0.32,0.665,0.3325,2.0,orphan candidate on detector '41' not registered: pulse 0.320s < gate 0.665s
1785722923.927,2026-08-02 20:08:43.926511,201,below_sampling_floor,rule2_orphan_pulse,26:33,33,26,radar,video,33,a,1785722923.520,1785722923.829,0.309,0.665,0.3325,2.0,orphan candidate on detector '33' not registered: pulse 0.309s < gate 0.665s
1785722947.551,2026-08-02 20:09:07.550587,201,below_sampling_floor,rule2_orphan_pulse,17:2,17,2,video,video,2,b,1785722946.841,1785722947.488,0.647,0.6564,0.3282,2.0,orphan candidate on detector '2' not registered: pulse 0.647s < gate 0.656s
1785722947.551,2026-08-02 20:09:07.550587,201,below_sampling_floor,rule2_orphan_pulse,2:46,2,46,video,radar,2,a,1785722946.841,1785722947.488,0.647,0.6564,0.3282,2.0,orphan candidate on detector '2' not registered: pulse 0.647s < gate 0.656s
1785722952.503,2026-08-02 20:09:12.503320,201,below_sampling_floor,rule2_orphan_pulse,17:2,17,2,video,video,2,b,1785722951.771,1785722952.416,0.645,0.6564,0.3282,2.0,orphan candidate on detector '2' not registered: pulse 0.645s < gate 0.656s
1785722952.504,2026-08-02 20:09:12.504217,201,below_sampling_floor,rule2_orphan_pulse,2:46,2,46,video,radar,2,a,1785722951.771,1785722952.416,0.645,0.6564,0.3282,2.0,orphan candidate on detector '2' not registered: pulse 0.645s < gate 0.656s
1785722999.212,2026-08-02 20:09:59.211581,201,below_sampling_floor,rule2_orphan_pulse,26:33,33,26,radar,video,33,a,1785722998.805,1785722999.124,0.319,0.6564,0.3282,2.0,orphan candidate on detector '33' not registered: pulse 0.319s < gate 0.656s
1785723005.463,2026-08-02 20:10:05.462520,201,below_sampling_floor,rule2_orphan_pulse,26:33,33,26,radar,video,33,a,1785723005.108,1785723005.455,0.346,0.6572,0.3286,2.0,orphan candidate on detector '33' not registered: pulse 0.346s < gate 0.657s
1785723007.181,2026-08-02 20:10:07.181119,201,below_sampling_floor,rule2_orphan_pulse,26:33,33,26,radar,video,33,a,1785723006.776,1785723007.093,0.317,0.6572,0.3286,2.0,orphan candidate on detector '33' not registered: pulse 0.317s < gate 0.657s
1785723022.013,2026-08-02 20:10:22.012633,201,below_sampling_floor,rule2_orphan_pulse,17:46,46,17,radar,video,46,a,1785723021.280,1785723021.936,0.656,0.6572,0.3286,2.0,orphan candidate on detector '46' not registered: pulse 0.656s < gate 0.657s
1785723022.013,2026-08-02 20:10:22.013139,201,below_sampling_floor,rule2_orphan_pulse,2:46,2,46,video,radar,46,b,1785723021.280,1785723021.936,0.656,0.6572,0.3286,2.0,orphan candidate on detector '46' not registered: pulse 0.656s < gate 0.657s
1785723031.697,2026-08-02 20:10:31.697271,201,below_sampling_floor,rule2_orphan_pulse,17:46,46,17,radar,video,46,a,1785723031.021,1785723031.675,0.655,0.6572,0.3286,2.0,orphan candidate on detector '46' not registered: pulse 0.655s < gate 0.657s
1785723031.705,2026-08-02 20:10:31.704516,201,below_sampling_floor,rule2_orphan_pulse,2:46,2,46,video,radar,46,b,1785723031.021,1785723031.675,0.655,0.6572,0.3286,2.0,orphan candidate on detector '46' not registered: pulse 0.655s < gate 0.657s
1785723034.025,2026-08-02 20:10:34.025221,201,below_sampling_floor,rule2_orphan_pulse,17:46,46,17,radar,video,46,a,1785723033.305,1785723033.953,0.647,0.6572,0.3286,2.0,orphan candidate on detector '46' not registered: pulse 0.647s < gate 0.657s
1785723034.027,2026-08-02 20:10:34.026789,201,below_sampling_floor,rule2_orphan_pulse,2:46,2,46,video,radar,46,b,1785723033.305,1785723033.953,0.647,0.6572,0.3286,2.0,orphan candidate on detector '46' not registered: pulse 0.647s < gate 0.657s
1785723048.446,2026-08-02 20:10:48.446245,201,below_sampling_floor,rule2_orphan_pulse,26:33,33,26,radar,video,33,a,1785723047.714,1785723048.367,0.653,0.6572,0.3286,2.0,orphan candidate on detector '33' not registered: pulse 0.653s < gate 0.657s
1785723053.293,2026-08-02 20:10:53.292730,201,below_sampling_floor,rule2_orphan_pulse,26:33,33,26,radar,video,33,a,1785723052.971,1785723053.291,0.319,0.6572,0.3286,2.0,orphan candidate on detector '33' not registered: pulse 0.319s < gate 0.657s
1785723094.610,2026-08-02 20:11:34.609791,201,below_sampling_floor,rule2_orphan_pulse,26:33,33,26,radar,video,33,a,1785723094.248,1785723094.569,0.321,0.6761,0.338,2.0,orphan candidate on detector '33' not registered: pulse 0.321s < gate 0.676s
1785723122.706,2026-08-02 20:12:02.705528,201,below_sampling_floor,rule2_orphan_pulse,26:33,33,26,radar,video,33,a,1785723122.328,1785723122.671,0.343,0.6774,0.3387,2.0,orphan candidate on detector '33' not registered: pulse 0.343s < gate 0.677s
1785723123.009,2026-08-02 20:12:03.008655,201,below_sampling_floor,rule2_orphan_pulse,29:43,43,29,radar,video,43,a,1785723122.671,1785723123.007,0.335,0.6774,0.3387,2.0,orphan candidate on detector '43' not registered: pulse 0.335s < gate 0.677s
1785723172.751,2026-08-02 20:12:52.751114,201,below_sampling_floor,rule2_orphan_pulse,26:33,33,26,radar,video,33,a,1785723171.990,1785723172.658,0.669,0.6774,0.3387,2.0,orphan candidate on detector '33' not registered: pulse 0.669s < gate 0.677s
1785723221.195,2026-08-02 20:13:41.194890,201,below_sampling_floor,rule2_orphan_pulse,26:33,33,26,radar,video,33,a,1785723220.473,1785723221.128,0.656,0.6613,0.3307,2.0,orphan candidate on detector '33' not registered: pulse 0.656s < gate 0.661s
1785723230.267,2026-08-02 20:13:50.266925,201,below_sampling_floor,rule2_orphan_pulse,26:33,33,26,radar,video,33,a,1785723229.907,1785723230.241,0.334,0.6613,0.3307,2.0,orphan candidate on detector '33' not registered: pulse 0.334s < gate 0.661s
1785723254.244,2026-08-02 20:14:14.243582,201,below_sampling_floor,rule2_orphan_pulse,26:33,33,26,radar,video,26,b,1785723253.506,1785723254.175,0.67,0.6756,0.3378,2.0,orphan candidate on detector '26' not registered: pulse 0.670s < gate 0.676s
1785723255.559,2026-08-02 20:14:15.558935,201,below_sampling_floor,rule2_orphan_pulse,17:46,46,17,radar,video,46,a,1785723255.143,1785723255.494,0.35,0.6756,0.3378,2.0,orphan candidate on detector '46' not registered: pulse 0.350s < gate 0.676s
1785723255.560,2026-08-02 20:14:15.559947,201,below_sampling_floor,rule2_orphan_pulse,2:46,2,46,video,radar,46,b,1785723255.143,1785723255.494,0.35,0.6756,0.3378,2.0,orphan candidate on detector '46' not registered: pulse 0.350s < gate 0.676s
1785723256.870,2026-08-02 20:14:16.870194,201,below_sampling_floor,rule2_orphan_pulse,17:2,17,2,video,video,2,b,1785723256.483,1785723256.830,0.346,0.6756,0.3378,2.0,orphan candidate on detector '2' not registered: pulse 0.346s < gate 0.676s
1785723256.871,2026-08-02 20:14:16.871200,201,below_sampling_floor,rule2_orphan_pulse,2:46,2,46,video,radar,2,a,1785723256.483,1785723256.830,0.346,0.6756,0.3378,2.0,orphan candidate on detector '2' not registered: pulse 0.346s < gate 0.676s
1785723257.481,2026-08-02 20:14:17.481252,201,below_sampling_floor,rule2_orphan_pulse,17:46,46,17,radar,video,46,a,1785723256.830,1785723257.480,0.65,0.6756,0.3378,2.0,orphan candidate on detector '46' not registered: pulse 0.650s < gate 0.676s
1785723257.482,2026-08-02 20:14:17.482261,201,below_sampling_floor,rule2_orphan_pulse,2:46,2,46,video,radar,46,b,1785723256.830,1785723257.480,0.65,0.6756,0.3378,2.0,orphan candidate on detector '46' not registered: pulse 0.650s < gate 0.676s
1785723258.797,2026-08-02 20:14:18.796607,201,below_sampling_floor,rule2_orphan_pulse,17:2,17,2,video,video,2,b,1785723258.130,1785723258.781,0.651,0.6756,0.3378,2.0,orphan candidate on detector '2' not registered: pulse 0.651s < gate 0.676s
1785723258.797,2026-08-02 20:14:18.797117,201,below_sampling_floor,rule2_orphan_pulse,2:46,2,46,video,radar,2,a,1785723258.130,1785723258.781,0.651,0.6756,0.3378,2.0,orphan candidate on detector '2' not registered: pulse 0.651s < gate 0.676s
1785723265.463,2026-08-02 20:14:25.462849,201,below_sampling_floor,rule2_orphan_pulse,17:2,17,2,video,video,2,b,1785723264.784,1785723265.455,0.671,0.6756,0.3378,2.0,orphan candidate on detector '2' not registered: pulse 0.671s < gate 0.676s
1785723265.464,2026-08-02 20:14:25.463521,201,below_sampling_floor,rule2_orphan_pulse,2:46,2,46,video,radar,2,a,1785723264.784,1785723265.455,0.671,0.6756,0.3378,2.0,orphan candidate on detector '2' not registered: pulse 0.671s < gate 0.676s
1785723265.868,2026-08-02 20:14:25.867943,201,below_sampling_floor,rule2_orphan_pulse,17:46,46,17,radar,video,46,a,1785723265.455,1785723265.790,0.335,0.6756,0.3378,2.0,orphan candidate on detector '46' not registered: pulse 0.335s < gate 0.676s
1785723265.869,2026-08-02 20:14:25.868966,201,below_sampling_floor,rule2_orphan_pulse,2:46,2,46,video,radar,46,b,1785723265.455,1785723265.790,0.335,0.6756,0.3378,2.0,orphan candidate on detector '46' not registered: pulse 0.335s < gate 0.676s
1785723268.499,2026-08-02 20:14:28.499403,201,below_sampling_floor,rule2_orphan_pulse,17:46,46,17,radar,video,46,a,1785723267.755,1785723268.399,0.644,0.6756,0.3378,2.0,orphan candidate on detector '46' not registered: pulse 0.644s < gate 0.676s
1785723268.499,2026-08-02 20:14:28.499403,201,below_sampling_floor,rule2_orphan_pulse,2:46,2,46,video,radar,46,b,1785723267.755,1785723268.399,0.644,0.6756,0.3378,2.0,orphan candidate on detector '46' not registered: pulse 0.644s < gate 0.676s
1785723269.715,2026-08-02 20:14:29.715386,201,below_sampling_floor,rule2_orphan_pulse,17:2,17,2,video,video,2,b,1785723269.360,1785723269.687,0.327,0.6756,0.3378,2.0,orphan candidate on detector '2' not registered: pulse 0.327s < gate 0.676s
1785723269.718,2026-08-02 20:14:29.718395,201,below_sampling_floor,rule2_orphan_pulse,2:46,2,46,video,radar,2,a,1785723269.360,1785723269.687,0.327,0.6756,0.3378,2.0,orphan candidate on detector '2' not registered: pulse 0.327s < gate 0.676s
1785723287.482,2026-08-02 20:14:47.481723,201,below_sampling_floor,rule2_orphan_pulse,26:33,33,26,radar,video,33,a,1785723286.823,1785723287.453,0.63,0.6756,0.3378,2.0,orphan candidate on detector '33' not registered: pulse 0.630s < gate 0.676s
1785723297.180,2026-08-02 20:14:57.180181,201,below_sampling_floor,rule2_orphan_pulse,26:33,33,26,radar,video,33,a,1785723296.784,1785723297.107,0.323,0.6756,0.3378,2.0,orphan candidate on detector '33' not registered: pulse 0.323s < gate 0.676s
1785723302.631,2026-08-02 20:15:02.631357,201,below_sampling_floor,rule2_orphan_pulse,26:33,33,26,radar,video,33,a,1785723301.926,1785723302.565,0.64,0.6401,0.3201,2.0,orphan candidate on detector '33' not registered: pulse 0.640s < gate 0.640s
1785723330.408,2026-08-02 20:15:30.407688,201,below_sampling_floor,rule2_orphan_pulse,17:2,17,2,video,video,2,b,1785723329.999,1785723330.317,0.318,0.6401,0.3201,2.0,orphan candidate on detector '2' not registered: pulse 0.318s < gate 0.640s
1785723330.408,2026-08-02 20:15:30.408192,201,below_sampling_floor,rule2_orphan_pulse,2:46,2,46,video,radar,2,a,1785723329.999,1785723330.317,0.318,0.6401,0.3201,2.0,orphan candidate on detector '2' not registered: pulse 0.318s < gate 0.640s
1785723395.870,2026-08-02 20:16:35.869675,201,below_sampling_floor,rule2_orphan_pulse,26:33,33,26,radar,video,33,a,1785723395.524,1785723395.843,0.32,0.6573,0.3286,2.0,orphan candidate on detector '33' not registered: pulse 0.320s < gate 0.657s
1785723400.104,2026-08-02 20:16:40.103541,201,below_sampling_floor,rule2_orphan_pulse,26:33,33,26,radar,video,33,a,1785723399.370,1785723400.014,0.644,0.6573,0.3286,2.0,orphan candidate on detector '33' not registered: pulse 0.644s < gate 0.657s
1785723428.571,2026-08-02 20:17:08.570679,201,below_sampling_floor,rule2_orphan_pulse,26:33,33,26,radar,video,33,a,1785723428.165,1785723428.500,0.336,0.6517,0.3258,2.0,orphan candidate on detector '33' not registered: pulse 0.336s < gate 0.652s
1785723430.588,2026-08-02 20:17:10.587549,201,below_sampling_floor,rule2_orphan_pulse,26:33,33,26,radar,video,33,a,1785723430.158,1785723430.508,0.35,0.6517,0.3258,2.0,orphan candidate on detector '33' not registered: pulse 0.350s < gate 0.652s
1785723433.919,2026-08-02 20:17:13.919221,201,below_sampling_floor,rule2_orphan_pulse,17:46,46,17,radar,video,17,b,1785723433.532,1785723433.864,0.332,0.6517,0.3258,2.0,orphan candidate on detector '17' not registered: pulse 0.332s < gate 0.652s
1785723433.920,2026-08-02 20:17:13.920226,201,below_sampling_floor,rule2_orphan_pulse,17:2,17,2,video,video,17,a,1785723433.532,1785723433.864,0.332,0.6517,0.3258,2.0,orphan candidate on detector '17' not registered: pulse 0.332s < gate 0.652s
1785723538.623,2026-08-02 20:18:58.623419,201,below_sampling_floor,rule2_orphan_pulse,26:33,33,26,radar,video,33,a,1785723538.203,1785723538.537,0.334,0.6607,0.3303,2.0,orphan candidate on detector '33' not registered: pulse 0.334s < gate 0.661s
1785723540.641,2026-08-02 20:19:00.641144,201,below_sampling_floor,rule2_orphan_pulse,26:33,33,26,radar,video,33,a,1785723540.268,1785723540.608,0.34,0.66,0.33,2.0,orphan candidate on detector '33' not registered: pulse 0.340s < gate 0.660s
1785723600.136,2026-08-02 20:20:00.136485,201,below_sampling_floor,rule2_orphan_pulse,31:42,42,31,radar,video,31,b,1785723599.768,1785723600.084,0.315,0.6541,0.3271,2.0,orphan candidate on detector '31' not registered: pulse 0.315s < gate 0.654s
1785723600.137,2026-08-02 20:20:00.136992,201,below_sampling_floor,rule2_orphan_pulse,31:8,31,8,video,video,31,a,1785723599.768,1785723600.084,0.315,0.6541,0.3271,2.0,orphan candidate on detector '31' not registered: pulse 0.315s < gate 0.654s
1785723607.193,2026-08-02 20:20:07.193306,201,below_sampling_floor,rule2_orphan_pulse,17:2,17,2,video,video,2,b,1785723606.549,1785723607.193,0.644,0.6541,0.3271,2.0,orphan candidate on detector '2' not registered: pulse 0.644s < gate 0.654s
1785723607.198,2026-08-02 20:20:07.197668,201,below_sampling_floor,rule2_orphan_pulse,2:46,2,46,video,radar,2,a,1785723606.549,1785723607.193,0.644,0.6541,0.3271,2.0,orphan candidate on detector '2' not registered: pulse 0.644s < gate 0.654s
1785723610.824,2026-08-02 20:20:10.823926,201,below_sampling_floor,rule2_orphan_pulse,26:33,33,26,radar,video,33,a,1785723610.103,1785723610.741,0.638,0.6541,0.3271,2.0,orphan candidate on detector '33' not registered: pulse 0.638s < gate 0.654s
1785723612.435,2026-08-02 20:20:12.435451,201,below_sampling_floor,rule2_orphan_pulse,17:46,46,17,radar,video,46,a,1785723611.775,1785723612.411,0.636,0.6541,0.3271,2.0,orphan candidate on detector '46' not registered: pulse 0.636s < gate 0.654s
1785723612.437,2026-08-02 20:20:12.437466,201,below_sampling_floor,rule2_orphan_pulse,2:46,2,46,video,radar,46,b,1785723611.775,1785723612.411,0.636,0.6541,0.3271,2.0,orphan candidate on detector '46' not registered: pulse 0.636s < gate 0.654s
1785723620.502,2026-08-02 20:20:20.502332,201,below_sampling_floor,rule2_orphan_pulse,26:33,33,26,radar,video,33,a,1785723620.164,1785723620.483,0.319,0.6541,0.3271,2.0,orphan candidate on detector '33' not registered: pulse 0.319s < gate 0.654s
1785723629.887,2026-08-02 20:20:29.887368,201,below_sampling_floor,rule2_orphan_pulse,26:33,33,26,radar,video,33,a,1785723629.531,1785723629.852,0.321,0.6541,0.3271,2.0,orphan candidate on detector '33' not registered: pulse 0.321s < gate 0.654s
1785723631.503,2026-08-02 20:20:31.502903,201,below_sampling_floor,rule2_orphan_pulse,26:33,33,26,radar,video,33,a,1785723630.812,1785723631.459,0.646,0.6541,0.3271,2.0,orphan candidate on detector '33' not registered: pulse 0.646s < gate 0.654s
1785723633.119,2026-08-02 20:20:33.118941,201,below_sampling_floor,rule2_orphan_pulse,26:33,33,26,radar,video,33,a,1785723632.436,1785723633.081,0.645,0.6541,0.3271,2.0,orphan candidate on detector '33' not registered: pulse 0.645s < gate 0.654s
1785723634.429,2026-08-02 20:20:34.428534,201,below_sampling_floor,rule2_orphan_pulse,26:33,33,26,radar,video,33,a,1785723633.715,1785723634.353,0.638,0.6541,0.3271,2.0,orphan candidate on detector '33' not registered: pulse 0.638s < gate 0.654s
1785723635.742,2026-08-02 20:20:35.742347,201,below_sampling_floor,rule2_orphan_pulse,26:33,33,26,radar,video,33,a,1785723635.013,1785723635.650,0.638,0.6541,0.3271,2.0,orphan candidate on detector '33' not registered: pulse 0.638s < gate 0.654s
1785723639.882,2026-08-02 20:20:39.881861,201,below_sampling_floor,rule2_orphan_pulse,17:2,17,2,video,video,2,b,1785723639.188,1785723639.825,0.638,0.6541,0.3271,2.0,orphan candidate on detector '2' not registered: pulse 0.638s < gate 0.654s
1785723639.883,2026-08-02 20:20:39.882877,201,below_sampling_floor,rule2_orphan_pulse,2:46,2,46,video,radar,2,a,1785723639.188,1785723639.825,0.638,0.6541,0.3271,2.0,orphan candidate on detector '2' not registered: pulse 0.638s < gate 0.654s
1785723641.198,2026-08-02 20:20:41.197656,201,below_sampling_floor,rule2_orphan_pulse,26:33,33,26,radar,video,33,a,1785723640.479,1785723641.124,0.645,0.6541,0.3271,2.0,orphan candidate on detector '33' not registered: pulse 0.645s < gate 0.654s
1785723643.118,2026-08-02 20:20:43.118449,201,below_sampling_floor,rule2_orphan_pulse,17:46,46,17,radar,video,46,a,1785723642.442,1785723643.083,0.641,0.6541,0.3271,2.0,orphan candidate on detector '46' not registered: pulse 0.641s < gate 0.654s
1785723643.118,2026-08-02 20:20:43.118449,201,below_sampling_floor,rule2_orphan_pulse,2:46,2,46,video,radar,46,b,1785723642.442,1785723643.083,0.641,0.6541,0.3271,2.0,orphan candidate on detector '46' not registered: pulse 0.641s < gate 0.654s
1785723670.976,2026-08-02 20:21:10.975962,201,below_sampling_floor,rule2_orphan_pulse,17:2,17,2,video,video,2,b,1785723670.303,1785723670.948,0.645,0.656,0.328,2.0,orphan candidate on detector '2' not registered: pulse 0.645s < gate 0.656s
1785723670.976,2026-08-02 20:21:10.975962,201,below_sampling_floor,rule2_orphan_pulse,2:46,2,46,video,radar,2,a,1785723670.303,1785723670.948,0.645,0.656,0.328,2.0,orphan candidate on detector '2' not registered: pulse 0.645s < gate 0.656s
1785723676.531,2026-08-02 20:21:16.531244,201,below_sampling_floor,rule2_orphan_pulse,17:46,46,17,radar,video,46,a,1785723675.823,1785723676.471,0.648,0.656,0.328,2.0,orphan candidate on detector '46' not registered: pulse 0.648s < gate 0.656s
1785723676.532,2026-08-02 20:21:16.532335,201,below_sampling_floor,rule2_orphan_pulse,2:46,2,46,video,radar,46,b,1785723675.823,1785723676.471,0.648,0.656,0.328,2.0,orphan candidate on detector '46' not registered: pulse 0.648s < gate 0.656s
1785723677.856,2026-08-02 20:21:17.856323,201,below_sampling_floor,rule2_orphan_pulse,17:2,17,2,video,video,2,b,1785723677.113,1785723677.768,0.655,0.656,0.328,2.0,orphan candidate on detector '2' not registered: pulse 0.655s < gate 0.656s
1785723677.856,2026-08-02 20:21:17.856323,201,below_sampling_floor,rule2_orphan_pulse,2:46,2,46,video,radar,2,a,1785723677.113,1785723677.768,0.655,0.656,0.328,2.0,orphan candidate on detector '2' not registered: pulse 0.655s < gate 0.656s
1785723700.547,2026-08-02 20:21:40.546925,201,below_sampling_floor,rule2_orphan_pulse,17:2,17,2,video,video,2,b,1785723700.215,1785723700.533,0.319,0.656,0.328,2.0,orphan candidate on detector '2' not registered: pulse 0.319s < gate 0.656s
1785723700.549,2026-08-02 20:21:40.548970,201,below_sampling_floor,rule2_orphan_pulse,2:46,2,46,video,radar,2,a,1785723700.215,1785723700.533,0.319,0.656,0.328,2.0,orphan candidate on detector '2' not registered: pulse 0.319s < gate 0.656s
1785723787.406,2026-08-02 20:23:07.405656,201,below_sampling_floor,rule2_orphan_pulse,24:7,24,7,video,video,7,b,1785723786.744,1785723787.381,0.637,0.6435,0.3217,2.0,orphan candidate on detector '7' not registered: pulse 0.637s < gate 0.643s
1785723787.407,2026-08-02 20:23:07.407237,201,below_sampling_floor,rule2_orphan_pulse,38:7,7,38,video,radar,7,a,1785723786.744,1785723787.381,0.637,0.6435,0.3217,2.0,orphan candidate on detector '7' not registered: pulse 0.637s < gate 0.643s
1785723864.872,2026-08-02 20:24:24.871731,201,below_sampling_floor,rule2_orphan_pulse,17:2,17,2,video,video,2,b,1785723864.154,1785723864.796,0.642,0.6753,0.3377,2.0,orphan candidate on detector '2' not registered: pulse 0.642s < gate 0.675s
1785723864.872,2026-08-02 20:24:24.871731,201,below_sampling_floor,rule2_orphan_pulse,2:46,2,46,video,radar,2,a,1785723864.154,1785723864.796,0.642,0.6753,0.3377,2.0,orphan candidate on detector '2' not registered: pulse 0.642s < gate 0.675s
1785723906.732,2026-08-02 20:25:06.732189,201,below_sampling_floor,rule2_orphan_pulse,17:46,46,17,radar,video,46,a,1785723906.051,1785723906.684,0.633,0.6758,0.3379,2.0,orphan candidate on detector '46' not registered: pulse 0.633s < gate 0.676s
1785723906.734,2026-08-02 20:25:06.733815,201,below_sampling_floor,rule2_orphan_pulse,2:46,2,46,video,radar,46,b,1785723906.051,1785723906.684,0.633,0.6758,0.3379,2.0,orphan candidate on detector '46' not registered: pulse 0.633s < gate 0.676s
1785723927.012,2026-08-02 20:25:27.012459,201,below_sampling_floor,rule2_orphan_pulse,17:46,46,17,radar,video,17,b,1785723926.270,1785723926.918,0.649,0.6758,0.3379,2.0,orphan candidate on detector '17' not registered: pulse 0.649s < gate 0.676s
1785723927.013,2026-08-02 20:25:27.013463,201,below_sampling_floor,rule2_orphan_pulse,17:2,17,2,video,video,17,a,1785723926.270,1785723926.918,0.649,0.6758,0.3379,2.0,orphan candidate on detector '17' not registered: pulse 0.649s < gate 0.676s
1785723930.548,2026-08-02 20:25:30.547771,201,below_sampling_floor,rule2_orphan_pulse,26:33,33,26,radar,video,33,a,1785723930.137,1785723930.462,0.325,0.6758,0.3379,2.0,orphan candidate on detector '33' not registered: pulse 0.325s < gate 0.676s
1785723931.454,2026-08-02 20:25:31.454304,201,below_sampling_floor,rule2_orphan_pulse,26:33,33,26,radar,video,33,a,1785723931.100,1785723931.437,0.338,0.6758,0.3379,2.0,orphan candidate on detector '33' not registered: pulse 0.338s < gate 0.676s
1785723933.777,2026-08-02 20:25:33.777105,201,below_sampling_floor,rule2_orphan_pulse,26:33,33,26,radar,video,33,a,1785723933.037,1785723933.679,0.643,0.6758,0.3379,2.0,orphan candidate on detector '33' not registered: pulse 0.643s < gate 0.676s
1785723936.299,2026-08-02 20:25:36.299478,201,below_sampling_floor,rule2_orphan_pulse,26:33,33,26,radar,video,33,a,1785723935.906,1785723936.242,0.336,0.6758,0.3379,2.0,orphan candidate on detector '33' not registered: pulse 0.336s < gate 0.676s
1785723939.833,2026-08-02 20:25:39.832586,201,below_sampling_floor,rule2_orphan_pulse,26:33,33,26,radar,video,33,a,1785723939.132,1785723939.787,0.655,0.6758,0.3379,2.0,orphan candidate on detector '33' not registered: pulse 0.655s < gate 0.676s
1785723941.848,2026-08-02 20:25:41.848400,201,below_sampling_floor,rule2_orphan_pulse,26:33,33,26,radar,video,33,a,1785723941.439,1785723941.756,0.317,0.6758,0.3379,2.0,orphan candidate on detector '33' not registered: pulse 0.317s < gate 0.676s
1785723943.766,2026-08-02 20:25:43.766090,201,below_sampling_floor,rule2_orphan_pulse,26:33,33,26,radar,video,33,a,1785723943.037,1785723943.677,0.64,0.6758,0.3379,2.0,orphan candidate on detector '33' not registered: pulse 0.640s < gate 0.676s
1785723946.696,2026-08-02 20:25:46.695682,201,below_sampling_floor,rule2_orphan_pulse,26:33,33,26,radar,video,33,a,1785723946.300,1785723946.636,0.336,0.6758,0.3379,2.0,orphan candidate on detector '33' not registered: pulse 0.336s < gate 0.676s
1785723948.611,2026-08-02 20:25:48.611342,201,below_sampling_floor,rule2_orphan_pulse,26:33,33,26,radar,video,33,a,1785723947.942,1785723948.602,0.659,0.6758,0.3379,2.0,orphan candidate on detector '33' not registered: pulse 0.659s < gate 0.676s
1785723954.558,2026-08-02 20:25:54.557544,201,below_sampling_floor,rule2_orphan_pulse,26:33,33,26,radar,video,33,a,1785723953.854,1785723954.502,0.647,0.6758,0.3379,2.0,orphan candidate on detector '33' not registered: pulse 0.647s < gate 0.676s
1785723955.573,2026-08-02 20:25:55.572684,201,below_sampling_floor,rule2_orphan_pulse,17:46,46,17,radar,video,46,a,1785723954.827,1785723955.497,0.67,0.6758,0.3379,2.0,orphan candidate on detector '46' not registered: pulse 0.670s < gate 0.676s
1785723955.575,2026-08-02 20:25:55.574523,201,below_sampling_floor,rule2_orphan_pulse,2:46,2,46,video,radar,46,b,1785723954.827,1785723955.497,0.67,0.6758,0.3379,2.0,orphan candidate on detector '46' not registered: pulse 0.670s < gate 0.676s
1785723955.877,2026-08-02 20:25:55.877474,201,below_sampling_floor,rule2_orphan_pulse,26:33,33,26,radar,video,33,a,1785723955.497,1785723955.807,0.31,0.6758,0.3379,2.0,orphan candidate on detector '33' not registered: pulse 0.310s < gate 0.676s
1785723958.203,2026-08-02 20:25:58.202869,201,below_sampling_floor,rule2_orphan_pulse,26:33,33,26,radar,video,33,a,1785723957.798,1785723958.148,0.35,0.6758,0.3379,2.0,orphan candidate on detector '33' not registered: pulse 0.350s < gate 0.676s
1785723960.131,2026-08-02 20:26:00.131177,201,below_sampling_floor,rule2_orphan_pulse,26:33,33,26,radar,video,33,a,1785723959.447,1785723960.097,0.65,0.6576,0.3288,2.0,orphan candidate on detector '33' not registered: pulse 0.650s < gate 0.658s
1785723961.849,2026-08-02 20:26:01.849182,201,below_sampling_floor,rule2_orphan_pulse,26:33,33,26,radar,video,33,a,1785723961.443,1785723961.748,0.306,0.6576,0.3288,2.0,orphan candidate on detector '33' not registered: pulse 0.306s < gate 0.658s
1785723965.076,2026-08-02 20:26:05.076252,201,below_sampling_floor,rule2_orphan_pulse,26:33,33,26,radar,video,33,a,1785723964.679,1785723965.019,0.34,0.6576,0.3288,2.0,orphan candidate on detector '33' not registered: pulse 0.340s < gate 0.658s
1785723966.996,2026-08-02 20:26:06.995574,201,below_sampling_floor,rule2_orphan_pulse,26:33,33,26,radar,video,33,a,1785723966.331,1785723966.960,0.629,0.6576,0.3288,2.0,orphan candidate on detector '33' not registered: pulse 0.629s < gate 0.658s
1785723979.619,2026-08-02 20:26:19.619184,201,below_sampling_floor,rule2_orphan_pulse,26:33,33,26,radar,video,33,a,1785723979.198,1785723979.544,0.346,0.6576,0.3288,2.0,orphan candidate on detector '33' not registered: pulse 0.346s < gate 0.658s
1785723987.901,2026-08-02 20:26:27.900722,201,below_sampling_floor,rule2_orphan_pulse,17:46,46,17,radar,video,46,a,1785723987.218,1785723987.874,0.656,0.6576,0.3288,2.0,orphan candidate on detector '46' not registered: pulse 0.656s < gate 0.658s
1785723987.901,2026-08-02 20:26:27.900722,201,below_sampling_floor,rule2_orphan_pulse,2:46,2,46,video,radar,46,b,1785723987.218,1785723987.874,0.656,0.6576,0.3288,2.0,orphan candidate on detector '46' not registered: pulse 0.656s < gate 0.658s
1785724001.620,2026-08-02 20:26:41.620280,201,below_sampling_floor,rule2_orphan_pulse,17:2,17,2,video,video,2,b,1785724001.208,1785724001.587,0.378,0.6576,0.3288,2.0,orphan candidate on detector '2' not registered: pulse 0.378s < gate 0.658s
1785724001.621,2026-08-02 20:26:41.621285,201,below_sampling_floor,rule2_orphan_pulse,2:46,2,46,video,radar,2,a,1785724001.208,1785724001.587,0.378,0.6576,0.3288,2.0,orphan candidate on detector '2' not registered: pulse 0.378s < gate 0.658s
1785724038.021,2026-08-02 20:27:18.020864,201,below_sampling_floor,rule2_orphan_pulse,24:38,38,24,radar,video,38,a,1785724037.616,1785724037.942,0.327,0.6676,0.3338,2.0,orphan candidate on detector '38' not registered: pulse 0.327s < gate 0.668s
1785724038.021,2026-08-02 20:27:18.020864,201,below_sampling_floor,rule2_orphan_pulse,38:7,7,38,video,radar,38,b,1785724037.616,1785724037.942,0.327,0.6676,0.3338,2.0,orphan candidate on detector '38' not registered: pulse 0.327s < gate 0.668s
1785724205.773,2026-08-02 20:30:05.772984,201,below_sampling_floor,rule2_orphan_pulse,26:33,33,26,radar,video,33,a,1785724205.108,1785724205.758,0.651,0.6521,0.3261,2.0,orphan candidate on detector '33' not registered: pulse 0.651s < gate 0.652s
1785724211.327,2026-08-02 20:30:11.327242,201,below_sampling_floor,rule2_orphan_pulse,26:33,33,26,radar,video,33,a,1785724210.927,1785724211.246,0.32,0.6521,0.3261,2.0,orphan candidate on detector '33' not registered: pulse 0.320s < gate 0.652s
1785724214.871,2026-08-02 20:30:14.870551,201,below_sampling_floor,rule2_orphan_pulse,26:33,33,26,radar,video,33,a,1785724214.159,1785724214.802,0.643,0.6521,0.3261,2.0,orphan candidate on detector '33' not registered: pulse 0.643s < gate 0.652s
1785724221.931,2026-08-02 20:30:21.930511,201,below_sampling_floor,rule2_orphan_pulse,26:33,33,26,radar,video,33,a,1785724221.235,1785724221.877,0.642,0.6521,0.3261,2.0,orphan candidate on detector '33' not registered: pulse 0.642s < gate 0.652s
1785724223.542,2026-08-02 20:30:23.541580,201,below_sampling_floor,rule2_orphan_pulse,26:33,33,26,radar,video,33,a,1785724222.850,1785724223.502,0.652,0.6521,0.3261,2.0,orphan candidate on detector '33' not registered: pulse 0.652s < gate 0.652s
1785724235.152,2026-08-02 20:30:35.152061,201,below_sampling_floor,rule2_orphan_pulse,26:33,33,26,radar,video,33,a,1785724234.751,1785724235.087,0.336,0.6521,0.3261,2.0,orphan candidate on detector '33' not registered: pulse 0.336s < gate 0.652s
1785724241.112,2026-08-02 20:30:41.111983,201,below_sampling_floor,rule2_orphan_pulse,26:33,33,26,radar,video,33,a,1785724240.685,1785724241.039,0.354,0.6521,0.3261,2.0,orphan candidate on detector '33' not registered: pulse 0.354s < gate 0.652s
1785724243.130,2026-08-02 20:30:43.129641,201,below_sampling_floor,rule2_orphan_pulse,26:33,33,26,radar,video,33,a,1785724242.752,1785724243.071,0.318,0.6521,0.3261,2.0,orphan candidate on detector '33' not registered: pulse 0.318s < gate 0.652s
1785724246.055,2026-08-02 20:30:46.055073,201,below_sampling_floor,rule2_orphan_pulse,26:33,33,26,radar,video,33,a,1785724245.641,1785724245.966,0.324,0.6521,0.3261,2.0,orphan candidate on detector '33' not registered: pulse 0.324s < gate 0.652s
1785724249.490,2026-08-02 20:30:49.489843,201,below_sampling_floor,rule2_orphan_pulse,26:33,33,26,radar,video,33,a,1785724249.167,1785724249.482,0.315,0.6521,0.3261,2.0,orphan candidate on detector '33' not registered: pulse 0.315s < gate 0.652s
1785724258.362,2026-08-02 20:30:58.362202,201,below_sampling_floor,rule2_orphan_pulse,17:46,46,17,radar,video,46,a,1785724257.988,1785724258.348,0.36,0.6521,0.3261,2.0,orphan candidate on detector '46' not registered: pulse 0.360s < gate 0.652s
1785724258.362,2026-08-02 20:30:58.362202,201,below_sampling_floor,rule2_orphan_pulse,2:46,2,46,video,radar,46,b,1785724257.988,1785724258.348,0.36,0.6521,0.3261,2.0,orphan candidate on detector '46' not registered: pulse 0.360s < gate 0.652s
1785724259.778,2026-08-02 20:30:59.778469,201,below_sampling_floor,rule2_orphan_pulse,17:2,17,2,video,video,2,b,1785724259.051,1785724259.729,0.678,0.6782,0.3391,2.0,orphan candidate on detector '2' not registered: pulse 0.678s < gate 0.678s
1785724259.780,2026-08-02 20:30:59.780478,201,below_sampling_floor,rule2_orphan_pulse,2:46,2,46,video,radar,2,a,1785724259.051,1785724259.729,0.678,0.6782,0.3391,2.0,orphan candidate on detector '2' not registered: pulse 0.678s < gate 0.678s
1785724311.833,2026-08-02 20:31:51.833331,201,below_sampling_floor,rule2_orphan_pulse,26:33,33,26,radar,video,33,a,1785724311.146,1785724311.793,0.647,0.6782,0.3391,2.0,orphan candidate on detector '33' not registered: pulse 0.647s < gate 0.678s
1785724315.766,2026-08-02 20:31:55.765524,201,below_sampling_floor,rule2_orphan_pulse,17:46,46,17,radar,video,17,b,1785724315.033,1785724315.669,0.636,0.6782,0.3391,2.0,orphan candidate on detector '17' not registered: pulse 0.636s < gate 0.678s
1785724315.767,2026-08-02 20:31:55.766628,201,below_sampling_floor,rule2_orphan_pulse,17:2,17,2,video,video,17,a,1785724315.033,1785724315.669,0.636,0.6782,0.3391,2.0,orphan candidate on detector '17' not registered: pulse 0.636s < gate 0.678s
1785724324.432,2026-08-02 20:32:04.431877,201,below_sampling_floor,rule2_orphan_pulse,17:2,17,2,video,video,2,b,1785724324.019,1785724324.349,0.33,0.6598,0.3299,2.0,orphan candidate on detector '2' not registered: pulse 0.330s < gate 0.660s
1785724324.433,2026-08-02 20:32:04.432950,201,below_sampling_floor,rule2_orphan_pulse,2:46,2,46,video,radar,2,a,1785724324.019,1785724324.349,0.33,0.6598,0.3299,2.0,orphan candidate on detector '2' not registered: pulse 0.330s < gate 0.660s
1785724337.343,2026-08-02 20:32:17.342762,201,below_sampling_floor,rule2_orphan_pulse,17:2,17,2,video,video,2,b,1785724336.675,1785724337.313,0.638,0.6598,0.3299,2.0,orphan candidate on detector '2' not registered: pulse 0.638s < gate 0.660s
1785724337.344,2026-08-02 20:32:17.343778,201,below_sampling_floor,rule2_orphan_pulse,2:46,2,46,video,radar,2,a,1785724336.675,1785724337.313,0.638,0.6598,0.3299,2.0,orphan candidate on detector '2' not registered: pulse 0.638s < gate 0.660s
1785724402.932,2026-08-02 20:33:22.932283,201,below_sampling_floor,rule2_orphan_pulse,17:2,17,2,video,video,2,b,1785724402.553,1785724402.885,0.332,0.6436,0.3218,2.0,orphan candidate on detector '2' not registered: pulse 0.332s < gate 0.644s
1785724402.934,2026-08-02 20:33:22.934424,201,below_sampling_floor,rule2_orphan_pulse,2:46,2,46,video,radar,2,a,1785724402.553,1785724402.885,0.332,0.6436,0.3218,2.0,orphan candidate on detector '2' not registered: pulse 0.332s < gate 0.644s
1785724473.538,2026-08-02 20:34:33.538472,201,below_sampling_floor,rule2_orphan_pulse,30:41,41,30,radar,video,30,b,1785724473.141,1785724473.464,0.324,0.6486,0.3243,2.0,orphan candidate on detector '30' not registered: pulse 0.324s < gate 0.649s
1785724473.541,2026-08-02 20:34:33.541200,201,below_sampling_floor,rule2_orphan_pulse,3:30,30,3,video,video,30,a,1785724473.141,1785724473.464,0.324,0.6486,0.3243,2.0,orphan candidate on detector '30' not registered: pulse 0.324s < gate 0.649s
1785724571.120,2026-08-02 20:36:11.120069,201,below_sampling_floor,rule2_orphan_pulse,17:2,17,2,video,video,2,b,1785724570.743,1785724571.060,0.316,0.6588,0.3294,2.0,orphan candidate on detector '2' not registered: pulse 0.316s < gate 0.659s
1785724571.120,2026-08-02 20:36:11.120069,201,below_sampling_floor,rule2_orphan_pulse,2:46,2,46,video,radar,2,a,1785724570.743,1785724571.060,0.316,0.6588,0.3294,2.0,orphan candidate on detector '2' not registered: pulse 0.316s < gate 0.659s
1785724603.088,2026-08-02 20:36:43.087648,201,below_sampling_floor,rule2_orphan_pulse,26:33,33,26,radar,video,33,a,1785724602.771,1785724603.086,0.315,0.6588,0.3294,2.0,orphan candidate on detector '33' not registered: pulse 0.315s < gate 0.659s
1785724619.231,2026-08-02 20:36:59.230910,201,below_sampling_floor,rule2_orphan_pulse,26:33,33,26,radar,video,33,a,1785724618.504,1785724619.144,0.64,0.6588,0.3294,2.0,orphan candidate on detector '33' not registered: pulse 0.640s < gate 0.659s
1785724621.243,2026-08-02 20:37:01.242583,201,below_sampling_floor,rule2_orphan_pulse,26:33,33,26,radar,video,33,a,1785724620.514,1785724621.158,0.644,0.9152,0.4576,2.0,orphan candidate on detector '33' not registered: pulse 0.644s < gate 0.915s
1785724623.968,2026-08-02 20:37:03.968143,201,below_sampling_floor,rule2_orphan_pulse,26:33,33,26,radar,video,33,a,1785724623.581,1785724623.908,0.327,0.9152,0.4576,2.0,orphan candidate on detector '33' not registered: pulse 0.327s < gate 0.915s
1785724630.233,2026-08-02 20:37:10.232598,201,below_sampling_floor,rule2_orphan_pulse,26:33,33,26,radar,video,33,a,1785724629.507,1785724630.156,0.649,0.9152,0.4576,2.0,orphan candidate on detector '33' not registered: pulse 0.649s < gate 0.915s
1785724640.511,2026-08-02 20:37:20.510972,201,below_sampling_floor,rule2_orphan_pulse,26:33,33,26,radar,video,33,a,1785724640.121,1785724640.480,0.359,0.9152,0.4576,2.0,orphan candidate on detector '33' not registered: pulse 0.359s < gate 0.915s
1785724646.162,2026-08-02 20:37:26.162093,201,below_sampling_floor,rule2_orphan_pulse,17:46,46,17,radar,video,46,a,1785724645.452,1785724646.126,0.674,0.9152,0.4576,2.0,orphan candidate on detector '46' not registered: pulse 0.674s < gate 0.915s
1785724646.163,2026-08-02 20:37:26.163383,201,below_sampling_floor,rule2_orphan_pulse,2:46,2,46,video,radar,46,b,1785724645.452,1785724646.126,0.674,0.9152,0.4576,2.0,orphan candidate on detector '46' not registered: pulse 0.674s < gate 0.915s
1785724726.024,2026-08-02 20:38:46.023535,201,below_sampling_floor,rule2_orphan_pulse,24:7,24,7,video,video,7,b,1785724725.667,1785724726.004,0.337,0.6512,0.3256,2.0,orphan candidate on detector '7' not registered: pulse 0.337s < gate 0.651s
1785724726.024,2026-08-02 20:38:46.023535,201,below_sampling_floor,rule2_orphan_pulse,38:7,7,38,video,radar,7,a,1785724725.667,1785724726.004,0.337,0.6512,0.3256,2.0,orphan candidate on detector '7' not registered: pulse 0.337s < gate 0.651s
1785724748.920,2026-08-02 20:39:08.919863,201,below_sampling_floor,rule2_orphan_pulse,31:42,42,31,radar,video,31,b,1785724748.223,1785724748.883,0.66,0.8964,0.4482,2.0,orphan candidate on detector '31' not registered: pulse 0.660s < gate 0.896s
1785724748.921,2026-08-02 20:39:08.920929,201,below_sampling_floor,rule2_orphan_pulse,31:8,31,8,video,video,31,a,1785724748.223,1785724748.883,0.66,0.8964,0.4482,2.0,orphan candidate on detector '31' not registered: pulse 0.660s < gate 0.896s
1785724749.942,2026-08-02 20:39:09.942434,201,below_sampling_floor,rule2_orphan_pulse,29:43,43,29,radar,video,29,b,1785724749.539,1785724749.893,0.354,0.8964,0.4482,2.0,orphan candidate on detector '29' not registered: pulse 0.354s < gate 0.896s
1785724749.943,2026-08-02 20:39:09.942938,201,below_sampling_floor,rule2_orphan_pulse,31:42,42,31,radar,video,31,b,1785724749.539,1785724749.893,0.354,0.8964,0.4482,2.0,orphan candidate on detector '31' not registered: pulse 0.354s < gate 0.896s
1785724749.944,2026-08-02 20:39:09.943944,201,below_sampling_floor,rule2_orphan_pulse,31:8,31,8,video,video,31,a,1785724749.539,1785724749.893,0.354,0.8964,0.4482,2.0,orphan candidate on detector '31' not registered: pulse 0.354s < gate 0.896s
1785724751.566,2026-08-02 20:39:11.566290,201,below_sampling_floor,rule2_orphan_pulse,29:43,43,29,radar,video,29,b,1785724750.879,1785724751.554,0.675,0.8964,0.4482,2.0,orphan candidate on detector '29' not registered: pulse 0.675s < gate 0.896s
1785724751.566,2026-08-02 20:39:11.566290,201,below_sampling_floor,rule2_orphan_pulse,31:42,42,31,radar,video,31,b,1785724750.879,1785724751.554,0.675,0.8964,0.4482,2.0,orphan candidate on detector '31' not registered: pulse 0.675s < gate 0.896s
1785724751.571,2026-08-02 20:39:11.571442,201,below_sampling_floor,rule2_orphan_pulse,31:8,31,8,video,video,31,a,1785724750.879,1785724751.554,0.675,0.8964,0.4482,2.0,orphan candidate on detector '31' not registered: pulse 0.675s < gate 0.896s
1785724771.053,2026-08-02 20:39:31.052546,201,below_sampling_floor,rule2_orphan_pulse,26:33,33,26,radar,video,33,a,1785724770.417,1785724771.053,0.636,0.8964,0.4482,2.0,orphan candidate on detector '33' not registered: pulse 0.636s < gate 0.896s
1785724774.375,2026-08-02 20:39:34.374546,201,below_sampling_floor,rule2_orphan_pulse,26:33,33,26,radar,video,33,a,1785724773.969,1785724774.288,0.319,0.8964,0.4482,2.0,orphan candidate on detector '33' not registered: pulse 0.319s < gate 0.896s
1785724835.688,2026-08-02 20:40:35.688083,201,below_sampling_floor,rule2_orphan_pulse,26:33,33,26,radar,video,33,a,1785724835.341,1785724835.669,0.328,0.7016,0.3508,2.0,orphan candidate on detector '33' not registered: pulse 0.328s < gate 0.702s
1785724852.628,2026-08-02 20:40:52.627569,201,below_sampling_floor,rule2_orphan_pulse,26:33,33,26,radar,video,33,a,1785724852.253,1785724852.581,0.328,0.7016,0.3508,2.0,orphan candidate on detector '33' not registered: pulse 0.328s < gate 0.702s
1785724855.554,2026-08-02 20:40:55.553663,201,below_sampling_floor,rule2_orphan_pulse,26:33,33,26,radar,video,33,a,1785724854.823,1785724855.466,0.643,0.7016,0.3508,2.0,orphan candidate on detector '33' not registered: pulse 0.643s < gate 0.702s
1785724903.392,2026-08-02 20:41:43.391820,201,below_sampling_floor,rule2_orphan_pulse,26:33,33,26,radar,video,33,a,1785724902.993,1785724903.321,0.328,0.6913,0.3456,2.0,orphan candidate on detector '33' not registered: pulse 0.328s < gate 0.691s
1785724906.014,2026-08-02 20:41:46.013939,201,below_sampling_floor,rule2_orphan_pulse,26:33,33,26,radar,video,33,a,1785724905.665,1785724905.985,0.32,0.6913,0.3456,2.0,orphan candidate on detector '33' not registered: pulse 0.320s < gate 0.691s
1785724907.626,2026-08-02 20:41:47.626033,201,below_sampling_floor,rule2_orphan_pulse,26:33,33,26,radar,video,33,a,1785724906.962,1785724907.599,0.637,0.6913,0.3456,2.0,orphan candidate on detector '33' not registered: pulse 0.637s < gate 0.691s
1785724949.147,2026-08-02 20:42:29.147496,201,below_sampling_floor,rule2_orphan_pulse,26:33,33,26,radar,video,33,a,1785724948.768,1785724949.099,0.33,0.6525,0.3262,2.0,orphan candidate on detector '33' not registered: pulse 0.330s < gate 0.652s
1785725035.188,2026-08-02 20:43:55.188236,201,below_sampling_floor,rule2_orphan_pulse,26:33,33,26,radar,video,33,a,1785725034.794,1785725035.130,0.336,0.6522,0.3261,2.0,orphan candidate on detector '33' not registered: pulse 0.336s < gate 0.652s
1785725037.807,2026-08-02 20:43:57.807308,201,below_sampling_floor,rule2_orphan_pulse,26:33,33,26,radar,video,33,a,1785725037.423,1785725037.787,0.364,0.6522,0.3261,2.0,orphan candidate on detector '33' not registered: pulse 0.364s < gate 0.652s
1785725118.807,2026-08-02 20:45:18.807318,201,below_sampling_floor,rule2_orphan_pulse,26:33,33,26,radar,video,33,a,1785725118.115,1785725118.758,0.643,0.6502,0.3251,2.0,orphan candidate on detector '33' not registered: pulse 0.643s < gate 0.650s
1785725121.730,2026-08-02 20:45:21.730418,201,below_sampling_floor,rule2_orphan_pulse,26:33,33,26,radar,video,33,a,1785725121.350,1785725121.680,0.33,0.6502,0.3251,2.0,orphan candidate on detector '33' not registered: pulse 0.330s < gate 0.650s
1785725126.270,2026-08-02 20:45:26.269854,201,below_sampling_floor,rule2_orphan_pulse,26:33,33,26,radar,video,33,a,1785725125.929,1785725126.248,0.319,0.6502,0.3251,2.0,orphan candidate on detector '33' not registered: pulse 0.319s < gate 0.650s
1785725241.657,2026-08-02 20:47:21.656619,201,below_sampling_floor,rule2_orphan_pulse,26:33,33,26,radar,video,33,a,1785725241.330,1785725241.648,0.318,0.6578,0.3289,2.0,orphan candidate on detector '33' not registered: pulse 0.318s < gate 0.658s
1785725256.787,2026-08-02 20:47:36.787302,201,below_sampling_floor,rule2_orphan_pulse,26:33,33,26,radar,video,33,a,1785725256.434,1785725256.755,0.321,0.6578,0.3289,2.0,orphan candidate on detector '33' not registered: pulse 0.321s < gate 0.658s
1785725286.312,2026-08-02 20:48:06.312442,201,below_sampling_floor,rule2_orphan_pulse,26:33,33,26,radar,video,33,a,1785725285.936,1785725286.265,0.329,0.6452,0.3226,2.0,orphan candidate on detector '33' not registered: pulse 0.329s < gate 0.645s
1785725301.646,2026-08-02 20:48:21.646159,201,below_sampling_floor,rule2_orphan_pulse,26:33,33,26,radar,video,33,a,1785725301.206,1785725301.561,0.355,0.6452,0.3226,2.0,orphan candidate on detector '33' not registered: pulse 0.355s < gate 0.645s
1785725302.859,2026-08-02 20:48:22.858905,201,below_sampling_floor,rule2_orphan_pulse,26:33,33,26,radar,video,33,a,1785725302.188,1785725302.825,0.637,0.6452,0.3226,2.0,orphan candidate on detector '33' not registered: pulse 0.637s < gate 0.645s
1785725305.480,2026-08-02 20:48:25.479653,201,below_sampling_floor,rule2_orphan_pulse,26:33,33,26,radar,video,33,a,1785725305.123,1785725305.438,0.315,0.6452,0.3226,2.0,orphan candidate on detector '33' not registered: pulse 0.315s < gate 0.645s
1785725307.095,2026-08-02 20:48:27.094634,201,below_sampling_floor,rule2_orphan_pulse,17:46,46,17,radar,video,46,a,1785725306.442,1785725307.080,0.638,0.6452,0.3226,2.0,orphan candidate on detector '46' not registered: pulse 0.638s < gate 0.645s
1785725307.097,2026-08-02 20:48:27.096650,201,below_sampling_floor,rule2_orphan_pulse,2:46,2,46,video,radar,46,b,1785725306.442,1785725307.080,0.638,0.6452,0.3226,2.0,orphan candidate on detector '46' not registered: pulse 0.638s < gate 0.645s
1785725307.099,2026-08-02 20:48:27.098649,201,below_sampling_floor,rule2_orphan_pulse,26:33,33,26,radar,video,33,a,1785725306.442,1785725307.080,0.638,0.6452,0.3226,2.0,orphan candidate on detector '33' not registered: pulse 0.638s < gate 0.645s
1785725308.110,2026-08-02 20:48:28.109524,201,below_sampling_floor,rule2_orphan_pulse,17:2,17,2,video,video,2,b,1785725307.729,1785725308.049,0.32,0.6452,0.3226,2.0,orphan candidate on detector '2' not registered: pulse 0.320s < gate 0.645s
1785725308.110,2026-08-02 20:48:28.110076,201,below_sampling_floor,rule2_orphan_pulse,2:46,2,46,video,radar,2,a,1785725307.729,1785725308.049,0.32,0.6452,0.3226,2.0,orphan candidate on detector '2' not registered: pulse 0.320s < gate 0.645s
1785725309.120,2026-08-02 20:48:29.119831,201,below_sampling_floor,rule2_orphan_pulse,26:33,33,26,radar,video,33,a,1785725308.703,1785725309.029,0.326,0.6452,0.3226,2.0,orphan candidate on detector '33' not registered: pulse 0.326s < gate 0.645s
1785725331.599,2026-08-02 20:48:51.598924,201,below_sampling_floor,rule2_orphan_pulse,17:2,17,2,video,video,2,b,1785725331.252,1785725331.579,0.326,0.6452,0.3226,2.0,orphan candidate on detector '2' not registered: pulse 0.326s < gate 0.645s
1785725331.601,2026-08-02 20:48:51.600988,201,below_sampling_floor,rule2_orphan_pulse,2:46,2,46,video,radar,2,a,1785725331.252,1785725331.579,0.326,0.6452,0.3226,2.0,orphan candidate on detector '2' not registered: pulse 0.326s < gate 0.645s
1785725357.928,2026-08-02 20:49:17.928218,201,below_sampling_floor,rule2_orphan_pulse,26:33,33,26,radar,video,33,a,1785725357.524,1785725357.846,0.322,0.6636,0.3318,2.0,orphan candidate on detector '33' not registered: pulse 0.322s < gate 0.664s
1785725364.690,2026-08-02 20:49:24.690017,201,below_sampling_floor,rule2_orphan_pulse,26:33,33,26,radar,video,33,a,1785725364.046,1785725364.690,0.644,0.6636,0.3318,2.0,orphan candidate on detector '33' not registered: pulse 0.644s < gate 0.664s
1785725374.774,2026-08-02 20:49:34.774339,201,below_sampling_floor,rule2_orphan_pulse,26:33,33,26,radar,video,33,a,1785725374.377,1785725374.697,0.321,0.6636,0.3318,2.0,orphan candidate on detector '33' not registered: pulse 0.321s < gate 0.664s
1785725376.790,2026-08-02 20:49:36.790200,201,below_sampling_floor,rule2_orphan_pulse,26:33,33,26,radar,video,33,a,1785725376.390,1785725376.720,0.33,0.6636,0.3318,2.0,orphan candidate on detector '33' not registered: pulse 0.330s < gate 0.664s
1785725377.094,2026-08-02 20:49:37.093832,201,below_sampling_floor,rule2_orphan_pulse,17:46,46,17,radar,video,46,a,1785725376.390,1785725377.047,0.657,0.6636,0.3318,2.0,orphan candidate on detector '46' not registered: pulse 0.657s < gate 0.664s
1785725377.095,2026-08-02 20:49:37.094844,201,below_sampling_floor,rule2_orphan_pulse,2:46,2,46,video,radar,46,b,1785725376.390,1785725377.047,0.657,0.6636,0.3318,2.0,orphan candidate on detector '46' not registered: pulse 0.657s < gate 0.664s
1785725392.714,2026-08-02 20:49:52.713680,201,below_sampling_floor,rule2_orphan_pulse,26:33,33,26,radar,video,33,a,1785725392.331,1785725392.674,0.343,0.6636,0.3318,2.0,orphan candidate on detector '33' not registered: pulse 0.343s < gate 0.664s
1785725397.350,2026-08-02 20:49:57.350403,201,below_sampling_floor,rule2_orphan_pulse,17:2,17,2,video,video,2,b,1785725397.017,1785725397.342,0.325,0.6636,0.3318,2.0,orphan candidate on detector '2' not registered: pulse 0.325s < gate 0.664s
1785725397.350,2026-08-02 20:49:57.350403,201,below_sampling_floor,rule2_orphan_pulse,2:46,2,46,video,radar,2,a,1785725397.017,1785725397.342,0.325,0.6636,0.3318,2.0,orphan candidate on detector '2' not registered: pulse 0.325s < gate 0.664s
1785725416.928,2026-08-02 20:50:16.928233,201,below_sampling_floor,rule2_orphan_pulse,17:2,17,2,video,video,2,b,1785725416.248,1785725416.878,0.63,0.6713,0.3356,2.0,orphan candidate on detector '2' not registered: pulse 0.630s < gate 0.671s
1785725416.929,2026-08-02 20:50:16.929242,201,below_sampling_floor,rule2_orphan_pulse,2:46,2,46,video,radar,2,a,1785725416.248,1785725416.878,0.63,0.6713,0.3356,2.0,orphan candidate on detector '2' not registered: pulse 0.630s < gate 0.671s
1785725443.478,2026-08-02 20:50:43.478481,201,below_sampling_floor,rule2_orphan_pulse,26:33,33,26,radar,video,33,a,1785725443.093,1785725443.430,0.337,0.6713,0.3356,2.0,orphan candidate on detector '33' not registered: pulse 0.337s < gate 0.671s
1785725465.688,2026-08-02 20:51:05.688486,201,below_sampling_floor,rule2_orphan_pulse,17:46,46,17,radar,video,17,b,1785725465.304,1785725465.628,0.324,0.6688,0.3344,2.0,orphan candidate on detector '17' not registered: pulse 0.324s < gate 0.669s
1785725465.688,2026-08-02 20:51:05.688486,201,below_sampling_floor,rule2_orphan_pulse,17:2,17,2,video,video,17,a,1785725465.304,1785725465.628,0.324,0.6688,0.3344,2.0,orphan candidate on detector '17' not registered: pulse 0.324s < gate 0.669s
1785725465.997,2026-08-02 20:51:05.997199,201,below_sampling_floor,rule2_orphan_pulse,17:2,17,2,video,video,2,b,1785725465.628,1785725465.964,0.335,0.6688,0.3344,2.0,orphan candidate on detector '2' not registered: pulse 0.335s < gate 0.669s
1785725465.997,2026-08-02 20:51:05.997199,201,below_sampling_floor,rule2_orphan_pulse,2:46,2,46,video,radar,2,a,1785725465.628,1785725465.964,0.335,0.6688,0.3344,2.0,orphan candidate on detector '2' not registered: pulse 0.335s < gate 0.669s
1785725535.868,2026-08-02 20:52:15.867732,201,below_sampling_floor,rule2_orphan_pulse,17:46,46,17,radar,video,46,a,1785725535.135,1785725535.792,0.657,0.6624,0.3312,2.0,orphan candidate on detector '46' not registered: pulse 0.657s < gate 0.662s
1785725535.871,2026-08-02 20:52:15.870757,201,below_sampling_floor,rule2_orphan_pulse,2:46,2,46,video,radar,46,b,1785725535.135,1785725535.792,0.657,0.6624,0.3312,2.0,orphan candidate on detector '46' not registered: pulse 0.657s < gate 0.662s
1785725544.043,2026-08-02 20:52:24.043488,201,below_sampling_floor,rule2_orphan_pulse,26:33,33,26,radar,video,33,a,1785725543.616,1785725543.966,0.35,0.6624,0.3312,2.0,orphan candidate on detector '33' not registered: pulse 0.350s < gate 0.662s
1785725588.556,2026-08-02 20:53:08.556055,201,below_sampling_floor,rule2_orphan_pulse,17:46,46,17,radar,video,46,a,1785725587.859,1785725588.499,0.641,0.6434,0.3217,2.0,orphan candidate on detector '46' not registered: pulse 0.641s < gate 0.643s
1785725588.556,2026-08-02 20:53:08.556055,201,below_sampling_floor,rule2_orphan_pulse,2:46,2,46,video,radar,46,b,1785725587.859,1785725588.499,0.641,0.6434,0.3217,2.0,orphan candidate on detector '46' not registered: pulse 0.641s < gate 0.643s
1785725593.811,2026-08-02 20:53:13.811141,201,below_sampling_floor,rule2_orphan_pulse,26:33,33,26,radar,video,33,a,1785725593.429,1785725593.755,0.326,0.6434,0.3217,2.0,orphan candidate on detector '33' not registered: pulse 0.326s < gate 0.643s
1785725596.738,2026-08-02 20:53:16.738316,201,below_sampling_floor,rule2_orphan_pulse,26:33,33,26,radar,video,33,a,1785725596.032,1785725596.657,0.624,0.6434,0.3217,2.0,orphan candidate on detector '33' not registered: pulse 0.624s < gate 0.643s
1785725597.745,2026-08-02 20:53:17.745304,201,below_sampling_floor,rule2_orphan_pulse,26:33,33,26,radar,video,33,a,1785725597.314,1785725597.648,0.335,0.6434,0.3217,2.0,orphan candidate on detector '33' not registered: pulse 0.335s < gate 0.643s
1785725600.274,2026-08-02 20:53:20.274186,201,below_sampling_floor,rule2_orphan_pulse,26:33,33,26,radar,video,33,a,1785725599.568,1785725600.198,0.63,0.6434,0.3217,2.0,orphan candidate on detector '33' not registered: pulse 0.630s < gate 0.643s
1785725611.287,2026-08-02 20:53:31.286628,201,below_sampling_floor,rule2_orphan_pulse,17:2,17,2,video,video,2,b,1785725610.629,1785725611.269,0.64,0.6434,0.3217,2.0,orphan candidate on detector '2' not registered: pulse 0.640s < gate 0.643s
1785725611.288,2026-08-02 20:53:31.288387,201,below_sampling_floor,rule2_orphan_pulse,2:46,2,46,video,radar,2,a,1785725610.629,1785725611.269,0.64,0.6434,0.3217,2.0,orphan candidate on detector '2' not registered: pulse 0.640s < gate 0.643s
1785725658.463,2026-08-02 20:54:18.462672,201,below_sampling_floor,rule2_orphan_pulse,26:33,33,26,radar,video,33,a,1785725658.100,1785725658.450,0.351,0.658,0.329,2.0,orphan candidate on detector '33' not registered: pulse 0.351s < gate 0.658s
1785725765.562,2026-08-02 20:56:05.561512,201,below_sampling_floor,rule2_orphan_pulse,26:33,33,26,radar,video,33,a,1785725764.853,1785725765.483,0.63,0.649,0.3245,2.0,orphan candidate on detector '33' not registered: pulse 0.630s < gate 0.649s
1785725768.685,2026-08-02 20:56:08.685438,201,below_sampling_floor,rule2_orphan_pulse,26:33,33,26,radar,video,33,a,1785725768.042,1785725768.685,0.643,0.649,0.3245,2.0,orphan candidate on detector '33' not registered: pulse 0.643s < gate 0.649s
1785725774.145,2026-08-02 20:56:14.145059,201,below_sampling_floor,rule2_orphan_pulse,26:33,33,26,radar,video,33,a,1785725773.490,1785725774.132,0.642,0.649,0.3245,2.0,orphan candidate on detector '33' not registered: pulse 0.642s < gate 0.649s
1785725781.928,2026-08-02 20:56:21.928151,201,below_sampling_floor,rule2_orphan_pulse,26:33,33,26,radar,video,33,a,1785725781.563,1785725781.890,0.327,0.649,0.3245,2.0,orphan candidate on detector '33' not registered: pulse 0.327s < gate 0.649s
1785725784.549,2026-08-02 20:56:24.549460,201,below_sampling_floor,rule2_orphan_pulse,26:33,33,26,radar,video,33,a,1785725784.151,1785725784.483,0.332,0.649,0.3245,2.0,orphan candidate on detector '33' not registered: pulse 0.332s < gate 0.649s
1785725824.801,2026-08-02 20:57:04.801053,201,below_sampling_floor,rule2_orphan_pulse,31:8,31,8,video,video,8,b,1785725824.396,1785725824.726,0.33,0.6549,0.3275,2.0,orphan candidate on detector '8' not registered: pulse 0.330s < gate 0.655s
1785725824.803,2026-08-02 20:57:04.802567,201,below_sampling_floor,rule2_orphan_pulse,42:8,8,42,video,radar,8,a,1785725824.396,1785725824.726,0.33,0.6549,0.3275,2.0,orphan candidate on detector '8' not registered: pulse 0.330s < gate 0.655s
1785725831.686,2026-08-02 20:57:11.685941,201,below_sampling_floor,rule2_orphan_pulse,29:43,43,29,radar,video,29,b,1785725831.334,1785725831.650,0.316,0.6549,0.3275,2.0,orphan candidate on detector '29' not registered: pulse 0.316s < gate 0.655s
1785725834.517,2026-08-02 20:57:14.517239,201,below_sampling_floor,rule2_orphan_pulse,29:43,43,29,radar,video,43,a,1785725834.131,1785725834.460,0.329,0.6549,0.3275,2.0,orphan candidate on detector '43' not registered: pulse 0.329s < gate 0.655s
1785725853.893,2026-08-02 20:57:33.892716,201,below_sampling_floor,rule2_orphan_pulse,26:33,33,26,radar,video,33,a,1785725853.520,1785725853.854,0.334,0.6549,0.3275,2.0,orphan candidate on detector '33' not registered: pulse 0.334s < gate 0.655s
1785725856.217,2026-08-02 20:57:36.217225,201,below_sampling_floor,rule2_orphan_pulse,26:33,33,26,radar,video,33,a,1785725855.833,1785725856.157,0.324,0.6549,0.3275,2.0,orphan candidate on detector '33' not registered: pulse 0.324s < gate 0.655s
1785725864.487,2026-08-02 20:57:44.487227,201,below_sampling_floor,rule2_orphan_pulse,26:33,33,26,radar,video,33,a,1785725864.163,1785725864.484,0.321,0.6549,0.3275,2.0,orphan candidate on detector '33' not registered: pulse 0.321s < gate 0.655s
1785725867.407,2026-08-02 20:57:47.406555,201,below_sampling_floor,rule2_orphan_pulse,26:33,33,26,radar,video,33,a,1785725867.078,1785725867.390,0.312,0.6549,0.3275,2.0,orphan candidate on detector '33' not registered: pulse 0.312s < gate 0.655s
1785725870.426,2026-08-02 20:57:50.426081,201,below_sampling_floor,rule2_orphan_pulse,26:33,33,26,radar,video,33,a,1785725870.000,1785725870.335,0.336,0.6549,0.3275,2.0,orphan candidate on detector '33' not registered: pulse 0.336s < gate 0.655s
1785725872.036,2026-08-02 20:57:52.035513,201,below_sampling_floor,rule2_orphan_pulse,26:33,33,26,radar,video,33,a,1785725871.627,1785725871.945,0.318,0.6549,0.3275,2.0,orphan candidate on detector '33' not registered: pulse 0.318s < gate 0.655s
1785725873.956,2026-08-02 20:57:53.956005,201,below_sampling_floor,rule2_orphan_pulse,26:33,33,26,radar,video,33,a,1785725873.551,1785725873.880,0.329,0.6549,0.3275,2.0,orphan candidate on detector '33' not registered: pulse 0.329s < gate 0.655s
1785725894.632,2026-08-02 20:58:14.632409,201,below_sampling_floor,rule2_orphan_pulse,26:33,33,26,radar,video,33,a,1785725894.206,1785725894.554,0.348,0.6465,0.3232,2.0,orphan candidate on detector '33' not registered: pulse 0.348s < gate 0.646s
1785725898.468,2026-08-02 20:58:18.467645,201,below_sampling_floor,rule2_orphan_pulse,26:33,33,26,radar,video,33,a,1785725898.063,1785725898.432,0.369,0.6465,0.3232,2.0,orphan candidate on detector '33' not registered: pulse 0.369s < gate 0.646s
1785725936.503,2026-08-02 20:58:56.502641,201,below_sampling_floor,rule2_orphan_pulse,26:33,33,26,radar,video,33,a,1785725936.158,1785725936.482,0.324,0.6465,0.3232,2.0,orphan candidate on detector '33' not registered: pulse 0.324s < gate 0.646s
1785725939.851,2026-08-02 20:58:59.851005,201,below_sampling_floor,rule2_orphan_pulse,26:33,33,26,radar,video,33,a,1785725939.118,1785725939.768,0.65,0.6583,0.3292,2.0,orphan candidate on detector '33' not registered: pulse 0.650s < gate 0.658s
1785725942.471,2026-08-02 20:59:02.471218,201,below_sampling_floor,rule2_orphan_pulse,26:33,33,26,radar,video,33,a,1785725942.110,1785725942.433,0.323,0.6583,0.3292,2.0,orphan candidate on detector '33' not registered: pulse 0.323s < gate 0.658s
1785725947.837,2026-08-02 20:59:07.837388,201,below_sampling_floor,rule2_orphan_pulse,26:33,33,26,radar,video,33,a,1785725947.422,1785725947.743,0.321,0.6583,0.3292,2.0,orphan candidate on detector '33' not registered: pulse 0.321s < gate 0.658s
1785726028.497,2026-08-02 21:00:28.496652,201,below_sampling_floor,rule2_orphan_pulse,17:46,46,17,radar,video,46,a,1785726027.819,1785726028.456,0.637,0.6502,0.3251,2.0,orphan candidate on detector '46' not registered: pulse 0.637s < gate 0.650s
1785726028.498,2026-08-02 21:00:28.498169,201,below_sampling_floor,rule2_orphan_pulse,2:46,2,46,video,radar,46,b,1785726027.819,1785726028.456,0.637,0.6502,0.3251,2.0,orphan candidate on detector '46' not registered: pulse 0.637s < gate 0.650s
1785726059.557,2026-08-02 21:00:59.556628,201,below_sampling_floor,rule2_orphan_pulse,26:33,33,26,radar,video,33,a,1785726058.870,1785726059.520,0.65,0.6502,0.3251,2.0,orphan candidate on detector '33' not registered: pulse 0.650s < gate 0.650s
1785726061.777,2026-08-02 21:01:01.777374,201,below_sampling_floor,rule2_orphan_pulse,26:33,33,26,radar,video,33,a,1785726061.120,1785726061.755,0.636,0.6526,0.3263,2.0,orphan candidate on detector '33' not registered: pulse 0.636s < gate 0.653s
1785726064.100,2026-08-02 21:01:04.100070,201,below_sampling_floor,rule2_orphan_pulse,26:33,33,26,radar,video,33,a,1785726063.373,1785726064.005,0.633,0.6526,0.3263,2.0,orphan candidate on detector '33' not registered: pulse 0.633s < gate 0.653s
1785726086.090,2026-08-02 21:01:26.089751,201,below_sampling_floor,rule2_orphan_pulse,26:33,33,26,radar,video,33,a,1785726085.765,1785726086.079,0.314,0.6526,0.3263,2.0,orphan candidate on detector '33' not registered: pulse 0.314s < gate 0.653s
1785726089.421,2026-08-02 21:01:29.420581,201,below_sampling_floor,rule2_orphan_pulse,26:33,33,26,radar,video,33,a,1785726088.998,1785726089.320,0.322,0.6526,0.3263,2.0,orphan candidate on detector '33' not registered: pulse 0.322s < gate 0.653s
1785726107.082,2026-08-02 21:01:47.082088,201,below_sampling_floor,rule2_orphan_pulse,17:46,46,17,radar,video,46,a,1785726106.427,1785726107.054,0.627,0.6526,0.3263,2.0,orphan candidate on detector '46' not registered: pulse 0.627s < gate 0.653s
1785726107.086,2026-08-02 21:01:47.086144,201,below_sampling_floor,rule2_orphan_pulse,2:46,2,46,video,radar,46,b,1785726106.427,1785726107.054,0.627,0.6526,0.3263,2.0,orphan candidate on detector '46' not registered: pulse 0.627s < gate 0.653s
1785726171.627,2026-08-02 21:02:51.627420,201,below_sampling_floor,rule2_orphan_pulse,26:33,33,26,radar,video,33,a,1785726171.278,1785726171.589,0.31,0.6507,0.3254,2.0,orphan candidate on detector '33' not registered: pulse 0.310s < gate 0.651s
1785726210.267,2026-08-02 21:03:30.267126,201,below_sampling_floor,rule2_orphan_pulse,26:33,33,26,radar,video,33,a,1785726209.597,1785726210.229,0.632,0.6521,0.3261,2.0,orphan candidate on detector '33' not registered: pulse 0.632s < gate 0.652s
1785726214.101,2026-08-02 21:03:34.101487,201,below_sampling_floor,rule2_orphan_pulse,26:33,33,26,radar,video,33,a,1785726213.470,1785726214.098,0.628,0.6521,0.3261,2.0,orphan candidate on detector '33' not registered: pulse 0.628s < gate 0.652s
1785726215.413,2026-08-02 21:03:35.413146,201,below_sampling_floor,rule2_orphan_pulse,26:33,33,26,radar,video,33,a,1785726215.073,1785726215.398,0.325,0.6521,0.3261,2.0,orphan candidate on detector '33' not registered: pulse 0.325s < gate 0.652s
1785726217.028,2026-08-02 21:03:37.028097,201,below_sampling_floor,rule2_orphan_pulse,26:33,33,26,radar,video,33,a,1785726216.357,1785726216.984,0.627,0.6521,0.3261,2.0,orphan candidate on detector '33' not registered: pulse 0.627s < gate 0.652s
1785726219.552,2026-08-02 21:03:39.551788,201,below_sampling_floor,rule2_orphan_pulse,26:33,33,26,radar,video,33,a,1785726218.919,1785726219.548,0.63,0.6521,0.3261,2.0,orphan candidate on detector '33' not registered: pulse 0.630s < gate 0.652s
1785726236.183,2026-08-02 21:03:56.183133,201,below_sampling_floor,rule2_orphan_pulse,26:33,33,26,radar,video,33,a,1785726235.768,1785726236.094,0.326,0.6521,0.3261,2.0,orphan candidate on detector '33' not registered: pulse 0.326s < gate 0.652s
1785726237.813,2026-08-02 21:03:57.812537,201,below_sampling_floor,rule2_orphan_pulse,26:33,33,26,radar,video,33,a,1785726237.384,1785726237.719,0.335,0.6521,0.3261,2.0,orphan candidate on detector '33' not registered: pulse 0.335s < gate 0.652s
1785726302.070,2026-08-02 21:05:02.070153,201,below_sampling_floor,rule2_orphan_pulse,26:33,33,26,radar,video,33,a,1785726301.690,1785726302.017,0.327,0.6815,0.3407,2.0,orphan candidate on detector '33' not registered: pulse 0.327s < gate 0.681s
1785726355.044,2026-08-02 21:05:55.044035,201,below_sampling_floor,rule2_orphan_pulse,26:33,33,26,radar,video,33,a,1785726354.657,1785726354.984,0.327,0.6815,0.3407,2.0,orphan candidate on detector '33' not registered: pulse 0.327s < gate 0.681s
1785726372.477,2026-08-02 21:06:12.476855,201,below_sampling_floor,rule2_orphan_pulse,26:33,33,26,radar,video,33,a,1785726372.065,1785726372.413,0.348,0.6504,0.3252,2.0,orphan candidate on detector '33' not registered: pulse 0.348s < gate 0.650s
1785726384.492,2026-08-02 21:06:24.492025,201,below_sampling_floor,rule2_orphan_pulse,22:39,39,22,radar,video,39,a,1785726384.128,1785726384.474,0.345,0.6504,0.3252,2.0,orphan candidate on detector '39' not registered: pulse 0.345s < gate 0.650s
1785726384.492,2026-08-02 21:06:24.492025,201,below_sampling_floor,rule2_orphan_pulse,39:4,4,39,video,radar,39,b,1785726384.128,1785726384.474,0.345,0.6504,0.3252,2.0,orphan candidate on detector '39' not registered: pulse 0.345s < gate 0.650s
1785726394.787,2026-08-02 21:06:34.786842,201,below_sampling_floor,rule2_orphan_pulse,31:42,42,31,radar,video,31,b,1785726394.095,1785726394.735,0.641,0.6504,0.3252,2.0,orphan candidate on detector '31' not registered: pulse 0.641s < gate 0.650s
1785726394.788,2026-08-02 21:06:34.787870,201,below_sampling_floor,rule2_orphan_pulse,31:8,31,8,video,video,31,a,1785726394.095,1785726394.735,0.641,0.6504,0.3252,2.0,orphan candidate on detector '31' not registered: pulse 0.641s < gate 0.650s
1785726395.796,2026-08-02 21:06:35.796026,201,below_sampling_floor,rule2_orphan_pulse,29:43,43,29,radar,video,29,b,1785726395.065,1785726395.701,0.635,0.6504,0.3252,2.0,orphan candidate on detector '29' not registered: pulse 0.635s < gate 0.650s
1785726395.799,2026-08-02 21:06:35.798948,201,below_sampling_floor,rule2_orphan_pulse,31:42,42,31,radar,video,31,b,1785726395.065,1785726395.701,0.635,0.6504,0.3252,2.0,orphan candidate on detector '31' not registered: pulse 0.635s < gate 0.650s
1785726395.801,2026-08-02 21:06:35.800775,201,below_sampling_floor,rule2_orphan_pulse,31:8,31,8,video,video,31,a,1785726395.065,1785726395.701,0.635,0.6504,0.3252,2.0,orphan candidate on detector '31' not registered: pulse 0.635s < gate 0.650s
1785726418.707,2026-08-02 21:06:58.706673,201,below_sampling_floor,rule2_orphan_pulse,26:33,33,26,radar,video,33,a,1785726418.362,1785726418.695,0.333,0.6504,0.3252,2.0,orphan candidate on detector '33' not registered: pulse 0.333s < gate 0.650s
1785726427.884,2026-08-02 21:07:07.884079,201,below_sampling_floor,rule2_orphan_pulse,26:33,33,26,radar,video,33,a,1785726427.499,1785726427.823,0.324,0.646,0.323,2.0,orphan candidate on detector '33' not registered: pulse 0.324s < gate 0.646s
1785726431.539,2026-08-02 21:07:11.538654,201,below_sampling_floor,rule2_orphan_pulse,26:33,33,26,radar,video,33,a,1785726431.049,1785726431.442,0.392,0.646,0.323,2.0,orphan candidate on detector '33' not registered: pulse 0.392s < gate 0.646s
1785726439.307,2026-08-02 21:07:19.306969,201,below_sampling_floor,rule2_orphan_pulse,26:33,33,26,radar,video,33,a,1785726438.984,1785726439.302,0.318,0.646,0.323,2.0,orphan candidate on detector '33' not registered: pulse 0.318s < gate 0.646s
1785726441.327,2026-08-02 21:07:21.327468,201,below_sampling_floor,rule2_orphan_pulse,26:33,33,26,radar,video,33,a,1785726440.944,1785726441.259,0.315,0.646,0.323,2.0,orphan candidate on detector '33' not registered: pulse 0.315s < gate 0.646s
1785726443.247,2026-08-02 21:07:23.246522,201,below_sampling_floor,rule2_orphan_pulse,26:33,33,26,radar,video,33,a,1785726442.888,1785726443.244,0.356,0.646,0.323,2.0,orphan candidate on detector '33' not registered: pulse 0.356s < gate 0.646s
1785726450.505,2026-08-02 21:07:30.504691,201,below_sampling_floor,rule2_orphan_pulse,26:33,33,26,radar,video,33,a,1785726450.129,1785726450.455,0.326,0.646,0.323,2.0,orphan candidate on detector '33' not registered: pulse 0.326s < gate 0.646s
1785726532.679,2026-08-02 21:08:52.679257,201,below_sampling_floor,rule2_orphan_pulse,17:46,46,17,radar,video,46,a,1785726531.694,1785726532.669,0.975,1.0626,0.5313,2.0,orphan candidate on detector '46' not registered: pulse 0.975s < gate 1.063s
1785726532.680,2026-08-02 21:08:52.680268,201,below_sampling_floor,rule2_orphan_pulse,2:46,2,46,video,radar,46,b,1785726531.694,1785726532.669,0.975,1.0626,0.5313,2.0,orphan candidate on detector '46' not registered: pulse 0.975s < gate 1.063s
1785726534.094,2026-08-02 21:08:54.093853,201,below_sampling_floor,rule2_orphan_pulse,17:2,17,2,video,video,2,b,1785726533.005,1785726534.010,1.005,1.0626,0.5313,2.0,orphan candidate on detector '2' not registered: pulse 1.005s < gate 1.063s
1785726534.094,2026-08-02 21:08:54.093853,201,below_sampling_floor,rule2_orphan_pulse,2:46,2,46,video,radar,2,a,1785726533.005,1785726534.010,1.005,1.0626,0.5313,2.0,orphan candidate on detector '2' not registered: pulse 1.005s < gate 1.063s
1785726535.007,2026-08-02 21:08:55.007352,201,below_sampling_floor,rule2_orphan_pulse,26:33,33,26,radar,video,33,a,1785726534.671,1785726534.994,0.323,1.0626,0.5313,2.0,orphan candidate on detector '33' not registered: pulse 0.323s < gate 1.063s
1785726585.254,2026-08-02 21:09:45.253823,201,below_sampling_floor,rule2_orphan_pulse,31:42,42,31,radar,video,42,a,1785726584.533,1785726585.174,0.641,0.6565,0.3283,2.0,orphan candidate on detector '42' not registered: pulse 0.641s < gate 0.657s
1785726590.803,2026-08-02 21:09:50.802850,201,below_sampling_floor,rule2_orphan_pulse,42:8,8,42,video,radar,42,b,1785726584.533,1785726585.174,0.641,0.6565,0.3283,2.0,orphan candidate on detector '42' not registered: pulse 0.641s < gate 0.657s
1785726620.287,2026-08-02 21:10:20.287290,201,below_sampling_floor,rule2_orphan_pulse,26:33,33,26,radar,video,33,a,1785726619.596,1785726620.243,0.647,0.6656,0.3328,2.0,orphan candidate on detector '33' not registered: pulse 0.647s < gate 0.666s
1785726656.615,2026-08-02 21:10:56.615213,201,below_sampling_floor,rule2_orphan_pulse,29:43,43,29,radar,video,43,a,1785726656.251,1785726656.577,0.326,0.6656,0.3328,2.0,orphan candidate on detector '43' not registered: pulse 0.326s < gate 0.666s
1785726660.154,2026-08-02 21:11:00.154019,201,below_sampling_floor,rule2_orphan_pulse,30:41,41,30,radar,video,30,b,1785726659.509,1785726660.144,0.635,0.6519,0.3259,2.0,orphan candidate on detector '30' not registered: pulse 0.635s < gate 0.652s
1785726660.154,2026-08-02 21:11:00.154019,201,below_sampling_floor,rule2_orphan_pulse,3:30,30,3,video,video,30,a,1785726659.509,1785726660.144,0.635,0.6519,0.3259,2.0,orphan candidate on detector '30' not registered: pulse 0.635s < gate 0.652s
1785726663.488,2026-08-02 21:11:03.487909,201,below_sampling_floor,rule2_orphan_pulse,29:43,43,29,radar,video,43,a,1785726663.088,1785726663.413,0.325,0.6519,0.3259,2.0,orphan candidate on detector '43' not registered: pulse 0.325s < gate 0.652s
1785726667.022,2026-08-02 21:11:07.022354,201,below_sampling_floor,rule2_orphan_pulse,26:33,33,26,radar,video,33,a,1785726666.644,1785726666.958,0.314,0.6519,0.3259,2.0,orphan candidate on detector '33' not registered: pulse 0.314s < gate 0.652s
1785726671.271,2026-08-02 21:11:11.270878,201,below_sampling_floor,rule2_orphan_pulse,17:2,17,2,video,video,2,b,1785726670.856,1785726671.191,0.334,0.6519,0.3259,2.0,orphan candidate on detector '2' not registered: pulse 0.334s < gate 0.652s
1785726671.276,2026-08-02 21:11:11.275866,201,below_sampling_floor,rule2_orphan_pulse,2:46,2,46,video,radar,2,a,1785726670.856,1785726671.191,0.334,0.6519,0.3259,2.0,orphan candidate on detector '2' not registered: pulse 0.334s < gate 0.652s
1785726680.468,2026-08-02 21:11:20.468179,201,below_sampling_floor,rule2_orphan_pulse,26:33,33,26,radar,video,33,a,1785726680.058,1785726680.403,0.344,0.6519,0.3259,2.0,orphan candidate on detector '33' not registered: pulse 0.344s < gate 0.652s
1785726695.806,2026-08-02 21:11:35.805801,201,below_sampling_floor,rule2_orphan_pulse,17:2,17,2,video,video,2,b,1785726695.459,1785726695.801,0.341,0.6519,0.3259,2.0,orphan candidate on detector '2' not registered: pulse 0.341s < gate 0.652s
1785726695.806,2026-08-02 21:11:35.805801,201,below_sampling_floor,rule2_orphan_pulse,2:46,2,46,video,radar,2,a,1785726695.459,1785726695.801,0.341,0.6519,0.3259,2.0,orphan candidate on detector '2' not registered: pulse 0.341s < gate 0.652s
1785726731.398,2026-08-02 21:12:11.398489,201,below_sampling_floor,rule2_orphan_pulse,26:33,33,26,radar,video,33,a,1785726730.680,1785726731.314,0.634,0.6812,0.3406,2.0,orphan candidate on detector '33' not registered: pulse 0.634s < gate 0.681s
1785726759.222,2026-08-02 21:12:39.222195,201,below_sampling_floor,rule2_orphan_pulse,30:41,41,30,radar,video,41,a,1785726758.514,1785726759.177,0.663,0.6812,0.3406,2.0,orphan candidate on detector '41' not registered: pulse 0.663s < gate 0.681s
1785726759.222,2026-08-02 21:12:39.222195,201,below_sampling_floor,rule2_orphan_pulse,3:41,3,41,video,radar,41,b,1785726758.514,1785726759.177,0.663,0.6812,0.3406,2.0,orphan candidate on detector '41' not registered: pulse 0.663s < gate 0.681s
1785726831.715,2026-08-02 21:13:51.715415,201,below_sampling_floor,rule2_orphan_pulse,26:33,33,26,radar,video,33,a,1785726831.014,1785726831.663,0.648,0.6709,0.3355,2.0,orphan candidate on detector '33' not registered: pulse 0.648s < gate 0.671s
1785726834.941,2026-08-02 21:13:54.940759,201,below_sampling_floor,rule2_orphan_pulse,26:33,33,26,radar,video,33,a,1785726834.268,1785726834.915,0.647,0.6709,0.3355,2.0,orphan candidate on detector '33' not registered: pulse 0.647s < gate 0.671s
1785726838.871,2026-08-02 21:13:58.871461,201,below_sampling_floor,rule2_orphan_pulse,26:33,33,26,radar,video,33,a,1785726838.489,1785726838.809,0.32,0.6709,0.3355,2.0,orphan candidate on detector '33' not registered: pulse 0.320s < gate 0.671s
1785726840.489,2026-08-02 21:14:00.488797,201,below_sampling_floor,rule2_orphan_pulse,26:33,33,26,radar,video,33,a,1785726840.100,1785726840.412,0.312,0.6475,0.3238,2.0,orphan candidate on detector '33' not registered: pulse 0.312s < gate 0.648s
1785726865.605,2026-08-02 21:14:25.605108,201,below_sampling_floor,rule2_orphan_pulse,17:2,17,2,video,video,2,b,1785726865.185,1785726865.507,0.322,0.6475,0.3238,2.0,orphan candidate on detector '2' not registered: pulse 0.322s < gate 0.648s
1785726865.606,2026-08-02 21:14:25.606116,201,below_sampling_floor,rule2_orphan_pulse,2:46,2,46,video,radar,2,a,1785726865.185,1785726865.507,0.322,0.6475,0.3238,2.0,orphan candidate on detector '2' not registered: pulse 0.322s < gate 0.648s
1785726867.224,2026-08-02 21:14:27.224329,201,below_sampling_floor,rule2_orphan_pulse,24:7,24,7,video,video,7,b,1785726866.870,1785726867.191,0.321,0.6475,0.3238,2.0,orphan candidate on detector '7' not registered: pulse 0.321s < gate 0.648s
1785726867.224,2026-08-02 21:14:27.224329,201,below_sampling_floor,rule2_orphan_pulse,38:7,7,38,video,radar,7,a,1785726866.870,1785726867.191,0.321,0.6475,0.3238,2.0,orphan candidate on detector '7' not registered: pulse 0.321s < gate 0.648s
1785726896.887,2026-08-02 21:14:56.887169,201,below_sampling_floor,rule2_orphan_pulse,26:33,33,26,radar,video,33,a,1785726896.163,1785726896.789,0.626,0.6475,0.3238,2.0,orphan candidate on detector '33' not registered: pulse 0.626s < gate 0.648s
1785726947.415,2026-08-02 21:15:47.415265,201,below_sampling_floor,rule2_orphan_pulse,26:33,33,26,radar,video,33,a,1785726946.747,1785726947.386,0.639,0.6404,0.3202,2.0,orphan candidate on detector '33' not registered: pulse 0.639s < gate 0.640s
1785727027.151,2026-08-02 21:17:07.150805,201,below_sampling_floor,rule2_orphan_pulse,26:33,33,26,radar,video,33,a,1785727026.410,1785727027.067,0.657,0.6642,0.3321,2.0,orphan candidate on detector '33' not registered: pulse 0.657s < gate 0.664s
1785727028.768,2026-08-02 21:17:08.768321,201,below_sampling_floor,rule2_orphan_pulse,26:33,33,26,radar,video,33,a,1785727028.365,1785727028.685,0.321,0.6642,0.3321,2.0,orphan candidate on detector '33' not registered: pulse 0.321s < gate 0.664s
1785727032.301,2026-08-02 21:17:12.300976,201,below_sampling_floor,rule2_orphan_pulse,26:33,33,26,radar,video,33,a,1785727031.942,1785727032.263,0.321,0.6642,0.3321,2.0,orphan candidate on detector '33' not registered: pulse 0.321s < gate 0.664s
1785727050.255,2026-08-02 21:17:30.254987,201,below_sampling_floor,rule2_orphan_pulse,29:43,43,29,radar,video,43,a,1785727049.609,1785727050.254,0.645,0.6642,0.3321,2.0,orphan candidate on detector '43' not registered: pulse 0.645s < gate 0.664s
1785727054.900,2026-08-02 21:17:34.899793,201,below_sampling_floor,rule2_orphan_pulse,29:43,43,29,radar,video,43,a,1785727054.546,1785727054.866,0.32,0.6642,0.3321,2.0,orphan candidate on detector '43' not registered: pulse 0.320s < gate 0.664s
1785727054.900,2026-08-02 21:17:34.899793,201,below_sampling_floor,rule2_orphan_pulse,31:42,42,31,radar,video,31,b,1785727054.546,1785727054.866,0.32,0.6642,0.3321,2.0,orphan candidate on detector '31' not registered: pulse 0.320s < gate 0.664s
1785727094.535,2026-08-02 21:18:14.534913,201,below_sampling_floor,rule2_orphan_pulse,26:33,33,26,radar,video,33,a,1785727093.839,1785727094.482,0.643,0.6578,0.3289,2.0,orphan candidate on detector '33' not registered: pulse 0.643s < gate 0.658s
1785727110.147,2026-08-02 21:18:30.147418,201,below_sampling_floor,rule2_orphan_pulse,17:46,46,17,radar,video,46,a,1785727109.415,1785727110.063,0.648,0.6578,0.3289,2.0,orphan candidate on detector '46' not registered: pulse 0.648s < gate 0.658s
1785727110.148,2026-08-02 21:18:30.148423,201,below_sampling_floor,rule2_orphan_pulse,2:46,2,46,video,radar,46,b,1785727109.415,1785727110.063,0.648,0.6578,0.3289,2.0,orphan candidate on detector '46' not registered: pulse 0.648s < gate 0.658s
1785727112.366,2026-08-02 21:18:32.366036,201,below_sampling_floor,rule2_orphan_pulse,17:46,46,17,radar,video,46,a,1785727111.710,1785727112.344,0.634,0.6578,0.3289,2.0,orphan candidate on detector '46' not registered: pulse 0.634s < gate 0.658s
1785727112.367,2026-08-02 21:18:32.367048,201,below_sampling_floor,rule2_orphan_pulse,2:46,2,46,video,radar,46,b,1785727111.710,1785727112.344,0.634,0.6578,0.3289,2.0,orphan candidate on detector '46' not registered: pulse 0.634s < gate 0.658s
1785727113.680,2026-08-02 21:18:33.680057,201,below_sampling_floor,rule2_orphan_pulse,17:2,17,2,video,video,2,b,1785727112.997,1785727113.626,0.629,0.6578,0.3289,2.0,orphan candidate on detector '2' not registered: pulse 0.629s < gate 0.658s
1785727113.681,2026-08-02 21:18:33.681117,201,below_sampling_floor,rule2_orphan_pulse,2:46,2,46,video,radar,2,a,1785727112.997,1785727113.626,0.629,0.6578,0.3289,2.0,orphan candidate on detector '2' not registered: pulse 0.629s < gate 0.658s
1785727114.286,2026-08-02 21:18:34.286410,201,below_sampling_floor,rule2_orphan_pulse,26:33,33,26,radar,video,33,a,1785727113.943,1785727114.272,0.328,0.6578,0.3289,2.0,orphan candidate on detector '33' not registered: pulse 0.328s < gate 0.658s
1785727115.299,2026-08-02 21:18:35.299264,201,below_sampling_floor,rule2_orphan_pulse,17:46,46,17,radar,video,46,a,1785727114.591,1785727115.238,0.647,0.6578,0.3289,2.0,orphan candidate on detector '46' not registered: pulse 0.647s < gate 0.658s
1785727115.301,2026-08-02 21:18:35.300875,201,below_sampling_floor,rule2_orphan_pulse,2:46,2,46,video,radar,46,b,1785727114.591,1785727115.238,0.647,0.6578,0.3289,2.0,orphan candidate on detector '46' not registered: pulse 0.647s < gate 0.658s
1785727116.609,2026-08-02 21:18:36.609108,201,below_sampling_floor,rule2_orphan_pulse,17:2,17,2,video,video,2,b,1785727115.869,1785727116.520,0.651,0.6578,0.3289,2.0,orphan candidate on detector '2' not registered: pulse 0.651s < gate 0.658s
1785727116.609,2026-08-02 21:18:36.609108,201,below_sampling_floor,rule2_orphan_pulse,2:46,2,46,video,radar,2,a,1785727115.869,1785727116.520,0.651,0.6578,0.3289,2.0,orphan candidate on detector '2' not registered: pulse 0.651s < gate 0.658s
1785727120.036,2026-08-02 21:18:40.035697,201,below_sampling_floor,rule2_orphan_pulse,31:8,31,8,video,video,31,a,1785727054.546,1785727054.866,0.32,0.6578,0.3289,2.0,orphan candidate on detector '31' not registered: pulse 0.320s < gate 0.658s
1785727161.935,2026-08-02 21:19:21.935283,201,below_sampling_floor,rule2_orphan_pulse,17:46,46,17,radar,video,46,a,1785727161.282,1785727161.925,0.643,0.6517,0.3259,2.0,orphan candidate on detector '46' not registered: pulse 0.643s < gate 0.652s
1785727161.937,2026-08-02 21:19:21.937292,201,below_sampling_floor,rule2_orphan_pulse,2:46,2,46,video,radar,46,b,1785727161.282,1785727161.925,0.643,0.6517,0.3259,2.0,orphan candidate on detector '46' not registered: pulse 0.643s < gate 0.652s
1785727165.874,2026-08-02 21:19:25.873737,201,below_sampling_floor,rule2_orphan_pulse,17:46,46,17,radar,video,46,a,1785727165.177,1785727165.812,0.634,0.6517,0.3259,2.0,orphan candidate on detector '46' not registered: pulse 0.634s < gate 0.652s
1785727165.874,2026-08-02 21:19:25.873737,201,below_sampling_floor,rule2_orphan_pulse,2:46,2,46,video,radar,46,b,1785727165.177,1785727165.812,0.634,0.6517,0.3259,2.0,orphan candidate on detector '46' not registered: pulse 0.634s < gate 0.652s
1785727168.401,2026-08-02 21:19:28.400796,201,below_sampling_floor,rule2_orphan_pulse,17:46,46,17,radar,video,46,a,1785727167.760,1785727168.401,0.641,0.6517,0.3259,2.0,orphan candidate on detector '46' not registered: pulse 0.641s < gate 0.652s
1785727168.402,2026-08-02 21:19:28.401806,201,below_sampling_floor,rule2_orphan_pulse,2:46,2,46,video,radar,46,b,1785727167.760,1785727168.401,0.641,0.6517,0.3259,2.0,orphan candidate on detector '46' not registered: pulse 0.641s < gate 0.652s
1785727168.805,2026-08-02 21:19:28.804756,201,below_sampling_floor,rule2_orphan_pulse,26:33,33,26,radar,video,33,a,1785727168.401,1785727168.714,0.313,0.6517,0.3259,2.0,orphan candidate on detector '33' not registered: pulse 0.313s < gate 0.652s
1785727170.419,2026-08-02 21:19:30.419292,201,below_sampling_floor,rule2_orphan_pulse,26:33,33,26,radar,video,33,a,1785727169.999,1785727170.325,0.326,0.6517,0.3259,2.0,orphan candidate on detector '33' not registered: pulse 0.326s < gate 0.652s
1785727206.499,2026-08-02 21:20:06.499176,201,below_sampling_floor,rule2_orphan_pulse,17:2,17,2,video,video,2,b,1785727206.079,1785727206.422,0.344,0.6883,0.3442,2.0,orphan candidate on detector '2' not registered: pulse 0.344s < gate 0.688s
1785727206.499,2026-08-02 21:20:06.499176,201,below_sampling_floor,rule2_orphan_pulse,2:46,2,46,video,radar,2,a,1785727206.079,1785727206.422,0.344,0.6883,0.3442,2.0,orphan candidate on detector '2' not registered: pulse 0.344s < gate 0.688s
1785727211.643,2026-08-02 21:20:11.643367,201,below_sampling_floor,rule2_orphan_pulse,17:2,17,2,video,video,2,b,1785727211.182,1785727211.575,0.393,0.6883,0.3442,2.0,orphan candidate on detector '2' not registered: pulse 0.393s < gate 0.688s
1785727211.643,2026-08-02 21:20:11.643367,201,below_sampling_floor,rule2_orphan_pulse,2:46,2,46,video,radar,2,a,1785727211.182,1785727211.575,0.393,0.6883,0.3442,2.0,orphan candidate on detector '2' not registered: pulse 0.393s < gate 0.688s
1785727360.812,2026-08-02 21:22:40.812182,201,below_sampling_floor,rule2_orphan_pulse,26:33,33,26,radar,video,33,a,1785727360.396,1785727360.751,0.356,0.6483,0.3242,2.0,orphan candidate on detector '33' not registered: pulse 0.356s < gate 0.648s
1785727362.830,2026-08-02 21:22:42.830215,201,below_sampling_floor,rule2_orphan_pulse,26:33,33,26,radar,video,33,a,1785727362.103,1785727362.750,0.647,0.6483,0.3242,2.0,orphan candidate on detector '33' not registered: pulse 0.647s < gate 0.648s
1785727449.179,2026-08-02 21:24:09.178669,201,below_sampling_floor,rule2_orphan_pulse,26:33,33,26,radar,video,33,a,1785727448.472,1785727449.123,0.651,0.6567,0.3284,2.0,orphan candidate on detector '33' not registered: pulse 0.651s < gate 0.657s
1785727520.987,2026-08-02 21:25:20.986693,201,below_sampling_floor,rule2_orphan_pulse,26:33,33,26,radar,video,33,a,1785727520.563,1785727520.899,0.337,0.6504,0.3252,2.0,orphan candidate on detector '33' not registered: pulse 0.337s < gate 0.650s
1785727530.571,2026-08-02 21:25:30.570533,201,below_sampling_floor,rule2_orphan_pulse,26:33,33,26,radar,video,33,a,1785727530.201,1785727530.526,0.325,0.6504,0.3252,2.0,orphan candidate on detector '33' not registered: pulse 0.325s < gate 0.650s
1785727598.949,2026-08-02 21:26:38.948938,201,below_sampling_floor,rule2_orphan_pulse,26:33,33,26,radar,video,33,a,1785727598.226,1785727598.878,0.652,0.6552,0.3276,2.0,orphan candidate on detector '33' not registered: pulse 0.652s < gate 0.655s
1785727602.591,2026-08-02 21:26:42.590841,201,below_sampling_floor,rule2_orphan_pulse,26:33,33,26,radar,video,33,a,1785727601.884,1785727602.536,0.653,0.6552,0.3276,2.0,orphan candidate on detector '33' not registered: pulse 0.653s < gate 0.655s
1785727606.223,2026-08-02 21:26:46.223112,201,below_sampling_floor,rule2_orphan_pulse,26:33,33,26,radar,video,33,a,1785727605.492,1785727606.130,0.638,0.6552,0.3276,2.0,orphan candidate on detector '33' not registered: pulse 0.638s < gate 0.655s
1785727607.836,2026-08-02 21:26:47.835816,201,below_sampling_floor,rule2_orphan_pulse,26:33,33,26,radar,video,33,a,1785727607.451,1785727607.765,0.314,0.6552,0.3276,2.0,orphan candidate on detector '33' not registered: pulse 0.314s < gate 0.655s
1785727613.486,2026-08-02 21:26:53.486187,201,below_sampling_floor,rule2_orphan_pulse,26:33,33,26,radar,video,33,a,1785727613.148,1785727613.481,0.333,0.6552,0.3276,2.0,orphan candidate on detector '33' not registered: pulse 0.333s < gate 0.655s
1785727622.682,2026-08-02 21:27:02.682158,201,below_sampling_floor,rule2_orphan_pulse,3:30,30,3,video,video,3,b,1785727622.032,1785727622.682,0.65,0.6584,0.3292,2.0,orphan candidate on detector '3' not registered: pulse 0.650s < gate 0.658s
1785727622.684,2026-08-02 21:27:02.684162,201,below_sampling_floor,rule2_orphan_pulse,3:41,3,41,video,radar,3,a,1785727622.032,1785727622.682,0.65,0.6584,0.3292,2.0,orphan candidate on detector '3' not registered: pulse 0.650s < gate 0.658s
1785727630.254,2026-08-02 21:27:10.253831,201,below_sampling_floor,rule2_orphan_pulse,26:33,33,26,radar,video,33,a,1785727629.572,1785727630.229,0.657,0.6584,0.3292,2.0,orphan candidate on detector '33' not registered: pulse 0.657s < gate 0.658s
1785727631.969,2026-08-02 21:27:11.968630,201,below_sampling_floor,rule2_orphan_pulse,26:33,33,26,radar,video,33,a,1785727631.570,1785727631.889,0.319,0.6584,0.3292,2.0,orphan candidate on detector '33' not registered: pulse 0.319s < gate 0.658s
1785727635.498,2026-08-02 21:27:15.497687,201,below_sampling_floor,rule2_orphan_pulse,17:46,46,17,radar,video,46,a,1785727634.799,1785727635.431,0.632,0.6584,0.3292,2.0,orphan candidate on detector '46' not registered: pulse 0.632s < gate 0.658s
1785727635.499,2026-08-02 21:27:15.498785,201,below_sampling_floor,rule2_orphan_pulse,2:46,2,46,video,radar,46,b,1785727634.799,1785727635.431,0.632,0.6584,0.3292,2.0,orphan candidate on detector '46' not registered: pulse 0.632s < gate 0.658s
1785727637.116,2026-08-02 21:27:17.115979,201,below_sampling_floor,rule2_orphan_pulse,26:33,33,26,radar,video,33,a,1785727636.727,1785727637.058,0.332,0.6584,0.3292,2.0,orphan candidate on detector '33' not registered: pulse 0.332s < gate 0.658s
1785727639.437,2026-08-02 21:27:19.436589,201,below_sampling_floor,rule2_orphan_pulse,17:2,17,2,video,video,2,b,1785727638.690,1785727639.343,0.653,0.6584,0.3292,2.0,orphan candidate on detector '2' not registered: pulse 0.653s < gate 0.658s
1785727639.440,2026-08-02 21:27:19.439656,201,below_sampling_floor,rule2_orphan_pulse,2:46,2,46,video,radar,2,a,1785727638.690,1785727639.343,0.653,0.6584,0.3292,2.0,orphan candidate on detector '2' not registered: pulse 0.653s < gate 0.658s
1785727640.657,2026-08-02 21:27:20.656998,201,below_sampling_floor,rule2_orphan_pulse,26:33,33,26,radar,video,33,a,1785727639.992,1785727640.635,0.642,0.6584,0.3292,2.0,orphan candidate on detector '33' not registered: pulse 0.642s < gate 0.658s
1785727643.285,2026-08-02 21:27:23.285309,201,below_sampling_floor,rule2_orphan_pulse,26:33,33,26,radar,video,33,a,1785727642.883,1785727643.214,0.331,0.6584,0.3292,2.0,orphan candidate on detector '33' not registered: pulse 0.331s < gate 0.658s
1785727700.868,2026-08-02 21:28:20.868363,201,below_sampling_floor,rule2_orphan_pulse,3:30,30,3,video,video,3,b,1785727700.491,1785727700.823,0.332,0.6502,0.3251,2.0,orphan candidate on detector '3' not registered: pulse 0.332s < gate 0.650s
1785727700.870,2026-08-02 21:28:20.869507,201,below_sampling_floor,rule2_orphan_pulse,3:41,3,41,video,radar,3,a,1785727700.491,1785727700.823,0.332,0.6502,0.3251,2.0,orphan candidate on detector '3' not registered: pulse 0.332s < gate 0.650s
1785727747.277,2026-08-02 21:29:07.277411,201,below_sampling_floor,rule2_orphan_pulse,31:42,42,31,radar,video,31,b,1785727746.864,1785727747.191,0.326,0.6444,0.3222,2.0,orphan candidate on detector '31' not registered: pulse 0.326s < gate 0.644s
1785727751.822,2026-08-02 21:29:11.822484,201,below_sampling_floor,rule2_orphan_pulse,31:8,31,8,video,video,31,a,1785727746.864,1785727747.191,0.326,0.6444,0.3222,2.0,orphan candidate on detector '31' not registered: pulse 0.326s < gate 0.644s
1785727777.657,2026-08-02 21:29:37.656676,201,below_sampling_floor,rule2_orphan_pulse,17:46,46,17,radar,video,46,a,1785727777.004,1785727777.648,0.644,0.6444,0.3222,2.0,orphan candidate on detector '46' not registered: pulse 0.644s < gate 0.644s
1785727777.658,2026-08-02 21:29:37.658194,201,below_sampling_floor,rule2_orphan_pulse,2:46,2,46,video,radar,46,b,1785727777.004,1785727777.648,0.644,0.6444,0.3222,2.0,orphan candidate on detector '46' not registered: pulse 0.644s < gate 0.644s
1785727778.972,2026-08-02 21:29:38.971949,201,below_sampling_floor,rule2_orphan_pulse,17:2,17,2,video,video,2,b,1785727778.304,1785727778.936,0.632,0.6444,0.3222,2.0,orphan candidate on detector '2' not registered: pulse 0.632s < gate 0.644s
1785727778.973,2026-08-02 21:29:38.972959,201,below_sampling_floor,rule2_orphan_pulse,2:46,2,46,video,radar,2,a,1785727778.304,1785727778.936,0.632,0.6444,0.3222,2.0,orphan candidate on detector '2' not registered: pulse 0.632s < gate 0.644s
1785727821.623,2026-08-02 21:30:21.622530,201,below_sampling_floor,rule2_orphan_pulse,26:33,33,26,radar,video,33,a,1785727820.894,1785727821.536,0.642,0.6504,0.3252,2.0,orphan candidate on detector '33' not registered: pulse 0.642s < gate 0.650s
1785727824.246,2026-08-02 21:30:24.245874,201,below_sampling_floor,rule2_orphan_pulse,26:33,33,26,radar,video,33,a,1785727823.854,1785727824.194,0.34,0.6504,0.3252,2.0,orphan candidate on detector '33' not registered: pulse 0.340s < gate 0.650s
1785727826.472,2026-08-02 21:30:26.471602,201,below_sampling_floor,rule2_orphan_pulse,26:33,33,26,radar,video,33,a,1785727826.122,1785727826.454,0.332,0.6504,0.3252,2.0,orphan candidate on detector '33' not registered: pulse 0.332s < gate 0.650s
1785727855.440,2026-08-02 21:30:55.439507,201,below_sampling_floor,rule2_orphan_pulse,24:38,38,24,radar,video,24,b,1785727855.062,1785727855.385,0.322,0.6504,0.3252,2.0,orphan candidate on detector '24' not registered: pulse 0.322s < gate 0.650s
1785727855.441,2026-08-02 21:30:55.440645,201,below_sampling_floor,rule2_orphan_pulse,24:7,24,7,video,video,24,a,1785727855.062,1785727855.385,0.322,0.6504,0.3252,2.0,orphan candidate on detector '24' not registered: pulse 0.322s < gate 0.650s
1785727858.974,2026-08-02 21:30:58.973649,201,below_sampling_floor,rule2_orphan_pulse,24:38,38,24,radar,video,24,b,1785727858.640,1785727858.962,0.322,0.6504,0.3252,2.0,orphan candidate on detector '24' not registered: pulse 0.322s < gate 0.650s
1785727858.975,2026-08-02 21:30:58.974685,201,below_sampling_floor,rule2_orphan_pulse,24:7,24,7,video,video,24,a,1785727858.640,1785727858.962,0.322,0.6504,0.3252,2.0,orphan candidate on detector '24' not registered: pulse 0.322s < gate 0.650s
1785727913.332,2026-08-02 21:31:53.331803,201,below_sampling_floor,rule2_orphan_pulse,26:33,33,26,radar,video,33,a,1785727912.952,1785727913.280,0.327,0.6489,0.3245,2.0,orphan candidate on detector '33' not registered: pulse 0.327s < gate 0.649s
1785727949.230,2026-08-02 21:32:29.229827,201,below_sampling_floor,rule2_orphan_pulse,24:38,38,24,radar,video,24,b,1785727948.878,1785727949.208,0.331,0.6457,0.3229,2.0,orphan candidate on detector '24' not registered: pulse 0.331s < gate 0.646s
1785727949.230,2026-08-02 21:32:29.229827,201,below_sampling_floor,rule2_orphan_pulse,24:7,24,7,video,video,24,a,1785727948.878,1785727949.208,0.331,0.6457,0.3229,2.0,orphan candidate on detector '24' not registered: pulse 0.331s < gate 0.646s
1785727964.877,2026-08-02 21:32:44.876740,201,below_sampling_floor,rule2_orphan_pulse,24:7,24,7,video,video,24,a,1785727964.469,1785727964.776,0.307,0.6457,0.3229,2.0,orphan candidate on detector '24' not registered: pulse 0.307s < gate 0.646s
1785727990.827,2026-08-02 21:33:10.826561,201,below_sampling_floor,rule2_orphan_pulse,17:2,17,2,video,video,2,b,1785727990.414,1785727990.741,0.327,0.6658,0.3329,2.0,orphan candidate on detector '2' not registered: pulse 0.327s < gate 0.666s
1785727990.828,2026-08-02 21:33:10.827570,201,below_sampling_floor,rule2_orphan_pulse,2:46,2,46,video,radar,2,a,1785727990.414,1785727990.741,0.327,0.6658,0.3329,2.0,orphan candidate on detector '2' not registered: pulse 0.327s < gate 0.666s
1785728007.671,2026-08-02 21:33:27.670733,201,below_sampling_floor,rule2_orphan_pulse,17:2,17,2,video,video,2,b,1785728006.926,1785728007.586,0.66,0.6658,0.3329,2.0,orphan candidate on detector '2' not registered: pulse 0.660s < gate 0.666s
1785728007.673,2026-08-02 21:33:27.672753,201,below_sampling_floor,rule2_orphan_pulse,2:46,2,46,video,radar,2,a,1785728006.926,1785728007.586,0.66,0.6658,0.3329,2.0,orphan candidate on detector '2' not registered: pulse 0.660s < gate 0.666s
1785728038.398,2026-08-02 21:33:58.398278,201,below_sampling_floor,rule2_orphan_pulse,26:33,33,26,radar,video,33,a,1785728038.010,1785728038.336,0.326,0.6658,0.3329,2.0,orphan candidate on detector '33' not registered: pulse 0.326s < gate 0.666s
1785728052.416,2026-08-02 21:34:12.415831,201,below_sampling_floor,rule2_orphan_pulse,24:38,38,24,radar,video,24,b,1785728052.031,1785728052.355,0.324,0.652,0.326,2.0,orphan candidate on detector '24' not registered: pulse 0.324s < gate 0.652s
1785728052.517,2026-08-02 21:34:12.517454,201,below_sampling_floor,rule2_orphan_pulse,24:7,24,7,video,video,24,a,1785728052.031,1785728052.355,0.324,0.652,0.326,2.0,orphan candidate on detector '24' not registered: pulse 0.324s < gate 0.652s
1785728112.631,2026-08-02 21:35:12.631228,201,below_sampling_floor,rule2_orphan_pulse,26:33,33,26,radar,video,33,a,1785728112.272,1785728112.616,0.344,0.6677,0.3338,2.0,orphan candidate on detector '33' not registered: pulse 0.344s < gate 0.668s
