phase,anomaly_type,start_timestamp,end_timestamp,duration_sec,det_a_id,det_b_id,on_det_id,description
1,isolated_pulse,1785684934.4,1785684935.2,0.7999999523162842,29,43,29,Ph1: Det 29 isolated pulse ON/OFF for 0.800s; Det 43 was completely OFF in ±5.0s window
1,isolated_pulse,1785685565.4,1785685567.3,1.8999998569488525,29,43,43,Ph1: Det 43 isolated pulse ON/OFF for 1.900s; Det 29 was completely OFF in ±5.0s window
1,isolated_pulse,1785686270.3,1785686271.3,1.0,29,43,43,Ph1: Det 43 isolated pulse ON/OFF for 1.000s; Det 29 was completely OFF in ±5.0s window
1,isolated_pulse,1785686409.3,1785686409.6,0.2999999523162842,29,43,29,Ph1: Det 29 isolated pulse ON/OFF for 0.300s; Det 43 was completely OFF in ±5.0s window
1,isolated_pulse,1785686410.1,1785686412.0,1.9000000953674316,29,43,29,Ph1: Det 29 isolated pulse ON/OFF for 1.900s; Det 43 was completely OFF in ±5.0s window
1,isolated_pulse,1785686412.3,1785686413.5,1.2000000476837158,29,43,29,Ph1: Det 29 isolated pulse ON/OFF for 1.200s; Det 43 was completely OFF in ±5.0s window
1,isolated_pulse,1785686414.7,1785686415.9,1.2000000476837158,29,43,29,Ph1: Det 29 isolated pulse ON/OFF for 1.200s; Det 43 was completely OFF in ±5.0s window
1,extended_disagreement,1785687174.0,1785687180.4,6.400000095367432,29,43,43,Ph1: Det 43 ON / Det 29 OFF for 6.40s (threshold=5.0s)
1,isolated_pulse,1785687651.4,1785687651.5,0.09999990463256836,29,43,43,Ph1: Det 43 isolated pulse ON/OFF for 0.100s; Det 29 was completely OFF in ±5.0s window
1,isolated_pulse,1785688187.7,1785688189.1,1.3999998569488525,29,43,29,Ph1: Det 29 isolated pulse ON/OFF for 1.400s; Det 43 was completely OFF in ±5.0s window
1,isolated_pulse,1785688287.4,1785688287.8,0.39999985694885254,29,43,29,Ph1: Det 29 isolated pulse ON/OFF for 0.400s; Det 43 was completely OFF in ±5.0s window
1,isolated_pulse,1785688410.5,1785688410.9,0.40000009536743164,29,43,29,Ph1: Det 29 isolated pulse ON/OFF for 0.400s; Det 43 was completely OFF in ±5.0s window
1,isolated_pulse,1785688419.8,1785688420.2,0.40000009536743164,29,43,29,Ph1: Det 29 isolated pulse ON/OFF for 0.400s; Det 43 was completely OFF in ±5.0s window
1,isolated_pulse,1785688520.8,1785688522.5,1.7000000476837158,29,43,29,Ph1: Det 29 isolated pulse ON/OFF for 1.700s; Det 43 was completely OFF in ±5.0s window
1,isolated_pulse,1785688527.8,1785688528.2,0.40000009536743164,29,43,29,Ph1: Det 29 isolated pulse ON/OFF for 0.400s; Det 43 was completely OFF in ±5.0s window
1,isolated_pulse,1785688529.2,1785688531.4,2.200000047683716,29,43,29,Ph1: Det 29 isolated pulse ON/OFF for 2.200s; Det 43 was completely OFF in ±5.0s window
1,isolated_pulse,1785688532.2,1785688532.5,0.2999999523162842,29,43,29,Ph1: Det 29 isolated pulse ON/OFF for 0.300s; Det 43 was completely OFF in ±5.0s window
1,isolated_pulse,1785688698.3,1785688702.4,4.1000001430511475,29,43,43,Ph1: Det 43 isolated pulse ON/OFF for 4.100s; Det 29 was completely OFF in ±5.0s window
1,isolated_pulse,1785689306.9,1785689307.6,0.6999998092651367,29,43,29,Ph1: Det 29 isolated pulse ON/OFF for 0.700s; Det 43 was completely OFF in ±5.0s window
1,isolated_pulse,1785690110.4,1785690110.7,0.2999999523162842,29,43,29,Ph1: Det 29 isolated pulse ON/OFF for 0.300s; Det 43 was completely OFF in ±5.0s window
1,isolated_pulse,1785690367.0,1785690367.8,0.7999999523162842,29,43,29,Ph1: Det 29 isolated pulse ON/OFF for 0.800s; Det 43 was completely OFF in ±5.0s window
1,isolated_pulse,1785690371.1,1785690371.4,0.3000001907348633,29,43,29,Ph1: Det 29 isolated pulse ON/OFF for 0.300s; Det 43 was completely OFF in ±5.0s window
1,isolated_pulse,1785690371.7,1785690372.1,0.39999985694885254,29,43,29,Ph1: Det 29 isolated pulse ON/OFF for 0.400s; Det 43 was completely OFF in ±5.0s window
1,isolated_pulse,1785690373.5,1785690374.1,0.5999999046325684,29,43,29,Ph1: Det 29 isolated pulse ON/OFF for 0.600s; Det 43 was completely OFF in ±5.0s window
1,isolated_pulse,1785690374.9,1785690375.5,0.5999999046325684,29,43,29,Ph1: Det 29 isolated pulse ON/OFF for 0.600s; Det 43 was completely OFF in ±5.0s window
1,isolated_pulse,1785690699.3,1785690699.6,0.2999999523162842,29,43,43,Ph1: Det 43 isolated pulse ON/OFF for 0.300s; Det 29 was completely OFF in ±5.0s window
1,extended_disagreement,1785690849.1,1785690854.6,5.5,29,43,29,Ph1: Det 29 ON / Det 43 OFF for 5.50s (threshold=5.0s)
1,isolated_pulse,1785691016.8,1785691017.3,0.5,29,43,29,Ph1: Det 29 isolated pulse ON/OFF for 0.500s; Det 43 was completely OFF in ±5.0s window
1,isolated_pulse,1785691189.8,1785691190.6,0.7999999523162842,29,43,29,Ph1: Det 29 isolated pulse ON/OFF for 0.800s; Det 43 was completely OFF in ±5.0s window
1,isolated_pulse,1785691191.4,1785691192.4,1.0,29,43,29,Ph1: Det 29 isolated pulse ON/OFF for 1.000s; Det 43 was completely OFF in ±5.0s window
1,isolated_pulse,1785691193.1,1785691193.4,0.3000001907348633,29,43,29,Ph1: Det 29 isolated pulse ON/OFF for 0.300s; Det 43 was completely OFF in ±5.0s window
1,isolated_pulse,1785691197.5,1785691198.2,0.7000000476837158,29,43,29,Ph1: Det 29 isolated pulse ON/OFF for 0.700s; Det 43 was completely OFF in ±5.0s window
1,isolated_pulse,1785691199.5,1785691199.8,0.2999999523162842,29,43,29,Ph1: Det 29 isolated pulse ON/OFF for 0.300s; Det 43 was completely OFF in ±5.0s window
1,isolated_pulse,1785691202.2,1785691202.9,0.7000000476837158,29,43,29,Ph1: Det 29 isolated pulse ON/OFF for 0.700s; Det 43 was completely OFF in ±5.0s window
1,isolated_pulse,1785691355.4,1785691355.9,0.5,29,43,29,Ph1: Det 29 isolated pulse ON/OFF for 0.500s; Det 43 was completely OFF in ±5.0s window
1,isolated_pulse,1785691608.9,1785691609.7,0.7999999523162842,29,43,29,Ph1: Det 29 isolated pulse ON/OFF for 0.800s; Det 43 was completely OFF in ±5.0s window
1,isolated_pulse,1785691611.3,1785691611.7,0.40000009536743164,29,43,29,Ph1: Det 29 isolated pulse ON/OFF for 0.400s; Det 43 was completely OFF in ±5.0s window
1,isolated_pulse,1785691613.3,1785691613.7,0.40000009536743164,29,43,29,Ph1: Det 29 isolated pulse ON/OFF for 0.400s; Det 43 was completely OFF in ±5.0s window
1,isolated_pulse,1785691617.7,1785691618.9,1.2000000476837158,29,43,29,Ph1: Det 29 isolated pulse ON/OFF for 1.200s; Det 43 was completely OFF in ±5.0s window
1,isolated_pulse,1785691620.9,1785691622.5,1.5999999046325684,29,43,29,Ph1: Det 29 isolated pulse ON/OFF for 1.600s; Det 43 was completely OFF in ±5.0s window
1,isolated_pulse,1785691979.6,1785691980.2,0.6000001430511475,29,43,43,Ph1: Det 43 isolated pulse ON/OFF for 0.600s; Det 29 was completely OFF in ±5.0s window
1,isolated_pulse,1785692149.9,1785692150.8,0.8999998569488525,29,43,29,Ph1: Det 29 isolated pulse ON/OFF for 0.900s; Det 43 was completely OFF in ±5.0s window
1,isolated_pulse,1785692151.1,1785692151.5,0.40000009536743164,29,43,29,Ph1: Det 29 isolated pulse ON/OFF for 0.400s; Det 43 was completely OFF in ±5.0s window
1,isolated_pulse,1785692151.9,1785692153.5,1.5999999046325684,29,43,29,Ph1: Det 29 isolated pulse ON/OFF for 1.600s; Det 43 was completely OFF in ±5.0s window
1,isolated_pulse,1785692153.9,1785692154.4,0.5,29,43,29,Ph1: Det 29 isolated pulse ON/OFF for 0.500s; Det 43 was completely OFF in ±5.0s window
1,isolated_pulse,1785692322.3,1785692322.6,0.2999999523162842,29,43,29,Ph1: Det 29 isolated pulse ON/OFF for 0.300s; Det 43 was completely OFF in ±5.0s window
1,isolated_pulse,1785693201.0,1785693201.6,0.5999999046325684,29,43,29,Ph1: Det 29 isolated pulse ON/OFF for 0.600s; Det 43 was completely OFF in ±5.0s window
1,isolated_pulse,1785693205.8,1785693207.7,1.9000000953674316,29,43,29,Ph1: Det 29 isolated pulse ON/OFF for 1.900s; Det 43 was completely OFF in ±5.0s window
1,isolated_pulse,1785693209.0,1785693212.0,3.0,29,43,29,Ph1: Det 29 isolated pulse ON/OFF for 3.000s; Det 43 was completely OFF in ±5.0s window
1,isolated_pulse,1785693212.4,1785693214.8,2.3999998569488525,29,43,29,Ph1: Det 29 isolated pulse ON/OFF for 2.400s; Det 43 was completely OFF in ±5.0s window
1,isolated_pulse,1785693215.6,1785693215.8,0.20000004768371582,29,43,29,Ph1: Det 29 isolated pulse ON/OFF for 0.200s; Det 43 was completely OFF in ±5.0s window
1,isolated_pulse,1785693217.3,1785693218.1,0.7999999523162842,29,43,29,Ph1: Det 29 isolated pulse ON/OFF for 0.800s; Det 43 was completely OFF in ±5.0s window
1,isolated_pulse,1785693218.8,1785693219.1,0.2999999523162842,29,43,29,Ph1: Det 29 isolated pulse ON/OFF for 0.300s; Det 43 was completely OFF in ±5.0s window
1,isolated_pulse,1785693219.5,1785693221.8,2.299999952316284,29,43,29,Ph1: Det 29 isolated pulse ON/OFF for 2.300s; Det 43 was completely OFF in ±5.0s window
1,isolated_pulse,1785693222.2,1785693225.3,3.0999999046325684,29,43,29,Ph1: Det 29 isolated pulse ON/OFF for 3.100s; Det 43 was completely OFF in ±5.0s window
1,isolated_pulse,1785693226.7,1785693227.8,1.0999999046325684,29,43,29,Ph1: Det 29 isolated pulse ON/OFF for 1.100s; Det 43 was completely OFF in ±5.0s window
1,isolated_pulse,1785693228.4,1785693230.5,2.0999999046325684,29,43,29,Ph1: Det 29 isolated pulse ON/OFF for 2.100s; Det 43 was completely OFF in ±5.0s window
1,isolated_pulse,1785693231.4,1785693231.8,0.39999985694885254,29,43,29,Ph1: Det 29 isolated pulse ON/OFF for 0.400s; Det 43 was completely OFF in ±5.0s window
1,isolated_pulse,1785693233.9,1785693234.3,0.39999985694885254,29,43,29,Ph1: Det 29 isolated pulse ON/OFF for 0.400s; Det 43 was completely OFF in ±5.0s window
1,isolated_pulse,1785693588.0,1785693588.5,0.5,29,43,29,Ph1: Det 29 isolated pulse ON/OFF for 0.500s; Det 43 was completely OFF in ±5.0s window
1,isolated_pulse,1785693589.3,1785693590.1,0.7999999523162842,29,43,29,Ph1: Det 29 isolated pulse ON/OFF for 0.800s; Det 43 was completely OFF in ±5.0s window
1,isolated_pulse,1785693592.1,1785693592.5,0.40000009536743164,29,43,29,Ph1: Det 29 isolated pulse ON/OFF for 0.400s; Det 43 was completely OFF in ±5.0s window
1,isolated_pulse,1785693593.8,1785693594.7,0.9000000953674316,29,43,29,Ph1: Det 29 isolated pulse ON/OFF for 0.900s; Det 43 was completely OFF in ±5.0s window
1,isolated_pulse,1785693595.0,1785693595.3,0.2999999523162842,29,43,29,Ph1: Det 29 isolated pulse ON/OFF for 0.300s; Det 43 was completely OFF in ±5.0s window
1,isolated_pulse,1785693916.4,1785693917.2,0.7999999523162842,29,43,29,Ph1: Det 29 isolated pulse ON/OFF for 0.800s; Det 43 was completely OFF in ±5.0s window
1,isolated_pulse,1785693917.6,1785693919.2,1.6000001430511475,29,43,29,Ph1: Det 29 isolated pulse ON/OFF for 1.600s; Det 43 was completely OFF in ±5.0s window
1,isolated_pulse,1785693920.5,1785693921.2,0.7000000476837158,29,43,29,Ph1: Det 29 isolated pulse ON/OFF for 0.700s; Det 43 was completely OFF in ±5.0s window
1,isolated_pulse,1785693921.6,1785693923.2,1.6000001430511475,29,43,29,Ph1: Det 29 isolated pulse ON/OFF for 1.600s; Det 43 was completely OFF in ±5.0s window
1,isolated_pulse,1785693923.6,1785693924.7,1.1000001430511475,29,43,29,Ph1: Det 29 isolated pulse ON/OFF for 1.100s; Det 43 was completely OFF in ±5.0s window
1,isolated_pulse,1785693925.0,1785693925.8,0.7999999523162842,29,43,29,Ph1: Det 29 isolated pulse ON/OFF for 0.800s; Det 43 was completely OFF in ±5.0s window
1,isolated_pulse,1785693926.2,1785693928.2,2.0,29,43,29,Ph1: Det 29 isolated pulse ON/OFF for 2.000s; Det 43 was completely OFF in ±5.0s window
1,isolated_pulse,1785693929.0,1785693929.4,0.40000009536743164,29,43,29,Ph1: Det 29 isolated pulse ON/OFF for 0.400s; Det 43 was completely OFF in ±5.0s window
1,isolated_pulse,1785693929.7,1785693930.0,0.2999999523162842,29,43,29,Ph1: Det 29 isolated pulse ON/OFF for 0.300s; Det 43 was completely OFF in ±5.0s window
1,isolated_pulse,1785693930.4,1785693930.8,0.39999985694885254,29,43,29,Ph1: Det 29 isolated pulse ON/OFF for 0.400s; Det 43 was completely OFF in ±5.0s window
1,isolated_pulse,1785693931.6,1785693931.8,0.20000004768371582,29,43,29,Ph1: Det 29 isolated pulse ON/OFF for 0.200s; Det 43 was completely OFF in ±5.0s window
1,extended_disagreement,1785694253.5,1785694267.5,14.0,29,43,43,Ph1: Det 43 ON / Det 29 OFF for 14.00s (threshold=5.0s)
1,isolated_pulse,1785694267.6,1785694267.9,0.3000001907348633,29,43,43,Ph1: Det 43 isolated pulse ON/OFF for 0.300s; Det 29 was completely OFF in ±5.0s window
1,isolated_pulse,1785694268.1,1785694270.8,2.700000047683716,29,43,43,Ph1: Det 43 isolated pulse ON/OFF for 2.700s; Det 29 was completely OFF in ±5.0s window
1,isolated_pulse,1785694270.9,1785694271.0,0.09999990463256836,29,43,43,Ph1: Det 43 isolated pulse ON/OFF for 0.100s; Det 29 was completely OFF in ±5.0s window
1,isolated_pulse,1785694271.7,1785694271.9,0.20000004768371582,29,43,43,Ph1: Det 43 isolated pulse ON/OFF for 0.200s; Det 29 was completely OFF in ±5.0s window
1,isolated_pulse,1785694273.2,1785694274.4,1.2000000476837158,29,43,43,Ph1: Det 43 isolated pulse ON/OFF for 1.200s; Det 29 was completely OFF in ±5.0s window
1,isolated_pulse,1785694274.6,1785694275.7,1.1000001430511475,29,43,43,Ph1: Det 43 isolated pulse ON/OFF for 1.100s; Det 29 was completely OFF in ±5.0s window
1,isolated_pulse,1785694422.5,1785694423.6,1.0999999046325684,29,43,29,Ph1: Det 29 isolated pulse ON/OFF for 1.100s; Det 43 was completely OFF in ±5.0s window
1,isolated_pulse,1785694424.6,1785694425.0,0.40000009536743164,29,43,29,Ph1: Det 29 isolated pulse ON/OFF for 0.400s; Det 43 was completely OFF in ±5.0s window
1,isolated_pulse,1785694827.6,1785694828.4,0.8000001907348633,29,43,29,Ph1: Det 29 isolated pulse ON/OFF for 0.800s; Det 43 was completely OFF in ±5.0s window
1,isolated_pulse,1785694829.0,1785694830.8,1.7999999523162842,29,43,29,Ph1: Det 29 isolated pulse ON/OFF for 1.800s; Det 43 was completely OFF in ±5.0s window
1,isolated_pulse,1785694832.6,1785694834.0,1.4000000953674316,29,43,29,Ph1: Det 29 isolated pulse ON/OFF for 1.400s; Det 43 was completely OFF in ±5.0s window
1,isolated_pulse,1785695144.3,1785695144.6,0.2999999523162842,29,43,29,Ph1: Det 29 isolated pulse ON/OFF for 0.300s; Det 43 was completely OFF in ±5.0s window
1,isolated_pulse,1785695146.2,1785695146.7,0.5,29,43,29,Ph1: Det 29 isolated pulse ON/OFF for 0.500s; Det 43 was completely OFF in ±5.0s window
1,isolated_pulse,1785695146.9,1785695147.3,0.39999985694885254,29,43,29,Ph1: Det 29 isolated pulse ON/OFF for 0.400s; Det 43 was completely OFF in ±5.0s window
1,isolated_pulse,1785695147.6,1785695148.0,0.40000009536743164,29,43,29,Ph1: Det 29 isolated pulse ON/OFF for 0.400s; Det 43 was completely OFF in ±5.0s window
1,isolated_pulse,1785695598.7,1785695602.1,3.3999998569488525,29,43,43,Ph1: Det 43 isolated pulse ON/OFF for 3.400s; Det 29 was completely OFF in ±5.0s window
1,isolated_pulse,1785695647.6,1785695650.0,2.4000000953674316,29,43,43,Ph1: Det 43 isolated pulse ON/OFF for 2.400s; Det 29 was completely OFF in ±5.0s window
1,isolated_pulse,1785695677.4,1785695677.8,0.39999985694885254,29,43,29,Ph1: Det 29 isolated pulse ON/OFF for 0.400s; Det 43 was completely OFF in ±5.0s window
1,isolated_pulse,1785695768.6,1785695771.6,3.0,29,43,43,Ph1: Det 43 isolated pulse ON/OFF for 3.000s; Det 29 was completely OFF in ±5.0s window
1,isolated_pulse,1785695781.6,1785695782.1,0.5,29,43,43,Ph1: Det 43 isolated pulse ON/OFF for 0.500s; Det 29 was completely OFF in ±5.0s window
1,isolated_pulse,1785696384.8,1785696385.5,0.7000000476837158,29,43,29,Ph1: Det 29 isolated pulse ON/OFF for 0.700s; Det 43 was completely OFF in ±5.0s window
1,isolated_pulse,1785696386.6,1785696386.8,0.20000004768371582,29,43,29,Ph1: Det 29 isolated pulse ON/OFF for 0.200s; Det 43 was completely OFF in ±5.0s window
1,isolated_pulse,1785696388.4,1785696388.8,0.39999985694885254,29,43,29,Ph1: Det 29 isolated pulse ON/OFF for 0.400s; Det 43 was completely OFF in ±5.0s window
1,isolated_pulse,1785696389.2,1785696389.4,0.20000004768371582,29,43,29,Ph1: Det 29 isolated pulse ON/OFF for 0.200s; Det 43 was completely OFF in ±5.0s window
1,isolated_pulse,1785696391.5,1785696392.2,0.7000000476837158,29,43,29,Ph1: Det 29 isolated pulse ON/OFF for 0.700s; Det 43 was completely OFF in ±5.0s window
1,isolated_pulse,1785696472.5,1785696473.6,1.0999999046325684,29,43,43,Ph1: Det 43 isolated pulse ON/OFF for 1.100s; Det 29 was completely OFF in ±5.0s window
1,isolated_pulse,1785696589.6,1785696590.1,0.5,29,43,29,Ph1: Det 29 isolated pulse ON/OFF for 0.500s; Det 43 was completely OFF in ±5.0s window
1,isolated_pulse,1785696638.1,1785696639.2,1.1000001430511475,29,43,43,Ph1: Det 43 isolated pulse ON/OFF for 1.100s; Det 29 was completely OFF in ±5.0s window
1,extended_disagreement,1785696648.5,1785696780.4,131.90000009536743,29,43,43,Ph1: Det 43 ON / Det 29 OFF for 131.90s (threshold=5.0s)
1,isolated_pulse,1785697030.1,1785697030.4,0.3000001907348633,29,43,43,Ph1: Det 43 isolated pulse ON/OFF for 0.300s; Det 29 was completely OFF in ±5.0s window
1,isolated_pulse,1785697113.4,1785697113.8,0.39999985694885254,29,43,29,Ph1: Det 29 isolated pulse ON/OFF for 0.400s; Det 43 was completely OFF in ±5.0s window
1,isolated_pulse,1785697115.6,1785697118.1,2.5,29,43,29,Ph1: Det 29 isolated pulse ON/OFF for 2.500s; Det 43 was completely OFF in ±5.0s window
1,isolated_pulse,1785697354.9,1785697355.1,0.19999980926513672,29,43,43,Ph1: Det 43 isolated pulse ON/OFF for 0.200s; Det 29 was completely OFF in ±5.0s window
1,isolated_pulse,1785697490.9,1785697491.6,0.6999998092651367,29,43,29,Ph1: Det 29 isolated pulse ON/OFF for 0.700s; Det 43 was completely OFF in ±5.0s window
1,isolated_pulse,1785697492.2,1785697492.6,0.39999985694885254,29,43,29,Ph1: Det 29 isolated pulse ON/OFF for 0.400s; Det 43 was completely OFF in ±5.0s window
1,isolated_pulse,1785697690.5,1785697691.3,0.7999999523162842,29,43,29,Ph1: Det 29 isolated pulse ON/OFF for 0.800s; Det 43 was completely OFF in ±5.0s window
1,isolated_pulse,1785697897.3,1785697899.2,1.9000000953674316,29,43,29,Ph1: Det 29 isolated pulse ON/OFF for 1.900s; Det 43 was completely OFF in ±5.0s window
1,isolated_pulse,1785698010.8,1785698011.1,0.2999999523162842,29,43,29,Ph1: Det 29 isolated pulse ON/OFF for 0.300s; Det 43 was completely OFF in ±5.0s window
1,isolated_pulse,1785698012.9,1785698013.7,0.7999999523162842,29,43,29,Ph1: Det 29 isolated pulse ON/OFF for 0.800s; Det 43 was completely OFF in ±5.0s window
1,isolated_pulse,1785698088.3,1785698092.4,4.1000001430511475,29,43,43,Ph1: Det 43 isolated pulse ON/OFF for 4.100s; Det 29 was completely OFF in ±5.0s window
1,extended_disagreement,1785698493.7,1785698500.5,6.799999952316284,29,43,43,Ph1: Det 43 ON / Det 29 OFF for 6.80s (threshold=5.0s)
1,isolated_pulse,1785698515.5,1785698516.3,0.7999999523162842,29,43,43,Ph1: Det 43 isolated pulse ON/OFF for 0.800s; Det 29 was completely OFF in ±5.0s window
1,isolated_pulse,1785698873.2,1785698874.5,1.2999999523162842,29,43,29,Ph1: Det 29 isolated pulse ON/OFF for 1.300s; Det 43 was completely OFF in ±5.0s window
1,isolated_pulse,1785698876.7,1785698877.0,0.2999999523162842,29,43,29,Ph1: Det 29 isolated pulse ON/OFF for 0.300s; Det 43 was completely OFF in ±5.0s window
1,isolated_pulse,1785698877.8,1785698878.5,0.7000000476837158,29,43,29,Ph1: Det 29 isolated pulse ON/OFF for 0.700s; Det 43 was completely OFF in ±5.0s window
1,isolated_pulse,1785699112.0,1785699112.4,0.40000009536743164,29,43,43,Ph1: Det 43 isolated pulse ON/OFF for 0.400s; Det 29 was completely OFF in ±5.0s window
1,isolated_pulse,1785699117.9,1785699118.2,0.2999999523162842,29,43,29,Ph1: Det 29 isolated pulse ON/OFF for 0.300s; Det 43 was completely OFF in ±5.0s window
1,isolated_pulse,1785699118.9,1785699119.3,0.39999985694885254,29,43,29,Ph1: Det 29 isolated pulse ON/OFF for 0.400s; Det 43 was completely OFF in ±5.0s window
1,extended_disagreement,1785699295.8,1785699339.4,43.60000014305115,29,43,43,Ph1: Det 43 ON / Det 29 OFF for 43.60s (threshold=5.0s)
1,extended_disagreement,1785699345.0,1785699370.6,25.59999990463257,29,43,43,Ph1: Det 43 ON / Det 29 OFF for 25.60s (threshold=5.0s)
1,extended_disagreement,1785699378.0,1785699439.4,61.40000009536743,29,43,43,Ph1: Det 43 ON / Det 29 OFF for 61.40s (threshold=5.0s)
1,isolated_pulse,1785699447.3,1785699447.4,0.10000014305114746,29,43,43,Ph1: Det 43 isolated pulse ON/OFF for 0.100s; Det 29 was completely OFF in ±5.0s window
1,extended_disagreement,1785699451.8,1785699457.9,6.1000001430511475,29,43,43,Ph1: Det 43 ON / Det 29 OFF for 6.10s (threshold=5.0s)
1,extended_disagreement,1785699490.4,1785699517.0,26.59999990463257,29,43,43,Ph1: Det 43 ON / Det 29 OFF for 26.60s (threshold=5.0s)
1,extended_disagreement,1785699557.4,1785699563.0,5.599999904632568,29,43,43,Ph1: Det 43 ON / Det 29 OFF for 5.60s (threshold=5.0s)
1,extended_disagreement,1785699568.7,1785699589.3,20.59999990463257,29,43,43,Ph1: Det 43 ON / Det 29 OFF for 20.60s (threshold=5.0s)
1,extended_disagreement,1785699766.5,1785699838.4,71.90000009536743,29,43,43,Ph1: Det 43 ON / Det 29 OFF for 71.90s (threshold=5.0s)
1,isolated_pulse,1785699933.3,1785699933.8,0.5,29,43,29,Ph1: Det 29 isolated pulse ON/OFF for 0.500s; Det 43 was completely OFF in ±5.0s window
1,isolated_pulse,1785699934.3,1785699935.6,1.2999999523162842,29,43,29,Ph1: Det 29 isolated pulse ON/OFF for 1.300s; Det 43 was completely OFF in ±5.0s window
1,isolated_pulse,1785699938.3,1785699939.0,0.7000000476837158,29,43,29,Ph1: Det 29 isolated pulse ON/OFF for 0.700s; Det 43 was completely OFF in ±5.0s window
1,isolated_pulse,1785699940.0,1785699940.9,0.9000000953674316,29,43,29,Ph1: Det 29 isolated pulse ON/OFF for 0.900s; Det 43 was completely OFF in ±5.0s window
1,isolated_pulse,1785699941.2,1785699941.8,0.5999999046325684,29,43,29,Ph1: Det 29 isolated pulse ON/OFF for 0.600s; Det 43 was completely OFF in ±5.0s window
1,isolated_pulse,1785699943.5,1785699944.3,0.7999999523162842,29,43,29,Ph1: Det 29 isolated pulse ON/OFF for 0.800s; Det 43 was completely OFF in ±5.0s window
1,isolated_pulse,1785699945.3,1785699946.1,0.7999999523162842,29,43,29,Ph1: Det 29 isolated pulse ON/OFF for 0.800s; Det 43 was completely OFF in ±5.0s window
1,isolated_pulse,1785699946.7,1785699947.4,0.7000000476837158,29,43,29,Ph1: Det 29 isolated pulse ON/OFF for 0.700s; Det 43 was completely OFF in ±5.0s window
1,isolated_pulse,1785699948.5,1785699949.6,1.0999999046325684,29,43,29,Ph1: Det 29 isolated pulse ON/OFF for 1.100s; Det 43 was completely OFF in ±5.0s window
1,isolated_pulse,1785700141.3,1785700142.1,0.7999999523162842,29,43,29,Ph1: Det 29 isolated pulse ON/OFF for 0.800s; Det 43 was completely OFF in ±5.0s window
1,isolated_pulse,1785700149.2,1785700150.1,0.8999998569488525,29,43,29,Ph1: Det 29 isolated pulse ON/OFF for 0.900s; Det 43 was completely OFF in ±5.0s window
1,isolated_pulse,1785700151.0,1785700151.4,0.40000009536743164,29,43,29,Ph1: Det 29 isolated pulse ON/OFF for 0.400s; Det 43 was completely OFF in ±5.0s window
1,isolated_pulse,1785700151.8,1785700152.8,1.0,29,43,29,Ph1: Det 29 isolated pulse ON/OFF for 1.000s; Det 43 was completely OFF in ±5.0s window
1,isolated_pulse,1785700153.2,1785700155.3,2.0999999046325684,29,43,29,Ph1: Det 29 isolated pulse ON/OFF for 2.100s; Det 43 was completely OFF in ±5.0s window
1,isolated_pulse,1785700155.8,1785700160.4,4.6000001430511475,29,43,29,Ph1: Det 29 isolated pulse ON/OFF for 4.600s; Det 43 was completely OFF in ±5.0s window
1,isolated_pulse,1785700878.5,1785700879.6,1.0999999046325684,29,43,29,Ph1: Det 29 isolated pulse ON/OFF for 1.100s; Det 43 was completely OFF in ±5.0s window
1,isolated_pulse,1785700881.0,1785700881.6,0.5999999046325684,29,43,29,Ph1: Det 29 isolated pulse ON/OFF for 0.600s; Det 43 was completely OFF in ±5.0s window
1,isolated_pulse,1785701070.8,1785701073.3,2.5,29,43,29,Ph1: Det 29 isolated pulse ON/OFF for 2.500s; Det 43 was completely OFF in ±5.0s window
1,isolated_pulse,1785701077.7,1785701079.1,1.3999998569488525,29,43,29,Ph1: Det 29 isolated pulse ON/OFF for 1.400s; Det 43 was completely OFF in ±5.0s window
1,isolated_pulse,1785701079.6,1785701079.9,0.3000001907348633,29,43,29,Ph1: Det 29 isolated pulse ON/OFF for 0.300s; Det 43 was completely OFF in ±5.0s window
1,isolated_pulse,1785701080.5,1785701082.6,2.0999999046325684,29,43,29,Ph1: Det 29 isolated pulse ON/OFF for 2.100s; Det 43 was completely OFF in ±5.0s window
1,extended_disagreement,1785701083.2,1785701098.9,15.700000047683716,29,43,29,Ph1: Det 29 ON / Det 43 OFF for 15.70s (threshold=5.0s)
1,isolated_pulse,1785701099.0,1785701100.2,1.2000000476837158,29,43,29,Ph1: Det 29 isolated pulse ON/OFF for 1.200s; Det 43 was completely OFF in ±5.0s window
1,extended_disagreement,1785701109.0,1785701287.3,178.29999995231628,29,43,43,Ph1: Det 43 ON / Det 29 OFF for 178.30s (threshold=5.0s)
1,extended_disagreement,1785701411.9,1785701449.1,37.19999980926514,29,43,43,Ph1: Det 43 ON / Det 29 OFF for 37.20s (threshold=5.0s)
1,isolated_pulse,1785701467.9,1785701468.1,0.19999980926513672,29,43,29,Ph1: Det 29 isolated pulse ON/OFF for 0.200s; Det 43 was completely OFF in ±5.0s window
1,isolated_pulse,1785701769.5,1785701769.8,0.2999999523162842,29,43,43,Ph1: Det 43 isolated pulse ON/OFF for 0.300s; Det 29 was completely OFF in ±5.0s window
1,isolated_pulse,1785701808.7,1785701809.2,0.5,29,43,43,Ph1: Det 43 isolated pulse ON/OFF for 0.500s; Det 29 was completely OFF in ±5.0s window
1,isolated_pulse,1785701812.0,1785701812.3,0.2999999523162842,29,43,43,Ph1: Det 43 isolated pulse ON/OFF for 0.300s; Det 29 was completely OFF in ±5.0s window
1,isolated_pulse,1785701819.2,1785701819.7,0.5,29,43,43,Ph1: Det 43 isolated pulse ON/OFF for 0.500s; Det 29 was completely OFF in ±5.0s window
1,extended_disagreement,1785702046.4,1785702051.9,5.5,29,43,43,Ph1: Det 43 ON / Det 29 OFF for 5.50s (threshold=5.0s)
1,isolated_pulse,1785702077.1,1785702077.3,0.20000004768371582,29,43,29,Ph1: Det 29 isolated pulse ON/OFF for 0.200s; Det 43 was completely OFF in ±5.0s window
1,isolated_pulse,1785702077.6,1785702078.0,0.40000009536743164,29,43,29,Ph1: Det 29 isolated pulse ON/OFF for 0.400s; Det 43 was completely OFF in ±5.0s window
1,isolated_pulse,1785702078.3,1785702079.0,0.7000000476837158,29,43,29,Ph1: Det 29 isolated pulse ON/OFF for 0.700s; Det 43 was completely OFF in ±5.0s window
1,isolated_pulse,1785702079.3,1785702079.7,0.40000009536743164,29,43,29,Ph1: Det 29 isolated pulse ON/OFF for 0.400s; Det 43 was completely OFF in ±5.0s window
1,isolated_pulse,1785702435.5,1785702436.1,0.5999999046325684,29,43,29,Ph1: Det 29 isolated pulse ON/OFF for 0.600s; Det 43 was completely OFF in ±5.0s window
1,isolated_pulse,1785702437.7,1785702438.0,0.2999999523162842,29,43,29,Ph1: Det 29 isolated pulse ON/OFF for 0.300s; Det 43 was completely OFF in ±5.0s window
1,isolated_pulse,1785702803.0,1785702803.9,0.9000000953674316,29,43,29,Ph1: Det 29 isolated pulse ON/OFF for 0.900s; Det 43 was completely OFF in ±5.0s window
1,isolated_pulse,1785702909.6,1785702910.8,1.2000000476837158,29,43,43,Ph1: Det 43 isolated pulse ON/OFF for 1.200s; Det 29 was completely OFF in ±5.0s window
1,extended_disagreement,1785702923.0,1785702944.9,21.90000009536743,29,43,43,Ph1: Det 43 ON / Det 29 OFF for 21.90s (threshold=5.0s)
1,extended_disagreement,1785702965.5,1785703059.7,94.20000004768372,29,43,43,Ph1: Det 43 ON / Det 29 OFF for 94.20s (threshold=5.0s)
1,isolated_pulse,1785703200.7,1785703201.9,1.2000000476837158,29,43,29,Ph1: Det 29 isolated pulse ON/OFF for 1.200s; Det 43 was completely OFF in ±5.0s window
1,isolated_pulse,1785703202.5,1785703205.1,2.5999999046325684,29,43,29,Ph1: Det 29 isolated pulse ON/OFF for 2.600s; Det 43 was completely OFF in ±5.0s window
1,isolated_pulse,1785703205.5,1785703206.8,1.2999999523162842,29,43,29,Ph1: Det 29 isolated pulse ON/OFF for 1.300s; Det 43 was completely OFF in ±5.0s window
1,isolated_pulse,1785703207.9,1785703208.5,0.5999999046325684,29,43,29,Ph1: Det 29 isolated pulse ON/OFF for 0.600s; Det 43 was completely OFF in ±5.0s window
1,isolated_pulse,1785703208.8,1785703209.5,0.7000000476837158,29,43,29,Ph1: Det 29 isolated pulse ON/OFF for 0.700s; Det 43 was completely OFF in ±5.0s window
1,extended_disagreement,1785703209.9,1785703222.4,12.5,29,43,29,Ph1: Det 29 ON / Det 43 OFF for 12.50s (threshold=5.0s)
1,isolated_pulse,1785703225.7,1785703226.4,0.7000000476837158,29,43,29,Ph1: Det 29 isolated pulse ON/OFF for 0.700s; Det 43 was completely OFF in ±5.0s window
1,isolated_pulse,1785703226.9,1785703227.5,0.5999999046325684,29,43,29,Ph1: Det 29 isolated pulse ON/OFF for 0.600s; Det 43 was completely OFF in ±5.0s window
1,isolated_pulse,1785703229.1,1785703229.4,0.3000001907348633,29,43,29,Ph1: Det 29 isolated pulse ON/OFF for 0.300s; Det 43 was completely OFF in ±5.0s window
1,isolated_pulse,1785703229.7,1785703230.1,0.39999985694885254,29,43,29,Ph1: Det 29 isolated pulse ON/OFF for 0.400s; Det 43 was completely OFF in ±5.0s window
1,isolated_pulse,1785703230.4,1785703230.8,0.39999985694885254,29,43,29,Ph1: Det 29 isolated pulse ON/OFF for 0.400s; Det 43 was completely OFF in ±5.0s window
1,isolated_pulse,1785703231.2,1785703232.1,0.8999998569488525,29,43,29,Ph1: Det 29 isolated pulse ON/OFF for 0.900s; Det 43 was completely OFF in ±5.0s window
1,isolated_pulse,1785703232.4,1785703233.3,0.8999998569488525,29,43,29,Ph1: Det 29 isolated pulse ON/OFF for 0.900s; Det 43 was completely OFF in ±5.0s window
1,isolated_pulse,1785703421.6,1785703421.9,0.3000001907348633,29,43,29,Ph1: Det 29 isolated pulse ON/OFF for 0.300s; Det 43 was completely OFF in ±5.0s window
1,extended_disagreement,1785703572.1,1785703579.4,7.300000190734863,29,43,43,Ph1: Det 43 ON / Det 29 OFF for 7.30s (threshold=5.0s)
1,extended_disagreement,1785703581.9,1785703616.9,35.0,29,43,43,Ph1: Det 43 ON / Det 29 OFF for 35.00s (threshold=5.0s)
1,isolated_pulse,1785703970.3,1785703972.0,1.7000000476837158,29,43,29,Ph1: Det 29 isolated pulse ON/OFF for 1.700s; Det 43 was completely OFF in ±5.0s window
1,isolated_pulse,1785703972.4,1785703972.7,0.2999999523162842,29,43,29,Ph1: Det 29 isolated pulse ON/OFF for 0.300s; Det 43 was completely OFF in ±5.0s window
1,isolated_pulse,1785703973.0,1785703973.7,0.7000000476837158,29,43,29,Ph1: Det 29 isolated pulse ON/OFF for 0.700s; Det 43 was completely OFF in ±5.0s window
1,isolated_pulse,1785703974.7,1785703976.7,2.0,29,43,29,Ph1: Det 29 isolated pulse ON/OFF for 2.000s; Det 43 was completely OFF in ±5.0s window
1,isolated_pulse,1785703977.5,1785703978.5,1.0,29,43,29,Ph1: Det 29 isolated pulse ON/OFF for 1.000s; Det 43 was completely OFF in ±5.0s window
1,isolated_pulse,1785703978.8,1785703979.2,0.40000009536743164,29,43,29,Ph1: Det 29 isolated pulse ON/OFF for 0.400s; Det 43 was completely OFF in ±5.0s window
1,isolated_pulse,1785703979.8,1785703980.5,0.7000000476837158,29,43,29,Ph1: Det 29 isolated pulse ON/OFF for 0.700s; Det 43 was completely OFF in ±5.0s window
1,isolated_pulse,1785703981.1,1785703981.8,0.7000000476837158,29,43,29,Ph1: Det 29 isolated pulse ON/OFF for 0.700s; Det 43 was completely OFF in ±5.0s window
1,isolated_pulse,1785703987.8,1785703992.7,4.900000095367432,29,43,29,Ph1: Det 29 isolated pulse ON/OFF for 4.900s; Det 43 was completely OFF in ±5.0s window
1,isolated_pulse,1785703993.4,1785703994.0,0.5999999046325684,29,43,29,Ph1: Det 29 isolated pulse ON/OFF for 0.600s; Det 43 was completely OFF in ±5.0s window
1,isolated_pulse,1785703994.4,1785703995.7,1.2999999523162842,29,43,29,Ph1: Det 29 isolated pulse ON/OFF for 1.300s; Det 43 was completely OFF in ±5.0s window
1,isolated_pulse,1785704114.2,1785704114.4,0.20000004768371582,29,43,43,Ph1: Det 43 isolated pulse ON/OFF for 0.200s; Det 29 was completely OFF in ±5.0s window
1,extended_disagreement,1785704123.1,1785704143.9,20.800000190734863,29,43,43,Ph1: Det 43 ON / Det 29 OFF for 20.80s (threshold=5.0s)
1,isolated_pulse,1785704144.1,1785704148.4,4.300000190734863,29,43,43,Ph1: Det 43 isolated pulse ON/OFF for 4.300s; Det 29 was completely OFF in ±5.0s window
1,extended_disagreement,1785704148.5,1785704176.4,27.90000009536743,29,43,43,Ph1: Det 43 ON / Det 29 OFF for 27.90s (threshold=5.0s)
1,extended_disagreement,1785704190.9,1785704198.7,7.799999952316284,29,43,43,Ph1: Det 43 ON / Det 29 OFF for 7.80s (threshold=5.0s)
1,isolated_pulse,1785704375.9,1785704376.3,0.39999985694885254,29,43,29,Ph1: Det 29 isolated pulse ON/OFF for 0.400s; Det 43 was completely OFF in ±5.0s window
1,isolated_pulse,1785704376.7,1785704377.9,1.2000000476837158,29,43,29,Ph1: Det 29 isolated pulse ON/OFF for 1.200s; Det 43 was completely OFF in ±5.0s window
1,isolated_pulse,1785704712.9,1785704713.6,0.6999998092651367,29,43,29,Ph1: Det 29 isolated pulse ON/OFF for 0.700s; Det 43 was completely OFF in ±5.0s window
1,isolated_pulse,1785704716.3,1785704717.3,1.0,29,43,29,Ph1: Det 29 isolated pulse ON/OFF for 1.000s; Det 43 was completely OFF in ±5.0s window
1,isolated_pulse,1785704725.2,1785704726.2,1.0,29,43,29,Ph1: Det 29 isolated pulse ON/OFF for 1.000s; Det 43 was completely OFF in ±5.0s window
1,isolated_pulse,1785704731.5,1785704732.1,0.5999999046325684,29,43,29,Ph1: Det 29 isolated pulse ON/OFF for 0.600s; Det 43 was completely OFF in ±5.0s window
1,isolated_pulse,1785704734.4,1785704735.0,0.5999999046325684,29,43,29,Ph1: Det 29 isolated pulse ON/OFF for 0.600s; Det 43 was completely OFF in ±5.0s window
1,extended_disagreement,1785704752.2,1785704757.7,5.5,29,43,29,Ph1: Det 29 ON / Det 43 OFF for 5.50s (threshold=5.0s)
1,isolated_pulse,1785704904.2,1785704907.2,3.0,29,43,29,Ph1: Det 29 isolated pulse ON/OFF for 3.000s; Det 43 was completely OFF in ±5.0s window
1,isolated_pulse,1785705261.5,1785705262.2,0.7000000476837158,29,43,29,Ph1: Det 29 isolated pulse ON/OFF for 0.700s; Det 43 was completely OFF in ±5.0s window
1,isolated_pulse,1785705463.6,1785705463.9,0.3000001907348633,29,43,29,Ph1: Det 29 isolated pulse ON/OFF for 0.300s; Det 43 was completely OFF in ±5.0s window
1,isolated_pulse,1785705515.3,1785705515.6,0.2999999523162842,29,43,43,Ph1: Det 43 isolated pulse ON/OFF for 0.300s; Det 29 was completely OFF in ±5.0s window
1,extended_disagreement,1785705517.1,1785705524.1,7.0,29,43,43,Ph1: Det 43 ON / Det 29 OFF for 7.00s (threshold=5.0s)
1,isolated_pulse,1785705532.0,1785705533.7,1.7000000476837158,29,43,43,Ph1: Det 43 isolated pulse ON/OFF for 1.700s; Det 29 was completely OFF in ±5.0s window
1,isolated_pulse,1785706118.4,1785706119.0,0.5999999046325684,29,43,29,Ph1: Det 29 isolated pulse ON/OFF for 0.600s; Det 43 was completely OFF in ±5.0s window
1,extended_disagreement,1785706119.3,1785706126.4,7.1000001430511475,29,43,29,Ph1: Det 29 ON / Det 43 OFF for 7.10s (threshold=5.0s)
1,extended_disagreement,1785706130.3,1785706135.6,5.299999952316284,29,43,29,Ph1: Det 29 ON / Det 43 OFF for 5.30s (threshold=5.0s)
1,isolated_pulse,1785706385.9,1785706387.8,1.8999998569488525,29,43,43,Ph1: Det 43 isolated pulse ON/OFF for 1.900s; Det 29 was completely OFF in ±5.0s window
1,extended_disagreement,1785706521.6,1785706528.3,6.700000047683716,29,43,43,Ph1: Det 43 ON / Det 29 OFF for 6.70s (threshold=5.0s)
1,isolated_pulse,1785706693.6,1785706693.9,0.3000001907348633,29,43,29,Ph1: Det 29 isolated pulse ON/OFF for 0.300s; Det 43 was completely OFF in ±5.0s window
1,isolated_pulse,1785706698.4,1785706700.0,1.5999999046325684,29,43,29,Ph1: Det 29 isolated pulse ON/OFF for 1.600s; Det 43 was completely OFF in ±5.0s window
1,isolated_pulse,1785706702.1,1785706703.2,1.1000001430511475,29,43,29,Ph1: Det 29 isolated pulse ON/OFF for 1.100s; Det 43 was completely OFF in ±5.0s window
1,isolated_pulse,1785706704.2,1785706704.5,0.2999999523162842,29,43,29,Ph1: Det 29 isolated pulse ON/OFF for 0.300s; Det 43 was completely OFF in ±5.0s window
1,isolated_pulse,1785706720.5,1785706723.9,3.4000000953674316,29,43,43,Ph1: Det 43 isolated pulse ON/OFF for 3.400s; Det 29 was completely OFF in ±5.0s window
1,isolated_pulse,1785706738.3,1785706738.7,0.40000009536743164,29,43,43,Ph1: Det 43 isolated pulse ON/OFF for 0.400s; Det 29 was completely OFF in ±5.0s window
1,isolated_pulse,1785707029.5,1785707030.4,0.9000000953674316,29,43,43,Ph1: Det 43 isolated pulse ON/OFF for 0.900s; Det 29 was completely OFF in ±5.0s window
1,isolated_pulse,1785707030.6,1785707032.9,2.3000001907348633,29,43,43,Ph1: Det 43 isolated pulse ON/OFF for 2.300s; Det 29 was completely OFF in ±5.0s window
1,isolated_pulse,1785707033.7,1785707037.8,4.099999904632568,29,43,43,Ph1: Det 43 isolated pulse ON/OFF for 4.100s; Det 29 was completely OFF in ±5.0s window
1,isolated_pulse,1785707596.2,1785707596.8,0.5999999046325684,29,43,29,Ph1: Det 29 isolated pulse ON/OFF for 0.600s; Det 43 was completely OFF in ±5.0s window
1,extended_disagreement,1785707832.7,1785707838.5,5.799999952316284,29,43,43,Ph1: Det 43 ON / Det 29 OFF for 5.80s (threshold=5.0s)
1,isolated_pulse,1785707845.6,1785707847.8,2.200000047683716,29,43,43,Ph1: Det 43 isolated pulse ON/OFF for 2.200s; Det 29 was completely OFF in ±5.0s window
1,isolated_pulse,1785707865.8,1785707866.2,0.40000009536743164,29,43,29,Ph1: Det 29 isolated pulse ON/OFF for 0.400s; Det 43 was completely OFF in ±5.0s window
1,isolated_pulse,1785707991.0,1785707991.3,0.2999999523162842,29,43,29,Ph1: Det 29 isolated pulse ON/OFF for 0.300s; Det 43 was completely OFF in ±5.0s window
1,isolated_pulse,1785708139.9,1785708140.0,0.09999990463256836,29,43,43,Ph1: Det 43 isolated pulse ON/OFF for 0.100s; Det 29 was completely OFF in ±5.0s window
1,isolated_pulse,1785708181.9,1785708183.9,2.0,29,43,43,Ph1: Det 43 isolated pulse ON/OFF for 2.000s; Det 29 was completely OFF in ±5.0s window
1,isolated_pulse,1785708186.4,1785708188.8,2.3999998569488525,29,43,43,Ph1: Det 43 isolated pulse ON/OFF for 2.400s; Det 29 was completely OFF in ±5.0s window
1,isolated_pulse,1785708189.9,1785708191.8,1.8999998569488525,29,43,43,Ph1: Det 43 isolated pulse ON/OFF for 1.900s; Det 29 was completely OFF in ±5.0s window
1,isolated_pulse,1785708201.6,1785708202.6,1.0,29,43,29,Ph1: Det 29 isolated pulse ON/OFF for 1.000s; Det 43 was completely OFF in ±5.0s window
1,isolated_pulse,1785708204.9,1785708205.1,0.19999980926513672,29,43,29,Ph1: Det 29 isolated pulse ON/OFF for 0.200s; Det 43 was completely OFF in ±5.0s window
1,isolated_pulse,1785708205.4,1785708205.8,0.39999985694885254,29,43,29,Ph1: Det 29 isolated pulse ON/OFF for 0.400s; Det 43 was completely OFF in ±5.0s window
1,isolated_pulse,1785708358.3,1785708358.9,0.6000001430511475,29,43,29,Ph1: Det 29 isolated pulse ON/OFF for 0.600s; Det 43 was completely OFF in ±5.0s window
1,isolated_pulse,1785708360.1,1785708361.8,1.7000000476837158,29,43,29,Ph1: Det 29 isolated pulse ON/OFF for 1.700s; Det 43 was completely OFF in ±5.0s window
1,isolated_pulse,1785708362.1,1785708363.3,1.2000000476837158,29,43,29,Ph1: Det 29 isolated pulse ON/OFF for 1.200s; Det 43 was completely OFF in ±5.0s window
1,isolated_pulse,1785708699.3,1785708699.7,0.40000009536743164,29,43,29,Ph1: Det 29 isolated pulse ON/OFF for 0.400s; Det 43 was completely OFF in ±5.0s window
1,isolated_pulse,1785708806.0,1785708806.4,0.40000009536743164,29,43,29,Ph1: Det 29 isolated pulse ON/OFF for 0.400s; Det 43 was completely OFF in ±5.0s window
1,isolated_pulse,1785708907.7,1785708908.4,0.7000000476837158,29,43,29,Ph1: Det 29 isolated pulse ON/OFF for 0.700s; Det 43 was completely OFF in ±5.0s window
1,isolated_pulse,1785709102.6,1785709102.8,0.20000004768371582,29,43,29,Ph1: Det 29 isolated pulse ON/OFF for 0.200s; Det 43 was completely OFF in ±5.0s window
1,isolated_pulse,1785709103.6,1785709104.4,0.8000001907348633,29,43,29,Ph1: Det 29 isolated pulse ON/OFF for 0.800s; Det 43 was completely OFF in ±5.0s window
1,isolated_pulse,1785709105.6,1785709107.0,1.4000000953674316,29,43,29,Ph1: Det 29 isolated pulse ON/OFF for 1.400s; Det 43 was completely OFF in ±5.0s window
1,isolated_pulse,1785709107.8,1785709109.0,1.2000000476837158,29,43,29,Ph1: Det 29 isolated pulse ON/OFF for 1.200s; Det 43 was completely OFF in ±5.0s window
1,isolated_pulse,1785709110.1,1785709110.6,0.5,29,43,29,Ph1: Det 29 isolated pulse ON/OFF for 0.500s; Det 43 was completely OFF in ±5.0s window
1,isolated_pulse,1785709111.3,1785709111.4,0.10000014305114746,29,43,29,Ph1: Det 29 isolated pulse ON/OFF for 0.100s; Det 43 was completely OFF in ±5.0s window
1,isolated_pulse,1785709112.1,1785709112.8,0.7000000476837158,29,43,29,Ph1: Det 29 isolated pulse ON/OFF for 0.700s; Det 43 was completely OFF in ±5.0s window
1,isolated_pulse,1785709131.7,1785709132.5,0.7999999523162842,29,43,29,Ph1: Det 29 isolated pulse ON/OFF for 0.800s; Det 43 was completely OFF in ±5.0s window
1,isolated_pulse,1785709358.3,1785709362.7,4.400000095367432,29,43,43,Ph1: Det 43 isolated pulse ON/OFF for 4.400s; Det 29 was completely OFF in ±5.0s window
1,isolated_pulse,1785709858.9,1785709859.2,0.2999999523162842,29,43,29,Ph1: Det 29 isolated pulse ON/OFF for 0.300s; Det 43 was completely OFF in ±5.0s window
1,extended_disagreement,1785709926.2,1785709931.6,5.3999998569488525,29,43,29,Ph1: Det 29 ON / Det 43 OFF for 5.40s (threshold=5.0s)
1,isolated_pulse,1785710032.7,1785710033.6,0.8999998569488525,29,43,29,Ph1: Det 29 isolated pulse ON/OFF for 0.900s; Det 43 was completely OFF in ±5.0s window
1,isolated_pulse,1785710033.7,1785710034.6,0.8999998569488525,29,43,29,Ph1: Det 29 isolated pulse ON/OFF for 0.900s; Det 43 was completely OFF in ±5.0s window
1,isolated_pulse,1785710037.6,1785710038.0,0.40000009536743164,29,43,29,Ph1: Det 29 isolated pulse ON/OFF for 0.400s; Det 43 was completely OFF in ±5.0s window
1,isolated_pulse,1785710038.8,1785710040.4,1.6000001430511475,29,43,29,Ph1: Det 29 isolated pulse ON/OFF for 1.600s; Det 43 was completely OFF in ±5.0s window
1,isolated_pulse,1785710040.7,1785710042.5,1.7999999523162842,29,43,29,Ph1: Det 29 isolated pulse ON/OFF for 1.800s; Det 43 was completely OFF in ±5.0s window
1,isolated_pulse,1785710099.4,1785710099.6,0.19999980926513672,29,43,29,Ph1: Det 29 isolated pulse ON/OFF for 0.200s; Det 43 was completely OFF in ±5.0s window
1,isolated_pulse,1785710217.1,1785710221.1,4.0,29,43,43,Ph1: Det 43 isolated pulse ON/OFF for 4.000s; Det 29 was completely OFF in ±5.0s window
1,isolated_pulse,1785710401.9,1785710402.3,0.39999985694885254,29,43,29,Ph1: Det 29 isolated pulse ON/OFF for 0.400s; Det 43 was completely OFF in ±5.0s window
1,isolated_pulse,1785710408.5,1785710409.3,0.7999999523162842,29,43,29,Ph1: Det 29 isolated pulse ON/OFF for 0.800s; Det 43 was completely OFF in ±5.0s window
1,isolated_pulse,1785710409.8,1785710410.5,0.7000000476837158,29,43,29,Ph1: Det 29 isolated pulse ON/OFF for 0.700s; Det 43 was completely OFF in ±5.0s window
1,isolated_pulse,1785710936.0,1785710936.4,0.40000009536743164,29,43,29,Ph1: Det 29 isolated pulse ON/OFF for 0.400s; Det 43 was completely OFF in ±5.0s window
1,isolated_pulse,1785710945.7,1785710946.3,0.5999999046325684,29,43,29,Ph1: Det 29 isolated pulse ON/OFF for 0.600s; Det 43 was completely OFF in ±5.0s window
1,isolated_pulse,1785710949.2,1785710954.0,4.799999952316284,29,43,29,Ph1: Det 29 isolated pulse ON/OFF for 4.800s; Det 43 was completely OFF in ±5.0s window
1,isolated_pulse,1785710954.5,1785710958.8,4.299999952316284,29,43,29,Ph1: Det 29 isolated pulse ON/OFF for 4.300s; Det 43 was completely OFF in ±5.0s window
1,extended_disagreement,1785710959.6,1785710969.7,10.100000143051147,29,43,29,Ph1: Det 29 ON / Det 43 OFF for 10.10s (threshold=5.0s)
1,isolated_pulse,1785710972.3,1785710972.9,0.6000001430511475,29,43,29,Ph1: Det 29 isolated pulse ON/OFF for 0.600s; Det 43 was completely OFF in ±5.0s window
1,isolated_pulse,1785711128.1,1785711128.6,0.5,29,43,29,Ph1: Det 29 isolated pulse ON/OFF for 0.500s; Det 43 was completely OFF in ±5.0s window
1,isolated_pulse,1785711169.0,1785711170.1,1.0999999046325684,29,43,29,Ph1: Det 29 isolated pulse ON/OFF for 1.100s; Det 43 was completely OFF in ±5.0s window
1,isolated_pulse,1785711302.8,1785711303.4,0.6000001430511475,29,43,43,Ph1: Det 43 isolated pulse ON/OFF for 0.600s; Det 29 was completely OFF in ±5.0s window
1,isolated_pulse,1785711306.1,1785711306.5,0.40000009536743164,29,43,43,Ph1: Det 43 isolated pulse ON/OFF for 0.400s; Det 29 was completely OFF in ±5.0s window
1,isolated_pulse,1785711333.2,1785711333.7,0.5,29,43,29,Ph1: Det 29 isolated pulse ON/OFF for 0.500s; Det 43 was completely OFF in ±5.0s window
1,isolated_pulse,1785711339.2,1785711340.8,1.5999999046325684,29,43,29,Ph1: Det 29 isolated pulse ON/OFF for 1.600s; Det 43 was completely OFF in ±5.0s window
1,isolated_pulse,1785711341.1,1785711342.4,1.3000001907348633,29,43,29,Ph1: Det 29 isolated pulse ON/OFF for 1.300s; Det 43 was completely OFF in ±5.0s window
1,isolated_pulse,1785711499.5,1785711500.8,1.2999999523162842,29,43,43,Ph1: Det 43 isolated pulse ON/OFF for 1.300s; Det 29 was completely OFF in ±5.0s window
1,extended_disagreement,1785711510.4,1785711516.5,6.099999904632568,29,43,29,Ph1: Det 29 ON / Det 43 OFF for 6.10s (threshold=5.0s)
1,isolated_pulse,1785711707.6,1785711708.8,1.2000000476837158,29,43,29,Ph1: Det 29 isolated pulse ON/OFF for 1.200s; Det 43 was completely OFF in ±5.0s window
1,isolated_pulse,1785711887.0,1785711887.4,0.40000009536743164,29,43,29,Ph1: Det 29 isolated pulse ON/OFF for 0.400s; Det 43 was completely OFF in ±5.0s window
1,isolated_pulse,1785712066.5,1785712068.9,2.4000000953674316,29,43,29,Ph1: Det 29 isolated pulse ON/OFF for 2.400s; Det 43 was completely OFF in ±5.0s window
1,isolated_pulse,1785712070.2,1785712072.0,1.7999999523162842,29,43,29,Ph1: Det 29 isolated pulse ON/OFF for 1.800s; Det 43 was completely OFF in ±5.0s window
1,isolated_pulse,1785712072.3,1785712072.7,0.40000009536743164,29,43,29,Ph1: Det 29 isolated pulse ON/OFF for 0.400s; Det 43 was completely OFF in ±5.0s window
1,isolated_pulse,1785712074.5,1785712074.8,0.2999999523162842,29,43,29,Ph1: Det 29 isolated pulse ON/OFF for 0.300s; Det 43 was completely OFF in ±5.0s window
1,isolated_pulse,1785712234.6,1785712235.5,0.9000000953674316,29,43,43,Ph1: Det 43 isolated pulse ON/OFF for 0.900s; Det 29 was completely OFF in ±5.0s window
1,isolated_pulse,1785712325.8,1785712326.3,0.5,29,43,43,Ph1: Det 43 isolated pulse ON/OFF for 0.500s; Det 29 was completely OFF in ±5.0s window
1,isolated_pulse,1785712436.2,1785712436.9,0.7000000476837158,29,43,29,Ph1: Det 29 isolated pulse ON/OFF for 0.700s; Det 43 was completely OFF in ±5.0s window
1,isolated_pulse,1785712438.1,1785712438.5,0.40000009536743164,29,43,29,Ph1: Det 29 isolated pulse ON/OFF for 0.400s; Det 43 was completely OFF in ±5.0s window
1,isolated_pulse,1785712442.7,1785712443.7,1.0,29,43,29,Ph1: Det 29 isolated pulse ON/OFF for 1.000s; Det 43 was completely OFF in ±5.0s window
1,isolated_pulse,1785712444.4,1785712446.9,2.5,29,43,29,Ph1: Det 29 isolated pulse ON/OFF for 2.500s; Det 43 was completely OFF in ±5.0s window
1,isolated_pulse,1785712452.5,1785712455.5,3.0,29,43,29,Ph1: Det 29 isolated pulse ON/OFF for 3.000s; Det 43 was completely OFF in ±5.0s window
1,isolated_pulse,1785712468.6,1785712471.7,3.1000001430511475,29,43,29,Ph1: Det 29 isolated pulse ON/OFF for 3.100s; Det 43 was completely OFF in ±5.0s window
1,isolated_pulse,1785712473.3,1785712475.9,2.6000001430511475,29,43,29,Ph1: Det 29 isolated pulse ON/OFF for 2.600s; Det 43 was completely OFF in ±5.0s window
1,isolated_pulse,1785712481.9,1785712483.1,1.1999998092651367,29,43,29,Ph1: Det 29 isolated pulse ON/OFF for 1.200s; Det 43 was completely OFF in ±5.0s window
1,isolated_pulse,1785712487.4,1785712487.5,0.09999990463256836,29,43,29,Ph1: Det 29 isolated pulse ON/OFF for 0.100s; Det 43 was completely OFF in ±5.0s window
1,isolated_pulse,1785712490.0,1785712491.1,1.0999999046325684,29,43,29,Ph1: Det 29 isolated pulse ON/OFF for 1.100s; Det 43 was completely OFF in ±5.0s window
1,isolated_pulse,1785712491.3,1785712491.7,0.40000009536743164,29,43,29,Ph1: Det 29 isolated pulse ON/OFF for 0.400s; Det 43 was completely OFF in ±5.0s window
1,isolated_pulse,1785712500.7,1785712501.2,0.5,29,43,29,Ph1: Det 29 isolated pulse ON/OFF for 0.500s; Det 43 was completely OFF in ±5.0s window
1,extended_disagreement,1785712518.6,1785712530.0,11.400000095367432,29,43,43,Ph1: Det 43 ON / Det 29 OFF for 11.40s (threshold=5.0s)
1,isolated_pulse,1785712641.1,1785712641.5,0.40000009536743164,29,43,29,Ph1: Det 29 isolated pulse ON/OFF for 0.400s; Det 43 was completely OFF in ±5.0s window
1,isolated_pulse,1785712641.9,1785712642.7,0.7999999523162842,29,43,29,Ph1: Det 29 isolated pulse ON/OFF for 0.800s; Det 43 was completely OFF in ±5.0s window
1,isolated_pulse,1785712643.7,1785712644.2,0.5,29,43,29,Ph1: Det 29 isolated pulse ON/OFF for 0.500s; Det 43 was completely OFF in ±5.0s window
1,isolated_pulse,1785712646.2,1785712646.6,0.39999985694885254,29,43,29,Ph1: Det 29 isolated pulse ON/OFF for 0.400s; Det 43 was completely OFF in ±5.0s window
1,isolated_pulse,1785712650.3,1785712651.0,0.7000000476837158,29,43,29,Ph1: Det 29 isolated pulse ON/OFF for 0.700s; Det 43 was completely OFF in ±5.0s window
1,isolated_pulse,1785712652.3,1785712654.6,2.299999952316284,29,43,29,Ph1: Det 29 isolated pulse ON/OFF for 2.300s; Det 43 was completely OFF in ±5.0s window
1,isolated_pulse,1785712655.3,1785712657.8,2.5,29,43,29,Ph1: Det 29 isolated pulse ON/OFF for 2.500s; Det 43 was completely OFF in ±5.0s window
1,isolated_pulse,1785712862.4,1785712864.4,2.0,29,43,43,Ph1: Det 43 isolated pulse ON/OFF for 2.000s; Det 29 was completely OFF in ±5.0s window
1,extended_disagreement,1785712984.9,1785713022.1,37.19999980926514,29,43,43,Ph1: Det 43 ON / Det 29 OFF for 37.20s (threshold=5.0s)
1,isolated_pulse,1785713027.5,1785713028.0,0.5,29,43,29,Ph1: Det 29 isolated pulse ON/OFF for 0.500s; Det 43 was completely OFF in ±5.0s window
1,isolated_pulse,1785713044.2,1785713045.1,0.8999998569488525,29,43,29,Ph1: Det 29 isolated pulse ON/OFF for 0.900s; Det 43 was completely OFF in ±5.0s window
1,isolated_pulse,1785713045.7,1785713046.1,0.39999985694885254,29,43,29,Ph1: Det 29 isolated pulse ON/OFF for 0.400s; Det 43 was completely OFF in ±5.0s window
1,extended_disagreement,1785713098.8,1785713119.9,21.100000143051147,29,43,43,Ph1: Det 43 ON / Det 29 OFF for 21.10s (threshold=5.0s)
1,isolated_pulse,1785713221.1,1785713222.5,1.4000000953674316,29,43,29,Ph1: Det 29 isolated pulse ON/OFF for 1.400s; Det 43 was completely OFF in ±5.0s window
1,isolated_pulse,1785713222.9,1785713223.7,0.7999999523162842,29,43,29,Ph1: Det 29 isolated pulse ON/OFF for 0.800s; Det 43 was completely OFF in ±5.0s window
1,isolated_pulse,1785713282.7,1785713283.3,0.5999999046325684,29,43,29,Ph1: Det 29 isolated pulse ON/OFF for 0.600s; Det 43 was completely OFF in ±5.0s window
1,isolated_pulse,1785713284.2,1785713285.6,1.3999998569488525,29,43,29,Ph1: Det 29 isolated pulse ON/OFF for 1.400s; Det 43 was completely OFF in ±5.0s window
1,isolated_pulse,1785713289.6,1785713290.1,0.5,29,43,29,Ph1: Det 29 isolated pulse ON/OFF for 0.500s; Det 43 was completely OFF in ±5.0s window
1,isolated_pulse,1785713291.0,1785713291.5,0.5,29,43,29,Ph1: Det 29 isolated pulse ON/OFF for 0.500s; Det 43 was completely OFF in ±5.0s window
1,isolated_pulse,1785713433.1,1785713433.3,0.20000004768371582,29,43,29,Ph1: Det 29 isolated pulse ON/OFF for 0.200s; Det 43 was completely OFF in ±5.0s window
1,isolated_pulse,1785713534.7,1785713535.8,1.0999999046325684,29,43,29,Ph1: Det 29 isolated pulse ON/OFF for 1.100s; Det 43 was completely OFF in ±5.0s window
1,isolated_pulse,1785713801.7,1785713802.7,1.0,29,43,29,Ph1: Det 29 isolated pulse ON/OFF for 1.000s; Det 43 was completely OFF in ±5.0s window
1,isolated_pulse,1785713807.7,1785713809.7,2.0,29,43,29,Ph1: Det 29 isolated pulse ON/OFF for 2.000s; Det 43 was completely OFF in ±5.0s window
1,isolated_pulse,1785714066.1,1785714066.9,0.8000001907348633,29,43,29,Ph1: Det 29 isolated pulse ON/OFF for 0.800s; Det 43 was completely OFF in ±5.0s window
1,isolated_pulse,1785714067.9,1785714068.4,0.5,29,43,29,Ph1: Det 29 isolated pulse ON/OFF for 0.500s; Det 43 was completely OFF in ±5.0s window
1,isolated_pulse,1785714345.4,1785714345.7,0.2999999523162842,29,43,29,Ph1: Det 29 isolated pulse ON/OFF for 0.300s; Det 43 was completely OFF in ±5.0s window
1,isolated_pulse,1785714702.6,1785714703.2,0.6000001430511475,29,43,29,Ph1: Det 29 isolated pulse ON/OFF for 0.600s; Det 43 was completely OFF in ±5.0s window
1,extended_disagreement,1785714712.1,1785714717.3,5.200000047683716,29,43,29,Ph1: Det 29 ON / Det 43 OFF for 5.20s (threshold=5.0s)
1,extended_disagreement,1785714718.4,1785714728.5,10.099999904632568,29,43,29,Ph1: Det 29 ON / Det 43 OFF for 10.10s (threshold=5.0s)
1,isolated_pulse,1785714728.8,1785714729.4,0.6000001430511475,29,43,29,Ph1: Det 29 isolated pulse ON/OFF for 0.600s; Det 43 was completely OFF in ±5.0s window
1,isolated_pulse,1785714729.8,1785714730.7,0.9000000953674316,29,43,29,Ph1: Det 29 isolated pulse ON/OFF for 0.900s; Det 43 was completely OFF in ±5.0s window
1,isolated_pulse,1785714731.3,1785714734.1,2.799999952316284,29,43,29,Ph1: Det 29 isolated pulse ON/OFF for 2.800s; Det 43 was completely OFF in ±5.0s window
1,isolated_pulse,1785714735.5,1785714736.5,1.0,29,43,29,Ph1: Det 29 isolated pulse ON/OFF for 1.000s; Det 43 was completely OFF in ±5.0s window
1,isolated_pulse,1785714737.2,1785714738.3,1.0999999046325684,29,43,29,Ph1: Det 29 isolated pulse ON/OFF for 1.100s; Det 43 was completely OFF in ±5.0s window
1,isolated_pulse,1785714898.0,1785714898.4,0.40000009536743164,29,43,29,Ph1: Det 29 isolated pulse ON/OFF for 0.400s; Det 43 was completely OFF in ±5.0s window
1,isolated_pulse,1785715118.9,1785715119.3,0.39999985694885254,29,43,29,Ph1: Det 29 isolated pulse ON/OFF for 0.400s; Det 43 was completely OFF in ±5.0s window
1,isolated_pulse,1785715187.4,1785715190.1,2.6999998092651367,29,43,43,Ph1: Det 43 isolated pulse ON/OFF for 2.700s; Det 29 was completely OFF in ±5.0s window
1,isolated_pulse,1785715193.6,1785715194.7,1.1000001430511475,29,43,43,Ph1: Det 43 isolated pulse ON/OFF for 1.100s; Det 29 was completely OFF in ±5.0s window
1,isolated_pulse,1785715357.9,1785715358.3,0.39999985694885254,29,43,29,Ph1: Det 29 isolated pulse ON/OFF for 0.400s; Det 43 was completely OFF in ±5.0s window
1,isolated_pulse,1785715468.3,1785715468.5,0.20000004768371582,29,43,29,Ph1: Det 29 isolated pulse ON/OFF for 0.200s; Det 43 was completely OFF in ±5.0s window
1,isolated_pulse,1785715468.8,1785715469.1,0.2999999523162842,29,43,29,Ph1: Det 29 isolated pulse ON/OFF for 0.300s; Det 43 was completely OFF in ±5.0s window
1,isolated_pulse,1785715471.1,1785715471.9,0.8000001907348633,29,43,29,Ph1: Det 29 isolated pulse ON/OFF for 0.800s; Det 43 was completely OFF in ±5.0s window
1,isolated_pulse,1785715472.3,1785715473.2,0.9000000953674316,29,43,29,Ph1: Det 29 isolated pulse ON/OFF for 0.900s; Det 43 was completely OFF in ±5.0s window
1,isolated_pulse,1785715476.9,1785715477.5,0.5999999046325684,29,43,29,Ph1: Det 29 isolated pulse ON/OFF for 0.600s; Det 43 was completely OFF in ±5.0s window
1,isolated_pulse,1785715479.0,1785715479.8,0.7999999523162842,29,43,29,Ph1: Det 29 isolated pulse ON/OFF for 0.800s; Det 43 was completely OFF in ±5.0s window
1,isolated_pulse,1785715644.7,1785715645.5,0.7999999523162842,29,43,29,Ph1: Det 29 isolated pulse ON/OFF for 0.800s; Det 43 was completely OFF in ±5.0s window
1,isolated_pulse,1785715647.9,1785715648.7,0.7999999523162842,29,43,29,Ph1: Det 29 isolated pulse ON/OFF for 0.800s; Det 43 was completely OFF in ±5.0s window
1,isolated_pulse,1785715655.1,1785715655.9,0.8000001907348633,29,43,29,Ph1: Det 29 isolated pulse ON/OFF for 0.800s; Det 43 was completely OFF in ±5.0s window
1,isolated_pulse,1785715656.2,1785715658.9,2.700000047683716,29,43,29,Ph1: Det 29 isolated pulse ON/OFF for 2.700s; Det 43 was completely OFF in ±5.0s window
1,isolated_pulse,1785715665.3,1785715668.9,3.6000001430511475,29,43,29,Ph1: Det 29 isolated pulse ON/OFF for 3.600s; Det 43 was completely OFF in ±5.0s window
1,isolated_pulse,1785715669.1,1785715670.3,1.2000000476837158,29,43,29,Ph1: Det 29 isolated pulse ON/OFF for 1.200s; Det 43 was completely OFF in ±5.0s window
1,isolated_pulse,1785716038.4,1785716039.1,0.6999998092651367,29,43,29,Ph1: Det 29 isolated pulse ON/OFF for 0.700s; Det 43 was completely OFF in ±5.0s window
1,isolated_pulse,1785716060.4,1785716061.2,0.7999999523162842,29,43,29,Ph1: Det 29 isolated pulse ON/OFF for 0.800s; Det 43 was completely OFF in ±5.0s window
1,isolated_pulse,1785716210.4,1785716210.7,0.2999999523162842,29,43,29,Ph1: Det 29 isolated pulse ON/OFF for 0.300s; Det 43 was completely OFF in ±5.0s window
1,extended_disagreement,1785716225.4,1785716262.9,37.5,29,43,43,Ph1: Det 43 ON / Det 29 OFF for 37.50s (threshold=5.0s)
1,isolated_pulse,1785716619.0,1785716619.5,0.5,29,43,29,Ph1: Det 29 isolated pulse ON/OFF for 0.500s; Det 43 was completely OFF in ±5.0s window
1,isolated_pulse,1785716622.1,1785716622.3,0.20000004768371582,29,43,29,Ph1: Det 29 isolated pulse ON/OFF for 0.200s; Det 43 was completely OFF in ±5.0s window
1,isolated_pulse,1785716827.8,1785716828.0,0.20000004768371582,29,43,43,Ph1: Det 43 isolated pulse ON/OFF for 0.200s; Det 29 was completely OFF in ±5.0s window
1,isolated_pulse,1785717112.2,1785717112.6,0.39999985694885254,29,43,29,Ph1: Det 29 isolated pulse ON/OFF for 0.400s; Det 43 was completely OFF in ±5.0s window
1,isolated_pulse,1785717170.4,1785717170.9,0.5,29,43,43,Ph1: Det 43 isolated pulse ON/OFF for 0.500s; Det 29 was completely OFF in ±5.0s window
1,isolated_pulse,1785717444.5,1785717445.7,1.2000000476837158,29,43,29,Ph1: Det 29 isolated pulse ON/OFF for 1.200s; Det 43 was completely OFF in ±5.0s window
1,isolated_pulse,1785717446.8,1785717447.1,0.2999999523162842,29,43,29,Ph1: Det 29 isolated pulse ON/OFF for 0.300s; Det 43 was completely OFF in ±5.0s window
1,isolated_pulse,1785717609.0,1785717609.3,0.2999999523162842,29,43,29,Ph1: Det 29 isolated pulse ON/OFF for 0.300s; Det 43 was completely OFF in ±5.0s window
1,isolated_pulse,1785717610.8,1785717611.1,0.2999999523162842,29,43,29,Ph1: Det 29 isolated pulse ON/OFF for 0.300s; Det 43 was completely OFF in ±5.0s window
1,isolated_pulse,1785717612.5,1785717613.0,0.5,29,43,29,Ph1: Det 29 isolated pulse ON/OFF for 0.500s; Det 43 was completely OFF in ±5.0s window
1,isolated_pulse,1785717615.1,1785717615.4,0.3000001907348633,29,43,29,Ph1: Det 29 isolated pulse ON/OFF for 0.300s; Det 43 was completely OFF in ±5.0s window
1,isolated_pulse,1785717621.4,1785717621.8,0.39999985694885254,29,43,29,Ph1: Det 29 isolated pulse ON/OFF for 0.400s; Det 43 was completely OFF in ±5.0s window
1,isolated_pulse,1785717788.4,1785717788.8,0.39999985694885254,29,43,29,Ph1: Det 29 isolated pulse ON/OFF for 0.400s; Det 43 was completely OFF in ±5.0s window
1,isolated_pulse,1785717789.5,1785717790.1,0.5999999046325684,29,43,29,Ph1: Det 29 isolated pulse ON/OFF for 0.600s; Det 43 was completely OFF in ±5.0s window
1,isolated_pulse,1785717966.5,1785717967.2,0.7000000476837158,29,43,29,Ph1: Det 29 isolated pulse ON/OFF for 0.700s; Det 43 was completely OFF in ±5.0s window
1,isolated_pulse,1785717980.6,1785717981.7,1.1000001430511475,29,43,29,Ph1: Det 29 isolated pulse ON/OFF for 1.100s; Det 43 was completely OFF in ±5.0s window
1,isolated_pulse,1785717984.0,1785717985.1,1.0999999046325684,29,43,29,Ph1: Det 29 isolated pulse ON/OFF for 1.100s; Det 43 was completely OFF in ±5.0s window
1,isolated_pulse,1785717985.8,1785717986.5,0.7000000476837158,29,43,29,Ph1: Det 29 isolated pulse ON/OFF for 0.700s; Det 43 was completely OFF in ±5.0s window
1,isolated_pulse,1785717995.8,1785717996.2,0.40000009536743164,29,43,29,Ph1: Det 29 isolated pulse ON/OFF for 0.400s; Det 43 was completely OFF in ±5.0s window
1,isolated_pulse,1785717998.8,1785717999.2,0.40000009536743164,29,43,29,Ph1: Det 29 isolated pulse ON/OFF for 0.400s; Det 43 was completely OFF in ±5.0s window
1,isolated_pulse,1785718155.8,1785718156.0,0.20000004768371582,29,43,29,Ph1: Det 29 isolated pulse ON/OFF for 0.200s; Det 43 was completely OFF in ±5.0s window
1,isolated_pulse,1785718375.2,1785718375.6,0.39999985694885254,29,43,29,Ph1: Det 29 isolated pulse ON/OFF for 0.400s; Det 43 was completely OFF in ±5.0s window
1,isolated_pulse,1785718381.4,1785718383.0,1.5999999046325684,29,43,29,Ph1: Det 29 isolated pulse ON/OFF for 1.600s; Det 43 was completely OFF in ±5.0s window
1,isolated_pulse,1785718384.0,1785718384.2,0.20000004768371582,29,43,29,Ph1: Det 29 isolated pulse ON/OFF for 0.200s; Det 43 was completely OFF in ±5.0s window
1,isolated_pulse,1785718384.6,1785718385.1,0.5,29,43,29,Ph1: Det 29 isolated pulse ON/OFF for 0.500s; Det 43 was completely OFF in ±5.0s window
1,isolated_pulse,1785718386.3,1785718386.7,0.40000009536743164,29,43,29,Ph1: Det 29 isolated pulse ON/OFF for 0.400s; Det 43 was completely OFF in ±5.0s window
1,isolated_pulse,1785718393.0,1785718395.4,2.4000000953674316,29,43,29,Ph1: Det 29 isolated pulse ON/OFF for 2.400s; Det 43 was completely OFF in ±5.0s window
1,isolated_pulse,1785718782.3,1785718783.7,1.4000000953674316,29,43,29,Ph1: Det 29 isolated pulse ON/OFF for 1.400s; Det 43 was completely OFF in ±5.0s window
1,isolated_pulse,1785718888.7,1785718889.2,0.5,29,43,29,Ph1: Det 29 isolated pulse ON/OFF for 0.500s; Det 43 was completely OFF in ±5.0s window
1,isolated_pulse,1785718892.3,1785718893.1,0.7999999523162842,29,43,29,Ph1: Det 29 isolated pulse ON/OFF for 0.800s; Det 43 was completely OFF in ±5.0s window
1,isolated_pulse,1785718898.3,1785718898.7,0.40000009536743164,29,43,29,Ph1: Det 29 isolated pulse ON/OFF for 0.400s; Det 43 was completely OFF in ±5.0s window
1,isolated_pulse,1785718899.1,1785718899.6,0.5,29,43,29,Ph1: Det 29 isolated pulse ON/OFF for 0.500s; Det 43 was completely OFF in ±5.0s window
1,isolated_pulse,1785718900.3,1785718901.1,0.7999999523162842,29,43,29,Ph1: Det 29 isolated pulse ON/OFF for 0.800s; Det 43 was completely OFF in ±5.0s window
1,isolated_pulse,1785719410.9,1785719411.2,0.2999999523162842,29,43,29,Ph1: Det 29 isolated pulse ON/OFF for 0.300s; Det 43 was completely OFF in ±5.0s window
1,isolated_pulse,1785719515.7,1785719516.5,0.7999999523162842,29,43,29,Ph1: Det 29 isolated pulse ON/OFF for 0.800s; Det 43 was completely OFF in ±5.0s window
1,isolated_pulse,1785719534.8,1785719535.5,0.7000000476837158,29,43,29,Ph1: Det 29 isolated pulse ON/OFF for 0.700s; Det 43 was completely OFF in ±5.0s window
1,isolated_pulse,1785719538.5,1785719539.3,0.7999999523162842,29,43,29,Ph1: Det 29 isolated pulse ON/OFF for 0.800s; Det 43 was completely OFF in ±5.0s window
1,isolated_pulse,1785719539.7,1785719540.3,0.5999999046325684,29,43,29,Ph1: Det 29 isolated pulse ON/OFF for 0.600s; Det 43 was completely OFF in ±5.0s window
1,isolated_pulse,1785719541.1,1785719541.9,0.8000001907348633,29,43,29,Ph1: Det 29 isolated pulse ON/OFF for 0.800s; Det 43 was completely OFF in ±5.0s window
1,isolated_pulse,1785719649.0,1785719649.4,0.40000009536743164,29,43,29,Ph1: Det 29 isolated pulse ON/OFF for 0.400s; Det 43 was completely OFF in ±5.0s window
1,isolated_pulse,1785719649.9,1785719650.3,0.39999985694885254,29,43,29,Ph1: Det 29 isolated pulse ON/OFF for 0.400s; Det 43 was completely OFF in ±5.0s window
1,isolated_pulse,1785720773.4,1785720775.1,1.6999998092651367,29,43,43,Ph1: Det 43 isolated pulse ON/OFF for 1.700s; Det 29 was completely OFF in ±5.0s window
1,isolated_pulse,1785721064.0,1785721065.2,1.2000000476837158,29,43,29,Ph1: Det 29 isolated pulse ON/OFF for 1.200s; Det 43 was completely OFF in ±5.0s window
1,isolated_pulse,1785721441.7,1785721442.3,0.5999999046325684,29,43,29,Ph1: Det 29 isolated pulse ON/OFF for 0.600s; Det 43 was completely OFF in ±5.0s window
1,isolated_pulse,1785721442.9,1785721443.6,0.6999998092651367,29,43,29,Ph1: Det 29 isolated pulse ON/OFF for 0.700s; Det 43 was completely OFF in ±5.0s window
1,isolated_pulse,1785721447.4,1785721448.6,1.1999998092651367,29,43,29,Ph1: Det 29 isolated pulse ON/OFF for 1.200s; Det 43 was completely OFF in ±5.0s window
1,isolated_pulse,1785721691.4,1785721691.8,0.39999985694885254,29,43,29,Ph1: Det 29 isolated pulse ON/OFF for 0.400s; Det 43 was completely OFF in ±5.0s window
1,isolated_pulse,1785721692.2,1785721693.4,1.2000000476837158,29,43,29,Ph1: Det 29 isolated pulse ON/OFF for 1.200s; Det 43 was completely OFF in ±5.0s window
1,isolated_pulse,1785721741.9,1785721742.3,0.39999985694885254,29,43,29,Ph1: Det 29 isolated pulse ON/OFF for 0.400s; Det 43 was completely OFF in ±5.0s window
1,isolated_pulse,1785721743.0,1785721743.3,0.2999999523162842,29,43,29,Ph1: Det 29 isolated pulse ON/OFF for 0.300s; Det 43 was completely OFF in ±5.0s window
1,isolated_pulse,1785721744.1,1785721744.6,0.5,29,43,29,Ph1: Det 29 isolated pulse ON/OFF for 0.500s; Det 43 was completely OFF in ±5.0s window
1,isolated_pulse,1785721908.4,1785721908.7,0.2999999523162842,29,43,29,Ph1: Det 29 isolated pulse ON/OFF for 0.300s; Det 43 was completely OFF in ±5.0s window
1,isolated_pulse,1785722260.7,1785722260.8,0.09999990463256836,29,43,43,Ph1: Det 43 isolated pulse ON/OFF for 0.100s; Det 29 was completely OFF in ±5.0s window
1,extended_disagreement,1785722262.9,1785722274.2,11.299999952316284,29,43,43,Ph1: Det 43 ON / Det 29 OFF for 11.30s (threshold=5.0s)
1,isolated_pulse,1785722274.3,1785722278.8,4.5,29,43,43,Ph1: Det 43 isolated pulse ON/OFF for 4.500s; Det 29 was completely OFF in ±5.0s window
1,isolated_pulse,1785722279.6,1785722279.7,0.10000014305114746,29,43,43,Ph1: Det 43 isolated pulse ON/OFF for 0.100s; Det 29 was completely OFF in ±5.0s window
1,isolated_pulse,1785722280.1,1785722280.4,0.3000001907348633,29,43,43,Ph1: Det 43 isolated pulse ON/OFF for 0.300s; Det 29 was completely OFF in ±5.0s window
1,isolated_pulse,1785723449.1,1785723449.2,0.10000014305114746,29,43,43,Ph1: Det 43 isolated pulse ON/OFF for 0.100s; Det 29 was completely OFF in ±5.0s window
1,isolated_pulse,1785723453.4,1785723455.7,2.299999952316284,29,43,43,Ph1: Det 43 isolated pulse ON/OFF for 2.300s; Det 29 was completely OFF in ±5.0s window
1,extended_disagreement,1785724338.9,1785724357.0,18.09999990463257,29,43,43,Ph1: Det 43 ON / Det 29 OFF for 18.10s (threshold=5.0s)
1,isolated_pulse,1785724357.4,1785724357.9,0.5,29,43,43,Ph1: Det 43 isolated pulse ON/OFF for 0.500s; Det 29 was completely OFF in ±5.0s window
1,isolated_pulse,1785724359.1,1785724359.5,0.40000009536743164,29,43,43,Ph1: Det 43 isolated pulse ON/OFF for 0.400s; Det 29 was completely OFF in ±5.0s window
1,isolated_pulse,1785724359.9,1785724360.0,0.09999990463256836,29,43,43,Ph1: Det 43 isolated pulse ON/OFF for 0.100s; Det 29 was completely OFF in ±5.0s window
1,isolated_pulse,1785724361.1,1785724361.2,0.10000014305114746,29,43,43,Ph1: Det 43 isolated pulse ON/OFF for 0.100s; Det 29 was completely OFF in ±5.0s window
1,isolated_pulse,1785724361.9,1785724362.2,0.2999999523162842,29,43,43,Ph1: Det 43 isolated pulse ON/OFF for 0.300s; Det 29 was completely OFF in ±5.0s window
1,isolated_pulse,1785724362.5,1785724362.6,0.09999990463256836,29,43,43,Ph1: Det 43 isolated pulse ON/OFF for 0.100s; Det 29 was completely OFF in ±5.0s window
1,isolated_pulse,1785724362.7,1785724362.8,0.09999990463256836,29,43,43,Ph1: Det 43 isolated pulse ON/OFF for 0.100s; Det 29 was completely OFF in ±5.0s window
1,isolated_pulse,1785724364.3,1785724365.0,0.7000000476837158,29,43,43,Ph1: Det 43 isolated pulse ON/OFF for 0.700s; Det 29 was completely OFF in ±5.0s window
1,isolated_pulse,1785725508.1,1785725509.2,1.1000001430511475,29,43,29,Ph1: Det 29 isolated pulse ON/OFF for 1.100s; Det 43 was completely OFF in ±5.0s window
1,isolated_pulse,1785725822.8,1785725823.8,1.0,29,43,29,Ph1: Det 29 isolated pulse ON/OFF for 1.000s; Det 43 was completely OFF in ±5.0s window
1,isolated_pulse,1785725825.1,1785725825.8,0.7000000476837158,29,43,29,Ph1: Det 29 isolated pulse ON/OFF for 0.700s; Det 43 was completely OFF in ±5.0s window
1,isolated_pulse,1785726108.5,1785726109.1,0.5999999046325684,29,43,43,Ph1: Det 43 isolated pulse ON/OFF for 0.600s; Det 29 was completely OFF in ±5.0s window
1,isolated_pulse,1785726109.2,1785726110.6,1.3999998569488525,29,43,43,Ph1: Det 43 isolated pulse ON/OFF for 1.400s; Det 29 was completely OFF in ±5.0s window
1,isolated_pulse,1785726664.0,1785726664.3,0.2999999523162842,29,43,43,Ph1: Det 43 isolated pulse ON/OFF for 0.300s; Det 29 was completely OFF in ±5.0s window
1,isolated_pulse,1785727301.8,1785727306.2,4.400000095367432,29,43,43,Ph1: Det 43 isolated pulse ON/OFF for 4.400s; Det 29 was completely OFF in ±5.0s window
1,isolated_pulse,1785727772.3,1785727773.4,1.1000001430511475,29,43,43,Ph1: Det 43 isolated pulse ON/OFF for 1.100s; Det 29 was completely OFF in ±5.0s window
1,isolated_pulse,1785727969.9,1785727974.8,4.8999998569488525,29,43,43,Ph1: Det 43 isolated pulse ON/OFF for 4.900s; Det 29 was completely OFF in ±5.0s window
1,isolated_pulse,1785728002.7,1785728006.9,4.200000047683716,29,43,43,Ph1: Det 43 isolated pulse ON/OFF for 4.200s; Det 29 was completely OFF in ±5.0s window
1,isolated_pulse,1785728370.3,1785728370.7,0.40000009536743164,29,43,29,Ph1: Det 29 isolated pulse ON/OFF for 0.400s; Det 43 was completely OFF in ±5.0s window
1,isolated_pulse,1785728452.2,1785728454.3,2.0999999046325684,29,43,43,Ph1: Det 43 isolated pulse ON/OFF for 2.100s; Det 29 was completely OFF in ±5.0s window
1,extended_disagreement,1785729013.5,1785729025.9,12.400000095367432,29,43,43,Ph1: Det 43 ON / Det 29 OFF for 12.40s (threshold=5.0s)
1,isolated_pulse,1785729788.6,1785729788.9,0.3000001907348633,29,43,29,Ph1: Det 29 isolated pulse ON/OFF for 0.300s; Det 43 was completely OFF in ±5.0s window
1,isolated_pulse,1785729790.6,1785729791.2,0.6000001430511475,29,43,29,Ph1: Det 29 isolated pulse ON/OFF for 0.600s; Det 43 was completely OFF in ±5.0s window
1,isolated_pulse,1785729856.9,1785729857.5,0.5999999046325684,29,43,29,Ph1: Det 29 isolated pulse ON/OFF for 0.600s; Det 43 was completely OFF in ±5.0s window
2,isolated_pulse,1785684692.0,1785684692.2,0.20000004768371582,2,17,2,Ph2: Det 2 isolated pulse ON/OFF for 0.200s; Det 17 was completely OFF in ±5.0s window
2,isolated_pulse,1785684692.0,1785684692.2,0.20000004768371582,2,46,2,Ph2: Det 2 isolated pulse ON/OFF for 0.200s; Det 46 was completely OFF in ±5.0s window
2,extended_disagreement,1785684940.5,1785684949.1,8.599999904632568,2,17,2,Ph2: Det 2 ON / Det 17 OFF for 8.60s (threshold=5.0s)
2,extended_disagreement,1785684940.5,1785684949.1,8.599999904632568,17,46,46,Ph2: Det 46 ON / Det 17 OFF for 8.60s (threshold=5.0s)
2,extended_disagreement,1785684952.3,1785684957.7,5.400000095367432,17,46,17,Ph2: Det 17 ON / Det 46 OFF for 5.40s (threshold=5.0s)
2,extended_disagreement,1785685160.2,1785685168.1,7.8999998569488525,2,17,2,Ph2: Det 2 ON / Det 17 OFF for 7.90s (threshold=5.0s)
2,extended_disagreement,1785685160.2,1785685168.1,7.8999998569488525,17,46,46,Ph2: Det 46 ON / Det 17 OFF for 7.90s (threshold=5.0s)
2,isolated_pulse,1785685557.5,1785685557.7,0.20000004768371582,2,17,2,Ph2: Det 2 isolated pulse ON/OFF for 0.200s; Det 17 was completely OFF in ±5.0s window
2,isolated_pulse,1785685557.5,1785685557.7,0.20000004768371582,2,46,2,Ph2: Det 2 isolated pulse ON/OFF for 0.200s; Det 46 was completely OFF in ±5.0s window
2,isolated_pulse,1785685590.2,1785685590.5,0.2999999523162842,2,17,2,Ph2: Det 2 isolated pulse ON/OFF for 0.300s; Det 17 was completely OFF in ±5.0s window
2,isolated_pulse,1785685590.2,1785685590.5,0.2999999523162842,2,46,2,Ph2: Det 2 isolated pulse ON/OFF for 0.300s; Det 46 was completely OFF in ±5.0s window
2,isolated_pulse,1785686401.6,1785686402.0,0.40000009536743164,2,17,2,Ph2: Det 2 isolated pulse ON/OFF for 0.400s; Det 17 was completely OFF in ±5.0s window
2,isolated_pulse,1785686401.6,1785686402.0,0.40000009536743164,2,46,2,Ph2: Det 2 isolated pulse ON/OFF for 0.400s; Det 46 was completely OFF in ±5.0s window
2,isolated_pulse,1785686555.8,1785686556.0,0.20000004768371582,2,17,2,Ph2: Det 2 isolated pulse ON/OFF for 0.200s; Det 17 was completely OFF in ±5.0s window
2,isolated_pulse,1785686555.8,1785686556.0,0.20000004768371582,2,46,2,Ph2: Det 2 isolated pulse ON/OFF for 0.200s; Det 46 was completely OFF in ±5.0s window
2,isolated_pulse,1785687849.0,1785687849.4,0.40000009536743164,2,17,2,Ph2: Det 2 isolated pulse ON/OFF for 0.400s; Det 17 was completely OFF in ±5.0s window
2,isolated_pulse,1785687849.0,1785687849.4,0.40000009536743164,2,46,2,Ph2: Det 2 isolated pulse ON/OFF for 0.400s; Det 46 was completely OFF in ±5.0s window
2,isolated_pulse,1785688081.4,1785688081.7,0.2999999523162842,2,17,2,Ph2: Det 2 isolated pulse ON/OFF for 0.300s; Det 17 was completely OFF in ±5.0s window
2,isolated_pulse,1785688081.4,1785688081.7,0.2999999523162842,2,46,2,Ph2: Det 2 isolated pulse ON/OFF for 0.300s; Det 46 was completely OFF in ±5.0s window
2,isolated_pulse,1785688529.8,1785688530.2,0.40000009536743164,2,17,2,Ph2: Det 2 isolated pulse ON/OFF for 0.400s; Det 17 was completely OFF in ±5.0s window
2,isolated_pulse,1785688529.8,1785688530.2,0.40000009536743164,2,46,2,Ph2: Det 2 isolated pulse ON/OFF for 0.400s; Det 46 was completely OFF in ±5.0s window
2,isolated_pulse,1785688531.6,1785688531.9,0.3000001907348633,2,17,2,Ph2: Det 2 isolated pulse ON/OFF for 0.300s; Det 17 was completely OFF in ±5.0s window
2,isolated_pulse,1785688531.6,1785688531.9,0.3000001907348633,2,46,2,Ph2: Det 2 isolated pulse ON/OFF for 0.300s; Det 46 was completely OFF in ±5.0s window
2,isolated_pulse,1785688534.2,1785688534.4,0.20000004768371582,2,17,2,Ph2: Det 2 isolated pulse ON/OFF for 0.200s; Det 17 was completely OFF in ±5.0s window
2,isolated_pulse,1785688534.2,1785688534.4,0.20000004768371582,2,46,2,Ph2: Det 2 isolated pulse ON/OFF for 0.200s; Det 46 was completely OFF in ±5.0s window
2,isolated_pulse,1785689258.6,1785689259.4,0.8000001907348633,2,46,46,Ph2: Det 46 isolated pulse ON/OFF for 0.800s; Det 2 was completely OFF in ±5.0s window
2,isolated_pulse,1785689259.2,1785689260.6,1.3999998569488525,2,17,17,Ph2: Det 17 isolated pulse ON/OFF for 1.400s; Det 2 was completely OFF in ±5.0s window
2,isolated_pulse,1785689295.8,1785689296.4,0.6000001430511475,2,17,2,Ph2: Det 2 isolated pulse ON/OFF for 0.600s; Det 17 was completely OFF in ±5.0s window
2,isolated_pulse,1785689295.8,1785689296.4,0.6000001430511475,2,46,2,Ph2: Det 2 isolated pulse ON/OFF for 0.600s; Det 46 was completely OFF in ±5.0s window
2,isolated_pulse,1785689308.1,1785689308.9,0.8000001907348633,17,46,17,Ph2: Det 17 isolated pulse ON/OFF for 0.800s; Det 46 was completely OFF in ±5.0s window
2,isolated_pulse,1785689308.8,1785689309.3,0.5,2,46,2,Ph2: Det 2 isolated pulse ON/OFF for 0.500s; Det 46 was completely OFF in ±5.0s window
2,isolated_pulse,1785689729.4,1785689730.0,0.5999999046325684,2,17,2,Ph2: Det 2 isolated pulse ON/OFF for 0.600s; Det 17 was completely OFF in ±5.0s window
2,isolated_pulse,1785689729.4,1785689730.0,0.5999999046325684,2,46,2,Ph2: Det 2 isolated pulse ON/OFF for 0.600s; Det 46 was completely OFF in ±5.0s window
2,isolated_pulse,1785689737.3,1785689737.5,0.20000004768371582,2,17,2,Ph2: Det 2 isolated pulse ON/OFF for 0.200s; Det 17 was completely OFF in ±5.0s window
2,isolated_pulse,1785689737.3,1785689737.5,0.20000004768371582,2,46,2,Ph2: Det 2 isolated pulse ON/OFF for 0.200s; Det 46 was completely OFF in ±5.0s window
2,extended_disagreement,1785689802.2,1785689820.6,18.399999856948853,2,46,2,Ph2: Det 2 ON / Det 46 OFF for 18.40s (threshold=5.0s)
2,extended_disagreement,1785689802.2,1785689820.6,18.399999856948853,17,46,17,Ph2: Det 17 ON / Det 46 OFF for 18.40s (threshold=5.0s)
2,extended_disagreement,1785689837.7,1785689880.0,42.299999952316284,2,46,2,Ph2: Det 2 ON / Det 46 OFF for 42.30s (threshold=5.0s)
2,extended_disagreement,1785689837.7,1785689880.0,42.299999952316284,17,46,17,Ph2: Det 17 ON / Det 46 OFF for 42.30s (threshold=5.0s)
2,isolated_pulse,1785690104.0,1785690104.3,0.2999999523162842,2,17,2,Ph2: Det 2 isolated pulse ON/OFF for 0.300s; Det 17 was completely OFF in ±5.0s window
2,isolated_pulse,1785690104.0,1785690104.3,0.2999999523162842,2,46,2,Ph2: Det 2 isolated pulse ON/OFF for 0.300s; Det 46 was completely OFF in ±5.0s window
2,extended_disagreement,1785690449.4,1785690475.4,26.0,2,46,2,Ph2: Det 2 ON / Det 46 OFF for 26.00s (threshold=5.0s)
2,extended_disagreement,1785690449.4,1785690475.4,26.0,17,46,17,Ph2: Det 17 ON / Det 46 OFF for 26.00s (threshold=5.0s)
2,isolated_pulse,1785690647.7,1785690647.9,0.20000004768371582,2,17,2,Ph2: Det 2 isolated pulse ON/OFF for 0.200s; Det 17 was completely OFF in ±5.0s window
2,isolated_pulse,1785690647.7,1785690647.9,0.20000004768371582,2,46,2,Ph2: Det 2 isolated pulse ON/OFF for 0.200s; Det 46 was completely OFF in ±5.0s window
2,isolated_pulse,1785690666.4,1785690666.7,0.2999999523162842,2,17,2,Ph2: Det 2 isolated pulse ON/OFF for 0.300s; Det 17 was completely OFF in ±5.0s window
2,isolated_pulse,1785690666.4,1785690666.7,0.2999999523162842,2,46,2,Ph2: Det 2 isolated pulse ON/OFF for 0.300s; Det 46 was completely OFF in ±5.0s window
2,extended_disagreement,1785691154.9,1785691169.4,14.5,2,46,2,Ph2: Det 2 ON / Det 46 OFF for 14.50s (threshold=5.0s)
2,extended_disagreement,1785691154.9,1785691169.4,14.5,17,46,17,Ph2: Det 17 ON / Det 46 OFF for 14.50s (threshold=5.0s)
2,extended_disagreement,1785691170.5,1785691220.1,49.59999990463257,2,46,2,Ph2: Det 2 ON / Det 46 OFF for 49.60s (threshold=5.0s)
2,extended_disagreement,1785691170.5,1785691220.1,49.59999990463257,17,46,17,Ph2: Det 17 ON / Det 46 OFF for 49.60s (threshold=5.0s)
2,isolated_pulse,1785691349.0,1785691349.2,0.20000004768371582,2,17,2,Ph2: Det 2 isolated pulse ON/OFF for 0.200s; Det 17 was completely OFF in ±5.0s window
2,isolated_pulse,1785691349.0,1785691349.2,0.20000004768371582,2,46,2,Ph2: Det 2 isolated pulse ON/OFF for 0.200s; Det 46 was completely OFF in ±5.0s window
2,isolated_pulse,1785691354.7,1785691355.0,0.2999999523162842,2,17,2,Ph2: Det 2 isolated pulse ON/OFF for 0.300s; Det 17 was completely OFF in ±5.0s window
2,isolated_pulse,1785691354.7,1785691355.0,0.2999999523162842,2,46,2,Ph2: Det 2 isolated pulse ON/OFF for 0.300s; Det 46 was completely OFF in ±5.0s window
2,isolated_pulse,1785691901.6,1785691902.1,0.5,2,17,2,Ph2: Det 2 isolated pulse ON/OFF for 0.500s; Det 17 was completely OFF in ±5.0s window
2,isolated_pulse,1785691901.6,1785691902.1,0.5,2,46,2,Ph2: Det 2 isolated pulse ON/OFF for 0.500s; Det 46 was completely OFF in ±5.0s window
2,extended_disagreement,1785692022.3,1785692027.5,5.200000047683716,17,46,17,Ph2: Det 17 ON / Det 46 OFF for 5.20s (threshold=5.0s)
2,extended_disagreement,1785692579.6,1785692603.2,23.600000143051147,2,46,2,Ph2: Det 2 ON / Det 46 OFF for 23.60s (threshold=5.0s)
2,extended_disagreement,1785692579.6,1785692603.2,23.600000143051147,17,46,17,Ph2: Det 17 ON / Det 46 OFF for 23.60s (threshold=5.0s)
2,extended_disagreement,1785692609.3,1785692616.1,6.799999952316284,2,46,2,Ph2: Det 2 ON / Det 46 OFF for 6.80s (threshold=5.0s)
2,extended_disagreement,1785692609.3,1785692616.1,6.799999952316284,17,46,17,Ph2: Det 17 ON / Det 46 OFF for 6.80s (threshold=5.0s)
2,extended_disagreement,1785692630.4,1785692636.2,5.799999952316284,2,17,2,Ph2: Det 2 ON / Det 17 OFF for 5.80s (threshold=5.0s)
2,extended_disagreement,1785692630.4,1785692636.2,5.799999952316284,17,46,46,Ph2: Det 46 ON / Det 17 OFF for 5.80s (threshold=5.0s)
2,extended_disagreement,1785692639.3,1785692652.7,13.400000095367432,2,17,2,Ph2: Det 2 ON / Det 17 OFF for 13.40s (threshold=5.0s)
2,extended_disagreement,1785692639.3,1785692652.7,13.400000095367432,17,46,46,Ph2: Det 46 ON / Det 17 OFF for 13.40s (threshold=5.0s)
2,extended_disagreement,1785692664.5,1785692672.0,7.5,2,17,2,Ph2: Det 2 ON / Det 17 OFF for 7.50s (threshold=5.0s)
2,extended_disagreement,1785692664.5,1785692672.0,7.5,17,46,46,Ph2: Det 46 ON / Det 17 OFF for 7.50s (threshold=5.0s)
2,isolated_pulse,1785692930.3,1785692930.6,0.2999999523162842,2,17,2,Ph2: Det 2 isolated pulse ON/OFF for 0.300s; Det 17 was completely OFF in ±5.0s window
2,isolated_pulse,1785692930.3,1785692930.6,0.2999999523162842,2,46,2,Ph2: Det 2 isolated pulse ON/OFF for 0.300s; Det 46 was completely OFF in ±5.0s window
2,extended_disagreement,1785693107.2,1785693126.9,19.700000047683716,2,46,2,Ph2: Det 2 ON / Det 46 OFF for 19.70s (threshold=5.0s)
2,extended_disagreement,1785693107.2,1785693126.9,19.700000047683716,17,46,17,Ph2: Det 17 ON / Det 46 OFF for 19.70s (threshold=5.0s)
2,isolated_pulse,1785693348.3,1785693348.6,0.2999999523162842,2,17,2,Ph2: Det 2 isolated pulse ON/OFF for 0.300s; Det 17 was completely OFF in ±5.0s window
2,isolated_pulse,1785693348.3,1785693348.6,0.2999999523162842,2,46,2,Ph2: Det 2 isolated pulse ON/OFF for 0.300s; Det 46 was completely OFF in ±5.0s window
2,isolated_pulse,1785693351.4,1785693351.6,0.19999980926513672,2,17,2,Ph2: Det 2 isolated pulse ON/OFF for 0.200s; Det 17 was completely OFF in ±5.0s window
2,isolated_pulse,1785693351.4,1785693351.6,0.19999980926513672,2,46,2,Ph2: Det 2 isolated pulse ON/OFF for 0.200s; Det 46 was completely OFF in ±5.0s window
2,extended_disagreement,1785693620.0,1785693625.1,5.099999904632568,17,46,17,Ph2: Det 17 ON / Det 46 OFF for 5.10s (threshold=5.0s)
2,extended_disagreement,1785693868.3,1785693875.3,7.0,17,46,17,Ph2: Det 17 ON / Det 46 OFF for 7.00s (threshold=5.0s)
2,extended_disagreement,1785694335.6,1785694355.5,19.90000009536743,2,46,2,Ph2: Det 2 ON / Det 46 OFF for 19.90s (threshold=5.0s)
2,extended_disagreement,1785694335.6,1785694355.5,19.90000009536743,17,46,17,Ph2: Det 17 ON / Det 46 OFF for 19.90s (threshold=5.0s)
2,extended_disagreement,1785694505.8,1785694557.4,51.60000014305115,2,46,2,Ph2: Det 2 ON / Det 46 OFF for 51.60s (threshold=5.0s)
2,extended_disagreement,1785694505.8,1785694557.9,52.10000014305115,17,46,17,Ph2: Det 17 ON / Det 46 OFF for 52.10s (threshold=5.0s)
2,extended_disagreement,1785694710.2,1785694724.0,13.799999952316284,2,46,2,Ph2: Det 2 ON / Det 46 OFF for 13.80s (threshold=5.0s)
2,extended_disagreement,1785694710.2,1785694725.0,14.799999952316284,17,46,17,Ph2: Det 17 ON / Det 46 OFF for 14.80s (threshold=5.0s)
2,isolated_pulse,1785695007.9,1785695008.1,0.19999980926513672,2,17,2,Ph2: Det 2 isolated pulse ON/OFF for 0.200s; Det 17 was completely OFF in ±5.0s window
2,isolated_pulse,1785695007.9,1785695008.1,0.19999980926513672,2,46,2,Ph2: Det 2 isolated pulse ON/OFF for 0.200s; Det 46 was completely OFF in ±5.0s window
2,isolated_pulse,1785695514.0,1785695514.2,0.20000004768371582,2,17,2,Ph2: Det 2 isolated pulse ON/OFF for 0.200s; Det 17 was completely OFF in ±5.0s window
2,isolated_pulse,1785695514.0,1785695514.2,0.20000004768371582,2,46,2,Ph2: Det 2 isolated pulse ON/OFF for 0.200s; Det 46 was completely OFF in ±5.0s window
2,isolated_pulse,1785695955.7,1785695955.9,0.20000004768371582,2,17,2,Ph2: Det 2 isolated pulse ON/OFF for 0.200s; Det 17 was completely OFF in ±5.0s window
2,isolated_pulse,1785695955.7,1785695955.9,0.20000004768371582,2,46,2,Ph2: Det 2 isolated pulse ON/OFF for 0.200s; Det 46 was completely OFF in ±5.0s window
2,extended_disagreement,1785696124.5,1785696174.8,50.299999952316284,2,46,2,Ph2: Det 2 ON / Det 46 OFF for 50.30s (threshold=5.0s)
2,extended_disagreement,1785696129.5,1785696170.7,41.200000047683716,17,46,17,Ph2: Det 17 ON / Det 46 OFF for 41.20s (threshold=5.0s)
2,extended_disagreement,1785696176.5,1785696203.0,26.5,17,46,17,Ph2: Det 17 ON / Det 46 OFF for 26.50s (threshold=5.0s)
2,extended_disagreement,1785696181.4,1785696203.0,21.59999990463257,2,46,2,Ph2: Det 2 ON / Det 46 OFF for 21.60s (threshold=5.0s)
2,extended_disagreement,1785696204.1,1785696225.7,21.600000143051147,2,46,2,Ph2: Det 2 ON / Det 46 OFF for 21.60s (threshold=5.0s)
2,extended_disagreement,1785696204.1,1785696225.7,21.600000143051147,17,46,17,Ph2: Det 17 ON / Det 46 OFF for 21.60s (threshold=5.0s)
2,extended_disagreement,1785696378.0,1785696408.6,30.59999990463257,2,46,2,Ph2: Det 2 ON / Det 46 OFF for 30.60s (threshold=5.0s)
2,extended_disagreement,1785696378.0,1785696408.6,30.59999990463257,17,46,17,Ph2: Det 17 ON / Det 46 OFF for 30.60s (threshold=5.0s)
2,isolated_pulse,1785696607.3,1785696607.4,0.10000014305114746,2,17,2,Ph2: Det 2 isolated pulse ON/OFF for 0.100s; Det 17 was completely OFF in ±5.0s window
2,isolated_pulse,1785696607.3,1785696607.4,0.10000014305114746,2,46,2,Ph2: Det 2 isolated pulse ON/OFF for 0.100s; Det 46 was completely OFF in ±5.0s window
2,isolated_pulse,1785696615.5,1785696616.0,0.5,2,17,2,Ph2: Det 2 isolated pulse ON/OFF for 0.500s; Det 17 was completely OFF in ±5.0s window
2,isolated_pulse,1785696615.5,1785696616.0,0.5,2,46,2,Ph2: Det 2 isolated pulse ON/OFF for 0.500s; Det 46 was completely OFF in ±5.0s window
2,isolated_pulse,1785696623.6,1785696623.7,0.10000014305114746,2,17,2,Ph2: Det 2 isolated pulse ON/OFF for 0.100s; Det 17 was completely OFF in ±5.0s window
2,isolated_pulse,1785696623.6,1785696623.7,0.10000014305114746,2,46,2,Ph2: Det 2 isolated pulse ON/OFF for 0.100s; Det 46 was completely OFF in ±5.0s window
2,extended_disagreement,1785697437.1,1785697446.5,9.400000095367432,2,46,2,Ph2: Det 2 ON / Det 46 OFF for 9.40s (threshold=5.0s)
2,extended_disagreement,1785697437.1,1785697446.5,9.400000095367432,17,46,17,Ph2: Det 17 ON / Det 46 OFF for 9.40s (threshold=5.0s)
2,extended_disagreement,1785697745.7,1785697794.4,48.700000047683716,2,46,2,Ph2: Det 2 ON / Det 46 OFF for 48.70s (threshold=5.0s)
2,extended_disagreement,1785697745.7,1785697794.4,48.700000047683716,17,46,17,Ph2: Det 17 ON / Det 46 OFF for 48.70s (threshold=5.0s)
2,isolated_pulse,1785697892.1,1785697892.4,0.3000001907348633,2,17,2,Ph2: Det 2 isolated pulse ON/OFF for 0.300s; Det 17 was completely OFF in ±5.0s window
2,isolated_pulse,1785697892.1,1785697892.4,0.3000001907348633,2,46,2,Ph2: Det 2 isolated pulse ON/OFF for 0.300s; Det 46 was completely OFF in ±5.0s window
2,extended_disagreement,1785699221.9,1785699228.4,6.5,2,17,17,Ph2: Det 17 ON / Det 2 OFF for 6.50s (threshold=5.0s)
2,extended_disagreement,1785699221.9,1785699228.4,6.5,2,46,46,Ph2: Det 46 ON / Det 2 OFF for 6.50s (threshold=5.0s)
2,extended_disagreement,1785699310.4,1785699318.7,8.299999952316284,2,46,2,Ph2: Det 2 ON / Det 46 OFF for 8.30s (threshold=5.0s)
2,extended_disagreement,1785699310.4,1785699318.7,8.299999952316284,17,46,17,Ph2: Det 17 ON / Det 46 OFF for 8.30s (threshold=5.0s)
2,extended_disagreement,1785699326.0,1785699335.5,9.5,2,46,2,Ph2: Det 2 ON / Det 46 OFF for 9.50s (threshold=5.0s)
2,extended_disagreement,1785699326.0,1785699335.5,9.5,17,46,17,Ph2: Det 17 ON / Det 46 OFF for 9.50s (threshold=5.0s)
2,extended_disagreement,1785699508.8,1785699519.9,11.100000143051147,2,46,2,Ph2: Det 2 ON / Det 46 OFF for 11.10s (threshold=5.0s)
2,extended_disagreement,1785699508.8,1785699519.9,11.100000143051147,17,46,17,Ph2: Det 17 ON / Det 46 OFF for 11.10s (threshold=5.0s)
2,isolated_pulse,1785699588.3,1785699588.7,0.40000009536743164,2,17,2,Ph2: Det 2 isolated pulse ON/OFF for 0.400s; Det 17 was completely OFF in ±5.0s window
2,isolated_pulse,1785699588.3,1785699588.7,0.40000009536743164,2,46,2,Ph2: Det 2 isolated pulse ON/OFF for 0.400s; Det 46 was completely OFF in ±5.0s window
2,isolated_pulse,1785699593.9,1785699594.3,0.39999985694885254,2,17,2,Ph2: Det 2 isolated pulse ON/OFF for 0.400s; Det 17 was completely OFF in ±5.0s window
2,isolated_pulse,1785699593.9,1785699594.3,0.39999985694885254,2,46,2,Ph2: Det 2 isolated pulse ON/OFF for 0.400s; Det 46 was completely OFF in ±5.0s window
2,isolated_pulse,1785699598.6,1785699599.2,0.6000001430511475,2,17,2,Ph2: Det 2 isolated pulse ON/OFF for 0.600s; Det 17 was completely OFF in ±5.0s window
2,isolated_pulse,1785699598.6,1785699599.2,0.6000001430511475,2,46,2,Ph2: Det 2 isolated pulse ON/OFF for 0.600s; Det 46 was completely OFF in ±5.0s window
2,isolated_pulse,1785699623.9,1785699624.1,0.19999980926513672,2,17,2,Ph2: Det 2 isolated pulse ON/OFF for 0.200s; Det 17 was completely OFF in ±5.0s window
2,isolated_pulse,1785699623.9,1785699624.1,0.19999980926513672,2,46,2,Ph2: Det 2 isolated pulse ON/OFF for 0.200s; Det 46 was completely OFF in ±5.0s window
2,extended_disagreement,1785699669.5,1785699684.3,14.799999952316284,2,46,2,Ph2: Det 2 ON / Det 46 OFF for 14.80s (threshold=5.0s)
2,extended_disagreement,1785699669.5,1785699684.3,14.799999952316284,17,46,17,Ph2: Det 17 ON / Det 46 OFF for 14.80s (threshold=5.0s)
2,extended_disagreement,1785699724.9,1785699732.8,7.8999998569488525,17,46,17,Ph2: Det 17 ON / Det 46 OFF for 7.90s (threshold=5.0s)
2,extended_disagreement,1785699729.0,1785699737.2,8.200000047683716,2,46,2,Ph2: Det 2 ON / Det 46 OFF for 8.20s (threshold=5.0s)
2,isolated_pulse,1785699733.6,1785699734.6,1.0,17,46,17,Ph2: Det 17 isolated pulse ON/OFF for 1.000s; Det 46 was completely OFF in ±5.0s window
2,isolated_pulse,1785699736.4,1785699737.0,0.5999999046325684,17,46,17,Ph2: Det 17 isolated pulse ON/OFF for 0.600s; Det 46 was completely OFF in ±5.0s window
2,isolated_pulse,1785699738.1,1785699739.5,1.4000000953674316,2,46,2,Ph2: Det 2 isolated pulse ON/OFF for 1.400s; Det 46 was completely OFF in ±5.0s window
2,isolated_pulse,1785699762.4,1785699762.6,0.19999980926513672,17,46,17,Ph2: Det 17 isolated pulse ON/OFF for 0.200s; Det 46 was completely OFF in ±5.0s window
2,isolated_pulse,1785699762.9,1785699763.1,0.19999980926513672,2,46,2,Ph2: Det 2 isolated pulse ON/OFF for 0.200s; Det 46 was completely OFF in ±5.0s window
2,extended_disagreement,1785700092.3,1785700097.8,5.5,2,17,2,Ph2: Det 2 ON / Det 17 OFF for 5.50s (threshold=5.0s)
2,extended_disagreement,1785700092.3,1785700098.3,6.0,17,46,46,Ph2: Det 46 ON / Det 17 OFF for 6.00s (threshold=5.0s)
2,isolated_pulse,1785700098.3,1785700098.7,0.40000009536743164,2,17,2,Ph2: Det 2 isolated pulse ON/OFF for 0.400s; Det 17 was completely OFF in ±5.0s window
2,extended_disagreement,1785700231.6,1785700240.4,8.800000190734863,2,46,2,Ph2: Det 2 ON / Det 46 OFF for 8.80s (threshold=5.0s)
2,extended_disagreement,1785700231.6,1785700240.4,8.800000190734863,17,46,17,Ph2: Det 17 ON / Det 46 OFF for 8.80s (threshold=5.0s)
2,extended_disagreement,1785700293.1,1785700360.8,67.70000004768372,2,46,2,Ph2: Det 2 ON / Det 46 OFF for 67.70s (threshold=5.0s)
2,extended_disagreement,1785700293.1,1785700360.8,67.70000004768372,17,46,17,Ph2: Det 17 ON / Det 46 OFF for 67.70s (threshold=5.0s)
2,isolated_pulse,1785700397.6,1785700397.7,0.10000014305114746,2,17,2,Ph2: Det 2 isolated pulse ON/OFF for 0.100s; Det 17 was completely OFF in ±5.0s window
2,isolated_pulse,1785700397.6,1785700397.7,0.10000014305114746,2,46,2,Ph2: Det 2 isolated pulse ON/OFF for 0.100s; Det 46 was completely OFF in ±5.0s window
2,extended_disagreement,1785700508.9,1785700529.9,21.0,2,46,2,Ph2: Det 2 ON / Det 46 OFF for 21.00s (threshold=5.0s)
2,extended_disagreement,1785700508.9,1785700529.9,21.0,17,46,17,Ph2: Det 17 ON / Det 46 OFF for 21.00s (threshold=5.0s)
2,isolated_pulse,1785700986.0,1785700986.3,0.2999999523162842,2,17,2,Ph2: Det 2 isolated pulse ON/OFF for 0.300s; Det 17 was completely OFF in ±5.0s window
2,isolated_pulse,1785700986.0,1785700986.3,0.2999999523162842,2,46,2,Ph2: Det 2 isolated pulse ON/OFF for 0.300s; Det 46 was completely OFF in ±5.0s window
2,isolated_pulse,1785701231.3,1785701231.6,0.2999999523162842,2,17,2,Ph2: Det 2 isolated pulse ON/OFF for 0.300s; Det 17 was completely OFF in ±5.0s window
2,isolated_pulse,1785701231.3,1785701231.6,0.2999999523162842,2,46,2,Ph2: Det 2 isolated pulse ON/OFF for 0.300s; Det 46 was completely OFF in ±5.0s window
2,extended_disagreement,1785701280.5,1785701303.5,23.0,2,46,2,Ph2: Det 2 ON / Det 46 OFF for 23.00s (threshold=5.0s)
2,extended_disagreement,1785701280.5,1785701318.5,38.0,17,46,17,Ph2: Det 17 ON / Det 46 OFF for 38.00s (threshold=5.0s)
2,extended_disagreement,1785701304.2,1785701318.5,14.299999952316284,2,46,2,Ph2: Det 2 ON / Det 46 OFF for 14.30s (threshold=5.0s)
2,isolated_pulse,1785702232.8,1785702232.9,0.10000014305114746,2,17,2,Ph2: Det 2 isolated pulse ON/OFF for 0.100s; Det 17 was completely OFF in ±5.0s window
2,isolated_pulse,1785702232.8,1785702232.9,0.10000014305114746,2,46,2,Ph2: Det 2 isolated pulse ON/OFF for 0.100s; Det 46 was completely OFF in ±5.0s window
2,isolated_pulse,1785702235.9,1785702236.3,0.39999985694885254,2,17,2,Ph2: Det 2 isolated pulse ON/OFF for 0.400s; Det 17 was completely OFF in ±5.0s window
2,isolated_pulse,1785702235.9,1785702236.3,0.39999985694885254,2,46,2,Ph2: Det 2 isolated pulse ON/OFF for 0.400s; Det 46 was completely OFF in ±5.0s window
2,isolated_pulse,1785702254.8,1785702255.0,0.20000004768371582,2,17,2,Ph2: Det 2 isolated pulse ON/OFF for 0.200s; Det 17 was completely OFF in ±5.0s window
2,isolated_pulse,1785702254.8,1785702255.0,0.20000004768371582,2,46,2,Ph2: Det 2 isolated pulse ON/OFF for 0.200s; Det 46 was completely OFF in ±5.0s window
2,extended_disagreement,1785702681.9,1785702688.8,6.8999998569488525,2,46,2,Ph2: Det 2 ON / Det 46 OFF for 6.90s (threshold=5.0s)
2,extended_disagreement,1785702681.9,1785702688.8,6.8999998569488525,17,46,17,Ph2: Det 17 ON / Det 46 OFF for 6.90s (threshold=5.0s)
2,extended_disagreement,1785702803.5,1785702870.2,66.70000004768372,17,46,17,Ph2: Det 17 ON / Det 46 OFF for 66.70s (threshold=5.0s)
2,extended_disagreement,1785702805.2,1785702870.2,65.0,2,46,2,Ph2: Det 2 ON / Det 46 OFF for 65.00s (threshold=5.0s)
2,extended_disagreement,1785703034.7,1785703045.0,10.299999952316284,2,17,17,Ph2: Det 17 ON / Det 2 OFF for 10.30s (threshold=5.0s)
2,extended_disagreement,1785703034.7,1785703045.0,10.299999952316284,2,46,46,Ph2: Det 46 ON / Det 2 OFF for 10.30s (threshold=5.0s)
2,isolated_pulse,1785703092.5,1785703092.7,0.20000004768371582,2,17,2,Ph2: Det 2 isolated pulse ON/OFF for 0.200s; Det 17 was completely OFF in ±5.0s window
2,isolated_pulse,1785703092.5,1785703092.7,0.20000004768371582,2,46,2,Ph2: Det 2 isolated pulse ON/OFF for 0.200s; Det 46 was completely OFF in ±5.0s window
2,isolated_pulse,1785703184.3,1785703184.4,0.10000014305114746,2,17,2,Ph2: Det 2 isolated pulse ON/OFF for 0.100s; Det 17 was completely OFF in ±5.0s window
2,isolated_pulse,1785703184.3,1785703184.4,0.10000014305114746,2,46,2,Ph2: Det 2 isolated pulse ON/OFF for 0.100s; Det 46 was completely OFF in ±5.0s window
2,isolated_pulse,1785703196.1,1785703196.2,0.10000014305114746,2,46,2,Ph2: Det 2 isolated pulse ON/OFF for 0.100s; Det 46 was completely OFF in ±5.0s window
2,isolated_pulse,1785703196.9,1785703197.9,1.0,17,46,17,Ph2: Det 17 isolated pulse ON/OFF for 1.000s; Det 46 was completely OFF in ±5.0s window
2,isolated_pulse,1785703198.0,1785703198.6,0.5999999046325684,2,46,2,Ph2: Det 2 isolated pulse ON/OFF for 0.600s; Det 46 was completely OFF in ±5.0s window
2,isolated_pulse,1785703385.5,1785703386.1,0.5999999046325684,2,17,2,Ph2: Det 2 isolated pulse ON/OFF for 0.600s; Det 17 was completely OFF in ±5.0s window
2,isolated_pulse,1785703385.5,1785703386.1,0.5999999046325684,2,46,2,Ph2: Det 2 isolated pulse ON/OFF for 0.600s; Det 46 was completely OFF in ±5.0s window
2,isolated_pulse,1785703961.7,1785703962.1,0.39999985694885254,2,17,2,Ph2: Det 2 isolated pulse ON/OFF for 0.400s; Det 17 was completely OFF in ±5.0s window
2,isolated_pulse,1785703961.7,1785703962.1,0.39999985694885254,2,46,2,Ph2: Det 2 isolated pulse ON/OFF for 0.400s; Det 46 was completely OFF in ±5.0s window
2,isolated_pulse,1785703963.1,1785703963.5,0.40000009536743164,2,17,2,Ph2: Det 2 isolated pulse ON/OFF for 0.400s; Det 17 was completely OFF in ±5.0s window
2,isolated_pulse,1785703963.1,1785703963.5,0.40000009536743164,2,46,2,Ph2: Det 2 isolated pulse ON/OFF for 0.400s; Det 46 was completely OFF in ±5.0s window
2,isolated_pulse,1785703970.5,1785703970.6,0.09999990463256836,2,17,2,Ph2: Det 2 isolated pulse ON/OFF for 0.100s; Det 17 was completely OFF in ±5.0s window
2,isolated_pulse,1785703970.5,1785703970.6,0.09999990463256836,2,46,2,Ph2: Det 2 isolated pulse ON/OFF for 0.100s; Det 46 was completely OFF in ±5.0s window
2,extended_disagreement,1785704267.7,1785704286.1,18.399999856948853,2,46,2,Ph2: Det 2 ON / Det 46 OFF for 18.40s (threshold=5.0s)
2,extended_disagreement,1785704267.7,1785704286.1,18.399999856948853,17,46,17,Ph2: Det 17 ON / Det 46 OFF for 18.40s (threshold=5.0s)
2,isolated_pulse,1785704523.5,1785704523.7,0.20000004768371582,2,17,2,Ph2: Det 2 isolated pulse ON/OFF for 0.200s; Det 17 was completely OFF in ±5.0s window
2,isolated_pulse,1785704523.5,1785704523.7,0.20000004768371582,2,46,2,Ph2: Det 2 isolated pulse ON/OFF for 0.200s; Det 46 was completely OFF in ±5.0s window
2,isolated_pulse,1785704811.8,1785704811.9,0.10000014305114746,2,17,2,Ph2: Det 2 isolated pulse ON/OFF for 0.100s; Det 17 was completely OFF in ±5.0s window
2,isolated_pulse,1785704811.8,1785704811.9,0.10000014305114746,2,46,2,Ph2: Det 2 isolated pulse ON/OFF for 0.100s; Det 46 was completely OFF in ±5.0s window
2,isolated_pulse,1785704895.2,1785704895.4,0.20000004768371582,2,17,2,Ph2: Det 2 isolated pulse ON/OFF for 0.200s; Det 17 was completely OFF in ±5.0s window
2,isolated_pulse,1785704895.2,1785704895.4,0.20000004768371582,2,46,2,Ph2: Det 2 isolated pulse ON/OFF for 0.200s; Det 46 was completely OFF in ±5.0s window
2,isolated_pulse,1785705636.9,1785705637.0,0.09999990463256836,2,17,2,Ph2: Det 2 isolated pulse ON/OFF for 0.100s; Det 17 was completely OFF in ±5.0s window
2,isolated_pulse,1785705636.9,1785705637.0,0.09999990463256836,2,46,2,Ph2: Det 2 isolated pulse ON/OFF for 0.100s; Det 46 was completely OFF in ±5.0s window
2,extended_disagreement,1785705854.3,1785705863.5,9.200000047683716,2,46,2,Ph2: Det 2 ON / Det 46 OFF for 9.20s (threshold=5.0s)
2,extended_disagreement,1785705854.3,1785705863.5,9.200000047683716,17,46,17,Ph2: Det 17 ON / Det 46 OFF for 9.20s (threshold=5.0s)
2,extended_disagreement,1785705873.8,1785705900.2,26.40000009536743,2,46,2,Ph2: Det 2 ON / Det 46 OFF for 26.40s (threshold=5.0s)
2,extended_disagreement,1785705873.8,1785705900.2,26.40000009536743,17,46,17,Ph2: Det 17 ON / Det 46 OFF for 26.40s (threshold=5.0s)
2,extended_disagreement,1785705933.1,1785705970.1,37.0,2,46,2,Ph2: Det 2 ON / Det 46 OFF for 37.00s (threshold=5.0s)
2,extended_disagreement,1785705933.1,1785705970.1,37.0,17,46,17,Ph2: Det 17 ON / Det 46 OFF for 37.00s (threshold=5.0s)
2,isolated_pulse,1785706816.6,1785706816.7,0.10000014305114746,2,17,2,Ph2: Det 2 isolated pulse ON/OFF for 0.100s; Det 17 was completely OFF in ±5.0s window
2,isolated_pulse,1785706816.6,1785706816.7,0.10000014305114746,2,46,2,Ph2: Det 2 isolated pulse ON/OFF for 0.100s; Det 46 was completely OFF in ±5.0s window
2,extended_disagreement,1785706957.7,1785707025.6,67.89999985694885,2,46,2,Ph2: Det 2 ON / Det 46 OFF for 67.90s (threshold=5.0s)
2,extended_disagreement,1785706957.7,1785706978.8,21.09999990463257,17,46,17,Ph2: Det 17 ON / Det 46 OFF for 21.10s (threshold=5.0s)
2,isolated_pulse,1785706979.2,1785706979.9,0.7000000476837158,17,46,17,Ph2: Det 17 isolated pulse ON/OFF for 0.700s; Det 46 was completely OFF in ±5.0s window
2,extended_disagreement,1785706980.1,1785707025.0,44.90000009536743,17,46,17,Ph2: Det 17 ON / Det 46 OFF for 44.90s (threshold=5.0s)
2,isolated_pulse,1785707788.1,1785707788.3,0.20000004768371582,2,17,2,Ph2: Det 2 isolated pulse ON/OFF for 0.200s; Det 17 was completely OFF in ±5.0s window
2,isolated_pulse,1785707788.1,1785707788.3,0.20000004768371582,2,46,2,Ph2: Det 2 isolated pulse ON/OFF for 0.200s; Det 46 was completely OFF in ±5.0s window
2,isolated_pulse,1785707797.4,1785707797.6,0.19999980926513672,2,17,2,Ph2: Det 2 isolated pulse ON/OFF for 0.200s; Det 17 was completely OFF in ±5.0s window
2,isolated_pulse,1785707797.4,1785707797.6,0.19999980926513672,2,46,2,Ph2: Det 2 isolated pulse ON/OFF for 0.200s; Det 46 was completely OFF in ±5.0s window
2,extended_disagreement,1785707990.6,1785708001.3,10.700000047683716,2,46,2,Ph2: Det 2 ON / Det 46 OFF for 10.70s (threshold=5.0s)
2,extended_disagreement,1785707990.6,1785708048.9,58.30000019073486,17,46,17,Ph2: Det 17 ON / Det 46 OFF for 58.30s (threshold=5.0s)
2,extended_disagreement,1785708001.6,1785708048.9,47.30000019073486,2,46,2,Ph2: Det 2 ON / Det 46 OFF for 47.30s (threshold=5.0s)
2,isolated_pulse,1785708188.2,1785708188.3,0.09999990463256836,2,17,2,Ph2: Det 2 isolated pulse ON/OFF for 0.100s; Det 17 was completely OFF in ±5.0s window
2,isolated_pulse,1785708188.2,1785708188.3,0.09999990463256836,2,46,2,Ph2: Det 2 isolated pulse ON/OFF for 0.100s; Det 46 was completely OFF in ±5.0s window
2,isolated_pulse,1785708191.0,1785708191.2,0.20000004768371582,2,17,2,Ph2: Det 2 isolated pulse ON/OFF for 0.200s; Det 17 was completely OFF in ±5.0s window
2,isolated_pulse,1785708191.0,1785708191.2,0.20000004768371582,2,46,2,Ph2: Det 2 isolated pulse ON/OFF for 0.200s; Det 46 was completely OFF in ±5.0s window
2,isolated_pulse,1785708523.8,1785708524.3,0.5,2,17,2,Ph2: Det 2 isolated pulse ON/OFF for 0.500s; Det 17 was completely OFF in ±5.0s window
2,isolated_pulse,1785708523.8,1785708524.3,0.5,2,46,2,Ph2: Det 2 isolated pulse ON/OFF for 0.500s; Det 46 was completely OFF in ±5.0s window
2,isolated_pulse,1785708530.1,1785708530.3,0.20000004768371582,2,17,2,Ph2: Det 2 isolated pulse ON/OFF for 0.200s; Det 17 was completely OFF in ±5.0s window
2,isolated_pulse,1785708530.1,1785708530.3,0.20000004768371582,2,46,2,Ph2: Det 2 isolated pulse ON/OFF for 0.200s; Det 46 was completely OFF in ±5.0s window
2,isolated_pulse,1785709110.4,1785709111.0,0.5999999046325684,2,17,2,Ph2: Det 2 isolated pulse ON/OFF for 0.600s; Det 17 was completely OFF in ±5.0s window
2,isolated_pulse,1785709110.4,1785709111.0,0.5999999046325684,2,46,2,Ph2: Det 2 isolated pulse ON/OFF for 0.600s; Det 46 was completely OFF in ±5.0s window
2,extended_disagreement,1785710077.8,1785710108.9,31.100000143051147,2,46,2,Ph2: Det 2 ON / Det 46 OFF for 31.10s (threshold=5.0s)
2,extended_disagreement,1785710077.8,1785710131.8,54.0,17,46,17,Ph2: Det 17 ON / Det 46 OFF for 54.00s (threshold=5.0s)
2,extended_disagreement,1785710110.3,1785710131.5,21.200000047683716,2,46,2,Ph2: Det 2 ON / Det 46 OFF for 21.20s (threshold=5.0s)
2,extended_disagreement,1785710725.3,1785710731.0,5.700000047683716,2,17,17,Ph2: Det 17 ON / Det 2 OFF for 5.70s (threshold=5.0s)
2,isolated_pulse,1785711976.5,1785711978.0,1.5,17,46,17,Ph2: Det 17 isolated pulse ON/OFF for 1.500s; Det 46 was completely OFF in ±5.0s window
2,isolated_pulse,1785711977.1,1785711978.1,1.0,2,46,2,Ph2: Det 2 isolated pulse ON/OFF for 1.000s; Det 46 was completely OFF in ±5.0s window
2,isolated_pulse,1785712240.3,1785712240.8,0.5,2,17,2,Ph2: Det 2 isolated pulse ON/OFF for 0.500s; Det 17 was completely OFF in ±5.0s window
2,isolated_pulse,1785712240.3,1785712240.8,0.5,2,46,2,Ph2: Det 2 isolated pulse ON/OFF for 0.500s; Det 46 was completely OFF in ±5.0s window
2,extended_disagreement,1785712984.9,1785713022.1,37.19999980926514,2,46,46,Ph2: Det 46 ON / Det 2 OFF for 37.20s (threshold=5.0s)
2,extended_disagreement,1785712984.9,1785713022.1,37.19999980926514,17,46,46,Ph2: Det 46 ON / Det 17 OFF for 37.20s (threshold=5.0s)
2,isolated_pulse,1785713402.5,1785713402.7,0.20000004768371582,2,17,2,Ph2: Det 2 isolated pulse ON/OFF for 0.200s; Det 17 was completely OFF in ±5.0s window
2,isolated_pulse,1785713402.5,1785713402.7,0.20000004768371582,2,46,2,Ph2: Det 2 isolated pulse ON/OFF for 0.200s; Det 46 was completely OFF in ±5.0s window
2,isolated_pulse,1785713451.4,1785713451.6,0.19999980926513672,2,17,2,Ph2: Det 2 isolated pulse ON/OFF for 0.200s; Det 17 was completely OFF in ±5.0s window
2,isolated_pulse,1785713451.4,1785713451.6,0.19999980926513672,2,46,2,Ph2: Det 2 isolated pulse ON/OFF for 0.200s; Det 46 was completely OFF in ±5.0s window
2,isolated_pulse,1785713790.8,1785713791.0,0.20000004768371582,2,17,2,Ph2: Det 2 isolated pulse ON/OFF for 0.200s; Det 17 was completely OFF in ±5.0s window
2,isolated_pulse,1785713790.8,1785713791.0,0.20000004768371582,2,46,2,Ph2: Det 2 isolated pulse ON/OFF for 0.200s; Det 46 was completely OFF in ±5.0s window
2,isolated_pulse,1785713988.9,1785713989.2,0.2999999523162842,17,46,17,Ph2: Det 17 isolated pulse ON/OFF for 0.300s; Det 46 was completely OFF in ±5.0s window
2,isolated_pulse,1785713989.4,1785713989.8,0.39999985694885254,2,46,2,Ph2: Det 2 isolated pulse ON/OFF for 0.400s; Det 46 was completely OFF in ±5.0s window
2,extended_disagreement,1785714033.1,1785714046.1,13.0,2,46,2,Ph2: Det 2 ON / Det 46 OFF for 13.00s (threshold=5.0s)
2,extended_disagreement,1785714033.1,1785714046.1,13.0,17,46,17,Ph2: Det 17 ON / Det 46 OFF for 13.00s (threshold=5.0s)
2,isolated_pulse,1785714291.3,1785714291.6,0.2999999523162842,2,17,2,Ph2: Det 2 isolated pulse ON/OFF for 0.300s; Det 17 was completely OFF in ±5.0s window
2,isolated_pulse,1785714291.3,1785714291.6,0.2999999523162842,2,46,2,Ph2: Det 2 isolated pulse ON/OFF for 0.300s; Det 46 was completely OFF in ±5.0s window
2,isolated_pulse,1785715126.9,1785715128.2,1.2999999523162842,2,17,2,Ph2: Det 2 isolated pulse ON/OFF for 1.300s; Det 17 was completely OFF in ±5.0s window
2,isolated_pulse,1785715126.9,1785715128.2,1.2999999523162842,2,46,2,Ph2: Det 2 isolated pulse ON/OFF for 1.300s; Det 46 was completely OFF in ±5.0s window
2,isolated_pulse,1785715128.4,1785715128.7,0.2999999523162842,2,17,2,Ph2: Det 2 isolated pulse ON/OFF for 0.300s; Det 17 was completely OFF in ±5.0s window
2,isolated_pulse,1785715128.4,1785715128.7,0.2999999523162842,2,46,2,Ph2: Det 2 isolated pulse ON/OFF for 0.300s; Det 46 was completely OFF in ±5.0s window
2,isolated_pulse,1785715129.0,1785715129.3,0.2999999523162842,2,17,2,Ph2: Det 2 isolated pulse ON/OFF for 0.300s; Det 17 was completely OFF in ±5.0s window
2,isolated_pulse,1785715129.0,1785715129.3,0.2999999523162842,2,46,2,Ph2: Det 2 isolated pulse ON/OFF for 0.300s; Det 46 was completely OFF in ±5.0s window
2,extended_disagreement,1785715348.0,1785715368.9,20.90000009536743,2,46,2,Ph2: Det 2 ON / Det 46 OFF for 20.90s (threshold=5.0s)
2,extended_disagreement,1785715348.0,1785715368.9,20.90000009536743,17,46,17,Ph2: Det 17 ON / Det 46 OFF for 20.90s (threshold=5.0s)
2,extended_disagreement,1785715375.4,1785715380.8,5.3999998569488525,2,46,2,Ph2: Det 2 ON / Det 46 OFF for 5.40s (threshold=5.0s)
2,extended_disagreement,1785715375.4,1785715380.8,5.3999998569488525,17,46,17,Ph2: Det 17 ON / Det 46 OFF for 5.40s (threshold=5.0s)
2,extended_disagreement,1785715387.8,1785715439.0,51.200000047683716,2,46,2,Ph2: Det 2 ON / Det 46 OFF for 51.20s (threshold=5.0s)
2,extended_disagreement,1785715387.8,1785715439.2,51.40000009536743,17,46,17,Ph2: Det 17 ON / Det 46 OFF for 51.40s (threshold=5.0s)
2,isolated_pulse,1785715652.9,1785715653.3,0.39999985694885254,2,17,2,Ph2: Det 2 isolated pulse ON/OFF for 0.400s; Det 17 was completely OFF in ±5.0s window
2,isolated_pulse,1785715652.9,1785715653.3,0.39999985694885254,2,46,2,Ph2: Det 2 isolated pulse ON/OFF for 0.400s; Det 46 was completely OFF in ±5.0s window
2,isolated_pulse,1785715654.5,1785715655.0,0.5,2,17,2,Ph2: Det 2 isolated pulse ON/OFF for 0.500s; Det 17 was completely OFF in ±5.0s window
2,isolated_pulse,1785715654.5,1785715655.0,0.5,2,46,2,Ph2: Det 2 isolated pulse ON/OFF for 0.500s; Det 46 was completely OFF in ±5.0s window
2,isolated_pulse,1785715656.1,1785715656.2,0.10000014305114746,2,17,2,Ph2: Det 2 isolated pulse ON/OFF for 0.100s; Det 17 was completely OFF in ±5.0s window
2,isolated_pulse,1785715656.1,1785715656.2,0.10000014305114746,2,46,2,Ph2: Det 2 isolated pulse ON/OFF for 0.100s; Det 46 was completely OFF in ±5.0s window
2,isolated_pulse,1785715827.5,1785715827.7,0.20000004768371582,2,46,2,Ph2: Det 2 isolated pulse ON/OFF for 0.200s; Det 46 was completely OFF in ±5.0s window
2,isolated_pulse,1785715831.1,1785715831.7,0.6000001430511475,17,46,17,Ph2: Det 17 isolated pulse ON/OFF for 0.600s; Det 46 was completely OFF in ±5.0s window
2,isolated_pulse,1785715831.7,1785715832.3,0.5999999046325684,2,46,2,Ph2: Det 2 isolated pulse ON/OFF for 0.600s; Det 46 was completely OFF in ±5.0s window
2,isolated_pulse,1785715834.8,1785715835.0,0.20000004768371582,2,46,2,Ph2: Det 2 isolated pulse ON/OFF for 0.200s; Det 46 was completely OFF in ±5.0s window
2,isolated_pulse,1785715978.5,1785715978.6,0.09999990463256836,2,17,2,Ph2: Det 2 isolated pulse ON/OFF for 0.100s; Det 17 was completely OFF in ±5.0s window
2,isolated_pulse,1785715978.5,1785715978.6,0.09999990463256836,2,46,2,Ph2: Det 2 isolated pulse ON/OFF for 0.100s; Det 46 was completely OFF in ±5.0s window
2,isolated_pulse,1785716152.5,1785716152.7,0.20000004768371582,2,17,2,Ph2: Det 2 isolated pulse ON/OFF for 0.200s; Det 17 was completely OFF in ±5.0s window
2,isolated_pulse,1785716152.5,1785716152.7,0.20000004768371582,2,46,2,Ph2: Det 2 isolated pulse ON/OFF for 0.200s; Det 46 was completely OFF in ±5.0s window
2,extended_disagreement,1785716225.4,1785716248.5,23.09999990463257,2,46,46,Ph2: Det 46 ON / Det 2 OFF for 23.10s (threshold=5.0s)
2,extended_disagreement,1785716225.4,1785716248.0,22.59999990463257,17,46,46,Ph2: Det 46 ON / Det 17 OFF for 22.60s (threshold=5.0s)
2,extended_disagreement,1785716255.7,1785716262.9,7.200000047683716,2,46,46,Ph2: Det 46 ON / Det 2 OFF for 7.20s (threshold=5.0s)
2,extended_disagreement,1785716255.9,1785716262.9,7.0,17,46,46,Ph2: Det 46 ON / Det 17 OFF for 7.00s (threshold=5.0s)
2,isolated_pulse,1785716608.3,1785716609.1,0.7999999523162842,17,46,17,Ph2: Det 17 isolated pulse ON/OFF for 0.800s; Det 46 was completely OFF in ±5.0s window
2,isolated_pulse,1785716610.6,1785716610.9,0.3000001907348633,17,46,17,Ph2: Det 17 isolated pulse ON/OFF for 0.300s; Det 46 was completely OFF in ±5.0s window
2,isolated_pulse,1785716611.3,1785716611.6,0.2999999523162842,2,46,2,Ph2: Det 2 isolated pulse ON/OFF for 0.300s; Det 46 was completely OFF in ±5.0s window
2,isolated_pulse,1785716627.9,1785716628.5,0.5999999046325684,2,17,2,Ph2: Det 2 isolated pulse ON/OFF for 0.600s; Det 17 was completely OFF in ±5.0s window
2,isolated_pulse,1785716627.9,1785716628.5,0.5999999046325684,2,46,2,Ph2: Det 2 isolated pulse ON/OFF for 0.600s; Det 46 was completely OFF in ±5.0s window
2,isolated_pulse,1785716965.5,1785716965.7,0.20000004768371582,2,17,2,Ph2: Det 2 isolated pulse ON/OFF for 0.200s; Det 17 was completely OFF in ±5.0s window
2,isolated_pulse,1785716965.5,1785716965.7,0.20000004768371582,2,46,2,Ph2: Det 2 isolated pulse ON/OFF for 0.200s; Det 46 was completely OFF in ±5.0s window
2,isolated_pulse,1785717432.4,1785717432.6,0.19999980926513672,2,17,2,Ph2: Det 2 isolated pulse ON/OFF for 0.200s; Det 17 was completely OFF in ±5.0s window
2,isolated_pulse,1785717432.4,1785717432.6,0.19999980926513672,2,46,2,Ph2: Det 2 isolated pulse ON/OFF for 0.200s; Det 46 was completely OFF in ±5.0s window
2,isolated_pulse,1785717444.2,1785717444.4,0.20000004768371582,2,17,2,Ph2: Det 2 isolated pulse ON/OFF for 0.200s; Det 17 was completely OFF in ±5.0s window
2,isolated_pulse,1785717444.2,1785717444.4,0.20000004768371582,2,46,2,Ph2: Det 2 isolated pulse ON/OFF for 0.200s; Det 46 was completely OFF in ±5.0s window
2,isolated_pulse,1785718381.2,1785718381.5,0.2999999523162842,17,46,17,Ph2: Det 17 isolated pulse ON/OFF for 0.300s; Det 46 was completely OFF in ±5.0s window
2,isolated_pulse,1785718381.6,1785718381.9,0.3000001907348633,2,46,2,Ph2: Det 2 isolated pulse ON/OFF for 0.300s; Det 46 was completely OFF in ±5.0s window
2,isolated_pulse,1785718385.9,1785718386.7,0.7999999523162842,17,46,17,Ph2: Det 17 isolated pulse ON/OFF for 0.800s; Det 46 was completely OFF in ±5.0s window
2,isolated_pulse,1785718387.0,1785718387.3,0.2999999523162842,2,46,2,Ph2: Det 2 isolated pulse ON/OFF for 0.300s; Det 46 was completely OFF in ±5.0s window
2,isolated_pulse,1785718387.3,1785718388.1,0.7999999523162842,17,46,17,Ph2: Det 17 isolated pulse ON/OFF for 0.800s; Det 46 was completely OFF in ±5.0s window
2,isolated_pulse,1785718387.8,1785718388.1,0.2999999523162842,2,46,2,Ph2: Det 2 isolated pulse ON/OFF for 0.300s; Det 46 was completely OFF in ±5.0s window
2,isolated_pulse,1785718390.3,1785718390.9,0.6000001430511475,2,46,2,Ph2: Det 2 isolated pulse ON/OFF for 0.600s; Det 46 was completely OFF in ±5.0s window
2,isolated_pulse,1785718392.2,1785718392.5,0.2999999523162842,2,46,2,Ph2: Det 2 isolated pulse ON/OFF for 0.300s; Det 46 was completely OFF in ±5.0s window
2,extended_disagreement,1785718627.7,1785718681.8,54.09999990463257,2,46,2,Ph2: Det 2 ON / Det 46 OFF for 54.10s (threshold=5.0s)
2,extended_disagreement,1785718627.7,1785718681.8,54.09999990463257,17,46,17,Ph2: Det 17 ON / Det 46 OFF for 54.10s (threshold=5.0s)
2,extended_disagreement,1785718714.7,1785718767.5,52.799999952316284,2,46,2,Ph2: Det 2 ON / Det 46 OFF for 52.80s (threshold=5.0s)
2,extended_disagreement,1785718714.7,1785718767.5,52.799999952316284,17,46,17,Ph2: Det 17 ON / Det 46 OFF for 52.80s (threshold=5.0s)
2,extended_disagreement,1785718775.4,1785718793.3,17.899999856948853,2,46,2,Ph2: Det 2 ON / Det 46 OFF for 17.90s (threshold=5.0s)
2,extended_disagreement,1785718775.4,1785718793.3,17.899999856948853,17,46,17,Ph2: Det 17 ON / Det 46 OFF for 17.90s (threshold=5.0s)
2,extended_disagreement,1785719980.8,1785719998.2,17.40000009536743,2,46,46,Ph2: Det 46 ON / Det 2 OFF for 17.40s (threshold=5.0s)
2,extended_disagreement,1785719980.9,1785719990.4,9.5,2,17,17,Ph2: Det 17 ON / Det 2 OFF for 9.50s (threshold=5.0s)
2,extended_disagreement,1785719993.3,1785719999.6,6.299999952316284,2,17,17,Ph2: Det 17 ON / Det 2 OFF for 6.30s (threshold=5.0s)
2,isolated_pulse,1785719999.6,1785720001.2,1.6000001430511475,2,46,46,Ph2: Det 46 isolated pulse ON/OFF for 1.600s; Det 2 was completely OFF in ±5.0s window
2,isolated_pulse,1785720000.0,1785720002.5,2.5,2,17,17,Ph2: Det 17 isolated pulse ON/OFF for 2.500s; Det 2 was completely OFF in ±5.0s window
2,extended_disagreement,1785720017.0,1785720031.3,14.299999952316284,2,46,46,Ph2: Det 46 ON / Det 2 OFF for 14.30s (threshold=5.0s)
2,extended_disagreement,1785720017.6,1785720031.3,13.700000047683716,2,17,17,Ph2: Det 17 ON / Det 2 OFF for 13.70s (threshold=5.0s)
2,extended_disagreement,1785720038.0,1785720083.1,45.09999990463257,2,46,2,Ph2: Det 2 ON / Det 46 OFF for 45.10s (threshold=5.0s)
2,extended_disagreement,1785720039.7,1785720083.6,43.89999985694885,2,17,2,Ph2: Det 2 ON / Det 17 OFF for 43.90s (threshold=5.0s)
2,extended_disagreement,1785720083.8,1785720106.3,22.5,2,46,2,Ph2: Det 2 ON / Det 46 OFF for 22.50s (threshold=5.0s)
2,extended_disagreement,1785720085.2,1785720106.3,21.09999990463257,2,17,2,Ph2: Det 2 ON / Det 17 OFF for 21.10s (threshold=5.0s)
2,extended_disagreement,1785720106.6,1785720119.6,13.0,2,17,2,Ph2: Det 2 ON / Det 17 OFF for 13.00s (threshold=5.0s)
2,extended_disagreement,1785720106.6,1785720119.6,13.0,2,46,2,Ph2: Det 2 ON / Det 46 OFF for 13.00s (threshold=5.0s)
2,isolated_pulse,1785720276.0,1785720276.8,0.7999999523162842,2,17,2,Ph2: Det 2 isolated pulse ON/OFF for 0.800s; Det 17 was completely OFF in ±5.0s window
2,isolated_pulse,1785720276.0,1785720276.8,0.7999999523162842,2,46,2,Ph2: Det 2 isolated pulse ON/OFF for 0.800s; Det 46 was completely OFF in ±5.0s window
2,isolated_pulse,1785720278.3,1785720278.6,0.2999999523162842,2,17,2,Ph2: Det 2 isolated pulse ON/OFF for 0.300s; Det 17 was completely OFF in ±5.0s window
2,isolated_pulse,1785720278.3,1785720278.6,0.2999999523162842,2,46,2,Ph2: Det 2 isolated pulse ON/OFF for 0.300s; Det 46 was completely OFF in ±5.0s window
2,isolated_pulse,1785720316.9,1785720317.2,0.2999999523162842,2,17,2,Ph2: Det 2 isolated pulse ON/OFF for 0.300s; Det 17 was completely OFF in ±5.0s window
2,isolated_pulse,1785720316.9,1785720317.2,0.2999999523162842,2,46,2,Ph2: Det 2 isolated pulse ON/OFF for 0.300s; Det 46 was completely OFF in ±5.0s window
2,isolated_pulse,1785720542.6,1785720543.1,0.5,2,17,2,Ph2: Det 2 isolated pulse ON/OFF for 0.500s; Det 17 was completely OFF in ±5.0s window
2,isolated_pulse,1785720542.6,1785720543.1,0.5,2,46,2,Ph2: Det 2 isolated pulse ON/OFF for 0.500s; Det 46 was completely OFF in ±5.0s window
2,isolated_pulse,1785720843.9,1785720844.1,0.19999980926513672,2,17,2,Ph2: Det 2 isolated pulse ON/OFF for 0.200s; Det 17 was completely OFF in ±5.0s window
2,isolated_pulse,1785720843.9,1785720844.1,0.19999980926513672,2,46,2,Ph2: Det 2 isolated pulse ON/OFF for 0.200s; Det 46 was completely OFF in ±5.0s window
2,isolated_pulse,1785721143.8,1785721144.7,0.9000000953674316,2,46,46,Ph2: Det 46 isolated pulse ON/OFF for 0.900s; Det 2 was completely OFF in ±5.0s window
2,isolated_pulse,1785721144.7,1785721145.5,0.7999999523162842,2,17,17,Ph2: Det 17 isolated pulse ON/OFF for 0.800s; Det 2 was completely OFF in ±5.0s window
2,isolated_pulse,1785721178.6,1785721179.0,0.40000009536743164,2,17,2,Ph2: Det 2 isolated pulse ON/OFF for 0.400s; Det 17 was completely OFF in ±5.0s window
2,isolated_pulse,1785721178.6,1785721179.0,0.40000009536743164,2,46,2,Ph2: Det 2 isolated pulse ON/OFF for 0.400s; Det 46 was completely OFF in ±5.0s window
2,isolated_pulse,1785721425.4,1785721425.7,0.2999999523162842,2,17,2,Ph2: Det 2 isolated pulse ON/OFF for 0.300s; Det 17 was completely OFF in ±5.0s window
2,isolated_pulse,1785721425.4,1785721425.7,0.2999999523162842,2,46,2,Ph2: Det 2 isolated pulse ON/OFF for 0.300s; Det 46 was completely OFF in ±5.0s window
2,isolated_pulse,1785721427.9,1785721428.2,0.2999999523162842,2,17,2,Ph2: Det 2 isolated pulse ON/OFF for 0.300s; Det 17 was completely OFF in ±5.0s window
2,isolated_pulse,1785721427.9,1785721428.2,0.2999999523162842,2,46,2,Ph2: Det 2 isolated pulse ON/OFF for 0.300s; Det 46 was completely OFF in ±5.0s window
2,isolated_pulse,1785721430.1,1785721430.3,0.20000004768371582,2,17,2,Ph2: Det 2 isolated pulse ON/OFF for 0.200s; Det 17 was completely OFF in ±5.0s window
2,isolated_pulse,1785721430.1,1785721430.3,0.20000004768371582,2,46,2,Ph2: Det 2 isolated pulse ON/OFF for 0.200s; Det 46 was completely OFF in ±5.0s window
2,isolated_pulse,1785721743.8,1785721744.0,0.20000004768371582,2,17,2,Ph2: Det 2 isolated pulse ON/OFF for 0.200s; Det 17 was completely OFF in ±5.0s window
2,isolated_pulse,1785721743.8,1785721744.0,0.20000004768371582,2,46,2,Ph2: Det 2 isolated pulse ON/OFF for 0.200s; Det 46 was completely OFF in ±5.0s window
2,isolated_pulse,1785721859.6,1785721860.0,0.40000009536743164,2,17,2,Ph2: Det 2 isolated pulse ON/OFF for 0.400s; Det 17 was completely OFF in ±5.0s window
2,isolated_pulse,1785721859.6,1785721860.0,0.40000009536743164,2,46,2,Ph2: Det 2 isolated pulse ON/OFF for 0.400s; Det 46 was completely OFF in ±5.0s window
2,isolated_pulse,1785721986.7,1785721987.1,0.39999985694885254,2,17,2,Ph2: Det 2 isolated pulse ON/OFF for 0.400s; Det 17 was completely OFF in ±5.0s window
2,isolated_pulse,1785721986.7,1785721987.1,0.39999985694885254,2,46,2,Ph2: Det 2 isolated pulse ON/OFF for 0.400s; Det 46 was completely OFF in ±5.0s window
2,isolated_pulse,1785722142.4,1785722142.6,0.19999980926513672,2,17,2,Ph2: Det 2 isolated pulse ON/OFF for 0.200s; Det 17 was completely OFF in ±5.0s window
2,isolated_pulse,1785722142.4,1785722142.6,0.19999980926513672,2,46,2,Ph2: Det 2 isolated pulse ON/OFF for 0.200s; Det 46 was completely OFF in ±5.0s window
2,isolated_pulse,1785722144.3,1785722144.5,0.20000004768371582,2,17,2,Ph2: Det 2 isolated pulse ON/OFF for 0.200s; Det 17 was completely OFF in ±5.0s window
2,isolated_pulse,1785722144.3,1785722144.5,0.20000004768371582,2,46,2,Ph2: Det 2 isolated pulse ON/OFF for 0.200s; Det 46 was completely OFF in ±5.0s window
2,isolated_pulse,1785722147.4,1785722148.0,0.5999999046325684,2,17,2,Ph2: Det 2 isolated pulse ON/OFF for 0.600s; Det 17 was completely OFF in ±5.0s window
2,isolated_pulse,1785722147.4,1785722148.0,0.5999999046325684,2,46,2,Ph2: Det 2 isolated pulse ON/OFF for 0.600s; Det 46 was completely OFF in ±5.0s window
2,isolated_pulse,1785722209.4,1785722209.6,0.19999980926513672,2,17,2,Ph2: Det 2 isolated pulse ON/OFF for 0.200s; Det 17 was completely OFF in ±5.0s window
2,isolated_pulse,1785722209.4,1785722209.6,0.19999980926513672,2,46,2,Ph2: Det 2 isolated pulse ON/OFF for 0.200s; Det 46 was completely OFF in ±5.0s window
2,isolated_pulse,1785722297.2,1785722297.7,0.5,2,46,2,Ph2: Det 2 isolated pulse ON/OFF for 0.500s; Det 46 was completely OFF in ±5.0s window
2,isolated_pulse,1785722300.5,1785722300.9,0.40000009536743164,17,46,17,Ph2: Det 17 isolated pulse ON/OFF for 0.400s; Det 46 was completely OFF in ±5.0s window
2,isolated_pulse,1785722301.4,1785722301.7,0.2999999523162842,2,46,2,Ph2: Det 2 isolated pulse ON/OFF for 0.300s; Det 46 was completely OFF in ±5.0s window
2,isolated_pulse,1785722571.1,1785722571.5,0.40000009536743164,2,17,2,Ph2: Det 2 isolated pulse ON/OFF for 0.400s; Det 17 was completely OFF in ±5.0s window
2,isolated_pulse,1785722571.1,1785722571.5,0.40000009536743164,2,46,2,Ph2: Det 2 isolated pulse ON/OFF for 0.400s; Det 46 was completely OFF in ±5.0s window
2,isolated_pulse,1785722582.7,1785722582.9,0.20000004768371582,2,17,2,Ph2: Det 2 isolated pulse ON/OFF for 0.200s; Det 17 was completely OFF in ±5.0s window
2,isolated_pulse,1785722582.7,1785722582.9,0.20000004768371582,2,46,2,Ph2: Det 2 isolated pulse ON/OFF for 0.200s; Det 46 was completely OFF in ±5.0s window
2,isolated_pulse,1785722745.4,1785722745.5,0.09999990463256836,2,17,2,Ph2: Det 2 isolated pulse ON/OFF for 0.100s; Det 17 was completely OFF in ±5.0s window
2,isolated_pulse,1785722745.4,1785722745.5,0.09999990463256836,2,46,2,Ph2: Det 2 isolated pulse ON/OFF for 0.100s; Det 46 was completely OFF in ±5.0s window
2,isolated_pulse,1785722882.2,1785722882.5,0.2999999523162842,2,17,2,Ph2: Det 2 isolated pulse ON/OFF for 0.300s; Det 17 was completely OFF in ±5.0s window
2,isolated_pulse,1785722882.2,1785722882.5,0.2999999523162842,2,46,2,Ph2: Det 2 isolated pulse ON/OFF for 0.300s; Det 46 was completely OFF in ±5.0s window
2,isolated_pulse,1785722884.9,1785722885.1,0.19999980926513672,2,46,2,Ph2: Det 2 isolated pulse ON/OFF for 0.200s; Det 46 was completely OFF in ±5.0s window
2,isolated_pulse,1785722889.9,1785722890.3,0.39999985694885254,17,46,17,Ph2: Det 17 isolated pulse ON/OFF for 0.400s; Det 46 was completely OFF in ±5.0s window
2,isolated_pulse,1785722890.0,1785722890.6,0.5999999046325684,2,46,2,Ph2: Det 2 isolated pulse ON/OFF for 0.600s; Det 46 was completely OFF in ±5.0s window
2,isolated_pulse,1785722947.7,1785722948.2,0.5,2,17,2,Ph2: Det 2 isolated pulse ON/OFF for 0.500s; Det 17 was completely OFF in ±5.0s window
2,isolated_pulse,1785722947.7,1785722948.2,0.5,2,46,2,Ph2: Det 2 isolated pulse ON/OFF for 0.500s; Det 46 was completely OFF in ±5.0s window
2,isolated_pulse,1785722952.6,1785722953.0,0.40000009536743164,2,17,2,Ph2: Det 2 isolated pulse ON/OFF for 0.400s; Det 17 was completely OFF in ±5.0s window
2,isolated_pulse,1785722952.6,1785722953.0,0.40000009536743164,2,46,2,Ph2: Det 2 isolated pulse ON/OFF for 0.400s; Det 46 was completely OFF in ±5.0s window
2,isolated_pulse,1785723330.7,1785723331.1,0.39999985694885254,2,17,2,Ph2: Det 2 isolated pulse ON/OFF for 0.400s; Det 17 was completely OFF in ±5.0s window
2,isolated_pulse,1785723330.7,1785723331.1,0.39999985694885254,2,46,2,Ph2: Det 2 isolated pulse ON/OFF for 0.400s; Det 46 was completely OFF in ±5.0s window
2,isolated_pulse,1785723434.1,1785723434.5,0.40000009536743164,2,17,17,Ph2: Det 17 isolated pulse ON/OFF for 0.400s; Det 2 was completely OFF in ±5.0s window
2,isolated_pulse,1785723434.1,1785723434.5,0.40000009536743164,17,46,17,Ph2: Det 17 isolated pulse ON/OFF for 0.400s; Det 46 was completely OFF in ±5.0s window
2,isolated_pulse,1785723519.7,1785723519.9,0.20000004768371582,2,17,2,Ph2: Det 2 isolated pulse ON/OFF for 0.200s; Det 17 was completely OFF in ±5.0s window
2,isolated_pulse,1785723519.7,1785723519.9,0.20000004768371582,2,46,2,Ph2: Det 2 isolated pulse ON/OFF for 0.200s; Det 46 was completely OFF in ±5.0s window
2,isolated_pulse,1785723700.9,1785723701.1,0.19999980926513672,2,17,2,Ph2: Det 2 isolated pulse ON/OFF for 0.200s; Det 17 was completely OFF in ±5.0s window
2,isolated_pulse,1785723700.9,1785723701.1,0.19999980926513672,2,46,2,Ph2: Det 2 isolated pulse ON/OFF for 0.200s; Det 46 was completely OFF in ±5.0s window
2,isolated_pulse,1785723865.0,1785723865.4,0.40000009536743164,2,17,2,Ph2: Det 2 isolated pulse ON/OFF for 0.400s; Det 17 was completely OFF in ±5.0s window
2,isolated_pulse,1785723865.0,1785723865.4,0.40000009536743164,2,46,2,Ph2: Det 2 isolated pulse ON/OFF for 0.400s; Det 46 was completely OFF in ±5.0s window
2,isolated_pulse,1785724001.8,1785724002.2,0.40000009536743164,2,17,2,Ph2: Det 2 isolated pulse ON/OFF for 0.400s; Det 17 was completely OFF in ±5.0s window
2,isolated_pulse,1785724001.8,1785724002.2,0.40000009536743164,2,46,2,Ph2: Det 2 isolated pulse ON/OFF for 0.400s; Det 46 was completely OFF in ±5.0s window
2,isolated_pulse,1785724315.8,1785724316.4,0.6000001430511475,2,17,17,Ph2: Det 17 isolated pulse ON/OFF for 0.600s; Det 2 was completely OFF in ±5.0s window
2,isolated_pulse,1785724315.8,1785724316.4,0.6000001430511475,17,46,17,Ph2: Det 17 isolated pulse ON/OFF for 0.600s; Det 46 was completely OFF in ±5.0s window
2,isolated_pulse,1785724324.7,1785724325.1,0.39999985694885254,2,17,2,Ph2: Det 2 isolated pulse ON/OFF for 0.400s; Det 17 was completely OFF in ±5.0s window
2,isolated_pulse,1785724324.7,1785724325.1,0.39999985694885254,2,46,2,Ph2: Det 2 isolated pulse ON/OFF for 0.400s; Det 46 was completely OFF in ±5.0s window
2,isolated_pulse,1785724403.3,1785724403.7,0.40000009536743164,2,17,2,Ph2: Det 2 isolated pulse ON/OFF for 0.400s; Det 17 was completely OFF in ±5.0s window
2,isolated_pulse,1785724403.3,1785724403.7,0.40000009536743164,2,46,2,Ph2: Det 2 isolated pulse ON/OFF for 0.400s; Det 46 was completely OFF in ±5.0s window
2,isolated_pulse,1785724479.9,1785724480.0,0.09999990463256836,2,17,2,Ph2: Det 2 isolated pulse ON/OFF for 0.100s; Det 17 was completely OFF in ±5.0s window
2,isolated_pulse,1785724479.9,1785724480.0,0.09999990463256836,2,46,2,Ph2: Det 2 isolated pulse ON/OFF for 0.100s; Det 46 was completely OFF in ±5.0s window
2,isolated_pulse,1785724571.4,1785724571.9,0.5,2,17,2,Ph2: Det 2 isolated pulse ON/OFF for 0.500s; Det 17 was completely OFF in ±5.0s window
2,isolated_pulse,1785724571.4,1785724571.9,0.5,2,46,2,Ph2: Det 2 isolated pulse ON/OFF for 0.500s; Det 46 was completely OFF in ±5.0s window
2,isolated_pulse,1785725060.8,1785725061.0,0.20000004768371582,2,17,2,Ph2: Det 2 isolated pulse ON/OFF for 0.200s; Det 17 was completely OFF in ±5.0s window
2,isolated_pulse,1785725060.8,1785725061.0,0.20000004768371582,2,46,2,Ph2: Det 2 isolated pulse ON/OFF for 0.200s; Det 46 was completely OFF in ±5.0s window
2,isolated_pulse,1785725223.0,1785725223.2,0.20000004768371582,2,17,2,Ph2: Det 2 isolated pulse ON/OFF for 0.200s; Det 17 was completely OFF in ±5.0s window
2,isolated_pulse,1785725223.0,1785725223.2,0.20000004768371582,2,46,2,Ph2: Det 2 isolated pulse ON/OFF for 0.200s; Det 46 was completely OFF in ±5.0s window
2,isolated_pulse,1785725332.2,1785725332.4,0.20000004768371582,2,17,2,Ph2: Det 2 isolated pulse ON/OFF for 0.200s; Det 17 was completely OFF in ±5.0s window
2,isolated_pulse,1785725332.2,1785725332.4,0.20000004768371582,2,46,2,Ph2: Det 2 isolated pulse ON/OFF for 0.200s; Det 46 was completely OFF in ±5.0s window
2,isolated_pulse,1785725417.1,1785725417.6,0.5,2,17,2,Ph2: Det 2 isolated pulse ON/OFF for 0.500s; Det 17 was completely OFF in ±5.0s window
2,isolated_pulse,1785725417.1,1785725417.6,0.5,2,46,2,Ph2: Det 2 isolated pulse ON/OFF for 0.500s; Det 46 was completely OFF in ±5.0s window
2,isolated_pulse,1785725466.1,1785725466.4,0.3000001907348633,17,46,17,Ph2: Det 17 isolated pulse ON/OFF for 0.300s; Det 46 was completely OFF in ±5.0s window
2,isolated_pulse,1785725466.3,1785725466.7,0.40000009536743164,2,46,2,Ph2: Det 2 isolated pulse ON/OFF for 0.400s; Det 46 was completely OFF in ±5.0s window
2,isolated_pulse,1785726695.8,1785726696.2,0.40000009536743164,17,46,17,Ph2: Det 17 isolated pulse ON/OFF for 0.400s; Det 46 was completely OFF in ±5.0s window
2,isolated_pulse,1785726696.3,1785726696.6,0.2999999523162842,2,46,2,Ph2: Det 2 isolated pulse ON/OFF for 0.300s; Det 46 was completely OFF in ±5.0s window
2,isolated_pulse,1785726866.2,1785726866.5,0.2999999523162842,2,17,2,Ph2: Det 2 isolated pulse ON/OFF for 0.300s; Det 17 was completely OFF in ±5.0s window
2,isolated_pulse,1785726866.2,1785726866.5,0.2999999523162842,2,46,2,Ph2: Det 2 isolated pulse ON/OFF for 0.300s; Det 46 was completely OFF in ±5.0s window
2,isolated_pulse,1785727207.1,1785727207.5,0.40000009536743164,2,17,2,Ph2: Det 2 isolated pulse ON/OFF for 0.400s; Det 17 was completely OFF in ±5.0s window
2,isolated_pulse,1785727207.1,1785727207.5,0.40000009536743164,2,46,2,Ph2: Det 2 isolated pulse ON/OFF for 0.400s; Det 46 was completely OFF in ±5.0s window
2,isolated_pulse,1785727209.6,1785727209.8,0.20000004768371582,2,17,2,Ph2: Det 2 isolated pulse ON/OFF for 0.200s; Det 17 was completely OFF in ±5.0s window
2,isolated_pulse,1785727209.6,1785727209.8,0.20000004768371582,2,46,2,Ph2: Det 2 isolated pulse ON/OFF for 0.200s; Det 46 was completely OFF in ±5.0s window
2,isolated_pulse,1785727212.3,1785727212.6,0.2999999523162842,2,17,2,Ph2: Det 2 isolated pulse ON/OFF for 0.300s; Det 17 was completely OFF in ±5.0s window
2,isolated_pulse,1785727212.3,1785727212.6,0.2999999523162842,2,46,2,Ph2: Det 2 isolated pulse ON/OFF for 0.300s; Det 46 was completely OFF in ±5.0s window
2,isolated_pulse,1785727978.5,1785727978.7,0.20000004768371582,2,17,2,Ph2: Det 2 isolated pulse ON/OFF for 0.200s; Det 17 was completely OFF in ±5.0s window
2,isolated_pulse,1785727978.5,1785727978.7,0.20000004768371582,2,46,2,Ph2: Det 2 isolated pulse ON/OFF for 0.200s; Det 46 was completely OFF in ±5.0s window
2,isolated_pulse,1785727991.8,1785727992.1,0.2999999523162842,2,17,2,Ph2: Det 2 isolated pulse ON/OFF for 0.300s; Det 17 was completely OFF in ±5.0s window
2,isolated_pulse,1785727991.8,1785727992.1,0.2999999523162842,2,46,2,Ph2: Det 2 isolated pulse ON/OFF for 0.300s; Det 46 was completely OFF in ±5.0s window
2,isolated_pulse,1785728174.5,1785728175.1,0.5999999046325684,2,46,46,Ph2: Det 46 isolated pulse ON/OFF for 0.600s; Det 2 was completely OFF in ±5.0s window
2,isolated_pulse,1785728174.5,1785728175.1,0.5999999046325684,17,46,46,Ph2: Det 46 isolated pulse ON/OFF for 0.600s; Det 17 was completely OFF in ±5.0s window
2,isolated_pulse,1785728458.7,1785728458.9,0.20000004768371582,2,17,2,Ph2: Det 2 isolated pulse ON/OFF for 0.200s; Det 17 was completely OFF in ±5.0s window
2,isolated_pulse,1785728458.7,1785728458.9,0.20000004768371582,2,46,2,Ph2: Det 2 isolated pulse ON/OFF for 0.200s; Det 46 was completely OFF in ±5.0s window
2,isolated_pulse,1785728459.3,1785728459.7,0.40000009536743164,2,17,2,Ph2: Det 2 isolated pulse ON/OFF for 0.400s; Det 17 was completely OFF in ±5.0s window
2,isolated_pulse,1785728459.3,1785728459.7,0.40000009536743164,2,46,2,Ph2: Det 2 isolated pulse ON/OFF for 0.400s; Det 46 was completely OFF in ±5.0s window
2,isolated_pulse,1785729621.7,1785729622.1,0.39999985694885254,2,17,2,Ph2: Det 2 isolated pulse ON/OFF for 0.400s; Det 17 was completely OFF in ±5.0s window
2,isolated_pulse,1785729621.7,1785729622.1,0.39999985694885254,2,46,2,Ph2: Det 2 isolated pulse ON/OFF for 0.400s; Det 46 was completely OFF in ±5.0s window
2,isolated_pulse,1785730170.8,1785730170.9,0.10000014305114746,2,17,2,Ph2: Det 2 isolated pulse ON/OFF for 0.100s; Det 17 was completely OFF in ±5.0s window
2,isolated_pulse,1785730170.8,1785730170.9,0.10000014305114746,2,46,2,Ph2: Det 2 isolated pulse ON/OFF for 0.100s; Det 46 was completely OFF in ±5.0s window
2,isolated_pulse,1785730492.2,1785730492.5,0.2999999523162842,2,17,2,Ph2: Det 2 isolated pulse ON/OFF for 0.300s; Det 17 was completely OFF in ±5.0s window
2,isolated_pulse,1785730492.2,1785730492.5,0.2999999523162842,2,46,2,Ph2: Det 2 isolated pulse ON/OFF for 0.300s; Det 46 was completely OFF in ±5.0s window
2,isolated_pulse,1785730647.8,1785730648.4,0.6000001430511475,2,17,2,Ph2: Det 2 isolated pulse ON/OFF for 0.600s; Det 17 was completely OFF in ±5.0s window
2,isolated_pulse,1785730647.8,1785730648.4,0.6000001430511475,2,46,2,Ph2: Det 2 isolated pulse ON/OFF for 0.600s; Det 46 was completely OFF in ±5.0s window
3,isolated_pulse,1785684600.6,1785684600.8,0.20000004768371582,3,30,3,Ph3: Det 3 isolated pulse ON/OFF for 0.200s; Det 30 was completely OFF in ±5.0s window
3,isolated_pulse,1785684600.6,1785684600.8,0.20000004768371582,3,41,3,Ph3: Det 3 isolated pulse ON/OFF for 0.200s; Det 41 was completely OFF in ±5.0s window
3,isolated_pulse,1785684600.9,1785684601.7,0.7999999523162842,3,30,3,Ph3: Det 3 isolated pulse ON/OFF for 0.800s; Det 30 was completely OFF in ±5.0s window
3,isolated_pulse,1785684600.9,1785684601.7,0.7999999523162842,3,41,3,Ph3: Det 3 isolated pulse ON/OFF for 0.800s; Det 41 was completely OFF in ±5.0s window
3,isolated_pulse,1785684668.3,1785684671.1,2.799999952316284,30,41,30,Ph3: Det 30 isolated pulse ON/OFF for 2.800s; Det 41 was completely OFF in ±5.0s window
3,isolated_pulse,1785684670.1,1785684671.8,1.7000000476837158,3,41,3,Ph3: Det 3 isolated pulse ON/OFF for 1.700s; Det 41 was completely OFF in ±5.0s window
3,isolated_pulse,1785684908.4,1785684908.8,0.39999985694885254,30,41,30,Ph3: Det 30 isolated pulse ON/OFF for 0.400s; Det 41 was completely OFF in ±5.0s window
3,extended_disagreement,1785684910.4,1785684923.2,12.799999952316284,30,41,30,Ph3: Det 30 ON / Det 41 OFF for 12.80s (threshold=5.0s)
3,extended_disagreement,1785684910.6,1785684924.6,14.0,3,41,3,Ph3: Det 3 ON / Det 41 OFF for 14.00s (threshold=5.0s)
3,isolated_pulse,1785684971.6,1785684972.8,1.2000000476837158,30,41,30,Ph3: Det 30 isolated pulse ON/OFF for 1.200s; Det 41 was completely OFF in ±5.0s window
3,isolated_pulse,1785684973.3,1785684974.1,0.7999999523162842,3,41,3,Ph3: Det 3 isolated pulse ON/OFF for 0.800s; Det 41 was completely OFF in ±5.0s window
3,isolated_pulse,1785685080.1,1785685080.5,0.40000009536743164,3,30,3,Ph3: Det 3 isolated pulse ON/OFF for 0.400s; Det 30 was completely OFF in ±5.0s window
3,isolated_pulse,1785685080.1,1785685080.5,0.40000009536743164,3,41,3,Ph3: Det 3 isolated pulse ON/OFF for 0.400s; Det 41 was completely OFF in ±5.0s window
3,isolated_pulse,1785685175.9,1785685177.5,1.5999999046325684,30,41,30,Ph3: Det 30 isolated pulse ON/OFF for 1.600s; Det 41 was completely OFF in ±5.0s window
3,isolated_pulse,1785685177.2,1785685178.3,1.0999999046325684,3,41,3,Ph3: Det 3 isolated pulse ON/OFF for 1.100s; Det 41 was completely OFF in ±5.0s window
3,isolated_pulse,1785685409.5,1785685410.7,1.2000000476837158,30,41,30,Ph3: Det 30 isolated pulse ON/OFF for 1.200s; Det 41 was completely OFF in ±5.0s window
3,isolated_pulse,1785685411.2,1785685411.8,0.5999999046325684,3,41,3,Ph3: Det 3 isolated pulse ON/OFF for 0.600s; Det 41 was completely OFF in ±5.0s window
3,isolated_pulse,1785686058.9,1785686061.8,2.8999998569488525,30,41,30,Ph3: Det 30 isolated pulse ON/OFF for 2.900s; Det 41 was completely OFF in ±5.0s window
3,isolated_pulse,1785686061.4,1785686063.0,1.5999999046325684,3,41,3,Ph3: Det 3 isolated pulse ON/OFF for 1.600s; Det 41 was completely OFF in ±5.0s window
3,extended_disagreement,1785686794.1,1785686802.5,8.400000095367432,30,41,41,Ph3: Det 41 ON / Det 30 OFF for 8.40s (threshold=5.0s)
3,extended_disagreement,1785686795.4,1785686803.1,7.699999809265137,3,41,41,Ph3: Det 41 ON / Det 3 OFF for 7.70s (threshold=5.0s)
3,isolated_pulse,1785686957.7,1785686958.9,1.2000000476837158,30,41,30,Ph3: Det 30 isolated pulse ON/OFF for 1.200s; Det 41 was completely OFF in ±5.0s window
3,isolated_pulse,1785686959.2,1785686960.1,0.8999998569488525,3,41,3,Ph3: Det 3 isolated pulse ON/OFF for 0.900s; Det 41 was completely OFF in ±5.0s window
3,isolated_pulse,1785687148.7,1785687149.1,0.39999985694885254,30,41,30,Ph3: Det 30 isolated pulse ON/OFF for 0.400s; Det 41 was completely OFF in ±5.0s window
3,isolated_pulse,1785687151.4,1785687152.5,1.0999999046325684,30,41,30,Ph3: Det 30 isolated pulse ON/OFF for 1.100s; Det 41 was completely OFF in ±5.0s window
3,isolated_pulse,1785687153.0,1785687154.5,1.5,3,41,3,Ph3: Det 3 isolated pulse ON/OFF for 1.500s; Det 41 was completely OFF in ±5.0s window
3,extended_disagreement,1785687242.9,1785687278.8,35.89999985694885,30,41,41,Ph3: Det 41 ON / Det 30 OFF for 35.90s (threshold=5.0s)
3,extended_disagreement,1785687244.6,1785687280.1,35.5,3,41,41,Ph3: Det 41 ON / Det 3 OFF for 35.50s (threshold=5.0s)
3,extended_disagreement,1785687291.3,1785687355.5,64.20000004768372,3,41,3,Ph3: Det 3 ON / Det 41 OFF for 64.20s (threshold=5.0s)
3,extended_disagreement,1785687291.3,1785687354.2,62.90000009536743,30,41,30,Ph3: Det 30 ON / Det 41 OFF for 62.90s (threshold=5.0s)
3,isolated_pulse,1785687359.0,1785687359.4,0.40000009536743164,3,41,3,Ph3: Det 3 isolated pulse ON/OFF for 0.400s; Det 41 was completely OFF in ±5.0s window
3,isolated_pulse,1785687370.7,1785687374.6,3.8999998569488525,3,30,3,Ph3: Det 3 isolated pulse ON/OFF for 3.900s; Det 30 was completely OFF in ±5.0s window
3,isolated_pulse,1785687370.7,1785687374.6,3.8999998569488525,3,41,3,Ph3: Det 3 isolated pulse ON/OFF for 3.900s; Det 41 was completely OFF in ±5.0s window
3,isolated_pulse,1785687408.2,1785687409.9,1.7000000476837158,30,41,30,Ph3: Det 30 isolated pulse ON/OFF for 1.700s; Det 41 was completely OFF in ±5.0s window
3,isolated_pulse,1785687409.5,1785687410.7,1.2000000476837158,3,41,3,Ph3: Det 3 isolated pulse ON/OFF for 1.200s; Det 41 was completely OFF in ±5.0s window
3,extended_disagreement,1785687548.2,1785687553.8,5.599999904632568,30,41,30,Ph3: Det 30 ON / Det 41 OFF for 5.60s (threshold=5.0s)
3,extended_disagreement,1785687554.8,1785687621.8,67.0,3,41,3,Ph3: Det 3 ON / Det 41 OFF for 67.00s (threshold=5.0s)
3,extended_disagreement,1785687554.8,1785687621.8,67.0,30,41,30,Ph3: Det 30 ON / Det 41 OFF for 67.00s (threshold=5.0s)
3,extended_disagreement,1785688262.7,1785688282.3,19.59999990463257,3,41,3,Ph3: Det 3 ON / Det 41 OFF for 19.60s (threshold=5.0s)
3,extended_disagreement,1785688262.7,1785688282.3,19.59999990463257,30,41,30,Ph3: Det 30 ON / Det 41 OFF for 19.60s (threshold=5.0s)
3,isolated_pulse,1785688721.6,1785688722.2,0.6000001430511475,30,41,30,Ph3: Det 30 isolated pulse ON/OFF for 0.600s; Det 41 was completely OFF in ±5.0s window
3,isolated_pulse,1785688722.8,1785688723.3,0.5,3,41,3,Ph3: Det 3 isolated pulse ON/OFF for 0.500s; Det 41 was completely OFF in ±5.0s window
3,isolated_pulse,1785689555.4,1785689556.8,1.3999998569488525,30,41,30,Ph3: Det 30 isolated pulse ON/OFF for 1.400s; Det 41 was completely OFF in ±5.0s window
3,isolated_pulse,1785689556.5,1785689557.5,1.0,3,41,3,Ph3: Det 3 isolated pulse ON/OFF for 1.000s; Det 41 was completely OFF in ±5.0s window
3,isolated_pulse,1785689610.1,1785689610.7,0.6000001430511475,30,41,30,Ph3: Det 30 isolated pulse ON/OFF for 0.600s; Det 41 was completely OFF in ±5.0s window
3,isolated_pulse,1785689611.5,1785689612.4,0.9000000953674316,3,41,3,Ph3: Det 3 isolated pulse ON/OFF for 0.900s; Det 41 was completely OFF in ±5.0s window
3,isolated_pulse,1785689612.1,1785689613.1,1.0,30,41,30,Ph3: Det 30 isolated pulse ON/OFF for 1.000s; Det 41 was completely OFF in ±5.0s window
3,isolated_pulse,1785689612.6,1785689613.9,1.3000001907348633,3,41,3,Ph3: Det 3 isolated pulse ON/OFF for 1.300s; Det 41 was completely OFF in ±5.0s window
3,isolated_pulse,1785689866.2,1785689868.9,2.700000047683716,30,41,30,Ph3: Det 30 isolated pulse ON/OFF for 2.700s; Det 41 was completely OFF in ±5.0s window
3,isolated_pulse,1785689868.2,1785689870.5,2.299999952316284,3,41,3,Ph3: Det 3 isolated pulse ON/OFF for 2.300s; Det 41 was completely OFF in ±5.0s window
3,isolated_pulse,1785689869.5,1785689870.2,0.7000000476837158,30,41,30,Ph3: Det 30 isolated pulse ON/OFF for 0.700s; Det 41 was completely OFF in ±5.0s window
3,extended_disagreement,1785690072.4,1785690102.8,30.399999856948853,3,41,3,Ph3: Det 3 ON / Det 41 OFF for 30.40s (threshold=5.0s)
3,extended_disagreement,1785690072.4,1785690102.8,30.399999856948853,30,41,30,Ph3: Det 30 ON / Det 41 OFF for 30.40s (threshold=5.0s)
3,isolated_pulse,1785690216.3,1785690217.0,0.7000000476837158,3,30,3,Ph3: Det 3 isolated pulse ON/OFF for 0.700s; Det 30 was completely OFF in ±5.0s window
3,isolated_pulse,1785690216.3,1785690217.0,0.7000000476837158,3,41,3,Ph3: Det 3 isolated pulse ON/OFF for 0.700s; Det 41 was completely OFF in ±5.0s window
3,isolated_pulse,1785690273.5,1785690273.9,0.40000009536743164,30,41,30,Ph3: Det 30 isolated pulse ON/OFF for 0.400s; Det 41 was completely OFF in ±5.0s window
3,isolated_pulse,1785690276.8,1785690277.1,0.2999999523162842,3,41,3,Ph3: Det 3 isolated pulse ON/OFF for 0.300s; Det 41 was completely OFF in ±5.0s window
3,extended_disagreement,1785690348.8,1785690361.5,12.700000047683716,3,41,3,Ph3: Det 3 ON / Det 41 OFF for 12.70s (threshold=5.0s)
3,extended_disagreement,1785690348.8,1785690361.5,12.700000047683716,30,41,30,Ph3: Det 30 ON / Det 41 OFF for 12.70s (threshold=5.0s)
3,isolated_pulse,1785690441.5,1785690442.5,1.0,30,41,30,Ph3: Det 30 isolated pulse ON/OFF for 1.000s; Det 41 was completely OFF in ±5.0s window
3,isolated_pulse,1785690442.9,1785690443.9,1.0,3,41,3,Ph3: Det 3 isolated pulse ON/OFF for 1.000s; Det 41 was completely OFF in ±5.0s window
3,isolated_pulse,1785690448.4,1785690448.9,0.5,3,30,3,Ph3: Det 3 isolated pulse ON/OFF for 0.500s; Det 30 was completely OFF in ±5.0s window
3,isolated_pulse,1785690448.4,1785690448.9,0.5,3,41,3,Ph3: Det 3 isolated pulse ON/OFF for 0.500s; Det 41 was completely OFF in ±5.0s window
3,isolated_pulse,1785690496.3,1785690498.9,2.6000001430511475,3,30,3,Ph3: Det 3 isolated pulse ON/OFF for 2.600s; Det 30 was completely OFF in ±5.0s window
3,isolated_pulse,1785690496.3,1785690498.9,2.6000001430511475,3,41,3,Ph3: Det 3 isolated pulse ON/OFF for 2.600s; Det 41 was completely OFF in ±5.0s window
3,extended_disagreement,1785690574.5,1785690665.9,91.40000009536743,3,41,41,Ph3: Det 41 ON / Det 3 OFF for 91.40s (threshold=5.0s)
3,extended_disagreement,1785690574.5,1785690664.8,90.29999995231628,30,41,41,Ph3: Det 41 ON / Det 30 OFF for 90.30s (threshold=5.0s)
3,isolated_pulse,1785690682.9,1785690683.8,0.8999998569488525,3,30,30,Ph3: Det 30 isolated pulse ON/OFF for 0.900s; Det 3 was completely OFF in ±5.0s window
3,isolated_pulse,1785690682.9,1785690683.8,0.8999998569488525,30,41,30,Ph3: Det 30 isolated pulse ON/OFF for 0.900s; Det 41 was completely OFF in ±5.0s window
3,isolated_pulse,1785691824.9,1785691825.9,1.0,3,30,30,Ph3: Det 30 isolated pulse ON/OFF for 1.000s; Det 3 was completely OFF in ±5.0s window
3,isolated_pulse,1785691824.9,1785691825.9,1.0,30,41,30,Ph3: Det 30 isolated pulse ON/OFF for 1.000s; Det 41 was completely OFF in ±5.0s window
3,isolated_pulse,1785691829.8,1785691834.2,4.400000095367432,30,41,30,Ph3: Det 30 isolated pulse ON/OFF for 4.400s; Det 41 was completely OFF in ±5.0s window
3,extended_disagreement,1785691839.2,1785691879.2,40.0,3,41,41,Ph3: Det 41 ON / Det 3 OFF for 40.00s (threshold=5.0s)
3,extended_disagreement,1785691840.2,1785691879.2,39.0,30,41,30,Ph3: Det 30 ON / Det 41 OFF for 39.00s (threshold=5.0s)
3,isolated_pulse,1785692221.0,1785692221.6,0.5999999046325684,3,30,30,Ph3: Det 30 isolated pulse ON/OFF for 0.600s; Det 3 was completely OFF in ±5.0s window
3,isolated_pulse,1785692221.0,1785692221.6,0.5999999046325684,30,41,30,Ph3: Det 30 isolated pulse ON/OFF for 0.600s; Det 41 was completely OFF in ±5.0s window
3,isolated_pulse,1785692265.0,1785692267.3,2.299999952316284,3,30,3,Ph3: Det 3 isolated pulse ON/OFF for 2.300s; Det 30 was completely OFF in ±5.0s window
3,isolated_pulse,1785692265.0,1785692267.3,2.299999952316284,3,41,3,Ph3: Det 3 isolated pulse ON/OFF for 2.300s; Det 41 was completely OFF in ±5.0s window
3,isolated_pulse,1785692326.0,1785692328.9,2.9000000953674316,3,30,3,Ph3: Det 3 isolated pulse ON/OFF for 2.900s; Det 30 was completely OFF in ±5.0s window
3,isolated_pulse,1785692326.0,1785692328.9,2.9000000953674316,3,41,3,Ph3: Det 3 isolated pulse ON/OFF for 2.900s; Det 41 was completely OFF in ±5.0s window
3,isolated_pulse,1785692874.9,1785692879.0,4.099999904632568,3,30,3,Ph3: Det 3 isolated pulse ON/OFF for 4.100s; Det 30 was completely OFF in ±5.0s window
3,isolated_pulse,1785692874.9,1785692879.0,4.099999904632568,3,41,3,Ph3: Det 3 isolated pulse ON/OFF for 4.100s; Det 41 was completely OFF in ±5.0s window
3,isolated_pulse,1785692912.4,1785692912.7,0.2999999523162842,3,30,3,Ph3: Det 3 isolated pulse ON/OFF for 0.300s; Det 30 was completely OFF in ±5.0s window
3,isolated_pulse,1785692912.4,1785692912.7,0.2999999523162842,3,41,3,Ph3: Det 3 isolated pulse ON/OFF for 0.300s; Det 41 was completely OFF in ±5.0s window
3,isolated_pulse,1785692922.5,1785692923.2,0.7000000476837158,3,30,3,Ph3: Det 3 isolated pulse ON/OFF for 0.700s; Det 30 was completely OFF in ±5.0s window
3,isolated_pulse,1785692922.5,1785692923.2,0.7000000476837158,3,41,3,Ph3: Det 3 isolated pulse ON/OFF for 0.700s; Det 41 was completely OFF in ±5.0s window
3,isolated_pulse,1785692924.0,1785692928.3,4.299999952316284,3,30,3,Ph3: Det 3 isolated pulse ON/OFF for 4.300s; Det 30 was completely OFF in ±5.0s window
3,isolated_pulse,1785692924.0,1785692928.3,4.299999952316284,3,41,3,Ph3: Det 3 isolated pulse ON/OFF for 4.300s; Det 41 was completely OFF in ±5.0s window
3,isolated_pulse,1785692971.0,1785692972.1,1.0999999046325684,3,30,30,Ph3: Det 30 isolated pulse ON/OFF for 1.100s; Det 3 was completely OFF in ±5.0s window
3,isolated_pulse,1785692971.0,1785692972.1,1.0999999046325684,30,41,30,Ph3: Det 30 isolated pulse ON/OFF for 1.100s; Det 41 was completely OFF in ±5.0s window
3,isolated_pulse,1785693026.4,1785693026.5,0.09999990463256836,3,30,3,Ph3: Det 3 isolated pulse ON/OFF for 0.100s; Det 30 was completely OFF in ±5.0s window
3,isolated_pulse,1785693026.4,1785693026.5,0.09999990463256836,3,41,3,Ph3: Det 3 isolated pulse ON/OFF for 0.100s; Det 41 was completely OFF in ±5.0s window
3,isolated_pulse,1785693026.9,1785693030.1,3.1999998092651367,3,30,3,Ph3: Det 3 isolated pulse ON/OFF for 3.200s; Det 30 was completely OFF in ±5.0s window
3,isolated_pulse,1785693026.9,1785693030.1,3.1999998092651367,3,41,3,Ph3: Det 3 isolated pulse ON/OFF for 3.200s; Det 41 was completely OFF in ±5.0s window
3,extended_disagreement,1785693136.2,1785693197.4,61.200000047683716,30,41,30,Ph3: Det 30 ON / Det 41 OFF for 61.20s (threshold=5.0s)
3,extended_disagreement,1785693136.7,1785693197.4,60.700000047683716,3,41,3,Ph3: Det 3 ON / Det 41 OFF for 60.70s (threshold=5.0s)
3,extended_disagreement,1785693403.8,1785693411.8,8.0,3,30,3,Ph3: Det 3 ON / Det 30 OFF for 8.00s (threshold=5.0s)
3,isolated_pulse,1785693404.0,1785693405.1,1.0999999046325684,30,41,41,Ph3: Det 41 isolated pulse ON/OFF for 1.100s; Det 30 was completely OFF in ±5.0s window
3,extended_disagreement,1785693405.1,1785693411.8,6.700000047683716,3,41,3,Ph3: Det 3 ON / Det 41 OFF for 6.70s (threshold=5.0s)
3,isolated_pulse,1785693413.5,1785693414.1,0.5999999046325684,3,30,3,Ph3: Det 3 isolated pulse ON/OFF for 0.600s; Det 30 was completely OFF in ±5.0s window
3,isolated_pulse,1785693413.5,1785693414.1,0.5999999046325684,3,41,3,Ph3: Det 3 isolated pulse ON/OFF for 0.600s; Det 41 was completely OFF in ±5.0s window
3,isolated_pulse,1785693486.7,1785693487.0,0.2999999523162842,3,30,30,Ph3: Det 30 isolated pulse ON/OFF for 0.300s; Det 3 was completely OFF in ±5.0s window
3,extended_disagreement,1785693492.6,1785693506.0,13.400000095367432,30,41,41,Ph3: Det 41 ON / Det 30 OFF for 13.40s (threshold=5.0s)
3,extended_disagreement,1785693494.1,1785693507.7,13.600000143051147,3,41,41,Ph3: Det 41 ON / Det 3 OFF for 13.60s (threshold=5.0s)
3,isolated_pulse,1785693606.6,1785693609.4,2.8000001907348633,3,30,3,Ph3: Det 3 isolated pulse ON/OFF for 2.800s; Det 30 was completely OFF in ±5.0s window
3,isolated_pulse,1785693606.6,1785693609.4,2.8000001907348633,3,41,3,Ph3: Det 3 isolated pulse ON/OFF for 2.800s; Det 41 was completely OFF in ±5.0s window
3,isolated_pulse,1785693609.7,1785693609.9,0.20000004768371582,3,30,3,Ph3: Det 3 isolated pulse ON/OFF for 0.200s; Det 30 was completely OFF in ±5.0s window
3,isolated_pulse,1785693609.7,1785693609.9,0.20000004768371582,3,41,3,Ph3: Det 3 isolated pulse ON/OFF for 0.200s; Det 41 was completely OFF in ±5.0s window
3,extended_disagreement,1785693628.0,1785693733.9,105.90000009536743,3,41,3,Ph3: Det 3 ON / Det 41 OFF for 105.90s (threshold=5.0s)
3,extended_disagreement,1785693628.1,1785693733.9,105.80000019073486,30,41,30,Ph3: Det 30 ON / Det 41 OFF for 105.80s (threshold=5.0s)
3,isolated_pulse,1785693759.5,1785693760.9,1.4000000953674316,3,30,3,Ph3: Det 3 isolated pulse ON/OFF for 1.400s; Det 30 was completely OFF in ±5.0s window
3,isolated_pulse,1785693759.5,1785693760.9,1.4000000953674316,3,41,3,Ph3: Det 3 isolated pulse ON/OFF for 1.400s; Det 41 was completely OFF in ±5.0s window
3,isolated_pulse,1785693761.5,1785693765.3,3.799999952316284,3,30,3,Ph3: Det 3 isolated pulse ON/OFF for 3.800s; Det 30 was completely OFF in ±5.0s window
3,isolated_pulse,1785693761.5,1785693765.3,3.799999952316284,3,41,3,Ph3: Det 3 isolated pulse ON/OFF for 3.800s; Det 41 was completely OFF in ±5.0s window
3,isolated_pulse,1785693780.2,1785693780.7,0.5,3,30,3,Ph3: Det 3 isolated pulse ON/OFF for 0.500s; Det 30 was completely OFF in ±5.0s window
3,isolated_pulse,1785693780.2,1785693780.7,0.5,3,41,3,Ph3: Det 3 isolated pulse ON/OFF for 0.500s; Det 41 was completely OFF in ±5.0s window
3,isolated_pulse,1785693782.3,1785693782.8,0.5,3,30,3,Ph3: Det 3 isolated pulse ON/OFF for 0.500s; Det 30 was completely OFF in ±5.0s window
3,isolated_pulse,1785693782.3,1785693782.8,0.5,3,41,3,Ph3: Det 3 isolated pulse ON/OFF for 0.500s; Det 41 was completely OFF in ±5.0s window
3,isolated_pulse,1785694012.1,1785694014.9,2.8000001907348633,3,30,3,Ph3: Det 3 isolated pulse ON/OFF for 2.800s; Det 30 was completely OFF in ±5.0s window
3,isolated_pulse,1785694012.1,1785694014.9,2.8000001907348633,3,41,3,Ph3: Det 3 isolated pulse ON/OFF for 2.800s; Det 41 was completely OFF in ±5.0s window
3,isolated_pulse,1785694075.4,1785694078.5,3.0999999046325684,3,30,3,Ph3: Det 3 isolated pulse ON/OFF for 3.100s; Det 30 was completely OFF in ±5.0s window
3,isolated_pulse,1785694075.4,1785694078.5,3.0999999046325684,3,41,3,Ph3: Det 3 isolated pulse ON/OFF for 3.100s; Det 41 was completely OFF in ±5.0s window
3,extended_disagreement,1785694084.1,1785694089.9,5.800000190734863,3,41,3,Ph3: Det 3 ON / Det 41 OFF for 5.80s (threshold=5.0s)
3,isolated_pulse,1785694085.6,1785694090.3,4.700000047683716,30,41,30,Ph3: Det 30 isolated pulse ON/OFF for 4.700s; Det 41 was completely OFF in ±5.0s window
3,isolated_pulse,1785694092.2,1785694094.4,2.200000047683716,3,41,3,Ph3: Det 3 isolated pulse ON/OFF for 2.200s; Det 41 was completely OFF in ±5.0s window
3,extended_disagreement,1785694105.7,1785694111.8,6.099999904632568,3,30,3,Ph3: Det 3 ON / Det 30 OFF for 6.10s (threshold=5.0s)
3,extended_disagreement,1785694105.7,1785694111.8,6.099999904632568,3,41,3,Ph3: Det 3 ON / Det 41 OFF for 6.10s (threshold=5.0s)
3,isolated_pulse,1785694145.6,1785694148.1,2.5,3,30,3,Ph3: Det 3 isolated pulse ON/OFF for 2.500s; Det 30 was completely OFF in ±5.0s window
3,isolated_pulse,1785694145.6,1785694148.1,2.5,3,41,3,Ph3: Det 3 isolated pulse ON/OFF for 2.500s; Det 41 was completely OFF in ±5.0s window
3,isolated_pulse,1785694194.9,1785694195.9,1.0,3,30,3,Ph3: Det 3 isolated pulse ON/OFF for 1.000s; Det 30 was completely OFF in ±5.0s window
3,isolated_pulse,1785694194.9,1785694195.9,1.0,3,41,3,Ph3: Det 3 isolated pulse ON/OFF for 1.000s; Det 41 was completely OFF in ±5.0s window
3,isolated_pulse,1785694240.9,1785694242.3,1.3999998569488525,30,41,30,Ph3: Det 30 isolated pulse ON/OFF for 1.400s; Det 41 was completely OFF in ±5.0s window
3,isolated_pulse,1785694241.0,1785694243.1,2.0999999046325684,3,41,3,Ph3: Det 3 isolated pulse ON/OFF for 2.100s; Det 41 was completely OFF in ±5.0s window
3,extended_disagreement,1785694362.8,1785694415.4,52.60000014305115,3,41,3,Ph3: Det 3 ON / Det 41 OFF for 52.60s (threshold=5.0s)
3,extended_disagreement,1785694362.8,1785694415.4,52.60000014305115,30,41,30,Ph3: Det 30 ON / Det 41 OFF for 52.60s (threshold=5.0s)
3,isolated_pulse,1785694627.4,1785694632.0,4.599999904632568,3,30,3,Ph3: Det 3 isolated pulse ON/OFF for 4.600s; Det 30 was completely OFF in ±5.0s window
3,isolated_pulse,1785694627.4,1785694632.0,4.599999904632568,3,41,3,Ph3: Det 3 isolated pulse ON/OFF for 4.600s; Det 41 was completely OFF in ±5.0s window
3,isolated_pulse,1785694896.7,1785694899.7,3.0,3,30,3,Ph3: Det 3 isolated pulse ON/OFF for 3.000s; Det 30 was completely OFF in ±5.0s window
3,isolated_pulse,1785694896.7,1785694899.7,3.0,3,41,3,Ph3: Det 3 isolated pulse ON/OFF for 3.000s; Det 41 was completely OFF in ±5.0s window
3,isolated_pulse,1785695005.9,1785695008.3,2.3999998569488525,3,30,3,Ph3: Det 3 isolated pulse ON/OFF for 2.400s; Det 30 was completely OFF in ±5.0s window
3,isolated_pulse,1785695006.2,1785695008.5,2.299999952316284,30,41,41,Ph3: Det 41 isolated pulse ON/OFF for 2.300s; Det 30 was completely OFF in ±5.0s window
3,isolated_pulse,1785695038.1,1785695039.7,1.6000001430511475,3,30,3,Ph3: Det 3 isolated pulse ON/OFF for 1.600s; Det 30 was completely OFF in ±5.0s window
3,isolated_pulse,1785695038.1,1785695039.7,1.6000001430511475,3,41,3,Ph3: Det 3 isolated pulse ON/OFF for 1.600s; Det 41 was completely OFF in ±5.0s window
3,isolated_pulse,1785695156.5,1785695158.7,2.200000047683716,3,30,3,Ph3: Det 3 isolated pulse ON/OFF for 2.200s; Det 30 was completely OFF in ±5.0s window
3,isolated_pulse,1785695156.5,1785695158.7,2.200000047683716,3,41,3,Ph3: Det 3 isolated pulse ON/OFF for 2.200s; Det 41 was completely OFF in ±5.0s window
3,isolated_pulse,1785695170.4,1785695173.3,2.8999998569488525,3,30,3,Ph3: Det 3 isolated pulse ON/OFF for 2.900s; Det 30 was completely OFF in ±5.0s window
3,isolated_pulse,1785695170.4,1785695173.3,2.8999998569488525,3,41,3,Ph3: Det 3 isolated pulse ON/OFF for 2.900s; Det 41 was completely OFF in ±5.0s window
3,isolated_pulse,1785695178.5,1785695180.7,2.200000047683716,3,30,3,Ph3: Det 3 isolated pulse ON/OFF for 2.200s; Det 30 was completely OFF in ±5.0s window
3,isolated_pulse,1785695178.5,1785695180.7,2.200000047683716,3,41,3,Ph3: Det 3 isolated pulse ON/OFF for 2.200s; Det 41 was completely OFF in ±5.0s window
3,isolated_pulse,1785695197.5,1785695200.7,3.200000047683716,3,30,3,Ph3: Det 3 isolated pulse ON/OFF for 3.200s; Det 30 was completely OFF in ±5.0s window
3,isolated_pulse,1785695197.5,1785695200.7,3.200000047683716,3,41,3,Ph3: Det 3 isolated pulse ON/OFF for 3.200s; Det 41 was completely OFF in ±5.0s window
3,isolated_pulse,1785695243.9,1785695247.4,3.5,3,30,3,Ph3: Det 3 isolated pulse ON/OFF for 3.500s; Det 30 was completely OFF in ±5.0s window
3,isolated_pulse,1785695243.9,1785695247.4,3.5,3,41,3,Ph3: Det 3 isolated pulse ON/OFF for 3.500s; Det 41 was completely OFF in ±5.0s window
3,isolated_pulse,1785695261.0,1785695263.5,2.5,3,30,3,Ph3: Det 3 isolated pulse ON/OFF for 2.500s; Det 30 was completely OFF in ±5.0s window
3,isolated_pulse,1785695261.0,1785695263.5,2.5,3,41,3,Ph3: Det 3 isolated pulse ON/OFF for 2.500s; Det 41 was completely OFF in ±5.0s window
3,extended_disagreement,1785695312.7,1785695320.4,7.700000047683716,3,41,3,Ph3: Det 3 ON / Det 41 OFF for 7.70s (threshold=5.0s)
3,extended_disagreement,1785695312.7,1785695320.4,7.700000047683716,30,41,30,Ph3: Det 30 ON / Det 41 OFF for 7.70s (threshold=5.0s)
3,isolated_pulse,1785695366.0,1785695369.9,3.9000000953674316,3,30,3,Ph3: Det 3 isolated pulse ON/OFF for 3.900s; Det 30 was completely OFF in ±5.0s window
3,isolated_pulse,1785695366.0,1785695369.9,3.9000000953674316,3,41,3,Ph3: Det 3 isolated pulse ON/OFF for 3.900s; Det 41 was completely OFF in ±5.0s window
3,isolated_pulse,1785695456.9,1785695459.7,2.799999952316284,3,30,3,Ph3: Det 3 isolated pulse ON/OFF for 2.800s; Det 30 was completely OFF in ±5.0s window
3,isolated_pulse,1785695456.9,1785695459.7,2.799999952316284,3,41,3,Ph3: Det 3 isolated pulse ON/OFF for 2.800s; Det 41 was completely OFF in ±5.0s window
3,isolated_pulse,1785695466.7,1785695469.8,3.0999999046325684,3,30,3,Ph3: Det 3 isolated pulse ON/OFF for 3.100s; Det 30 was completely OFF in ±5.0s window
3,isolated_pulse,1785695466.7,1785695469.8,3.0999999046325684,3,41,3,Ph3: Det 3 isolated pulse ON/OFF for 3.100s; Det 41 was completely OFF in ±5.0s window
3,isolated_pulse,1785695678.6,1785695682.5,3.9000000953674316,3,30,3,Ph3: Det 3 isolated pulse ON/OFF for 3.900s; Det 30 was completely OFF in ±5.0s window
3,isolated_pulse,1785695678.6,1785695682.5,3.9000000953674316,3,41,3,Ph3: Det 3 isolated pulse ON/OFF for 3.900s; Det 41 was completely OFF in ±5.0s window
3,isolated_pulse,1785695683.4,1785695684.7,1.2999999523162842,3,30,3,Ph3: Det 3 isolated pulse ON/OFF for 1.300s; Det 30 was completely OFF in ±5.0s window
3,isolated_pulse,1785695683.4,1785695684.7,1.2999999523162842,3,41,3,Ph3: Det 3 isolated pulse ON/OFF for 1.300s; Det 41 was completely OFF in ±5.0s window
3,isolated_pulse,1785695685.8,1785695688.8,3.0,3,30,3,Ph3: Det 3 isolated pulse ON/OFF for 3.000s; Det 30 was completely OFF in ±5.0s window
3,isolated_pulse,1785695685.8,1785695688.8,3.0,3,41,3,Ph3: Det 3 isolated pulse ON/OFF for 3.000s; Det 41 was completely OFF in ±5.0s window
3,isolated_pulse,1785695751.0,1785695752.6,1.5999999046325684,3,30,30,Ph3: Det 30 isolated pulse ON/OFF for 1.600s; Det 3 was completely OFF in ±5.0s window
3,isolated_pulse,1785695751.0,1785695752.6,1.5999999046325684,30,41,30,Ph3: Det 30 isolated pulse ON/OFF for 1.600s; Det 41 was completely OFF in ±5.0s window
3,isolated_pulse,1785695819.0,1785695819.3,0.2999999523162842,30,41,30,Ph3: Det 30 isolated pulse ON/OFF for 0.300s; Det 41 was completely OFF in ±5.0s window
3,isolated_pulse,1785695822.0,1785695822.6,0.5999999046325684,3,41,3,Ph3: Det 3 isolated pulse ON/OFF for 0.600s; Det 41 was completely OFF in ±5.0s window
3,isolated_pulse,1785696000.1,1785696002.8,2.700000047683716,3,30,3,Ph3: Det 3 isolated pulse ON/OFF for 2.700s; Det 30 was completely OFF in ±5.0s window
3,isolated_pulse,1785696000.1,1785696002.8,2.700000047683716,3,41,3,Ph3: Det 3 isolated pulse ON/OFF for 2.700s; Det 41 was completely OFF in ±5.0s window
3,extended_disagreement,1785696200.0,1785696205.8,5.799999952316284,30,41,41,Ph3: Det 41 ON / Det 30 OFF for 5.80s (threshold=5.0s)
3,isolated_pulse,1785696248.6,1785696249.2,0.6000001430511475,30,41,30,Ph3: Det 30 isolated pulse ON/OFF for 0.600s; Det 41 was completely OFF in ±5.0s window
3,isolated_pulse,1785696250.1,1785696250.5,0.40000009536743164,3,41,3,Ph3: Det 3 isolated pulse ON/OFF for 0.400s; Det 41 was completely OFF in ±5.0s window
3,extended_disagreement,1785696315.9,1785696378.8,62.89999985694885,3,41,3,Ph3: Det 3 ON / Det 41 OFF for 62.90s (threshold=5.0s)
3,extended_disagreement,1785696315.9,1785696378.8,62.89999985694885,30,41,30,Ph3: Det 30 ON / Det 41 OFF for 62.90s (threshold=5.0s)
3,isolated_pulse,1785696400.8,1785696405.1,4.299999952316284,3,30,3,Ph3: Det 3 isolated pulse ON/OFF for 4.300s; Det 30 was completely OFF in ±5.0s window
3,isolated_pulse,1785696400.8,1785696405.1,4.299999952316284,3,41,3,Ph3: Det 3 isolated pulse ON/OFF for 4.300s; Det 41 was completely OFF in ±5.0s window
3,extended_disagreement,1785696490.0,1785696546.4,56.40000009536743,3,41,3,Ph3: Det 3 ON / Det 41 OFF for 56.40s (threshold=5.0s)
3,extended_disagreement,1785696490.0,1785696546.4,56.40000009536743,30,41,30,Ph3: Det 30 ON / Det 41 OFF for 56.40s (threshold=5.0s)
3,extended_disagreement,1785696547.5,1785696585.0,37.5,3,41,3,Ph3: Det 3 ON / Det 41 OFF for 37.50s (threshold=5.0s)
3,extended_disagreement,1785696547.5,1785696585.0,37.5,30,41,30,Ph3: Det 30 ON / Det 41 OFF for 37.50s (threshold=5.0s)
3,isolated_pulse,1785696634.5,1785696637.8,3.299999952316284,3,30,3,Ph3: Det 3 isolated pulse ON/OFF for 3.300s; Det 30 was completely OFF in ±5.0s window
3,isolated_pulse,1785696634.5,1785696637.8,3.299999952316284,3,41,3,Ph3: Det 3 isolated pulse ON/OFF for 3.300s; Det 41 was completely OFF in ±5.0s window
3,isolated_pulse,1785696647.1,1785696649.7,2.6000001430511475,3,30,3,Ph3: Det 3 isolated pulse ON/OFF for 2.600s; Det 30 was completely OFF in ±5.0s window
3,isolated_pulse,1785696647.1,1785696649.7,2.6000001430511475,3,41,3,Ph3: Det 3 isolated pulse ON/OFF for 2.600s; Det 41 was completely OFF in ±5.0s window
3,isolated_pulse,1785696672.8,1785696676.1,3.299999952316284,3,30,3,Ph3: Det 3 isolated pulse ON/OFF for 3.300s; Det 30 was completely OFF in ±5.0s window
3,isolated_pulse,1785696672.8,1785696676.1,3.299999952316284,3,41,3,Ph3: Det 3 isolated pulse ON/OFF for 3.300s; Det 41 was completely OFF in ±5.0s window
3,isolated_pulse,1785696852.3,1785696855.5,3.200000047683716,3,30,3,Ph3: Det 3 isolated pulse ON/OFF for 3.200s; Det 30 was completely OFF in ±5.0s window
3,isolated_pulse,1785696854.1,1785696854.5,0.40000009536743164,30,41,41,Ph3: Det 41 isolated pulse ON/OFF for 0.400s; Det 30 was completely OFF in ±5.0s window
3,isolated_pulse,1785696996.1,1785696996.6,0.5,3,30,3,Ph3: Det 3 isolated pulse ON/OFF for 0.500s; Det 30 was completely OFF in ±5.0s window
3,isolated_pulse,1785696996.1,1785696996.6,0.5,3,41,3,Ph3: Det 3 isolated pulse ON/OFF for 0.500s; Det 41 was completely OFF in ±5.0s window
3,isolated_pulse,1785697015.5,1785697015.7,0.20000004768371582,3,30,3,Ph3: Det 3 isolated pulse ON/OFF for 0.200s; Det 30 was completely OFF in ±5.0s window
3,isolated_pulse,1785697015.5,1785697015.7,0.20000004768371582,3,41,3,Ph3: Det 3 isolated pulse ON/OFF for 0.200s; Det 41 was completely OFF in ±5.0s window
3,isolated_pulse,1785697015.8,1785697018.0,2.200000047683716,3,30,3,Ph3: Det 3 isolated pulse ON/OFF for 2.200s; Det 30 was completely OFF in ±5.0s window
3,isolated_pulse,1785697015.8,1785697018.0,2.200000047683716,3,41,3,Ph3: Det 3 isolated pulse ON/OFF for 2.200s; Det 41 was completely OFF in ±5.0s window
3,isolated_pulse,1785697708.0,1785697708.6,0.5999999046325684,3,30,30,Ph3: Det 30 isolated pulse ON/OFF for 0.600s; Det 3 was completely OFF in ±5.0s window
3,isolated_pulse,1785697708.0,1785697708.6,0.5999999046325684,30,41,30,Ph3: Det 30 isolated pulse ON/OFF for 0.600s; Det 41 was completely OFF in ±5.0s window
3,extended_disagreement,1785697809.0,1785697893.2,84.20000004768372,3,41,3,Ph3: Det 3 ON / Det 41 OFF for 84.20s (threshold=5.0s)
3,extended_disagreement,1785697809.0,1785697893.2,84.20000004768372,30,41,30,Ph3: Det 30 ON / Det 41 OFF for 84.20s (threshold=5.0s)
3,isolated_pulse,1785698007.5,1785698008.3,0.7999999523162842,3,41,41,Ph3: Det 41 isolated pulse ON/OFF for 0.800s; Det 3 was completely OFF in ±5.0s window
3,isolated_pulse,1785698391.8,1785698393.9,2.1000001430511475,30,41,30,Ph3: Det 30 isolated pulse ON/OFF for 2.100s; Det 41 was completely OFF in ±5.0s window
3,extended_disagreement,1785698394.2,1785698401.5,7.299999952316284,30,41,30,Ph3: Det 30 ON / Det 41 OFF for 7.30s (threshold=5.0s)
3,isolated_pulse,1785698394.5,1785698395.6,1.0999999046325684,3,41,3,Ph3: Det 3 isolated pulse ON/OFF for 1.100s; Det 41 was completely OFF in ±5.0s window
3,isolated_pulse,1785698395.7,1785698396.1,0.39999985694885254,3,41,3,Ph3: Det 3 isolated pulse ON/OFF for 0.400s; Det 41 was completely OFF in ±5.0s window
3,extended_disagreement,1785698396.1,1785698401.5,5.400000095367432,3,30,30,Ph3: Det 30 ON / Det 3 OFF for 5.40s (threshold=5.0s)
3,isolated_pulse,1785698626.3,1785698628.3,2.0,30,41,30,Ph3: Det 30 isolated pulse ON/OFF for 2.000s; Det 41 was completely OFF in ±5.0s window
3,isolated_pulse,1785698628.6,1785698630.6,2.0,30,41,30,Ph3: Det 30 isolated pulse ON/OFF for 2.000s; Det 41 was completely OFF in ±5.0s window
3,isolated_pulse,1785698628.8,1785698631.0,2.200000047683716,3,41,3,Ph3: Det 3 isolated pulse ON/OFF for 2.200s; Det 41 was completely OFF in ±5.0s window
3,isolated_pulse,1785698727.6,1785698728.2,0.6000001430511475,3,30,30,Ph3: Det 30 isolated pulse ON/OFF for 0.600s; Det 3 was completely OFF in ±5.0s window
3,isolated_pulse,1785698728.0,1785698728.5,0.5,3,41,41,Ph3: Det 41 isolated pulse ON/OFF for 0.500s; Det 3 was completely OFF in ±5.0s window
3,isolated_pulse,1785698778.3,1785698780.2,1.9000000953674316,30,41,30,Ph3: Det 30 isolated pulse ON/OFF for 1.900s; Det 41 was completely OFF in ±5.0s window
3,isolated_pulse,1785698779.4,1785698781.1,1.6999998092651367,3,41,3,Ph3: Det 3 isolated pulse ON/OFF for 1.700s; Det 41 was completely OFF in ±5.0s window
3,isolated_pulse,1785698932.5,1785698932.9,0.40000009536743164,30,41,30,Ph3: Det 30 isolated pulse ON/OFF for 0.400s; Det 41 was completely OFF in ±5.0s window
3,isolated_pulse,1785698936.3,1785698937.0,0.7000000476837158,3,41,3,Ph3: Det 3 isolated pulse ON/OFF for 0.700s; Det 41 was completely OFF in ±5.0s window
3,isolated_pulse,1785699022.5,1785699022.9,0.40000009536743164,3,30,30,Ph3: Det 30 isolated pulse ON/OFF for 0.400s; Det 3 was completely OFF in ±5.0s window
3,isolated_pulse,1785699022.5,1785699022.9,0.40000009536743164,30,41,30,Ph3: Det 30 isolated pulse ON/OFF for 0.400s; Det 41 was completely OFF in ±5.0s window
3,isolated_pulse,1785699028.8,1785699029.2,0.40000009536743164,30,41,30,Ph3: Det 30 isolated pulse ON/OFF for 0.400s; Det 41 was completely OFF in ±5.0s window
3,isolated_pulse,1785699031.2,1785699032.0,0.7999999523162842,3,41,3,Ph3: Det 3 isolated pulse ON/OFF for 0.800s; Det 41 was completely OFF in ±5.0s window
3,isolated_pulse,1785699303.6,1785699307.1,3.5,3,30,3,Ph3: Det 3 isolated pulse ON/OFF for 3.500s; Det 30 was completely OFF in ±5.0s window
3,isolated_pulse,1785699303.6,1785699307.1,3.5,3,41,3,Ph3: Det 3 isolated pulse ON/OFF for 3.500s; Det 41 was completely OFF in ±5.0s window
3,isolated_pulse,1785699359.7,1785699361.0,1.2999999523162842,30,41,30,Ph3: Det 30 isolated pulse ON/OFF for 1.300s; Det 41 was completely OFF in ±5.0s window
3,isolated_pulse,1785699361.5,1785699362.7,1.2000000476837158,3,41,3,Ph3: Det 3 isolated pulse ON/OFF for 1.200s; Det 41 was completely OFF in ±5.0s window
3,isolated_pulse,1785699445.4,1785699447.7,2.299999952316284,3,30,30,Ph3: Det 30 isolated pulse ON/OFF for 2.300s; Det 3 was completely OFF in ±5.0s window
3,isolated_pulse,1785699445.4,1785699447.7,2.299999952316284,30,41,30,Ph3: Det 30 isolated pulse ON/OFF for 2.300s; Det 41 was completely OFF in ±5.0s window
3,isolated_pulse,1785699467.4,1785699467.7,0.2999999523162842,30,41,30,Ph3: Det 30 isolated pulse ON/OFF for 0.300s; Det 41 was completely OFF in ±5.0s window
3,isolated_pulse,1785699470.7,1785699471.0,0.2999999523162842,3,41,3,Ph3: Det 3 isolated pulse ON/OFF for 0.300s; Det 41 was completely OFF in ±5.0s window
3,isolated_pulse,1785699701.4,1785699702.0,0.5999999046325684,30,41,30,Ph3: Det 30 isolated pulse ON/OFF for 0.600s; Det 41 was completely OFF in ±5.0s window
3,isolated_pulse,1785699702.3,1785699702.8,0.5,3,41,3,Ph3: Det 3 isolated pulse ON/OFF for 0.500s; Det 41 was completely OFF in ±5.0s window
3,isolated_pulse,1785699706.9,1785699707.5,0.5999999046325684,3,41,3,Ph3: Det 3 isolated pulse ON/OFF for 0.600s; Det 41 was completely OFF in ±5.0s window
3,isolated_pulse,1785699770.7,1785699772.4,1.7000000476837158,30,41,30,Ph3: Det 30 isolated pulse ON/OFF for 1.700s; Det 41 was completely OFF in ±5.0s window
3,isolated_pulse,1785699771.8,1785699773.3,1.5,3,41,3,Ph3: Det 3 isolated pulse ON/OFF for 1.500s; Det 41 was completely OFF in ±5.0s window
3,isolated_pulse,1785699776.9,1785699778.5,1.5999999046325684,3,41,3,Ph3: Det 3 isolated pulse ON/OFF for 1.600s; Det 41 was completely OFF in ±5.0s window
3,extended_disagreement,1785699786.7,1785699811.4,24.700000047683716,3,30,30,Ph3: Det 30 ON / Det 3 OFF for 24.70s (threshold=5.0s)
3,extended_disagreement,1785699786.7,1785699818.8,32.09999990463257,30,41,30,Ph3: Det 30 ON / Det 41 OFF for 32.10s (threshold=5.0s)
3,isolated_pulse,1785699811.4,1785699812.8,1.3999998569488525,3,41,3,Ph3: Det 3 isolated pulse ON/OFF for 1.400s; Det 41 was completely OFF in ±5.0s window
3,extended_disagreement,1785699812.8,1785699818.8,6.0,3,30,30,Ph3: Det 30 ON / Det 3 OFF for 6.00s (threshold=5.0s)
3,extended_disagreement,1785699819.0,1785699836.1,17.09999990463257,30,41,30,Ph3: Det 30 ON / Det 41 OFF for 17.10s (threshold=5.0s)
3,isolated_pulse,1785699819.1,1785699820.4,1.3000001907348633,3,41,3,Ph3: Det 3 isolated pulse ON/OFF for 1.300s; Det 41 was completely OFF in ±5.0s window
3,extended_disagreement,1785699820.4,1785699836.1,15.699999809265137,3,30,30,Ph3: Det 30 ON / Det 3 OFF for 15.70s (threshold=5.0s)
3,extended_disagreement,1785699837.7,1785699878.1,40.39999985694885,3,30,30,Ph3: Det 30 ON / Det 3 OFF for 40.40s (threshold=5.0s)
3,extended_disagreement,1785699837.7,1785699878.1,40.39999985694885,30,41,30,Ph3: Det 30 ON / Det 41 OFF for 40.40s (threshold=5.0s)
3,isolated_pulse,1785699879.1,1785699882.8,3.700000047683716,3,30,30,Ph3: Det 30 isolated pulse ON/OFF for 3.700s; Det 3 was completely OFF in ±5.0s window
3,isolated_pulse,1785699879.1,1785699882.8,3.700000047683716,30,41,30,Ph3: Det 30 isolated pulse ON/OFF for 3.700s; Det 41 was completely OFF in ±5.0s window
3,isolated_pulse,1785699883.5,1785699884.5,1.0,3,30,30,Ph3: Det 30 isolated pulse ON/OFF for 1.000s; Det 3 was completely OFF in ±5.0s window
3,isolated_pulse,1785699883.5,1785699884.5,1.0,30,41,30,Ph3: Det 30 isolated pulse ON/OFF for 1.000s; Det 41 was completely OFF in ±5.0s window
3,extended_disagreement,1785699888.5,1785699923.4,34.90000009536743,3,30,30,Ph3: Det 30 ON / Det 3 OFF for 34.90s (threshold=5.0s)
3,extended_disagreement,1785699888.5,1785699923.4,34.90000009536743,30,41,30,Ph3: Det 30 ON / Det 41 OFF for 34.90s (threshold=5.0s)
3,isolated_pulse,1785699930.4,1785699932.2,1.7999999523162842,30,41,41,Ph3: Det 41 isolated pulse ON/OFF for 1.800s; Det 30 was completely OFF in ±5.0s window
3,isolated_pulse,1785700191.3,1785700192.7,1.4000000953674316,30,41,30,Ph3: Det 30 isolated pulse ON/OFF for 1.400s; Det 41 was completely OFF in ±5.0s window
3,isolated_pulse,1785700193.6,1785700194.1,0.5,3,41,3,Ph3: Det 3 isolated pulse ON/OFF for 0.500s; Det 41 was completely OFF in ±5.0s window
3,isolated_pulse,1785700610.8,1785700614.5,3.700000047683716,3,30,3,Ph3: Det 3 isolated pulse ON/OFF for 3.700s; Det 30 was completely OFF in ±5.0s window
3,isolated_pulse,1785700610.8,1785700614.5,3.700000047683716,3,41,3,Ph3: Det 3 isolated pulse ON/OFF for 3.700s; Det 41 was completely OFF in ±5.0s window
3,isolated_pulse,1785700690.5,1785700691.8,1.2999999523162842,3,41,3,Ph3: Det 3 isolated pulse ON/OFF for 1.300s; Det 41 was completely OFF in ±5.0s window
3,isolated_pulse,1785700691.4,1785700692.6,1.1999998092651367,30,41,30,Ph3: Det 30 isolated pulse ON/OFF for 1.200s; Det 41 was completely OFF in ±5.0s window
3,isolated_pulse,1785700707.7,1785700708.0,0.2999999523162842,3,41,3,Ph3: Det 3 isolated pulse ON/OFF for 0.300s; Det 41 was completely OFF in ±5.0s window
3,isolated_pulse,1785700709.8,1785700710.6,0.7999999523162842,30,41,30,Ph3: Det 30 isolated pulse ON/OFF for 0.800s; Det 41 was completely OFF in ±5.0s window
3,isolated_pulse,1785700711.4,1785700711.7,0.2999999523162842,30,41,30,Ph3: Det 30 isolated pulse ON/OFF for 0.300s; Det 41 was completely OFF in ±5.0s window
3,isolated_pulse,1785700719.1,1785700720.3,1.2000000476837158,3,30,3,Ph3: Det 3 isolated pulse ON/OFF for 1.200s; Det 30 was completely OFF in ±5.0s window
3,isolated_pulse,1785700719.1,1785700720.3,1.2000000476837158,3,41,3,Ph3: Det 3 isolated pulse ON/OFF for 1.200s; Det 41 was completely OFF in ±5.0s window
3,isolated_pulse,1785700720.5,1785700723.6,3.0999999046325684,3,30,3,Ph3: Det 3 isolated pulse ON/OFF for 3.100s; Det 30 was completely OFF in ±5.0s window
3,isolated_pulse,1785700720.5,1785700723.6,3.0999999046325684,3,41,3,Ph3: Det 3 isolated pulse ON/OFF for 3.100s; Det 41 was completely OFF in ±5.0s window
3,isolated_pulse,1785700724.6,1785700729.5,4.900000095367432,3,30,3,Ph3: Det 3 isolated pulse ON/OFF for 4.900s; Det 30 was completely OFF in ±5.0s window
3,isolated_pulse,1785700724.6,1785700729.5,4.900000095367432,3,41,3,Ph3: Det 3 isolated pulse ON/OFF for 4.900s; Det 41 was completely OFF in ±5.0s window
3,extended_disagreement,1785700737.0,1785700742.3,5.299999952316284,3,30,3,Ph3: Det 3 ON / Det 30 OFF for 5.30s (threshold=5.0s)
3,extended_disagreement,1785700737.0,1785700742.3,5.299999952316284,3,41,3,Ph3: Det 3 ON / Det 41 OFF for 5.30s (threshold=5.0s)
3,isolated_pulse,1785700756.6,1785700757.3,0.7000000476837158,30,41,30,Ph3: Det 30 isolated pulse ON/OFF for 0.700s; Det 41 was completely OFF in ±5.0s window
3,isolated_pulse,1785700757.8,1785700759.3,1.5,30,41,30,Ph3: Det 30 isolated pulse ON/OFF for 1.500s; Det 41 was completely OFF in ±5.0s window
3,extended_disagreement,1785700757.9,1785700763.6,5.699999809265137,3,41,3,Ph3: Det 3 ON / Det 41 OFF for 5.70s (threshold=5.0s)
3,isolated_pulse,1785700759.8,1785700760.2,0.40000009536743164,30,41,30,Ph3: Det 30 isolated pulse ON/OFF for 0.400s; Det 41 was completely OFF in ±5.0s window
3,isolated_pulse,1785700781.1,1785700784.8,3.700000047683716,3,30,3,Ph3: Det 3 isolated pulse ON/OFF for 3.700s; Det 30 was completely OFF in ±5.0s window
3,isolated_pulse,1785700781.1,1785700784.8,3.700000047683716,3,41,3,Ph3: Det 3 isolated pulse ON/OFF for 3.700s; Det 41 was completely OFF in ±5.0s window
3,extended_disagreement,1785700786.4,1785700792.4,6.0,3,41,3,Ph3: Det 3 ON / Det 41 OFF for 6.00s (threshold=5.0s)
3,isolated_pulse,1785700789.8,1785700790.2,0.40000009536743164,30,41,30,Ph3: Det 30 isolated pulse ON/OFF for 0.400s; Det 41 was completely OFF in ±5.0s window
3,isolated_pulse,1785700798.0,1785700798.1,0.09999990463256836,3,30,3,Ph3: Det 3 isolated pulse ON/OFF for 0.100s; Det 30 was completely OFF in ±5.0s window
3,isolated_pulse,1785700798.0,1785700798.1,0.09999990463256836,3,41,3,Ph3: Det 3 isolated pulse ON/OFF for 0.100s; Det 41 was completely OFF in ±5.0s window
3,isolated_pulse,1785700844.8,1785700849.0,4.200000047683716,3,30,3,Ph3: Det 3 isolated pulse ON/OFF for 4.200s; Det 30 was completely OFF in ±5.0s window
3,isolated_pulse,1785700844.8,1785700849.0,4.200000047683716,3,41,3,Ph3: Det 3 isolated pulse ON/OFF for 4.200s; Det 41 was completely OFF in ±5.0s window
3,extended_disagreement,1785700861.8,1785700872.9,11.100000143051147,3,30,30,Ph3: Det 30 ON / Det 3 OFF for 11.10s (threshold=5.0s)
3,extended_disagreement,1785700861.8,1785700873.5,11.700000047683716,30,41,30,Ph3: Det 30 ON / Det 41 OFF for 11.70s (threshold=5.0s)
3,extended_disagreement,1785701349.6,1785701464.2,114.60000014305115,3,41,3,Ph3: Det 3 ON / Det 41 OFF for 114.60s (threshold=5.0s)
3,extended_disagreement,1785701349.6,1785701464.2,114.60000014305115,30,41,30,Ph3: Det 30 ON / Det 41 OFF for 114.60s (threshold=5.0s)
3,isolated_pulse,1785701608.9,1785701609.7,0.7999999523162842,30,41,30,Ph3: Det 30 isolated pulse ON/OFF for 0.800s; Det 41 was completely OFF in ±5.0s window
3,isolated_pulse,1785701610.4,1785701611.0,0.5999999046325684,3,41,3,Ph3: Det 3 isolated pulse ON/OFF for 0.600s; Det 41 was completely OFF in ±5.0s window
3,isolated_pulse,1785701611.2,1785701612.1,0.8999998569488525,3,41,3,Ph3: Det 3 isolated pulse ON/OFF for 0.900s; Det 41 was completely OFF in ±5.0s window
3,isolated_pulse,1785701631.9,1785701633.3,1.3999998569488525,3,30,3,Ph3: Det 3 isolated pulse ON/OFF for 1.400s; Det 30 was completely OFF in ±5.0s window
3,isolated_pulse,1785701631.9,1785701633.3,1.3999998569488525,3,41,3,Ph3: Det 3 isolated pulse ON/OFF for 1.400s; Det 41 was completely OFF in ±5.0s window
3,isolated_pulse,1785701953.6,1785701954.0,0.40000009536743164,30,41,30,Ph3: Det 30 isolated pulse ON/OFF for 0.400s; Det 41 was completely OFF in ±5.0s window
3,isolated_pulse,1785701956.2,1785701956.7,0.5,3,41,3,Ph3: Det 3 isolated pulse ON/OFF for 0.500s; Det 41 was completely OFF in ±5.0s window
3,isolated_pulse,1785701989.1,1785701989.4,0.3000001907348633,3,30,3,Ph3: Det 3 isolated pulse ON/OFF for 0.300s; Det 30 was completely OFF in ±5.0s window
3,isolated_pulse,1785701989.1,1785701989.4,0.3000001907348633,3,41,3,Ph3: Det 3 isolated pulse ON/OFF for 0.300s; Det 41 was completely OFF in ±5.0s window
3,extended_disagreement,1785702426.0,1785702432.5,6.5,3,41,3,Ph3: Det 3 ON / Det 41 OFF for 6.50s (threshold=5.0s)
3,extended_disagreement,1785702426.0,1785702431.1,5.099999904632568,30,41,30,Ph3: Det 30 ON / Det 41 OFF for 5.10s (threshold=5.0s)
3,isolated_pulse,1785702676.5,1785702678.3,1.7999999523162842,3,30,3,Ph3: Det 3 isolated pulse ON/OFF for 1.800s; Det 30 was completely OFF in ±5.0s window
3,isolated_pulse,1785702676.5,1785702678.3,1.7999999523162842,3,41,3,Ph3: Det 3 isolated pulse ON/OFF for 1.800s; Det 41 was completely OFF in ±5.0s window
3,isolated_pulse,1785702701.7,1785702702.6,0.8999998569488525,30,41,30,Ph3: Det 30 isolated pulse ON/OFF for 0.900s; Det 41 was completely OFF in ±5.0s window
3,isolated_pulse,1785702703.7,1785702705.2,1.5,3,41,3,Ph3: Det 3 isolated pulse ON/OFF for 1.500s; Det 41 was completely OFF in ±5.0s window
3,extended_disagreement,1785703215.0,1785703226.1,11.099999904632568,3,41,3,Ph3: Det 3 ON / Det 41 OFF for 11.10s (threshold=5.0s)
3,extended_disagreement,1785703215.0,1785703224.4,9.400000095367432,30,41,30,Ph3: Det 30 ON / Det 41 OFF for 9.40s (threshold=5.0s)
3,isolated_pulse,1785703231.2,1785703235.5,4.299999952316284,3,30,3,Ph3: Det 3 isolated pulse ON/OFF for 4.300s; Det 30 was completely OFF in ±5.0s window
3,isolated_pulse,1785703231.2,1785703235.5,4.299999952316284,3,41,3,Ph3: Det 3 isolated pulse ON/OFF for 4.300s; Det 41 was completely OFF in ±5.0s window
3,extended_disagreement,1785703404.4,1785703418.1,13.699999809265137,30,41,41,Ph3: Det 41 ON / Det 30 OFF for 13.70s (threshold=5.0s)
3,extended_disagreement,1785703410.9,1785703418.1,7.199999809265137,3,41,41,Ph3: Det 41 ON / Det 3 OFF for 7.20s (threshold=5.0s)
3,extended_disagreement,1785703495.1,1785703587.9,92.80000019073486,3,41,3,Ph3: Det 3 ON / Det 41 OFF for 92.80s (threshold=5.0s)
3,extended_disagreement,1785703495.6,1785703587.9,92.30000019073486,30,41,30,Ph3: Det 30 ON / Det 41 OFF for 92.30s (threshold=5.0s)
3,isolated_pulse,1785703796.7,1785703799.0,2.299999952316284,3,30,3,Ph3: Det 3 isolated pulse ON/OFF for 2.300s; Det 30 was completely OFF in ±5.0s window
3,isolated_pulse,1785703796.7,1785703799.0,2.299999952316284,3,41,3,Ph3: Det 3 isolated pulse ON/OFF for 2.300s; Det 41 was completely OFF in ±5.0s window
3,isolated_pulse,1785703872.0,1785703872.4,0.40000009536743164,3,30,3,Ph3: Det 3 isolated pulse ON/OFF for 0.400s; Det 30 was completely OFF in ±5.0s window
3,isolated_pulse,1785703872.0,1785703872.4,0.40000009536743164,3,41,3,Ph3: Det 3 isolated pulse ON/OFF for 0.400s; Det 41 was completely OFF in ±5.0s window
3,extended_disagreement,1785704083.7,1785704092.5,8.799999952316284,30,41,41,Ph3: Det 41 ON / Det 30 OFF for 8.80s (threshold=5.0s)
3,extended_disagreement,1785704086.6,1785704094.8,8.200000047683716,3,41,41,Ph3: Det 41 ON / Det 3 OFF for 8.20s (threshold=5.0s)
3,extended_disagreement,1785704166.1,1785704173.4,7.300000190734863,3,41,3,Ph3: Det 3 ON / Det 41 OFF for 7.30s (threshold=5.0s)
3,extended_disagreement,1785704166.1,1785704173.4,7.300000190734863,30,41,30,Ph3: Det 30 ON / Det 41 OFF for 7.30s (threshold=5.0s)
3,extended_disagreement,1785704276.3,1785704289.9,13.600000143051147,3,30,3,Ph3: Det 3 ON / Det 30 OFF for 13.60s (threshold=5.0s)
3,extended_disagreement,1785704276.3,1785704289.9,13.600000143051147,3,41,3,Ph3: Det 3 ON / Det 41 OFF for 13.60s (threshold=5.0s)
3,isolated_pulse,1785704293.4,1785704294.6,1.1999998092651367,3,30,3,Ph3: Det 3 isolated pulse ON/OFF for 1.200s; Det 30 was completely OFF in ±5.0s window
3,isolated_pulse,1785704293.4,1785704294.6,1.1999998092651367,3,41,3,Ph3: Det 3 isolated pulse ON/OFF for 1.200s; Det 41 was completely OFF in ±5.0s window
3,isolated_pulse,1785704298.3,1785704298.7,0.40000009536743164,3,41,3,Ph3: Det 3 isolated pulse ON/OFF for 0.400s; Det 41 was completely OFF in ±5.0s window
3,extended_disagreement,1785704663.3,1785704705.4,42.10000014305115,30,41,41,Ph3: Det 41 ON / Det 30 OFF for 42.10s (threshold=5.0s)
3,extended_disagreement,1785704665.0,1785704674.8,9.799999952316284,3,41,41,Ph3: Det 41 ON / Det 3 OFF for 9.80s (threshold=5.0s)
3,isolated_pulse,1785704674.8,1785704676.3,1.5,3,30,3,Ph3: Det 3 isolated pulse ON/OFF for 1.500s; Det 30 was completely OFF in ±5.0s window
3,isolated_pulse,1785704679.3,1785704679.6,0.2999999523162842,3,30,3,Ph3: Det 3 isolated pulse ON/OFF for 0.300s; Det 30 was completely OFF in ±5.0s window
3,extended_disagreement,1785704679.6,1785704706.7,27.100000143051147,3,41,41,Ph3: Det 41 ON / Det 3 OFF for 27.10s (threshold=5.0s)
3,extended_disagreement,1785704773.8,1785704899.8,126.0,30,41,30,Ph3: Det 30 ON / Det 41 OFF for 126.00s (threshold=5.0s)
3,extended_disagreement,1785704774.0,1785704900.4,126.40000009536743,3,41,3,Ph3: Det 3 ON / Det 41 OFF for 126.40s (threshold=5.0s)
3,isolated_pulse,1785705169.2,1785705170.5,1.2999999523162842,3,30,3,Ph3: Det 3 isolated pulse ON/OFF for 1.300s; Det 30 was completely OFF in ±5.0s window
3,isolated_pulse,1785705169.2,1785705170.5,1.2999999523162842,3,41,3,Ph3: Det 3 isolated pulse ON/OFF for 1.300s; Det 41 was completely OFF in ±5.0s window
3,extended_disagreement,1785705233.1,1785705258.3,25.200000047683716,3,41,3,Ph3: Det 3 ON / Det 41 OFF for 25.20s (threshold=5.0s)
3,extended_disagreement,1785705233.2,1785705258.3,25.09999990463257,30,41,30,Ph3: Det 30 ON / Det 41 OFF for 25.10s (threshold=5.0s)
3,isolated_pulse,1785705495.6,1785705496.5,0.9000000953674316,3,41,41,Ph3: Det 41 isolated pulse ON/OFF for 0.900s; Det 3 was completely OFF in ±5.0s window
3,isolated_pulse,1785705495.6,1785705496.5,0.9000000953674316,30,41,41,Ph3: Det 41 isolated pulse ON/OFF for 0.900s; Det 30 was completely OFF in ±5.0s window
3,extended_disagreement,1785705538.1,1785705762.6,224.5,3,41,3,Ph3: Det 3 ON / Det 41 OFF for 224.50s (threshold=5.0s)
3,extended_disagreement,1785705540.4,1785705762.6,222.19999980926514,3,30,3,Ph3: Det 3 ON / Det 30 OFF for 222.20s (threshold=5.0s)
3,isolated_pulse,1785706186.9,1785706187.1,0.19999980926513672,3,30,3,Ph3: Det 3 isolated pulse ON/OFF for 0.200s; Det 30 was completely OFF in ±5.0s window
3,isolated_pulse,1785706186.9,1785706187.1,0.19999980926513672,3,41,3,Ph3: Det 3 isolated pulse ON/OFF for 0.200s; Det 41 was completely OFF in ±5.0s window
3,isolated_pulse,1785706758.3,1785706758.5,0.20000004768371582,3,41,3,Ph3: Det 3 isolated pulse ON/OFF for 0.200s; Det 41 was completely OFF in ±5.0s window
3,extended_disagreement,1785706759.8,1785706776.3,16.5,30,41,30,Ph3: Det 30 ON / Det 41 OFF for 16.50s (threshold=5.0s)
3,extended_disagreement,1785706761.9,1785706776.3,14.399999856948853,3,41,3,Ph3: Det 3 ON / Det 41 OFF for 14.40s (threshold=5.0s)
3,extended_disagreement,1785706777.3,1785706880.7,103.40000009536743,3,41,3,Ph3: Det 3 ON / Det 41 OFF for 103.40s (threshold=5.0s)
3,extended_disagreement,1785706777.3,1785706880.7,103.40000009536743,30,41,30,Ph3: Det 30 ON / Det 41 OFF for 103.40s (threshold=5.0s)
3,extended_disagreement,1785706967.4,1785706993.4,26.0,30,41,41,Ph3: Det 41 ON / Det 30 OFF for 26.00s (threshold=5.0s)
3,extended_disagreement,1785706968.9,1785706993.0,24.09999990463257,3,41,41,Ph3: Det 41 ON / Det 3 OFF for 24.10s (threshold=5.0s)
3,extended_disagreement,1785706995.8,1785707032.6,36.799999952316284,30,41,41,Ph3: Det 41 ON / Det 30 OFF for 36.80s (threshold=5.0s)
3,extended_disagreement,1785707000.4,1785707032.5,32.09999990463257,3,41,41,Ph3: Det 41 ON / Det 3 OFF for 32.10s (threshold=5.0s)
3,extended_disagreement,1785707045.8,1785707063.9,18.100000143051147,30,41,41,Ph3: Det 41 ON / Det 30 OFF for 18.10s (threshold=5.0s)
3,extended_disagreement,1785707048.4,1785707063.9,15.5,3,41,41,Ph3: Det 41 ON / Det 3 OFF for 15.50s (threshold=5.0s)
3,isolated_pulse,1785707130.2,1785707130.7,0.5,30,41,30,Ph3: Det 30 isolated pulse ON/OFF for 0.500s; Det 41 was completely OFF in ±5.0s window
3,isolated_pulse,1785707134.5,1785707134.7,0.20000004768371582,3,41,3,Ph3: Det 3 isolated pulse ON/OFF for 0.200s; Det 41 was completely OFF in ±5.0s window
3,isolated_pulse,1785707155.4,1785707156.1,0.6999998092651367,3,30,3,Ph3: Det 3 isolated pulse ON/OFF for 0.700s; Det 30 was completely OFF in ±5.0s window
3,isolated_pulse,1785707155.4,1785707156.1,0.6999998092651367,3,41,3,Ph3: Det 3 isolated pulse ON/OFF for 0.700s; Det 41 was completely OFF in ±5.0s window
3,isolated_pulse,1785707223.8,1785707227.0,3.200000047683716,3,30,30,Ph3: Det 30 isolated pulse ON/OFF for 3.200s; Det 3 was completely OFF in ±5.0s window
3,isolated_pulse,1785707223.8,1785707227.0,3.200000047683716,30,41,30,Ph3: Det 30 isolated pulse ON/OFF for 3.200s; Det 41 was completely OFF in ±5.0s window
3,isolated_pulse,1785707227.4,1785707229.0,1.5999999046325684,3,30,30,Ph3: Det 30 isolated pulse ON/OFF for 1.600s; Det 3 was completely OFF in ±5.0s window
3,isolated_pulse,1785707227.4,1785707229.0,1.5999999046325684,30,41,30,Ph3: Det 30 isolated pulse ON/OFF for 1.600s; Det 41 was completely OFF in ±5.0s window
3,isolated_pulse,1785707258.4,1785707258.8,0.39999985694885254,3,30,3,Ph3: Det 3 isolated pulse ON/OFF for 0.400s; Det 30 was completely OFF in ±5.0s window
3,isolated_pulse,1785707258.4,1785707258.8,0.39999985694885254,3,41,3,Ph3: Det 3 isolated pulse ON/OFF for 0.400s; Det 41 was completely OFF in ±5.0s window
3,isolated_pulse,1785707287.4,1785707287.8,0.39999985694885254,30,41,30,Ph3: Det 30 isolated pulse ON/OFF for 0.400s; Det 41 was completely OFF in ±5.0s window
3,isolated_pulse,1785707289.4,1785707290.6,1.1999998092651367,30,41,30,Ph3: Det 30 isolated pulse ON/OFF for 1.200s; Det 41 was completely OFF in ±5.0s window
3,isolated_pulse,1785707289.5,1785707291.2,1.7000000476837158,3,41,3,Ph3: Det 3 isolated pulse ON/OFF for 1.700s; Det 41 was completely OFF in ±5.0s window
3,extended_disagreement,1785707659.9,1785707666.6,6.699999809265137,30,41,41,Ph3: Det 41 ON / Det 30 OFF for 6.70s (threshold=5.0s)
3,extended_disagreement,1785707661.4,1785707666.6,5.199999809265137,3,41,41,Ph3: Det 41 ON / Det 3 OFF for 5.20s (threshold=5.0s)
3,extended_disagreement,1785707667.9,1785707786.0,118.09999990463257,30,41,30,Ph3: Det 30 ON / Det 41 OFF for 118.10s (threshold=5.0s)
3,extended_disagreement,1785707668.0,1785707786.5,118.5,3,41,3,Ph3: Det 3 ON / Det 41 OFF for 118.50s (threshold=5.0s)
3,isolated_pulse,1785707830.1,1785707831.9,1.8000001907348633,3,41,41,Ph3: Det 41 isolated pulse ON/OFF for 1.800s; Det 3 was completely OFF in ±5.0s window
3,isolated_pulse,1785707831.2,1785707831.6,0.39999985694885254,3,30,30,Ph3: Det 30 isolated pulse ON/OFF for 0.400s; Det 3 was completely OFF in ±5.0s window
3,extended_disagreement,1785707900.4,1785707986.8,86.39999985694885,30,41,30,Ph3: Det 30 ON / Det 41 OFF for 86.40s (threshold=5.0s)
3,extended_disagreement,1785707903.2,1785707986.8,83.59999990463257,3,41,3,Ph3: Det 3 ON / Det 41 OFF for 83.60s (threshold=5.0s)
3,isolated_pulse,1785708082.1,1785708083.7,1.6000001430511475,30,41,30,Ph3: Det 30 isolated pulse ON/OFF for 1.600s; Det 41 was completely OFF in ±5.0s window
3,isolated_pulse,1785708082.9,1785708084.5,1.5999999046325684,3,41,3,Ph3: Det 3 isolated pulse ON/OFF for 1.600s; Det 41 was completely OFF in ±5.0s window
3,isolated_pulse,1785708143.3,1785708145.2,1.9000000953674316,3,41,41,Ph3: Det 41 isolated pulse ON/OFF for 1.900s; Det 3 was completely OFF in ±5.0s window
3,isolated_pulse,1785708143.3,1785708145.2,1.9000000953674316,30,41,41,Ph3: Det 41 isolated pulse ON/OFF for 1.900s; Det 30 was completely OFF in ±5.0s window
3,extended_disagreement,1785708155.8,1785708162.4,6.6000001430511475,30,41,41,Ph3: Det 41 ON / Det 30 OFF for 6.60s (threshold=5.0s)
3,extended_disagreement,1785708157.8,1785708168.0,10.200000047683716,3,41,41,Ph3: Det 41 ON / Det 3 OFF for 10.20s (threshold=5.0s)
3,extended_disagreement,1785708162.4,1785708168.0,5.599999904632568,3,30,30,Ph3: Det 30 ON / Det 3 OFF for 5.60s (threshold=5.0s)
3,extended_disagreement,1785708169.6,1785708175.8,6.200000047683716,3,30,30,Ph3: Det 30 ON / Det 3 OFF for 6.20s (threshold=5.0s)
3,extended_disagreement,1785708169.6,1785708175.8,6.200000047683716,3,41,41,Ph3: Det 41 ON / Det 3 OFF for 6.20s (threshold=5.0s)
3,extended_disagreement,1785708176.5,1785708182.3,5.799999952316284,3,30,30,Ph3: Det 30 ON / Det 3 OFF for 5.80s (threshold=5.0s)
3,extended_disagreement,1785708176.5,1785708182.3,5.799999952316284,3,41,41,Ph3: Det 41 ON / Det 3 OFF for 5.80s (threshold=5.0s)
3,extended_disagreement,1785708328.1,1785708333.3,5.200000047683716,3,30,3,Ph3: Det 3 ON / Det 30 OFF for 5.20s (threshold=5.0s)
3,extended_disagreement,1785708328.1,1785708333.3,5.200000047683716,30,41,41,Ph3: Det 41 ON / Det 30 OFF for 5.20s (threshold=5.0s)
3,extended_disagreement,1785708615.7,1785708620.9,5.200000047683716,3,30,30,Ph3: Det 30 ON / Det 3 OFF for 5.20s (threshold=5.0s)
3,isolated_pulse,1785708801.8,1785708802.6,0.7999999523162842,30,41,30,Ph3: Det 30 isolated pulse ON/OFF for 0.800s; Det 41 was completely OFF in ±5.0s window
3,isolated_pulse,1785708803.4,1785708803.6,0.19999980926513672,3,41,3,Ph3: Det 3 isolated pulse ON/OFF for 0.200s; Det 41 was completely OFF in ±5.0s window
3,extended_disagreement,1785708804.6,1785708903.5,98.90000009536743,30,41,30,Ph3: Det 30 ON / Det 41 OFF for 98.90s (threshold=5.0s)
3,extended_disagreement,1785708806.2,1785708903.5,97.29999995231628,3,41,3,Ph3: Det 3 ON / Det 41 OFF for 97.30s (threshold=5.0s)
3,extended_disagreement,1785709216.2,1785709288.5,72.29999995231628,3,41,3,Ph3: Det 3 ON / Det 41 OFF for 72.30s (threshold=5.0s)
3,extended_disagreement,1785709216.2,1785709288.5,72.29999995231628,30,41,30,Ph3: Det 30 ON / Det 41 OFF for 72.30s (threshold=5.0s)
3,isolated_pulse,1785709933.1,1785709935.9,2.8000001907348633,30,41,30,Ph3: Det 30 isolated pulse ON/OFF for 2.800s; Det 41 was completely OFF in ±5.0s window
3,isolated_pulse,1785709937.1,1785709937.9,0.8000001907348633,30,41,30,Ph3: Det 30 isolated pulse ON/OFF for 0.800s; Det 41 was completely OFF in ±5.0s window
3,isolated_pulse,1785709938.7,1785709939.5,0.7999999523162842,30,41,30,Ph3: Det 30 isolated pulse ON/OFF for 0.800s; Det 41 was completely OFF in ±5.0s window
3,extended_disagreement,1785709939.5,1785709983.0,43.5,3,41,3,Ph3: Det 3 ON / Det 41 OFF for 43.50s (threshold=5.0s)
3,extended_disagreement,1785709940.3,1785710026.4,86.10000014305115,30,41,30,Ph3: Det 30 ON / Det 41 OFF for 86.10s (threshold=5.0s)
3,extended_disagreement,1785709983.0,1785710027.0,44.0,3,30,30,Ph3: Det 30 ON / Det 3 OFF for 44.00s (threshold=5.0s)
3,isolated_pulse,1785710205.4,1785710205.7,0.2999999523162842,3,30,3,Ph3: Det 3 isolated pulse ON/OFF for 0.300s; Det 30 was completely OFF in ±5.0s window
3,isolated_pulse,1785710205.4,1785710205.7,0.2999999523162842,3,41,3,Ph3: Det 3 isolated pulse ON/OFF for 0.300s; Det 41 was completely OFF in ±5.0s window
3,extended_disagreement,1785710398.1,1785710403.7,5.6000001430511475,30,41,30,Ph3: Det 30 ON / Det 41 OFF for 5.60s (threshold=5.0s)
3,isolated_pulse,1785710435.6,1785710437.6,2.0,3,30,3,Ph3: Det 3 isolated pulse ON/OFF for 2.000s; Det 30 was completely OFF in ±5.0s window
3,isolated_pulse,1785710435.6,1785710437.6,2.0,3,41,3,Ph3: Det 3 isolated pulse ON/OFF for 2.000s; Det 41 was completely OFF in ±5.0s window
3,extended_disagreement,1785710962.6,1785710970.5,7.900000095367432,3,41,41,Ph3: Det 41 ON / Det 3 OFF for 7.90s (threshold=5.0s)
3,extended_disagreement,1785710962.9,1785710970.5,7.599999904632568,30,41,30,Ph3: Det 30 ON / Det 41 OFF for 7.60s (threshold=5.0s)
3,extended_disagreement,1785711278.7,1785711329.8,51.09999990463257,3,30,30,Ph3: Det 30 ON / Det 3 OFF for 51.10s (threshold=5.0s)
3,extended_disagreement,1785711278.7,1785711328.9,50.200000047683716,30,41,30,Ph3: Det 30 ON / Det 41 OFF for 50.20s (threshold=5.0s)
3,isolated_pulse,1785711506.8,1785711507.1,0.2999999523162842,3,30,30,Ph3: Det 30 isolated pulse ON/OFF for 0.300s; Det 3 was completely OFF in ±5.0s window
3,isolated_pulse,1785711506.8,1785711507.1,0.2999999523162842,30,41,30,Ph3: Det 30 isolated pulse ON/OFF for 0.300s; Det 41 was completely OFF in ±5.0s window
3,isolated_pulse,1785711508.0,1785711508.4,0.40000009536743164,3,30,30,Ph3: Det 30 isolated pulse ON/OFF for 0.400s; Det 3 was completely OFF in ±5.0s window
3,isolated_pulse,1785711508.0,1785711508.4,0.40000009536743164,30,41,30,Ph3: Det 30 isolated pulse ON/OFF for 0.400s; Det 41 was completely OFF in ±5.0s window
3,isolated_pulse,1785711524.1,1785711525.2,1.1000001430511475,3,30,3,Ph3: Det 3 isolated pulse ON/OFF for 1.100s; Det 30 was completely OFF in ±5.0s window
3,isolated_pulse,1785711524.1,1785711525.2,1.1000001430511475,3,41,3,Ph3: Det 3 isolated pulse ON/OFF for 1.100s; Det 41 was completely OFF in ±5.0s window
3,isolated_pulse,1785711563.9,1785711565.9,2.0,30,41,30,Ph3: Det 30 isolated pulse ON/OFF for 2.000s; Det 41 was completely OFF in ±5.0s window
3,isolated_pulse,1785711565.7,1785711566.7,1.0,3,41,3,Ph3: Det 3 isolated pulse ON/OFF for 1.000s; Det 41 was completely OFF in ±5.0s window
3,isolated_pulse,1785711566.3,1785711568.4,2.1000001430511475,30,41,30,Ph3: Det 30 isolated pulse ON/OFF for 2.100s; Det 41 was completely OFF in ±5.0s window
3,isolated_pulse,1785711567.1,1785711568.3,1.2000000476837158,3,41,3,Ph3: Det 3 isolated pulse ON/OFF for 1.200s; Det 41 was completely OFF in ±5.0s window
3,isolated_pulse,1785711570.7,1785711571.4,0.7000000476837158,3,41,3,Ph3: Det 3 isolated pulse ON/OFF for 0.700s; Det 41 was completely OFF in ±5.0s window
3,isolated_pulse,1785711793.6,1785711796.4,2.8000001907348633,30,41,30,Ph3: Det 30 isolated pulse ON/OFF for 2.800s; Det 41 was completely OFF in ±5.0s window
3,isolated_pulse,1785711795.3,1785711797.6,2.299999952316284,3,41,3,Ph3: Det 3 isolated pulse ON/OFF for 2.300s; Det 41 was completely OFF in ±5.0s window
3,extended_disagreement,1785711926.1,1785712061.6,135.5,30,41,30,Ph3: Det 30 ON / Det 41 OFF for 135.50s (threshold=5.0s)
3,extended_disagreement,1785711928.4,1785712061.6,133.19999980926514,3,41,3,Ph3: Det 3 ON / Det 41 OFF for 133.20s (threshold=5.0s)
3,extended_disagreement,1785712298.1,1785712434.7,136.60000014305115,30,41,41,Ph3: Det 41 ON / Det 30 OFF for 136.60s (threshold=5.0s)
3,extended_disagreement,1785712301.6,1785712434.7,133.10000014305115,3,41,41,Ph3: Det 41 ON / Det 3 OFF for 133.10s (threshold=5.0s)
3,extended_disagreement,1785712435.8,1785712445.8,10.0,30,41,30,Ph3: Det 30 ON / Det 41 OFF for 10.00s (threshold=5.0s)
3,isolated_pulse,1785712440.8,1785712442.9,2.1000001430511475,3,41,3,Ph3: Det 3 isolated pulse ON/OFF for 2.100s; Det 41 was completely OFF in ±5.0s window
3,isolated_pulse,1785712444.1,1785712446.1,2.0,3,41,3,Ph3: Det 3 isolated pulse ON/OFF for 2.000s; Det 41 was completely OFF in ±5.0s window
3,extended_disagreement,1785712458.4,1785712479.8,21.399999856948853,3,41,3,Ph3: Det 3 ON / Det 41 OFF for 21.40s (threshold=5.0s)
3,extended_disagreement,1785712458.4,1785712479.8,21.399999856948853,30,41,30,Ph3: Det 30 ON / Det 41 OFF for 21.40s (threshold=5.0s)
3,extended_disagreement,1785712480.5,1785712488.5,8.0,3,41,3,Ph3: Det 3 ON / Det 41 OFF for 8.00s (threshold=5.0s)
3,extended_disagreement,1785712480.5,1785712487.4,6.900000095367432,30,41,30,Ph3: Det 30 ON / Det 41 OFF for 6.90s (threshold=5.0s)
3,extended_disagreement,1785712493.7,1785712501.3,7.599999904632568,30,41,30,Ph3: Det 30 ON / Det 41 OFF for 7.60s (threshold=5.0s)
3,extended_disagreement,1785712549.1,1785712640.2,91.10000014305115,3,41,3,Ph3: Det 3 ON / Det 41 OFF for 91.10s (threshold=5.0s)
3,extended_disagreement,1785712549.1,1785712640.2,91.10000014305115,30,41,30,Ph3: Det 30 ON / Det 41 OFF for 91.10s (threshold=5.0s)
3,isolated_pulse,1785712732.4,1785712733.2,0.7999999523162842,30,41,41,Ph3: Det 41 isolated pulse ON/OFF for 0.800s; Det 30 was completely OFF in ±5.0s window
3,isolated_pulse,1785712733.3,1785712733.5,0.20000004768371582,30,41,41,Ph3: Det 41 isolated pulse ON/OFF for 0.200s; Det 30 was completely OFF in ±5.0s window
3,isolated_pulse,1785712733.4,1785712734.1,0.6999998092651367,3,30,3,Ph3: Det 3 isolated pulse ON/OFF for 0.700s; Det 30 was completely OFF in ±5.0s window
3,isolated_pulse,1785712733.8,1785712733.9,0.10000014305114746,30,41,41,Ph3: Det 41 isolated pulse ON/OFF for 0.100s; Det 30 was completely OFF in ±5.0s window
3,isolated_pulse,1785712800.1,1785712800.9,0.8000001907348633,30,41,30,Ph3: Det 30 isolated pulse ON/OFF for 0.800s; Det 41 was completely OFF in ±5.0s window
3,isolated_pulse,1785712802.0,1785712803.9,1.9000000953674316,3,41,3,Ph3: Det 3 isolated pulse ON/OFF for 1.900s; Det 41 was completely OFF in ±5.0s window
3,isolated_pulse,1785712802.1,1785712802.9,0.8000001907348633,30,41,30,Ph3: Det 30 isolated pulse ON/OFF for 0.800s; Det 41 was completely OFF in ±5.0s window
3,extended_disagreement,1785712918.8,1785712984.9,66.10000014305115,30,41,30,Ph3: Det 30 ON / Det 41 OFF for 66.10s (threshold=5.0s)
3,extended_disagreement,1785712921.7,1785712984.9,63.200000047683716,3,41,3,Ph3: Det 3 ON / Det 41 OFF for 63.20s (threshold=5.0s)
3,isolated_pulse,1785713080.7,1785713081.4,0.7000000476837158,30,41,41,Ph3: Det 41 isolated pulse ON/OFF for 0.700s; Det 30 was completely OFF in ±5.0s window
3,isolated_pulse,1785713082.5,1785713082.8,0.2999999523162842,30,41,41,Ph3: Det 41 isolated pulse ON/OFF for 0.300s; Det 30 was completely OFF in ±5.0s window
3,isolated_pulse,1785713085.6,1785713086.1,0.5,3,30,3,Ph3: Det 3 isolated pulse ON/OFF for 0.500s; Det 30 was completely OFF in ±5.0s window
3,isolated_pulse,1785713386.8,1785713387.5,0.7000000476837158,3,41,41,Ph3: Det 41 isolated pulse ON/OFF for 0.700s; Det 3 was completely OFF in ±5.0s window
3,isolated_pulse,1785713392.5,1785713394.0,1.5,3,41,3,Ph3: Det 3 isolated pulse ON/OFF for 1.500s; Det 41 was completely OFF in ±5.0s window
3,extended_disagreement,1785713393.9,1785713428.6,34.69999980926514,30,41,30,Ph3: Det 30 ON / Det 41 OFF for 34.70s (threshold=5.0s)
3,extended_disagreement,1785713396.0,1785713428.7,32.700000047683716,3,41,3,Ph3: Det 3 ON / Det 41 OFF for 32.70s (threshold=5.0s)
3,extended_disagreement,1785714053.7,1785714062.0,8.299999952316284,30,41,41,Ph3: Det 41 ON / Det 30 OFF for 8.30s (threshold=5.0s)
3,extended_disagreement,1785714055.4,1785714062.0,6.599999904632568,3,41,41,Ph3: Det 41 ON / Det 3 OFF for 6.60s (threshold=5.0s)
3,extended_disagreement,1785714299.1,1785714341.0,41.90000009536743,3,41,3,Ph3: Det 3 ON / Det 41 OFF for 41.90s (threshold=5.0s)
3,extended_disagreement,1785714299.1,1785714341.0,41.90000009536743,30,41,30,Ph3: Det 30 ON / Det 41 OFF for 41.90s (threshold=5.0s)
3,extended_disagreement,1785714820.2,1785714843.0,22.799999952316284,30,41,30,Ph3: Det 30 ON / Det 41 OFF for 22.80s (threshold=5.0s)
3,extended_disagreement,1785714822.8,1785714843.0,20.200000047683716,3,41,3,Ph3: Det 3 ON / Det 41 OFF for 20.20s (threshold=5.0s)
3,isolated_pulse,1785715091.0,1785715091.3,0.2999999523162842,3,30,3,Ph3: Det 3 isolated pulse ON/OFF for 0.300s; Det 30 was completely OFF in ±5.0s window
3,isolated_pulse,1785715091.0,1785715091.3,0.2999999523162842,3,41,3,Ph3: Det 3 isolated pulse ON/OFF for 0.300s; Det 41 was completely OFF in ±5.0s window
3,isolated_pulse,1785715271.5,1785715272.2,0.7000000476837158,30,41,30,Ph3: Det 30 isolated pulse ON/OFF for 0.700s; Det 41 was completely OFF in ±5.0s window
3,isolated_pulse,1785715272.7,1785715273.1,0.39999985694885254,3,41,3,Ph3: Det 3 isolated pulse ON/OFF for 0.400s; Det 41 was completely OFF in ±5.0s window
3,isolated_pulse,1785715273.8,1785715274.8,1.0,30,41,30,Ph3: Det 30 isolated pulse ON/OFF for 1.000s; Det 41 was completely OFF in ±5.0s window
3,isolated_pulse,1785715274.0,1785715275.8,1.7999999523162842,3,41,3,Ph3: Det 3 isolated pulse ON/OFF for 1.800s; Det 41 was completely OFF in ±5.0s window
3,isolated_pulse,1785715289.4,1785715289.8,0.39999985694885254,3,30,3,Ph3: Det 3 isolated pulse ON/OFF for 0.400s; Det 30 was completely OFF in ±5.0s window
3,isolated_pulse,1785715289.4,1785715289.8,0.39999985694885254,3,41,3,Ph3: Det 3 isolated pulse ON/OFF for 0.400s; Det 41 was completely OFF in ±5.0s window
3,isolated_pulse,1785715535.9,1785715536.3,0.39999985694885254,3,30,3,Ph3: Det 3 isolated pulse ON/OFF for 0.400s; Det 30 was completely OFF in ±5.0s window
3,isolated_pulse,1785715535.9,1785715536.3,0.39999985694885254,3,41,3,Ph3: Det 3 isolated pulse ON/OFF for 0.400s; Det 41 was completely OFF in ±5.0s window
3,extended_disagreement,1785715555.3,1785715566.9,11.600000143051147,30,41,41,Ph3: Det 41 ON / Det 30 OFF for 11.60s (threshold=5.0s)
3,extended_disagreement,1785715557.3,1785715569.5,12.200000047683716,3,41,41,Ph3: Det 41 ON / Det 3 OFF for 12.20s (threshold=5.0s)
3,isolated_pulse,1785715914.0,1785715914.5,0.5,3,30,3,Ph3: Det 3 isolated pulse ON/OFF for 0.500s; Det 30 was completely OFF in ±5.0s window
3,isolated_pulse,1785715914.0,1785715914.5,0.5,3,41,3,Ph3: Det 3 isolated pulse ON/OFF for 0.500s; Det 41 was completely OFF in ±5.0s window
3,isolated_pulse,1785716057.7,1785716058.1,0.39999985694885254,3,41,41,Ph3: Det 41 isolated pulse ON/OFF for 0.400s; Det 3 was completely OFF in ±5.0s window
3,isolated_pulse,1785716057.7,1785716058.1,0.39999985694885254,30,41,41,Ph3: Det 41 isolated pulse ON/OFF for 0.400s; Det 30 was completely OFF in ±5.0s window
3,extended_disagreement,1785716225.4,1785716262.9,37.5,3,41,41,Ph3: Det 41 ON / Det 3 OFF for 37.50s (threshold=5.0s)
3,extended_disagreement,1785716225.4,1785716262.9,37.5,30,41,41,Ph3: Det 41 ON / Det 30 OFF for 37.50s (threshold=5.0s)
3,extended_disagreement,1785716479.8,1785716491.6,11.799999952316284,30,41,30,Ph3: Det 30 ON / Det 41 OFF for 11.80s (threshold=5.0s)
3,extended_disagreement,1785716481.7,1785716491.6,9.899999856948853,3,41,3,Ph3: Det 3 ON / Det 41 OFF for 9.90s (threshold=5.0s)
3,isolated_pulse,1785716660.7,1785716660.9,0.20000004768371582,3,41,41,Ph3: Det 41 isolated pulse ON/OFF for 0.200s; Det 3 was completely OFF in ±5.0s window
3,isolated_pulse,1785716660.7,1785716660.9,0.20000004768371582,30,41,41,Ph3: Det 41 isolated pulse ON/OFF for 0.200s; Det 30 was completely OFF in ±5.0s window
3,extended_disagreement,1785716768.0,1785716777.2,9.200000047683716,3,41,41,Ph3: Det 41 ON / Det 3 OFF for 9.20s (threshold=5.0s)
3,extended_disagreement,1785716768.0,1785716776.2,8.200000047683716,30,41,41,Ph3: Det 41 ON / Det 30 OFF for 8.20s (threshold=5.0s)
3,extended_disagreement,1785716884.9,1785716890.4,5.5,3,41,41,Ph3: Det 41 ON / Det 3 OFF for 5.50s (threshold=5.0s)
3,extended_disagreement,1785716971.7,1785717108.3,136.59999990463257,3,41,3,Ph3: Det 3 ON / Det 41 OFF for 136.60s (threshold=5.0s)
3,extended_disagreement,1785716971.7,1785717108.3,136.59999990463257,30,41,30,Ph3: Det 30 ON / Det 41 OFF for 136.60s (threshold=5.0s)
3,extended_disagreement,1785717305.7,1785717316.4,10.700000047683716,3,30,30,Ph3: Det 30 ON / Det 3 OFF for 10.70s (threshold=5.0s)
3,extended_disagreement,1785717305.7,1785717350.6,44.89999985694885,30,41,30,Ph3: Det 30 ON / Det 41 OFF for 44.90s (threshold=5.0s)
3,isolated_pulse,1785717316.4,1785717316.7,0.2999999523162842,3,41,3,Ph3: Det 3 isolated pulse ON/OFF for 0.300s; Det 41 was completely OFF in ±5.0s window
3,extended_disagreement,1785717316.7,1785717343.8,27.09999990463257,3,30,30,Ph3: Det 30 ON / Det 3 OFF for 27.10s (threshold=5.0s)
3,extended_disagreement,1785717343.8,1785717350.6,6.799999952316284,3,41,3,Ph3: Det 3 ON / Det 41 OFF for 6.80s (threshold=5.0s)
3,extended_disagreement,1785717351.5,1785717403.1,51.59999990463257,3,41,3,Ph3: Det 3 ON / Det 41 OFF for 51.60s (threshold=5.0s)
3,extended_disagreement,1785717351.5,1785717403.1,51.59999990463257,30,41,30,Ph3: Det 30 ON / Det 41 OFF for 51.60s (threshold=5.0s)
3,extended_disagreement,1785717404.0,1785717439.4,35.40000009536743,3,41,3,Ph3: Det 3 ON / Det 41 OFF for 35.40s (threshold=5.0s)
3,extended_disagreement,1785717404.0,1785717439.3,35.299999952316284,30,41,30,Ph3: Det 30 ON / Det 41 OFF for 35.30s (threshold=5.0s)
3,extended_disagreement,1785717595.3,1785717606.6,11.299999952316284,3,30,30,Ph3: Det 30 ON / Det 3 OFF for 11.30s (threshold=5.0s)
3,extended_disagreement,1785717595.3,1785717606.6,11.299999952316284,3,41,41,Ph3: Det 41 ON / Det 3 OFF for 11.30s (threshold=5.0s)
3,isolated_pulse,1785717619.1,1785717619.7,0.6000001430511475,3,41,3,Ph3: Det 3 isolated pulse ON/OFF for 0.600s; Det 41 was completely OFF in ±5.0s window
3,isolated_pulse,1785717859.4,1785717862.8,3.3999998569488525,3,30,3,Ph3: Det 3 isolated pulse ON/OFF for 3.400s; Det 30 was completely OFF in ±5.0s window
3,isolated_pulse,1785717859.4,1785717862.8,3.3999998569488525,3,41,3,Ph3: Det 3 isolated pulse ON/OFF for 3.400s; Det 41 was completely OFF in ±5.0s window
3,isolated_pulse,1785717991.4,1785717992.4,1.0,3,41,41,Ph3: Det 41 isolated pulse ON/OFF for 1.000s; Det 3 was completely OFF in ±5.0s window
3,isolated_pulse,1785717991.4,1785717992.4,1.0,30,41,41,Ph3: Det 41 isolated pulse ON/OFF for 1.000s; Det 30 was completely OFF in ±5.0s window
3,isolated_pulse,1785717993.2,1785717993.5,0.2999999523162842,3,41,41,Ph3: Det 41 isolated pulse ON/OFF for 0.300s; Det 3 was completely OFF in ±5.0s window
3,isolated_pulse,1785717993.2,1785717993.5,0.2999999523162842,30,41,41,Ph3: Det 41 isolated pulse ON/OFF for 0.300s; Det 30 was completely OFF in ±5.0s window
3,isolated_pulse,1785718213.5,1785718215.1,1.5999999046325684,30,41,30,Ph3: Det 30 isolated pulse ON/OFF for 1.600s; Det 41 was completely OFF in ±5.0s window
3,isolated_pulse,1785718215.2,1785718216.3,1.0999999046325684,3,41,3,Ph3: Det 3 isolated pulse ON/OFF for 1.100s; Det 41 was completely OFF in ±5.0s window
3,isolated_pulse,1785718690.3,1785718690.6,0.2999999523162842,30,41,30,Ph3: Det 30 isolated pulse ON/OFF for 0.300s; Det 41 was completely OFF in ±5.0s window
3,isolated_pulse,1785718692.2,1785718692.7,0.5,30,41,30,Ph3: Det 30 isolated pulse ON/OFF for 0.500s; Det 41 was completely OFF in ±5.0s window
3,isolated_pulse,1785718693.0,1785718693.9,0.9000000953674316,3,41,3,Ph3: Det 3 isolated pulse ON/OFF for 0.900s; Det 41 was completely OFF in ±5.0s window
3,extended_disagreement,1785718764.4,1785718779.4,15.0,3,41,3,Ph3: Det 3 ON / Det 41 OFF for 15.00s (threshold=5.0s)
3,extended_disagreement,1785718764.4,1785718777.9,13.5,30,41,30,Ph3: Det 30 ON / Det 41 OFF for 13.50s (threshold=5.0s)
3,extended_disagreement,1785718783.9,1785718794.6,10.699999809265137,3,30,3,Ph3: Det 3 ON / Det 30 OFF for 10.70s (threshold=5.0s)
3,extended_disagreement,1785718783.9,1785718794.6,10.699999809265137,30,41,41,Ph3: Det 41 ON / Det 30 OFF for 10.70s (threshold=5.0s)
3,isolated_pulse,1785719066.6,1785719068.6,2.0,30,41,30,Ph3: Det 30 isolated pulse ON/OFF for 2.000s; Det 41 was completely OFF in ±5.0s window
3,isolated_pulse,1785719068.7,1785719070.0,1.2999999523162842,3,41,3,Ph3: Det 3 isolated pulse ON/OFF for 1.300s; Det 41 was completely OFF in ±5.0s window
3,isolated_pulse,1785719297.6,1785719298.1,0.5,3,30,3,Ph3: Det 3 isolated pulse ON/OFF for 0.500s; Det 30 was completely OFF in ±5.0s window
3,isolated_pulse,1785719297.6,1785719298.1,0.5,3,41,3,Ph3: Det 3 isolated pulse ON/OFF for 0.500s; Det 41 was completely OFF in ±5.0s window
3,extended_disagreement,1785719382.3,1785719406.8,24.5,3,41,3,Ph3: Det 3 ON / Det 41 OFF for 24.50s (threshold=5.0s)
3,extended_disagreement,1785719382.3,1785719406.8,24.5,30,41,30,Ph3: Det 30 ON / Det 41 OFF for 24.50s (threshold=5.0s)
3,isolated_pulse,1785719681.7,1785719683.7,2.0,30,41,30,Ph3: Det 30 isolated pulse ON/OFF for 2.000s; Det 41 was completely OFF in ±5.0s window
3,isolated_pulse,1785719683.7,1785719684.8,1.0999999046325684,3,41,3,Ph3: Det 3 isolated pulse ON/OFF for 1.100s; Det 41 was completely OFF in ±5.0s window
3,extended_disagreement,1785720031.3,1785720106.3,75.0,3,30,3,Ph3: Det 3 ON / Det 30 OFF for 75.00s (threshold=5.0s)
3,extended_disagreement,1785720031.3,1785720106.3,75.0,3,41,3,Ph3: Det 3 ON / Det 41 OFF for 75.00s (threshold=5.0s)
3,extended_disagreement,1785720106.6,1785720124.9,18.300000190734863,3,30,3,Ph3: Det 3 ON / Det 30 OFF for 18.30s (threshold=5.0s)
3,extended_disagreement,1785720106.6,1785720124.9,18.300000190734863,3,41,3,Ph3: Det 3 ON / Det 41 OFF for 18.30s (threshold=5.0s)
3,isolated_pulse,1785720646.2,1785720646.8,0.5999999046325684,30,41,30,Ph3: Det 30 isolated pulse ON/OFF for 0.600s; Det 41 was completely OFF in ±5.0s window
3,isolated_pulse,1785720647.2,1785720649.4,2.200000047683716,30,41,30,Ph3: Det 30 isolated pulse ON/OFF for 2.200s; Det 41 was completely OFF in ±5.0s window
3,isolated_pulse,1785720648.1,1785720650.4,2.3000001907348633,3,41,3,Ph3: Det 3 isolated pulse ON/OFF for 2.300s; Det 41 was completely OFF in ±5.0s window
3,isolated_pulse,1785720656.1,1785720657.3,1.2000000476837158,3,30,3,Ph3: Det 3 isolated pulse ON/OFF for 1.200s; Det 30 was completely OFF in ±5.0s window
3,isolated_pulse,1785720656.1,1785720657.3,1.2000000476837158,3,41,3,Ph3: Det 3 isolated pulse ON/OFF for 1.200s; Det 41 was completely OFF in ±5.0s window
3,isolated_pulse,1785720834.4,1785720835.1,0.6999998092651367,30,41,30,Ph3: Det 30 isolated pulse ON/OFF for 0.700s; Det 41 was completely OFF in ±5.0s window
3,isolated_pulse,1785720837.6,1785720838.2,0.6000001430511475,3,41,3,Ph3: Det 3 isolated pulse ON/OFF for 0.600s; Det 41 was completely OFF in ±5.0s window
3,isolated_pulse,1785721127.6,1785721128.3,0.7000000476837158,30,41,30,Ph3: Det 30 isolated pulse ON/OFF for 0.700s; Det 41 was completely OFF in ±5.0s window
3,isolated_pulse,1785721129.7,1785721131.3,1.5999999046325684,3,41,3,Ph3: Det 3 isolated pulse ON/OFF for 1.600s; Det 41 was completely OFF in ±5.0s window
3,isolated_pulse,1785721167.0,1785721167.2,0.20000004768371582,30,41,30,Ph3: Det 30 isolated pulse ON/OFF for 0.200s; Det 41 was completely OFF in ±5.0s window
3,isolated_pulse,1785721170.0,1785721170.7,0.7000000476837158,3,41,3,Ph3: Det 3 isolated pulse ON/OFF for 0.700s; Det 41 was completely OFF in ±5.0s window
3,isolated_pulse,1785721348.8,1785721352.5,3.700000047683716,30,41,30,Ph3: Det 30 isolated pulse ON/OFF for 3.700s; Det 41 was completely OFF in ±5.0s window
3,isolated_pulse,1785721350.2,1785721353.4,3.200000047683716,3,41,3,Ph3: Det 3 isolated pulse ON/OFF for 3.200s; Det 41 was completely OFF in ±5.0s window
3,isolated_pulse,1785721525.3,1785721526.8,1.5,3,41,41,Ph3: Det 41 isolated pulse ON/OFF for 1.500s; Det 3 was completely OFF in ±5.0s window
3,isolated_pulse,1785721525.3,1785721526.8,1.5,30,41,41,Ph3: Det 41 isolated pulse ON/OFF for 1.500s; Det 30 was completely OFF in ±5.0s window
3,isolated_pulse,1785721588.8,1785721589.0,0.20000004768371582,30,41,30,Ph3: Det 30 isolated pulse ON/OFF for 0.200s; Det 41 was completely OFF in ±5.0s window
3,isolated_pulse,1785721590.8,1785721591.6,0.7999999523162842,3,41,3,Ph3: Det 3 isolated pulse ON/OFF for 0.800s; Det 41 was completely OFF in ±5.0s window
3,isolated_pulse,1785722018.7,1785722019.7,1.0,30,41,30,Ph3: Det 30 isolated pulse ON/OFF for 1.000s; Det 41 was completely OFF in ±5.0s window
3,isolated_pulse,1785722020.2,1785722021.3,1.0999999046325684,3,41,3,Ph3: Det 3 isolated pulse ON/OFF for 1.100s; Det 41 was completely OFF in ±5.0s window
3,extended_disagreement,1785722802.3,1785722819.7,17.40000009536743,3,41,3,Ph3: Det 3 ON / Det 41 OFF for 17.40s (threshold=5.0s)
3,extended_disagreement,1785722803.1,1785722818.9,15.800000190734863,30,41,30,Ph3: Det 30 ON / Det 41 OFF for 15.80s (threshold=5.0s)
3,isolated_pulse,1785723130.5,1785723132.1,1.5999999046325684,30,41,30,Ph3: Det 30 isolated pulse ON/OFF for 1.600s; Det 41 was completely OFF in ±5.0s window
3,isolated_pulse,1785723132.1,1785723133.3,1.2000000476837158,3,41,3,Ph3: Det 3 isolated pulse ON/OFF for 1.200s; Det 41 was completely OFF in ±5.0s window
3,isolated_pulse,1785724166.6,1785724167.4,0.8000001907348633,30,41,30,Ph3: Det 30 isolated pulse ON/OFF for 0.800s; Det 41 was completely OFF in ±5.0s window
3,isolated_pulse,1785724168.2,1785724169.0,0.7999999523162842,30,41,30,Ph3: Det 30 isolated pulse ON/OFF for 0.800s; Det 41 was completely OFF in ±5.0s window
3,isolated_pulse,1785724168.8,1785724170.0,1.2000000476837158,3,41,3,Ph3: Det 3 isolated pulse ON/OFF for 1.200s; Det 41 was completely OFF in ±5.0s window
3,isolated_pulse,1785725659.2,1785725661.6,2.3999998569488525,3,30,3,Ph3: Det 3 isolated pulse ON/OFF for 2.400s; Det 30 was completely OFF in ±5.0s window
3,isolated_pulse,1785725659.2,1785725661.6,2.3999998569488525,3,41,3,Ph3: Det 3 isolated pulse ON/OFF for 2.400s; Det 41 was completely OFF in ±5.0s window
3,isolated_pulse,1785725661.8,1785725661.9,0.10000014305114746,3,30,3,Ph3: Det 3 isolated pulse ON/OFF for 0.100s; Det 30 was completely OFF in ±5.0s window
3,isolated_pulse,1785725661.8,1785725661.9,0.10000014305114746,3,41,3,Ph3: Det 3 isolated pulse ON/OFF for 0.100s; Det 41 was completely OFF in ±5.0s window
3,extended_disagreement,1785725662.3,1785725751.0,88.70000004768372,3,30,3,Ph3: Det 3 ON / Det 30 OFF for 88.70s (threshold=5.0s)
3,extended_disagreement,1785725662.3,1785725751.0,88.70000004768372,3,41,3,Ph3: Det 3 ON / Det 41 OFF for 88.70s (threshold=5.0s)
3,isolated_pulse,1785725751.2,1785725752.1,0.8999998569488525,3,30,3,Ph3: Det 3 isolated pulse ON/OFF for 0.900s; Det 30 was completely OFF in ±5.0s window
3,isolated_pulse,1785725751.2,1785725752.1,0.8999998569488525,3,41,3,Ph3: Det 3 isolated pulse ON/OFF for 0.900s; Det 41 was completely OFF in ±5.0s window
3,extended_disagreement,1785725752.3,1785725763.8,11.5,3,30,3,Ph3: Det 3 ON / Det 30 OFF for 11.50s (threshold=5.0s)
3,extended_disagreement,1785725752.3,1785725765.0,12.700000047683716,3,41,3,Ph3: Det 3 ON / Det 41 OFF for 12.70s (threshold=5.0s)
3,extended_disagreement,1785725766.0,1785725801.3,35.299999952316284,3,41,3,Ph3: Det 3 ON / Det 41 OFF for 35.30s (threshold=5.0s)
3,extended_disagreement,1785725766.0,1785725786.2,20.200000047683716,30,41,30,Ph3: Det 30 ON / Det 41 OFF for 20.20s (threshold=5.0s)
3,extended_disagreement,1785725786.2,1785725801.3,15.099999904632568,3,30,3,Ph3: Det 3 ON / Det 30 OFF for 15.10s (threshold=5.0s)
3,extended_disagreement,1785725802.8,1785725811.9,9.100000143051147,3,30,3,Ph3: Det 3 ON / Det 30 OFF for 9.10s (threshold=5.0s)
3,extended_disagreement,1785725802.8,1785725814.7,11.900000095367432,3,41,3,Ph3: Det 3 ON / Det 41 OFF for 11.90s (threshold=5.0s)
3,isolated_pulse,1785726563.9,1785726565.9,2.0,30,41,30,Ph3: Det 30 isolated pulse ON/OFF for 2.000s; Det 41 was completely OFF in ±5.0s window
3,isolated_pulse,1785726566.0,1785726566.8,0.7999999523162842,3,41,3,Ph3: Det 3 isolated pulse ON/OFF for 0.800s; Det 41 was completely OFF in ±5.0s window
3,isolated_pulse,1785726595.4,1785726598.3,2.8999998569488525,30,41,30,Ph3: Det 30 isolated pulse ON/OFF for 2.900s; Det 41 was completely OFF in ±5.0s window
3,isolated_pulse,1785726597.2,1785726599.2,2.0,3,41,3,Ph3: Det 3 isolated pulse ON/OFF for 2.000s; Det 41 was completely OFF in ±5.0s window
3,isolated_pulse,1785726660.3,1785726661.1,0.7999999523162842,30,41,30,Ph3: Det 30 isolated pulse ON/OFF for 0.800s; Det 41 was completely OFF in ±5.0s window
3,isolated_pulse,1785726662.3,1785726662.4,0.10000014305114746,3,41,3,Ph3: Det 3 isolated pulse ON/OFF for 0.100s; Det 41 was completely OFF in ±5.0s window
3,isolated_pulse,1785726662.7,1785726664.4,1.7000000476837158,3,41,3,Ph3: Det 3 isolated pulse ON/OFF for 1.700s; Det 41 was completely OFF in ±5.0s window
3,isolated_pulse,1785727057.9,1785727059.1,1.1999998092651367,30,41,30,Ph3: Det 30 isolated pulse ON/OFF for 1.200s; Det 41 was completely OFF in ±5.0s window
3,isolated_pulse,1785727060.2,1785727061.1,0.8999998569488525,3,41,3,Ph3: Det 3 isolated pulse ON/OFF for 0.900s; Det 41 was completely OFF in ±5.0s window
3,isolated_pulse,1785727620.9,1785727621.8,0.8999998569488525,30,41,30,Ph3: Det 30 isolated pulse ON/OFF for 0.900s; Det 41 was completely OFF in ±5.0s window
3,isolated_pulse,1785727623.1,1785727623.7,0.6000001430511475,3,41,3,Ph3: Det 3 isolated pulse ON/OFF for 0.600s; Det 41 was completely OFF in ±5.0s window
3,isolated_pulse,1785727701.6,1785727701.9,0.3000001907348633,3,30,3,Ph3: Det 3 isolated pulse ON/OFF for 0.300s; Det 30 was completely OFF in ±5.0s window
3,isolated_pulse,1785727701.6,1785727701.9,0.3000001907348633,3,41,3,Ph3: Det 3 isolated pulse ON/OFF for 0.300s; Det 41 was completely OFF in ±5.0s window
3,isolated_pulse,1785727755.4,1785727757.4,2.0,30,41,30,Ph3: Det 30 isolated pulse ON/OFF for 2.000s; Det 41 was completely OFF in ±5.0s window
3,isolated_pulse,1785727757.5,1785727758.2,0.7000000476837158,3,41,3,Ph3: Det 3 isolated pulse ON/OFF for 0.700s; Det 41 was completely OFF in ±5.0s window
3,isolated_pulse,1785728331.6,1785728332.2,0.6000001430511475,30,41,30,Ph3: Det 30 isolated pulse ON/OFF for 0.600s; Det 41 was completely OFF in ±5.0s window
3,isolated_pulse,1785728333.9,1785728334.6,0.6999998092651367,3,41,3,Ph3: Det 3 isolated pulse ON/OFF for 0.700s; Det 41 was completely OFF in ±5.0s window
3,isolated_pulse,1785729086.9,1785729089.8,2.8999998569488525,30,41,30,Ph3: Det 30 isolated pulse ON/OFF for 2.900s; Det 41 was completely OFF in ±5.0s window
3,isolated_pulse,1785729089.1,1785729090.5,1.4000000953674316,3,41,3,Ph3: Det 3 isolated pulse ON/OFF for 1.400s; Det 41 was completely OFF in ±5.0s window
3,isolated_pulse,1785729142.1,1785729143.3,1.2000000476837158,30,41,30,Ph3: Det 30 isolated pulse ON/OFF for 1.200s; Det 41 was completely OFF in ±5.0s window
3,isolated_pulse,1785729143.3,1785729144.5,1.2000000476837158,3,41,3,Ph3: Det 3 isolated pulse ON/OFF for 1.200s; Det 41 was completely OFF in ±5.0s window
3,isolated_pulse,1785729144.5,1785729145.8,1.2999999523162842,30,41,30,Ph3: Det 30 isolated pulse ON/OFF for 1.300s; Det 41 was completely OFF in ±5.0s window
3,isolated_pulse,1785729145.8,1785729146.9,1.1000001430511475,3,41,3,Ph3: Det 3 isolated pulse ON/OFF for 1.100s; Det 41 was completely OFF in ±5.0s window
3,extended_disagreement,1785729767.6,1785729783.6,16.0,3,41,3,Ph3: Det 3 ON / Det 41 OFF for 16.00s (threshold=5.0s)
3,extended_disagreement,1785729767.6,1785729783.6,16.0,30,41,30,Ph3: Det 30 ON / Det 41 OFF for 16.00s (threshold=5.0s)
3,isolated_pulse,1785730711.1,1785730711.5,0.40000009536743164,30,41,30,Ph3: Det 30 isolated pulse ON/OFF for 0.400s; Det 41 was completely OFF in ±5.0s window
3,isolated_pulse,1785730713.5,1785730714.1,0.5999999046325684,3,41,3,Ph3: Det 3 isolated pulse ON/OFF for 0.600s; Det 41 was completely OFF in ±5.0s window
3,isolated_pulse,1785730968.1,1785730969.6,1.5,30,41,30,Ph3: Det 30 isolated pulse ON/OFF for 1.500s; Det 41 was completely OFF in ±5.0s window
3,isolated_pulse,1785730969.9,1785730970.7,0.7999999523162842,3,41,3,Ph3: Det 3 isolated pulse ON/OFF for 0.800s; Det 41 was completely OFF in ±5.0s window
3,isolated_pulse,1785731350.1,1785731350.8,0.7000000476837158,3,30,3,Ph3: Det 3 isolated pulse ON/OFF for 0.700s; Det 30 was completely OFF in ±5.0s window
3,isolated_pulse,1785731350.1,1785731350.8,0.7000000476837158,3,41,3,Ph3: Det 3 isolated pulse ON/OFF for 0.700s; Det 41 was completely OFF in ±5.0s window
4,extended_disagreement,1785685011.6,1785685016.9,5.300000190734863,4,39,39,Ph4: Det 39 ON / Det 4 OFF for 5.30s (threshold=5.0s)
4,extended_disagreement,1785685011.6,1785685016.9,5.300000190734863,22,39,39,Ph4: Det 39 ON / Det 22 OFF for 5.30s (threshold=5.0s)
4,extended_disagreement,1785685190.8,1785685240.2,49.40000009536743,4,39,39,Ph4: Det 39 ON / Det 4 OFF for 49.40s (threshold=5.0s)
4,extended_disagreement,1785685190.8,1785685240.2,49.40000009536743,22,39,39,Ph4: Det 39 ON / Det 22 OFF for 49.40s (threshold=5.0s)
4,extended_disagreement,1785685352.2,1785685357.5,5.299999952316284,4,39,39,Ph4: Det 39 ON / Det 4 OFF for 5.30s (threshold=5.0s)
4,extended_disagreement,1785685352.2,1785685357.5,5.299999952316284,22,39,39,Ph4: Det 39 ON / Det 22 OFF for 5.30s (threshold=5.0s)
4,extended_disagreement,1785685450.0,1785685466.4,16.40000009536743,4,39,39,Ph4: Det 39 ON / Det 4 OFF for 16.40s (threshold=5.0s)
4,extended_disagreement,1785685450.0,1785685466.4,16.40000009536743,22,39,39,Ph4: Det 39 ON / Det 22 OFF for 16.40s (threshold=5.0s)
4,extended_disagreement,1785685917.8,1785685923.0,5.200000047683716,4,39,39,Ph4: Det 39 ON / Det 4 OFF for 5.20s (threshold=5.0s)
4,extended_disagreement,1785685917.8,1785685923.0,5.200000047683716,22,39,39,Ph4: Det 39 ON / Det 22 OFF for 5.20s (threshold=5.0s)
4,isolated_pulse,1785685968.0,1785685969.4,1.4000000953674316,22,39,22,Ph4: Det 22 isolated pulse ON/OFF for 1.400s; Det 39 was completely OFF in ±5.0s window
4,isolated_pulse,1785685968.4,1785685968.8,0.39999985694885254,4,39,4,Ph4: Det 4 isolated pulse ON/OFF for 0.400s; Det 39 was completely OFF in ±5.0s window
4,isolated_pulse,1785685969.2,1785685969.3,0.09999990463256836,4,39,4,Ph4: Det 4 isolated pulse ON/OFF for 0.100s; Det 39 was completely OFF in ±5.0s window
4,isolated_pulse,1785685971.8,1785685972.4,0.6000001430511475,22,39,22,Ph4: Det 22 isolated pulse ON/OFF for 0.600s; Det 39 was completely OFF in ±5.0s window
4,isolated_pulse,1785685972.0,1785685972.6,0.5999999046325684,4,39,4,Ph4: Det 4 isolated pulse ON/OFF for 0.600s; Det 39 was completely OFF in ±5.0s window
4,isolated_pulse,1785686020.1,1785686020.9,0.8000001907348633,22,39,22,Ph4: Det 22 isolated pulse ON/OFF for 0.800s; Det 39 was completely OFF in ±5.0s window
4,isolated_pulse,1785686020.9,1785686021.2,0.2999999523162842,4,39,4,Ph4: Det 4 isolated pulse ON/OFF for 0.300s; Det 39 was completely OFF in ±5.0s window
4,isolated_pulse,1785686021.9,1785686022.7,0.7999999523162842,22,39,22,Ph4: Det 22 isolated pulse ON/OFF for 0.800s; Det 39 was completely OFF in ±5.0s window
4,isolated_pulse,1785686022.4,1785686022.5,0.09999990463256836,4,39,4,Ph4: Det 4 isolated pulse ON/OFF for 0.100s; Det 39 was completely OFF in ±5.0s window
4,extended_disagreement,1785686222.5,1785686294.9,72.40000009536743,4,39,39,Ph4: Det 39 ON / Det 4 OFF for 72.40s (threshold=5.0s)
4,extended_disagreement,1785686222.5,1785686294.9,72.40000009536743,22,39,39,Ph4: Det 39 ON / Det 22 OFF for 72.40s (threshold=5.0s)
4,extended_disagreement,1785686585.9,1785686592.3,6.3999998569488525,4,39,39,Ph4: Det 39 ON / Det 4 OFF for 6.40s (threshold=5.0s)
4,extended_disagreement,1785686585.9,1785686592.3,6.3999998569488525,22,39,39,Ph4: Det 39 ON / Det 22 OFF for 6.40s (threshold=5.0s)
4,extended_disagreement,1785687246.9,1785687279.2,32.299999952316284,22,39,39,Ph4: Det 39 ON / Det 22 OFF for 32.30s (threshold=5.0s)
4,extended_disagreement,1785687247.8,1785687279.2,31.40000009536743,4,39,39,Ph4: Det 39 ON / Det 4 OFF for 31.40s (threshold=5.0s)
4,extended_disagreement,1785687624.5,1785687748.1,123.59999990463257,4,39,39,Ph4: Det 39 ON / Det 4 OFF for 123.60s (threshold=5.0s)
4,extended_disagreement,1785687624.5,1785687748.1,123.59999990463257,22,39,39,Ph4: Det 39 ON / Det 22 OFF for 123.60s (threshold=5.0s)
4,extended_disagreement,1785687933.2,1785687938.5,5.299999952316284,4,39,39,Ph4: Det 39 ON / Det 4 OFF for 5.30s (threshold=5.0s)
4,extended_disagreement,1785687933.2,1785687938.5,5.299999952316284,22,39,39,Ph4: Det 39 ON / Det 22 OFF for 5.30s (threshold=5.0s)
4,extended_disagreement,1785688370.5,1785688392.7,22.200000047683716,4,39,39,Ph4: Det 39 ON / Det 4 OFF for 22.20s (threshold=5.0s)
4,extended_disagreement,1785688371.2,1785688392.7,21.5,22,39,39,Ph4: Det 39 ON / Det 22 OFF for 21.50s (threshold=5.0s)
4,extended_disagreement,1785689036.9,1785689042.2,5.299999952316284,4,39,39,Ph4: Det 39 ON / Det 4 OFF for 5.30s (threshold=5.0s)
4,extended_disagreement,1785689036.9,1785689042.2,5.299999952316284,22,39,39,Ph4: Det 39 ON / Det 22 OFF for 5.30s (threshold=5.0s)
4,extended_disagreement,1785689207.2,1785689213.1,5.8999998569488525,4,39,4,Ph4: Det 4 ON / Det 39 OFF for 5.90s (threshold=5.0s)
4,extended_disagreement,1785689207.2,1785689213.1,5.8999998569488525,22,39,22,Ph4: Det 22 ON / Det 39 OFF for 5.90s (threshold=5.0s)
4,extended_disagreement,1785689224.0,1785689288.1,64.09999990463257,22,39,39,Ph4: Det 39 ON / Det 22 OFF for 64.10s (threshold=5.0s)
4,extended_disagreement,1785689225.5,1785689288.1,62.59999990463257,4,39,39,Ph4: Det 39 ON / Det 4 OFF for 62.60s (threshold=5.0s)
4,extended_disagreement,1785689377.5,1785689401.6,24.09999990463257,4,39,39,Ph4: Det 39 ON / Det 4 OFF for 24.10s (threshold=5.0s)
4,extended_disagreement,1785689377.5,1785689401.6,24.09999990463257,22,39,39,Ph4: Det 39 ON / Det 22 OFF for 24.10s (threshold=5.0s)
4,extended_disagreement,1785689403.8,1785689429.0,25.200000047683716,4,39,39,Ph4: Det 39 ON / Det 4 OFF for 25.20s (threshold=5.0s)
4,extended_disagreement,1785689403.8,1785689428.1,24.299999952316284,22,39,39,Ph4: Det 39 ON / Det 22 OFF for 24.30s (threshold=5.0s)
4,extended_disagreement,1785689431.5,1785689437.0,5.5,22,39,39,Ph4: Det 39 ON / Det 22 OFF for 5.50s (threshold=5.0s)
4,extended_disagreement,1785689432.3,1785689438.0,5.700000047683716,4,39,39,Ph4: Det 39 ON / Det 4 OFF for 5.70s (threshold=5.0s)
4,extended_disagreement,1785689445.7,1785689490.8,45.09999990463257,22,39,39,Ph4: Det 39 ON / Det 22 OFF for 45.10s (threshold=5.0s)
4,extended_disagreement,1785689446.6,1785689490.8,44.200000047683716,4,39,39,Ph4: Det 39 ON / Det 4 OFF for 44.20s (threshold=5.0s)
4,extended_disagreement,1785689730.5,1785689735.8,5.299999952316284,4,39,39,Ph4: Det 39 ON / Det 4 OFF for 5.30s (threshold=5.0s)
4,extended_disagreement,1785689730.5,1785689735.8,5.299999952316284,22,39,39,Ph4: Det 39 ON / Det 22 OFF for 5.30s (threshold=5.0s)
4,extended_disagreement,1785690004.8,1785690090.5,85.70000004768372,4,39,39,Ph4: Det 39 ON / Det 4 OFF for 85.70s (threshold=5.0s)
4,extended_disagreement,1785690004.8,1785690090.5,85.70000004768372,22,39,39,Ph4: Det 39 ON / Det 22 OFF for 85.70s (threshold=5.0s)
4,isolated_pulse,1785690092.4,1785690092.6,0.19999980926513672,4,22,4,Ph4: Det 4 isolated pulse ON/OFF for 0.200s; Det 22 was completely OFF in ±5.0s window
4,extended_disagreement,1785690202.6,1785690211.6,9.0,4,39,39,Ph4: Det 39 ON / Det 4 OFF for 9.00s (threshold=5.0s)
4,extended_disagreement,1785690202.8,1785690211.6,8.799999952316284,22,39,39,Ph4: Det 39 ON / Det 22 OFF for 8.80s (threshold=5.0s)
4,extended_disagreement,1785690663.8,1785690818.6,154.79999995231628,4,39,39,Ph4: Det 39 ON / Det 4 OFF for 154.80s (threshold=5.0s)
4,extended_disagreement,1785690663.8,1785690818.6,154.79999995231628,22,39,39,Ph4: Det 39 ON / Det 22 OFF for 154.80s (threshold=5.0s)
4,extended_disagreement,1785690834.1,1785690845.9,11.800000190734863,22,39,39,Ph4: Det 39 ON / Det 22 OFF for 11.80s (threshold=5.0s)
4,extended_disagreement,1785690835.1,1785690846.7,11.600000143051147,4,39,39,Ph4: Det 39 ON / Det 4 OFF for 11.60s (threshold=5.0s)
4,extended_disagreement,1785690847.2,1785690859.9,12.700000047683716,22,39,22,Ph4: Det 22 ON / Det 39 OFF for 12.70s (threshold=5.0s)
4,extended_disagreement,1785690849.2,1785690861.0,11.799999952316284,4,39,39,Ph4: Det 39 ON / Det 4 OFF for 11.80s (threshold=5.0s)
4,extended_disagreement,1785691007.2,1785691173.0,165.79999995231628,22,39,39,Ph4: Det 39 ON / Det 22 OFF for 165.80s (threshold=5.0s)
4,extended_disagreement,1785691007.8,1785691173.0,165.20000004768372,4,39,39,Ph4: Det 39 ON / Det 4 OFF for 165.20s (threshold=5.0s)
4,extended_disagreement,1785691336.1,1785691395.5,59.40000009536743,4,39,39,Ph4: Det 39 ON / Det 4 OFF for 59.40s (threshold=5.0s)
4,extended_disagreement,1785691336.1,1785691395.5,59.40000009536743,22,39,39,Ph4: Det 39 ON / Det 22 OFF for 59.40s (threshold=5.0s)
4,extended_disagreement,1785691574.9,1785691590.7,15.799999952316284,4,39,39,Ph4: Det 39 ON / Det 4 OFF for 15.80s (threshold=5.0s)
4,extended_disagreement,1785691574.9,1785691590.7,15.799999952316284,22,39,39,Ph4: Det 39 ON / Det 22 OFF for 15.80s (threshold=5.0s)
4,extended_disagreement,1785692525.9,1785692643.8,117.89999985694885,4,39,39,Ph4: Det 39 ON / Det 4 OFF for 117.90s (threshold=5.0s)
4,extended_disagreement,1785692525.9,1785692643.8,117.89999985694885,22,39,39,Ph4: Det 39 ON / Det 22 OFF for 117.90s (threshold=5.0s)
4,extended_disagreement,1785692828.9,1785692994.5,165.59999990463257,4,39,39,Ph4: Det 39 ON / Det 4 OFF for 165.60s (threshold=5.0s)
4,extended_disagreement,1785692828.9,1785692994.5,165.59999990463257,22,39,39,Ph4: Det 39 ON / Det 22 OFF for 165.60s (threshold=5.0s)
4,extended_disagreement,1785693410.3,1785693464.9,54.60000014305115,22,39,39,Ph4: Det 39 ON / Det 22 OFF for 54.60s (threshold=5.0s)
4,extended_disagreement,1785693410.6,1785693464.9,54.30000019073486,4,39,39,Ph4: Det 39 ON / Det 4 OFF for 54.30s (threshold=5.0s)
4,extended_disagreement,1785693892.3,1785693897.4,5.1000001430511475,4,39,39,Ph4: Det 39 ON / Det 4 OFF for 5.10s (threshold=5.0s)
4,extended_disagreement,1785693892.3,1785693897.4,5.1000001430511475,22,39,39,Ph4: Det 39 ON / Det 22 OFF for 5.10s (threshold=5.0s)
4,isolated_pulse,1785693898.1,1785693899.8,1.7000000476837158,4,22,4,Ph4: Det 4 isolated pulse ON/OFF for 1.700s; Det 22 was completely OFF in ±5.0s window
4,isolated_pulse,1785693899.0,1785693900.8,1.7999999523162842,22,39,39,Ph4: Det 39 isolated pulse ON/OFF for 1.800s; Det 22 was completely OFF in ±5.0s window
4,isolated_pulse,1785693900.2,1785693900.4,0.20000004768371582,4,22,4,Ph4: Det 4 isolated pulse ON/OFF for 0.200s; Det 22 was completely OFF in ±5.0s window
4,isolated_pulse,1785693901.9,1785693902.1,0.19999980926513672,22,39,39,Ph4: Det 39 isolated pulse ON/OFF for 0.200s; Det 22 was completely OFF in ±5.0s window
4,extended_disagreement,1785693902.5,1785693947.2,44.700000047683716,4,39,39,Ph4: Det 39 ON / Det 4 OFF for 44.70s (threshold=5.0s)
4,extended_disagreement,1785693902.5,1785693946.3,43.799999952316284,22,39,39,Ph4: Det 39 ON / Det 22 OFF for 43.80s (threshold=5.0s)
4,extended_disagreement,1785693950.2,1785694069.9,119.70000004768372,22,39,39,Ph4: Det 39 ON / Det 22 OFF for 119.70s (threshold=5.0s)
4,extended_disagreement,1785693950.7,1785694069.9,119.20000004768372,4,39,39,Ph4: Det 39 ON / Det 4 OFF for 119.20s (threshold=5.0s)
4,extended_disagreement,1785694098.7,1785694242.5,143.79999995231628,22,39,39,Ph4: Det 39 ON / Det 22 OFF for 143.80s (threshold=5.0s)
4,extended_disagreement,1785694100.5,1785694242.5,142.0,4,39,39,Ph4: Det 39 ON / Det 4 OFF for 142.00s (threshold=5.0s)
4,isolated_pulse,1785694515.6,1785694515.7,0.10000014305114746,4,22,4,Ph4: Det 4 isolated pulse ON/OFF for 0.100s; Det 22 was completely OFF in ±5.0s window
4,isolated_pulse,1785694515.6,1785694515.7,0.10000014305114746,4,39,4,Ph4: Det 4 isolated pulse ON/OFF for 0.100s; Det 39 was completely OFF in ±5.0s window
4,isolated_pulse,1785694665.9,1785694666.6,0.6999998092651367,22,39,22,Ph4: Det 22 isolated pulse ON/OFF for 0.700s; Det 39 was completely OFF in ±5.0s window
4,isolated_pulse,1785694666.2,1785694666.6,0.39999985694885254,4,39,4,Ph4: Det 4 isolated pulse ON/OFF for 0.400s; Det 39 was completely OFF in ±5.0s window
4,extended_disagreement,1785694916.5,1785694987.5,71.0,22,39,39,Ph4: Det 39 ON / Det 22 OFF for 71.00s (threshold=5.0s)
4,extended_disagreement,1785694918.4,1785694987.5,69.09999990463257,4,39,39,Ph4: Det 39 ON / Det 4 OFF for 69.10s (threshold=5.0s)
4,extended_disagreement,1785695365.6,1785695498.7,133.10000014305115,4,39,39,Ph4: Det 39 ON / Det 4 OFF for 133.10s (threshold=5.0s)
4,extended_disagreement,1785695365.6,1785695498.7,133.10000014305115,22,39,39,Ph4: Det 39 ON / Det 22 OFF for 133.10s (threshold=5.0s)
4,extended_disagreement,1785695630.1,1785695656.5,26.40000009536743,4,39,39,Ph4: Det 39 ON / Det 4 OFF for 26.40s (threshold=5.0s)
4,extended_disagreement,1785695630.1,1785695656.5,26.40000009536743,22,39,39,Ph4: Det 39 ON / Det 22 OFF for 26.40s (threshold=5.0s)
4,extended_disagreement,1785696176.5,1785696181.6,5.099999904632568,4,39,39,Ph4: Det 39 ON / Det 4 OFF for 5.10s (threshold=5.0s)
4,extended_disagreement,1785696176.5,1785696181.6,5.099999904632568,22,39,39,Ph4: Det 39 ON / Det 22 OFF for 5.10s (threshold=5.0s)
4,isolated_pulse,1785696183.5,1785696184.5,1.0,22,39,39,Ph4: Det 39 isolated pulse ON/OFF for 1.000s; Det 22 was completely OFF in ±5.0s window
4,isolated_pulse,1785696186.8,1785696186.9,0.10000014305114746,4,22,4,Ph4: Det 4 isolated pulse ON/OFF for 0.100s; Det 22 was completely OFF in ±5.0s window
4,isolated_pulse,1785696191.6,1785696192.6,1.0,22,39,39,Ph4: Det 39 isolated pulse ON/OFF for 1.000s; Det 22 was completely OFF in ±5.0s window
4,extended_disagreement,1785696208.5,1785696301.3,92.79999995231628,4,39,39,Ph4: Det 39 ON / Det 4 OFF for 92.80s (threshold=5.0s)
4,extended_disagreement,1785696208.5,1785696300.4,91.90000009536743,22,39,39,Ph4: Det 39 ON / Det 22 OFF for 91.90s (threshold=5.0s)
4,isolated_pulse,1785696410.3,1785696410.7,0.40000009536743164,22,39,22,Ph4: Det 22 isolated pulse ON/OFF for 0.400s; Det 39 was completely OFF in ±5.0s window
4,isolated_pulse,1785696410.4,1785696410.7,0.2999999523162842,4,39,4,Ph4: Det 4 isolated pulse ON/OFF for 0.300s; Det 39 was completely OFF in ±5.0s window
4,isolated_pulse,1785696960.6,1785696960.8,0.20000004768371582,4,22,4,Ph4: Det 4 isolated pulse ON/OFF for 0.200s; Det 22 was completely OFF in ±5.0s window
4,isolated_pulse,1785696960.6,1785696960.8,0.20000004768371582,4,39,4,Ph4: Det 4 isolated pulse ON/OFF for 0.200s; Det 39 was completely OFF in ±5.0s window
4,isolated_pulse,1785697326.1,1785697326.5,0.40000009536743164,4,39,39,Ph4: Det 39 isolated pulse ON/OFF for 0.400s; Det 4 was completely OFF in ±5.0s window
4,isolated_pulse,1785697327.9,1785697328.5,0.5999999046325684,4,22,22,Ph4: Det 22 isolated pulse ON/OFF for 0.600s; Det 4 was completely OFF in ±5.0s window
4,extended_disagreement,1785697364.8,1785697473.6,108.79999995231628,22,39,39,Ph4: Det 39 ON / Det 22 OFF for 108.80s (threshold=5.0s)
4,extended_disagreement,1785697366.7,1785697473.6,106.89999985694885,4,39,39,Ph4: Det 39 ON / Det 4 OFF for 106.90s (threshold=5.0s)
4,isolated_pulse,1785697540.2,1785697540.8,0.5999999046325684,4,39,39,Ph4: Det 39 isolated pulse ON/OFF for 0.600s; Det 4 was completely OFF in ±5.0s window
4,isolated_pulse,1785697540.2,1785697540.8,0.5999999046325684,22,39,39,Ph4: Det 39 isolated pulse ON/OFF for 0.600s; Det 22 was completely OFF in ±5.0s window
4,extended_disagreement,1785697674.5,1785697710.4,35.90000009536743,4,39,39,Ph4: Det 39 ON / Det 4 OFF for 35.90s (threshold=5.0s)
4,extended_disagreement,1785697674.5,1785697709.4,34.90000009536743,22,39,39,Ph4: Det 39 ON / Det 22 OFF for 34.90s (threshold=5.0s)
4,extended_disagreement,1785697873.9,1785697879.8,5.8999998569488525,4,39,4,Ph4: Det 4 ON / Det 39 OFF for 5.90s (threshold=5.0s)
4,isolated_pulse,1785697932.1,1785697932.3,0.20000004768371582,4,22,4,Ph4: Det 4 isolated pulse ON/OFF for 0.200s; Det 22 was completely OFF in ±5.0s window
4,isolated_pulse,1785697932.1,1785697932.3,0.20000004768371582,4,39,4,Ph4: Det 4 isolated pulse ON/OFF for 0.200s; Det 39 was completely OFF in ±5.0s window
4,extended_disagreement,1785698330.7,1785698436.4,105.70000004768372,22,39,39,Ph4: Det 39 ON / Det 22 OFF for 105.70s (threshold=5.0s)
4,extended_disagreement,1785698332.5,1785698436.4,103.90000009536743,4,39,39,Ph4: Det 39 ON / Det 4 OFF for 103.90s (threshold=5.0s)
4,extended_disagreement,1785698463.8,1785698468.9,5.1000001430511475,4,39,39,Ph4: Det 39 ON / Det 4 OFF for 5.10s (threshold=5.0s)
4,extended_disagreement,1785698463.8,1785698468.9,5.1000001430511475,22,39,39,Ph4: Det 39 ON / Det 22 OFF for 5.10s (threshold=5.0s)
4,extended_disagreement,1785698474.7,1785698480.2,5.5,22,39,22,Ph4: Det 22 ON / Det 39 OFF for 5.50s (threshold=5.0s)
4,isolated_pulse,1785698480.6,1785698481.0,0.40000009536743164,4,39,4,Ph4: Det 4 isolated pulse ON/OFF for 0.400s; Det 39 was completely OFF in ±5.0s window
4,extended_disagreement,1785698769.7,1785698811.0,41.299999952316284,4,39,39,Ph4: Det 39 ON / Det 4 OFF for 41.30s (threshold=5.0s)
4,extended_disagreement,1785698769.7,1785698811.0,41.299999952316284,22,39,39,Ph4: Det 39 ON / Det 22 OFF for 41.30s (threshold=5.0s)
4,extended_disagreement,1785699035.6,1785699196.7,161.10000014305115,4,39,39,Ph4: Det 39 ON / Det 4 OFF for 161.10s (threshold=5.0s)
4,extended_disagreement,1785699035.6,1785699196.7,161.10000014305115,22,39,39,Ph4: Det 39 ON / Det 22 OFF for 161.10s (threshold=5.0s)
4,extended_disagreement,1785699213.1,1785699399.3,186.20000004768372,4,39,39,Ph4: Det 39 ON / Det 4 OFF for 186.20s (threshold=5.0s)
4,extended_disagreement,1785699213.1,1785699399.3,186.20000004768372,22,39,39,Ph4: Det 39 ON / Det 22 OFF for 186.20s (threshold=5.0s)
4,extended_disagreement,1785699418.4,1785699423.5,5.099999904632568,4,39,39,Ph4: Det 39 ON / Det 4 OFF for 5.10s (threshold=5.0s)
4,extended_disagreement,1785699418.4,1785699423.5,5.099999904632568,22,39,39,Ph4: Det 39 ON / Det 22 OFF for 5.10s (threshold=5.0s)
4,extended_disagreement,1785699429.3,1785699434.4,5.1000001430511475,22,39,39,Ph4: Det 39 ON / Det 22 OFF for 5.10s (threshold=5.0s)
4,extended_disagreement,1785699971.5,1785699999.9,28.40000009536743,4,39,39,Ph4: Det 39 ON / Det 4 OFF for 28.40s (threshold=5.0s)
4,extended_disagreement,1785699971.5,1785700114.8,143.29999995231628,22,39,39,Ph4: Det 39 ON / Det 22 OFF for 143.30s (threshold=5.0s)
4,isolated_pulse,1785699999.9,1785700000.2,0.2999999523162842,4,22,4,Ph4: Det 4 isolated pulse ON/OFF for 0.300s; Det 22 was completely OFF in ±5.0s window
4,extended_disagreement,1785700000.2,1785700114.8,114.59999990463257,4,39,39,Ph4: Det 39 ON / Det 4 OFF for 114.60s (threshold=5.0s)
4,isolated_pulse,1785700354.3,1785700355.4,1.1000001430511475,4,39,39,Ph4: Det 39 isolated pulse ON/OFF for 1.100s; Det 4 was completely OFF in ±5.0s window
4,isolated_pulse,1785700354.3,1785700355.4,1.1000001430511475,22,39,39,Ph4: Det 39 isolated pulse ON/OFF for 1.100s; Det 22 was completely OFF in ±5.0s window
4,extended_disagreement,1785700359.8,1785700381.6,21.799999952316284,4,39,39,Ph4: Det 39 ON / Det 4 OFF for 21.80s (threshold=5.0s)
4,extended_disagreement,1785700359.8,1785700381.6,21.799999952316284,22,39,39,Ph4: Det 39 ON / Det 22 OFF for 21.80s (threshold=5.0s)
4,extended_disagreement,1785700389.8,1785700486.9,97.10000014305115,4,39,39,Ph4: Det 39 ON / Det 4 OFF for 97.10s (threshold=5.0s)
4,extended_disagreement,1785700389.8,1785700486.9,97.10000014305115,22,39,39,Ph4: Det 39 ON / Det 22 OFF for 97.10s (threshold=5.0s)
4,extended_disagreement,1785700524.1,1785700669.8,145.70000004768372,4,39,39,Ph4: Det 39 ON / Det 4 OFF for 145.70s (threshold=5.0s)
4,extended_disagreement,1785700524.1,1785700669.8,145.70000004768372,22,39,39,Ph4: Det 39 ON / Det 22 OFF for 145.70s (threshold=5.0s)
4,extended_disagreement,1785700685.7,1785700716.7,31.0,4,39,39,Ph4: Det 39 ON / Det 4 OFF for 31.00s (threshold=5.0s)
4,extended_disagreement,1785700685.7,1785700716.7,31.0,22,39,39,Ph4: Det 39 ON / Det 22 OFF for 31.00s (threshold=5.0s)
4,extended_disagreement,1785700719.0,1785700857.7,138.70000004768372,4,39,39,Ph4: Det 39 ON / Det 4 OFF for 138.70s (threshold=5.0s)
4,extended_disagreement,1785700719.0,1785700857.7,138.70000004768372,22,39,39,Ph4: Det 39 ON / Det 22 OFF for 138.70s (threshold=5.0s)
4,isolated_pulse,1785700872.7,1785700872.9,0.20000004768371582,4,39,39,Ph4: Det 39 isolated pulse ON/OFF for 0.200s; Det 4 was completely OFF in ±5.0s window
4,isolated_pulse,1785700872.7,1785700872.9,0.20000004768371582,22,39,39,Ph4: Det 39 isolated pulse ON/OFF for 0.200s; Det 22 was completely OFF in ±5.0s window
4,isolated_pulse,1785700876.4,1785700879.8,3.3999998569488525,4,39,39,Ph4: Det 39 isolated pulse ON/OFF for 3.400s; Det 4 was completely OFF in ±5.0s window
4,isolated_pulse,1785700876.4,1785700879.8,3.3999998569488525,22,39,39,Ph4: Det 39 isolated pulse ON/OFF for 3.400s; Det 22 was completely OFF in ±5.0s window
4,extended_disagreement,1785700885.6,1785700907.8,22.200000047683716,22,39,39,Ph4: Det 39 ON / Det 22 OFF for 22.20s (threshold=5.0s)
4,isolated_pulse,1785700886.4,1785700886.6,0.19999980926513672,4,22,4,Ph4: Det 4 isolated pulse ON/OFF for 0.200s; Det 22 was completely OFF in ±5.0s window
4,extended_disagreement,1785700886.6,1785700909.0,22.40000009536743,4,39,39,Ph4: Det 39 ON / Det 4 OFF for 22.40s (threshold=5.0s)
4,extended_disagreement,1785701053.4,1785701247.8,194.39999985694885,4,39,39,Ph4: Det 39 ON / Det 4 OFF for 194.40s (threshold=5.0s)
4,extended_disagreement,1785701053.4,1785701247.8,194.39999985694885,22,39,39,Ph4: Det 39 ON / Det 22 OFF for 194.40s (threshold=5.0s)
4,extended_disagreement,1785701583.0,1785701641.0,58.0,4,39,39,Ph4: Det 39 ON / Det 4 OFF for 58.00s (threshold=5.0s)
4,extended_disagreement,1785701583.0,1785701641.0,58.0,22,39,39,Ph4: Det 39 ON / Det 22 OFF for 58.00s (threshold=5.0s)
4,extended_disagreement,1785701666.8,1785701690.7,23.90000009536743,4,39,39,Ph4: Det 39 ON / Det 4 OFF for 23.90s (threshold=5.0s)
4,extended_disagreement,1785701666.8,1785701689.6,22.799999952316284,22,39,39,Ph4: Det 39 ON / Det 22 OFF for 22.80s (threshold=5.0s)
4,extended_disagreement,1785701842.6,1785701861.7,19.100000143051147,4,39,39,Ph4: Det 39 ON / Det 4 OFF for 19.10s (threshold=5.0s)
4,extended_disagreement,1785701842.6,1785701860.8,18.200000047683716,22,39,39,Ph4: Det 39 ON / Det 22 OFF for 18.20s (threshold=5.0s)
4,extended_disagreement,1785702061.7,1785702122.4,60.700000047683716,22,39,39,Ph4: Det 39 ON / Det 22 OFF for 60.70s (threshold=5.0s)
4,extended_disagreement,1785702063.4,1785702122.4,59.0,4,39,39,Ph4: Det 39 ON / Det 4 OFF for 59.00s (threshold=5.0s)
4,extended_disagreement,1785702130.2,1785702220.6,90.39999985694885,4,39,39,Ph4: Det 39 ON / Det 4 OFF for 90.40s (threshold=5.0s)
4,extended_disagreement,1785702130.2,1785702220.6,90.39999985694885,22,39,39,Ph4: Det 39 ON / Det 22 OFF for 90.40s (threshold=5.0s)
4,isolated_pulse,1785702625.8,1785702626.3,0.5,22,39,22,Ph4: Det 22 isolated pulse ON/OFF for 0.500s; Det 39 was completely OFF in ±5.0s window
4,isolated_pulse,1785702625.9,1785702626.6,0.6999998092651367,4,39,4,Ph4: Det 4 isolated pulse ON/OFF for 0.700s; Det 39 was completely OFF in ±5.0s window
4,extended_disagreement,1785702890.5,1785702997.4,106.90000009536743,4,39,39,Ph4: Det 39 ON / Det 4 OFF for 106.90s (threshold=5.0s)
4,extended_disagreement,1785702890.5,1785702997.4,106.90000009536743,22,39,39,Ph4: Det 39 ON / Det 22 OFF for 106.90s (threshold=5.0s)
4,extended_disagreement,1785703132.4,1785703177.1,44.69999980926514,4,39,39,Ph4: Det 39 ON / Det 4 OFF for 44.70s (threshold=5.0s)
4,extended_disagreement,1785703132.4,1785703177.1,44.69999980926514,22,39,39,Ph4: Det 39 ON / Det 22 OFF for 44.70s (threshold=5.0s)
4,extended_disagreement,1785703185.1,1785703195.8,10.700000047683716,4,39,39,Ph4: Det 39 ON / Det 4 OFF for 10.70s (threshold=5.0s)
4,extended_disagreement,1785703185.1,1785703194.3,9.200000047683716,22,39,39,Ph4: Det 39 ON / Det 22 OFF for 9.20s (threshold=5.0s)
4,extended_disagreement,1785703209.2,1785703214.8,5.599999904632568,22,39,39,Ph4: Det 39 ON / Det 22 OFF for 5.60s (threshold=5.0s)
4,extended_disagreement,1785703210.5,1785703215.8,5.299999952316284,4,39,39,Ph4: Det 39 ON / Det 4 OFF for 5.30s (threshold=5.0s)
4,extended_disagreement,1785703482.0,1785703573.6,91.59999990463257,4,39,39,Ph4: Det 39 ON / Det 4 OFF for 91.60s (threshold=5.0s)
4,extended_disagreement,1785703482.0,1785703573.6,91.59999990463257,22,39,39,Ph4: Det 39 ON / Det 22 OFF for 91.60s (threshold=5.0s)
4,extended_disagreement,1785703623.1,1785703764.9,141.80000019073486,4,39,39,Ph4: Det 39 ON / Det 4 OFF for 141.80s (threshold=5.0s)
4,extended_disagreement,1785703623.1,1785703764.9,141.80000019073486,22,39,39,Ph4: Det 39 ON / Det 22 OFF for 141.80s (threshold=5.0s)
4,extended_disagreement,1785703993.4,1785704149.8,156.39999985694885,22,39,39,Ph4: Det 39 ON / Det 22 OFF for 156.40s (threshold=5.0s)
4,extended_disagreement,1785703994.5,1785704110.2,115.70000004768372,4,39,39,Ph4: Det 39 ON / Det 4 OFF for 115.70s (threshold=5.0s)
4,isolated_pulse,1785704110.2,1785704110.4,0.20000004768371582,4,22,4,Ph4: Det 4 isolated pulse ON/OFF for 0.200s; Det 22 was completely OFF in ±5.0s window
4,extended_disagreement,1785704110.4,1785704149.8,39.39999985694885,4,39,39,Ph4: Det 39 ON / Det 4 OFF for 39.40s (threshold=5.0s)
4,extended_disagreement,1785704266.3,1785704358.9,92.60000014305115,22,39,39,Ph4: Det 39 ON / Det 22 OFF for 92.60s (threshold=5.0s)
4,extended_disagreement,1785704266.7,1785704358.9,92.20000004768372,4,39,39,Ph4: Det 39 ON / Det 4 OFF for 92.20s (threshold=5.0s)
4,isolated_pulse,1785704550.2,1785704555.1,4.8999998569488525,4,39,39,Ph4: Det 39 isolated pulse ON/OFF for 4.900s; Det 4 was completely OFF in ±5.0s window
4,isolated_pulse,1785704550.2,1785704555.1,4.8999998569488525,22,39,39,Ph4: Det 39 isolated pulse ON/OFF for 4.900s; Det 22 was completely OFF in ±5.0s window
4,extended_disagreement,1785704703.3,1785704886.2,182.90000009536743,4,39,39,Ph4: Det 39 ON / Det 4 OFF for 182.90s (threshold=5.0s)
4,extended_disagreement,1785704703.3,1785704886.2,182.90000009536743,22,39,39,Ph4: Det 39 ON / Det 22 OFF for 182.90s (threshold=5.0s)
4,extended_disagreement,1785705089.8,1785705098.1,8.299999952316284,4,22,22,Ph4: Det 22 ON / Det 4 OFF for 8.30s (threshold=5.0s)
4,extended_disagreement,1785705089.8,1785705098.1,8.299999952316284,22,39,22,Ph4: Det 22 ON / Det 39 OFF for 8.30s (threshold=5.0s)
4,extended_disagreement,1785705395.0,1785705444.3,49.299999952316284,4,39,39,Ph4: Det 39 ON / Det 4 OFF for 49.30s (threshold=5.0s)
4,extended_disagreement,1785705395.0,1785705444.3,49.299999952316284,22,39,39,Ph4: Det 39 ON / Det 22 OFF for 49.30s (threshold=5.0s)
4,extended_disagreement,1785705786.4,1785705889.5,103.09999990463257,22,39,39,Ph4: Det 39 ON / Det 22 OFF for 103.10s (threshold=5.0s)
4,extended_disagreement,1785705787.8,1785705889.5,101.70000004768372,4,39,39,Ph4: Det 39 ON / Det 4 OFF for 101.70s (threshold=5.0s)
4,isolated_pulse,1785705898.4,1785705898.7,0.2999999523162842,4,22,22,Ph4: Det 22 isolated pulse ON/OFF for 0.300s; Det 4 was completely OFF in ±5.0s window
4,extended_disagreement,1785705899.0,1785705905.1,6.099999904632568,4,39,39,Ph4: Det 39 ON / Det 4 OFF for 6.10s (threshold=5.0s)
4,extended_disagreement,1785705899.0,1785705905.1,6.099999904632568,22,39,39,Ph4: Det 39 ON / Det 22 OFF for 6.10s (threshold=5.0s)
4,extended_disagreement,1785705907.1,1785705914.3,7.200000047683716,4,39,39,Ph4: Det 39 ON / Det 4 OFF for 7.20s (threshold=5.0s)
4,extended_disagreement,1785705907.1,1785705913.6,6.5,22,39,39,Ph4: Det 39 ON / Det 22 OFF for 6.50s (threshold=5.0s)
4,extended_disagreement,1785705917.2,1785705928.5,11.299999952316284,4,39,39,Ph4: Det 39 ON / Det 4 OFF for 11.30s (threshold=5.0s)
4,extended_disagreement,1785705917.2,1785705927.6,10.399999856948853,22,39,39,Ph4: Det 39 ON / Det 22 OFF for 10.40s (threshold=5.0s)
4,extended_disagreement,1785705932.7,1785705938.5,5.799999952316284,4,39,39,Ph4: Det 39 ON / Det 4 OFF for 5.80s (threshold=5.0s)
4,extended_disagreement,1785705932.7,1785705938.5,5.799999952316284,22,39,39,Ph4: Det 39 ON / Det 22 OFF for 5.80s (threshold=5.0s)
4,extended_disagreement,1785705948.7,1785705954.5,5.799999952316284,4,39,39,Ph4: Det 39 ON / Det 4 OFF for 5.80s (threshold=5.0s)
4,extended_disagreement,1785705948.7,1785705954.5,5.799999952316284,22,39,39,Ph4: Det 39 ON / Det 22 OFF for 5.80s (threshold=5.0s)
4,extended_disagreement,1785705980.2,1785706000.2,20.0,4,39,39,Ph4: Det 39 ON / Det 4 OFF for 20.00s (threshold=5.0s)
4,extended_disagreement,1785705980.2,1785705999.1,18.899999856948853,22,39,39,Ph4: Det 39 ON / Det 22 OFF for 18.90s (threshold=5.0s)
4,extended_disagreement,1785706302.2,1785706328.9,26.700000047683716,4,39,39,Ph4: Det 39 ON / Det 4 OFF for 26.70s (threshold=5.0s)
4,extended_disagreement,1785706302.2,1785706327.9,25.700000047683716,22,39,39,Ph4: Det 39 ON / Det 22 OFF for 25.70s (threshold=5.0s)
4,extended_disagreement,1785706333.0,1785706364.2,31.200000047683716,4,22,4,Ph4: Det 4 ON / Det 22 OFF for 31.20s (threshold=5.0s)
4,extended_disagreement,1785706333.0,1785706434.6,101.59999990463257,22,39,39,Ph4: Det 39 ON / Det 22 OFF for 101.60s (threshold=5.0s)
4,extended_disagreement,1785706364.2,1785706434.6,70.39999985694885,4,39,39,Ph4: Det 39 ON / Det 4 OFF for 70.40s (threshold=5.0s)
4,isolated_pulse,1785706532.5,1785706533.3,0.7999999523162842,22,39,22,Ph4: Det 22 isolated pulse ON/OFF for 0.800s; Det 39 was completely OFF in ±5.0s window
4,isolated_pulse,1785706532.7,1785706533.4,0.7000000476837158,4,39,4,Ph4: Det 4 isolated pulse ON/OFF for 0.700s; Det 39 was completely OFF in ±5.0s window
4,extended_disagreement,1785706568.1,1785706670.4,102.30000019073486,4,39,39,Ph4: Det 39 ON / Det 4 OFF for 102.30s (threshold=5.0s)
4,extended_disagreement,1785706568.1,1785706670.4,102.30000019073486,22,39,39,Ph4: Det 39 ON / Det 22 OFF for 102.30s (threshold=5.0s)
4,extended_disagreement,1785706670.9,1785706676.0,5.099999904632568,4,39,39,Ph4: Det 39 ON / Det 4 OFF for 5.10s (threshold=5.0s)
4,extended_disagreement,1785706670.9,1785706676.0,5.099999904632568,22,39,39,Ph4: Det 39 ON / Det 22 OFF for 5.10s (threshold=5.0s)
4,extended_disagreement,1785706776.0,1785706864.6,88.59999990463257,22,39,39,Ph4: Det 39 ON / Det 22 OFF for 88.60s (threshold=5.0s)
4,extended_disagreement,1785706776.5,1785706864.6,88.09999990463257,4,39,39,Ph4: Det 39 ON / Det 4 OFF for 88.10s (threshold=5.0s)
4,extended_disagreement,1785707311.0,1785707416.1,105.09999990463257,4,39,39,Ph4: Det 39 ON / Det 4 OFF for 105.10s (threshold=5.0s)
4,extended_disagreement,1785707311.0,1785707416.1,105.09999990463257,22,39,39,Ph4: Det 39 ON / Det 22 OFF for 105.10s (threshold=5.0s)
4,extended_disagreement,1785707819.7,1785707828.4,8.700000047683716,22,39,39,Ph4: Det 39 ON / Det 22 OFF for 8.70s (threshold=5.0s)
4,extended_disagreement,1785707820.3,1785707828.4,8.100000143051147,4,39,39,Ph4: Det 39 ON / Det 4 OFF for 8.10s (threshold=5.0s)
4,extended_disagreement,1785707830.2,1785707907.2,77.0,4,39,39,Ph4: Det 39 ON / Det 4 OFF for 77.00s (threshold=5.0s)
4,extended_disagreement,1785707830.2,1785707907.2,77.0,22,39,39,Ph4: Det 39 ON / Det 22 OFF for 77.00s (threshold=5.0s)
4,extended_disagreement,1785707988.2,1785708032.8,44.59999990463257,4,39,39,Ph4: Det 39 ON / Det 4 OFF for 44.60s (threshold=5.0s)
4,extended_disagreement,1785707988.2,1785708032.0,43.799999952316284,22,39,39,Ph4: Det 39 ON / Det 22 OFF for 43.80s (threshold=5.0s)
4,extended_disagreement,1785708034.8,1785708129.3,94.5,22,39,39,Ph4: Det 39 ON / Det 22 OFF for 94.50s (threshold=5.0s)
4,extended_disagreement,1785708036.5,1785708131.1,94.59999990463257,4,39,39,Ph4: Det 39 ON / Det 4 OFF for 94.60s (threshold=5.0s)
4,extended_disagreement,1785708232.9,1785708338.0,105.09999990463257,4,39,39,Ph4: Det 39 ON / Det 4 OFF for 105.10s (threshold=5.0s)
4,extended_disagreement,1785708232.9,1785708338.0,105.09999990463257,22,39,39,Ph4: Det 39 ON / Det 22 OFF for 105.10s (threshold=5.0s)
4,isolated_pulse,1785708940.0,1785708940.7,0.7000000476837158,22,39,22,Ph4: Det 22 isolated pulse ON/OFF for 0.700s; Det 39 was completely OFF in ±5.0s window
4,isolated_pulse,1785708940.4,1785708940.9,0.5,4,39,4,Ph4: Det 4 isolated pulse ON/OFF for 0.500s; Det 39 was completely OFF in ±5.0s window
4,extended_disagreement,1785709295.1,1785709476.7,181.60000014305115,4,39,39,Ph4: Det 39 ON / Det 4 OFF for 181.60s (threshold=5.0s)
4,extended_disagreement,1785709295.1,1785709476.7,181.60000014305115,22,39,39,Ph4: Det 39 ON / Det 22 OFF for 181.60s (threshold=5.0s)
4,extended_disagreement,1785709754.0,1785709760.8,6.799999952316284,4,39,39,Ph4: Det 39 ON / Det 4 OFF for 6.80s (threshold=5.0s)
4,extended_disagreement,1785709754.0,1785709759.6,5.599999904632568,22,39,39,Ph4: Det 39 ON / Det 22 OFF for 5.60s (threshold=5.0s)
4,extended_disagreement,1785709787.7,1785709842.3,54.59999990463257,22,39,39,Ph4: Det 39 ON / Det 22 OFF for 54.60s (threshold=5.0s)
4,extended_disagreement,1785709789.6,1785709842.3,52.700000047683716,4,39,39,Ph4: Det 39 ON / Det 4 OFF for 52.70s (threshold=5.0s)
4,isolated_pulse,1785709858.0,1785709859.7,1.7000000476837158,22,39,22,Ph4: Det 22 isolated pulse ON/OFF for 1.700s; Det 39 was completely OFF in ±5.0s window
4,isolated_pulse,1785709858.9,1785709859.9,1.0,4,39,4,Ph4: Det 4 isolated pulse ON/OFF for 1.000s; Det 39 was completely OFF in ±5.0s window
4,isolated_pulse,1785709886.7,1785709889.8,3.0999999046325684,22,39,22,Ph4: Det 22 isolated pulse ON/OFF for 3.100s; Det 39 was completely OFF in ±5.0s window
4,isolated_pulse,1785709889.9,1785709890.1,0.19999980926513672,4,39,4,Ph4: Det 4 isolated pulse ON/OFF for 0.200s; Det 39 was completely OFF in ±5.0s window
4,extended_disagreement,1785710666.9,1785710744.1,77.19999980926514,4,39,39,Ph4: Det 39 ON / Det 4 OFF for 77.20s (threshold=5.0s)
4,extended_disagreement,1785710666.9,1785710744.1,77.19999980926514,22,39,39,Ph4: Det 39 ON / Det 22 OFF for 77.20s (threshold=5.0s)
4,isolated_pulse,1785710918.0,1785710918.8,0.7999999523162842,4,39,39,Ph4: Det 39 isolated pulse ON/OFF for 0.800s; Det 4 was completely OFF in ±5.0s window
4,isolated_pulse,1785710921.6,1785710922.9,1.3000001907348633,4,22,22,Ph4: Det 22 isolated pulse ON/OFF for 1.300s; Det 4 was completely OFF in ±5.0s window
4,extended_disagreement,1785711548.8,1785711587.0,38.200000047683716,4,39,39,Ph4: Det 39 ON / Det 4 OFF for 38.20s (threshold=5.0s)
4,extended_disagreement,1785711548.8,1785711586.1,37.299999952316284,22,39,39,Ph4: Det 39 ON / Det 22 OFF for 37.30s (threshold=5.0s)
4,isolated_pulse,1785711695.2,1785711695.6,0.39999985694885254,4,22,4,Ph4: Det 4 isolated pulse ON/OFF for 0.400s; Det 22 was completely OFF in ±5.0s window
4,isolated_pulse,1785711695.2,1785711695.6,0.39999985694885254,4,39,4,Ph4: Det 4 isolated pulse ON/OFF for 0.400s; Det 39 was completely OFF in ±5.0s window
4,extended_disagreement,1785711731.7,1785711870.3,138.59999990463257,4,39,39,Ph4: Det 39 ON / Det 4 OFF for 138.60s (threshold=5.0s)
4,extended_disagreement,1785711731.7,1785711870.3,138.59999990463257,22,39,39,Ph4: Det 39 ON / Det 22 OFF for 138.60s (threshold=5.0s)
4,isolated_pulse,1785712498.8,1785712501.6,2.799999952316284,4,39,39,Ph4: Det 39 isolated pulse ON/OFF for 2.800s; Det 4 was completely OFF in ±5.0s window
4,isolated_pulse,1785712498.8,1785712501.6,2.799999952316284,22,39,39,Ph4: Det 39 isolated pulse ON/OFF for 2.800s; Det 22 was completely OFF in ±5.0s window
4,isolated_pulse,1785712664.4,1785712664.6,0.19999980926513672,4,22,4,Ph4: Det 4 isolated pulse ON/OFF for 0.200s; Det 22 was completely OFF in ±5.0s window
4,isolated_pulse,1785712664.4,1785712664.6,0.19999980926513672,4,39,4,Ph4: Det 4 isolated pulse ON/OFF for 0.200s; Det 39 was completely OFF in ±5.0s window
4,isolated_pulse,1785712670.2,1785712673.2,3.0,22,39,22,Ph4: Det 22 isolated pulse ON/OFF for 3.000s; Det 39 was completely OFF in ±5.0s window
4,isolated_pulse,1785712670.9,1785712674.1,3.1999998092651367,4,39,4,Ph4: Det 4 isolated pulse ON/OFF for 3.200s; Det 39 was completely OFF in ±5.0s window
4,extended_disagreement,1785712984.9,1785713026.0,41.09999990463257,4,39,39,Ph4: Det 39 ON / Det 4 OFF for 41.10s (threshold=5.0s)
4,extended_disagreement,1785712984.9,1785713026.0,41.09999990463257,22,39,39,Ph4: Det 39 ON / Det 22 OFF for 41.10s (threshold=5.0s)
4,isolated_pulse,1785713223.6,1785713223.8,0.20000004768371582,4,22,4,Ph4: Det 4 isolated pulse ON/OFF for 0.200s; Det 22 was completely OFF in ±5.0s window
4,isolated_pulse,1785713223.6,1785713223.8,0.20000004768371582,4,39,4,Ph4: Det 4 isolated pulse ON/OFF for 0.200s; Det 39 was completely OFF in ±5.0s window
4,extended_disagreement,1785713651.4,1785713697.6,46.19999980926514,4,39,39,Ph4: Det 39 ON / Det 4 OFF for 46.20s (threshold=5.0s)
4,extended_disagreement,1785713651.4,1785713696.8,45.39999985694885,22,39,39,Ph4: Det 39 ON / Det 22 OFF for 45.40s (threshold=5.0s)
4,extended_disagreement,1785713715.7,1785713785.6,69.89999985694885,22,39,39,Ph4: Det 39 ON / Det 22 OFF for 69.90s (threshold=5.0s)
4,extended_disagreement,1785713717.6,1785713785.6,68.0,4,39,39,Ph4: Det 39 ON / Det 4 OFF for 68.00s (threshold=5.0s)
4,extended_disagreement,1785714007.9,1785714133.9,126.0,4,39,39,Ph4: Det 39 ON / Det 4 OFF for 126.00s (threshold=5.0s)
4,extended_disagreement,1785714007.9,1785714133.9,126.0,22,39,39,Ph4: Det 39 ON / Det 22 OFF for 126.00s (threshold=5.0s)
4,extended_disagreement,1785714197.8,1785714329.1,131.29999995231628,22,39,39,Ph4: Det 39 ON / Det 22 OFF for 131.30s (threshold=5.0s)
4,extended_disagreement,1785714197.9,1785714329.1,131.19999980926514,4,39,39,Ph4: Det 39 ON / Det 4 OFF for 131.20s (threshold=5.0s)
4,isolated_pulse,1785714529.6,1785714530.5,0.9000000953674316,4,39,39,Ph4: Det 39 isolated pulse ON/OFF for 0.900s; Det 4 was completely OFF in ±5.0s window
4,isolated_pulse,1785714529.8,1785714531.6,1.7999999523162842,4,22,22,Ph4: Det 22 isolated pulse ON/OFF for 1.800s; Det 4 was completely OFF in ±5.0s window
4,extended_disagreement,1785714540.4,1785714545.7,5.299999952316284,22,39,22,Ph4: Det 22 ON / Det 39 OFF for 5.30s (threshold=5.0s)
4,extended_disagreement,1785714709.2,1785714881.0,171.79999995231628,4,39,39,Ph4: Det 39 ON / Det 4 OFF for 171.80s (threshold=5.0s)
4,extended_disagreement,1785714709.2,1785714881.0,171.79999995231628,22,39,39,Ph4: Det 39 ON / Det 22 OFF for 171.80s (threshold=5.0s)
4,extended_disagreement,1785715088.9,1785715094.3,5.3999998569488525,4,39,39,Ph4: Det 39 ON / Det 4 OFF for 5.40s (threshold=5.0s)
4,extended_disagreement,1785715088.9,1785715094.3,5.3999998569488525,22,39,39,Ph4: Det 39 ON / Det 22 OFF for 5.40s (threshold=5.0s)
4,extended_disagreement,1785715275.4,1785715281.0,5.599999904632568,22,39,39,Ph4: Det 39 ON / Det 22 OFF for 5.60s (threshold=5.0s)
4,extended_disagreement,1785715275.5,1785715281.0,5.5,4,39,39,Ph4: Det 39 ON / Det 4 OFF for 5.50s (threshold=5.0s)
4,isolated_pulse,1785715317.2,1785715319.2,2.0,4,39,39,Ph4: Det 39 isolated pulse ON/OFF for 2.000s; Det 4 was completely OFF in ±5.0s window
4,isolated_pulse,1785715317.2,1785715319.2,2.0,22,39,39,Ph4: Det 39 isolated pulse ON/OFF for 2.000s; Det 22 was completely OFF in ±5.0s window
4,extended_disagreement,1785715373.2,1785715412.4,39.200000047683716,4,39,39,Ph4: Det 39 ON / Det 4 OFF for 39.20s (threshold=5.0s)
4,extended_disagreement,1785715373.2,1785715412.4,39.200000047683716,22,39,39,Ph4: Det 39 ON / Det 22 OFF for 39.20s (threshold=5.0s)
4,extended_disagreement,1785715413.4,1785715449.2,35.799999952316284,4,39,39,Ph4: Det 39 ON / Det 4 OFF for 35.80s (threshold=5.0s)
4,extended_disagreement,1785715413.4,1785715449.2,35.799999952316284,22,39,39,Ph4: Det 39 ON / Det 22 OFF for 35.80s (threshold=5.0s)
4,extended_disagreement,1785715526.2,1785715542.4,16.200000047683716,22,39,39,Ph4: Det 39 ON / Det 22 OFF for 16.20s (threshold=5.0s)
4,extended_disagreement,1785715526.4,1785715543.2,16.799999952316284,4,39,39,Ph4: Det 39 ON / Det 4 OFF for 16.80s (threshold=5.0s)
4,extended_disagreement,1785715667.2,1785715816.6,149.39999985694885,4,39,39,Ph4: Det 39 ON / Det 4 OFF for 149.40s (threshold=5.0s)
4,extended_disagreement,1785715667.2,1785715815.5,148.29999995231628,22,39,39,Ph4: Det 39 ON / Det 22 OFF for 148.30s (threshold=5.0s)
4,extended_disagreement,1785716029.8,1785716035.3,5.5,22,39,22,Ph4: Det 22 ON / Det 39 OFF for 5.50s (threshold=5.0s)
4,extended_disagreement,1785716057.2,1785716072.7,15.5,4,39,39,Ph4: Det 39 ON / Det 4 OFF for 15.50s (threshold=5.0s)
4,extended_disagreement,1785716057.2,1785716071.4,14.200000047683716,22,39,39,Ph4: Det 39 ON / Det 22 OFF for 14.20s (threshold=5.0s)
4,extended_disagreement,1785716078.2,1785716143.8,65.59999990463257,22,39,39,Ph4: Det 39 ON / Det 22 OFF for 65.60s (threshold=5.0s)
4,extended_disagreement,1785716079.0,1785716143.8,64.79999995231628,4,39,39,Ph4: Det 39 ON / Det 4 OFF for 64.80s (threshold=5.0s)
4,isolated_pulse,1785716163.3,1785716166.7,3.4000000953674316,22,39,22,Ph4: Det 22 isolated pulse ON/OFF for 3.400s; Det 39 was completely OFF in ±5.0s window
4,isolated_pulse,1785716165.3,1785716167.6,2.299999952316284,4,39,4,Ph4: Det 4 isolated pulse ON/OFF for 2.300s; Det 39 was completely OFF in ±5.0s window
4,extended_disagreement,1785716225.4,1785716262.9,37.5,4,39,39,Ph4: Det 39 ON / Det 4 OFF for 37.50s (threshold=5.0s)
4,extended_disagreement,1785716225.4,1785716262.9,37.5,22,39,39,Ph4: Det 39 ON / Det 22 OFF for 37.50s (threshold=5.0s)
4,extended_disagreement,1785716306.0,1785716326.8,20.799999952316284,4,22,4,Ph4: Det 4 ON / Det 22 OFF for 20.80s (threshold=5.0s)
4,extended_disagreement,1785716306.0,1785716430.7,124.70000004768372,22,39,39,Ph4: Det 39 ON / Det 22 OFF for 124.70s (threshold=5.0s)
4,extended_disagreement,1785716326.8,1785716430.7,103.90000009536743,4,39,39,Ph4: Det 39 ON / Det 4 OFF for 103.90s (threshold=5.0s)
4,extended_disagreement,1785716536.9,1785716602.6,65.69999980926514,4,39,39,Ph4: Det 39 ON / Det 4 OFF for 65.70s (threshold=5.0s)
4,extended_disagreement,1785716536.9,1785716602.6,65.69999980926514,22,39,39,Ph4: Det 39 ON / Det 22 OFF for 65.70s (threshold=5.0s)
4,isolated_pulse,1785716605.9,1785716608.4,2.5,4,39,39,Ph4: Det 39 isolated pulse ON/OFF for 2.500s; Det 4 was completely OFF in ±5.0s window
4,isolated_pulse,1785716605.9,1785716608.4,2.5,22,39,39,Ph4: Det 39 isolated pulse ON/OFF for 2.500s; Det 22 was completely OFF in ±5.0s window
4,isolated_pulse,1785716628.9,1785716629.1,0.19999980926513672,4,22,22,Ph4: Det 22 isolated pulse ON/OFF for 0.200s; Det 4 was completely OFF in ±5.0s window
4,isolated_pulse,1785716628.9,1785716629.1,0.19999980926513672,22,39,22,Ph4: Det 22 isolated pulse ON/OFF for 0.200s; Det 39 was completely OFF in ±5.0s window
4,extended_disagreement,1785717063.9,1785717096.9,33.0,4,39,39,Ph4: Det 39 ON / Det 4 OFF for 33.00s (threshold=5.0s)
4,extended_disagreement,1785717063.9,1785717096.9,33.0,22,39,39,Ph4: Det 39 ON / Det 22 OFF for 33.00s (threshold=5.0s)
4,extended_disagreement,1785717463.9,1785717559.6,95.69999980926514,4,39,39,Ph4: Det 39 ON / Det 4 OFF for 95.70s (threshold=5.0s)
4,extended_disagreement,1785717463.9,1785717559.6,95.69999980926514,22,39,39,Ph4: Det 39 ON / Det 22 OFF for 95.70s (threshold=5.0s)
4,extended_disagreement,1785717560.2,1785717596.3,36.09999990463257,4,39,39,Ph4: Det 39 ON / Det 4 OFF for 36.10s (threshold=5.0s)
4,extended_disagreement,1785717560.2,1785717596.3,36.09999990463257,22,39,39,Ph4: Det 39 ON / Det 22 OFF for 36.10s (threshold=5.0s)
4,isolated_pulse,1785718366.4,1785718366.7,0.2999999523162842,4,39,39,Ph4: Det 39 isolated pulse ON/OFF for 0.300s; Det 4 was completely OFF in ±5.0s window
4,isolated_pulse,1785718366.4,1785718366.7,0.2999999523162842,22,39,39,Ph4: Det 39 isolated pulse ON/OFF for 0.300s; Det 22 was completely OFF in ±5.0s window
4,isolated_pulse,1785718549.8,1785718550.0,0.20000004768371582,4,39,39,Ph4: Det 39 isolated pulse ON/OFF for 0.200s; Det 4 was completely OFF in ±5.0s window
4,isolated_pulse,1785718549.8,1785718550.0,0.20000004768371582,22,39,39,Ph4: Det 39 isolated pulse ON/OFF for 0.200s; Det 22 was completely OFF in ±5.0s window
4,extended_disagreement,1785718753.0,1785718872.9,119.90000009536743,4,39,39,Ph4: Det 39 ON / Det 4 OFF for 119.90s (threshold=5.0s)
4,extended_disagreement,1785718753.0,1785718872.9,119.90000009536743,22,39,39,Ph4: Det 39 ON / Det 22 OFF for 119.90s (threshold=5.0s)
4,extended_disagreement,1785719194.0,1785719214.9,20.90000009536743,4,39,39,Ph4: Det 39 ON / Det 4 OFF for 20.90s (threshold=5.0s)
4,extended_disagreement,1785719194.0,1785719214.7,20.700000047683716,22,39,39,Ph4: Det 39 ON / Det 22 OFF for 20.70s (threshold=5.0s)
4,extended_disagreement,1785719215.1,1785719246.5,31.40000009536743,4,39,39,Ph4: Det 39 ON / Det 4 OFF for 31.40s (threshold=5.0s)
4,extended_disagreement,1785719215.1,1785719246.5,31.40000009536743,22,39,39,Ph4: Det 39 ON / Det 22 OFF for 31.40s (threshold=5.0s)
4,extended_disagreement,1785719769.0,1785719829.8,60.799999952316284,4,39,39,Ph4: Det 39 ON / Det 4 OFF for 60.80s (threshold=5.0s)
4,extended_disagreement,1785719769.0,1785719829.8,60.799999952316284,22,39,39,Ph4: Det 39 ON / Det 22 OFF for 60.80s (threshold=5.0s)
4,isolated_pulse,1785719865.0,1785719868.1,3.0999999046325684,4,39,39,Ph4: Det 39 isolated pulse ON/OFF for 3.100s; Det 4 was completely OFF in ±5.0s window
4,isolated_pulse,1785719865.8,1785719869.0,3.200000047683716,4,22,22,Ph4: Det 22 isolated pulse ON/OFF for 3.200s; Det 4 was completely OFF in ±5.0s window
4,isolated_pulse,1785719901.3,1785719903.6,2.299999952316284,4,39,39,Ph4: Det 39 isolated pulse ON/OFF for 2.300s; Det 4 was completely OFF in ±5.0s window
4,isolated_pulse,1785719902.0,1785719904.8,2.799999952316284,4,22,22,Ph4: Det 22 isolated pulse ON/OFF for 2.800s; Det 4 was completely OFF in ±5.0s window
4,extended_disagreement,1785720031.3,1785720106.3,75.0,4,22,4,Ph4: Det 4 ON / Det 22 OFF for 75.00s (threshold=5.0s)
4,extended_disagreement,1785720031.3,1785720106.3,75.0,4,39,4,Ph4: Det 4 ON / Det 39 OFF for 75.00s (threshold=5.0s)
4,extended_disagreement,1785720106.6,1785720119.3,12.700000047683716,4,22,4,Ph4: Det 4 ON / Det 22 OFF for 12.70s (threshold=5.0s)
4,extended_disagreement,1785720106.6,1785720119.3,12.700000047683716,4,39,4,Ph4: Det 4 ON / Det 39 OFF for 12.70s (threshold=5.0s)
4,isolated_pulse,1785721119.0,1785721119.4,0.40000009536743164,4,22,22,Ph4: Det 22 isolated pulse ON/OFF for 0.400s; Det 4 was completely OFF in ±5.0s window
4,isolated_pulse,1785721119.0,1785721119.4,0.40000009536743164,22,39,22,Ph4: Det 22 isolated pulse ON/OFF for 0.400s; Det 39 was completely OFF in ±5.0s window
4,isolated_pulse,1785721548.7,1785721550.2,1.5,4,39,39,Ph4: Det 39 isolated pulse ON/OFF for 1.500s; Det 4 was completely OFF in ±5.0s window
4,isolated_pulse,1785721548.7,1785721550.2,1.5,22,39,39,Ph4: Det 39 isolated pulse ON/OFF for 1.500s; Det 22 was completely OFF in ±5.0s window
4,isolated_pulse,1785723786.2,1785723786.8,0.5999999046325684,22,39,22,Ph4: Det 22 isolated pulse ON/OFF for 0.600s; Det 39 was completely OFF in ±5.0s window
4,isolated_pulse,1785723786.7,1785723786.8,0.09999990463256836,4,39,4,Ph4: Det 4 isolated pulse ON/OFF for 0.100s; Det 39 was completely OFF in ±5.0s window
4,extended_disagreement,1785724000.1,1785724005.4,5.300000190734863,4,39,39,Ph4: Det 39 ON / Det 4 OFF for 5.30s (threshold=5.0s)
4,extended_disagreement,1785724000.1,1785724005.4,5.300000190734863,22,39,39,Ph4: Det 39 ON / Det 22 OFF for 5.30s (threshold=5.0s)
4,isolated_pulse,1785724035.4,1785724038.2,2.799999952316284,4,39,39,Ph4: Det 39 isolated pulse ON/OFF for 2.800s; Det 4 was completely OFF in ±5.0s window
4,isolated_pulse,1785724035.4,1785724038.2,2.799999952316284,22,39,39,Ph4: Det 39 isolated pulse ON/OFF for 2.800s; Det 22 was completely OFF in ±5.0s window
4,isolated_pulse,1785725154.5,1785725158.1,3.5999999046325684,4,39,39,Ph4: Det 39 isolated pulse ON/OFF for 3.600s; Det 4 was completely OFF in ±5.0s window
4,isolated_pulse,1785725154.5,1785725158.1,3.5999999046325684,22,39,39,Ph4: Det 39 isolated pulse ON/OFF for 3.600s; Det 22 was completely OFF in ±5.0s window
4,extended_disagreement,1785725160.8,1785725192.1,31.299999952316284,4,39,39,Ph4: Det 39 ON / Det 4 OFF for 31.30s (threshold=5.0s)
4,extended_disagreement,1785725160.8,1785725192.1,31.299999952316284,22,39,39,Ph4: Det 39 ON / Det 22 OFF for 31.30s (threshold=5.0s)
4,extended_disagreement,1785726635.9,1785726645.4,9.5,22,39,22,Ph4: Det 22 ON / Det 39 OFF for 9.50s (threshold=5.0s)
4,extended_disagreement,1785726637.0,1785726645.4,8.400000095367432,4,39,4,Ph4: Det 4 ON / Det 39 OFF for 8.40s (threshold=5.0s)
4,extended_disagreement,1785726648.3,1785726655.3,7.0,22,39,39,Ph4: Det 39 ON / Det 22 OFF for 7.00s (threshold=5.0s)
4,extended_disagreement,1785726648.6,1785726655.3,6.700000047683716,4,39,39,Ph4: Det 39 ON / Det 4 OFF for 6.70s (threshold=5.0s)
4,extended_disagreement,1785728655.1,1785728672.2,17.100000143051147,4,39,39,Ph4: Det 39 ON / Det 4 OFF for 17.10s (threshold=5.0s)
4,extended_disagreement,1785728655.5,1785728672.2,16.700000047683716,22,39,39,Ph4: Det 39 ON / Det 22 OFF for 16.70s (threshold=5.0s)
4,isolated_pulse,1785729315.1,1785729315.3,0.20000004768371582,4,22,4,Ph4: Det 4 isolated pulse ON/OFF for 0.200s; Det 22 was completely OFF in ±5.0s window
4,isolated_pulse,1785729315.1,1785729315.3,0.20000004768371582,4,39,4,Ph4: Det 4 isolated pulse ON/OFF for 0.200s; Det 39 was completely OFF in ±5.0s window
4,isolated_pulse,1785729316.6,1785729317.1,0.5,4,22,4,Ph4: Det 4 isolated pulse ON/OFF for 0.500s; Det 22 was completely OFF in ±5.0s window
4,isolated_pulse,1785729316.6,1785729317.1,0.5,4,39,4,Ph4: Det 4 isolated pulse ON/OFF for 0.500s; Det 39 was completely OFF in ±5.0s window
4,isolated_pulse,1785729319.8,1785729320.1,0.2999999523162842,4,22,4,Ph4: Det 4 isolated pulse ON/OFF for 0.300s; Det 22 was completely OFF in ±5.0s window
4,isolated_pulse,1785729319.8,1785729320.1,0.2999999523162842,4,39,4,Ph4: Det 4 isolated pulse ON/OFF for 0.300s; Det 39 was completely OFF in ±5.0s window
4,isolated_pulse,1785729936.6,1785729936.7,0.10000014305114746,4,22,4,Ph4: Det 4 isolated pulse ON/OFF for 0.100s; Det 22 was completely OFF in ±5.0s window
4,isolated_pulse,1785729936.6,1785729936.7,0.10000014305114746,4,39,4,Ph4: Det 4 isolated pulse ON/OFF for 0.100s; Det 39 was completely OFF in ±5.0s window
4,isolated_pulse,1785729962.6,1785729962.8,0.20000004768371582,4,22,4,Ph4: Det 4 isolated pulse ON/OFF for 0.200s; Det 22 was completely OFF in ±5.0s window
4,isolated_pulse,1785729962.6,1785729962.8,0.20000004768371582,4,39,4,Ph4: Det 4 isolated pulse ON/OFF for 0.200s; Det 39 was completely OFF in ±5.0s window
4,isolated_pulse,1785730152.5,1785730152.7,0.20000004768371582,4,22,4,Ph4: Det 4 isolated pulse ON/OFF for 0.200s; Det 22 was completely OFF in ±5.0s window
4,isolated_pulse,1785730152.5,1785730152.7,0.20000004768371582,4,39,4,Ph4: Det 4 isolated pulse ON/OFF for 0.200s; Det 39 was completely OFF in ±5.0s window
4,isolated_pulse,1785730157.7,1785730157.8,0.09999990463256836,4,22,4,Ph4: Det 4 isolated pulse ON/OFF for 0.100s; Det 22 was completely OFF in ±5.0s window
4,isolated_pulse,1785730157.7,1785730157.8,0.09999990463256836,4,39,4,Ph4: Det 4 isolated pulse ON/OFF for 0.100s; Det 39 was completely OFF in ±5.0s window
4,isolated_pulse,1785730164.6,1785730164.8,0.20000004768371582,4,22,4,Ph4: Det 4 isolated pulse ON/OFF for 0.200s; Det 22 was completely OFF in ±5.0s window
4,isolated_pulse,1785730164.6,1785730164.8,0.20000004768371582,4,39,4,Ph4: Det 4 isolated pulse ON/OFF for 0.200s; Det 39 was completely OFF in ±5.0s window
4,isolated_pulse,1785730167.0,1785730167.2,0.20000004768371582,4,22,4,Ph4: Det 4 isolated pulse ON/OFF for 0.200s; Det 22 was completely OFF in ±5.0s window
4,isolated_pulse,1785730167.0,1785730167.2,0.20000004768371582,4,39,4,Ph4: Det 4 isolated pulse ON/OFF for 0.200s; Det 39 was completely OFF in ±5.0s window
4,isolated_pulse,1785730475.5,1785730475.6,0.09999990463256836,4,22,4,Ph4: Det 4 isolated pulse ON/OFF for 0.100s; Det 22 was completely OFF in ±5.0s window
4,isolated_pulse,1785730475.5,1785730475.6,0.09999990463256836,4,39,4,Ph4: Det 4 isolated pulse ON/OFF for 0.100s; Det 39 was completely OFF in ±5.0s window
4,isolated_pulse,1785730480.1,1785730480.2,0.10000014305114746,4,22,4,Ph4: Det 4 isolated pulse ON/OFF for 0.100s; Det 22 was completely OFF in ±5.0s window
4,isolated_pulse,1785730480.1,1785730480.2,0.10000014305114746,4,39,4,Ph4: Det 4 isolated pulse ON/OFF for 0.100s; Det 39 was completely OFF in ±5.0s window
4,isolated_pulse,1785731019.0,1785731019.3,0.2999999523162842,4,22,4,Ph4: Det 4 isolated pulse ON/OFF for 0.300s; Det 22 was completely OFF in ±5.0s window
4,isolated_pulse,1785731019.0,1785731019.3,0.2999999523162842,4,39,4,Ph4: Det 4 isolated pulse ON/OFF for 0.300s; Det 39 was completely OFF in ±5.0s window
6,extended_disagreement,1785686043.1,1785686062.8,19.700000047683716,26,33,26,Ph6: Det 26 ON / Det 33 OFF for 19.70s (threshold=5.0s)
6,extended_disagreement,1785686346.3,1785686351.4,5.1000001430511475,26,33,33,Ph6: Det 33 ON / Det 26 OFF for 5.10s (threshold=5.0s)
6,isolated_pulse,1785686461.2,1785686464.2,3.0,26,33,26,Ph6: Det 26 isolated pulse ON/OFF for 3.000s; Det 33 was completely OFF in ±5.0s window
6,isolated_pulse,1785686464.6,1785686466.1,1.5,26,33,26,Ph6: Det 26 isolated pulse ON/OFF for 1.500s; Det 33 was completely OFF in ±5.0s window
6,extended_disagreement,1785688873.0,1785688881.3,8.299999952316284,26,33,26,Ph6: Det 26 ON / Det 33 OFF for 8.30s (threshold=5.0s)
6,extended_disagreement,1785689177.3,1785689184.0,6.700000047683716,26,33,26,Ph6: Det 26 ON / Det 33 OFF for 6.70s (threshold=5.0s)
6,extended_disagreement,1785690538.4,1785690544.4,6.0,26,33,26,Ph6: Det 26 ON / Det 33 OFF for 6.00s (threshold=5.0s)
6,isolated_pulse,1785690575.7,1785690577.4,1.7000000476837158,26,33,26,Ph6: Det 26 isolated pulse ON/OFF for 1.700s; Det 33 was completely OFF in ±5.0s window
6,extended_disagreement,1785691669.1,1785691687.6,18.5,26,33,26,Ph6: Det 26 ON / Det 33 OFF for 18.50s (threshold=5.0s)
6,isolated_pulse,1785692804.2,1785692806.0,1.7999999523162842,26,33,26,Ph6: Det 26 isolated pulse ON/OFF for 1.800s; Det 33 was completely OFF in ±5.0s window
6,extended_disagreement,1785694639.0,1785694665.8,26.799999952316284,26,33,26,Ph6: Det 26 ON / Det 33 OFF for 26.80s (threshold=5.0s)
6,extended_disagreement,1785697828.0,1785697834.8,6.799999952316284,26,33,26,Ph6: Det 26 ON / Det 33 OFF for 6.80s (threshold=5.0s)
6,extended_disagreement,1785699070.7,1785699083.2,12.5,26,33,26,Ph6: Det 26 ON / Det 33 OFF for 12.50s (threshold=5.0s)
6,extended_disagreement,1785699271.5,1785699279.3,7.799999952316284,26,33,26,Ph6: Det 26 ON / Det 33 OFF for 7.80s (threshold=5.0s)
6,extended_disagreement,1785700180.4,1785700188.8,8.399999856948853,26,33,26,Ph6: Det 26 ON / Det 33 OFF for 8.40s (threshold=5.0s)
6,extended_disagreement,1785701270.5,1785701282.6,12.099999904632568,26,33,26,Ph6: Det 26 ON / Det 33 OFF for 12.10s (threshold=5.0s)
6,extended_disagreement,1785703483.8,1785703502.8,19.0,26,33,26,Ph6: Det 26 ON / Det 33 OFF for 19.00s (threshold=5.0s)
6,extended_disagreement,1785703512.4,1785703544.0,31.59999990463257,26,33,26,Ph6: Det 26 ON / Det 33 OFF for 31.60s (threshold=5.0s)
6,extended_disagreement,1785704639.9,1785704659.0,19.09999990463257,26,33,26,Ph6: Det 26 ON / Det 33 OFF for 19.10s (threshold=5.0s)
6,extended_disagreement,1785705977.2,1785705984.2,7.0,26,33,26,Ph6: Det 26 ON / Det 33 OFF for 7.00s (threshold=5.0s)
6,extended_disagreement,1785707020.7,1785707027.0,6.299999952316284,26,33,26,Ph6: Det 26 ON / Det 33 OFF for 6.30s (threshold=5.0s)
6,extended_disagreement,1785707659.4,1785707665.3,5.8999998569488525,26,33,33,Ph6: Det 33 ON / Det 26 OFF for 5.90s (threshold=5.0s)
6,extended_disagreement,1785707684.7,1785707692.5,7.799999952316284,26,33,26,Ph6: Det 26 ON / Det 33 OFF for 7.80s (threshold=5.0s)
6,extended_disagreement,1785707858.6,1785707872.7,14.100000143051147,26,33,26,Ph6: Det 26 ON / Det 33 OFF for 14.10s (threshold=5.0s)
6,extended_disagreement,1785707873.0,1785707882.4,9.400000095367432,26,33,26,Ph6: Det 26 ON / Det 33 OFF for 9.40s (threshold=5.0s)
6,isolated_pulse,1785707883.2,1785707886.0,2.799999952316284,26,33,26,Ph6: Det 26 isolated pulse ON/OFF for 2.800s; Det 33 was completely OFF in ±5.0s window
6,isolated_pulse,1785707887.6,1785707888.9,1.3000001907348633,26,33,26,Ph6: Det 26 isolated pulse ON/OFF for 1.300s; Det 33 was completely OFF in ±5.0s window
6,extended_disagreement,1785707889.4,1785707895.6,6.199999809265137,26,33,26,Ph6: Det 26 ON / Det 33 OFF for 6.20s (threshold=5.0s)
6,isolated_pulse,1785707895.9,1785707896.2,0.2999999523162842,26,33,26,Ph6: Det 26 isolated pulse ON/OFF for 0.300s; Det 33 was completely OFF in ±5.0s window
6,isolated_pulse,1785707896.7,1785707897.2,0.5,26,33,26,Ph6: Det 26 isolated pulse ON/OFF for 0.500s; Det 33 was completely OFF in ±5.0s window
6,isolated_pulse,1785707897.7,1785707898.4,0.7000000476837158,26,33,26,Ph6: Det 26 isolated pulse ON/OFF for 0.700s; Det 33 was completely OFF in ±5.0s window
6,isolated_pulse,1785707899.0,1785707900.8,1.7999999523162842,26,33,26,Ph6: Det 26 isolated pulse ON/OFF for 1.800s; Det 33 was completely OFF in ±5.0s window
6,isolated_pulse,1785707903.8,1785707906.0,2.200000047683716,26,33,26,Ph6: Det 26 isolated pulse ON/OFF for 2.200s; Det 33 was completely OFF in ±5.0s window
6,extended_disagreement,1785707906.8,1785707921.0,14.200000047683716,26,33,26,Ph6: Det 26 ON / Det 33 OFF for 14.20s (threshold=5.0s)
6,isolated_pulse,1785707921.5,1785707922.2,0.7000000476837158,26,33,26,Ph6: Det 26 isolated pulse ON/OFF for 0.700s; Det 33 was completely OFF in ±5.0s window
6,extended_disagreement,1785709765.9,1785709772.0,6.099999904632568,26,33,26,Ph6: Det 26 ON / Det 33 OFF for 6.10s (threshold=5.0s)
6,extended_disagreement,1785711293.1,1785711299.4,6.300000190734863,26,33,33,Ph6: Det 33 ON / Det 26 OFF for 6.30s (threshold=5.0s)
6,extended_disagreement,1785712886.3,1785712893.4,7.1000001430511475,26,33,26,Ph6: Det 26 ON / Det 33 OFF for 7.10s (threshold=5.0s)
6,extended_disagreement,1785712956.1,1785712966.8,10.700000047683716,26,33,26,Ph6: Det 26 ON / Det 33 OFF for 10.70s (threshold=5.0s)
6,extended_disagreement,1785715995.7,1785716003.6,7.8999998569488525,26,33,26,Ph6: Det 26 ON / Det 33 OFF for 7.90s (threshold=5.0s)
6,extended_disagreement,1785716485.4,1785716491.1,5.699999809265137,26,33,26,Ph6: Det 26 ON / Det 33 OFF for 5.70s (threshold=5.0s)
6,extended_disagreement,1785719047.6,1785719056.6,9.0,26,33,26,Ph6: Det 26 ON / Det 33 OFF for 9.00s (threshold=5.0s)
6,isolated_pulse,1785720370.4,1785720371.1,0.6999998092651367,26,33,26,Ph6: Det 26 isolated pulse ON/OFF for 0.700s; Det 33 was completely OFF in ±5.0s window
6,extended_disagreement,1785721110.0,1785721115.5,5.5,26,33,26,Ph6: Det 26 ON / Det 33 OFF for 5.50s (threshold=5.0s)
6,isolated_pulse,1785723666.5,1785723668.2,1.7000000476837158,26,33,26,Ph6: Det 26 isolated pulse ON/OFF for 1.700s; Det 33 was completely OFF in ±5.0s window
6,isolated_pulse,1785725551.7,1785725553.1,1.3999998569488525,26,33,26,Ph6: Det 26 isolated pulse ON/OFF for 1.400s; Det 33 was completely OFF in ±5.0s window
6,isolated_pulse,1785729146.5,1785729146.8,0.2999999523162842,26,33,33,Ph6: Det 33 isolated pulse ON/OFF for 0.300s; Det 26 was completely OFF in ±5.0s window
7,isolated_pulse,1785684613.1,1785684615.6,2.5,24,38,38,Ph7: Det 38 isolated pulse ON/OFF for 2.500s; Det 24 was completely OFF in ±5.0s window
7,isolated_pulse,1785684614.5,1785684616.9,2.4000000953674316,7,24,7,Ph7: Det 7 isolated pulse ON/OFF for 2.400s; Det 24 was completely OFF in ±5.0s window
7,isolated_pulse,1785684660.5,1785684662.8,2.299999952316284,24,38,24,Ph7: Det 24 isolated pulse ON/OFF for 2.300s; Det 38 was completely OFF in ±5.0s window
7,isolated_pulse,1785684661.3,1785684662.4,1.1000001430511475,7,38,7,Ph7: Det 7 isolated pulse ON/OFF for 1.100s; Det 38 was completely OFF in ±5.0s window
7,isolated_pulse,1785685205.2,1785685205.3,0.09999990463256836,7,24,7,Ph7: Det 7 isolated pulse ON/OFF for 0.100s; Det 24 was completely OFF in ±5.0s window
7,isolated_pulse,1785685205.2,1785685205.3,0.09999990463256836,7,38,7,Ph7: Det 7 isolated pulse ON/OFF for 0.100s; Det 38 was completely OFF in ±5.0s window
7,isolated_pulse,1785685265.9,1785685268.2,2.299999952316284,7,38,38,Ph7: Det 38 isolated pulse ON/OFF for 2.300s; Det 7 was completely OFF in ±5.0s window
7,isolated_pulse,1785685265.9,1785685268.2,2.299999952316284,24,38,38,Ph7: Det 38 isolated pulse ON/OFF for 2.300s; Det 24 was completely OFF in ±5.0s window
7,extended_disagreement,1785685587.2,1785685592.6,5.3999998569488525,24,38,38,Ph7: Det 38 ON / Det 24 OFF for 5.40s (threshold=5.0s)
7,isolated_pulse,1785685968.7,1785685970.0,1.2999999523162842,24,38,24,Ph7: Det 24 isolated pulse ON/OFF for 1.300s; Det 38 was completely OFF in ±5.0s window
7,isolated_pulse,1785685969.0,1785685969.5,0.5,7,38,7,Ph7: Det 7 isolated pulse ON/OFF for 0.500s; Det 38 was completely OFF in ±5.0s window
7,isolated_pulse,1785685969.7,1785685970.2,0.5,7,38,7,Ph7: Det 7 isolated pulse ON/OFF for 0.500s; Det 38 was completely OFF in ±5.0s window
7,isolated_pulse,1785685972.4,1785685973.1,0.6999998092651367,24,38,24,Ph7: Det 24 isolated pulse ON/OFF for 0.700s; Det 38 was completely OFF in ±5.0s window
7,isolated_pulse,1785685972.7,1785685973.5,0.7999999523162842,7,38,7,Ph7: Det 7 isolated pulse ON/OFF for 0.800s; Det 38 was completely OFF in ±5.0s window
7,isolated_pulse,1785686020.9,1785686021.9,1.0,24,38,24,Ph7: Det 24 isolated pulse ON/OFF for 1.000s; Det 38 was completely OFF in ±5.0s window
7,isolated_pulse,1785686021.4,1785686021.9,0.5,7,38,7,Ph7: Det 7 isolated pulse ON/OFF for 0.500s; Det 38 was completely OFF in ±5.0s window
7,isolated_pulse,1785686022.7,1785686023.6,0.8999998569488525,24,38,24,Ph7: Det 24 isolated pulse ON/OFF for 0.900s; Det 38 was completely OFF in ±5.0s window
7,isolated_pulse,1785686023.2,1785686023.5,0.2999999523162842,7,38,7,Ph7: Det 7 isolated pulse ON/OFF for 0.300s; Det 38 was completely OFF in ±5.0s window
7,isolated_pulse,1785687216.8,1785687217.0,0.20000004768371582,24,38,24,Ph7: Det 24 isolated pulse ON/OFF for 0.200s; Det 38 was completely OFF in ±5.0s window
7,isolated_pulse,1785687216.9,1785687217.2,0.2999999523162842,7,38,7,Ph7: Det 7 isolated pulse ON/OFF for 0.300s; Det 38 was completely OFF in ±5.0s window
7,extended_disagreement,1785689511.0,1785689546.6,35.59999990463257,7,38,38,Ph7: Det 38 ON / Det 7 OFF for 35.60s (threshold=5.0s)
7,extended_disagreement,1785689511.0,1785689545.0,34.0,24,38,38,Ph7: Det 38 ON / Det 24 OFF for 34.00s (threshold=5.0s)
7,extended_disagreement,1785691615.3,1785691620.4,5.1000001430511475,7,38,38,Ph7: Det 38 ON / Det 7 OFF for 5.10s (threshold=5.0s)
7,extended_disagreement,1785691615.3,1785691620.4,5.1000001430511475,24,38,38,Ph7: Det 38 ON / Det 24 OFF for 5.10s (threshold=5.0s)
7,extended_disagreement,1785691671.6,1785691682.2,10.600000143051147,7,38,7,Ph7: Det 7 ON / Det 38 OFF for 10.60s (threshold=5.0s)
7,extended_disagreement,1785691671.7,1785691677.7,6.0,24,38,24,Ph7: Det 24 ON / Det 38 OFF for 6.00s (threshold=5.0s)
7,isolated_pulse,1785696411.1,1785696412.0,0.9000000953674316,7,38,7,Ph7: Det 7 isolated pulse ON/OFF for 0.900s; Det 38 was completely OFF in ±5.0s window
7,isolated_pulse,1785696411.1,1785696411.9,0.8000001907348633,24,38,24,Ph7: Det 24 isolated pulse ON/OFF for 0.800s; Det 38 was completely OFF in ±5.0s window
7,extended_disagreement,1785697709.9,1785697716.2,6.299999952316284,24,38,24,Ph7: Det 24 ON / Det 38 OFF for 6.30s (threshold=5.0s)
7,extended_disagreement,1785697931.8,1785697938.2,6.400000095367432,7,24,24,Ph7: Det 24 ON / Det 7 OFF for 6.40s (threshold=5.0s)
7,isolated_pulse,1785700000.9,1785700001.5,0.5999999046325684,7,38,7,Ph7: Det 7 isolated pulse ON/OFF for 0.600s; Det 38 was completely OFF in ±5.0s window
7,isolated_pulse,1785700001.0,1785700001.4,0.40000009536743164,24,38,24,Ph7: Det 24 isolated pulse ON/OFF for 0.400s; Det 38 was completely OFF in ±5.0s window
7,isolated_pulse,1785702626.3,1785702627.4,1.1000001430511475,24,38,24,Ph7: Det 24 isolated pulse ON/OFF for 1.100s; Det 38 was completely OFF in ±5.0s window
7,isolated_pulse,1785702626.8,1785702627.6,0.7999999523162842,7,38,7,Ph7: Det 7 isolated pulse ON/OFF for 0.800s; Det 38 was completely OFF in ±5.0s window
7,isolated_pulse,1785705529.7,1785705530.7,1.0,7,24,24,Ph7: Det 24 isolated pulse ON/OFF for 1.000s; Det 7 was completely OFF in ±5.0s window
7,isolated_pulse,1785705529.7,1785705530.7,1.0,24,38,24,Ph7: Det 24 isolated pulse ON/OFF for 1.000s; Det 38 was completely OFF in ±5.0s window
7,extended_disagreement,1785705926.7,1785705933.7,7.0,7,38,7,Ph7: Det 7 ON / Det 38 OFF for 7.00s (threshold=5.0s)
7,extended_disagreement,1785705926.7,1785705933.7,7.0,24,38,24,Ph7: Det 24 ON / Det 38 OFF for 7.00s (threshold=5.0s)
7,extended_disagreement,1785706121.5,1785706127.6,6.099999904632568,7,38,7,Ph7: Det 7 ON / Det 38 OFF for 6.10s (threshold=5.0s)
7,extended_disagreement,1785706121.5,1785706127.6,6.099999904632568,24,38,24,Ph7: Det 24 ON / Det 38 OFF for 6.10s (threshold=5.0s)
7,isolated_pulse,1785706533.3,1785706534.2,0.9000000953674316,24,38,24,Ph7: Det 24 isolated pulse ON/OFF for 0.900s; Det 38 was completely OFF in ±5.0s window
7,isolated_pulse,1785706533.4,1785706534.3,0.8999998569488525,7,38,7,Ph7: Det 7 isolated pulse ON/OFF for 0.900s; Det 38 was completely OFF in ±5.0s window
7,extended_disagreement,1785706747.4,1785706760.8,13.399999856948853,24,38,38,Ph7: Det 38 ON / Det 24 OFF for 13.40s (threshold=5.0s)
7,extended_disagreement,1785706747.6,1785706761.3,13.700000047683716,7,38,38,Ph7: Det 38 ON / Det 7 OFF for 13.70s (threshold=5.0s)
7,extended_disagreement,1785707087.0,1785707096.8,9.799999952316284,7,38,7,Ph7: Det 7 ON / Det 38 OFF for 9.80s (threshold=5.0s)
7,extended_disagreement,1785707087.0,1785707096.8,9.799999952316284,24,38,24,Ph7: Det 24 ON / Det 38 OFF for 9.80s (threshold=5.0s)
7,extended_disagreement,1785707111.9,1785707162.4,50.5,7,38,7,Ph7: Det 7 ON / Det 38 OFF for 50.50s (threshold=5.0s)
7,extended_disagreement,1785707111.9,1785707162.4,50.5,24,38,24,Ph7: Det 24 ON / Det 38 OFF for 50.50s (threshold=5.0s)
7,extended_disagreement,1785708249.6,1785708298.8,49.200000047683716,7,38,7,Ph7: Det 7 ON / Det 38 OFF for 49.20s (threshold=5.0s)
7,extended_disagreement,1785708249.6,1785708298.8,49.200000047683716,24,38,24,Ph7: Det 24 ON / Det 38 OFF for 49.20s (threshold=5.0s)
7,isolated_pulse,1785708940.7,1785708941.3,0.5999999046325684,24,38,24,Ph7: Det 24 isolated pulse ON/OFF for 0.600s; Det 38 was completely OFF in ±5.0s window
7,isolated_pulse,1785708941.2,1785708941.7,0.5,7,38,7,Ph7: Det 7 isolated pulse ON/OFF for 0.500s; Det 38 was completely OFF in ±5.0s window
7,isolated_pulse,1785710256.5,1785710257.3,0.7999999523162842,24,38,24,Ph7: Det 24 isolated pulse ON/OFF for 0.800s; Det 38 was completely OFF in ±5.0s window
7,isolated_pulse,1785710261.5,1785710261.7,0.20000004768371582,7,38,7,Ph7: Det 7 isolated pulse ON/OFF for 0.200s; Det 38 was completely OFF in ±5.0s window
7,extended_disagreement,1785710759.8,1785710772.6,12.799999952316284,7,38,7,Ph7: Det 7 ON / Det 38 OFF for 12.80s (threshold=5.0s)
7,extended_disagreement,1785710759.8,1785710772.6,12.799999952316284,24,38,24,Ph7: Det 24 ON / Det 38 OFF for 12.80s (threshold=5.0s)
7,extended_disagreement,1785711409.4,1785711434.1,24.699999809265137,7,24,24,Ph7: Det 24 ON / Det 7 OFF for 24.70s (threshold=5.0s)
7,extended_disagreement,1785711409.4,1785711434.1,24.699999809265137,7,38,38,Ph7: Det 38 ON / Det 7 OFF for 24.70s (threshold=5.0s)
7,extended_disagreement,1785711434.3,1785711480.6,46.299999952316284,7,24,24,Ph7: Det 24 ON / Det 7 OFF for 46.30s (threshold=5.0s)
7,extended_disagreement,1785711434.3,1785711480.6,46.299999952316284,7,38,38,Ph7: Det 38 ON / Det 7 OFF for 46.30s (threshold=5.0s)
7,extended_disagreement,1785711481.3,1785711492.2,10.900000095367432,7,24,24,Ph7: Det 24 ON / Det 7 OFF for 10.90s (threshold=5.0s)
7,extended_disagreement,1785711481.3,1785711492.2,10.900000095367432,7,38,38,Ph7: Det 38 ON / Det 7 OFF for 10.90s (threshold=5.0s)
7,extended_disagreement,1785711492.4,1785711497.7,5.299999952316284,7,24,24,Ph7: Det 24 ON / Det 7 OFF for 5.30s (threshold=5.0s)
7,extended_disagreement,1785711492.4,1785711497.7,5.299999952316284,7,38,38,Ph7: Det 38 ON / Det 7 OFF for 5.30s (threshold=5.0s)
7,isolated_pulse,1785711750.1,1785711751.4,1.3000001907348633,7,24,24,Ph7: Det 24 isolated pulse ON/OFF for 1.300s; Det 7 was completely OFF in ±5.0s window
7,isolated_pulse,1785711750.1,1785711751.4,1.3000001907348633,24,38,24,Ph7: Det 24 isolated pulse ON/OFF for 1.300s; Det 38 was completely OFF in ±5.0s window
7,isolated_pulse,1785712091.9,1785712092.9,1.0,24,38,24,Ph7: Det 24 isolated pulse ON/OFF for 1.000s; Det 38 was completely OFF in ±5.0s window
7,isolated_pulse,1785712092.2,1785712093.1,0.8999998569488525,7,38,7,Ph7: Det 7 isolated pulse ON/OFF for 0.900s; Det 38 was completely OFF in ±5.0s window
7,isolated_pulse,1785712110.2,1785712113.3,3.0999999046325684,24,38,24,Ph7: Det 24 isolated pulse ON/OFF for 3.100s; Det 38 was completely OFF in ±5.0s window
7,isolated_pulse,1785712111.1,1785712111.5,0.40000009536743164,7,38,7,Ph7: Det 7 isolated pulse ON/OFF for 0.400s; Det 38 was completely OFF in ±5.0s window
7,isolated_pulse,1785712112.3,1785712112.7,0.40000009536743164,7,38,7,Ph7: Det 7 isolated pulse ON/OFF for 0.400s; Det 38 was completely OFF in ±5.0s window
7,extended_disagreement,1785712936.3,1785712955.7,19.40000009536743,7,38,7,Ph7: Det 7 ON / Det 38 OFF for 19.40s (threshold=5.0s)
7,extended_disagreement,1785712936.3,1785712955.7,19.40000009536743,24,38,24,Ph7: Det 24 ON / Det 38 OFF for 19.40s (threshold=5.0s)
7,extended_disagreement,1785712959.2,1785712966.8,7.599999904632568,7,38,7,Ph7: Det 7 ON / Det 38 OFF for 7.60s (threshold=5.0s)
7,extended_disagreement,1785712959.2,1785712966.8,7.599999904632568,24,38,24,Ph7: Det 24 ON / Det 38 OFF for 7.60s (threshold=5.0s)
7,extended_disagreement,1785712969.3,1785712984.9,15.600000143051147,7,38,7,Ph7: Det 7 ON / Det 38 OFF for 15.60s (threshold=5.0s)
7,extended_disagreement,1785712969.3,1785712984.9,15.600000143051147,24,38,24,Ph7: Det 24 ON / Det 38 OFF for 15.60s (threshold=5.0s)
7,extended_disagreement,1785713013.6,1785713022.1,8.5,7,38,38,Ph7: Det 38 ON / Det 7 OFF for 8.50s (threshold=5.0s)
7,extended_disagreement,1785713014.1,1785713022.1,8.0,24,38,38,Ph7: Det 38 ON / Det 24 OFF for 8.00s (threshold=5.0s)
7,extended_disagreement,1785713238.8,1785713247.5,8.700000047683716,7,38,7,Ph7: Det 7 ON / Det 38 OFF for 8.70s (threshold=5.0s)
7,extended_disagreement,1785716030.2,1785716035.7,5.5,7,38,38,Ph7: Det 38 ON / Det 7 OFF for 5.50s (threshold=5.0s)
7,extended_disagreement,1785716225.4,1785716262.9,37.5,7,38,38,Ph7: Det 38 ON / Det 7 OFF for 37.50s (threshold=5.0s)
7,extended_disagreement,1785716225.4,1785716262.9,37.5,24,38,38,Ph7: Det 38 ON / Det 24 OFF for 37.50s (threshold=5.0s)
7,isolated_pulse,1785719215.1,1785719215.8,0.7000000476837158,24,38,24,Ph7: Det 24 isolated pulse ON/OFF for 0.700s; Det 38 was completely OFF in ±5.0s window
7,isolated_pulse,1785719215.6,1785719216.1,0.5,7,38,7,Ph7: Det 7 isolated pulse ON/OFF for 0.500s; Det 38 was completely OFF in ±5.0s window
7,extended_disagreement,1785719770.3,1785719782.9,12.600000143051147,7,38,7,Ph7: Det 7 ON / Det 38 OFF for 12.60s (threshold=5.0s)
7,extended_disagreement,1785719770.3,1785719782.9,12.600000143051147,24,38,24,Ph7: Det 24 ON / Det 38 OFF for 12.60s (threshold=5.0s)
7,extended_disagreement,1785719890.3,1785719905.0,14.700000047683716,7,38,38,Ph7: Det 38 ON / Det 7 OFF for 14.70s (threshold=5.0s)
7,extended_disagreement,1785719890.6,1785719908.8,18.200000047683716,7,24,24,Ph7: Det 24 ON / Det 7 OFF for 18.20s (threshold=5.0s)
7,isolated_pulse,1785719907.0,1785719909.4,2.4000000953674316,7,38,38,Ph7: Det 38 isolated pulse ON/OFF for 2.400s; Det 7 was completely OFF in ±5.0s window
7,isolated_pulse,1785719910.8,1785719912.9,2.1000001430511475,7,38,38,Ph7: Det 38 isolated pulse ON/OFF for 2.100s; Det 7 was completely OFF in ±5.0s window
7,isolated_pulse,1785719911.2,1785719914.3,3.0999999046325684,7,24,24,Ph7: Det 24 isolated pulse ON/OFF for 3.100s; Det 7 was completely OFF in ±5.0s window
7,isolated_pulse,1785719929.8,1785719932.9,3.1000001430511475,7,38,38,Ph7: Det 38 isolated pulse ON/OFF for 3.100s; Det 7 was completely OFF in ±5.0s window
7,extended_disagreement,1785719929.9,1785719935.1,5.199999809265137,7,24,24,Ph7: Det 24 ON / Det 7 OFF for 5.20s (threshold=5.0s)
7,isolated_pulse,1785719941.9,1785719943.8,1.8999998569488525,7,38,38,Ph7: Det 38 isolated pulse ON/OFF for 1.900s; Det 7 was completely OFF in ±5.0s window
7,isolated_pulse,1785719942.2,1785719945.5,3.299999952316284,7,24,24,Ph7: Det 24 isolated pulse ON/OFF for 3.300s; Det 7 was completely OFF in ±5.0s window
7,extended_disagreement,1785719962.6,1785719976.2,13.600000143051147,7,38,38,Ph7: Det 38 ON / Det 7 OFF for 13.60s (threshold=5.0s)
7,extended_disagreement,1785719962.9,1785719976.7,13.799999952316284,7,24,24,Ph7: Det 24 ON / Det 7 OFF for 13.80s (threshold=5.0s)
7,extended_disagreement,1785719986.7,1785720021.9,35.200000047683716,7,38,38,Ph7: Det 38 ON / Det 7 OFF for 35.20s (threshold=5.0s)
7,extended_disagreement,1785719987.2,1785720022.6,35.39999985694885,7,24,24,Ph7: Det 24 ON / Det 7 OFF for 35.40s (threshold=5.0s)
7,extended_disagreement,1785720031.3,1785720081.0,49.700000047683716,7,24,7,Ph7: Det 7 ON / Det 24 OFF for 49.70s (threshold=5.0s)
7,extended_disagreement,1785720031.3,1785720080.8,49.5,7,38,7,Ph7: Det 7 ON / Det 38 OFF for 49.50s (threshold=5.0s)
7,extended_disagreement,1785720106.6,1785720119.3,12.700000047683716,7,24,7,Ph7: Det 7 ON / Det 24 OFF for 12.70s (threshold=5.0s)
7,extended_disagreement,1785720106.6,1785720119.3,12.700000047683716,7,38,7,Ph7: Det 7 ON / Det 38 OFF for 12.70s (threshold=5.0s)
7,extended_disagreement,1785721838.9,1785721847.8,8.899999856948853,7,24,7,Ph7: Det 7 ON / Det 24 OFF for 8.90s (threshold=5.0s)
7,extended_disagreement,1785721838.9,1785721847.8,8.899999856948853,24,38,38,Ph7: Det 38 ON / Det 24 OFF for 8.90s (threshold=5.0s)
7,isolated_pulse,1785722786.7,1785722787.1,0.39999985694885254,7,38,7,Ph7: Det 7 isolated pulse ON/OFF for 0.400s; Det 38 was completely OFF in ±5.0s window
7,isolated_pulse,1785722786.7,1785722787.0,0.2999999523162842,24,38,24,Ph7: Det 24 isolated pulse ON/OFF for 0.300s; Det 38 was completely OFF in ±5.0s window
7,isolated_pulse,1785722798.8,1785722799.0,0.20000004768371582,7,24,7,Ph7: Det 7 isolated pulse ON/OFF for 0.200s; Det 24 was completely OFF in ±5.0s window
7,isolated_pulse,1785722798.8,1785722799.0,0.20000004768371582,7,38,7,Ph7: Det 7 isolated pulse ON/OFF for 0.200s; Det 38 was completely OFF in ±5.0s window
7,extended_disagreement,1785723063.3,1785723073.7,10.400000095367432,7,38,7,Ph7: Det 7 ON / Det 38 OFF for 10.40s (threshold=5.0s)
7,extended_disagreement,1785723063.3,1785723073.7,10.400000095367432,24,38,24,Ph7: Det 24 ON / Det 38 OFF for 10.40s (threshold=5.0s)
7,isolated_pulse,1785723786.8,1785723788.1,1.2999999523162842,24,38,24,Ph7: Det 24 isolated pulse ON/OFF for 1.300s; Det 38 was completely OFF in ±5.0s window
7,isolated_pulse,1785723787.4,1785723788.2,0.7999999523162842,7,38,7,Ph7: Det 7 isolated pulse ON/OFF for 0.800s; Det 38 was completely OFF in ±5.0s window
7,isolated_pulse,1785724353.8,1785724355.2,1.4000000953674316,7,24,24,Ph7: Det 24 isolated pulse ON/OFF for 1.400s; Det 7 was completely OFF in ±5.0s window
7,isolated_pulse,1785724353.8,1785724355.2,1.4000000953674316,24,38,24,Ph7: Det 24 isolated pulse ON/OFF for 1.400s; Det 38 was completely OFF in ±5.0s window
7,isolated_pulse,1785724426.1,1785724426.7,0.6000001430511475,7,38,38,Ph7: Det 38 isolated pulse ON/OFF for 0.600s; Det 7 was completely OFF in ±5.0s window
7,isolated_pulse,1785724426.9,1785724428.1,1.1999998092651367,7,24,24,Ph7: Det 24 isolated pulse ON/OFF for 1.200s; Det 7 was completely OFF in ±5.0s window
7,extended_disagreement,1785724433.3,1785724439.4,6.1000001430511475,7,38,38,Ph7: Det 38 ON / Det 7 OFF for 6.10s (threshold=5.0s)
7,extended_disagreement,1785724433.3,1785724439.4,6.1000001430511475,24,38,38,Ph7: Det 38 ON / Det 24 OFF for 6.10s (threshold=5.0s)
7,extended_disagreement,1785727950.4,1785727959.3,8.899999856948853,24,38,38,Ph7: Det 38 ON / Det 24 OFF for 8.90s (threshold=5.0s)
7,extended_disagreement,1785727966.1,1785727987.6,21.5,24,38,38,Ph7: Det 38 ON / Det 24 OFF for 21.50s (threshold=5.0s)
7,extended_disagreement,1785727971.7,1785727985.0,13.299999952316284,7,24,7,Ph7: Det 7 ON / Det 24 OFF for 13.30s (threshold=5.0s)
7,extended_disagreement,1785728053.6,1785728062.2,8.600000143051147,24,38,38,Ph7: Det 38 ON / Det 24 OFF for 8.60s (threshold=5.0s)
7,isolated_pulse,1785728058.7,1785728060.3,1.5999999046325684,7,24,7,Ph7: Det 7 isolated pulse ON/OFF for 1.600s; Det 24 was completely OFF in ±5.0s window
7,isolated_pulse,1785728136.6,1785728136.8,0.20000004768371582,7,24,7,Ph7: Det 7 isolated pulse ON/OFF for 0.200s; Det 24 was completely OFF in ±5.0s window
7,isolated_pulse,1785728136.6,1785728136.8,0.20000004768371582,7,38,7,Ph7: Det 7 isolated pulse ON/OFF for 0.200s; Det 38 was completely OFF in ±5.0s window
7,isolated_pulse,1785728396.6,1785728396.8,0.20000004768371582,7,24,7,Ph7: Det 7 isolated pulse ON/OFF for 0.200s; Det 24 was completely OFF in ±5.0s window
7,isolated_pulse,1785728396.6,1785728396.8,0.20000004768371582,7,38,7,Ph7: Det 7 isolated pulse ON/OFF for 0.200s; Det 38 was completely OFF in ±5.0s window
7,extended_disagreement,1785728582.3,1785728593.0,10.700000047683716,24,38,38,Ph7: Det 38 ON / Det 24 OFF for 10.70s (threshold=5.0s)
7,extended_disagreement,1785728612.9,1785728621.4,8.5,24,38,38,Ph7: Det 38 ON / Det 24 OFF for 8.50s (threshold=5.0s)
7,isolated_pulse,1785728619.0,1785728619.9,0.9000000953674316,7,24,7,Ph7: Det 7 isolated pulse ON/OFF for 0.900s; Det 24 was completely OFF in ±5.0s window
7,isolated_pulse,1785728621.1,1785728622.8,1.7000000476837158,7,24,7,Ph7: Det 7 isolated pulse ON/OFF for 1.700s; Det 24 was completely OFF in ±5.0s window
7,extended_disagreement,1785728790.0,1785728797.7,7.700000047683716,24,38,38,Ph7: Det 38 ON / Det 24 OFF for 7.70s (threshold=5.0s)
7,extended_disagreement,1785728993.1,1785728999.6,6.5,7,38,38,Ph7: Det 38 ON / Det 7 OFF for 6.50s (threshold=5.0s)
7,extended_disagreement,1785729063.4,1785729073.5,10.099999904632568,24,38,38,Ph7: Det 38 ON / Det 24 OFF for 10.10s (threshold=5.0s)
7,extended_disagreement,1785729296.8,1785729312.2,15.400000095367432,24,38,38,Ph7: Det 38 ON / Det 24 OFF for 15.40s (threshold=5.0s)
7,isolated_pulse,1785729300.6,1785729300.9,0.3000001907348633,7,24,7,Ph7: Det 7 isolated pulse ON/OFF for 0.300s; Det 24 was completely OFF in ±5.0s window
7,isolated_pulse,1785729303.0,1785729305.2,2.200000047683716,7,24,7,Ph7: Det 7 isolated pulse ON/OFF for 2.200s; Det 24 was completely OFF in ±5.0s window
7,extended_disagreement,1785729313.5,1785729318.8,5.299999952316284,24,38,38,Ph7: Det 38 ON / Det 24 OFF for 5.30s (threshold=5.0s)
7,isolated_pulse,1785729544.9,1785729546.9,2.0,24,38,38,Ph7: Det 38 isolated pulse ON/OFF for 2.000s; Det 24 was completely OFF in ±5.0s window
7,isolated_pulse,1785729546.6,1785729547.1,0.5,7,24,7,Ph7: Det 7 isolated pulse ON/OFF for 0.500s; Det 24 was completely OFF in ±5.0s window
7,isolated_pulse,1785729566.0,1785729566.4,0.40000009536743164,24,38,24,Ph7: Det 24 isolated pulse ON/OFF for 0.400s; Det 38 was completely OFF in ±5.0s window
7,isolated_pulse,1785729566.2,1785729566.7,0.5,7,38,7,Ph7: Det 7 isolated pulse ON/OFF for 0.500s; Det 38 was completely OFF in ±5.0s window
7,extended_disagreement,1785729931.9,1785729943.7,11.799999952316284,24,38,38,Ph7: Det 38 ON / Det 24 OFF for 11.80s (threshold=5.0s)
7,isolated_pulse,1785729934.1,1785729936.6,2.5,7,24,7,Ph7: Det 7 isolated pulse ON/OFF for 2.500s; Det 24 was completely OFF in ±5.0s window
7,extended_disagreement,1785730153.3,1785730163.4,10.100000143051147,24,38,38,Ph7: Det 38 ON / Det 24 OFF for 10.10s (threshold=5.0s)
7,isolated_pulse,1785730275.6,1785730275.8,0.20000004768371582,7,24,7,Ph7: Det 7 isolated pulse ON/OFF for 0.200s; Det 24 was completely OFF in ±5.0s window
7,isolated_pulse,1785730464.8,1785730465.4,0.6000001430511475,7,24,24,Ph7: Det 24 isolated pulse ON/OFF for 0.600s; Det 7 was completely OFF in ±5.0s window
7,extended_disagreement,1785730465.2,1785730471.8,6.599999904632568,7,38,38,Ph7: Det 38 ON / Det 7 OFF for 6.60s (threshold=5.0s)
7,extended_disagreement,1785730478.2,1785730487.0,8.799999952316284,24,38,38,Ph7: Det 38 ON / Det 24 OFF for 8.80s (threshold=5.0s)
7,extended_disagreement,1785730480.1,1785730485.2,5.1000001430511475,7,38,38,Ph7: Det 38 ON / Det 7 OFF for 5.10s (threshold=5.0s)
7,isolated_pulse,1785730485.2,1785730485.7,0.5,7,24,7,Ph7: Det 7 isolated pulse ON/OFF for 0.500s; Det 24 was completely OFF in ±5.0s window
7,isolated_pulse,1785730486.8,1785730488.2,1.4000000953674316,7,24,7,Ph7: Det 7 isolated pulse ON/OFF for 1.400s; Det 24 was completely OFF in ±5.0s window
7,extended_disagreement,1785730529.2,1785730548.1,18.899999856948853,24,38,38,Ph7: Det 38 ON / Det 24 OFF for 18.90s (threshold=5.0s)
7,isolated_pulse,1785730531.6,1785730532.8,1.2000000476837158,7,24,7,Ph7: Det 7 isolated pulse ON/OFF for 1.200s; Det 24 was completely OFF in ±5.0s window
7,isolated_pulse,1785730536.0,1785730536.7,0.7000000476837158,7,24,7,Ph7: Det 7 isolated pulse ON/OFF for 0.700s; Det 24 was completely OFF in ±5.0s window
7,extended_disagreement,1785730536.7,1785730547.9,11.200000047683716,7,38,38,Ph7: Det 38 ON / Det 7 OFF for 11.20s (threshold=5.0s)
7,isolated_pulse,1785730547.9,1785730549.5,1.5999999046325684,7,24,7,Ph7: Det 7 isolated pulse ON/OFF for 1.600s; Det 24 was completely OFF in ±5.0s window
7,extended_disagreement,1785730801.8,1785730813.1,11.299999952316284,24,38,38,Ph7: Det 38 ON / Det 24 OFF for 11.30s (threshold=5.0s)
7,extended_disagreement,1785730803.7,1785730809.9,6.200000047683716,7,24,7,Ph7: Det 7 ON / Det 24 OFF for 6.20s (threshold=5.0s)
7,isolated_pulse,1785730811.3,1785730814.0,2.700000047683716,7,24,7,Ph7: Det 7 isolated pulse ON/OFF for 2.700s; Det 24 was completely OFF in ±5.0s window
7,extended_disagreement,1785731015.9,1785731021.2,5.299999952316284,24,38,38,Ph7: Det 38 ON / Det 24 OFF for 5.30s (threshold=5.0s)
7,isolated_pulse,1785731018.0,1785731019.0,1.0,7,24,7,Ph7: Det 7 isolated pulse ON/OFF for 1.000s; Det 24 was completely OFF in ±5.0s window
7,isolated_pulse,1785731019.6,1785731020.5,0.9000000953674316,7,24,7,Ph7: Det 7 isolated pulse ON/OFF for 0.900s; Det 24 was completely OFF in ±5.0s window
7,extended_disagreement,1785731104.3,1785731116.4,12.100000143051147,24,38,38,Ph7: Det 38 ON / Det 24 OFF for 12.10s (threshold=5.0s)
7,isolated_pulse,1785731104.6,1785731104.7,0.10000014305114746,7,24,7,Ph7: Det 7 isolated pulse ON/OFF for 0.100s; Det 24 was completely OFF in ±5.0s window
7,isolated_pulse,1785731105.6,1785731105.8,0.20000004768371582,7,24,7,Ph7: Det 7 isolated pulse ON/OFF for 0.200s; Det 24 was completely OFF in ±5.0s window
7,isolated_pulse,1785731109.4,1785731110.5,1.0999999046325684,7,24,7,Ph7: Det 7 isolated pulse ON/OFF for 1.100s; Det 24 was completely OFF in ±5.0s window
7,isolated_pulse,1785731111.5,1785731115.8,4.299999952316284,7,24,7,Ph7: Det 7 isolated pulse ON/OFF for 4.300s; Det 24 was completely OFF in ±5.0s window
7,isolated_pulse,1785731116.0,1785731117.8,1.7999999523162842,7,24,7,Ph7: Det 7 isolated pulse ON/OFF for 1.800s; Det 24 was completely OFF in ±5.0s window
7,isolated_pulse,1785731119.8,1785731121.6,1.7999999523162842,24,38,38,Ph7: Det 38 isolated pulse ON/OFF for 1.800s; Det 24 was completely OFF in ±5.0s window
7,isolated_pulse,1785731122.0,1785731122.8,0.7999999523162842,7,24,7,Ph7: Det 7 isolated pulse ON/OFF for 0.800s; Det 24 was completely OFF in ±5.0s window
7,isolated_pulse,1785731148.9,1785731149.5,0.5999999046325684,7,24,24,Ph7: Det 24 isolated pulse ON/OFF for 0.600s; Det 7 was completely OFF in ±5.0s window
7,extended_disagreement,1785731149.3,1785731156.8,7.5,7,38,38,Ph7: Det 38 ON / Det 7 OFF for 7.50s (threshold=5.0s)
7,extended_disagreement,1785731149.5,1785731156.5,7.0,24,38,38,Ph7: Det 38 ON / Det 24 OFF for 7.00s (threshold=5.0s)
8,isolated_pulse,1785684667.0,1785684667.2,0.20000004768371582,31,42,42,Ph8: Det 42 isolated pulse ON/OFF for 0.200s; Det 31 was completely OFF in ±5.0s window
8,isolated_pulse,1785684667.8,1785684671.5,3.700000047683716,8,31,8,Ph8: Det 8 isolated pulse ON/OFF for 3.700s; Det 31 was completely OFF in ±5.0s window
8,isolated_pulse,1785684853.3,1785684853.9,0.6000001430511475,8,42,42,Ph8: Det 42 isolated pulse ON/OFF for 0.600s; Det 8 was completely OFF in ±5.0s window
8,isolated_pulse,1785684853.3,1785684853.9,0.6000001430511475,31,42,42,Ph8: Det 42 isolated pulse ON/OFF for 0.600s; Det 31 was completely OFF in ±5.0s window
8,extended_disagreement,1785684963.8,1785684973.5,9.700000047683716,8,42,8,Ph8: Det 8 ON / Det 42 OFF for 9.70s (threshold=5.0s)
8,isolated_pulse,1785684964.9,1785684966.6,1.6999998092651367,31,42,31,Ph8: Det 31 isolated pulse ON/OFF for 1.700s; Det 42 was completely OFF in ±5.0s window
8,extended_disagreement,1785684974.0,1785684982.4,8.400000095367432,8,42,8,Ph8: Det 8 ON / Det 42 OFF for 8.40s (threshold=5.0s)
8,isolated_pulse,1785684979.9,1785684981.9,2.0,31,42,31,Ph8: Det 31 isolated pulse ON/OFF for 2.000s; Det 42 was completely OFF in ±5.0s window
8,isolated_pulse,1785684982.2,1785684983.6,1.3999998569488525,31,42,31,Ph8: Det 31 isolated pulse ON/OFF for 1.400s; Det 42 was completely OFF in ±5.0s window
8,isolated_pulse,1785684995.4,1785684995.9,0.5,8,42,42,Ph8: Det 42 isolated pulse ON/OFF for 0.500s; Det 8 was completely OFF in ±5.0s window
8,isolated_pulse,1785684995.4,1785684995.9,0.5,31,42,42,Ph8: Det 42 isolated pulse ON/OFF for 0.500s; Det 31 was completely OFF in ±5.0s window
8,isolated_pulse,1785685063.0,1785685063.9,0.9000000953674316,31,42,42,Ph8: Det 42 isolated pulse ON/OFF for 0.900s; Det 31 was completely OFF in ±5.0s window
8,isolated_pulse,1785685064.1,1785685064.5,0.40000009536743164,8,31,8,Ph8: Det 8 isolated pulse ON/OFF for 0.400s; Det 31 was completely OFF in ±5.0s window
8,isolated_pulse,1785685106.1,1785685106.9,0.8000001907348633,8,42,42,Ph8: Det 42 isolated pulse ON/OFF for 0.800s; Det 8 was completely OFF in ±5.0s window
8,isolated_pulse,1785685106.1,1785685106.9,0.8000001907348633,31,42,42,Ph8: Det 42 isolated pulse ON/OFF for 0.800s; Det 31 was completely OFF in ±5.0s window
8,isolated_pulse,1785685107.0,1785685108.1,1.0999999046325684,8,42,42,Ph8: Det 42 isolated pulse ON/OFF for 1.100s; Det 8 was completely OFF in ±5.0s window
8,isolated_pulse,1785685107.0,1785685108.1,1.0999999046325684,31,42,42,Ph8: Det 42 isolated pulse ON/OFF for 1.100s; Det 31 was completely OFF in ±5.0s window
8,isolated_pulse,1785685108.6,1785685108.7,0.10000014305114746,8,42,42,Ph8: Det 42 isolated pulse ON/OFF for 0.100s; Det 8 was completely OFF in ±5.0s window
8,isolated_pulse,1785685108.6,1785685108.7,0.10000014305114746,31,42,42,Ph8: Det 42 isolated pulse ON/OFF for 0.100s; Det 31 was completely OFF in ±5.0s window
8,isolated_pulse,1785685115.9,1785685118.6,2.6999998092651367,8,42,42,Ph8: Det 42 isolated pulse ON/OFF for 2.700s; Det 8 was completely OFF in ±5.0s window
8,isolated_pulse,1785685115.9,1785685118.6,2.6999998092651367,31,42,42,Ph8: Det 42 isolated pulse ON/OFF for 2.700s; Det 31 was completely OFF in ±5.0s window
8,isolated_pulse,1785685130.4,1785685131.7,1.2999999523162842,8,31,8,Ph8: Det 8 isolated pulse ON/OFF for 1.300s; Det 31 was completely OFF in ±5.0s window
8,isolated_pulse,1785685130.4,1785685131.7,1.2999999523162842,8,42,8,Ph8: Det 8 isolated pulse ON/OFF for 1.300s; Det 42 was completely OFF in ±5.0s window
8,isolated_pulse,1785685164.4,1785685169.2,4.799999952316284,8,31,8,Ph8: Det 8 isolated pulse ON/OFF for 4.800s; Det 31 was completely OFF in ±5.0s window
8,isolated_pulse,1785685164.4,1785685169.2,4.799999952316284,8,42,8,Ph8: Det 8 isolated pulse ON/OFF for 4.800s; Det 42 was completely OFF in ±5.0s window
8,isolated_pulse,1785685266.8,1785685267.1,0.2999999523162842,8,42,42,Ph8: Det 42 isolated pulse ON/OFF for 0.300s; Det 8 was completely OFF in ±5.0s window
8,isolated_pulse,1785685266.8,1785685267.1,0.2999999523162842,31,42,42,Ph8: Det 42 isolated pulse ON/OFF for 0.300s; Det 31 was completely OFF in ±5.0s window
8,isolated_pulse,1785685299.0,1785685299.1,0.09999990463256836,31,42,42,Ph8: Det 42 isolated pulse ON/OFF for 0.100s; Det 31 was completely OFF in ±5.0s window
8,isolated_pulse,1785685299.2,1785685299.9,0.7000000476837158,31,42,42,Ph8: Det 42 isolated pulse ON/OFF for 0.700s; Det 31 was completely OFF in ±5.0s window
8,isolated_pulse,1785685300.1,1785685304.5,4.400000095367432,8,31,8,Ph8: Det 8 isolated pulse ON/OFF for 4.400s; Det 31 was completely OFF in ±5.0s window
8,isolated_pulse,1785685626.8,1785685630.9,4.1000001430511475,8,31,8,Ph8: Det 8 isolated pulse ON/OFF for 4.100s; Det 31 was completely OFF in ±5.0s window
8,isolated_pulse,1785685626.8,1785685630.9,4.1000001430511475,8,42,8,Ph8: Det 8 isolated pulse ON/OFF for 4.100s; Det 42 was completely OFF in ±5.0s window
8,extended_disagreement,1785685946.4,1785685952.5,6.099999904632568,8,31,8,Ph8: Det 8 ON / Det 31 OFF for 6.10s (threshold=5.0s)
8,extended_disagreement,1785685946.4,1785685952.5,6.099999904632568,8,42,8,Ph8: Det 8 ON / Det 42 OFF for 6.10s (threshold=5.0s)
8,isolated_pulse,1785685976.3,1785685980.7,4.400000095367432,8,31,8,Ph8: Det 8 isolated pulse ON/OFF for 4.400s; Det 31 was completely OFF in ±5.0s window
8,isolated_pulse,1785685976.3,1785685980.7,4.400000095367432,8,42,8,Ph8: Det 8 isolated pulse ON/OFF for 4.400s; Det 42 was completely OFF in ±5.0s window
8,isolated_pulse,1785686233.0,1785686233.3,0.2999999523162842,31,42,31,Ph8: Det 31 isolated pulse ON/OFF for 0.300s; Det 42 was completely OFF in ±5.0s window
8,extended_disagreement,1785686327.4,1785686334.1,6.699999809265137,8,42,8,Ph8: Det 8 ON / Det 42 OFF for 6.70s (threshold=5.0s)
8,isolated_pulse,1785686331.1,1785686331.5,0.40000009536743164,31,42,31,Ph8: Det 31 isolated pulse ON/OFF for 0.400s; Det 42 was completely OFF in ±5.0s window
8,extended_disagreement,1785686417.9,1785686423.2,5.299999952316284,31,42,42,Ph8: Det 42 ON / Det 31 OFF for 5.30s (threshold=5.0s)
8,isolated_pulse,1785686502.5,1785686502.7,0.20000004768371582,8,42,42,Ph8: Det 42 isolated pulse ON/OFF for 0.200s; Det 8 was completely OFF in ±5.0s window
8,isolated_pulse,1785686502.5,1785686502.7,0.20000004768371582,31,42,42,Ph8: Det 42 isolated pulse ON/OFF for 0.200s; Det 31 was completely OFF in ±5.0s window
8,extended_disagreement,1785686545.0,1785686558.2,13.200000047683716,8,31,8,Ph8: Det 8 ON / Det 31 OFF for 13.20s (threshold=5.0s)
8,extended_disagreement,1785686545.0,1785686558.2,13.200000047683716,8,42,8,Ph8: Det 8 ON / Det 42 OFF for 13.20s (threshold=5.0s)
8,isolated_pulse,1785686620.0,1785686621.9,1.9000000953674316,8,42,8,Ph8: Det 8 isolated pulse ON/OFF for 1.900s; Det 42 was completely OFF in ±5.0s window
8,isolated_pulse,1785686620.1,1785686620.3,0.20000004768371582,31,42,31,Ph8: Det 31 isolated pulse ON/OFF for 0.200s; Det 42 was completely OFF in ±5.0s window
8,isolated_pulse,1785686622.2,1785686622.5,0.2999999523162842,31,42,31,Ph8: Det 31 isolated pulse ON/OFF for 0.300s; Det 42 was completely OFF in ±5.0s window
8,isolated_pulse,1785686622.8,1785686623.4,0.6000001430511475,8,42,8,Ph8: Det 8 isolated pulse ON/OFF for 0.600s; Det 42 was completely OFF in ±5.0s window
8,isolated_pulse,1785686623.4,1785686623.8,0.39999985694885254,31,42,31,Ph8: Det 31 isolated pulse ON/OFF for 0.400s; Det 42 was completely OFF in ±5.0s window
8,isolated_pulse,1785686623.8,1785686624.1,0.2999999523162842,8,42,8,Ph8: Det 8 isolated pulse ON/OFF for 0.300s; Det 42 was completely OFF in ±5.0s window
8,isolated_pulse,1785686624.6,1785686625.8,1.2000000476837158,8,42,8,Ph8: Det 8 isolated pulse ON/OFF for 1.200s; Det 42 was completely OFF in ±5.0s window
8,isolated_pulse,1785686624.7,1785686625.5,0.7999999523162842,31,42,31,Ph8: Det 31 isolated pulse ON/OFF for 0.800s; Det 42 was completely OFF in ±5.0s window
8,isolated_pulse,1785686626.1,1785686628.5,2.4000000953674316,31,42,31,Ph8: Det 31 isolated pulse ON/OFF for 2.400s; Det 42 was completely OFF in ±5.0s window
8,isolated_pulse,1785686626.4,1785686627.5,1.0999999046325684,8,42,8,Ph8: Det 8 isolated pulse ON/OFF for 1.100s; Det 42 was completely OFF in ±5.0s window
8,isolated_pulse,1785686939.7,1785686944.5,4.799999952316284,8,31,8,Ph8: Det 8 isolated pulse ON/OFF for 4.800s; Det 31 was completely OFF in ±5.0s window
8,isolated_pulse,1785686939.7,1785686944.5,4.799999952316284,8,42,8,Ph8: Det 8 isolated pulse ON/OFF for 4.800s; Det 42 was completely OFF in ±5.0s window
8,extended_disagreement,1785686987.4,1785686993.1,5.699999809265137,8,31,8,Ph8: Det 8 ON / Det 31 OFF for 5.70s (threshold=5.0s)
8,extended_disagreement,1785686987.4,1785686993.1,5.699999809265137,8,42,8,Ph8: Det 8 ON / Det 42 OFF for 5.70s (threshold=5.0s)
8,isolated_pulse,1785687074.6,1785687079.4,4.800000190734863,8,31,8,Ph8: Det 8 isolated pulse ON/OFF for 4.800s; Det 31 was completely OFF in ±5.0s window
8,isolated_pulse,1785687074.6,1785687079.4,4.800000190734863,8,42,8,Ph8: Det 8 isolated pulse ON/OFF for 4.800s; Det 42 was completely OFF in ±5.0s window
8,extended_disagreement,1785687141.1,1785687147.3,6.200000047683716,8,31,8,Ph8: Det 8 ON / Det 31 OFF for 6.20s (threshold=5.0s)
8,extended_disagreement,1785687141.3,1785687147.3,6.0,8,42,8,Ph8: Det 8 ON / Det 42 OFF for 6.00s (threshold=5.0s)
8,isolated_pulse,1785687166.2,1785687166.9,0.7000000476837158,8,42,42,Ph8: Det 42 isolated pulse ON/OFF for 0.700s; Det 8 was completely OFF in ±5.0s window
8,isolated_pulse,1785687166.2,1785687166.9,0.7000000476837158,31,42,42,Ph8: Det 42 isolated pulse ON/OFF for 0.700s; Det 31 was completely OFF in ±5.0s window
8,isolated_pulse,1785687251.6,1785687252.1,0.5,31,42,31,Ph8: Det 31 isolated pulse ON/OFF for 0.500s; Det 42 was completely OFF in ±5.0s window
8,extended_disagreement,1785687252.2,1785687258.7,6.5,8,31,8,Ph8: Det 8 ON / Det 31 OFF for 6.50s (threshold=5.0s)
8,extended_disagreement,1785687252.2,1785687258.7,6.5,8,42,8,Ph8: Det 8 ON / Det 42 OFF for 6.50s (threshold=5.0s)
8,isolated_pulse,1785687393.2,1785687393.5,0.2999999523162842,31,42,31,Ph8: Det 31 isolated pulse ON/OFF for 0.300s; Det 42 was completely OFF in ±5.0s window
8,isolated_pulse,1785687393.7,1785687398.6,4.8999998569488525,8,42,8,Ph8: Det 8 isolated pulse ON/OFF for 4.900s; Det 42 was completely OFF in ±5.0s window
8,extended_disagreement,1785687472.7,1785687479.6,6.8999998569488525,8,31,8,Ph8: Det 8 ON / Det 31 OFF for 6.90s (threshold=5.0s)
8,extended_disagreement,1785687472.7,1785687479.6,6.8999998569488525,8,42,8,Ph8: Det 8 ON / Det 42 OFF for 6.90s (threshold=5.0s)
8,isolated_pulse,1785687996.5,1785688001.4,4.900000095367432,8,31,8,Ph8: Det 8 isolated pulse ON/OFF for 4.900s; Det 31 was completely OFF in ±5.0s window
8,isolated_pulse,1785687996.5,1785688001.4,4.900000095367432,8,42,8,Ph8: Det 8 isolated pulse ON/OFF for 4.900s; Det 42 was completely OFF in ±5.0s window
8,isolated_pulse,1785688703.0,1785688703.6,0.5999999046325684,8,31,8,Ph8: Det 8 isolated pulse ON/OFF for 0.600s; Det 31 was completely OFF in ±5.0s window
8,isolated_pulse,1785688703.0,1785688703.6,0.5999999046325684,8,42,8,Ph8: Det 8 isolated pulse ON/OFF for 0.600s; Det 42 was completely OFF in ±5.0s window
8,extended_disagreement,1785688709.5,1785688716.3,6.799999952316284,8,31,8,Ph8: Det 8 ON / Det 31 OFF for 6.80s (threshold=5.0s)
8,extended_disagreement,1785688709.5,1785688716.3,6.799999952316284,8,42,8,Ph8: Det 8 ON / Det 42 OFF for 6.80s (threshold=5.0s)
8,isolated_pulse,1785688860.6,1785688865.5,4.900000095367432,8,31,8,Ph8: Det 8 isolated pulse ON/OFF for 4.900s; Det 31 was completely OFF in ±5.0s window
8,isolated_pulse,1785688860.6,1785688865.5,4.900000095367432,8,42,8,Ph8: Det 8 isolated pulse ON/OFF for 4.900s; Det 42 was completely OFF in ±5.0s window
8,isolated_pulse,1785688961.0,1785688961.5,0.5,31,42,31,Ph8: Det 31 isolated pulse ON/OFF for 0.500s; Det 42 was completely OFF in ±5.0s window
8,extended_disagreement,1785688961.8,1785688967.3,5.5,8,31,8,Ph8: Det 8 ON / Det 31 OFF for 5.50s (threshold=5.0s)
8,extended_disagreement,1785688961.8,1785688967.3,5.5,8,42,8,Ph8: Det 8 ON / Det 42 OFF for 5.50s (threshold=5.0s)
8,isolated_pulse,1785688981.7,1785688982.3,0.5999999046325684,31,42,31,Ph8: Det 31 isolated pulse ON/OFF for 0.600s; Det 42 was completely OFF in ±5.0s window
8,isolated_pulse,1785688982.4,1785688982.6,0.19999980926513672,8,42,8,Ph8: Det 8 isolated pulse ON/OFF for 0.200s; Det 42 was completely OFF in ±5.0s window
8,isolated_pulse,1785688982.9,1785688983.4,0.5,8,42,8,Ph8: Det 8 isolated pulse ON/OFF for 0.500s; Det 42 was completely OFF in ±5.0s window
8,isolated_pulse,1785688983.1,1785688984.0,0.9000000953674316,31,42,31,Ph8: Det 31 isolated pulse ON/OFF for 0.900s; Det 42 was completely OFF in ±5.0s window
8,extended_disagreement,1785688983.6,1785688988.8,5.200000047683716,8,42,8,Ph8: Det 8 ON / Det 42 OFF for 5.20s (threshold=5.0s)
8,isolated_pulse,1785688985.6,1785688986.0,0.40000009536743164,31,42,31,Ph8: Det 31 isolated pulse ON/OFF for 0.400s; Det 42 was completely OFF in ±5.0s window
8,isolated_pulse,1785688987.1,1785688987.4,0.3000001907348633,31,42,31,Ph8: Det 31 isolated pulse ON/OFF for 0.300s; Det 42 was completely OFF in ±5.0s window
8,isolated_pulse,1785688989.0,1785688990.7,1.7000000476837158,31,42,31,Ph8: Det 31 isolated pulse ON/OFF for 1.700s; Det 42 was completely OFF in ±5.0s window
8,isolated_pulse,1785689115.5,1785689116.2,0.7000000476837158,8,42,42,Ph8: Det 42 isolated pulse ON/OFF for 0.700s; Det 8 was completely OFF in ±5.0s window
8,isolated_pulse,1785689115.5,1785689116.2,0.7000000476837158,31,42,42,Ph8: Det 42 isolated pulse ON/OFF for 0.700s; Det 31 was completely OFF in ±5.0s window
8,isolated_pulse,1785689355.0,1785689355.8,0.7999999523162842,8,42,42,Ph8: Det 42 isolated pulse ON/OFF for 0.800s; Det 8 was completely OFF in ±5.0s window
8,isolated_pulse,1785689355.0,1785689355.8,0.7999999523162842,31,42,42,Ph8: Det 42 isolated pulse ON/OFF for 0.800s; Det 31 was completely OFF in ±5.0s window
8,isolated_pulse,1785689542.3,1785689542.5,0.20000004768371582,8,31,8,Ph8: Det 8 isolated pulse ON/OFF for 0.200s; Det 31 was completely OFF in ±5.0s window
8,isolated_pulse,1785689542.3,1785689542.5,0.20000004768371582,8,42,8,Ph8: Det 8 isolated pulse ON/OFF for 0.200s; Det 42 was completely OFF in ±5.0s window
8,extended_disagreement,1785689542.6,1785689551.4,8.800000190734863,8,31,8,Ph8: Det 8 ON / Det 31 OFF for 8.80s (threshold=5.0s)
8,extended_disagreement,1785689542.6,1785689551.4,8.800000190734863,8,42,8,Ph8: Det 8 ON / Det 42 OFF for 8.80s (threshold=5.0s)
8,extended_disagreement,1785689600.4,1785689605.8,5.3999998569488525,8,31,8,Ph8: Det 8 ON / Det 31 OFF for 5.40s (threshold=5.0s)
8,extended_disagreement,1785689600.4,1785689605.8,5.3999998569488525,8,42,8,Ph8: Det 8 ON / Det 42 OFF for 5.40s (threshold=5.0s)
8,extended_disagreement,1785689731.2,1785689738.8,7.599999904632568,8,31,8,Ph8: Det 8 ON / Det 31 OFF for 7.60s (threshold=5.0s)
8,extended_disagreement,1785689731.2,1785689738.8,7.599999904632568,8,42,8,Ph8: Det 8 ON / Det 42 OFF for 7.60s (threshold=5.0s)
8,extended_disagreement,1785689835.5,1785689855.7,20.200000047683716,8,31,8,Ph8: Det 8 ON / Det 31 OFF for 20.20s (threshold=5.0s)
8,extended_disagreement,1785689835.5,1785689855.7,20.200000047683716,8,42,8,Ph8: Det 8 ON / Det 42 OFF for 20.20s (threshold=5.0s)
8,isolated_pulse,1785689979.0,1785689983.2,4.200000047683716,8,31,8,Ph8: Det 8 isolated pulse ON/OFF for 4.200s; Det 31 was completely OFF in ±5.0s window
8,isolated_pulse,1785689979.0,1785689983.2,4.200000047683716,8,42,8,Ph8: Det 8 isolated pulse ON/OFF for 4.200s; Det 42 was completely OFF in ±5.0s window
8,extended_disagreement,1785690064.1,1785690069.4,5.300000190734863,8,42,8,Ph8: Det 8 ON / Det 42 OFF for 5.30s (threshold=5.0s)
8,extended_disagreement,1785690184.3,1785690190.2,5.900000095367432,8,31,8,Ph8: Det 8 ON / Det 31 OFF for 5.90s (threshold=5.0s)
8,extended_disagreement,1785690184.3,1785690190.2,5.900000095367432,8,42,8,Ph8: Det 8 ON / Det 42 OFF for 5.90s (threshold=5.0s)
8,extended_disagreement,1785690201.4,1785690207.8,6.3999998569488525,8,31,8,Ph8: Det 8 ON / Det 31 OFF for 6.40s (threshold=5.0s)
8,extended_disagreement,1785690201.4,1785690210.6,9.199999809265137,8,42,8,Ph8: Det 8 ON / Det 42 OFF for 9.20s (threshold=5.0s)
8,isolated_pulse,1785690207.8,1785690208.2,0.40000009536743164,31,42,31,Ph8: Det 31 isolated pulse ON/OFF for 0.400s; Det 42 was completely OFF in ±5.0s window
8,isolated_pulse,1785690210.4,1785690211.7,1.2999999523162842,31,42,31,Ph8: Det 31 isolated pulse ON/OFF for 1.300s; Det 42 was completely OFF in ±5.0s window
8,isolated_pulse,1785690265.6,1785690270.3,4.700000047683716,8,31,8,Ph8: Det 8 isolated pulse ON/OFF for 4.700s; Det 31 was completely OFF in ±5.0s window
8,isolated_pulse,1785690265.6,1785690270.3,4.700000047683716,8,42,8,Ph8: Det 8 isolated pulse ON/OFF for 4.700s; Det 42 was completely OFF in ±5.0s window
8,extended_disagreement,1785690376.1,1785690388.5,12.400000095367432,8,42,8,Ph8: Det 8 ON / Det 42 OFF for 12.40s (threshold=5.0s)
8,extended_disagreement,1785690378.7,1785690388.8,10.099999904632568,31,42,31,Ph8: Det 31 ON / Det 42 OFF for 10.10s (threshold=5.0s)
8,isolated_pulse,1785690427.4,1785690428.0,0.5999999046325684,31,42,31,Ph8: Det 31 isolated pulse ON/OFF for 0.600s; Det 42 was completely OFF in ±5.0s window
8,extended_disagreement,1785690428.3,1785690436.7,8.400000095367432,8,31,8,Ph8: Det 8 ON / Det 31 OFF for 8.40s (threshold=5.0s)
8,extended_disagreement,1785690428.3,1785690436.7,8.400000095367432,8,42,8,Ph8: Det 8 ON / Det 42 OFF for 8.40s (threshold=5.0s)
8,extended_disagreement,1785690485.1,1785690492.3,7.200000047683716,8,42,8,Ph8: Det 8 ON / Det 42 OFF for 7.20s (threshold=5.0s)
8,isolated_pulse,1785690488.4,1785690489.8,1.3999998569488525,31,42,31,Ph8: Det 31 isolated pulse ON/OFF for 1.400s; Det 42 was completely OFF in ±5.0s window
8,isolated_pulse,1785690500.9,1785690501.5,0.5999999046325684,8,42,42,Ph8: Det 42 isolated pulse ON/OFF for 0.600s; Det 8 was completely OFF in ±5.0s window
8,isolated_pulse,1785690500.9,1785690501.5,0.5999999046325684,31,42,42,Ph8: Det 42 isolated pulse ON/OFF for 0.600s; Det 31 was completely OFF in ±5.0s window
8,extended_disagreement,1785690523.0,1785690528.1,5.099999904632568,8,31,8,Ph8: Det 8 ON / Det 31 OFF for 5.10s (threshold=5.0s)
8,extended_disagreement,1785690523.0,1785690528.1,5.099999904632568,8,42,8,Ph8: Det 8 ON / Det 42 OFF for 5.10s (threshold=5.0s)
8,isolated_pulse,1785690576.8,1785690577.7,0.9000000953674316,8,42,42,Ph8: Det 42 isolated pulse ON/OFF for 0.900s; Det 8 was completely OFF in ±5.0s window
8,isolated_pulse,1785690576.8,1785690577.7,0.9000000953674316,31,42,42,Ph8: Det 42 isolated pulse ON/OFF for 0.900s; Det 31 was completely OFF in ±5.0s window
8,extended_disagreement,1785690592.8,1785690597.9,5.1000001430511475,8,31,8,Ph8: Det 8 ON / Det 31 OFF for 5.10s (threshold=5.0s)
8,extended_disagreement,1785690592.8,1785690597.9,5.1000001430511475,8,42,8,Ph8: Det 8 ON / Det 42 OFF for 5.10s (threshold=5.0s)
8,extended_disagreement,1785690644.8,1785690658.7,13.900000095367432,8,42,8,Ph8: Det 8 ON / Det 42 OFF for 13.90s (threshold=5.0s)
8,isolated_pulse,1785690646.7,1785690647.2,0.5,31,42,31,Ph8: Det 31 isolated pulse ON/OFF for 0.500s; Det 42 was completely OFF in ±5.0s window
8,isolated_pulse,1785690647.5,1785690647.7,0.20000004768371582,31,42,31,Ph8: Det 31 isolated pulse ON/OFF for 0.200s; Det 42 was completely OFF in ±5.0s window
8,isolated_pulse,1785690648.5,1785690650.9,2.4000000953674316,31,42,31,Ph8: Det 31 isolated pulse ON/OFF for 2.400s; Det 42 was completely OFF in ±5.0s window
8,extended_disagreement,1785690650.9,1785690658.6,7.699999809265137,8,31,8,Ph8: Det 8 ON / Det 31 OFF for 7.70s (threshold=5.0s)
8,isolated_pulse,1785690658.6,1785690659.6,1.0,31,42,31,Ph8: Det 31 isolated pulse ON/OFF for 1.000s; Det 42 was completely OFF in ±5.0s window
8,isolated_pulse,1785690924.3,1785690924.8,0.5,31,42,31,Ph8: Det 31 isolated pulse ON/OFF for 0.500s; Det 42 was completely OFF in ±5.0s window
8,isolated_pulse,1785690924.5,1785690925.0,0.5,8,42,8,Ph8: Det 8 isolated pulse ON/OFF for 0.500s; Det 42 was completely OFF in ±5.0s window
8,extended_disagreement,1785690925.5,1785690931.9,6.400000095367432,8,42,8,Ph8: Det 8 ON / Det 42 OFF for 6.40s (threshold=5.0s)
8,isolated_pulse,1785690925.9,1785690926.2,0.2999999523162842,31,42,31,Ph8: Det 31 isolated pulse ON/OFF for 0.300s; Det 42 was completely OFF in ±5.0s window
8,extended_disagreement,1785690926.2,1785690931.4,5.200000047683716,8,31,8,Ph8: Det 8 ON / Det 31 OFF for 5.20s (threshold=5.0s)
8,isolated_pulse,1785690931.4,1785690931.9,0.5,31,42,31,Ph8: Det 31 isolated pulse ON/OFF for 0.500s; Det 42 was completely OFF in ±5.0s window
8,extended_disagreement,1785690953.3,1785690958.7,5.400000095367432,8,42,8,Ph8: Det 8 ON / Det 42 OFF for 5.40s (threshold=5.0s)
8,isolated_pulse,1785690958.3,1785690958.7,0.40000009536743164,31,42,31,Ph8: Det 31 isolated pulse ON/OFF for 0.400s; Det 42 was completely OFF in ±5.0s window
8,extended_disagreement,1785690958.9,1785690964.0,5.099999904632568,8,31,8,Ph8: Det 8 ON / Det 31 OFF for 5.10s (threshold=5.0s)
8,extended_disagreement,1785690958.9,1785690964.0,5.099999904632568,8,42,8,Ph8: Det 8 ON / Det 42 OFF for 5.10s (threshold=5.0s)
8,extended_disagreement,1785690999.8,1785691005.4,5.6000001430511475,8,42,8,Ph8: Det 8 ON / Det 42 OFF for 5.60s (threshold=5.0s)
8,isolated_pulse,1785691002.7,1785691003.1,0.39999985694885254,31,42,31,Ph8: Det 31 isolated pulse ON/OFF for 0.400s; Det 42 was completely OFF in ±5.0s window
8,isolated_pulse,1785691003.5,1785691004.2,0.7000000476837158,31,42,31,Ph8: Det 31 isolated pulse ON/OFF for 0.700s; Det 42 was completely OFF in ±5.0s window
8,isolated_pulse,1785691064.9,1785691065.6,0.6999998092651367,31,42,31,Ph8: Det 31 isolated pulse ON/OFF for 0.700s; Det 42 was completely OFF in ±5.0s window
8,isolated_pulse,1785691066.8,1785691067.3,0.5,31,42,31,Ph8: Det 31 isolated pulse ON/OFF for 0.500s; Det 42 was completely OFF in ±5.0s window
8,extended_disagreement,1785691067.5,1785691072.9,5.400000095367432,8,42,8,Ph8: Det 8 ON / Det 42 OFF for 5.40s (threshold=5.0s)
8,isolated_pulse,1785691070.4,1785691070.8,0.39999985694885254,31,42,31,Ph8: Det 31 isolated pulse ON/OFF for 0.400s; Det 42 was completely OFF in ±5.0s window
8,isolated_pulse,1785691071.2,1785691071.6,0.39999985694885254,31,42,31,Ph8: Det 31 isolated pulse ON/OFF for 0.400s; Det 42 was completely OFF in ±5.0s window
8,extended_disagreement,1785691168.3,1785691175.5,7.200000047683716,8,31,8,Ph8: Det 8 ON / Det 31 OFF for 7.20s (threshold=5.0s)
8,extended_disagreement,1785691168.3,1785691175.5,7.200000047683716,8,42,8,Ph8: Det 8 ON / Det 42 OFF for 7.20s (threshold=5.0s)
8,isolated_pulse,1785691222.7,1785691222.8,0.09999990463256836,31,42,42,Ph8: Det 42 isolated pulse ON/OFF for 0.100s; Det 31 was completely OFF in ±5.0s window
8,extended_disagreement,1785691223.4,1785691228.5,5.099999904632568,8,31,8,Ph8: Det 8 ON / Det 31 OFF for 5.10s (threshold=5.0s)
8,extended_disagreement,1785691223.4,1785691228.5,5.099999904632568,8,42,8,Ph8: Det 8 ON / Det 42 OFF for 5.10s (threshold=5.0s)
8,extended_disagreement,1785691417.5,1785691424.7,7.200000047683716,8,42,8,Ph8: Det 8 ON / Det 42 OFF for 7.20s (threshold=5.0s)
8,isolated_pulse,1785691419.2,1785691419.5,0.2999999523162842,31,42,31,Ph8: Det 31 isolated pulse ON/OFF for 0.300s; Det 42 was completely OFF in ±5.0s window
8,isolated_pulse,1785691420.9,1785691421.2,0.2999999523162842,31,42,31,Ph8: Det 31 isolated pulse ON/OFF for 0.300s; Det 42 was completely OFF in ±5.0s window
8,extended_disagreement,1785691704.1,1785691710.6,6.5,8,31,8,Ph8: Det 8 ON / Det 31 OFF for 6.50s (threshold=5.0s)
8,isolated_pulse,1785691704.2,1785691704.4,0.20000004768371582,31,42,42,Ph8: Det 42 isolated pulse ON/OFF for 0.200s; Det 31 was completely OFF in ±5.0s window
8,extended_disagreement,1785691704.4,1785691711.1,6.699999809265137,8,42,8,Ph8: Det 8 ON / Det 42 OFF for 6.70s (threshold=5.0s)
8,isolated_pulse,1785691710.6,1785691714.6,4.0,31,42,31,Ph8: Det 31 isolated pulse ON/OFF for 4.000s; Det 42 was completely OFF in ±5.0s window
8,isolated_pulse,1785691711.3,1785691711.8,0.5,8,42,8,Ph8: Det 8 isolated pulse ON/OFF for 0.500s; Det 42 was completely OFF in ±5.0s window
8,isolated_pulse,1785691712.0,1785691713.2,1.2000000476837158,8,42,8,Ph8: Det 8 isolated pulse ON/OFF for 1.200s; Det 42 was completely OFF in ±5.0s window
8,extended_disagreement,1785691733.3,1785691739.9,6.6000001430511475,8,42,8,Ph8: Det 8 ON / Det 42 OFF for 6.60s (threshold=5.0s)
8,isolated_pulse,1785691735.2,1785691735.9,0.7000000476837158,31,42,31,Ph8: Det 31 isolated pulse ON/OFF for 0.700s; Det 42 was completely OFF in ±5.0s window
8,isolated_pulse,1785691740.3,1785691740.9,0.6000001430511475,31,42,31,Ph8: Det 31 isolated pulse ON/OFF for 0.600s; Det 42 was completely OFF in ±5.0s window
8,extended_disagreement,1785691820.2,1785691825.5,5.299999952316284,8,42,42,Ph8: Det 42 ON / Det 8 OFF for 5.30s (threshold=5.0s)
8,isolated_pulse,1785691820.2,1785691821.0,0.7999999523162842,31,42,42,Ph8: Det 42 isolated pulse ON/OFF for 0.800s; Det 31 was completely OFF in ±5.0s window
8,isolated_pulse,1785691821.0,1785691825.5,4.5,8,31,8,Ph8: Det 8 isolated pulse ON/OFF for 4.500s; Det 31 was completely OFF in ±5.0s window
8,isolated_pulse,1785691892.3,1785691896.9,4.6000001430511475,8,31,8,Ph8: Det 8 isolated pulse ON/OFF for 4.600s; Det 31 was completely OFF in ±5.0s window
8,isolated_pulse,1785691892.3,1785691896.9,4.6000001430511475,8,42,8,Ph8: Det 8 isolated pulse ON/OFF for 4.600s; Det 42 was completely OFF in ±5.0s window
8,extended_disagreement,1785692116.5,1785692123.9,7.400000095367432,8,31,8,Ph8: Det 8 ON / Det 31 OFF for 7.40s (threshold=5.0s)
8,extended_disagreement,1785692116.5,1785692123.9,7.400000095367432,8,42,8,Ph8: Det 8 ON / Det 42 OFF for 7.40s (threshold=5.0s)
8,isolated_pulse,1785692124.1,1785692124.7,0.6000001430511475,31,42,31,Ph8: Det 31 isolated pulse ON/OFF for 0.600s; Det 42 was completely OFF in ±5.0s window
8,isolated_pulse,1785692125.1,1785692125.4,0.3000001907348633,31,42,31,Ph8: Det 31 isolated pulse ON/OFF for 0.300s; Det 42 was completely OFF in ±5.0s window
8,extended_disagreement,1785692430.6,1785692437.3,6.700000047683716,8,31,8,Ph8: Det 8 ON / Det 31 OFF for 6.70s (threshold=5.0s)
8,extended_disagreement,1785692430.6,1785692437.3,6.700000047683716,8,42,8,Ph8: Det 8 ON / Det 42 OFF for 6.70s (threshold=5.0s)
8,extended_disagreement,1785692544.7,1785692551.0,6.299999952316284,8,42,8,Ph8: Det 8 ON / Det 42 OFF for 6.30s (threshold=5.0s)
8,isolated_pulse,1785692545.6,1785692545.9,0.3000001907348633,31,42,31,Ph8: Det 31 isolated pulse ON/OFF for 0.300s; Det 42 was completely OFF in ±5.0s window
8,isolated_pulse,1785692550.3,1785692551.3,1.0,31,42,31,Ph8: Det 31 isolated pulse ON/OFF for 1.000s; Det 42 was completely OFF in ±5.0s window
8,isolated_pulse,1785692615.4,1785692620.3,4.8999998569488525,8,31,8,Ph8: Det 8 isolated pulse ON/OFF for 4.900s; Det 31 was completely OFF in ±5.0s window
8,isolated_pulse,1785692615.4,1785692620.3,4.8999998569488525,8,42,8,Ph8: Det 8 isolated pulse ON/OFF for 4.900s; Det 42 was completely OFF in ±5.0s window
8,extended_disagreement,1785692691.6,1785692702.4,10.800000190734863,8,42,8,Ph8: Det 8 ON / Det 42 OFF for 10.80s (threshold=5.0s)
8,isolated_pulse,1785692691.8,1785692692.5,0.7000000476837158,31,42,31,Ph8: Det 31 isolated pulse ON/OFF for 0.700s; Det 42 was completely OFF in ±5.0s window
8,isolated_pulse,1785692692.9,1785692695.3,2.3999998569488525,31,42,31,Ph8: Det 31 isolated pulse ON/OFF for 2.400s; Det 42 was completely OFF in ±5.0s window
8,isolated_pulse,1785692695.6,1785692696.0,0.40000009536743164,31,42,31,Ph8: Det 31 isolated pulse ON/OFF for 0.400s; Det 42 was completely OFF in ±5.0s window
8,isolated_pulse,1785692696.7,1785692697.1,0.39999985694885254,31,42,31,Ph8: Det 31 isolated pulse ON/OFF for 0.400s; Det 42 was completely OFF in ±5.0s window
8,isolated_pulse,1785692697.3,1785692697.8,0.5,31,42,31,Ph8: Det 31 isolated pulse ON/OFF for 0.500s; Det 42 was completely OFF in ±5.0s window
8,isolated_pulse,1785692698.2,1785692698.8,0.5999999046325684,31,42,31,Ph8: Det 31 isolated pulse ON/OFF for 0.600s; Det 42 was completely OFF in ±5.0s window
8,isolated_pulse,1785692699.2,1785692699.5,0.2999999523162842,31,42,31,Ph8: Det 31 isolated pulse ON/OFF for 0.300s; Det 42 was completely OFF in ±5.0s window
8,isolated_pulse,1785692702.2,1785692702.3,0.09999990463256836,31,42,31,Ph8: Det 31 isolated pulse ON/OFF for 0.100s; Det 42 was completely OFF in ±5.0s window
8,isolated_pulse,1785692727.9,1785692729.4,1.5,8,42,42,Ph8: Det 42 isolated pulse ON/OFF for 1.500s; Det 8 was completely OFF in ±5.0s window
8,isolated_pulse,1785692727.9,1785692729.4,1.5,31,42,42,Ph8: Det 42 isolated pulse ON/OFF for 1.500s; Det 31 was completely OFF in ±5.0s window
8,extended_disagreement,1785692768.9,1785692776.7,7.799999952316284,8,31,8,Ph8: Det 8 ON / Det 31 OFF for 7.80s (threshold=5.0s)
8,extended_disagreement,1785692768.9,1785692776.7,7.799999952316284,8,42,8,Ph8: Det 8 ON / Det 42 OFF for 7.80s (threshold=5.0s)
8,isolated_pulse,1785692777.2,1785692778.2,1.0,31,42,31,Ph8: Det 31 isolated pulse ON/OFF for 1.000s; Det 42 was completely OFF in ±5.0s window
8,isolated_pulse,1785692792.4,1785692793.3,0.8999998569488525,8,42,42,Ph8: Det 42 isolated pulse ON/OFF for 0.900s; Det 8 was completely OFF in ±5.0s window
8,isolated_pulse,1785692792.4,1785692793.3,0.8999998569488525,31,42,42,Ph8: Det 42 isolated pulse ON/OFF for 0.900s; Det 31 was completely OFF in ±5.0s window
8,isolated_pulse,1785692864.5,1785692866.5,2.0,8,42,42,Ph8: Det 42 isolated pulse ON/OFF for 2.000s; Det 8 was completely OFF in ±5.0s window
8,isolated_pulse,1785692864.5,1785692866.5,2.0,31,42,42,Ph8: Det 42 isolated pulse ON/OFF for 2.000s; Det 31 was completely OFF in ±5.0s window
8,isolated_pulse,1785692894.5,1785692895.2,0.7000000476837158,31,42,42,Ph8: Det 42 isolated pulse ON/OFF for 0.700s; Det 31 was completely OFF in ±5.0s window
8,extended_disagreement,1785692895.5,1785692901.6,6.099999904632568,8,31,8,Ph8: Det 8 ON / Det 31 OFF for 6.10s (threshold=5.0s)
8,extended_disagreement,1785692895.5,1785692900.7,5.200000047683716,8,42,8,Ph8: Det 8 ON / Det 42 OFF for 5.20s (threshold=5.0s)
8,extended_disagreement,1785692901.0,1785692908.5,7.5,8,42,8,Ph8: Det 8 ON / Det 42 OFF for 7.50s (threshold=5.0s)
8,isolated_pulse,1785692908.1,1785692908.4,0.3000001907348633,31,42,31,Ph8: Det 31 isolated pulse ON/OFF for 0.300s; Det 42 was completely OFF in ±5.0s window
8,isolated_pulse,1785692908.8,1785692910.0,1.2000000476837158,8,42,8,Ph8: Det 8 isolated pulse ON/OFF for 1.200s; Det 42 was completely OFF in ±5.0s window
8,isolated_pulse,1785692908.8,1785692909.1,0.2999999523162842,31,42,31,Ph8: Det 31 isolated pulse ON/OFF for 0.300s; Det 42 was completely OFF in ±5.0s window
8,isolated_pulse,1785692909.5,1785692909.8,0.2999999523162842,31,42,31,Ph8: Det 31 isolated pulse ON/OFF for 0.300s; Det 42 was completely OFF in ±5.0s window
8,isolated_pulse,1785692926.5,1785692927.5,1.0,8,42,42,Ph8: Det 42 isolated pulse ON/OFF for 1.000s; Det 8 was completely OFF in ±5.0s window
8,isolated_pulse,1785692926.5,1785692927.5,1.0,31,42,42,Ph8: Det 42 isolated pulse ON/OFF for 1.000s; Det 31 was completely OFF in ±5.0s window
8,extended_disagreement,1785693132.5,1785693137.9,5.400000095367432,8,31,8,Ph8: Det 8 ON / Det 31 OFF for 5.40s (threshold=5.0s)
8,extended_disagreement,1785693132.5,1785693137.9,5.400000095367432,8,42,8,Ph8: Det 8 ON / Det 42 OFF for 5.40s (threshold=5.0s)
8,extended_disagreement,1785693213.7,1785693231.8,18.09999990463257,8,42,8,Ph8: Det 8 ON / Det 42 OFF for 18.10s (threshold=5.0s)
8,extended_disagreement,1785693213.7,1785693231.8,18.09999990463257,31,42,31,Ph8: Det 31 ON / Det 42 OFF for 18.10s (threshold=5.0s)
8,extended_disagreement,1785693313.5,1785693320.5,7.0,8,42,8,Ph8: Det 8 ON / Det 42 OFF for 7.00s (threshold=5.0s)
8,isolated_pulse,1785693318.3,1785693318.6,0.2999999523162842,31,42,31,Ph8: Det 31 isolated pulse ON/OFF for 0.300s; Det 42 was completely OFF in ±5.0s window
8,isolated_pulse,1785693320.0,1785693321.0,1.0,31,42,31,Ph8: Det 31 isolated pulse ON/OFF for 1.000s; Det 42 was completely OFF in ±5.0s window
8,isolated_pulse,1785693396.8,1785693397.4,0.6000001430511475,31,42,31,Ph8: Det 31 isolated pulse ON/OFF for 0.600s; Det 42 was completely OFF in ±5.0s window
8,extended_disagreement,1785693397.2,1785693403.1,5.8999998569488525,8,42,8,Ph8: Det 8 ON / Det 42 OFF for 5.90s (threshold=5.0s)
8,extended_disagreement,1785693397.4,1785693403.1,5.699999809265137,8,31,8,Ph8: Det 8 ON / Det 31 OFF for 5.70s (threshold=5.0s)
8,isolated_pulse,1785693428.1,1785693428.4,0.3000001907348633,31,42,31,Ph8: Det 31 isolated pulse ON/OFF for 0.300s; Det 42 was completely OFF in ±5.0s window
8,extended_disagreement,1785693428.8,1785693434.9,6.1000001430511475,8,42,8,Ph8: Det 8 ON / Det 42 OFF for 6.10s (threshold=5.0s)
8,isolated_pulse,1785693429.5,1785693429.9,0.40000009536743164,31,42,31,Ph8: Det 31 isolated pulse ON/OFF for 0.400s; Det 42 was completely OFF in ±5.0s window
8,isolated_pulse,1785693430.1,1785693430.4,0.3000001907348633,31,42,31,Ph8: Det 31 isolated pulse ON/OFF for 0.300s; Det 42 was completely OFF in ±5.0s window
8,isolated_pulse,1785693431.4,1785693432.0,0.5999999046325684,31,42,31,Ph8: Det 31 isolated pulse ON/OFF for 0.600s; Det 42 was completely OFF in ±5.0s window
8,isolated_pulse,1785693435.4,1785693436.2,0.7999999523162842,31,42,31,Ph8: Det 31 isolated pulse ON/OFF for 0.800s; Det 42 was completely OFF in ±5.0s window
8,isolated_pulse,1785693436.3,1785693437.1,0.7999999523162842,31,42,31,Ph8: Det 31 isolated pulse ON/OFF for 0.800s; Det 42 was completely OFF in ±5.0s window
8,isolated_pulse,1785693703.9,1785693704.2,0.2999999523162842,31,42,42,Ph8: Det 42 isolated pulse ON/OFF for 0.300s; Det 31 was completely OFF in ±5.0s window
8,extended_disagreement,1785693704.8,1785693720.9,16.100000143051147,8,31,8,Ph8: Det 8 ON / Det 31 OFF for 16.10s (threshold=5.0s)
8,isolated_pulse,1785693706.3,1785693706.4,0.10000014305114746,31,42,42,Ph8: Det 42 isolated pulse ON/OFF for 0.100s; Det 31 was completely OFF in ±5.0s window
8,isolated_pulse,1785693706.6,1785693707.2,0.6000001430511475,31,42,42,Ph8: Det 42 isolated pulse ON/OFF for 0.600s; Det 31 was completely OFF in ±5.0s window
8,isolated_pulse,1785693708.0,1785693709.0,1.0,31,42,42,Ph8: Det 42 isolated pulse ON/OFF for 1.000s; Det 31 was completely OFF in ±5.0s window
8,isolated_pulse,1785693713.4,1785693713.9,0.5,31,42,42,Ph8: Det 42 isolated pulse ON/OFF for 0.500s; Det 31 was completely OFF in ±5.0s window
8,extended_disagreement,1785693713.9,1785693721.1,7.199999809265137,8,42,8,Ph8: Det 8 ON / Det 42 OFF for 7.20s (threshold=5.0s)
8,isolated_pulse,1785693720.9,1785693721.9,1.0,31,42,31,Ph8: Det 31 isolated pulse ON/OFF for 1.000s; Det 42 was completely OFF in ±5.0s window
8,isolated_pulse,1785693890.4,1785693891.5,1.0999999046325684,31,42,31,Ph8: Det 31 isolated pulse ON/OFF for 1.100s; Det 42 was completely OFF in ±5.0s window
8,extended_disagreement,1785693890.5,1785693896.3,5.799999952316284,8,42,8,Ph8: Det 8 ON / Det 42 OFF for 5.80s (threshold=5.0s)
8,isolated_pulse,1785693893.2,1785693893.8,0.5999999046325684,31,42,31,Ph8: Det 31 isolated pulse ON/OFF for 0.600s; Det 42 was completely OFF in ±5.0s window
8,isolated_pulse,1785693894.3,1785693895.6,1.2999999523162842,31,42,31,Ph8: Det 31 isolated pulse ON/OFF for 1.300s; Det 42 was completely OFF in ±5.0s window
8,extended_disagreement,1785694067.6,1785694073.9,6.300000190734863,8,31,8,Ph8: Det 8 ON / Det 31 OFF for 6.30s (threshold=5.0s)
8,extended_disagreement,1785694067.6,1785694073.9,6.300000190734863,8,42,8,Ph8: Det 8 ON / Det 42 OFF for 6.30s (threshold=5.0s)
8,extended_disagreement,1785694220.3,1785694228.0,7.700000047683716,8,31,8,Ph8: Det 8 ON / Det 31 OFF for 7.70s (threshold=5.0s)
8,extended_disagreement,1785694220.3,1785694228.0,7.700000047683716,8,42,8,Ph8: Det 8 ON / Det 42 OFF for 7.70s (threshold=5.0s)
8,isolated_pulse,1785694228.6,1785694229.3,0.7000000476837158,31,42,31,Ph8: Det 31 isolated pulse ON/OFF for 0.700s; Det 42 was completely OFF in ±5.0s window
8,isolated_pulse,1785694243.3,1785694243.4,0.10000014305114746,31,42,42,Ph8: Det 42 isolated pulse ON/OFF for 0.100s; Det 31 was completely OFF in ±5.0s window
8,isolated_pulse,1785694243.7,1785694245.5,1.7999999523162842,8,31,8,Ph8: Det 8 isolated pulse ON/OFF for 1.800s; Det 31 was completely OFF in ±5.0s window
8,isolated_pulse,1785694250.7,1785694252.3,1.5999999046325684,8,31,8,Ph8: Det 8 isolated pulse ON/OFF for 1.600s; Det 31 was completely OFF in ±5.0s window
8,isolated_pulse,1785694250.7,1785694252.3,1.5999999046325684,8,42,8,Ph8: Det 8 isolated pulse ON/OFF for 1.600s; Det 42 was completely OFF in ±5.0s window
8,extended_disagreement,1785694332.4,1785694338.7,6.299999952316284,8,42,8,Ph8: Det 8 ON / Det 42 OFF for 6.30s (threshold=5.0s)
8,isolated_pulse,1785694335.0,1785694335.5,0.5,31,42,31,Ph8: Det 31 isolated pulse ON/OFF for 0.500s; Det 42 was completely OFF in ±5.0s window
8,isolated_pulse,1785694336.0,1785694336.4,0.40000009536743164,31,42,31,Ph8: Det 31 isolated pulse ON/OFF for 0.400s; Det 42 was completely OFF in ±5.0s window
8,isolated_pulse,1785694337.1,1785694337.4,0.3000001907348633,31,42,31,Ph8: Det 31 isolated pulse ON/OFF for 0.300s; Det 42 was completely OFF in ±5.0s window
8,isolated_pulse,1785694338.3,1785694339.5,1.2000000476837158,31,42,31,Ph8: Det 31 isolated pulse ON/OFF for 1.200s; Det 42 was completely OFF in ±5.0s window
8,extended_disagreement,1785694357.8,1785694365.2,7.400000095367432,8,42,8,Ph8: Det 8 ON / Det 42 OFF for 7.40s (threshold=5.0s)
8,isolated_pulse,1785694359.2,1785694359.4,0.20000004768371582,31,42,31,Ph8: Det 31 isolated pulse ON/OFF for 0.200s; Det 42 was completely OFF in ±5.0s window
8,isolated_pulse,1785694362.3,1785694362.7,0.40000009536743164,31,42,31,Ph8: Det 31 isolated pulse ON/OFF for 0.400s; Det 42 was completely OFF in ±5.0s window
8,isolated_pulse,1785694364.2,1785694365.6,1.3999998569488525,31,42,31,Ph8: Det 31 isolated pulse ON/OFF for 1.400s; Det 42 was completely OFF in ±5.0s window
8,isolated_pulse,1785694399.0,1785694399.8,0.7999999523162842,31,42,31,Ph8: Det 31 isolated pulse ON/OFF for 0.800s; Det 42 was completely OFF in ±5.0s window
8,extended_disagreement,1785694399.4,1785694408.0,8.599999904632568,8,42,8,Ph8: Det 8 ON / Det 42 OFF for 8.60s (threshold=5.0s)
8,isolated_pulse,1785694402.5,1785694403.0,0.5,31,42,31,Ph8: Det 31 isolated pulse ON/OFF for 0.500s; Det 42 was completely OFF in ±5.0s window
8,extended_disagreement,1785694441.8,1785694451.0,9.200000047683716,8,42,8,Ph8: Det 8 ON / Det 42 OFF for 9.20s (threshold=5.0s)
8,extended_disagreement,1785694441.8,1785694451.0,9.200000047683716,31,42,31,Ph8: Det 31 ON / Det 42 OFF for 9.20s (threshold=5.0s)
8,extended_disagreement,1785694516.1,1785694521.5,5.400000095367432,8,31,8,Ph8: Det 8 ON / Det 31 OFF for 5.40s (threshold=5.0s)
8,extended_disagreement,1785694516.1,1785694523.3,7.200000047683716,8,42,8,Ph8: Det 8 ON / Det 42 OFF for 7.20s (threshold=5.0s)
8,isolated_pulse,1785694521.5,1785694524.1,2.5999999046325684,31,42,31,Ph8: Det 31 isolated pulse ON/OFF for 2.600s; Det 42 was completely OFF in ±5.0s window
8,isolated_pulse,1785694556.4,1785694556.7,0.2999999523162842,8,42,8,Ph8: Det 8 isolated pulse ON/OFF for 0.300s; Det 42 was completely OFF in ±5.0s window
8,isolated_pulse,1785694557.4,1785694558.0,0.5999999046325684,8,42,8,Ph8: Det 8 isolated pulse ON/OFF for 0.600s; Det 42 was completely OFF in ±5.0s window
8,isolated_pulse,1785694558.4,1785694559.9,1.5,8,42,8,Ph8: Det 8 isolated pulse ON/OFF for 1.500s; Det 42 was completely OFF in ±5.0s window
8,isolated_pulse,1785694560.2,1785694561.4,1.2000000476837158,31,42,31,Ph8: Det 31 isolated pulse ON/OFF for 1.200s; Det 42 was completely OFF in ±5.0s window
8,isolated_pulse,1785694560.7,1785694561.2,0.5,8,42,8,Ph8: Det 8 isolated pulse ON/OFF for 0.500s; Det 42 was completely OFF in ±5.0s window
8,extended_disagreement,1785694574.6,1785694579.9,5.300000190734863,8,42,8,Ph8: Det 8 ON / Det 42 OFF for 5.30s (threshold=5.0s)
8,isolated_pulse,1785694579.6,1785694580.2,0.6000001430511475,31,42,31,Ph8: Det 31 isolated pulse ON/OFF for 0.600s; Det 42 was completely OFF in ±5.0s window
8,extended_disagreement,1785694582.8,1785694592.4,9.600000143051147,8,31,8,Ph8: Det 8 ON / Det 31 OFF for 9.60s (threshold=5.0s)
8,extended_disagreement,1785694582.8,1785694592.4,9.600000143051147,8,42,8,Ph8: Det 8 ON / Det 42 OFF for 9.60s (threshold=5.0s)
8,isolated_pulse,1785694658.1,1785694658.4,0.3000001907348633,31,42,42,Ph8: Det 42 isolated pulse ON/OFF for 0.300s; Det 31 was completely OFF in ±5.0s window
8,isolated_pulse,1785694658.9,1785694663.5,4.599999904632568,8,31,8,Ph8: Det 8 isolated pulse ON/OFF for 4.600s; Det 31 was completely OFF in ±5.0s window
8,extended_disagreement,1785694716.1,1785694721.8,5.700000047683716,8,42,8,Ph8: Det 8 ON / Det 42 OFF for 5.70s (threshold=5.0s)
8,isolated_pulse,1785694719.4,1785694719.7,0.2999999523162842,31,42,31,Ph8: Det 31 isolated pulse ON/OFF for 0.300s; Det 42 was completely OFF in ±5.0s window
8,isolated_pulse,1785694720.4,1785694722.4,2.0,31,42,31,Ph8: Det 31 isolated pulse ON/OFF for 2.000s; Det 42 was completely OFF in ±5.0s window
8,isolated_pulse,1785694768.2,1785694773.1,4.8999998569488525,8,31,8,Ph8: Det 8 isolated pulse ON/OFF for 4.900s; Det 31 was completely OFF in ±5.0s window
8,isolated_pulse,1785694768.2,1785694773.1,4.8999998569488525,8,42,8,Ph8: Det 8 isolated pulse ON/OFF for 4.900s; Det 42 was completely OFF in ±5.0s window
8,isolated_pulse,1785694987.8,1785694988.2,0.40000009536743164,8,42,42,Ph8: Det 42 isolated pulse ON/OFF for 0.400s; Det 8 was completely OFF in ±5.0s window
8,isolated_pulse,1785694987.8,1785694988.2,0.40000009536743164,31,42,42,Ph8: Det 42 isolated pulse ON/OFF for 0.400s; Det 31 was completely OFF in ±5.0s window
8,isolated_pulse,1785695010.2,1785695011.1,0.8999998569488525,8,31,8,Ph8: Det 8 isolated pulse ON/OFF for 0.900s; Det 31 was completely OFF in ±5.0s window
8,isolated_pulse,1785695010.2,1785695011.1,0.8999998569488525,8,42,8,Ph8: Det 8 isolated pulse ON/OFF for 0.900s; Det 42 was completely OFF in ±5.0s window
8,extended_disagreement,1785695096.6,1785695102.6,6.0,8,42,42,Ph8: Det 42 ON / Det 8 OFF for 6.00s (threshold=5.0s)
8,extended_disagreement,1785695096.6,1785695102.6,6.0,31,42,42,Ph8: Det 42 ON / Det 31 OFF for 6.00s (threshold=5.0s)
8,isolated_pulse,1785695103.3,1785695103.6,0.2999999523162842,31,42,42,Ph8: Det 42 isolated pulse ON/OFF for 0.300s; Det 31 was completely OFF in ±5.0s window
8,isolated_pulse,1785695103.9,1785695104.1,0.19999980926513672,31,42,42,Ph8: Det 42 isolated pulse ON/OFF for 0.200s; Det 31 was completely OFF in ±5.0s window
8,isolated_pulse,1785695104.3,1785695104.8,0.5,31,42,42,Ph8: Det 42 isolated pulse ON/OFF for 0.500s; Det 31 was completely OFF in ±5.0s window
8,isolated_pulse,1785695106.2,1785695106.7,0.5,8,31,8,Ph8: Det 8 isolated pulse ON/OFF for 0.500s; Det 31 was completely OFF in ±5.0s window
8,extended_disagreement,1785695112.7,1785695119.9,7.200000047683716,8,42,42,Ph8: Det 42 ON / Det 8 OFF for 7.20s (threshold=5.0s)
8,extended_disagreement,1785695112.7,1785695119.9,7.200000047683716,31,42,42,Ph8: Det 42 ON / Det 31 OFF for 7.20s (threshold=5.0s)
8,extended_disagreement,1785695160.7,1785695180.4,19.700000047683716,8,42,8,Ph8: Det 8 ON / Det 42 OFF for 19.70s (threshold=5.0s)
8,extended_disagreement,1785695160.7,1785695179.7,19.0,31,42,31,Ph8: Det 31 ON / Det 42 OFF for 19.00s (threshold=5.0s)
8,extended_disagreement,1785695549.6,1785695555.2,5.6000001430511475,8,42,8,Ph8: Det 8 ON / Det 42 OFF for 5.60s (threshold=5.0s)
8,isolated_pulse,1785695597.5,1785695598.5,1.0,8,31,8,Ph8: Det 8 isolated pulse ON/OFF for 1.000s; Det 31 was completely OFF in ±5.0s window
8,isolated_pulse,1785695597.5,1785695598.5,1.0,8,42,8,Ph8: Det 8 isolated pulse ON/OFF for 1.000s; Det 42 was completely OFF in ±5.0s window
8,isolated_pulse,1785695641.2,1785695642.8,1.5999999046325684,8,31,8,Ph8: Det 8 isolated pulse ON/OFF for 1.600s; Det 31 was completely OFF in ±5.0s window
8,isolated_pulse,1785695641.2,1785695642.8,1.5999999046325684,8,42,8,Ph8: Det 8 isolated pulse ON/OFF for 1.600s; Det 42 was completely OFF in ±5.0s window
8,extended_disagreement,1785695644.3,1785695659.9,15.600000143051147,8,31,8,Ph8: Det 8 ON / Det 31 OFF for 15.60s (threshold=5.0s)
8,extended_disagreement,1785695644.3,1785695659.9,15.600000143051147,8,42,8,Ph8: Det 8 ON / Det 42 OFF for 15.60s (threshold=5.0s)
8,isolated_pulse,1785695661.2,1785695662.6,1.3999998569488525,8,31,8,Ph8: Det 8 isolated pulse ON/OFF for 1.400s; Det 31 was completely OFF in ±5.0s window
8,isolated_pulse,1785695661.2,1785695662.6,1.3999998569488525,8,42,8,Ph8: Det 8 isolated pulse ON/OFF for 1.400s; Det 42 was completely OFF in ±5.0s window
8,isolated_pulse,1785695763.1,1785695765.4,2.3000001907348633,8,31,8,Ph8: Det 8 isolated pulse ON/OFF for 2.300s; Det 31 was completely OFF in ±5.0s window
8,isolated_pulse,1785695763.1,1785695765.4,2.3000001907348633,8,42,8,Ph8: Det 8 isolated pulse ON/OFF for 2.300s; Det 42 was completely OFF in ±5.0s window
8,isolated_pulse,1785695767.1,1785695768.1,1.0,8,31,8,Ph8: Det 8 isolated pulse ON/OFF for 1.000s; Det 31 was completely OFF in ±5.0s window
8,isolated_pulse,1785695767.1,1785695768.1,1.0,8,42,8,Ph8: Det 8 isolated pulse ON/OFF for 1.000s; Det 42 was completely OFF in ±5.0s window
8,extended_disagreement,1785695810.0,1785695815.1,5.099999904632568,8,31,8,Ph8: Det 8 ON / Det 31 OFF for 5.10s (threshold=5.0s)
8,extended_disagreement,1785695810.0,1785695815.1,5.099999904632568,8,42,8,Ph8: Det 8 ON / Det 42 OFF for 5.10s (threshold=5.0s)
8,isolated_pulse,1785695817.4,1785695817.9,0.5,31,42,31,Ph8: Det 31 isolated pulse ON/OFF for 0.500s; Det 42 was completely OFF in ±5.0s window
8,extended_disagreement,1785695818.1,1785695825.0,6.900000095367432,8,42,8,Ph8: Det 8 ON / Det 42 OFF for 6.90s (threshold=5.0s)
8,isolated_pulse,1785695821.0,1785695821.4,0.40000009536743164,31,42,31,Ph8: Det 31 isolated pulse ON/OFF for 0.400s; Det 42 was completely OFF in ±5.0s window
8,isolated_pulse,1785695823.0,1785695823.5,0.5,31,42,31,Ph8: Det 31 isolated pulse ON/OFF for 0.500s; Det 42 was completely OFF in ±5.0s window
8,isolated_pulse,1785695824.1,1785695824.8,0.7000000476837158,31,42,31,Ph8: Det 31 isolated pulse ON/OFF for 0.700s; Det 42 was completely OFF in ±5.0s window
8,isolated_pulse,1785695825.5,1785695826.1,0.5999999046325684,31,42,31,Ph8: Det 31 isolated pulse ON/OFF for 0.600s; Det 42 was completely OFF in ±5.0s window
8,isolated_pulse,1785695826.6,1785695826.8,0.20000004768371582,31,42,31,Ph8: Det 31 isolated pulse ON/OFF for 0.200s; Det 42 was completely OFF in ±5.0s window
8,extended_disagreement,1785695827.2,1785695834.4,7.200000047683716,8,31,8,Ph8: Det 8 ON / Det 31 OFF for 7.20s (threshold=5.0s)
8,extended_disagreement,1785695827.2,1785695834.4,7.200000047683716,8,42,8,Ph8: Det 8 ON / Det 42 OFF for 7.20s (threshold=5.0s)
8,isolated_pulse,1785696066.4,1785696067.0,0.5999999046325684,8,42,42,Ph8: Det 42 isolated pulse ON/OFF for 0.600s; Det 8 was completely OFF in ±5.0s window
8,isolated_pulse,1785696066.4,1785696067.0,0.5999999046325684,31,42,42,Ph8: Det 42 isolated pulse ON/OFF for 0.600s; Det 31 was completely OFF in ±5.0s window
8,extended_disagreement,1785696128.9,1785696134.6,5.699999809265137,8,31,8,Ph8: Det 8 ON / Det 31 OFF for 5.70s (threshold=5.0s)
8,extended_disagreement,1785696128.9,1785696134.6,5.699999809265137,8,42,8,Ph8: Det 8 ON / Det 42 OFF for 5.70s (threshold=5.0s)
8,extended_disagreement,1785696175.0,1785696184.5,9.5,8,42,8,Ph8: Det 8 ON / Det 42 OFF for 9.50s (threshold=5.0s)
8,isolated_pulse,1785696178.6,1785696179.0,0.40000009536743164,31,42,31,Ph8: Det 31 isolated pulse ON/OFF for 0.400s; Det 42 was completely OFF in ±5.0s window
8,extended_disagreement,1785696179.0,1785696184.5,5.5,8,31,8,Ph8: Det 8 ON / Det 31 OFF for 5.50s (threshold=5.0s)
8,isolated_pulse,1785696239.0,1785696239.6,0.5999999046325684,8,31,8,Ph8: Det 8 isolated pulse ON/OFF for 0.600s; Det 31 was completely OFF in ±5.0s window
8,isolated_pulse,1785696239.0,1785696239.6,0.5999999046325684,8,42,8,Ph8: Det 8 isolated pulse ON/OFF for 0.600s; Det 42 was completely OFF in ±5.0s window
8,extended_disagreement,1785696239.8,1785696245.1,5.299999952316284,8,31,8,Ph8: Det 8 ON / Det 31 OFF for 5.30s (threshold=5.0s)
8,extended_disagreement,1785696239.8,1785696245.1,5.299999952316284,8,42,8,Ph8: Det 8 ON / Det 42 OFF for 5.30s (threshold=5.0s)
8,isolated_pulse,1785696267.7,1785696268.0,0.2999999523162842,31,42,31,Ph8: Det 31 isolated pulse ON/OFF for 0.300s; Det 42 was completely OFF in ±5.0s window
8,extended_disagreement,1785696268.2,1785696273.9,5.700000047683716,8,31,8,Ph8: Det 8 ON / Det 31 OFF for 5.70s (threshold=5.0s)
8,extended_disagreement,1785696268.2,1785696273.9,5.700000047683716,8,42,8,Ph8: Det 8 ON / Det 42 OFF for 5.70s (threshold=5.0s)
8,extended_disagreement,1785696284.1,1785696291.3,7.200000047683716,8,42,8,Ph8: Det 8 ON / Det 42 OFF for 7.20s (threshold=5.0s)
8,isolated_pulse,1785696285.0,1785696285.6,0.5999999046325684,31,42,31,Ph8: Det 31 isolated pulse ON/OFF for 0.600s; Det 42 was completely OFF in ±5.0s window
8,extended_disagreement,1785696285.6,1785696291.3,5.700000047683716,8,31,8,Ph8: Det 8 ON / Det 31 OFF for 5.70s (threshold=5.0s)
8,extended_disagreement,1785696356.9,1785696364.9,8.0,8,42,8,Ph8: Det 8 ON / Det 42 OFF for 8.00s (threshold=5.0s)
8,isolated_pulse,1785696361.8,1785696362.2,0.40000009536743164,31,42,31,Ph8: Det 31 isolated pulse ON/OFF for 0.400s; Det 42 was completely OFF in ±5.0s window
8,isolated_pulse,1785696364.7,1785696365.0,0.2999999523162842,31,42,31,Ph8: Det 31 isolated pulse ON/OFF for 0.300s; Det 42 was completely OFF in ±5.0s window
8,isolated_pulse,1785696365.5,1785696370.2,4.700000047683716,8,42,8,Ph8: Det 8 isolated pulse ON/OFF for 4.700s; Det 42 was completely OFF in ±5.0s window
8,extended_disagreement,1785696601.0,1785696626.5,25.5,8,42,8,Ph8: Det 8 ON / Det 42 OFF for 25.50s (threshold=5.0s)
8,extended_disagreement,1785696601.0,1785696626.5,25.5,31,42,31,Ph8: Det 31 ON / Det 42 OFF for 25.50s (threshold=5.0s)
8,isolated_pulse,1785696989.6,1785696990.3,0.7000000476837158,8,31,31,Ph8: Det 31 isolated pulse ON/OFF for 0.700s; Det 8 was completely OFF in ±5.0s window
8,isolated_pulse,1785696989.6,1785696990.3,0.7000000476837158,31,42,31,Ph8: Det 31 isolated pulse ON/OFF for 0.700s; Det 42 was completely OFF in ±5.0s window
8,isolated_pulse,1785697018.5,1785697019.2,0.7000000476837158,8,31,31,Ph8: Det 31 isolated pulse ON/OFF for 0.700s; Det 8 was completely OFF in ±5.0s window
8,isolated_pulse,1785697018.5,1785697019.2,0.7000000476837158,31,42,31,Ph8: Det 31 isolated pulse ON/OFF for 0.700s; Det 42 was completely OFF in ±5.0s window
8,isolated_pulse,1785697052.9,1785697055.2,2.299999952316284,8,42,8,Ph8: Det 8 isolated pulse ON/OFF for 2.300s; Det 42 was completely OFF in ±5.0s window
8,isolated_pulse,1785697053.0,1785697053.4,0.40000009536743164,31,42,31,Ph8: Det 31 isolated pulse ON/OFF for 0.400s; Det 42 was completely OFF in ±5.0s window
8,isolated_pulse,1785697054.1,1785697054.4,0.3000001907348633,31,42,31,Ph8: Det 31 isolated pulse ON/OFF for 0.300s; Det 42 was completely OFF in ±5.0s window
8,extended_disagreement,1785697125.6,1785697149.1,23.5,8,42,8,Ph8: Det 8 ON / Det 42 OFF for 23.50s (threshold=5.0s)
8,extended_disagreement,1785697125.6,1785697149.1,23.5,31,42,31,Ph8: Det 31 ON / Det 42 OFF for 23.50s (threshold=5.0s)
8,isolated_pulse,1785697289.1,1785697290.0,0.9000000953674316,8,31,31,Ph8: Det 31 isolated pulse ON/OFF for 0.900s; Det 8 was completely OFF in ±5.0s window
8,isolated_pulse,1785697289.1,1785697290.0,0.9000000953674316,31,42,31,Ph8: Det 31 isolated pulse ON/OFF for 0.900s; Det 42 was completely OFF in ±5.0s window
8,isolated_pulse,1785697290.9,1785697291.3,0.39999985694885254,8,31,31,Ph8: Det 31 isolated pulse ON/OFF for 0.400s; Det 8 was completely OFF in ±5.0s window
8,isolated_pulse,1785697290.9,1785697291.3,0.39999985694885254,31,42,31,Ph8: Det 31 isolated pulse ON/OFF for 0.400s; Det 42 was completely OFF in ±5.0s window
8,extended_disagreement,1785697471.4,1785697479.5,8.099999904632568,8,42,8,Ph8: Det 8 ON / Det 42 OFF for 8.10s (threshold=5.0s)
8,isolated_pulse,1785697473.5,1785697474.2,0.7000000476837158,31,42,31,Ph8: Det 31 isolated pulse ON/OFF for 0.700s; Det 42 was completely OFF in ±5.0s window
8,extended_disagreement,1785697474.2,1785697479.5,5.299999952316284,8,31,8,Ph8: Det 8 ON / Det 31 OFF for 5.30s (threshold=5.0s)
8,isolated_pulse,1785697479.9,1785697480.5,0.5999999046325684,31,42,31,Ph8: Det 31 isolated pulse ON/OFF for 0.600s; Det 42 was completely OFF in ±5.0s window
8,extended_disagreement,1785697590.9,1785697597.2,6.299999952316284,8,31,8,Ph8: Det 8 ON / Det 31 OFF for 6.30s (threshold=5.0s)
8,extended_disagreement,1785697590.9,1785697600.9,10.0,8,42,8,Ph8: Det 8 ON / Det 42 OFF for 10.00s (threshold=5.0s)
8,isolated_pulse,1785697597.2,1785697597.5,0.2999999523162842,31,42,31,Ph8: Det 31 isolated pulse ON/OFF for 0.300s; Det 42 was completely OFF in ±5.0s window
8,isolated_pulse,1785697598.9,1785697601.2,2.299999952316284,31,42,31,Ph8: Det 31 isolated pulse ON/OFF for 2.300s; Det 42 was completely OFF in ±5.0s window
8,isolated_pulse,1785697601.5,1785697601.6,0.09999990463256836,8,42,8,Ph8: Det 8 isolated pulse ON/OFF for 0.100s; Det 42 was completely OFF in ±5.0s window
8,isolated_pulse,1785697602.0,1785697602.8,0.7999999523162842,8,42,8,Ph8: Det 8 isolated pulse ON/OFF for 0.800s; Det 42 was completely OFF in ±5.0s window
8,isolated_pulse,1785697603.1,1785697603.7,0.6000001430511475,31,42,31,Ph8: Det 31 isolated pulse ON/OFF for 0.600s; Det 42 was completely OFF in ±5.0s window
8,isolated_pulse,1785697604.1,1785697604.9,0.8000001907348633,31,42,31,Ph8: Det 31 isolated pulse ON/OFF for 0.800s; Det 42 was completely OFF in ±5.0s window
8,extended_disagreement,1785697797.2,1785697802.4,5.200000047683716,8,31,8,Ph8: Det 8 ON / Det 31 OFF for 5.20s (threshold=5.0s)
8,extended_disagreement,1785697877.3,1785697882.4,5.1000001430511475,8,42,8,Ph8: Det 8 ON / Det 42 OFF for 5.10s (threshold=5.0s)
8,isolated_pulse,1785697879.9,1785697880.2,0.2999999523162842,31,42,31,Ph8: Det 31 isolated pulse ON/OFF for 0.300s; Det 42 was completely OFF in ±5.0s window
8,isolated_pulse,1785697881.5,1785697882.9,1.4000000953674316,31,42,31,Ph8: Det 31 isolated pulse ON/OFF for 1.400s; Det 42 was completely OFF in ±5.0s window
8,extended_disagreement,1785697955.9,1785697961.4,5.5,8,31,8,Ph8: Det 8 ON / Det 31 OFF for 5.50s (threshold=5.0s)
8,extended_disagreement,1785697955.9,1785697962.5,6.599999904632568,8,42,8,Ph8: Det 8 ON / Det 42 OFF for 6.60s (threshold=5.0s)
8,isolated_pulse,1785697961.4,1785697962.1,0.6999998092651367,31,42,31,Ph8: Det 31 isolated pulse ON/OFF for 0.700s; Det 42 was completely OFF in ±5.0s window
8,extended_disagreement,1785698081.8,1785698099.3,17.5,8,31,8,Ph8: Det 8 ON / Det 31 OFF for 17.50s (threshold=5.0s)
8,extended_disagreement,1785698081.8,1785698113.7,31.90000009536743,31,42,42,Ph8: Det 42 ON / Det 31 OFF for 31.90s (threshold=5.0s)
8,extended_disagreement,1785698099.3,1785698113.7,14.400000095367432,8,42,42,Ph8: Det 42 ON / Det 8 OFF for 14.40s (threshold=5.0s)
8,isolated_pulse,1785698275.6,1785698279.1,3.5,31,42,42,Ph8: Det 42 isolated pulse ON/OFF for 3.500s; Det 31 was completely OFF in ±5.0s window
8,extended_disagreement,1785698277.4,1785698284.8,7.3999998569488525,8,31,8,Ph8: Det 8 ON / Det 31 OFF for 7.40s (threshold=5.0s)
8,extended_disagreement,1785698279.1,1785698284.8,5.700000047683716,8,42,8,Ph8: Det 8 ON / Det 42 OFF for 5.70s (threshold=5.0s)
8,isolated_pulse,1785698285.7,1785698288.6,2.8999998569488525,8,31,8,Ph8: Det 8 isolated pulse ON/OFF for 2.900s; Det 31 was completely OFF in ±5.0s window
8,isolated_pulse,1785698285.7,1785698288.6,2.8999998569488525,8,42,8,Ph8: Det 8 isolated pulse ON/OFF for 2.900s; Det 42 was completely OFF in ±5.0s window
8,isolated_pulse,1785698290.4,1785698290.7,0.2999999523162842,8,31,8,Ph8: Det 8 isolated pulse ON/OFF for 0.300s; Det 31 was completely OFF in ±5.0s window
8,isolated_pulse,1785698290.4,1785698290.7,0.2999999523162842,8,42,8,Ph8: Det 8 isolated pulse ON/OFF for 0.300s; Det 42 was completely OFF in ±5.0s window
8,isolated_pulse,1785698488.7,1785698489.6,0.8999998569488525,8,31,8,Ph8: Det 8 isolated pulse ON/OFF for 0.900s; Det 31 was completely OFF in ±5.0s window
8,isolated_pulse,1785698488.7,1785698489.6,0.8999998569488525,8,42,8,Ph8: Det 8 isolated pulse ON/OFF for 0.900s; Det 42 was completely OFF in ±5.0s window
8,isolated_pulse,1785698493.4,1785698495.1,1.6999998092651367,8,31,8,Ph8: Det 8 isolated pulse ON/OFF for 1.700s; Det 31 was completely OFF in ±5.0s window
8,isolated_pulse,1785698493.4,1785698495.1,1.6999998092651367,8,42,8,Ph8: Det 8 isolated pulse ON/OFF for 1.700s; Det 42 was completely OFF in ±5.0s window
8,isolated_pulse,1785698511.5,1785698512.0,0.5,8,42,42,Ph8: Det 42 isolated pulse ON/OFF for 0.500s; Det 8 was completely OFF in ±5.0s window
8,isolated_pulse,1785698511.5,1785698512.0,0.5,31,42,42,Ph8: Det 42 isolated pulse ON/OFF for 0.500s; Det 31 was completely OFF in ±5.0s window
8,isolated_pulse,1785698512.8,1785698513.6,0.7999999523162842,8,42,42,Ph8: Det 42 isolated pulse ON/OFF for 0.800s; Det 8 was completely OFF in ±5.0s window
8,isolated_pulse,1785698512.8,1785698513.6,0.7999999523162842,31,42,42,Ph8: Det 42 isolated pulse ON/OFF for 0.800s; Det 31 was completely OFF in ±5.0s window
8,isolated_pulse,1785698702.2,1785698702.8,0.5999999046325684,31,42,31,Ph8: Det 31 isolated pulse ON/OFF for 0.600s; Det 42 was completely OFF in ±5.0s window
8,extended_disagreement,1785698799.6,1785698855.3,55.700000047683716,8,42,8,Ph8: Det 8 ON / Det 42 OFF for 55.70s (threshold=5.0s)
8,extended_disagreement,1785698799.6,1785698855.3,55.700000047683716,31,42,31,Ph8: Det 31 ON / Det 42 OFF for 55.70s (threshold=5.0s)
8,extended_disagreement,1785698923.9,1785698929.2,5.299999952316284,8,42,8,Ph8: Det 8 ON / Det 42 OFF for 5.30s (threshold=5.0s)
8,isolated_pulse,1785698928.5,1785698929.1,0.5999999046325684,31,42,31,Ph8: Det 31 isolated pulse ON/OFF for 0.600s; Det 42 was completely OFF in ±5.0s window
8,extended_disagreement,1785699005.8,1785699011.5,5.700000047683716,8,31,8,Ph8: Det 8 ON / Det 31 OFF for 5.70s (threshold=5.0s)
8,extended_disagreement,1785699005.8,1785699011.5,5.700000047683716,8,42,8,Ph8: Det 8 ON / Det 42 OFF for 5.70s (threshold=5.0s)
8,isolated_pulse,1785699015.1,1785699019.3,4.200000047683716,8,42,8,Ph8: Det 8 isolated pulse ON/OFF for 4.200s; Det 42 was completely OFF in ±5.0s window
8,isolated_pulse,1785699019.0,1785699019.7,0.7000000476837158,31,42,31,Ph8: Det 31 isolated pulse ON/OFF for 0.700s; Det 42 was completely OFF in ±5.0s window
8,isolated_pulse,1785699021.9,1785699026.1,4.199999809265137,8,42,8,Ph8: Det 8 isolated pulse ON/OFF for 4.200s; Det 42 was completely OFF in ±5.0s window
8,isolated_pulse,1785699025.2,1785699026.6,1.3999998569488525,31,42,31,Ph8: Det 31 isolated pulse ON/OFF for 1.400s; Det 42 was completely OFF in ±5.0s window
8,extended_disagreement,1785699087.9,1785699094.6,6.699999809265137,8,31,8,Ph8: Det 8 ON / Det 31 OFF for 6.70s (threshold=5.0s)
8,extended_disagreement,1785699087.9,1785699094.6,6.699999809265137,8,42,8,Ph8: Det 8 ON / Det 42 OFF for 6.70s (threshold=5.0s)
8,isolated_pulse,1785699094.9,1785699095.7,0.7999999523162842,31,42,31,Ph8: Det 31 isolated pulse ON/OFF for 0.800s; Det 42 was completely OFF in ±5.0s window
8,isolated_pulse,1785699107.9,1785699108.4,0.5,8,42,42,Ph8: Det 42 isolated pulse ON/OFF for 0.500s; Det 8 was completely OFF in ±5.0s window
8,isolated_pulse,1785699107.9,1785699108.4,0.5,31,42,42,Ph8: Det 42 isolated pulse ON/OFF for 0.500s; Det 31 was completely OFF in ±5.0s window
8,extended_disagreement,1785699129.0,1785699197.3,68.29999995231628,31,42,42,Ph8: Det 42 ON / Det 31 OFF for 68.30s (threshold=5.0s)
8,extended_disagreement,1785699129.5,1785699197.3,67.79999995231628,8,42,42,Ph8: Det 42 ON / Det 8 OFF for 67.80s (threshold=5.0s)
8,extended_disagreement,1785699231.8,1785699241.1,9.299999952316284,8,42,8,Ph8: Det 8 ON / Det 42 OFF for 9.30s (threshold=5.0s)
8,extended_disagreement,1785699231.8,1785699241.1,9.299999952316284,31,42,31,Ph8: Det 31 ON / Det 42 OFF for 9.30s (threshold=5.0s)
8,extended_disagreement,1785699369.8,1785699377.0,7.200000047683716,8,42,8,Ph8: Det 8 ON / Det 42 OFF for 7.20s (threshold=5.0s)
8,isolated_pulse,1785699370.9,1785699371.2,0.2999999523162842,31,42,31,Ph8: Det 31 isolated pulse ON/OFF for 0.300s; Det 42 was completely OFF in ±5.0s window
8,isolated_pulse,1785699375.4,1785699376.8,1.3999998569488525,31,42,31,Ph8: Det 31 isolated pulse ON/OFF for 1.400s; Det 42 was completely OFF in ±5.0s window
8,isolated_pulse,1785699460.5,1785699464.8,4.299999952316284,8,31,8,Ph8: Det 8 isolated pulse ON/OFF for 4.300s; Det 31 was completely OFF in ±5.0s window
8,isolated_pulse,1785699460.5,1785699464.8,4.299999952316284,8,42,8,Ph8: Det 8 isolated pulse ON/OFF for 4.300s; Det 42 was completely OFF in ±5.0s window
8,isolated_pulse,1785699523.1,1785699523.8,0.7000000476837158,31,42,31,Ph8: Det 31 isolated pulse ON/OFF for 0.700s; Det 42 was completely OFF in ±5.0s window
8,extended_disagreement,1785699524.2,1785699532.0,7.799999952316284,8,42,8,Ph8: Det 8 ON / Det 42 OFF for 7.80s (threshold=5.0s)
8,isolated_pulse,1785699524.6,1785699525.8,1.2000000476837158,31,42,31,Ph8: Det 31 isolated pulse ON/OFF for 1.200s; Det 42 was completely OFF in ±5.0s window
8,isolated_pulse,1785699526.6,1785699527.3,0.7000000476837158,31,42,31,Ph8: Det 31 isolated pulse ON/OFF for 0.700s; Det 42 was completely OFF in ±5.0s window
8,isolated_pulse,1785699527.8,1785699528.3,0.5,31,42,31,Ph8: Det 31 isolated pulse ON/OFF for 0.500s; Det 42 was completely OFF in ±5.0s window
8,isolated_pulse,1785699528.6,1785699531.2,2.6000001430511475,31,42,31,Ph8: Det 31 isolated pulse ON/OFF for 2.600s; Det 42 was completely OFF in ±5.0s window
8,isolated_pulse,1785699531.5,1785699531.8,0.2999999523162842,31,42,31,Ph8: Det 31 isolated pulse ON/OFF for 0.300s; Det 42 was completely OFF in ±5.0s window
8,isolated_pulse,1785699532.3,1785699532.5,0.20000004768371582,31,42,31,Ph8: Det 31 isolated pulse ON/OFF for 0.200s; Det 42 was completely OFF in ±5.0s window
8,extended_disagreement,1785699554.8,1785699564.7,9.900000095367432,8,42,8,Ph8: Det 8 ON / Det 42 OFF for 9.90s (threshold=5.0s)
8,isolated_pulse,1785699555.5,1785699555.9,0.40000009536743164,31,42,31,Ph8: Det 31 isolated pulse ON/OFF for 0.400s; Det 42 was completely OFF in ±5.0s window
8,isolated_pulse,1785699556.7,1785699557.4,0.7000000476837158,31,42,31,Ph8: Det 31 isolated pulse ON/OFF for 0.700s; Det 42 was completely OFF in ±5.0s window
8,extended_disagreement,1785699557.4,1785699563.0,5.599999904632568,8,31,8,Ph8: Det 8 ON / Det 31 OFF for 5.60s (threshold=5.0s)
8,isolated_pulse,1785699563.0,1785699564.4,1.4000000953674316,31,42,31,Ph8: Det 31 isolated pulse ON/OFF for 1.400s; Det 42 was completely OFF in ±5.0s window
8,extended_disagreement,1785699685.0,1785699690.4,5.400000095367432,8,31,8,Ph8: Det 8 ON / Det 31 OFF for 5.40s (threshold=5.0s)
8,extended_disagreement,1785699685.0,1785699690.6,5.599999904632568,8,42,8,Ph8: Det 8 ON / Det 42 OFF for 5.60s (threshold=5.0s)
8,isolated_pulse,1785699690.4,1785699690.7,0.2999999523162842,31,42,31,Ph8: Det 31 isolated pulse ON/OFF for 0.300s; Det 42 was completely OFF in ±5.0s window
8,extended_disagreement,1785699691.1,1785699696.3,5.200000047683716,8,31,8,Ph8: Det 8 ON / Det 31 OFF for 5.20s (threshold=5.0s)
8,extended_disagreement,1785699691.1,1785699696.3,5.200000047683716,8,42,8,Ph8: Det 8 ON / Det 42 OFF for 5.20s (threshold=5.0s)
8,extended_disagreement,1785699746.8,1785699754.4,7.6000001430511475,8,42,8,Ph8: Det 8 ON / Det 42 OFF for 7.60s (threshold=5.0s)
8,isolated_pulse,1785699749.0,1785699749.3,0.2999999523162842,31,42,31,Ph8: Det 31 isolated pulse ON/OFF for 0.300s; Det 42 was completely OFF in ±5.0s window
8,isolated_pulse,1785699751.1,1785699751.4,0.3000001907348633,31,42,31,Ph8: Det 31 isolated pulse ON/OFF for 0.300s; Det 42 was completely OFF in ±5.0s window
8,isolated_pulse,1785699751.8,1785699752.6,0.7999999523162842,31,42,31,Ph8: Det 31 isolated pulse ON/OFF for 0.800s; Det 42 was completely OFF in ±5.0s window
8,isolated_pulse,1785699753.0,1785699753.2,0.20000004768371582,31,42,31,Ph8: Det 31 isolated pulse ON/OFF for 0.200s; Det 42 was completely OFF in ±5.0s window
8,isolated_pulse,1785699754.1,1785699754.4,0.3000001907348633,31,42,31,Ph8: Det 31 isolated pulse ON/OFF for 0.300s; Det 42 was completely OFF in ±5.0s window
8,extended_disagreement,1785699756.7,1785699765.0,8.299999952316284,8,31,8,Ph8: Det 8 ON / Det 31 OFF for 8.30s (threshold=5.0s)
8,extended_disagreement,1785699756.7,1785699765.0,8.299999952316284,8,42,8,Ph8: Det 8 ON / Det 42 OFF for 8.30s (threshold=5.0s)
8,extended_disagreement,1785699949.6,1785699962.2,12.600000143051147,8,31,8,Ph8: Det 8 ON / Det 31 OFF for 12.60s (threshold=5.0s)
8,extended_disagreement,1785699949.6,1785699962.2,12.600000143051147,31,42,42,Ph8: Det 42 ON / Det 31 OFF for 12.60s (threshold=5.0s)
8,extended_disagreement,1785699997.6,1785700006.3,8.700000047683716,8,31,8,Ph8: Det 8 ON / Det 31 OFF for 8.70s (threshold=5.0s)
8,isolated_pulse,1785699998.9,1785699999.3,0.39999985694885254,31,42,42,Ph8: Det 42 isolated pulse ON/OFF for 0.400s; Det 31 was completely OFF in ±5.0s window
8,extended_disagreement,1785699999.3,1785700006.3,7.0,8,42,8,Ph8: Det 8 ON / Det 42 OFF for 7.00s (threshold=5.0s)
8,isolated_pulse,1785700006.7,1785700007.4,0.7000000476837158,31,42,31,Ph8: Det 31 isolated pulse ON/OFF for 0.700s; Det 42 was completely OFF in ±5.0s window
8,isolated_pulse,1785700022.0,1785700026.9,4.900000095367432,8,42,8,Ph8: Det 8 isolated pulse ON/OFF for 4.900s; Det 42 was completely OFF in ±5.0s window
8,isolated_pulse,1785700026.3,1785700027.4,1.1000001430511475,31,42,31,Ph8: Det 31 isolated pulse ON/OFF for 1.100s; Det 42 was completely OFF in ±5.0s window
8,extended_disagreement,1785700086.8,1785700093.0,6.200000047683716,8,31,8,Ph8: Det 8 ON / Det 31 OFF for 6.20s (threshold=5.0s)
8,extended_disagreement,1785700086.8,1785700093.0,6.200000047683716,8,42,8,Ph8: Det 8 ON / Det 42 OFF for 6.20s (threshold=5.0s)
8,extended_disagreement,1785700179.8,1785700240.1,60.299999952316284,8,42,42,Ph8: Det 42 ON / Det 8 OFF for 60.30s (threshold=5.0s)
8,extended_disagreement,1785700179.8,1785700289.1,109.29999995231628,31,42,42,Ph8: Det 42 ON / Det 31 OFF for 109.30s (threshold=5.0s)
8,isolated_pulse,1785700240.1,1785700244.8,4.700000047683716,8,31,8,Ph8: Det 8 isolated pulse ON/OFF for 4.700s; Det 31 was completely OFF in ±5.0s window
8,extended_disagreement,1785700244.8,1785700289.1,44.299999952316284,8,42,42,Ph8: Det 42 ON / Det 8 OFF for 44.30s (threshold=5.0s)
8,extended_disagreement,1785700307.6,1785700321.9,14.300000190734863,8,42,8,Ph8: Det 8 ON / Det 42 OFF for 14.30s (threshold=5.0s)
8,isolated_pulse,1785700307.9,1785700308.4,0.5,31,42,31,Ph8: Det 31 isolated pulse ON/OFF for 0.500s; Det 42 was completely OFF in ±5.0s window
8,isolated_pulse,1785700309.7,1785700310.0,0.2999999523162842,31,42,31,Ph8: Det 31 isolated pulse ON/OFF for 0.300s; Det 42 was completely OFF in ±5.0s window
8,isolated_pulse,1785700310.7,1785700312.0,1.2999999523162842,31,42,31,Ph8: Det 31 isolated pulse ON/OFF for 1.300s; Det 42 was completely OFF in ±5.0s window
8,isolated_pulse,1785700312.4,1785700313.1,0.6999998092651367,31,42,31,Ph8: Det 31 isolated pulse ON/OFF for 0.700s; Det 42 was completely OFF in ±5.0s window
8,extended_disagreement,1785700313.1,1785700320.5,7.400000095367432,8,31,8,Ph8: Det 8 ON / Det 31 OFF for 7.40s (threshold=5.0s)
8,isolated_pulse,1785700320.5,1785700320.8,0.2999999523162842,31,42,31,Ph8: Det 31 isolated pulse ON/OFF for 0.300s; Det 42 was completely OFF in ±5.0s window
8,extended_disagreement,1785700548.3,1785700554.0,5.700000047683716,8,42,8,Ph8: Det 8 ON / Det 42 OFF for 5.70s (threshold=5.0s)
8,isolated_pulse,1785700553.3,1785700554.6,1.2999999523162842,31,42,31,Ph8: Det 31 isolated pulse ON/OFF for 1.300s; Det 42 was completely OFF in ±5.0s window
8,extended_disagreement,1785700785.8,1785700794.2,8.400000095367432,8,31,8,Ph8: Det 8 ON / Det 31 OFF for 8.40s (threshold=5.0s)
8,extended_disagreement,1785700785.8,1785700794.2,8.400000095367432,8,42,8,Ph8: Det 8 ON / Det 42 OFF for 8.40s (threshold=5.0s)
8,extended_disagreement,1785700855.3,1785700860.5,5.200000047683716,8,42,8,Ph8: Det 8 ON / Det 42 OFF for 5.20s (threshold=5.0s)
8,isolated_pulse,1785700860.2,1785700860.7,0.5,31,42,31,Ph8: Det 31 isolated pulse ON/OFF for 0.500s; Det 42 was completely OFF in ±5.0s window
8,extended_disagreement,1785700935.8,1785700940.9,5.1000001430511475,8,31,8,Ph8: Det 8 ON / Det 31 OFF for 5.10s (threshold=5.0s)
8,extended_disagreement,1785700935.8,1785700940.9,5.1000001430511475,8,42,8,Ph8: Det 8 ON / Det 42 OFF for 5.10s (threshold=5.0s)
8,extended_disagreement,1785701053.3,1785701058.7,5.400000095367432,8,31,8,Ph8: Det 8 ON / Det 31 OFF for 5.40s (threshold=5.0s)
8,extended_disagreement,1785701053.3,1785701058.7,5.400000095367432,8,42,8,Ph8: Det 8 ON / Det 42 OFF for 5.40s (threshold=5.0s)
8,extended_disagreement,1785701085.3,1785701098.9,13.600000143051147,8,42,8,Ph8: Det 8 ON / Det 42 OFF for 13.60s (threshold=5.0s)
8,extended_disagreement,1785701085.3,1785701098.9,13.600000143051147,31,42,31,Ph8: Det 31 ON / Det 42 OFF for 13.60s (threshold=5.0s)
8,isolated_pulse,1785701340.5,1785701340.9,0.40000009536743164,31,42,31,Ph8: Det 31 isolated pulse ON/OFF for 0.400s; Det 42 was completely OFF in ±5.0s window
8,extended_disagreement,1785701341.4,1785701351.8,10.399999856948853,8,31,8,Ph8: Det 8 ON / Det 31 OFF for 10.40s (threshold=5.0s)
8,extended_disagreement,1785701341.4,1785701351.8,10.399999856948853,8,42,8,Ph8: Det 8 ON / Det 42 OFF for 10.40s (threshold=5.0s)
8,isolated_pulse,1785701418.2,1785701419.6,1.3999998569488525,8,31,8,Ph8: Det 8 isolated pulse ON/OFF for 1.400s; Det 31 was completely OFF in ±5.0s window
8,isolated_pulse,1785701418.2,1785701419.6,1.3999998569488525,8,42,8,Ph8: Det 8 isolated pulse ON/OFF for 1.400s; Det 42 was completely OFF in ±5.0s window
8,extended_disagreement,1785701448.1,1785701456.9,8.800000190734863,8,31,8,Ph8: Det 8 ON / Det 31 OFF for 8.80s (threshold=5.0s)
8,extended_disagreement,1785701448.1,1785701456.9,8.800000190734863,8,42,8,Ph8: Det 8 ON / Det 42 OFF for 8.80s (threshold=5.0s)
8,isolated_pulse,1785701457.4,1785701458.9,1.5,31,42,31,Ph8: Det 31 isolated pulse ON/OFF for 1.500s; Det 42 was completely OFF in ±5.0s window
8,isolated_pulse,1785701552.0,1785701552.4,0.40000009536743164,31,42,31,Ph8: Det 31 isolated pulse ON/OFF for 0.400s; Det 42 was completely OFF in ±5.0s window
8,isolated_pulse,1785701552.3,1785701552.5,0.20000004768371582,8,42,8,Ph8: Det 8 isolated pulse ON/OFF for 0.200s; Det 42 was completely OFF in ±5.0s window
8,extended_disagreement,1785701552.8,1785701558.6,5.799999952316284,8,31,8,Ph8: Det 8 ON / Det 31 OFF for 5.80s (threshold=5.0s)
8,extended_disagreement,1785701552.8,1785701558.6,5.799999952316284,8,42,8,Ph8: Det 8 ON / Det 42 OFF for 5.80s (threshold=5.0s)
8,isolated_pulse,1785701599.0,1785701600.0,1.0,31,42,31,Ph8: Det 31 isolated pulse ON/OFF for 1.000s; Det 42 was completely OFF in ±5.0s window
8,extended_disagreement,1785701599.9,1785701605.5,5.599999904632568,8,42,8,Ph8: Det 8 ON / Det 42 OFF for 5.60s (threshold=5.0s)
8,extended_disagreement,1785701600.0,1785701605.5,5.5,8,31,8,Ph8: Det 8 ON / Det 31 OFF for 5.50s (threshold=5.0s)
8,isolated_pulse,1785701605.8,1785701605.9,0.10000014305114746,31,42,31,Ph8: Det 31 isolated pulse ON/OFF for 0.100s; Det 42 was completely OFF in ±5.0s window
8,extended_disagreement,1785701618.2,1785701623.7,5.5,8,31,8,Ph8: Det 8 ON / Det 31 OFF for 5.50s (threshold=5.0s)
8,extended_disagreement,1785701618.2,1785701623.7,5.5,8,42,8,Ph8: Det 8 ON / Det 42 OFF for 5.50s (threshold=5.0s)
8,isolated_pulse,1785701655.9,1785701659.9,4.0,8,31,8,Ph8: Det 8 isolated pulse ON/OFF for 4.000s; Det 31 was completely OFF in ±5.0s window
8,isolated_pulse,1785701655.9,1785701659.9,4.0,8,42,8,Ph8: Det 8 isolated pulse ON/OFF for 4.000s; Det 42 was completely OFF in ±5.0s window
8,isolated_pulse,1785701728.6,1785701730.2,1.6000001430511475,8,42,8,Ph8: Det 8 isolated pulse ON/OFF for 1.600s; Det 42 was completely OFF in ±5.0s window
8,isolated_pulse,1785701729.0,1785701731.2,2.200000047683716,31,42,31,Ph8: Det 31 isolated pulse ON/OFF for 2.200s; Det 42 was completely OFF in ±5.0s window
8,isolated_pulse,1785701833.9,1785701838.8,4.8999998569488525,8,31,8,Ph8: Det 8 isolated pulse ON/OFF for 4.900s; Det 31 was completely OFF in ±5.0s window
8,isolated_pulse,1785701833.9,1785701838.8,4.8999998569488525,8,42,8,Ph8: Det 8 isolated pulse ON/OFF for 4.900s; Det 42 was completely OFF in ±5.0s window
8,isolated_pulse,1785701944.2,1785701944.5,0.2999999523162842,31,42,31,Ph8: Det 31 isolated pulse ON/OFF for 0.300s; Det 42 was completely OFF in ±5.0s window
8,extended_disagreement,1785701945.0,1785701950.4,5.400000095367432,8,31,8,Ph8: Det 8 ON / Det 31 OFF for 5.40s (threshold=5.0s)
8,extended_disagreement,1785701945.0,1785701950.4,5.400000095367432,8,42,8,Ph8: Det 8 ON / Det 42 OFF for 5.40s (threshold=5.0s)
8,extended_disagreement,1785701976.2,1785701982.0,5.799999952316284,8,42,8,Ph8: Det 8 ON / Det 42 OFF for 5.80s (threshold=5.0s)
8,isolated_pulse,1785701977.6,1785701977.9,0.3000001907348633,31,42,31,Ph8: Det 31 isolated pulse ON/OFF for 0.300s; Det 42 was completely OFF in ±5.0s window
8,isolated_pulse,1785701981.0,1785701981.4,0.40000009536743164,31,42,31,Ph8: Det 31 isolated pulse ON/OFF for 0.400s; Det 42 was completely OFF in ±5.0s window
8,isolated_pulse,1785701981.8,1785701983.0,1.2000000476837158,31,42,31,Ph8: Det 31 isolated pulse ON/OFF for 1.200s; Det 42 was completely OFF in ±5.0s window
8,isolated_pulse,1785701982.8,1785701983.2,0.40000009536743164,8,42,8,Ph8: Det 8 isolated pulse ON/OFF for 0.400s; Det 42 was completely OFF in ±5.0s window
8,extended_disagreement,1785702026.7,1785702032.1,5.3999998569488525,8,31,8,Ph8: Det 8 ON / Det 31 OFF for 5.40s (threshold=5.0s)
8,extended_disagreement,1785702026.7,1785702032.1,5.3999998569488525,8,42,8,Ph8: Det 8 ON / Det 42 OFF for 5.40s (threshold=5.0s)
8,isolated_pulse,1785702034.6,1785702035.3,0.7000000476837158,8,31,8,Ph8: Det 8 isolated pulse ON/OFF for 0.700s; Det 31 was completely OFF in ±5.0s window
8,isolated_pulse,1785702034.6,1785702035.3,0.7000000476837158,8,42,8,Ph8: Det 8 isolated pulse ON/OFF for 0.700s; Det 42 was completely OFF in ±5.0s window
8,extended_disagreement,1785702036.4,1785702045.0,8.599999904632568,8,31,8,Ph8: Det 8 ON / Det 31 OFF for 8.60s (threshold=5.0s)
8,extended_disagreement,1785702036.4,1785702049.0,12.599999904632568,8,42,8,Ph8: Det 8 ON / Det 42 OFF for 12.60s (threshold=5.0s)
8,isolated_pulse,1785702045.0,1785702045.4,0.40000009536743164,31,42,31,Ph8: Det 31 isolated pulse ON/OFF for 0.400s; Det 42 was completely OFF in ±5.0s window
8,isolated_pulse,1785702045.9,1785702046.4,0.5,31,42,31,Ph8: Det 31 isolated pulse ON/OFF for 0.500s; Det 42 was completely OFF in ±5.0s window
8,isolated_pulse,1785702123.6,1785702123.8,0.20000004768371582,8,31,8,Ph8: Det 8 isolated pulse ON/OFF for 0.200s; Det 31 was completely OFF in ±5.0s window
8,isolated_pulse,1785702123.6,1785702123.8,0.20000004768371582,8,42,8,Ph8: Det 8 isolated pulse ON/OFF for 0.200s; Det 42 was completely OFF in ±5.0s window
8,isolated_pulse,1785702128.9,1785702129.1,0.19999980926513672,31,42,31,Ph8: Det 31 isolated pulse ON/OFF for 0.200s; Det 42 was completely OFF in ±5.0s window
8,isolated_pulse,1785702129.3,1785702129.5,0.20000004768371582,8,42,8,Ph8: Det 8 isolated pulse ON/OFF for 0.200s; Det 42 was completely OFF in ±5.0s window
8,isolated_pulse,1785702129.5,1785702130.1,0.5999999046325684,31,42,31,Ph8: Det 31 isolated pulse ON/OFF for 0.600s; Det 42 was completely OFF in ±5.0s window
8,isolated_pulse,1785702237.3,1785702237.6,0.2999999523162842,31,42,31,Ph8: Det 31 isolated pulse ON/OFF for 0.300s; Det 42 was completely OFF in ±5.0s window
8,extended_disagreement,1785702238.4,1785702243.6,5.199999809265137,8,31,8,Ph8: Det 8 ON / Det 31 OFF for 5.20s (threshold=5.0s)
8,extended_disagreement,1785702238.4,1785702243.6,5.199999809265137,8,42,8,Ph8: Det 8 ON / Det 42 OFF for 5.20s (threshold=5.0s)
8,isolated_pulse,1785702244.1,1785702244.5,0.40000009536743164,31,42,31,Ph8: Det 31 isolated pulse ON/OFF for 0.400s; Det 42 was completely OFF in ±5.0s window
8,isolated_pulse,1785702322.3,1785702323.1,0.7999999523162842,31,42,31,Ph8: Det 31 isolated pulse ON/OFF for 0.800s; Det 42 was completely OFF in ±5.0s window
8,isolated_pulse,1785702414.0,1785702418.9,4.900000095367432,8,31,8,Ph8: Det 8 isolated pulse ON/OFF for 4.900s; Det 31 was completely OFF in ±5.0s window
8,isolated_pulse,1785702414.0,1785702418.9,4.900000095367432,8,42,8,Ph8: Det 8 isolated pulse ON/OFF for 4.900s; Det 42 was completely OFF in ±5.0s window
8,extended_disagreement,1785702483.9,1785702489.0,5.099999904632568,8,31,8,Ph8: Det 8 ON / Det 31 OFF for 5.10s (threshold=5.0s)
8,extended_disagreement,1785702483.9,1785702489.0,5.099999904632568,8,42,8,Ph8: Det 8 ON / Det 42 OFF for 5.10s (threshold=5.0s)
8,isolated_pulse,1785702548.6,1785702548.9,0.3000001907348633,31,42,31,Ph8: Det 31 isolated pulse ON/OFF for 0.300s; Det 42 was completely OFF in ±5.0s window
8,isolated_pulse,1785702549.7,1785702554.0,4.299999952316284,8,42,8,Ph8: Det 8 isolated pulse ON/OFF for 4.300s; Det 42 was completely OFF in ±5.0s window
8,isolated_pulse,1785702694.6,1785702699.4,4.800000190734863,8,42,8,Ph8: Det 8 isolated pulse ON/OFF for 4.800s; Det 42 was completely OFF in ±5.0s window
8,isolated_pulse,1785702699.2,1785702699.5,0.2999999523162842,31,42,31,Ph8: Det 31 isolated pulse ON/OFF for 0.300s; Det 42 was completely OFF in ±5.0s window
8,extended_disagreement,1785702740.3,1785702745.5,5.200000047683716,8,42,8,Ph8: Det 8 ON / Det 42 OFF for 5.20s (threshold=5.0s)
8,isolated_pulse,1785702744.9,1785702746.3,1.3999998569488525,31,42,31,Ph8: Det 31 isolated pulse ON/OFF for 1.400s; Det 42 was completely OFF in ±5.0s window
8,extended_disagreement,1785702898.4,1785702903.7,5.299999952316284,8,42,8,Ph8: Det 8 ON / Det 42 OFF for 5.30s (threshold=5.0s)
8,isolated_pulse,1785702902.3,1785702903.0,0.7000000476837158,31,42,31,Ph8: Det 31 isolated pulse ON/OFF for 0.700s; Det 42 was completely OFF in ±5.0s window
8,isolated_pulse,1785702903.7,1785702904.2,0.5,31,42,31,Ph8: Det 31 isolated pulse ON/OFF for 0.500s; Det 42 was completely OFF in ±5.0s window
8,extended_disagreement,1785703059.9,1785703065.0,5.099999904632568,8,31,8,Ph8: Det 8 ON / Det 31 OFF for 5.10s (threshold=5.0s)
8,extended_disagreement,1785703059.9,1785703065.0,5.099999904632568,8,42,8,Ph8: Det 8 ON / Det 42 OFF for 5.10s (threshold=5.0s)
8,isolated_pulse,1785703281.4,1785703281.7,0.2999999523162842,31,42,31,Ph8: Det 31 isolated pulse ON/OFF for 0.300s; Det 42 was completely OFF in ±5.0s window
8,isolated_pulse,1785703282.5,1785703287.3,4.799999952316284,8,42,8,Ph8: Det 8 isolated pulse ON/OFF for 4.800s; Det 42 was completely OFF in ±5.0s window
8,extended_disagreement,1785703309.7,1785703314.8,5.099999904632568,8,31,8,Ph8: Det 8 ON / Det 31 OFF for 5.10s (threshold=5.0s)
8,extended_disagreement,1785703309.7,1785703314.8,5.099999904632568,8,42,8,Ph8: Det 8 ON / Det 42 OFF for 5.10s (threshold=5.0s)
8,extended_disagreement,1785703325.2,1785703334.5,9.299999952316284,8,42,8,Ph8: Det 8 ON / Det 42 OFF for 9.30s (threshold=5.0s)
8,isolated_pulse,1785703325.2,1785703325.8,0.5999999046325684,31,42,31,Ph8: Det 31 isolated pulse ON/OFF for 0.600s; Det 42 was completely OFF in ±5.0s window
8,extended_disagreement,1785703325.8,1785703334.5,8.700000047683716,8,31,8,Ph8: Det 8 ON / Det 31 OFF for 8.70s (threshold=5.0s)
8,isolated_pulse,1785703385.1,1785703389.7,4.6000001430511475,8,42,8,Ph8: Det 8 isolated pulse ON/OFF for 4.600s; Det 42 was completely OFF in ±5.0s window
8,isolated_pulse,1785703388.8,1785703390.5,1.7000000476837158,31,42,31,Ph8: Det 31 isolated pulse ON/OFF for 1.700s; Det 42 was completely OFF in ±5.0s window
8,extended_disagreement,1785703405.9,1785703411.1,5.199999809265137,8,31,8,Ph8: Det 8 ON / Det 31 OFF for 5.20s (threshold=5.0s)
8,extended_disagreement,1785703405.9,1785703411.1,5.199999809265137,8,42,8,Ph8: Det 8 ON / Det 42 OFF for 5.20s (threshold=5.0s)
8,isolated_pulse,1785703493.7,1785703498.2,4.5,8,31,8,Ph8: Det 8 isolated pulse ON/OFF for 4.500s; Det 31 was completely OFF in ±5.0s window
8,isolated_pulse,1785703493.7,1785703498.2,4.5,8,42,8,Ph8: Det 8 isolated pulse ON/OFF for 4.500s; Det 42 was completely OFF in ±5.0s window
8,extended_disagreement,1785703638.8,1785703687.2,48.40000009536743,8,42,42,Ph8: Det 42 ON / Det 8 OFF for 48.40s (threshold=5.0s)
8,extended_disagreement,1785703638.8,1785703687.2,48.40000009536743,31,42,42,Ph8: Det 42 ON / Det 31 OFF for 48.40s (threshold=5.0s)
8,isolated_pulse,1785703735.4,1785703735.7,0.2999999523162842,31,42,31,Ph8: Det 31 isolated pulse ON/OFF for 0.300s; Det 42 was completely OFF in ±5.0s window
8,extended_disagreement,1785703735.9,1785703742.2,6.299999952316284,8,31,8,Ph8: Det 8 ON / Det 31 OFF for 6.30s (threshold=5.0s)
8,extended_disagreement,1785703735.9,1785703742.2,6.299999952316284,8,42,8,Ph8: Det 8 ON / Det 42 OFF for 6.30s (threshold=5.0s)
8,isolated_pulse,1785703835.3,1785703835.6,0.2999999523162842,31,42,31,Ph8: Det 31 isolated pulse ON/OFF for 0.300s; Det 42 was completely OFF in ±5.0s window
8,extended_disagreement,1785703836.0,1785703841.6,5.599999904632568,8,42,8,Ph8: Det 8 ON / Det 42 OFF for 5.60s (threshold=5.0s)
8,isolated_pulse,1785703841.0,1785703842.2,1.2000000476837158,31,42,31,Ph8: Det 31 isolated pulse ON/OFF for 1.200s; Det 42 was completely OFF in ±5.0s window
8,isolated_pulse,1785703853.5,1785703853.9,0.40000009536743164,31,42,31,Ph8: Det 31 isolated pulse ON/OFF for 0.400s; Det 42 was completely OFF in ±5.0s window
8,extended_disagreement,1785703854.6,1785703860.0,5.400000095367432,8,42,8,Ph8: Det 8 ON / Det 42 OFF for 5.40s (threshold=5.0s)
8,isolated_pulse,1785703859.4,1785703859.7,0.2999999523162842,31,42,31,Ph8: Det 31 isolated pulse ON/OFF for 0.300s; Det 42 was completely OFF in ±5.0s window
8,extended_disagreement,1785703949.2,1785703955.2,6.0,8,42,8,Ph8: Det 8 ON / Det 42 OFF for 6.00s (threshold=5.0s)
8,extended_disagreement,1785703951.2,1785703956.5,5.299999952316284,8,31,8,Ph8: Det 8 ON / Det 31 OFF for 5.30s (threshold=5.0s)
8,extended_disagreement,1785704063.5,1785704069.3,5.799999952316284,8,31,31,Ph8: Det 31 ON / Det 8 OFF for 5.80s (threshold=5.0s)
8,isolated_pulse,1785704063.5,1785704064.2,0.7000000476837158,31,42,31,Ph8: Det 31 isolated pulse ON/OFF for 0.700s; Det 42 was completely OFF in ±5.0s window
8,extended_disagreement,1785704064.2,1785704070.9,6.700000047683716,8,42,8,Ph8: Det 8 ON / Det 42 OFF for 6.70s (threshold=5.0s)
8,isolated_pulse,1785704069.3,1785704069.7,0.40000009536743164,31,42,31,Ph8: Det 31 isolated pulse ON/OFF for 0.400s; Det 42 was completely OFF in ±5.0s window
8,isolated_pulse,1785704070.6,1785704071.4,0.8000001907348633,31,42,31,Ph8: Det 31 isolated pulse ON/OFF for 0.800s; Det 42 was completely OFF in ±5.0s window
8,extended_disagreement,1785704199.5,1785704205.8,6.299999952316284,8,42,8,Ph8: Det 8 ON / Det 42 OFF for 6.30s (threshold=5.0s)
8,extended_disagreement,1785704206.3,1785704289.3,83.0,31,42,42,Ph8: Det 42 ON / Det 31 OFF for 83.00s (threshold=5.0s)
8,extended_disagreement,1785704207.5,1785704219.1,11.599999904632568,8,42,42,Ph8: Det 42 ON / Det 8 OFF for 11.60s (threshold=5.0s)
8,isolated_pulse,1785704219.1,1785704223.2,4.1000001430511475,8,31,8,Ph8: Det 8 isolated pulse ON/OFF for 4.100s; Det 31 was completely OFF in ±5.0s window
8,extended_disagreement,1785704223.2,1785704284.9,61.700000047683716,8,42,42,Ph8: Det 42 ON / Det 8 OFF for 61.70s (threshold=5.0s)
8,extended_disagreement,1785704289.7,1785704329.6,39.89999985694885,31,42,42,Ph8: Det 42 ON / Det 31 OFF for 39.90s (threshold=5.0s)
8,extended_disagreement,1785704290.7,1785704329.6,38.89999985694885,8,42,42,Ph8: Det 42 ON / Det 8 OFF for 38.90s (threshold=5.0s)
8,isolated_pulse,1785704335.3,1785704335.7,0.40000009536743164,8,42,8,Ph8: Det 8 isolated pulse ON/OFF for 0.400s; Det 42 was completely OFF in ±5.0s window
8,isolated_pulse,1785704337.1,1785704337.5,0.40000009536743164,31,42,31,Ph8: Det 31 isolated pulse ON/OFF for 0.400s; Det 42 was completely OFF in ±5.0s window
8,extended_disagreement,1785704338.2,1785704344.0,5.799999952316284,8,42,8,Ph8: Det 8 ON / Det 42 OFF for 5.80s (threshold=5.0s)
8,isolated_pulse,1785704339.2,1785704339.5,0.2999999523162842,31,42,31,Ph8: Det 31 isolated pulse ON/OFF for 0.300s; Det 42 was completely OFF in ±5.0s window
8,isolated_pulse,1785704339.9,1785704340.7,0.7999999523162842,31,42,31,Ph8: Det 31 isolated pulse ON/OFF for 0.800s; Det 42 was completely OFF in ±5.0s window
8,isolated_pulse,1785704340.9,1785704341.3,0.39999985694885254,31,42,31,Ph8: Det 31 isolated pulse ON/OFF for 0.400s; Det 42 was completely OFF in ±5.0s window
8,isolated_pulse,1785704341.6,1785704341.9,0.3000001907348633,31,42,31,Ph8: Det 31 isolated pulse ON/OFF for 0.300s; Det 42 was completely OFF in ±5.0s window
8,isolated_pulse,1785704342.3,1785704343.7,1.4000000953674316,31,42,31,Ph8: Det 31 isolated pulse ON/OFF for 1.400s; Det 42 was completely OFF in ±5.0s window
8,isolated_pulse,1785704344.3,1785704345.1,0.7999999523162842,31,42,31,Ph8: Det 31 isolated pulse ON/OFF for 0.800s; Det 42 was completely OFF in ±5.0s window
8,isolated_pulse,1785704616.6,1785704617.1,0.5,31,42,31,Ph8: Det 31 isolated pulse ON/OFF for 0.500s; Det 42 was completely OFF in ±5.0s window
8,isolated_pulse,1785704617.5,1785704622.3,4.799999952316284,8,42,8,Ph8: Det 8 isolated pulse ON/OFF for 4.800s; Det 42 was completely OFF in ±5.0s window
8,isolated_pulse,1785704639.8,1785704640.0,0.20000004768371582,31,42,42,Ph8: Det 42 isolated pulse ON/OFF for 0.200s; Det 31 was completely OFF in ±5.0s window
8,isolated_pulse,1785704645.0,1785704645.3,0.2999999523162842,31,42,31,Ph8: Det 31 isolated pulse ON/OFF for 0.300s; Det 42 was completely OFF in ±5.0s window
8,extended_disagreement,1785704736.2,1785704743.9,7.700000047683716,8,42,42,Ph8: Det 42 ON / Det 8 OFF for 7.70s (threshold=5.0s)
8,extended_disagreement,1785704736.4,1785704743.9,7.5,31,42,42,Ph8: Det 42 ON / Det 31 OFF for 7.50s (threshold=5.0s)
8,extended_disagreement,1785704764.3,1785704770.5,6.200000047683716,8,31,8,Ph8: Det 8 ON / Det 31 OFF for 6.20s (threshold=5.0s)
8,extended_disagreement,1785704764.3,1785704770.9,6.6000001430511475,8,42,8,Ph8: Det 8 ON / Det 42 OFF for 6.60s (threshold=5.0s)
8,isolated_pulse,1785704770.5,1785704771.7,1.2000000476837158,31,42,31,Ph8: Det 31 isolated pulse ON/OFF for 1.200s; Det 42 was completely OFF in ±5.0s window
8,extended_disagreement,1785704867.7,1785704873.1,5.3999998569488525,8,31,8,Ph8: Det 8 ON / Det 31 OFF for 5.40s (threshold=5.0s)
8,extended_disagreement,1785704867.7,1785704873.1,5.3999998569488525,8,42,8,Ph8: Det 8 ON / Det 42 OFF for 5.40s (threshold=5.0s)
8,isolated_pulse,1785705045.3,1785705049.2,3.9000000953674316,8,31,8,Ph8: Det 8 isolated pulse ON/OFF for 3.900s; Det 31 was completely OFF in ±5.0s window
8,isolated_pulse,1785705045.3,1785705049.2,3.9000000953674316,8,42,8,Ph8: Det 8 isolated pulse ON/OFF for 3.900s; Det 42 was completely OFF in ±5.0s window
8,isolated_pulse,1785705153.3,1785705153.5,0.20000004768371582,31,42,31,Ph8: Det 31 isolated pulse ON/OFF for 0.200s; Det 42 was completely OFF in ±5.0s window
8,extended_disagreement,1785705153.8,1785705159.7,5.900000095367432,8,31,8,Ph8: Det 8 ON / Det 31 OFF for 5.90s (threshold=5.0s)
8,extended_disagreement,1785705153.8,1785705159.7,5.900000095367432,8,42,8,Ph8: Det 8 ON / Det 42 OFF for 5.90s (threshold=5.0s)
8,isolated_pulse,1785705327.2,1785705332.0,4.799999952316284,8,31,8,Ph8: Det 8 isolated pulse ON/OFF for 4.800s; Det 31 was completely OFF in ±5.0s window
8,isolated_pulse,1785705327.2,1785705332.0,4.799999952316284,8,42,8,Ph8: Det 8 isolated pulse ON/OFF for 4.800s; Det 42 was completely OFF in ±5.0s window
8,isolated_pulse,1785705515.0,1785705517.8,2.799999952316284,8,31,8,Ph8: Det 8 isolated pulse ON/OFF for 2.800s; Det 31 was completely OFF in ±5.0s window
8,isolated_pulse,1785705515.0,1785705517.8,2.799999952316284,8,42,8,Ph8: Det 8 isolated pulse ON/OFF for 2.800s; Det 42 was completely OFF in ±5.0s window
8,extended_disagreement,1785705742.7,1785705748.5,5.799999952316284,8,31,8,Ph8: Det 8 ON / Det 31 OFF for 5.80s (threshold=5.0s)
8,extended_disagreement,1785705742.7,1785705748.5,5.799999952316284,8,42,8,Ph8: Det 8 ON / Det 42 OFF for 5.80s (threshold=5.0s)
8,extended_disagreement,1785705827.9,1785705851.5,23.59999990463257,8,42,8,Ph8: Det 8 ON / Det 42 OFF for 23.60s (threshold=5.0s)
8,extended_disagreement,1785705827.9,1785705851.5,23.59999990463257,31,42,31,Ph8: Det 31 ON / Det 42 OFF for 23.60s (threshold=5.0s)
8,isolated_pulse,1785705880.8,1785705885.5,4.700000047683716,8,31,8,Ph8: Det 8 isolated pulse ON/OFF for 4.700s; Det 31 was completely OFF in ±5.0s window
8,isolated_pulse,1785705880.8,1785705885.5,4.700000047683716,8,42,8,Ph8: Det 8 isolated pulse ON/OFF for 4.700s; Det 42 was completely OFF in ±5.0s window
8,isolated_pulse,1785706090.6,1785706095.4,4.800000190734863,8,31,8,Ph8: Det 8 isolated pulse ON/OFF for 4.800s; Det 31 was completely OFF in ±5.0s window
8,isolated_pulse,1785706090.6,1785706095.4,4.800000190734863,8,42,8,Ph8: Det 8 isolated pulse ON/OFF for 4.800s; Det 42 was completely OFF in ±5.0s window
8,extended_disagreement,1785706127.2,1785706136.3,9.099999904632568,31,42,31,Ph8: Det 31 ON / Det 42 OFF for 9.10s (threshold=5.0s)
8,isolated_pulse,1785706136.8,1785706139.1,2.299999952316284,8,42,8,Ph8: Det 8 isolated pulse ON/OFF for 2.300s; Det 42 was completely OFF in ±5.0s window
8,isolated_pulse,1785706136.8,1785706138.3,1.5,31,42,31,Ph8: Det 31 isolated pulse ON/OFF for 1.500s; Det 42 was completely OFF in ±5.0s window
8,extended_disagreement,1785706167.2,1785706178.1,10.899999856948853,8,31,8,Ph8: Det 8 ON / Det 31 OFF for 10.90s (threshold=5.0s)
8,isolated_pulse,1785706171.0,1785706171.2,0.20000004768371582,31,42,42,Ph8: Det 42 isolated pulse ON/OFF for 0.200s; Det 31 was completely OFF in ±5.0s window
8,extended_disagreement,1785706171.2,1785706178.1,6.8999998569488525,8,42,8,Ph8: Det 8 ON / Det 42 OFF for 6.90s (threshold=5.0s)
8,extended_disagreement,1785706209.6,1785706214.8,5.200000047683716,8,42,8,Ph8: Det 8 ON / Det 42 OFF for 5.20s (threshold=5.0s)
8,isolated_pulse,1785706214.5,1785706215.3,0.7999999523162842,31,42,31,Ph8: Det 31 isolated pulse ON/OFF for 0.800s; Det 42 was completely OFF in ±5.0s window
8,extended_disagreement,1785706284.2,1785706289.5,5.299999952316284,8,42,8,Ph8: Det 8 ON / Det 42 OFF for 5.30s (threshold=5.0s)
8,isolated_pulse,1785706288.1,1785706288.6,0.5,31,42,31,Ph8: Det 31 isolated pulse ON/OFF for 0.500s; Det 42 was completely OFF in ±5.0s window
8,extended_disagreement,1785706329.2,1785706335.0,5.799999952316284,8,31,8,Ph8: Det 8 ON / Det 31 OFF for 5.80s (threshold=5.0s)
8,extended_disagreement,1785706329.2,1785706335.0,5.799999952316284,8,42,8,Ph8: Det 8 ON / Det 42 OFF for 5.80s (threshold=5.0s)
8,extended_disagreement,1785706432.3,1785706438.5,6.200000047683716,8,42,8,Ph8: Det 8 ON / Det 42 OFF for 6.20s (threshold=5.0s)
8,isolated_pulse,1785706435.9,1785706436.6,0.6999998092651367,31,42,31,Ph8: Det 31 isolated pulse ON/OFF for 0.700s; Det 42 was completely OFF in ±5.0s window
8,isolated_pulse,1785706437.0,1785706437.3,0.2999999523162842,31,42,31,Ph8: Det 31 isolated pulse ON/OFF for 0.300s; Det 42 was completely OFF in ±5.0s window
8,isolated_pulse,1785706437.6,1785706438.4,0.8000001907348633,31,42,31,Ph8: Det 31 isolated pulse ON/OFF for 0.800s; Det 42 was completely OFF in ±5.0s window
8,isolated_pulse,1785706438.7,1785706439.1,0.39999985694885254,8,42,8,Ph8: Det 8 isolated pulse ON/OFF for 0.400s; Det 42 was completely OFF in ±5.0s window
8,isolated_pulse,1785706439.8,1785706439.9,0.10000014305114746,31,42,31,Ph8: Det 31 isolated pulse ON/OFF for 0.100s; Det 42 was completely OFF in ±5.0s window
8,extended_disagreement,1785706497.9,1785706503.9,6.0,8,31,8,Ph8: Det 8 ON / Det 31 OFF for 6.00s (threshold=5.0s)
8,extended_disagreement,1785706497.9,1785706503.9,6.0,8,42,8,Ph8: Det 8 ON / Det 42 OFF for 6.00s (threshold=5.0s)
8,isolated_pulse,1785706525.1,1785706526.3,1.2000000476837158,8,31,8,Ph8: Det 8 isolated pulse ON/OFF for 1.200s; Det 31 was completely OFF in ±5.0s window
8,isolated_pulse,1785706525.1,1785706526.3,1.2000000476837158,8,42,8,Ph8: Det 8 isolated pulse ON/OFF for 1.200s; Det 42 was completely OFF in ±5.0s window
8,isolated_pulse,1785706527.3,1785706530.5,3.200000047683716,8,31,8,Ph8: Det 8 isolated pulse ON/OFF for 3.200s; Det 31 was completely OFF in ±5.0s window
8,isolated_pulse,1785706527.3,1785706530.5,3.200000047683716,8,42,8,Ph8: Det 8 isolated pulse ON/OFF for 3.200s; Det 42 was completely OFF in ±5.0s window
8,extended_disagreement,1785706634.4,1785706639.6,5.199999809265137,8,42,8,Ph8: Det 8 ON / Det 42 OFF for 5.20s (threshold=5.0s)
8,isolated_pulse,1785706634.6,1785706634.9,0.3000001907348633,31,42,31,Ph8: Det 31 isolated pulse ON/OFF for 0.300s; Det 42 was completely OFF in ±5.0s window
8,isolated_pulse,1785706720.4,1785706721.0,0.5999999046325684,8,31,8,Ph8: Det 8 isolated pulse ON/OFF for 0.600s; Det 31 was completely OFF in ±5.0s window
8,isolated_pulse,1785706720.4,1785706721.0,0.5999999046325684,8,42,8,Ph8: Det 8 isolated pulse ON/OFF for 0.600s; Det 42 was completely OFF in ±5.0s window
8,isolated_pulse,1785706725.1,1785706726.2,1.1000001430511475,8,31,8,Ph8: Det 8 isolated pulse ON/OFF for 1.100s; Det 31 was completely OFF in ±5.0s window
8,isolated_pulse,1785706725.1,1785706726.2,1.1000001430511475,8,42,8,Ph8: Det 8 isolated pulse ON/OFF for 1.100s; Det 42 was completely OFF in ±5.0s window
8,isolated_pulse,1785706744.7,1785706744.9,0.20000004768371582,31,42,31,Ph8: Det 31 isolated pulse ON/OFF for 0.200s; Det 42 was completely OFF in ±5.0s window
8,extended_disagreement,1785706745.6,1785706750.9,5.300000190734863,8,31,8,Ph8: Det 8 ON / Det 31 OFF for 5.30s (threshold=5.0s)
8,extended_disagreement,1785706745.6,1785706750.9,5.300000190734863,8,42,8,Ph8: Det 8 ON / Det 42 OFF for 5.30s (threshold=5.0s)
8,extended_disagreement,1785707031.1,1785707036.3,5.200000047683716,8,31,8,Ph8: Det 8 ON / Det 31 OFF for 5.20s (threshold=5.0s)
8,extended_disagreement,1785707031.2,1785707036.3,5.099999904632568,8,42,8,Ph8: Det 8 ON / Det 42 OFF for 5.10s (threshold=5.0s)
8,isolated_pulse,1785707036.5,1785707037.5,1.0,8,31,8,Ph8: Det 8 isolated pulse ON/OFF for 1.000s; Det 31 was completely OFF in ±5.0s window
8,isolated_pulse,1785707036.5,1785707037.5,1.0,8,42,8,Ph8: Det 8 isolated pulse ON/OFF for 1.000s; Det 42 was completely OFF in ±5.0s window
8,extended_disagreement,1785707092.3,1785707101.0,8.700000047683716,31,42,42,Ph8: Det 42 ON / Det 31 OFF for 8.70s (threshold=5.0s)
8,extended_disagreement,1785707093.2,1785707101.0,7.799999952316284,8,42,42,Ph8: Det 42 ON / Det 8 OFF for 7.80s (threshold=5.0s)
8,isolated_pulse,1785707121.3,1785707126.1,4.799999952316284,8,31,8,Ph8: Det 8 isolated pulse ON/OFF for 4.800s; Det 31 was completely OFF in ±5.0s window
8,isolated_pulse,1785707121.3,1785707126.1,4.799999952316284,8,42,8,Ph8: Det 8 isolated pulse ON/OFF for 4.800s; Det 42 was completely OFF in ±5.0s window
8,isolated_pulse,1785707245.9,1785707250.1,4.199999809265137,8,31,8,Ph8: Det 8 isolated pulse ON/OFF for 4.200s; Det 31 was completely OFF in ±5.0s window
8,isolated_pulse,1785707245.9,1785707250.1,4.199999809265137,8,42,8,Ph8: Det 8 isolated pulse ON/OFF for 4.200s; Det 42 was completely OFF in ±5.0s window
8,extended_disagreement,1785707278.2,1785707283.7,5.5,8,31,8,Ph8: Det 8 ON / Det 31 OFF for 5.50s (threshold=5.0s)
8,extended_disagreement,1785707278.2,1785707283.7,5.5,8,42,8,Ph8: Det 8 ON / Det 42 OFF for 5.50s (threshold=5.0s)
8,isolated_pulse,1785707322.2,1785707326.3,4.099999904632568,8,42,8,Ph8: Det 8 isolated pulse ON/OFF for 4.100s; Det 42 was completely OFF in ±5.0s window
8,isolated_pulse,1785707326.0,1785707326.3,0.2999999523162842,31,42,31,Ph8: Det 31 isolated pulse ON/OFF for 0.300s; Det 42 was completely OFF in ±5.0s window
8,extended_disagreement,1785707441.6,1785707447.8,6.200000047683716,8,42,8,Ph8: Det 8 ON / Det 42 OFF for 6.20s (threshold=5.0s)
8,extended_disagreement,1785707441.6,1785707447.1,5.5,31,42,31,Ph8: Det 31 ON / Det 42 OFF for 5.50s (threshold=5.0s)
8,extended_disagreement,1785707552.4,1785707557.6,5.199999809265137,8,31,8,Ph8: Det 8 ON / Det 31 OFF for 5.20s (threshold=5.0s)
8,extended_disagreement,1785707552.4,1785707557.8,5.3999998569488525,8,42,8,Ph8: Det 8 ON / Det 42 OFF for 5.40s (threshold=5.0s)
8,isolated_pulse,1785707557.6,1785707558.9,1.3000001907348633,31,42,31,Ph8: Det 31 isolated pulse ON/OFF for 1.300s; Det 42 was completely OFF in ±5.0s window
8,extended_disagreement,1785707602.7,1785707643.6,40.89999985694885,8,42,8,Ph8: Det 8 ON / Det 42 OFF for 40.90s (threshold=5.0s)
8,extended_disagreement,1785707602.7,1785707642.4,39.700000047683716,31,42,31,Ph8: Det 31 ON / Det 42 OFF for 39.70s (threshold=5.0s)
8,isolated_pulse,1785707686.8,1785707687.8,1.0,31,42,42,Ph8: Det 42 isolated pulse ON/OFF for 1.000s; Det 31 was completely OFF in ±5.0s window
8,extended_disagreement,1785707688.3,1785707693.9,5.6000001430511475,8,31,8,Ph8: Det 8 ON / Det 31 OFF for 5.60s (threshold=5.0s)
8,extended_disagreement,1785707688.3,1785707693.9,5.6000001430511475,8,42,8,Ph8: Det 8 ON / Det 42 OFF for 5.60s (threshold=5.0s)
8,extended_disagreement,1785707827.0,1785707833.2,6.200000047683716,8,42,8,Ph8: Det 8 ON / Det 42 OFF for 6.20s (threshold=5.0s)
8,extended_disagreement,1785707827.0,1785707833.2,6.200000047683716,31,42,31,Ph8: Det 31 ON / Det 42 OFF for 6.20s (threshold=5.0s)
8,extended_disagreement,1785707838.7,1785707851.6,12.899999856948853,8,42,8,Ph8: Det 8 ON / Det 42 OFF for 12.90s (threshold=5.0s)
8,extended_disagreement,1785707838.7,1785707845.8,7.099999904632568,31,42,31,Ph8: Det 31 ON / Det 42 OFF for 7.10s (threshold=5.0s)
8,extended_disagreement,1785707845.8,1785707851.6,5.799999952316284,8,31,8,Ph8: Det 8 ON / Det 31 OFF for 5.80s (threshold=5.0s)
8,extended_disagreement,1785707868.7,1785707875.2,6.5,8,42,8,Ph8: Det 8 ON / Det 42 OFF for 6.50s (threshold=5.0s)
8,extended_disagreement,1785707868.7,1785707875.2,6.5,31,42,31,Ph8: Det 31 ON / Det 42 OFF for 6.50s (threshold=5.0s)
8,extended_disagreement,1785707909.3,1785707916.4,7.1000001430511475,8,42,8,Ph8: Det 8 ON / Det 42 OFF for 7.10s (threshold=5.0s)
8,isolated_pulse,1785707914.3,1785707915.1,0.7999999523162842,31,42,31,Ph8: Det 31 isolated pulse ON/OFF for 0.800s; Det 42 was completely OFF in ±5.0s window
8,isolated_pulse,1785707915.9,1785707917.1,1.1999998092651367,31,42,31,Ph8: Det 31 isolated pulse ON/OFF for 1.200s; Det 42 was completely OFF in ±5.0s window
8,isolated_pulse,1785708069.9,1785708070.4,0.5,31,42,31,Ph8: Det 31 isolated pulse ON/OFF for 0.500s; Det 42 was completely OFF in ±5.0s window
8,isolated_pulse,1785708070.5,1785708070.8,0.2999999523162842,8,42,8,Ph8: Det 8 isolated pulse ON/OFF for 0.300s; Det 42 was completely OFF in ±5.0s window
8,isolated_pulse,1785708071.1,1785708075.9,4.800000190734863,8,42,8,Ph8: Det 8 isolated pulse ON/OFF for 4.800s; Det 42 was completely OFF in ±5.0s window
8,isolated_pulse,1785708076.2,1785708076.9,0.7000000476837158,31,42,31,Ph8: Det 31 isolated pulse ON/OFF for 0.700s; Det 42 was completely OFF in ±5.0s window
8,extended_disagreement,1785708184.5,1785708190.7,6.200000047683716,8,31,8,Ph8: Det 8 ON / Det 31 OFF for 6.20s (threshold=5.0s)
8,extended_disagreement,1785708184.5,1785708190.7,6.200000047683716,8,42,8,Ph8: Det 8 ON / Det 42 OFF for 6.20s (threshold=5.0s)
8,isolated_pulse,1785708243.9,1785708244.3,0.39999985694885254,31,42,31,Ph8: Det 31 isolated pulse ON/OFF for 0.400s; Det 42 was completely OFF in ±5.0s window
8,isolated_pulse,1785708245.1,1785708249.7,4.6000001430511475,8,42,8,Ph8: Det 8 isolated pulse ON/OFF for 4.600s; Det 42 was completely OFF in ±5.0s window
8,extended_disagreement,1785708252.3,1785708257.6,5.299999952316284,8,42,8,Ph8: Det 8 ON / Det 42 OFF for 5.30s (threshold=5.0s)
8,isolated_pulse,1785708256.7,1785708257.8,1.0999999046325684,31,42,31,Ph8: Det 31 isolated pulse ON/OFF for 1.100s; Det 42 was completely OFF in ±5.0s window
8,extended_disagreement,1785708423.0,1785708428.7,5.700000047683716,8,31,8,Ph8: Det 8 ON / Det 31 OFF for 5.70s (threshold=5.0s)
8,extended_disagreement,1785708423.0,1785708428.7,5.700000047683716,8,42,8,Ph8: Det 8 ON / Det 42 OFF for 5.70s (threshold=5.0s)
8,extended_disagreement,1785708708.7,1785708714.3,5.599999904632568,8,42,8,Ph8: Det 8 ON / Det 42 OFF for 5.60s (threshold=5.0s)
8,extended_disagreement,1785708708.7,1785708714.3,5.599999904632568,31,42,31,Ph8: Det 31 ON / Det 42 OFF for 5.60s (threshold=5.0s)
8,isolated_pulse,1785708774.5,1785708774.7,0.20000004768371582,8,31,8,Ph8: Det 8 isolated pulse ON/OFF for 0.200s; Det 31 was completely OFF in ±5.0s window
8,isolated_pulse,1785708775.0,1785708778.2,3.200000047683716,8,31,8,Ph8: Det 8 isolated pulse ON/OFF for 3.200s; Det 31 was completely OFF in ±5.0s window
8,isolated_pulse,1785708776.0,1785708776.1,0.09999990463256836,31,42,42,Ph8: Det 42 isolated pulse ON/OFF for 0.100s; Det 31 was completely OFF in ±5.0s window
8,isolated_pulse,1785708777.0,1785708777.7,0.7000000476837158,31,42,42,Ph8: Det 42 isolated pulse ON/OFF for 0.700s; Det 31 was completely OFF in ±5.0s window
8,extended_disagreement,1785708941.2,1785708946.9,5.700000047683716,8,31,8,Ph8: Det 8 ON / Det 31 OFF for 5.70s (threshold=5.0s)
8,extended_disagreement,1785708941.2,1785708946.9,5.700000047683716,8,42,8,Ph8: Det 8 ON / Det 42 OFF for 5.70s (threshold=5.0s)
8,isolated_pulse,1785708947.5,1785708948.6,1.0999999046325684,31,42,31,Ph8: Det 31 isolated pulse ON/OFF for 1.100s; Det 42 was completely OFF in ±5.0s window
8,extended_disagreement,1785709116.0,1785709126.5,10.5,8,31,8,Ph8: Det 8 ON / Det 31 OFF for 10.50s (threshold=5.0s)
8,extended_disagreement,1785709116.2,1785709127.9,11.700000047683716,8,42,8,Ph8: Det 8 ON / Det 42 OFF for 11.70s (threshold=5.0s)
8,isolated_pulse,1785709157.1,1785709157.4,0.3000001907348633,31,42,31,Ph8: Det 31 isolated pulse ON/OFF for 0.300s; Det 42 was completely OFF in ±5.0s window
8,extended_disagreement,1785709158.0,1785709164.5,6.5,8,31,8,Ph8: Det 8 ON / Det 31 OFF for 6.50s (threshold=5.0s)
8,extended_disagreement,1785709158.0,1785709164.5,6.5,8,42,8,Ph8: Det 8 ON / Det 42 OFF for 6.50s (threshold=5.0s)
8,extended_disagreement,1785709166.8,1785709173.3,6.5,8,31,8,Ph8: Det 8 ON / Det 31 OFF for 6.50s (threshold=5.0s)
8,extended_disagreement,1785709166.8,1785709177.6,10.799999952316284,8,42,8,Ph8: Det 8 ON / Det 42 OFF for 10.80s (threshold=5.0s)
8,extended_disagreement,1785709175.5,1785709190.7,15.200000047683716,8,31,8,Ph8: Det 8 ON / Det 31 OFF for 15.20s (threshold=5.0s)
8,extended_disagreement,1785709177.8,1785709190.7,12.900000095367432,8,42,8,Ph8: Det 8 ON / Det 42 OFF for 12.90s (threshold=5.0s)
8,extended_disagreement,1785709308.6,1785709316.4,7.800000190734863,8,42,8,Ph8: Det 8 ON / Det 42 OFF for 7.80s (threshold=5.0s)
8,extended_disagreement,1785709308.6,1785709316.4,7.800000190734863,31,42,31,Ph8: Det 31 ON / Det 42 OFF for 7.80s (threshold=5.0s)
8,isolated_pulse,1785709356.8,1785709358.2,1.4000000953674316,8,31,8,Ph8: Det 8 isolated pulse ON/OFF for 1.400s; Det 31 was completely OFF in ±5.0s window
8,isolated_pulse,1785709356.8,1785709358.2,1.4000000953674316,8,42,8,Ph8: Det 8 isolated pulse ON/OFF for 1.400s; Det 42 was completely OFF in ±5.0s window
8,extended_disagreement,1785709445.9,1785709452.0,6.099999904632568,8,31,8,Ph8: Det 8 ON / Det 31 OFF for 6.10s (threshold=5.0s)
8,extended_disagreement,1785709445.9,1785709452.3,6.3999998569488525,8,42,8,Ph8: Det 8 ON / Det 42 OFF for 6.40s (threshold=5.0s)
8,isolated_pulse,1785709452.0,1785709452.2,0.20000004768371582,31,42,31,Ph8: Det 31 isolated pulse ON/OFF for 0.200s; Det 42 was completely OFF in ±5.0s window
8,isolated_pulse,1785709452.7,1785709453.3,0.5999999046325684,31,42,31,Ph8: Det 31 isolated pulse ON/OFF for 0.600s; Det 42 was completely OFF in ±5.0s window
8,extended_disagreement,1785709626.2,1785709631.3,5.099999904632568,8,31,8,Ph8: Det 8 ON / Det 31 OFF for 5.10s (threshold=5.0s)
8,extended_disagreement,1785709626.2,1785709631.3,5.099999904632568,8,42,8,Ph8: Det 8 ON / Det 42 OFF for 5.10s (threshold=5.0s)
8,isolated_pulse,1785709687.0,1785709687.3,0.2999999523162842,31,42,31,Ph8: Det 31 isolated pulse ON/OFF for 0.300s; Det 42 was completely OFF in ±5.0s window
8,extended_disagreement,1785709687.8,1785709693.5,5.700000047683716,8,31,8,Ph8: Det 8 ON / Det 31 OFF for 5.70s (threshold=5.0s)
8,extended_disagreement,1785709687.8,1785709694.1,6.299999952316284,8,42,8,Ph8: Det 8 ON / Det 42 OFF for 6.30s (threshold=5.0s)
8,isolated_pulse,1785709693.5,1785709693.9,0.40000009536743164,31,42,31,Ph8: Det 31 isolated pulse ON/OFF for 0.400s; Det 42 was completely OFF in ±5.0s window
8,extended_disagreement,1785709922.1,1785709929.3,7.200000047683716,8,31,8,Ph8: Det 8 ON / Det 31 OFF for 7.20s (threshold=5.0s)
8,extended_disagreement,1785709922.1,1785709929.3,7.200000047683716,8,42,8,Ph8: Det 8 ON / Det 42 OFF for 7.20s (threshold=5.0s)
8,isolated_pulse,1785709983.0,1785709986.3,3.299999952316284,8,42,42,Ph8: Det 42 isolated pulse ON/OFF for 3.300s; Det 8 was completely OFF in ±5.0s window
8,isolated_pulse,1785709983.0,1785709986.3,3.299999952316284,31,42,42,Ph8: Det 42 isolated pulse ON/OFF for 3.300s; Det 31 was completely OFF in ±5.0s window
8,extended_disagreement,1785710213.9,1785710228.2,14.299999952316284,8,42,8,Ph8: Det 8 ON / Det 42 OFF for 14.30s (threshold=5.0s)
8,extended_disagreement,1785710213.9,1785710227.8,13.899999856948853,31,42,31,Ph8: Det 31 ON / Det 42 OFF for 13.90s (threshold=5.0s)
8,isolated_pulse,1785710384.7,1785710389.5,4.799999952316284,8,42,8,Ph8: Det 8 isolated pulse ON/OFF for 4.800s; Det 42 was completely OFF in ±5.0s window
8,isolated_pulse,1785710387.8,1785710388.8,1.0,31,42,31,Ph8: Det 31 isolated pulse ON/OFF for 1.000s; Det 42 was completely OFF in ±5.0s window
8,isolated_pulse,1785710803.5,1785710807.7,4.200000047683716,8,42,8,Ph8: Det 8 isolated pulse ON/OFF for 4.200s; Det 42 was completely OFF in ±5.0s window
8,isolated_pulse,1785710805.3,1785710805.6,0.2999999523162842,31,42,31,Ph8: Det 31 isolated pulse ON/OFF for 0.300s; Det 42 was completely OFF in ±5.0s window
8,isolated_pulse,1785711017.6,1785711017.9,0.3000001907348633,31,42,42,Ph8: Det 42 isolated pulse ON/OFF for 0.300s; Det 31 was completely OFF in ±5.0s window
8,extended_disagreement,1785711018.7,1785711024.5,5.799999952316284,8,31,8,Ph8: Det 8 ON / Det 31 OFF for 5.80s (threshold=5.0s)
8,extended_disagreement,1785711018.7,1785711024.5,5.799999952316284,8,42,8,Ph8: Det 8 ON / Det 42 OFF for 5.80s (threshold=5.0s)
8,extended_disagreement,1785711082.1,1785711088.9,6.800000190734863,8,42,8,Ph8: Det 8 ON / Det 42 OFF for 6.80s (threshold=5.0s)
8,isolated_pulse,1785711083.0,1785711083.7,0.7000000476837158,31,42,31,Ph8: Det 31 isolated pulse ON/OFF for 0.700s; Det 42 was completely OFF in ±5.0s window
8,extended_disagreement,1785711083.7,1785711088.9,5.200000047683716,8,31,8,Ph8: Det 8 ON / Det 31 OFF for 5.20s (threshold=5.0s)
8,isolated_pulse,1785711377.0,1785711377.7,0.7000000476837158,8,31,8,Ph8: Det 8 isolated pulse ON/OFF for 0.700s; Det 31 was completely OFF in ±5.0s window
8,isolated_pulse,1785711377.0,1785711377.7,0.7000000476837158,8,42,8,Ph8: Det 8 isolated pulse ON/OFF for 0.700s; Det 42 was completely OFF in ±5.0s window
8,isolated_pulse,1785711443.6,1785711444.0,0.40000009536743164,31,42,31,Ph8: Det 31 isolated pulse ON/OFF for 0.400s; Det 42 was completely OFF in ±5.0s window
8,extended_disagreement,1785711444.3,1785711450.3,6.0,8,31,8,Ph8: Det 8 ON / Det 31 OFF for 6.00s (threshold=5.0s)
8,extended_disagreement,1785711444.3,1785711450.3,6.0,8,42,8,Ph8: Det 8 ON / Det 42 OFF for 6.00s (threshold=5.0s)
8,isolated_pulse,1785711450.4,1785711450.7,0.2999999523162842,31,42,31,Ph8: Det 31 isolated pulse ON/OFF for 0.300s; Det 42 was completely OFF in ±5.0s window
8,isolated_pulse,1785711502.5,1785711503.8,1.2999999523162842,8,42,8,Ph8: Det 8 isolated pulse ON/OFF for 1.300s; Det 42 was completely OFF in ±5.0s window
8,isolated_pulse,1785711506.0,1785711506.4,0.40000009536743164,31,42,31,Ph8: Det 31 isolated pulse ON/OFF for 0.400s; Det 42 was completely OFF in ±5.0s window
8,extended_disagreement,1785711506.9,1785711514.9,8.0,8,42,8,Ph8: Det 8 ON / Det 42 OFF for 8.00s (threshold=5.0s)
8,isolated_pulse,1785711507.2,1785711507.6,0.39999985694885254,31,42,31,Ph8: Det 31 isolated pulse ON/OFF for 0.400s; Det 42 was completely OFF in ±5.0s window
8,isolated_pulse,1785711510.0,1785711510.8,0.7999999523162842,31,42,31,Ph8: Det 31 isolated pulse ON/OFF for 0.800s; Det 42 was completely OFF in ±5.0s window
8,extended_disagreement,1785711684.9,1785711693.8,8.899999856948853,8,31,8,Ph8: Det 8 ON / Det 31 OFF for 8.90s (threshold=5.0s)
8,extended_disagreement,1785711684.9,1785711693.8,8.899999856948853,8,42,8,Ph8: Det 8 ON / Det 42 OFF for 8.90s (threshold=5.0s)
8,extended_disagreement,1785711785.5,1785711793.8,8.299999952316284,8,42,8,Ph8: Det 8 ON / Det 42 OFF for 8.30s (threshold=5.0s)
8,isolated_pulse,1785711785.7,1785711786.1,0.39999985694885254,31,42,31,Ph8: Det 31 isolated pulse ON/OFF for 0.400s; Det 42 was completely OFF in ±5.0s window
8,isolated_pulse,1785711787.2,1785711787.7,0.5,31,42,31,Ph8: Det 31 isolated pulse ON/OFF for 0.500s; Det 42 was completely OFF in ±5.0s window
8,extended_disagreement,1785711787.7,1785711792.8,5.099999904632568,8,31,8,Ph8: Det 8 ON / Det 31 OFF for 5.10s (threshold=5.0s)
8,isolated_pulse,1785711792.8,1785711793.0,0.20000004768371582,31,42,31,Ph8: Det 31 isolated pulse ON/OFF for 0.200s; Det 42 was completely OFF in ±5.0s window
8,isolated_pulse,1785711793.6,1785711794.0,0.40000009536743164,31,42,31,Ph8: Det 31 isolated pulse ON/OFF for 0.400s; Det 42 was completely OFF in ±5.0s window
8,isolated_pulse,1785711982.1,1785711983.7,1.6000001430511475,31,42,31,Ph8: Det 31 isolated pulse ON/OFF for 1.600s; Det 42 was completely OFF in ±5.0s window
8,isolated_pulse,1785711984.7,1785711985.0,0.2999999523162842,31,42,31,Ph8: Det 31 isolated pulse ON/OFF for 0.300s; Det 42 was completely OFF in ±5.0s window
8,extended_disagreement,1785711985.7,1785711991.0,5.299999952316284,8,42,8,Ph8: Det 8 ON / Det 42 OFF for 5.30s (threshold=5.0s)
8,isolated_pulse,1785711990.3,1785711990.6,0.2999999523162842,31,42,31,Ph8: Det 31 isolated pulse ON/OFF for 0.300s; Det 42 was completely OFF in ±5.0s window
8,extended_disagreement,1785712035.5,1785712042.5,7.0,8,42,8,Ph8: Det 8 ON / Det 42 OFF for 7.00s (threshold=5.0s)
8,extended_disagreement,1785712037.1,1785712042.5,5.400000095367432,8,31,8,Ph8: Det 8 ON / Det 31 OFF for 5.40s (threshold=5.0s)
8,isolated_pulse,1785712042.8,1785712043.6,0.7999999523162842,31,42,31,Ph8: Det 31 isolated pulse ON/OFF for 0.800s; Det 42 was completely OFF in ±5.0s window
8,isolated_pulse,1785712152.0,1785712152.7,0.7000000476837158,8,31,31,Ph8: Det 31 isolated pulse ON/OFF for 0.700s; Det 8 was completely OFF in ±5.0s window
8,isolated_pulse,1785712152.0,1785712152.7,0.7000000476837158,31,42,31,Ph8: Det 31 isolated pulse ON/OFF for 0.700s; Det 42 was completely OFF in ±5.0s window
8,isolated_pulse,1785712154.0,1785712155.7,1.7000000476837158,8,31,31,Ph8: Det 31 isolated pulse ON/OFF for 1.700s; Det 8 was completely OFF in ±5.0s window
8,isolated_pulse,1785712154.0,1785712155.7,1.7000000476837158,31,42,31,Ph8: Det 31 isolated pulse ON/OFF for 1.700s; Det 42 was completely OFF in ±5.0s window
8,isolated_pulse,1785712167.7,1785712168.6,0.8999998569488525,8,31,31,Ph8: Det 31 isolated pulse ON/OFF for 0.900s; Det 8 was completely OFF in ±5.0s window
8,isolated_pulse,1785712167.7,1785712168.6,0.8999998569488525,31,42,31,Ph8: Det 31 isolated pulse ON/OFF for 0.900s; Det 42 was completely OFF in ±5.0s window
8,isolated_pulse,1785712169.7,1785712170.4,0.7000000476837158,8,31,31,Ph8: Det 31 isolated pulse ON/OFF for 0.700s; Det 8 was completely OFF in ±5.0s window
8,isolated_pulse,1785712169.7,1785712170.4,0.7000000476837158,31,42,31,Ph8: Det 31 isolated pulse ON/OFF for 0.700s; Det 42 was completely OFF in ±5.0s window
8,isolated_pulse,1785712207.7,1785712212.5,4.799999952316284,8,42,8,Ph8: Det 8 isolated pulse ON/OFF for 4.800s; Det 42 was completely OFF in ±5.0s window
8,isolated_pulse,1785712212.1,1785712212.8,0.7000000476837158,31,42,31,Ph8: Det 31 isolated pulse ON/OFF for 0.700s; Det 42 was completely OFF in ±5.0s window
8,isolated_pulse,1785712213.4,1785712215.6,2.1999998092651367,31,42,31,Ph8: Det 31 isolated pulse ON/OFF for 2.200s; Det 42 was completely OFF in ±5.0s window
8,isolated_pulse,1785712344.1,1785712345.1,1.0,8,31,31,Ph8: Det 31 isolated pulse ON/OFF for 1.000s; Det 8 was completely OFF in ±5.0s window
8,isolated_pulse,1785712344.1,1785712345.1,1.0,31,42,31,Ph8: Det 31 isolated pulse ON/OFF for 1.000s; Det 42 was completely OFF in ±5.0s window
8,extended_disagreement,1785712414.7,1785712420.0,5.299999952316284,8,42,8,Ph8: Det 8 ON / Det 42 OFF for 5.30s (threshold=5.0s)
8,isolated_pulse,1785712418.5,1785712419.3,0.7999999523162842,31,42,31,Ph8: Det 31 isolated pulse ON/OFF for 0.800s; Det 42 was completely OFF in ±5.0s window
8,extended_disagreement,1785712456.5,1785712470.8,14.299999952316284,8,42,8,Ph8: Det 8 ON / Det 42 OFF for 14.30s (threshold=5.0s)
8,extended_disagreement,1785712456.5,1785712470.8,14.299999952316284,31,42,31,Ph8: Det 31 ON / Det 42 OFF for 14.30s (threshold=5.0s)
8,extended_disagreement,1785712528.7,1785712540.7,12.0,8,42,8,Ph8: Det 8 ON / Det 42 OFF for 12.00s (threshold=5.0s)
8,extended_disagreement,1785712532.9,1785712540.7,7.799999952316284,8,31,8,Ph8: Det 8 ON / Det 31 OFF for 7.80s (threshold=5.0s)
8,isolated_pulse,1785712541.3,1785712542.1,0.7999999523162842,31,42,31,Ph8: Det 31 isolated pulse ON/OFF for 0.800s; Det 42 was completely OFF in ±5.0s window
8,extended_disagreement,1785712542.0,1785712550.7,8.700000047683716,8,42,8,Ph8: Det 8 ON / Det 42 OFF for 8.70s (threshold=5.0s)
8,isolated_pulse,1785712542.7,1785712543.7,1.0,31,42,31,Ph8: Det 31 isolated pulse ON/OFF for 1.000s; Det 42 was completely OFF in ±5.0s window
8,extended_disagreement,1785712543.7,1785712550.7,7.0,8,31,8,Ph8: Det 8 ON / Det 31 OFF for 7.00s (threshold=5.0s)
8,extended_disagreement,1785712853.8,1785713015.3,161.5,8,31,8,Ph8: Det 8 ON / Det 31 OFF for 161.50s (threshold=5.0s)
8,extended_disagreement,1785712853.8,1785712966.1,112.29999995231628,31,42,42,Ph8: Det 42 ON / Det 31 OFF for 112.30s (threshold=5.0s)
8,extended_disagreement,1785712966.1,1785712984.9,18.800000190734863,8,42,8,Ph8: Det 8 ON / Det 42 OFF for 18.80s (threshold=5.0s)
8,extended_disagreement,1785712984.9,1785713022.1,37.19999980926514,31,42,42,Ph8: Det 42 ON / Det 31 OFF for 37.20s (threshold=5.0s)
8,extended_disagreement,1785713015.3,1785713022.1,6.799999952316284,8,42,42,Ph8: Det 42 ON / Det 8 OFF for 6.80s (threshold=5.0s)
8,isolated_pulse,1785713072.3,1785713072.6,0.2999999523162842,31,42,31,Ph8: Det 31 isolated pulse ON/OFF for 0.300s; Det 42 was completely OFF in ±5.0s window
8,extended_disagreement,1785713072.8,1785713078.2,5.400000095367432,8,42,8,Ph8: Det 8 ON / Det 42 OFF for 5.40s (threshold=5.0s)
8,isolated_pulse,1785713077.6,1785713078.3,0.7000000476837158,31,42,31,Ph8: Det 31 isolated pulse ON/OFF for 0.700s; Det 42 was completely OFF in ±5.0s window
8,isolated_pulse,1785713091.9,1785713092.1,0.19999980926513672,31,42,31,Ph8: Det 31 isolated pulse ON/OFF for 0.200s; Det 42 was completely OFF in ±5.0s window
8,isolated_pulse,1785713092.7,1785713097.3,4.599999904632568,8,42,8,Ph8: Det 8 isolated pulse ON/OFF for 4.600s; Det 42 was completely OFF in ±5.0s window
8,isolated_pulse,1785713096.6,1785713096.7,0.10000014305114746,31,42,31,Ph8: Det 31 isolated pulse ON/OFF for 0.100s; Det 42 was completely OFF in ±5.0s window
8,isolated_pulse,1785713358.2,1785713358.5,0.2999999523162842,31,42,31,Ph8: Det 31 isolated pulse ON/OFF for 0.300s; Det 42 was completely OFF in ±5.0s window
8,extended_disagreement,1785713359.4,1785713367.6,8.199999809265137,8,31,8,Ph8: Det 8 ON / Det 31 OFF for 8.20s (threshold=5.0s)
8,extended_disagreement,1785713359.4,1785713367.6,8.199999809265137,8,42,8,Ph8: Det 8 ON / Det 42 OFF for 8.20s (threshold=5.0s)
8,isolated_pulse,1785713379.0,1785713379.3,0.2999999523162842,8,31,8,Ph8: Det 8 isolated pulse ON/OFF for 0.300s; Det 31 was completely OFF in ±5.0s window
8,isolated_pulse,1785713379.0,1785713379.3,0.2999999523162842,8,42,8,Ph8: Det 8 isolated pulse ON/OFF for 0.300s; Det 42 was completely OFF in ±5.0s window
8,isolated_pulse,1785713380.1,1785713385.0,4.900000095367432,8,31,8,Ph8: Det 8 isolated pulse ON/OFF for 4.900s; Det 31 was completely OFF in ±5.0s window
8,isolated_pulse,1785713380.1,1785713385.0,4.900000095367432,8,42,8,Ph8: Det 8 isolated pulse ON/OFF for 4.900s; Det 42 was completely OFF in ±5.0s window
8,extended_disagreement,1785713458.3,1785713479.3,21.0,8,42,8,Ph8: Det 8 ON / Det 42 OFF for 21.00s (threshold=5.0s)
8,extended_disagreement,1785713458.3,1785713479.0,20.700000047683716,31,42,31,Ph8: Det 31 ON / Det 42 OFF for 20.70s (threshold=5.0s)
8,isolated_pulse,1785713515.1,1785713515.3,0.20000004768371582,31,42,42,Ph8: Det 42 isolated pulse ON/OFF for 0.200s; Det 31 was completely OFF in ±5.0s window
8,isolated_pulse,1785713515.8,1785713520.7,4.900000095367432,8,31,8,Ph8: Det 8 isolated pulse ON/OFF for 4.900s; Det 31 was completely OFF in ±5.0s window
8,extended_disagreement,1785713542.6,1785713646.2,103.60000014305115,8,42,8,Ph8: Det 8 ON / Det 42 OFF for 103.60s (threshold=5.0s)
8,extended_disagreement,1785713542.6,1785713645.8,103.20000004768372,31,42,31,Ph8: Det 31 ON / Det 42 OFF for 103.20s (threshold=5.0s)
8,isolated_pulse,1785713967.1,1785713971.8,4.700000047683716,8,42,8,Ph8: Det 8 isolated pulse ON/OFF for 4.700s; Det 42 was completely OFF in ±5.0s window
8,isolated_pulse,1785713971.5,1785713972.0,0.5,31,42,31,Ph8: Det 31 isolated pulse ON/OFF for 0.500s; Det 42 was completely OFF in ±5.0s window
8,isolated_pulse,1785714040.1,1785714040.5,0.40000009536743164,31,42,31,Ph8: Det 31 isolated pulse ON/OFF for 0.400s; Det 42 was completely OFF in ±5.0s window
8,isolated_pulse,1785714040.6,1785714040.8,0.20000004768371582,8,42,8,Ph8: Det 8 isolated pulse ON/OFF for 0.200s; Det 42 was completely OFF in ±5.0s window
8,isolated_pulse,1785714041.3,1785714045.4,4.1000001430511475,8,42,8,Ph8: Det 8 isolated pulse ON/OFF for 4.100s; Det 42 was completely OFF in ±5.0s window
8,extended_disagreement,1785714050.7,1785714056.9,6.200000047683716,8,31,8,Ph8: Det 8 ON / Det 31 OFF for 6.20s (threshold=5.0s)
8,extended_disagreement,1785714050.7,1785714056.9,6.200000047683716,8,42,8,Ph8: Det 8 ON / Det 42 OFF for 6.20s (threshold=5.0s)
8,extended_disagreement,1785714133.3,1785714140.1,6.799999952316284,8,31,8,Ph8: Det 8 ON / Det 31 OFF for 6.80s (threshold=5.0s)
8,extended_disagreement,1785714133.3,1785714140.1,6.799999952316284,8,42,8,Ph8: Det 8 ON / Det 42 OFF for 6.80s (threshold=5.0s)
8,isolated_pulse,1785714237.0,1785714241.7,4.700000047683716,8,31,8,Ph8: Det 8 isolated pulse ON/OFF for 4.700s; Det 31 was completely OFF in ±5.0s window
8,isolated_pulse,1785714237.0,1785714241.7,4.700000047683716,8,42,8,Ph8: Det 8 isolated pulse ON/OFF for 4.700s; Det 42 was completely OFF in ±5.0s window
8,isolated_pulse,1785714433.0,1785714433.5,0.5,31,42,31,Ph8: Det 31 isolated pulse ON/OFF for 0.500s; Det 42 was completely OFF in ±5.0s window
8,extended_disagreement,1785714433.9,1785714439.0,5.099999904632568,8,42,8,Ph8: Det 8 ON / Det 42 OFF for 5.10s (threshold=5.0s)
8,isolated_pulse,1785714438.5,1785714438.8,0.2999999523162842,31,42,31,Ph8: Det 31 isolated pulse ON/OFF for 0.300s; Det 42 was completely OFF in ±5.0s window
8,isolated_pulse,1785714439.3,1785714439.6,0.2999999523162842,31,42,31,Ph8: Det 31 isolated pulse ON/OFF for 0.300s; Det 42 was completely OFF in ±5.0s window
8,isolated_pulse,1785714687.5,1785714692.3,4.799999952316284,8,31,8,Ph8: Det 8 isolated pulse ON/OFF for 4.800s; Det 31 was completely OFF in ±5.0s window
8,isolated_pulse,1785714687.5,1785714692.3,4.799999952316284,8,42,8,Ph8: Det 8 isolated pulse ON/OFF for 4.800s; Det 42 was completely OFF in ±5.0s window
8,isolated_pulse,1785714775.6,1785714780.2,4.6000001430511475,8,31,8,Ph8: Det 8 isolated pulse ON/OFF for 4.600s; Det 31 was completely OFF in ±5.0s window
8,isolated_pulse,1785714775.6,1785714780.2,4.6000001430511475,8,42,8,Ph8: Det 8 isolated pulse ON/OFF for 4.600s; Det 42 was completely OFF in ±5.0s window
8,isolated_pulse,1785714866.3,1785714870.8,4.5,8,42,8,Ph8: Det 8 isolated pulse ON/OFF for 4.500s; Det 42 was completely OFF in ±5.0s window
8,isolated_pulse,1785714874.3,1785714874.6,0.2999999523162842,31,42,31,Ph8: Det 31 isolated pulse ON/OFF for 0.300s; Det 42 was completely OFF in ±5.0s window
8,isolated_pulse,1785714875.1,1785714879.8,4.700000047683716,8,42,8,Ph8: Det 8 isolated pulse ON/OFF for 4.700s; Det 42 was completely OFF in ±5.0s window
8,extended_disagreement,1785714912.3,1785714926.0,13.700000047683716,8,42,8,Ph8: Det 8 ON / Det 42 OFF for 13.70s (threshold=5.0s)
8,extended_disagreement,1785714912.3,1785714926.0,13.700000047683716,31,42,31,Ph8: Det 31 ON / Det 42 OFF for 13.70s (threshold=5.0s)
8,extended_disagreement,1785714932.1,1785714937.2,5.1000001430511475,31,42,42,Ph8: Det 42 ON / Det 31 OFF for 5.10s (threshold=5.0s)
8,extended_disagreement,1785715079.9,1785715085.1,5.199999809265137,8,31,8,Ph8: Det 8 ON / Det 31 OFF for 5.20s (threshold=5.0s)
8,extended_disagreement,1785715079.9,1785715085.1,5.199999809265137,8,42,8,Ph8: Det 8 ON / Det 42 OFF for 5.20s (threshold=5.0s)
8,extended_disagreement,1785715262.0,1785715267.2,5.200000047683716,8,31,8,Ph8: Det 8 ON / Det 31 OFF for 5.20s (threshold=5.0s)
8,extended_disagreement,1785715262.0,1785715267.8,5.799999952316284,8,42,8,Ph8: Det 8 ON / Det 42 OFF for 5.80s (threshold=5.0s)
8,isolated_pulse,1785715267.2,1785715267.6,0.39999985694885254,31,42,31,Ph8: Det 31 isolated pulse ON/OFF for 0.400s; Det 42 was completely OFF in ±5.0s window
8,isolated_pulse,1785715278.1,1785715282.6,4.5,8,42,8,Ph8: Det 8 isolated pulse ON/OFF for 4.500s; Det 42 was completely OFF in ±5.0s window
8,isolated_pulse,1785715282.7,1785715283.4,0.7000000476837158,31,42,31,Ph8: Det 31 isolated pulse ON/OFF for 0.700s; Det 42 was completely OFF in ±5.0s window
8,extended_disagreement,1785715297.8,1785715303.2,5.400000095367432,8,31,8,Ph8: Det 8 ON / Det 31 OFF for 5.40s (threshold=5.0s)
8,extended_disagreement,1785715297.8,1785715303.8,6.0,8,42,8,Ph8: Det 8 ON / Det 42 OFF for 6.00s (threshold=5.0s)
8,isolated_pulse,1785715303.2,1785715304.4,1.2000000476837158,31,42,31,Ph8: Det 31 isolated pulse ON/OFF for 1.200s; Det 42 was completely OFF in ±5.0s window
8,extended_disagreement,1785715368.2,1785715402.2,34.0,8,31,8,Ph8: Det 8 ON / Det 31 OFF for 34.00s (threshold=5.0s)
8,extended_disagreement,1785715368.2,1785715401.7,33.5,31,42,42,Ph8: Det 42 ON / Det 31 OFF for 33.50s (threshold=5.0s)
8,isolated_pulse,1785715433.8,1785715438.7,4.900000095367432,8,31,8,Ph8: Det 8 isolated pulse ON/OFF for 4.900s; Det 31 was completely OFF in ±5.0s window
8,isolated_pulse,1785715433.8,1785715438.7,4.900000095367432,8,42,8,Ph8: Det 8 isolated pulse ON/OFF for 4.900s; Det 42 was completely OFF in ±5.0s window
8,extended_disagreement,1785715523.3,1785715528.8,5.5,8,31,8,Ph8: Det 8 ON / Det 31 OFF for 5.50s (threshold=5.0s)
8,extended_disagreement,1785715523.3,1785715528.8,5.5,8,42,8,Ph8: Det 8 ON / Det 42 OFF for 5.50s (threshold=5.0s)
8,isolated_pulse,1785715576.3,1785715581.2,4.900000095367432,8,42,8,Ph8: Det 8 isolated pulse ON/OFF for 4.900s; Det 42 was completely OFF in ±5.0s window
8,isolated_pulse,1785715581.9,1785715582.3,0.39999985694885254,31,42,31,Ph8: Det 31 isolated pulse ON/OFF for 0.400s; Det 42 was completely OFF in ±5.0s window
8,extended_disagreement,1785715900.6,1785715906.1,5.5,8,31,8,Ph8: Det 8 ON / Det 31 OFF for 5.50s (threshold=5.0s)
8,extended_disagreement,1785715900.6,1785715906.1,5.5,8,42,8,Ph8: Det 8 ON / Det 42 OFF for 5.50s (threshold=5.0s)
8,extended_disagreement,1785716018.6,1785716024.6,6.0,8,31,8,Ph8: Det 8 ON / Det 31 OFF for 6.00s (threshold=5.0s)
8,extended_disagreement,1785716018.6,1785716024.6,6.0,8,42,8,Ph8: Det 8 ON / Det 42 OFF for 6.00s (threshold=5.0s)
8,extended_disagreement,1785716067.2,1785716210.4,143.20000004768372,31,42,42,Ph8: Det 42 ON / Det 31 OFF for 143.20s (threshold=5.0s)
8,extended_disagreement,1785716068.3,1785716212.1,143.79999995231628,8,42,42,Ph8: Det 42 ON / Det 8 OFF for 143.80s (threshold=5.0s)
8,extended_disagreement,1785716280.4,1785716314.4,34.0,31,42,42,Ph8: Det 42 ON / Det 31 OFF for 34.00s (threshold=5.0s)
8,extended_disagreement,1785716281.4,1785716310.1,28.699999809265137,8,42,42,Ph8: Det 42 ON / Det 8 OFF for 28.70s (threshold=5.0s)
8,extended_disagreement,1785716315.5,1785716365.3,49.799999952316284,31,42,42,Ph8: Det 42 ON / Det 31 OFF for 49.80s (threshold=5.0s)
8,extended_disagreement,1785716315.6,1785716365.3,49.700000047683716,8,42,42,Ph8: Det 42 ON / Det 8 OFF for 49.70s (threshold=5.0s)
8,extended_disagreement,1785716553.6,1785716560.0,6.400000095367432,8,31,8,Ph8: Det 8 ON / Det 31 OFF for 6.40s (threshold=5.0s)
8,extended_disagreement,1785716553.6,1785716560.0,6.400000095367432,8,42,8,Ph8: Det 8 ON / Det 42 OFF for 6.40s (threshold=5.0s)
8,extended_disagreement,1785716641.8,1785716647.0,5.200000047683716,31,42,42,Ph8: Det 42 ON / Det 31 OFF for 5.20s (threshold=5.0s)
8,isolated_pulse,1785716763.4,1785716763.7,0.2999999523162842,8,42,42,Ph8: Det 42 isolated pulse ON/OFF for 0.300s; Det 8 was completely OFF in ±5.0s window
8,isolated_pulse,1785716763.4,1785716763.7,0.2999999523162842,31,42,42,Ph8: Det 42 isolated pulse ON/OFF for 0.300s; Det 31 was completely OFF in ±5.0s window
8,extended_disagreement,1785716799.9,1785716805.3,5.3999998569488525,8,31,8,Ph8: Det 8 ON / Det 31 OFF for 5.40s (threshold=5.0s)
8,extended_disagreement,1785716799.9,1785716805.3,5.3999998569488525,8,42,8,Ph8: Det 8 ON / Det 42 OFF for 5.40s (threshold=5.0s)
8,extended_disagreement,1785717304.6,1785717310.0,5.400000095367432,8,31,8,Ph8: Det 8 ON / Det 31 OFF for 5.40s (threshold=5.0s)
8,extended_disagreement,1785717304.6,1785717310.0,5.400000095367432,8,42,8,Ph8: Det 8 ON / Det 42 OFF for 5.40s (threshold=5.0s)
8,extended_disagreement,1785717342.2,1785717347.7,5.5,8,31,8,Ph8: Det 8 ON / Det 31 OFF for 5.50s (threshold=5.0s)
8,extended_disagreement,1785717342.2,1785717347.7,5.5,8,42,8,Ph8: Det 8 ON / Det 42 OFF for 5.50s (threshold=5.0s)
8,extended_disagreement,1785717396.0,1785717401.4,5.400000095367432,8,31,31,Ph8: Det 31 ON / Det 8 OFF for 5.40s (threshold=5.0s)
8,isolated_pulse,1785717396.0,1785717396.4,0.40000009536743164,31,42,31,Ph8: Det 31 isolated pulse ON/OFF for 0.400s; Det 42 was completely OFF in ±5.0s window
8,extended_disagreement,1785717558.7,1785717567.5,8.799999952316284,8,31,8,Ph8: Det 8 ON / Det 31 OFF for 8.80s (threshold=5.0s)
8,extended_disagreement,1785717558.7,1785717567.5,8.799999952316284,8,42,8,Ph8: Det 8 ON / Det 42 OFF for 8.80s (threshold=5.0s)
8,extended_disagreement,1785717764.1,1785717769.3,5.200000047683716,8,31,8,Ph8: Det 8 ON / Det 31 OFF for 5.20s (threshold=5.0s)
8,extended_disagreement,1785717764.1,1785717769.3,5.200000047683716,8,42,8,Ph8: Det 8 ON / Det 42 OFF for 5.20s (threshold=5.0s)
8,extended_disagreement,1785717798.2,1785717805.8,7.599999904632568,8,42,8,Ph8: Det 8 ON / Det 42 OFF for 7.60s (threshold=5.0s)
8,extended_disagreement,1785717798.2,1785717805.6,7.3999998569488525,31,42,31,Ph8: Det 31 ON / Det 42 OFF for 7.40s (threshold=5.0s)
8,extended_disagreement,1785717863.6,1785717870.7,7.1000001430511475,8,31,8,Ph8: Det 8 ON / Det 31 OFF for 7.10s (threshold=5.0s)
8,extended_disagreement,1785717863.6,1785717870.9,7.300000190734863,8,42,8,Ph8: Det 8 ON / Det 42 OFF for 7.30s (threshold=5.0s)
8,isolated_pulse,1785717870.7,1785717871.5,0.7999999523162842,31,42,31,Ph8: Det 31 isolated pulse ON/OFF for 0.800s; Det 42 was completely OFF in ±5.0s window
8,extended_disagreement,1785718001.0,1785718007.5,6.5,31,42,42,Ph8: Det 42 ON / Det 31 OFF for 6.50s (threshold=5.0s)
8,extended_disagreement,1785718001.4,1785718007.5,6.099999904632568,8,42,42,Ph8: Det 42 ON / Det 8 OFF for 6.10s (threshold=5.0s)
8,isolated_pulse,1785718012.8,1785718013.5,0.7000000476837158,31,42,31,Ph8: Det 31 isolated pulse ON/OFF for 0.700s; Det 42 was completely OFF in ±5.0s window
8,isolated_pulse,1785718205.5,1785718210.4,4.900000095367432,8,31,8,Ph8: Det 8 isolated pulse ON/OFF for 4.900s; Det 31 was completely OFF in ±5.0s window
8,isolated_pulse,1785718205.5,1785718210.4,4.900000095367432,8,42,8,Ph8: Det 8 isolated pulse ON/OFF for 4.900s; Det 42 was completely OFF in ±5.0s window
8,extended_disagreement,1785718286.9,1785718292.1,5.199999809265137,8,42,8,Ph8: Det 8 ON / Det 42 OFF for 5.20s (threshold=5.0s)
8,isolated_pulse,1785718287.9,1785718288.3,0.39999985694885254,31,42,31,Ph8: Det 31 isolated pulse ON/OFF for 0.400s; Det 42 was completely OFF in ±5.0s window
8,isolated_pulse,1785718288.7,1785718289.1,0.39999985694885254,31,42,31,Ph8: Det 31 isolated pulse ON/OFF for 0.400s; Det 42 was completely OFF in ±5.0s window
8,isolated_pulse,1785718289.9,1785718290.3,0.39999985694885254,31,42,31,Ph8: Det 31 isolated pulse ON/OFF for 0.400s; Det 42 was completely OFF in ±5.0s window
8,isolated_pulse,1785718682.2,1785718687.0,4.799999952316284,8,31,8,Ph8: Det 8 isolated pulse ON/OFF for 4.800s; Det 31 was completely OFF in ±5.0s window
8,isolated_pulse,1785718682.2,1785718687.0,4.799999952316284,8,42,8,Ph8: Det 8 isolated pulse ON/OFF for 4.800s; Det 42 was completely OFF in ±5.0s window
8,extended_disagreement,1785718752.1,1785718757.6,5.5,8,31,8,Ph8: Det 8 ON / Det 31 OFF for 5.50s (threshold=5.0s)
8,extended_disagreement,1785718752.1,1785718757.6,5.5,8,42,8,Ph8: Det 8 ON / Det 42 OFF for 5.50s (threshold=5.0s)
8,isolated_pulse,1785718768.2,1785718768.4,0.20000004768371582,31,42,42,Ph8: Det 42 isolated pulse ON/OFF for 0.200s; Det 31 was completely OFF in ±5.0s window
8,extended_disagreement,1785718769.1,1785718775.0,5.900000095367432,8,31,8,Ph8: Det 8 ON / Det 31 OFF for 5.90s (threshold=5.0s)
8,extended_disagreement,1785718769.1,1785718775.0,5.900000095367432,8,42,8,Ph8: Det 8 ON / Det 42 OFF for 5.90s (threshold=5.0s)
8,isolated_pulse,1785718775.7,1785718776.1,0.39999985694885254,31,42,31,Ph8: Det 31 isolated pulse ON/OFF for 0.400s; Det 42 was completely OFF in ±5.0s window
8,extended_disagreement,1785718782.3,1785718787.7,5.400000095367432,31,42,31,Ph8: Det 31 ON / Det 42 OFF for 5.40s (threshold=5.0s)
8,extended_disagreement,1785718782.8,1785718788.0,5.200000047683716,8,42,8,Ph8: Det 8 ON / Det 42 OFF for 5.20s (threshold=5.0s)
8,extended_disagreement,1785718807.1,1785718814.7,7.6000001430511475,8,42,8,Ph8: Det 8 ON / Det 42 OFF for 7.60s (threshold=5.0s)
8,isolated_pulse,1785718811.6,1785718813.1,1.5,31,42,31,Ph8: Det 31 isolated pulse ON/OFF for 1.500s; Det 42 was completely OFF in ±5.0s window
8,isolated_pulse,1785719059.7,1785719060.0,0.2999999523162842,31,42,42,Ph8: Det 42 isolated pulse ON/OFF for 0.300s; Det 31 was completely OFF in ±5.0s window
8,isolated_pulse,1785719060.5,1785719064.9,4.400000095367432,8,31,8,Ph8: Det 8 isolated pulse ON/OFF for 4.400s; Det 31 was completely OFF in ±5.0s window
8,extended_disagreement,1785719280.2,1785719289.9,9.700000047683716,8,31,8,Ph8: Det 8 ON / Det 31 OFF for 9.70s (threshold=5.0s)
8,extended_disagreement,1785719280.2,1785719289.9,9.700000047683716,8,42,8,Ph8: Det 8 ON / Det 42 OFF for 9.70s (threshold=5.0s)
8,isolated_pulse,1785719393.0,1785719396.9,3.9000000953674316,8,31,8,Ph8: Det 8 isolated pulse ON/OFF for 3.900s; Det 31 was completely OFF in ±5.0s window
8,isolated_pulse,1785719393.0,1785719396.9,3.9000000953674316,8,42,8,Ph8: Det 8 isolated pulse ON/OFF for 3.900s; Det 42 was completely OFF in ±5.0s window
8,extended_disagreement,1785719524.9,1785719531.7,6.799999952316284,31,42,42,Ph8: Det 42 ON / Det 31 OFF for 6.80s (threshold=5.0s)
8,extended_disagreement,1785720031.3,1785720044.9,13.600000143051147,8,31,8,Ph8: Det 8 ON / Det 31 OFF for 13.60s (threshold=5.0s)
8,extended_disagreement,1785720031.3,1785720106.3,75.0,8,42,8,Ph8: Det 8 ON / Det 42 OFF for 75.00s (threshold=5.0s)
8,isolated_pulse,1785720044.9,1785720045.4,0.5,31,42,31,Ph8: Det 31 isolated pulse ON/OFF for 0.500s; Det 42 was completely OFF in ±5.0s window
8,extended_disagreement,1785720045.4,1785720106.3,60.89999985694885,8,31,8,Ph8: Det 8 ON / Det 31 OFF for 60.90s (threshold=5.0s)
8,extended_disagreement,1785720106.6,1785720119.3,12.700000047683716,8,31,8,Ph8: Det 8 ON / Det 31 OFF for 12.70s (threshold=5.0s)
8,extended_disagreement,1785720106.6,1785720119.3,12.700000047683716,8,42,8,Ph8: Det 8 ON / Det 42 OFF for 12.70s (threshold=5.0s)
8,extended_disagreement,1785720394.8,1785720637.8,243.0,8,42,42,Ph8: Det 42 ON / Det 8 OFF for 243.00s (threshold=5.0s)
8,extended_disagreement,1785720394.8,1785720639.3,244.5,31,42,42,Ph8: Det 42 ON / Det 31 OFF for 244.50s (threshold=5.0s)
8,extended_disagreement,1785720637.8,1785720646.2,8.400000095367432,8,31,8,Ph8: Det 8 ON / Det 31 OFF for 8.40s (threshold=5.0s)
8,extended_disagreement,1785720639.3,1785720646.5,7.200000047683716,8,42,8,Ph8: Det 8 ON / Det 42 OFF for 7.20s (threshold=5.0s)
8,isolated_pulse,1785720646.2,1785720646.6,0.39999985694885254,31,42,31,Ph8: Det 31 isolated pulse ON/OFF for 0.400s; Det 42 was completely OFF in ±5.0s window
8,isolated_pulse,1785720647.0,1785720647.8,0.7999999523162842,31,42,31,Ph8: Det 31 isolated pulse ON/OFF for 0.800s; Det 42 was completely OFF in ±5.0s window
8,isolated_pulse,1785720826.8,1785720827.5,0.7000000476837158,31,42,42,Ph8: Det 42 isolated pulse ON/OFF for 0.700s; Det 31 was completely OFF in ±5.0s window
8,isolated_pulse,1785720827.6,1785720831.9,4.300000190734863,8,31,8,Ph8: Det 8 isolated pulse ON/OFF for 4.300s; Det 31 was completely OFF in ±5.0s window
8,isolated_pulse,1785721119.9,1785721120.6,0.6999998092651367,31,42,42,Ph8: Det 42 isolated pulse ON/OFF for 0.700s; Det 31 was completely OFF in ±5.0s window
8,extended_disagreement,1785721120.8,1785721129.7,8.900000095367432,8,31,8,Ph8: Det 8 ON / Det 31 OFF for 8.90s (threshold=5.0s)
8,isolated_pulse,1785721123.8,1785721124.5,0.7000000476837158,31,42,42,Ph8: Det 42 isolated pulse ON/OFF for 0.700s; Det 31 was completely OFF in ±5.0s window
8,extended_disagreement,1785721124.5,1785721129.7,5.200000047683716,8,42,8,Ph8: Det 8 ON / Det 42 OFF for 5.20s (threshold=5.0s)
8,extended_disagreement,1785721158.0,1785721163.5,5.5,8,31,8,Ph8: Det 8 ON / Det 31 OFF for 5.50s (threshold=5.0s)
8,extended_disagreement,1785721158.0,1785721163.5,5.5,8,42,8,Ph8: Det 8 ON / Det 42 OFF for 5.50s (threshold=5.0s)
8,extended_disagreement,1785721314.0,1785721319.4,5.400000095367432,8,42,8,Ph8: Det 8 ON / Det 42 OFF for 5.40s (threshold=5.0s)
8,isolated_pulse,1785721318.1,1785721319.7,1.6000001430511475,31,42,31,Ph8: Det 31 isolated pulse ON/OFF for 1.600s; Det 42 was completely OFF in ±5.0s window
8,isolated_pulse,1785721337.1,1785721337.4,0.3000001907348633,31,42,31,Ph8: Det 31 isolated pulse ON/OFF for 0.300s; Det 42 was completely OFF in ±5.0s window
8,extended_disagreement,1785721338.2,1785721343.3,5.099999904632568,8,31,8,Ph8: Det 8 ON / Det 31 OFF for 5.10s (threshold=5.0s)
8,extended_disagreement,1785721338.2,1785721344.6,6.3999998569488525,8,42,8,Ph8: Det 8 ON / Det 42 OFF for 6.40s (threshold=5.0s)
8,isolated_pulse,1785721343.3,1785721344.5,1.2000000476837158,31,42,31,Ph8: Det 31 isolated pulse ON/OFF for 1.200s; Det 42 was completely OFF in ±5.0s window
8,isolated_pulse,1785721345.1,1785721345.4,0.3000001907348633,31,42,31,Ph8: Det 31 isolated pulse ON/OFF for 0.300s; Det 42 was completely OFF in ±5.0s window
8,extended_disagreement,1785721423.5,1785721428.8,5.299999952316284,8,31,8,Ph8: Det 8 ON / Det 31 OFF for 5.30s (threshold=5.0s)
8,extended_disagreement,1785721423.5,1785721429.3,5.799999952316284,8,42,8,Ph8: Det 8 ON / Det 42 OFF for 5.80s (threshold=5.0s)
8,isolated_pulse,1785721428.8,1785721430.1,1.2999999523162842,31,42,31,Ph8: Det 31 isolated pulse ON/OFF for 1.300s; Det 42 was completely OFF in ±5.0s window
8,extended_disagreement,1785721904.5,1785721909.8,5.299999952316284,8,42,42,Ph8: Det 42 ON / Det 8 OFF for 5.30s (threshold=5.0s)
8,extended_disagreement,1785722007.2,1785722013.2,6.0,8,31,8,Ph8: Det 8 ON / Det 31 OFF for 6.00s (threshold=5.0s)
8,extended_disagreement,1785722007.2,1785722014.3,7.099999904632568,8,42,8,Ph8: Det 8 ON / Det 42 OFF for 7.10s (threshold=5.0s)
8,isolated_pulse,1785722013.2,1785722014.6,1.3999998569488525,31,42,31,Ph8: Det 31 isolated pulse ON/OFF for 1.400s; Det 42 was completely OFF in ±5.0s window
8,isolated_pulse,1785722255.7,1785722258.1,2.3999998569488525,8,31,8,Ph8: Det 8 isolated pulse ON/OFF for 2.400s; Det 31 was completely OFF in ±5.0s window
8,isolated_pulse,1785722255.7,1785722258.1,2.3999998569488525,8,42,8,Ph8: Det 8 isolated pulse ON/OFF for 2.400s; Det 42 was completely OFF in ±5.0s window
8,isolated_pulse,1785722259.5,1785722264.0,4.5,8,31,8,Ph8: Det 8 isolated pulse ON/OFF for 4.500s; Det 31 was completely OFF in ±5.0s window
8,isolated_pulse,1785722259.5,1785722264.0,4.5,8,42,8,Ph8: Det 8 isolated pulse ON/OFF for 4.500s; Det 42 was completely OFF in ±5.0s window
8,isolated_pulse,1785722266.4,1785722268.6,2.1999998092651367,8,31,8,Ph8: Det 8 isolated pulse ON/OFF for 2.200s; Det 31 was completely OFF in ±5.0s window
8,isolated_pulse,1785722266.4,1785722268.6,2.1999998092651367,8,42,8,Ph8: Det 8 isolated pulse ON/OFF for 2.200s; Det 42 was completely OFF in ±5.0s window
8,isolated_pulse,1785722269.8,1785722274.1,4.299999952316284,8,31,8,Ph8: Det 8 isolated pulse ON/OFF for 4.300s; Det 31 was completely OFF in ±5.0s window
8,isolated_pulse,1785722269.8,1785722274.1,4.299999952316284,8,42,8,Ph8: Det 8 isolated pulse ON/OFF for 4.300s; Det 42 was completely OFF in ±5.0s window
8,extended_disagreement,1785723063.2,1785723069.5,6.299999952316284,8,31,8,Ph8: Det 8 ON / Det 31 OFF for 6.30s (threshold=5.0s)
8,extended_disagreement,1785723063.2,1785723069.5,6.299999952316284,8,42,8,Ph8: Det 8 ON / Det 42 OFF for 6.30s (threshold=5.0s)
8,isolated_pulse,1785723122.0,1785723123.4,1.4000000953674316,31,42,42,Ph8: Det 42 isolated pulse ON/OFF for 1.400s; Det 31 was completely OFF in ±5.0s window
8,extended_disagreement,1785723123.0,1785723128.4,5.400000095367432,8,31,8,Ph8: Det 8 ON / Det 31 OFF for 5.40s (threshold=5.0s)
8,extended_disagreement,1785723200.9,1785723206.5,5.599999904632568,8,31,8,Ph8: Det 8 ON / Det 31 OFF for 5.60s (threshold=5.0s)
8,extended_disagreement,1785723200.9,1785723206.5,5.599999904632568,8,42,8,Ph8: Det 8 ON / Det 42 OFF for 5.60s (threshold=5.0s)
8,isolated_pulse,1785723452.1,1785723452.8,0.7000000476837158,8,31,8,Ph8: Det 8 isolated pulse ON/OFF for 0.700s; Det 31 was completely OFF in ±5.0s window
8,isolated_pulse,1785723452.1,1785723452.8,0.7000000476837158,8,42,8,Ph8: Det 8 isolated pulse ON/OFF for 0.700s; Det 42 was completely OFF in ±5.0s window
8,isolated_pulse,1785724158.0,1785724159.0,1.0,31,42,42,Ph8: Det 42 isolated pulse ON/OFF for 1.000s; Det 31 was completely OFF in ±5.0s window
8,isolated_pulse,1785724331.6,1785724333.3,1.7000000476837158,8,31,8,Ph8: Det 8 isolated pulse ON/OFF for 1.700s; Det 31 was completely OFF in ±5.0s window
8,isolated_pulse,1785724331.6,1785724333.3,1.7000000476837158,8,42,8,Ph8: Det 8 isolated pulse ON/OFF for 1.700s; Det 42 was completely OFF in ±5.0s window
8,isolated_pulse,1785724336.4,1785724337.6,1.1999998092651367,8,31,8,Ph8: Det 8 isolated pulse ON/OFF for 1.200s; Det 31 was completely OFF in ±5.0s window
8,isolated_pulse,1785724336.4,1785724337.6,1.1999998092651367,8,42,8,Ph8: Det 8 isolated pulse ON/OFF for 1.200s; Det 42 was completely OFF in ±5.0s window
8,isolated_pulse,1785724439.3,1785724443.9,4.6000001430511475,8,31,8,Ph8: Det 8 isolated pulse ON/OFF for 4.600s; Det 31 was completely OFF in ±5.0s window
8,isolated_pulse,1785724439.3,1785724443.9,4.6000001430511475,8,42,8,Ph8: Det 8 isolated pulse ON/OFF for 4.600s; Det 42 was completely OFF in ±5.0s window
8,extended_disagreement,1785724495.1,1785724500.6,5.5,8,31,8,Ph8: Det 8 ON / Det 31 OFF for 5.50s (threshold=5.0s)
8,extended_disagreement,1785724744.6,1785724751.4,6.800000190734863,8,42,8,Ph8: Det 8 ON / Det 42 OFF for 6.80s (threshold=5.0s)
8,isolated_pulse,1785724749.1,1785724749.5,0.40000009536743164,31,42,31,Ph8: Det 31 isolated pulse ON/OFF for 0.400s; Det 42 was completely OFF in ±5.0s window
8,isolated_pulse,1785724750.2,1785724750.8,0.5999999046325684,31,42,31,Ph8: Det 31 isolated pulse ON/OFF for 0.600s; Det 42 was completely OFF in ±5.0s window
8,isolated_pulse,1785724751.6,1785724752.2,0.6000001430511475,31,42,31,Ph8: Det 31 isolated pulse ON/OFF for 0.600s; Det 42 was completely OFF in ±5.0s window
8,extended_disagreement,1785725459.4,1785725465.8,6.3999998569488525,8,31,8,Ph8: Det 8 ON / Det 31 OFF for 6.40s (threshold=5.0s)
8,extended_disagreement,1785725459.4,1785725465.8,6.3999998569488525,8,42,8,Ph8: Det 8 ON / Det 42 OFF for 6.40s (threshold=5.0s)
8,extended_disagreement,1785726390.2,1785726395.9,5.700000047683716,8,42,8,Ph8: Det 8 ON / Det 42 OFF for 5.70s (threshold=5.0s)
8,isolated_pulse,1785726394.8,1785726395.5,0.7000000476837158,31,42,31,Ph8: Det 31 isolated pulse ON/OFF for 0.700s; Det 42 was completely OFF in ±5.0s window
8,isolated_pulse,1785726396.0,1785726396.6,0.5999999046325684,31,42,31,Ph8: Det 31 isolated pulse ON/OFF for 0.600s; Det 42 was completely OFF in ±5.0s window
8,extended_disagreement,1785726466.0,1785726493.8,27.799999952316284,8,42,8,Ph8: Det 8 ON / Det 42 OFF for 27.80s (threshold=5.0s)
8,extended_disagreement,1785726466.0,1785726493.8,27.799999952316284,31,42,31,Ph8: Det 31 ON / Det 42 OFF for 27.80s (threshold=5.0s)
8,isolated_pulse,1785726557.0,1785726561.1,4.099999904632568,8,42,8,Ph8: Det 8 isolated pulse ON/OFF for 4.100s; Det 42 was completely OFF in ±5.0s window
8,isolated_pulse,1785726560.6,1785726561.7,1.1000001430511475,31,42,31,Ph8: Det 31 isolated pulse ON/OFF for 1.100s; Det 42 was completely OFF in ±5.0s window
8,extended_disagreement,1785726585.3,1785726591.8,6.5,8,42,42,Ph8: Det 42 ON / Det 8 OFF for 6.50s (threshold=5.0s)
8,isolated_pulse,1785726585.3,1785726585.9,0.6000001430511475,31,42,42,Ph8: Det 42 isolated pulse ON/OFF for 0.600s; Det 31 was completely OFF in ±5.0s window
8,extended_disagreement,1785726585.9,1785726591.5,5.599999904632568,8,31,8,Ph8: Det 8 ON / Det 31 OFF for 5.60s (threshold=5.0s)
8,isolated_pulse,1785726591.5,1785726592.7,1.2000000476837158,31,42,31,Ph8: Det 31 isolated pulse ON/OFF for 1.200s; Det 42 was completely OFF in ±5.0s window
8,extended_disagreement,1785726651.1,1785726656.8,5.700000047683716,8,31,8,Ph8: Det 8 ON / Det 31 OFF for 5.70s (threshold=5.0s)
8,extended_disagreement,1785726651.1,1785726656.8,5.700000047683716,8,42,8,Ph8: Det 8 ON / Det 42 OFF for 5.70s (threshold=5.0s)
8,extended_disagreement,1785727049.7,1785727055.5,5.799999952316284,8,42,42,Ph8: Det 42 ON / Det 8 OFF for 5.80s (threshold=5.0s)
8,isolated_pulse,1785727049.7,1785727050.4,0.7000000476837158,31,42,42,Ph8: Det 42 isolated pulse ON/OFF for 0.700s; Det 31 was completely OFF in ±5.0s window
8,isolated_pulse,1785727055.4,1785727055.8,0.39999985694885254,31,42,31,Ph8: Det 31 isolated pulse ON/OFF for 0.400s; Det 42 was completely OFF in ±5.0s window
8,isolated_pulse,1785727614.1,1785727618.4,4.300000190734863,8,31,8,Ph8: Det 8 isolated pulse ON/OFF for 4.300s; Det 31 was completely OFF in ±5.0s window
8,isolated_pulse,1785727614.1,1785727618.4,4.300000190734863,8,42,8,Ph8: Det 8 isolated pulse ON/OFF for 4.300s; Det 42 was completely OFF in ±5.0s window
8,isolated_pulse,1785727691.1,1785727691.8,0.7000000476837158,31,42,42,Ph8: Det 42 isolated pulse ON/OFF for 0.700s; Det 31 was completely OFF in ±5.0s window
8,isolated_pulse,1785727692.1,1785727696.6,4.5,8,31,8,Ph8: Det 8 isolated pulse ON/OFF for 4.500s; Det 31 was completely OFF in ±5.0s window
8,isolated_pulse,1785728323.5,1785728324.2,0.7000000476837158,31,42,42,Ph8: Det 42 isolated pulse ON/OFF for 0.700s; Det 31 was completely OFF in ±5.0s window
8,isolated_pulse,1785728324.4,1785728329.0,4.599999904632568,8,31,8,Ph8: Det 8 isolated pulse ON/OFF for 4.600s; Det 31 was completely OFF in ±5.0s window
8,isolated_pulse,1785728512.5,1785728513.2,0.7000000476837158,8,31,31,Ph8: Det 31 isolated pulse ON/OFF for 0.700s; Det 8 was completely OFF in ±5.0s window
8,isolated_pulse,1785728512.5,1785728513.2,0.7000000476837158,31,42,31,Ph8: Det 31 isolated pulse ON/OFF for 0.700s; Det 42 was completely OFF in ±5.0s window
8,isolated_pulse,1785728664.5,1785728665.3,0.7999999523162842,8,31,31,Ph8: Det 31 isolated pulse ON/OFF for 0.800s; Det 8 was completely OFF in ±5.0s window
8,isolated_pulse,1785728664.5,1785728665.3,0.7999999523162842,31,42,31,Ph8: Det 31 isolated pulse ON/OFF for 0.800s; Det 42 was completely OFF in ±5.0s window
8,isolated_pulse,1785728750.3,1785728751.1,0.7999999523162842,8,31,31,Ph8: Det 31 isolated pulse ON/OFF for 0.800s; Det 8 was completely OFF in ±5.0s window
8,isolated_pulse,1785728750.3,1785728751.1,0.7999999523162842,31,42,31,Ph8: Det 31 isolated pulse ON/OFF for 0.800s; Det 42 was completely OFF in ±5.0s window
8,isolated_pulse,1785728752.3,1785728753.2,0.9000000953674316,8,31,31,Ph8: Det 31 isolated pulse ON/OFF for 0.900s; Det 8 was completely OFF in ±5.0s window
8,isolated_pulse,1785728752.3,1785728753.2,0.9000000953674316,31,42,31,Ph8: Det 31 isolated pulse ON/OFF for 0.900s; Det 42 was completely OFF in ±5.0s window
8,isolated_pulse,1785728787.4,1785728788.2,0.7999999523162842,8,31,31,Ph8: Det 31 isolated pulse ON/OFF for 0.800s; Det 8 was completely OFF in ±5.0s window
8,isolated_pulse,1785728787.4,1785728788.2,0.7999999523162842,31,42,31,Ph8: Det 31 isolated pulse ON/OFF for 0.800s; Det 42 was completely OFF in ±5.0s window
8,isolated_pulse,1785728820.0,1785728821.0,1.0,8,31,31,Ph8: Det 31 isolated pulse ON/OFF for 1.000s; Det 8 was completely OFF in ±5.0s window
8,isolated_pulse,1785728820.0,1785728821.0,1.0,31,42,31,Ph8: Det 31 isolated pulse ON/OFF for 1.000s; Det 42 was completely OFF in ±5.0s window
8,isolated_pulse,1785728844.5,1785728845.1,0.5999999046325684,8,31,31,Ph8: Det 31 isolated pulse ON/OFF for 0.600s; Det 8 was completely OFF in ±5.0s window
8,isolated_pulse,1785728844.5,1785728845.1,0.5999999046325684,31,42,31,Ph8: Det 31 isolated pulse ON/OFF for 0.600s; Det 42 was completely OFF in ±5.0s window
8,isolated_pulse,1785728845.5,1785728845.9,0.40000009536743164,8,31,31,Ph8: Det 31 isolated pulse ON/OFF for 0.400s; Det 8 was completely OFF in ±5.0s window
8,isolated_pulse,1785728845.5,1785728845.9,0.40000009536743164,31,42,31,Ph8: Det 31 isolated pulse ON/OFF for 0.400s; Det 42 was completely OFF in ±5.0s window
8,isolated_pulse,1785728847.4,1785728849.1,1.6999998092651367,8,31,31,Ph8: Det 31 isolated pulse ON/OFF for 1.700s; Det 8 was completely OFF in ±5.0s window
8,isolated_pulse,1785728847.4,1785728849.1,1.6999998092651367,31,42,31,Ph8: Det 31 isolated pulse ON/OFF for 1.700s; Det 42 was completely OFF in ±5.0s window
8,isolated_pulse,1785728873.9,1785728874.7,0.7999999523162842,8,31,31,Ph8: Det 31 isolated pulse ON/OFF for 0.800s; Det 8 was completely OFF in ±5.0s window
8,isolated_pulse,1785728873.9,1785728874.7,0.7999999523162842,31,42,31,Ph8: Det 31 isolated pulse ON/OFF for 0.800s; Det 42 was completely OFF in ±5.0s window
8,isolated_pulse,1785728892.0,1785728892.4,0.40000009536743164,8,31,31,Ph8: Det 31 isolated pulse ON/OFF for 0.400s; Det 8 was completely OFF in ±5.0s window
8,isolated_pulse,1785728892.0,1785728892.4,0.40000009536743164,31,42,31,Ph8: Det 31 isolated pulse ON/OFF for 0.400s; Det 42 was completely OFF in ±5.0s window
8,isolated_pulse,1785728893.0,1785728895.4,2.4000000953674316,8,31,31,Ph8: Det 31 isolated pulse ON/OFF for 2.400s; Det 8 was completely OFF in ±5.0s window
8,isolated_pulse,1785728893.0,1785728895.4,2.4000000953674316,31,42,31,Ph8: Det 31 isolated pulse ON/OFF for 2.400s; Det 42 was completely OFF in ±5.0s window
8,isolated_pulse,1785728919.7,1785728920.0,0.2999999523162842,8,31,31,Ph8: Det 31 isolated pulse ON/OFF for 0.300s; Det 8 was completely OFF in ±5.0s window
8,isolated_pulse,1785728919.7,1785728920.0,0.2999999523162842,31,42,31,Ph8: Det 31 isolated pulse ON/OFF for 0.300s; Det 42 was completely OFF in ±5.0s window
8,isolated_pulse,1785728929.0,1785728929.7,0.7000000476837158,8,31,31,Ph8: Det 31 isolated pulse ON/OFF for 0.700s; Det 8 was completely OFF in ±5.0s window
8,isolated_pulse,1785728929.0,1785728929.7,0.7000000476837158,31,42,31,Ph8: Det 31 isolated pulse ON/OFF for 0.700s; Det 42 was completely OFF in ±5.0s window
8,isolated_pulse,1785728932.4,1785728932.7,0.2999999523162842,8,31,31,Ph8: Det 31 isolated pulse ON/OFF for 0.300s; Det 8 was completely OFF in ±5.0s window
8,isolated_pulse,1785728932.4,1785728932.7,0.2999999523162842,31,42,31,Ph8: Det 31 isolated pulse ON/OFF for 0.300s; Det 42 was completely OFF in ±5.0s window
8,isolated_pulse,1785728933.1,1785728934.4,1.3000001907348633,8,31,31,Ph8: Det 31 isolated pulse ON/OFF for 1.300s; Det 8 was completely OFF in ±5.0s window
8,isolated_pulse,1785728933.1,1785728934.4,1.3000001907348633,31,42,31,Ph8: Det 31 isolated pulse ON/OFF for 1.300s; Det 42 was completely OFF in ±5.0s window
8,isolated_pulse,1785728935.4,1785728935.8,0.39999985694885254,8,31,31,Ph8: Det 31 isolated pulse ON/OFF for 0.400s; Det 8 was completely OFF in ±5.0s window
8,isolated_pulse,1785728935.4,1785728935.8,0.39999985694885254,31,42,31,Ph8: Det 31 isolated pulse ON/OFF for 0.400s; Det 42 was completely OFF in ±5.0s window
8,isolated_pulse,1785728936.0,1785728937.4,1.4000000953674316,8,31,31,Ph8: Det 31 isolated pulse ON/OFF for 1.400s; Det 8 was completely OFF in ±5.0s window
8,isolated_pulse,1785728936.0,1785728937.4,1.4000000953674316,31,42,31,Ph8: Det 31 isolated pulse ON/OFF for 1.400s; Det 42 was completely OFF in ±5.0s window
8,isolated_pulse,1785728960.1,1785728961.2,1.1000001430511475,8,31,31,Ph8: Det 31 isolated pulse ON/OFF for 1.100s; Det 8 was completely OFF in ±5.0s window
8,isolated_pulse,1785728960.1,1785728961.2,1.1000001430511475,31,42,31,Ph8: Det 31 isolated pulse ON/OFF for 1.100s; Det 42 was completely OFF in ±5.0s window
8,isolated_pulse,1785728961.6,1785728962.5,0.9000000953674316,8,31,31,Ph8: Det 31 isolated pulse ON/OFF for 0.900s; Det 8 was completely OFF in ±5.0s window
8,isolated_pulse,1785728961.6,1785728962.5,0.9000000953674316,31,42,31,Ph8: Det 31 isolated pulse ON/OFF for 0.900s; Det 42 was completely OFF in ±5.0s window
8,isolated_pulse,1785729041.6,1785729042.0,0.40000009536743164,8,31,31,Ph8: Det 31 isolated pulse ON/OFF for 0.400s; Det 8 was completely OFF in ±5.0s window
8,isolated_pulse,1785729041.6,1785729042.0,0.40000009536743164,31,42,31,Ph8: Det 31 isolated pulse ON/OFF for 0.400s; Det 42 was completely OFF in ±5.0s window
8,isolated_pulse,1785729079.1,1785729083.9,4.800000190734863,8,31,8,Ph8: Det 8 isolated pulse ON/OFF for 4.800s; Det 31 was completely OFF in ±5.0s window
8,isolated_pulse,1785729079.1,1785729083.9,4.800000190734863,8,42,8,Ph8: Det 8 isolated pulse ON/OFF for 4.800s; Det 42 was completely OFF in ±5.0s window
8,isolated_pulse,1785729094.3,1785729095.0,0.7000000476837158,8,31,31,Ph8: Det 31 isolated pulse ON/OFF for 0.700s; Det 8 was completely OFF in ±5.0s window
8,isolated_pulse,1785729094.3,1785729095.0,0.7000000476837158,31,42,31,Ph8: Det 31 isolated pulse ON/OFF for 0.700s; Det 42 was completely OFF in ±5.0s window
8,extended_disagreement,1785729132.8,1785729139.6,6.799999952316284,8,31,8,Ph8: Det 8 ON / Det 31 OFF for 6.80s (threshold=5.0s)
8,extended_disagreement,1785729132.8,1785729139.6,6.799999952316284,8,42,8,Ph8: Det 8 ON / Det 42 OFF for 6.80s (threshold=5.0s)
8,isolated_pulse,1785729177.3,1785729177.7,0.40000009536743164,8,31,31,Ph8: Det 31 isolated pulse ON/OFF for 0.400s; Det 8 was completely OFF in ±5.0s window
8,isolated_pulse,1785729177.3,1785729177.7,0.40000009536743164,31,42,31,Ph8: Det 31 isolated pulse ON/OFF for 0.400s; Det 42 was completely OFF in ±5.0s window
8,isolated_pulse,1785729199.7,1785729200.1,0.39999985694885254,8,31,31,Ph8: Det 31 isolated pulse ON/OFF for 0.400s; Det 8 was completely OFF in ±5.0s window
8,isolated_pulse,1785729199.7,1785729200.1,0.39999985694885254,31,42,31,Ph8: Det 31 isolated pulse ON/OFF for 0.400s; Det 42 was completely OFF in ±5.0s window
8,isolated_pulse,1785729228.3,1785729229.5,1.2000000476837158,8,31,31,Ph8: Det 31 isolated pulse ON/OFF for 1.200s; Det 8 was completely OFF in ±5.0s window
8,isolated_pulse,1785729228.3,1785729229.5,1.2000000476837158,31,42,31,Ph8: Det 31 isolated pulse ON/OFF for 1.200s; Det 42 was completely OFF in ±5.0s window
8,isolated_pulse,1785729233.9,1785729234.2,0.2999999523162842,8,31,31,Ph8: Det 31 isolated pulse ON/OFF for 0.300s; Det 8 was completely OFF in ±5.0s window
8,isolated_pulse,1785729233.9,1785729234.2,0.2999999523162842,31,42,31,Ph8: Det 31 isolated pulse ON/OFF for 0.300s; Det 42 was completely OFF in ±5.0s window
8,isolated_pulse,1785729263.7,1785729264.1,0.39999985694885254,8,31,31,Ph8: Det 31 isolated pulse ON/OFF for 0.400s; Det 8 was completely OFF in ±5.0s window
8,isolated_pulse,1785729263.7,1785729264.1,0.39999985694885254,31,42,31,Ph8: Det 31 isolated pulse ON/OFF for 0.400s; Det 42 was completely OFF in ±5.0s window
8,isolated_pulse,1785729281.7,1785729282.1,0.39999985694885254,8,31,31,Ph8: Det 31 isolated pulse ON/OFF for 0.400s; Det 8 was completely OFF in ±5.0s window
8,isolated_pulse,1785729281.7,1785729282.1,0.39999985694885254,31,42,31,Ph8: Det 31 isolated pulse ON/OFF for 0.400s; Det 42 was completely OFF in ±5.0s window
8,isolated_pulse,1785729282.7,1785729285.0,2.299999952316284,8,31,31,Ph8: Det 31 isolated pulse ON/OFF for 2.300s; Det 8 was completely OFF in ±5.0s window
8,isolated_pulse,1785729282.7,1785729285.0,2.299999952316284,31,42,31,Ph8: Det 31 isolated pulse ON/OFF for 2.300s; Det 42 was completely OFF in ±5.0s window
8,isolated_pulse,1785729315.2,1785729316.2,1.0,8,31,31,Ph8: Det 31 isolated pulse ON/OFF for 1.000s; Det 8 was completely OFF in ±5.0s window
8,isolated_pulse,1785729315.2,1785729316.2,1.0,31,42,31,Ph8: Det 31 isolated pulse ON/OFF for 1.000s; Det 42 was completely OFF in ±5.0s window
8,isolated_pulse,1785729317.6,1785729318.2,0.6000001430511475,8,31,31,Ph8: Det 31 isolated pulse ON/OFF for 0.600s; Det 8 was completely OFF in ±5.0s window
8,isolated_pulse,1785729317.6,1785729318.2,0.6000001430511475,31,42,31,Ph8: Det 31 isolated pulse ON/OFF for 0.600s; Det 42 was completely OFF in ±5.0s window
8,isolated_pulse,1785729353.9,1785729354.2,0.2999999523162842,8,31,31,Ph8: Det 31 isolated pulse ON/OFF for 0.300s; Det 8 was completely OFF in ±5.0s window
8,isolated_pulse,1785729353.9,1785729354.2,0.2999999523162842,31,42,31,Ph8: Det 31 isolated pulse ON/OFF for 0.300s; Det 42 was completely OFF in ±5.0s window
8,isolated_pulse,1785729354.5,1785729354.9,0.40000009536743164,8,31,31,Ph8: Det 31 isolated pulse ON/OFF for 0.400s; Det 8 was completely OFF in ±5.0s window
8,isolated_pulse,1785729354.5,1785729354.9,0.40000009536743164,31,42,31,Ph8: Det 31 isolated pulse ON/OFF for 0.400s; Det 42 was completely OFF in ±5.0s window
8,isolated_pulse,1785729388.1,1785729389.3,1.2000000476837158,8,31,31,Ph8: Det 31 isolated pulse ON/OFF for 1.200s; Det 8 was completely OFF in ±5.0s window
8,isolated_pulse,1785729388.1,1785729389.3,1.2000000476837158,31,42,31,Ph8: Det 31 isolated pulse ON/OFF for 1.200s; Det 42 was completely OFF in ±5.0s window
8,isolated_pulse,1785729436.5,1785729436.8,0.2999999523162842,8,31,31,Ph8: Det 31 isolated pulse ON/OFF for 0.300s; Det 8 was completely OFF in ±5.0s window
8,isolated_pulse,1785729437.1,1785729437.5,0.40000009536743164,8,42,42,Ph8: Det 42 isolated pulse ON/OFF for 0.400s; Det 8 was completely OFF in ±5.0s window
8,isolated_pulse,1785729439.0,1785729439.9,0.9000000953674316,8,31,31,Ph8: Det 31 isolated pulse ON/OFF for 0.900s; Det 8 was completely OFF in ±5.0s window
8,isolated_pulse,1785729495.5,1785729495.8,0.2999999523162842,8,31,31,Ph8: Det 31 isolated pulse ON/OFF for 0.300s; Det 8 was completely OFF in ±5.0s window
8,isolated_pulse,1785729495.5,1785729495.8,0.2999999523162842,31,42,31,Ph8: Det 31 isolated pulse ON/OFF for 0.300s; Det 42 was completely OFF in ±5.0s window
8,isolated_pulse,1785729496.1,1785729496.8,0.7000000476837158,8,31,31,Ph8: Det 31 isolated pulse ON/OFF for 0.700s; Det 8 was completely OFF in ±5.0s window
8,isolated_pulse,1785729496.1,1785729496.8,0.7000000476837158,31,42,31,Ph8: Det 31 isolated pulse ON/OFF for 0.700s; Det 42 was completely OFF in ±5.0s window
8,isolated_pulse,1785729497.5,1785729497.8,0.2999999523162842,8,31,31,Ph8: Det 31 isolated pulse ON/OFF for 0.300s; Det 8 was completely OFF in ±5.0s window
8,isolated_pulse,1785729497.5,1785729497.8,0.2999999523162842,31,42,31,Ph8: Det 31 isolated pulse ON/OFF for 0.300s; Det 42 was completely OFF in ±5.0s window
8,isolated_pulse,1785729511.6,1785729512.1,0.5,8,31,31,Ph8: Det 31 isolated pulse ON/OFF for 0.500s; Det 8 was completely OFF in ±5.0s window
8,isolated_pulse,1785729511.6,1785729512.1,0.5,31,42,31,Ph8: Det 31 isolated pulse ON/OFF for 0.500s; Det 42 was completely OFF in ±5.0s window
8,isolated_pulse,1785729520.4,1785729520.8,0.39999985694885254,8,31,31,Ph8: Det 31 isolated pulse ON/OFF for 0.400s; Det 8 was completely OFF in ±5.0s window
8,isolated_pulse,1785729520.4,1785729520.8,0.39999985694885254,31,42,31,Ph8: Det 31 isolated pulse ON/OFF for 0.400s; Det 42 was completely OFF in ±5.0s window
8,isolated_pulse,1785729521.2,1785729521.9,0.7000000476837158,8,31,31,Ph8: Det 31 isolated pulse ON/OFF for 0.700s; Det 8 was completely OFF in ±5.0s window
8,isolated_pulse,1785729521.2,1785729521.9,0.7000000476837158,31,42,31,Ph8: Det 31 isolated pulse ON/OFF for 0.700s; Det 42 was completely OFF in ±5.0s window
8,isolated_pulse,1785729530.8,1785729531.3,0.5,8,31,31,Ph8: Det 31 isolated pulse ON/OFF for 0.500s; Det 8 was completely OFF in ±5.0s window
8,isolated_pulse,1785729530.8,1785729531.3,0.5,31,42,31,Ph8: Det 31 isolated pulse ON/OFF for 0.500s; Det 42 was completely OFF in ±5.0s window
8,isolated_pulse,1785729554.0,1785729554.8,0.7999999523162842,8,31,31,Ph8: Det 31 isolated pulse ON/OFF for 0.800s; Det 8 was completely OFF in ±5.0s window
8,isolated_pulse,1785729554.0,1785729554.8,0.7999999523162842,31,42,31,Ph8: Det 31 isolated pulse ON/OFF for 0.800s; Det 42 was completely OFF in ±5.0s window
8,isolated_pulse,1785729555.2,1785729555.6,0.39999985694885254,8,31,31,Ph8: Det 31 isolated pulse ON/OFF for 0.400s; Det 8 was completely OFF in ±5.0s window
8,isolated_pulse,1785729555.2,1785729555.6,0.39999985694885254,31,42,31,Ph8: Det 31 isolated pulse ON/OFF for 0.400s; Det 42 was completely OFF in ±5.0s window
8,isolated_pulse,1785729572.3,1785729572.5,0.20000004768371582,8,31,31,Ph8: Det 31 isolated pulse ON/OFF for 0.200s; Det 8 was completely OFF in ±5.0s window
8,isolated_pulse,1785729572.3,1785729572.5,0.20000004768371582,31,42,31,Ph8: Det 31 isolated pulse ON/OFF for 0.200s; Det 42 was completely OFF in ±5.0s window
8,isolated_pulse,1785729586.7,1785729587.8,1.0999999046325684,8,31,31,Ph8: Det 31 isolated pulse ON/OFF for 1.100s; Det 8 was completely OFF in ±5.0s window
8,isolated_pulse,1785729586.7,1785729587.8,1.0999999046325684,31,42,31,Ph8: Det 31 isolated pulse ON/OFF for 1.100s; Det 42 was completely OFF in ±5.0s window
8,isolated_pulse,1785729588.8,1785729589.5,0.7000000476837158,8,31,31,Ph8: Det 31 isolated pulse ON/OFF for 0.700s; Det 8 was completely OFF in ±5.0s window
8,isolated_pulse,1785729588.8,1785729589.5,0.7000000476837158,31,42,31,Ph8: Det 31 isolated pulse ON/OFF for 0.700s; Det 42 was completely OFF in ±5.0s window
8,isolated_pulse,1785729591.6,1785729592.1,0.5,8,31,31,Ph8: Det 31 isolated pulse ON/OFF for 0.500s; Det 8 was completely OFF in ±5.0s window
8,isolated_pulse,1785729591.6,1785729592.1,0.5,31,42,31,Ph8: Det 31 isolated pulse ON/OFF for 0.500s; Det 42 was completely OFF in ±5.0s window
8,isolated_pulse,1785729593.3,1785729593.7,0.40000009536743164,8,31,31,Ph8: Det 31 isolated pulse ON/OFF for 0.400s; Det 8 was completely OFF in ±5.0s window
8,isolated_pulse,1785729593.3,1785729593.7,0.40000009536743164,31,42,31,Ph8: Det 31 isolated pulse ON/OFF for 0.400s; Det 42 was completely OFF in ±5.0s window
8,isolated_pulse,1785729669.6,1785729670.2,0.6000001430511475,8,31,31,Ph8: Det 31 isolated pulse ON/OFF for 0.600s; Det 8 was completely OFF in ±5.0s window
8,isolated_pulse,1785729669.6,1785729670.2,0.6000001430511475,31,42,31,Ph8: Det 31 isolated pulse ON/OFF for 0.600s; Det 42 was completely OFF in ±5.0s window
8,isolated_pulse,1785729670.5,1785729671.2,0.7000000476837158,8,31,31,Ph8: Det 31 isolated pulse ON/OFF for 0.700s; Det 8 was completely OFF in ±5.0s window
8,isolated_pulse,1785729670.5,1785729671.2,0.7000000476837158,31,42,31,Ph8: Det 31 isolated pulse ON/OFF for 0.700s; Det 42 was completely OFF in ±5.0s window
8,isolated_pulse,1785729675.9,1785729676.2,0.2999999523162842,8,31,31,Ph8: Det 31 isolated pulse ON/OFF for 0.300s; Det 8 was completely OFF in ±5.0s window
8,isolated_pulse,1785729675.9,1785729676.2,0.2999999523162842,31,42,31,Ph8: Det 31 isolated pulse ON/OFF for 0.300s; Det 42 was completely OFF in ±5.0s window
8,isolated_pulse,1785729696.6,1785729698.6,2.0,8,31,31,Ph8: Det 31 isolated pulse ON/OFF for 2.000s; Det 8 was completely OFF in ±5.0s window
8,isolated_pulse,1785729696.6,1785729698.6,2.0,31,42,31,Ph8: Det 31 isolated pulse ON/OFF for 2.000s; Det 42 was completely OFF in ±5.0s window
8,isolated_pulse,1785729719.3,1785729719.6,0.2999999523162842,8,31,31,Ph8: Det 31 isolated pulse ON/OFF for 0.300s; Det 8 was completely OFF in ±5.0s window
8,isolated_pulse,1785729719.3,1785729719.6,0.2999999523162842,31,42,31,Ph8: Det 31 isolated pulse ON/OFF for 0.300s; Det 42 was completely OFF in ±5.0s window
8,isolated_pulse,1785729746.6,1785729747.4,0.8000001907348633,8,31,31,Ph8: Det 31 isolated pulse ON/OFF for 0.800s; Det 8 was completely OFF in ±5.0s window
8,isolated_pulse,1785729746.6,1785729747.4,0.8000001907348633,31,42,31,Ph8: Det 31 isolated pulse ON/OFF for 0.800s; Det 42 was completely OFF in ±5.0s window
8,isolated_pulse,1785729836.6,1785729837.3,0.7000000476837158,31,42,31,Ph8: Det 31 isolated pulse ON/OFF for 0.700s; Det 42 was completely OFF in ±5.0s window
8,isolated_pulse,1785729838.1,1785729838.5,0.40000009536743164,31,42,31,Ph8: Det 31 isolated pulse ON/OFF for 0.400s; Det 42 was completely OFF in ±5.0s window
8,extended_disagreement,1785729841.9,1785729847.0,5.099999904632568,8,31,8,Ph8: Det 8 ON / Det 31 OFF for 5.10s (threshold=5.0s)
8,extended_disagreement,1785729841.9,1785729847.0,5.099999904632568,8,42,8,Ph8: Det 8 ON / Det 42 OFF for 5.10s (threshold=5.0s)
8,isolated_pulse,1785729884.2,1785729884.6,0.39999985694885254,8,31,31,Ph8: Det 31 isolated pulse ON/OFF for 0.400s; Det 8 was completely OFF in ±5.0s window
8,isolated_pulse,1785729884.2,1785729884.6,0.39999985694885254,31,42,31,Ph8: Det 31 isolated pulse ON/OFF for 0.400s; Det 42 was completely OFF in ±5.0s window
8,isolated_pulse,1785729899.8,1785729900.6,0.7999999523162842,8,31,31,Ph8: Det 31 isolated pulse ON/OFF for 0.800s; Det 8 was completely OFF in ±5.0s window
8,isolated_pulse,1785729899.8,1785729900.6,0.7999999523162842,31,42,31,Ph8: Det 31 isolated pulse ON/OFF for 0.800s; Det 42 was completely OFF in ±5.0s window
8,isolated_pulse,1785730012.4,1785730013.1,0.6999998092651367,8,31,31,Ph8: Det 31 isolated pulse ON/OFF for 0.700s; Det 8 was completely OFF in ±5.0s window
8,isolated_pulse,1785730012.4,1785730013.1,0.6999998092651367,31,42,31,Ph8: Det 31 isolated pulse ON/OFF for 0.700s; Det 42 was completely OFF in ±5.0s window
8,isolated_pulse,1785730013.4,1785730014.2,0.7999999523162842,8,31,31,Ph8: Det 31 isolated pulse ON/OFF for 0.800s; Det 8 was completely OFF in ±5.0s window
8,isolated_pulse,1785730013.4,1785730014.2,0.7999999523162842,31,42,31,Ph8: Det 31 isolated pulse ON/OFF for 0.800s; Det 42 was completely OFF in ±5.0s window
8,isolated_pulse,1785730029.6,1785730030.4,0.8000001907348633,8,31,31,Ph8: Det 31 isolated pulse ON/OFF for 0.800s; Det 8 was completely OFF in ±5.0s window
8,isolated_pulse,1785730029.6,1785730030.4,0.8000001907348633,31,42,31,Ph8: Det 31 isolated pulse ON/OFF for 0.800s; Det 42 was completely OFF in ±5.0s window
8,isolated_pulse,1785730037.8,1785730038.2,0.40000009536743164,8,31,31,Ph8: Det 31 isolated pulse ON/OFF for 0.400s; Det 8 was completely OFF in ±5.0s window
8,isolated_pulse,1785730037.8,1785730038.2,0.40000009536743164,31,42,31,Ph8: Det 31 isolated pulse ON/OFF for 0.400s; Det 42 was completely OFF in ±5.0s window
8,isolated_pulse,1785730072.3,1785730073.1,0.7999999523162842,8,31,31,Ph8: Det 31 isolated pulse ON/OFF for 0.800s; Det 8 was completely OFF in ±5.0s window
8,isolated_pulse,1785730072.3,1785730073.1,0.7999999523162842,31,42,31,Ph8: Det 31 isolated pulse ON/OFF for 0.800s; Det 42 was completely OFF in ±5.0s window
8,isolated_pulse,1785730074.3,1785730074.7,0.40000009536743164,8,31,31,Ph8: Det 31 isolated pulse ON/OFF for 0.400s; Det 8 was completely OFF in ±5.0s window
8,isolated_pulse,1785730074.3,1785730074.7,0.40000009536743164,31,42,31,Ph8: Det 31 isolated pulse ON/OFF for 0.400s; Det 42 was completely OFF in ±5.0s window
8,isolated_pulse,1785730097.8,1785730098.1,0.2999999523162842,8,31,31,Ph8: Det 31 isolated pulse ON/OFF for 0.300s; Det 8 was completely OFF in ±5.0s window
8,isolated_pulse,1785730097.8,1785730098.1,0.2999999523162842,31,42,31,Ph8: Det 31 isolated pulse ON/OFF for 0.300s; Det 42 was completely OFF in ±5.0s window
8,isolated_pulse,1785730099.2,1785730099.8,0.5999999046325684,8,31,31,Ph8: Det 31 isolated pulse ON/OFF for 0.600s; Det 8 was completely OFF in ±5.0s window
8,isolated_pulse,1785730099.2,1785730099.8,0.5999999046325684,31,42,31,Ph8: Det 31 isolated pulse ON/OFF for 0.600s; Det 42 was completely OFF in ±5.0s window
8,isolated_pulse,1785730100.8,1785730101.8,1.0,8,31,31,Ph8: Det 31 isolated pulse ON/OFF for 1.000s; Det 8 was completely OFF in ±5.0s window
8,isolated_pulse,1785730100.8,1785730101.8,1.0,31,42,31,Ph8: Det 31 isolated pulse ON/OFF for 1.000s; Det 42 was completely OFF in ±5.0s window
8,isolated_pulse,1785730125.3,1785730126.4,1.1000001430511475,8,31,31,Ph8: Det 31 isolated pulse ON/OFF for 1.100s; Det 8 was completely OFF in ±5.0s window
8,isolated_pulse,1785730125.3,1785730126.4,1.1000001430511475,31,42,31,Ph8: Det 31 isolated pulse ON/OFF for 1.100s; Det 42 was completely OFF in ±5.0s window
8,isolated_pulse,1785730132.9,1785730133.3,0.39999985694885254,8,31,31,Ph8: Det 31 isolated pulse ON/OFF for 0.400s; Det 8 was completely OFF in ±5.0s window
8,isolated_pulse,1785730132.9,1785730133.3,0.39999985694885254,31,42,31,Ph8: Det 31 isolated pulse ON/OFF for 0.400s; Det 42 was completely OFF in ±5.0s window
8,isolated_pulse,1785730140.7,1785730141.1,0.39999985694885254,8,31,31,Ph8: Det 31 isolated pulse ON/OFF for 0.400s; Det 8 was completely OFF in ±5.0s window
8,isolated_pulse,1785730140.7,1785730141.1,0.39999985694885254,31,42,31,Ph8: Det 31 isolated pulse ON/OFF for 0.400s; Det 42 was completely OFF in ±5.0s window
8,isolated_pulse,1785730153.3,1785730156.0,2.700000047683716,8,31,31,Ph8: Det 31 isolated pulse ON/OFF for 2.700s; Det 8 was completely OFF in ±5.0s window
8,isolated_pulse,1785730153.3,1785730156.0,2.700000047683716,31,42,31,Ph8: Det 31 isolated pulse ON/OFF for 2.700s; Det 42 was completely OFF in ±5.0s window
8,isolated_pulse,1785730180.0,1785730181.3,1.2999999523162842,8,31,31,Ph8: Det 31 isolated pulse ON/OFF for 1.300s; Det 8 was completely OFF in ±5.0s window
8,isolated_pulse,1785730180.0,1785730181.3,1.2999999523162842,31,42,31,Ph8: Det 31 isolated pulse ON/OFF for 1.300s; Det 42 was completely OFF in ±5.0s window
8,isolated_pulse,1785730211.8,1785730212.1,0.2999999523162842,8,31,31,Ph8: Det 31 isolated pulse ON/OFF for 0.300s; Det 8 was completely OFF in ±5.0s window
8,isolated_pulse,1785730211.8,1785730212.1,0.2999999523162842,31,42,31,Ph8: Det 31 isolated pulse ON/OFF for 0.300s; Det 42 was completely OFF in ±5.0s window
8,isolated_pulse,1785730226.5,1785730227.5,1.0,8,31,31,Ph8: Det 31 isolated pulse ON/OFF for 1.000s; Det 8 was completely OFF in ±5.0s window
8,isolated_pulse,1785730226.5,1785730227.5,1.0,31,42,31,Ph8: Det 31 isolated pulse ON/OFF for 1.000s; Det 42 was completely OFF in ±5.0s window
8,isolated_pulse,1785730233.4,1785730233.7,0.2999999523162842,8,31,31,Ph8: Det 31 isolated pulse ON/OFF for 0.300s; Det 8 was completely OFF in ±5.0s window
8,isolated_pulse,1785730233.4,1785730233.7,0.2999999523162842,31,42,31,Ph8: Det 31 isolated pulse ON/OFF for 0.300s; Det 42 was completely OFF in ±5.0s window
8,isolated_pulse,1785730234.1,1785730234.8,0.7000000476837158,8,31,31,Ph8: Det 31 isolated pulse ON/OFF for 0.700s; Det 8 was completely OFF in ±5.0s window
8,isolated_pulse,1785730234.1,1785730234.8,0.7000000476837158,31,42,31,Ph8: Det 31 isolated pulse ON/OFF for 0.700s; Det 42 was completely OFF in ±5.0s window
8,isolated_pulse,1785730235.7,1785730236.1,0.39999985694885254,8,31,31,Ph8: Det 31 isolated pulse ON/OFF for 0.400s; Det 8 was completely OFF in ±5.0s window
8,isolated_pulse,1785730235.7,1785730236.1,0.39999985694885254,31,42,31,Ph8: Det 31 isolated pulse ON/OFF for 0.400s; Det 42 was completely OFF in ±5.0s window
8,isolated_pulse,1785730236.4,1785730236.8,0.39999985694885254,8,31,31,Ph8: Det 31 isolated pulse ON/OFF for 0.400s; Det 8 was completely OFF in ±5.0s window
8,isolated_pulse,1785730236.4,1785730236.8,0.39999985694885254,31,42,31,Ph8: Det 31 isolated pulse ON/OFF for 0.400s; Det 42 was completely OFF in ±5.0s window
8,isolated_pulse,1785730237.4,1785730238.1,0.6999998092651367,8,31,31,Ph8: Det 31 isolated pulse ON/OFF for 0.700s; Det 8 was completely OFF in ±5.0s window
8,isolated_pulse,1785730237.4,1785730238.1,0.6999998092651367,31,42,31,Ph8: Det 31 isolated pulse ON/OFF for 0.700s; Det 42 was completely OFF in ±5.0s window
8,isolated_pulse,1785730260.7,1785730261.4,0.7000000476837158,8,31,31,Ph8: Det 31 isolated pulse ON/OFF for 0.700s; Det 8 was completely OFF in ±5.0s window
8,isolated_pulse,1785730260.7,1785730261.4,0.7000000476837158,31,42,31,Ph8: Det 31 isolated pulse ON/OFF for 0.700s; Det 42 was completely OFF in ±5.0s window
8,isolated_pulse,1785730265.8,1785730267.9,2.1000001430511475,8,31,31,Ph8: Det 31 isolated pulse ON/OFF for 2.100s; Det 8 was completely OFF in ±5.0s window
8,isolated_pulse,1785730265.8,1785730267.9,2.1000001430511475,31,42,31,Ph8: Det 31 isolated pulse ON/OFF for 2.100s; Det 42 was completely OFF in ±5.0s window
8,isolated_pulse,1785730268.3,1785730269.4,1.1000001430511475,8,31,31,Ph8: Det 31 isolated pulse ON/OFF for 1.100s; Det 8 was completely OFF in ±5.0s window
8,isolated_pulse,1785730268.3,1785730269.4,1.1000001430511475,31,42,31,Ph8: Det 31 isolated pulse ON/OFF for 1.100s; Det 42 was completely OFF in ±5.0s window
8,isolated_pulse,1785730318.3,1785730318.7,0.40000009536743164,8,31,31,Ph8: Det 31 isolated pulse ON/OFF for 0.400s; Det 8 was completely OFF in ±5.0s window
8,isolated_pulse,1785730318.3,1785730318.7,0.40000009536743164,31,42,31,Ph8: Det 31 isolated pulse ON/OFF for 0.400s; Det 42 was completely OFF in ±5.0s window
8,isolated_pulse,1785730331.2,1785730331.6,0.39999985694885254,8,31,31,Ph8: Det 31 isolated pulse ON/OFF for 0.400s; Det 8 was completely OFF in ±5.0s window
8,isolated_pulse,1785730331.2,1785730331.6,0.39999985694885254,31,42,31,Ph8: Det 31 isolated pulse ON/OFF for 0.400s; Det 42 was completely OFF in ±5.0s window
8,isolated_pulse,1785730332.4,1785730333.2,0.7999999523162842,8,31,31,Ph8: Det 31 isolated pulse ON/OFF for 0.800s; Det 8 was completely OFF in ±5.0s window
8,isolated_pulse,1785730332.4,1785730333.2,0.7999999523162842,31,42,31,Ph8: Det 31 isolated pulse ON/OFF for 0.800s; Det 42 was completely OFF in ±5.0s window
8,isolated_pulse,1785730360.8,1785730361.0,0.20000004768371582,8,31,31,Ph8: Det 31 isolated pulse ON/OFF for 0.200s; Det 8 was completely OFF in ±5.0s window
8,isolated_pulse,1785730360.8,1785730361.0,0.20000004768371582,31,42,31,Ph8: Det 31 isolated pulse ON/OFF for 0.200s; Det 42 was completely OFF in ±5.0s window
8,isolated_pulse,1785730471.3,1785730476.2,4.900000095367432,8,31,31,Ph8: Det 31 isolated pulse ON/OFF for 4.900s; Det 8 was completely OFF in ±5.0s window
8,isolated_pulse,1785730471.3,1785730476.2,4.900000095367432,31,42,31,Ph8: Det 31 isolated pulse ON/OFF for 4.900s; Det 42 was completely OFF in ±5.0s window
8,isolated_pulse,1785730513.7,1785730514.1,0.39999985694885254,8,31,31,Ph8: Det 31 isolated pulse ON/OFF for 0.400s; Det 8 was completely OFF in ±5.0s window
8,isolated_pulse,1785730513.7,1785730514.1,0.39999985694885254,31,42,31,Ph8: Det 31 isolated pulse ON/OFF for 0.400s; Det 42 was completely OFF in ±5.0s window
8,isolated_pulse,1785730514.6,1785730517.0,2.4000000953674316,8,31,31,Ph8: Det 31 isolated pulse ON/OFF for 2.400s; Det 8 was completely OFF in ±5.0s window
8,isolated_pulse,1785730514.6,1785730517.0,2.4000000953674316,31,42,31,Ph8: Det 31 isolated pulse ON/OFF for 2.400s; Det 42 was completely OFF in ±5.0s window
8,isolated_pulse,1785730531.0,1785730531.3,0.2999999523162842,8,31,31,Ph8: Det 31 isolated pulse ON/OFF for 0.300s; Det 8 was completely OFF in ±5.0s window
8,isolated_pulse,1785730531.0,1785730531.3,0.2999999523162842,31,42,31,Ph8: Det 31 isolated pulse ON/OFF for 0.300s; Det 42 was completely OFF in ±5.0s window
8,isolated_pulse,1785730560.6,1785730560.9,0.3000001907348633,8,31,31,Ph8: Det 31 isolated pulse ON/OFF for 0.300s; Det 8 was completely OFF in ±5.0s window
8,isolated_pulse,1785730560.6,1785730560.9,0.3000001907348633,31,42,31,Ph8: Det 31 isolated pulse ON/OFF for 0.300s; Det 42 was completely OFF in ±5.0s window
8,isolated_pulse,1785730561.3,1785730562.0,0.7000000476837158,8,31,31,Ph8: Det 31 isolated pulse ON/OFF for 0.700s; Det 8 was completely OFF in ±5.0s window
8,isolated_pulse,1785730561.3,1785730562.0,0.7000000476837158,31,42,31,Ph8: Det 31 isolated pulse ON/OFF for 0.700s; Det 42 was completely OFF in ±5.0s window
8,isolated_pulse,1785730585.9,1785730586.3,0.39999985694885254,8,31,31,Ph8: Det 31 isolated pulse ON/OFF for 0.400s; Det 8 was completely OFF in ±5.0s window
8,isolated_pulse,1785730585.9,1785730586.3,0.39999985694885254,31,42,31,Ph8: Det 31 isolated pulse ON/OFF for 0.400s; Det 42 was completely OFF in ±5.0s window
8,isolated_pulse,1785730607.7,1785730608.6,0.8999998569488525,8,31,31,Ph8: Det 31 isolated pulse ON/OFF for 0.900s; Det 8 was completely OFF in ±5.0s window
8,isolated_pulse,1785730607.7,1785730608.6,0.8999998569488525,31,42,31,Ph8: Det 31 isolated pulse ON/OFF for 0.900s; Det 42 was completely OFF in ±5.0s window
8,isolated_pulse,1785730609.0,1785730609.4,0.40000009536743164,8,31,31,Ph8: Det 31 isolated pulse ON/OFF for 0.400s; Det 8 was completely OFF in ±5.0s window
8,isolated_pulse,1785730609.0,1785730609.4,0.40000009536743164,31,42,31,Ph8: Det 31 isolated pulse ON/OFF for 0.400s; Det 42 was completely OFF in ±5.0s window
8,isolated_pulse,1785730661.4,1785730661.7,0.2999999523162842,8,31,31,Ph8: Det 31 isolated pulse ON/OFF for 0.300s; Det 8 was completely OFF in ±5.0s window
8,isolated_pulse,1785730661.4,1785730661.7,0.2999999523162842,31,42,31,Ph8: Det 31 isolated pulse ON/OFF for 0.300s; Det 42 was completely OFF in ±5.0s window
8,isolated_pulse,1785730672.2,1785730675.3,3.0999999046325684,8,31,31,Ph8: Det 31 isolated pulse ON/OFF for 3.100s; Det 8 was completely OFF in ±5.0s window
8,isolated_pulse,1785730672.2,1785730675.3,3.0999999046325684,31,42,31,Ph8: Det 31 isolated pulse ON/OFF for 3.100s; Det 42 was completely OFF in ±5.0s window
8,isolated_pulse,1785730697.3,1785730698.9,1.6000001430511475,8,31,31,Ph8: Det 31 isolated pulse ON/OFF for 1.600s; Det 8 was completely OFF in ±5.0s window
8,isolated_pulse,1785730756.9,1785730757.8,0.8999998569488525,8,31,31,Ph8: Det 31 isolated pulse ON/OFF for 0.900s; Det 8 was completely OFF in ±5.0s window
8,isolated_pulse,1785730756.9,1785730757.8,0.8999998569488525,31,42,31,Ph8: Det 31 isolated pulse ON/OFF for 0.900s; Det 42 was completely OFF in ±5.0s window
8,isolated_pulse,1785730799.3,1785730799.7,0.40000009536743164,8,31,31,Ph8: Det 31 isolated pulse ON/OFF for 0.400s; Det 8 was completely OFF in ±5.0s window
8,isolated_pulse,1785730799.3,1785730799.7,0.40000009536743164,31,42,31,Ph8: Det 31 isolated pulse ON/OFF for 0.400s; Det 42 was completely OFF in ±5.0s window
8,isolated_pulse,1785730825.1,1785730826.1,1.0,8,31,31,Ph8: Det 31 isolated pulse ON/OFF for 1.000s; Det 8 was completely OFF in ±5.0s window
8,isolated_pulse,1785730825.1,1785730826.1,1.0,31,42,31,Ph8: Det 31 isolated pulse ON/OFF for 1.000s; Det 42 was completely OFF in ±5.0s window
8,isolated_pulse,1785730852.4,1785730853.1,0.6999998092651367,8,31,31,Ph8: Det 31 isolated pulse ON/OFF for 0.700s; Det 8 was completely OFF in ±5.0s window
8,isolated_pulse,1785730852.4,1785730853.1,0.6999998092651367,31,42,31,Ph8: Det 31 isolated pulse ON/OFF for 0.700s; Det 42 was completely OFF in ±5.0s window
8,isolated_pulse,1785730854.9,1785730855.3,0.39999985694885254,8,31,31,Ph8: Det 31 isolated pulse ON/OFF for 0.400s; Det 8 was completely OFF in ±5.0s window
8,isolated_pulse,1785730854.9,1785730855.3,0.39999985694885254,31,42,31,Ph8: Det 31 isolated pulse ON/OFF for 0.400s; Det 42 was completely OFF in ±5.0s window
8,isolated_pulse,1785730855.7,1785730857.0,1.2999999523162842,8,31,31,Ph8: Det 31 isolated pulse ON/OFF for 1.300s; Det 8 was completely OFF in ±5.0s window
8,isolated_pulse,1785730855.7,1785730857.0,1.2999999523162842,31,42,31,Ph8: Det 31 isolated pulse ON/OFF for 1.300s; Det 42 was completely OFF in ±5.0s window
8,isolated_pulse,1785730889.9,1785730890.7,0.7999999523162842,8,31,31,Ph8: Det 31 isolated pulse ON/OFF for 0.800s; Det 8 was completely OFF in ±5.0s window
8,isolated_pulse,1785730889.9,1785730890.7,0.7999999523162842,31,42,31,Ph8: Det 31 isolated pulse ON/OFF for 0.800s; Det 42 was completely OFF in ±5.0s window
8,isolated_pulse,1785731010.5,1785731010.7,0.20000004768371582,8,31,31,Ph8: Det 31 isolated pulse ON/OFF for 0.200s; Det 8 was completely OFF in ±5.0s window
8,isolated_pulse,1785731010.5,1785731010.7,0.20000004768371582,31,42,31,Ph8: Det 31 isolated pulse ON/OFF for 0.200s; Det 42 was completely OFF in ±5.0s window
8,isolated_pulse,1785731180.7,1785731181.4,0.7000000476837158,8,31,31,Ph8: Det 31 isolated pulse ON/OFF for 0.700s; Det 8 was completely OFF in ±5.0s window
8,isolated_pulse,1785731180.7,1785731181.4,0.7000000476837158,31,42,31,Ph8: Det 31 isolated pulse ON/OFF for 0.700s; Det 42 was completely OFF in ±5.0s window
8,isolated_pulse,1785731207.6,1785731207.9,0.3000001907348633,8,31,31,Ph8: Det 31 isolated pulse ON/OFF for 0.300s; Det 8 was completely OFF in ±5.0s window
8,isolated_pulse,1785731207.6,1785731207.9,0.3000001907348633,31,42,31,Ph8: Det 31 isolated pulse ON/OFF for 0.300s; Det 42 was completely OFF in ±5.0s window
8,isolated_pulse,1785731210.1,1785731210.9,0.8000001907348633,8,31,31,Ph8: Det 31 isolated pulse ON/OFF for 0.800s; Det 8 was completely OFF in ±5.0s window
8,isolated_pulse,1785731210.1,1785731210.9,0.8000001907348633,31,42,31,Ph8: Det 31 isolated pulse ON/OFF for 0.800s; Det 42 was completely OFF in ±5.0s window
8,isolated_pulse,1785731211.4,1785731211.8,0.39999985694885254,8,31,31,Ph8: Det 31 isolated pulse ON/OFF for 0.400s; Det 8 was completely OFF in ±5.0s window
8,isolated_pulse,1785731211.4,1785731211.8,0.39999985694885254,31,42,31,Ph8: Det 31 isolated pulse ON/OFF for 0.400s; Det 42 was completely OFF in ±5.0s window
8,isolated_pulse,1785731228.5,1785731228.9,0.40000009536743164,8,31,31,Ph8: Det 31 isolated pulse ON/OFF for 0.400s; Det 8 was completely OFF in ±5.0s window
8,isolated_pulse,1785731228.5,1785731228.9,0.40000009536743164,31,42,31,Ph8: Det 31 isolated pulse ON/OFF for 0.400s; Det 42 was completely OFF in ±5.0s window
8,isolated_pulse,1785731239.8,1785731240.1,0.2999999523162842,8,31,31,Ph8: Det 31 isolated pulse ON/OFF for 0.300s; Det 8 was completely OFF in ±5.0s window
8,isolated_pulse,1785731239.8,1785731240.1,0.2999999523162842,31,42,31,Ph8: Det 31 isolated pulse ON/OFF for 0.300s; Det 42 was completely OFF in ±5.0s window
8,isolated_pulse,1785731240.5,1785731240.9,0.40000009536743164,8,31,31,Ph8: Det 31 isolated pulse ON/OFF for 0.400s; Det 8 was completely OFF in ±5.0s window
8,isolated_pulse,1785731240.5,1785731240.9,0.40000009536743164,31,42,31,Ph8: Det 31 isolated pulse ON/OFF for 0.400s; Det 42 was completely OFF in ±5.0s window
8,isolated_pulse,1785731268.8,1785731273.7,4.900000095367432,8,42,42,Ph8: Det 42 isolated pulse ON/OFF for 4.900s; Det 8 was completely OFF in ±5.0s window
8,isolated_pulse,1785731268.8,1785731273.7,4.900000095367432,31,42,42,Ph8: Det 42 isolated pulse ON/OFF for 4.900s; Det 31 was completely OFF in ±5.0s window
8,isolated_pulse,1785731279.3,1785731279.7,0.40000009536743164,8,31,31,Ph8: Det 31 isolated pulse ON/OFF for 0.400s; Det 8 was completely OFF in ±5.0s window
8,isolated_pulse,1785731279.3,1785731279.7,0.40000009536743164,31,42,31,Ph8: Det 31 isolated pulse ON/OFF for 0.400s; Det 42 was completely OFF in ±5.0s window
8,isolated_pulse,1785731295.7,1785731296.3,0.5999999046325684,8,31,31,Ph8: Det 31 isolated pulse ON/OFF for 0.600s; Det 8 was completely OFF in ±5.0s window
8,isolated_pulse,1785731295.7,1785731296.3,0.5999999046325684,31,42,31,Ph8: Det 31 isolated pulse ON/OFF for 0.600s; Det 42 was completely OFF in ±5.0s window
8,isolated_pulse,1785731297.1,1785731297.4,0.3000001907348633,8,31,31,Ph8: Det 31 isolated pulse ON/OFF for 0.300s; Det 8 was completely OFF in ±5.0s window
8,isolated_pulse,1785731297.1,1785731297.4,0.3000001907348633,31,42,31,Ph8: Det 31 isolated pulse ON/OFF for 0.300s; Det 42 was completely OFF in ±5.0s window
8,isolated_pulse,1785731297.7,1785731298.3,0.5999999046325684,8,31,31,Ph8: Det 31 isolated pulse ON/OFF for 0.600s; Det 8 was completely OFF in ±5.0s window
8,isolated_pulse,1785731297.7,1785731298.3,0.5999999046325684,31,42,31,Ph8: Det 31 isolated pulse ON/OFF for 0.600s; Det 42 was completely OFF in ±5.0s window
8,isolated_pulse,1785731298.7,1785731299.4,0.7000000476837158,8,31,31,Ph8: Det 31 isolated pulse ON/OFF for 0.700s; Det 8 was completely OFF in ±5.0s window
8,isolated_pulse,1785731298.7,1785731299.4,0.7000000476837158,31,42,31,Ph8: Det 31 isolated pulse ON/OFF for 0.700s; Det 42 was completely OFF in ±5.0s window
8,isolated_pulse,1785731301.1,1785731301.4,0.3000001907348633,8,31,31,Ph8: Det 31 isolated pulse ON/OFF for 0.300s; Det 8 was completely OFF in ±5.0s window
8,isolated_pulse,1785731301.1,1785731301.4,0.3000001907348633,31,42,31,Ph8: Det 31 isolated pulse ON/OFF for 0.300s; Det 42 was completely OFF in ±5.0s window
8,isolated_pulse,1785731303.6,1785731304.8,1.2000000476837158,8,31,31,Ph8: Det 31 isolated pulse ON/OFF for 1.200s; Det 8 was completely OFF in ±5.0s window
8,isolated_pulse,1785731303.6,1785731304.8,1.2000000476837158,31,42,31,Ph8: Det 31 isolated pulse ON/OFF for 1.200s; Det 42 was completely OFF in ±5.0s window
8,isolated_pulse,1785731305.2,1785731305.9,0.7000000476837158,8,31,31,Ph8: Det 31 isolated pulse ON/OFF for 0.700s; Det 8 was completely OFF in ±5.0s window
8,isolated_pulse,1785731305.2,1785731305.9,0.7000000476837158,31,42,31,Ph8: Det 31 isolated pulse ON/OFF for 0.700s; Det 42 was completely OFF in ±5.0s window
8,isolated_pulse,1785731306.4,1785731306.8,0.39999985694885254,8,31,31,Ph8: Det 31 isolated pulse ON/OFF for 0.400s; Det 8 was completely OFF in ±5.0s window
8,isolated_pulse,1785731306.4,1785731306.8,0.39999985694885254,31,42,31,Ph8: Det 31 isolated pulse ON/OFF for 0.400s; Det 42 was completely OFF in ±5.0s window
8,isolated_pulse,1785731308.0,1785731308.8,0.7999999523162842,8,31,31,Ph8: Det 31 isolated pulse ON/OFF for 0.800s; Det 8 was completely OFF in ±5.0s window
8,isolated_pulse,1785731308.0,1785731308.8,0.7999999523162842,31,42,31,Ph8: Det 31 isolated pulse ON/OFF for 0.800s; Det 42 was completely OFF in ±5.0s window
8,isolated_pulse,1785731309.2,1785731310.0,0.7999999523162842,8,31,31,Ph8: Det 31 isolated pulse ON/OFF for 0.800s; Det 8 was completely OFF in ±5.0s window
8,isolated_pulse,1785731309.2,1785731310.0,0.7999999523162842,31,42,31,Ph8: Det 31 isolated pulse ON/OFF for 0.800s; Det 42 was completely OFF in ±5.0s window
8,isolated_pulse,1785731310.3,1785731311.0,0.7000000476837158,8,31,31,Ph8: Det 31 isolated pulse ON/OFF for 0.700s; Det 8 was completely OFF in ±5.0s window
8,isolated_pulse,1785731310.3,1785731311.0,0.7000000476837158,31,42,31,Ph8: Det 31 isolated pulse ON/OFF for 0.700s; Det 42 was completely OFF in ±5.0s window
8,isolated_pulse,1785731311.8,1785731313.3,1.5,8,31,31,Ph8: Det 31 isolated pulse ON/OFF for 1.500s; Det 8 was completely OFF in ±5.0s window
8,isolated_pulse,1785731311.8,1785731313.3,1.5,31,42,31,Ph8: Det 31 isolated pulse ON/OFF for 1.500s; Det 42 was completely OFF in ±5.0s window
8,isolated_pulse,1785731315.9,1785731316.6,0.6999998092651367,8,31,31,Ph8: Det 31 isolated pulse ON/OFF for 0.700s; Det 8 was completely OFF in ±5.0s window
8,isolated_pulse,1785731315.9,1785731316.6,0.6999998092651367,31,42,31,Ph8: Det 31 isolated pulse ON/OFF for 0.700s; Det 42 was completely OFF in ±5.0s window
8,isolated_pulse,1785731318.8,1785731319.6,0.7999999523162842,8,31,31,Ph8: Det 31 isolated pulse ON/OFF for 0.800s; Det 8 was completely OFF in ±5.0s window
8,isolated_pulse,1785731318.8,1785731319.6,0.7999999523162842,31,42,31,Ph8: Det 31 isolated pulse ON/OFF for 0.800s; Det 42 was completely OFF in ±5.0s window
8,isolated_pulse,1785731330.1,1785731330.5,0.40000009536743164,8,31,31,Ph8: Det 31 isolated pulse ON/OFF for 0.400s; Det 8 was completely OFF in ±5.0s window
8,isolated_pulse,1785731330.1,1785731330.5,0.40000009536743164,31,42,31,Ph8: Det 31 isolated pulse ON/OFF for 0.400s; Det 42 was completely OFF in ±5.0s window
8,isolated_pulse,1785731334.9,1785731335.5,0.5999999046325684,8,31,31,Ph8: Det 31 isolated pulse ON/OFF for 0.600s; Det 8 was completely OFF in ±5.0s window
8,extended_disagreement,1785731343.1,1785731348.5,5.400000095367432,8,31,8,Ph8: Det 8 ON / Det 31 OFF for 5.40s (threshold=5.0s)
8,isolated_pulse,1785731349.7,1785731350.2,0.5,31,42,31,Ph8: Det 31 isolated pulse ON/OFF for 0.500s; Det 42 was completely OFF in ±5.0s window
8,isolated_pulse,1785731351.1,1785731351.5,0.40000009536743164,8,31,31,Ph8: Det 31 isolated pulse ON/OFF for 0.400s; Det 8 was completely OFF in ±5.0s window
8,isolated_pulse,1785731351.1,1785731351.5,0.40000009536743164,31,42,31,Ph8: Det 31 isolated pulse ON/OFF for 0.400s; Det 42 was completely OFF in ±5.0s window
8,isolated_pulse,1785731353.9,1785731354.5,0.5999999046325684,8,31,31,Ph8: Det 31 isolated pulse ON/OFF for 0.600s; Det 8 was completely OFF in ±5.0s window
8,isolated_pulse,1785731353.9,1785731354.5,0.5999999046325684,31,42,31,Ph8: Det 31 isolated pulse ON/OFF for 0.600s; Det 42 was completely OFF in ±5.0s window
8,isolated_pulse,1785731355.1,1785731355.8,0.7000000476837158,8,31,31,Ph8: Det 31 isolated pulse ON/OFF for 0.700s; Det 8 was completely OFF in ±5.0s window
8,isolated_pulse,1785731355.1,1785731355.8,0.7000000476837158,31,42,31,Ph8: Det 31 isolated pulse ON/OFF for 0.700s; Det 42 was completely OFF in ±5.0s window
8,isolated_pulse,1785731358.5,1785731358.9,0.40000009536743164,8,31,31,Ph8: Det 31 isolated pulse ON/OFF for 0.400s; Det 8 was completely OFF in ±5.0s window
8,isolated_pulse,1785731358.5,1785731358.9,0.40000009536743164,31,42,31,Ph8: Det 31 isolated pulse ON/OFF for 0.400s; Det 42 was completely OFF in ±5.0s window
8,isolated_pulse,1785731359.2,1785731359.4,0.20000004768371582,8,31,31,Ph8: Det 31 isolated pulse ON/OFF for 0.200s; Det 8 was completely OFF in ±5.0s window
8,isolated_pulse,1785731359.2,1785731359.4,0.20000004768371582,31,42,31,Ph8: Det 31 isolated pulse ON/OFF for 0.200s; Det 42 was completely OFF in ±5.0s window
8,isolated_pulse,1785731366.5,1785731366.9,0.40000009536743164,8,31,31,Ph8: Det 31 isolated pulse ON/OFF for 0.400s; Det 8 was completely OFF in ±5.0s window
8,isolated_pulse,1785731366.5,1785731366.9,0.40000009536743164,31,42,31,Ph8: Det 31 isolated pulse ON/OFF for 0.400s; Det 42 was completely OFF in ±5.0s window
8,isolated_pulse,1785731371.2,1785731374.3,3.0999999046325684,8,31,31,Ph8: Det 31 isolated pulse ON/OFF for 3.100s; Det 8 was completely OFF in ±5.0s window
8,isolated_pulse,1785731371.2,1785731374.3,3.0999999046325684,31,42,31,Ph8: Det 31 isolated pulse ON/OFF for 3.100s; Det 42 was completely OFF in ±5.0s window
8,isolated_pulse,1785731396.4,1785731399.1,2.6999998092651367,8,31,31,Ph8: Det 31 isolated pulse ON/OFF for 2.700s; Det 8 was completely OFF in ±5.0s window
8,isolated_pulse,1785731396.4,1785731399.1,2.6999998092651367,31,42,31,Ph8: Det 31 isolated pulse ON/OFF for 2.700s; Det 42 was completely OFF in ±5.0s window
